sample_id,frame,node,file_rescue_ratio,object_decision_score,object_boundary_flip,tool_top1,no_tool_top1
apps_python_1,write,L2H14,-0.04975124378109453,-0.406524658203125,False,True,False
apps_python_1,write,MLP11,-0.4527363184079602,-0.547119140625,False,False,True
apps_python_1,develop,L2H14,-0.025157232704402517,-0.631683349609375,False,False,True
apps_python_1,develop,MLP11,0.18238993710691823,-0.49798583984375,False,False,True
codecontests_cpp_1,write,L2H14,0.475,-0.0966796875,False,True,False
codecontests_cpp_1,write,MLP11,-3.418181818181818,-0.703125,False,False,True
codecontests_cpp_1,develop,L2H14,-0.2727272727272727,-0.0332489013671875,False,False,True
codecontests_cpp_1,develop,MLP11,0.047619047619047616,-0.017333984375,False,False,True
codecontests_java_1,write,L2H14,-0.22085889570552147,-0.011962890625,False,False,True
codecontests_java_1,write,MLP11,0.03680981595092025,0.022216796875,True,False,True
codecontests_java_1,develop,L2H14,0.0,-0.17598724365234375,False,False,False
codecontests_java_1,develop,MLP11,0.9113128491620112,0.1846923828125,True,False,True
mbpp_python_1,write,L2H14,-0.19282511210762332,-0.12950706481933594,False,True,False
mbpp_python_1,write,MLP11,0.6614349775784754,-0.0169677734375,False,True,False
mbpp_python_1,develop,L2H14,0.25327510917030566,-0.016632080078125,False,False,True
mbpp_python_1,develop,MLP11,0.20087336244541484,-0.000732421875,False,False,True
codecontests_java_2,write,L2H14,0.012658227848101266,-1.2188444137573242,False,True,False
codecontests_java_2,write,MLP11,0.20569620253164558,-0.96990966796875,False,True,False
codecontests_java_2,develop,L2H14,-0.03980099502487562,-0.0993499755859375,False,False,True
codecontests_java_2,develop,MLP11,0.5099502487562189,0.012939453125,True,False,True
codecontests_cpp_3,write,L2H14,0.0546875,-3.7793655395507812,False,False,True
codecontests_cpp_3,write,MLP11,-0.1015625,-4.388427734375,False,False,True
codecontests_cpp_3,develop,L2H14,0.06222222222222222,-0.04925537109375,False,False,True
codecontests_cpp_3,develop,MLP11,-1.56,-0.06298828125,False,False,True
codecontests_java_3,write,L2H14,-0.49282296650717705,-0.144287109375,False,False,True
codecontests_java_3,write,MLP11,0.4665071770334928,0.029541015625,True,False,True
codecontests_java_3,develop,L2H14,0.22697368421052633,-0.028064727783203125,False,False,True
codecontests_java_3,develop,MLP11,-2.526315789473684,-0.05419921875,False,False,True
apps_python_4,write,L2H14,0.1413793103448276,-0.48529052734375,False,True,False
apps_python_4,write,MLP11,-1.1517241379310346,-1.0029296875,False,False,False
apps_python_4,develop,L2H14,-0.11764705882352941,-0.1138916015625,False,False,True
apps_python_4,develop,MLP11,-1.1266968325791855,-0.191650390625,False,False,True
codecontests_cpp_4,write,L2H14,0.08796296296296297,-1.5371246337890625,False,False,True
codecontests_cpp_4,write,MLP11,-0.09722222222222222,-1.76953125,False,False,True
codecontests_cpp_4,develop,L2H14,-0.019736842105263157,-0.070709228515625,False,False,True
codecontests_cpp_4,develop,MLP11,-1.4736842105263157,-0.1337890625,False,False,True
codecontests_java_4,write,L2H14,0.2857142857142857,-0.23223876953125,False,False,True
codecontests_java_4,write,MLP11,-0.37142857142857144,-0.4417724609375,False,False,True
codecontests_java_4,develop,L2H14,0.08571428571428572,-0.024322509765625,False,False,True
codecontests_java_4,develop,MLP11,0.3551020408163265,0.016357421875,True,False,True
mbpp_python_4,write,L2H14,0.11920529801324503,-1.033935546875,False,True,False
mbpp_python_4,write,MLP11,0.5778145695364238,-0.390625,False,True,False
mbpp_python_4,develop,L2H14,0.3168604651162791,-0.049774169921875,False,False,True
mbpp_python_4,develop,MLP11,-0.2558139534883721,-0.09722900390625,False,False,True
apps_python_5,write,L2H14,0.06451612903225806,-0.011257171630859375,False,False,True
apps_python_5,write,MLP11,-8.548387096774194,0.0634765625,True,False,True
apps_python_5,develop,L2H14,-0.5606936416184971,-0.014984130859375,False,False,True
apps_python_5,develop,MLP11,-0.11560693641618497,0.0006103515625,True,False,True
codecontests_cpp_5,write,L2H14,-0.20359281437125748,-1.5576171875,False,False,True
codecontests_cpp_5,write,MLP11,-1.1916167664670658,-2.6796875,False,False,True
codecontests_cpp_5,develop,L2H14,0.32450331125827814,-0.044097900390625,False,False,True
codecontests_cpp_5,develop,MLP11,-0.2781456953642384,-0.09255218505859375,False,False,True
codecontests_java_5,write,L2H14,0.14150943396226415,-1.41583251953125,False,True,False
codecontests_java_5,write,MLP11,0.7216981132075472,-0.201171875,False,True,False
codecontests_java_5,develop,L2H14,0.09826589595375723,-0.07542800903320312,False,False,True
codecontests_java_5,develop,MLP11,0.3988439306358382,0.03466796875,True,False,True
codecontests_cpp_6,write,L2H14,-1.5384615384615385,-0.03277587890625,False,True,False
codecontests_cpp_6,write,MLP11,-4.938461538461539,-0.05419921875,False,True,False
codecontests_cpp_6,develop,L2H14,0.1598639455782313,-0.029544830322265625,False,False,True
codecontests_cpp_6,develop,MLP11,-1.5714285714285714,-0.07830810546875,False,False,True
codecontests_java_6,write,L2H14,0.4880239520958084,-0.1201171875,False,False,True
codecontests_java_6,write,MLP11,0.023952095808383235,-0.25439453125,False,False,True
codecontests_java_6,develop,L2H14,0.013157894736842105,-0.0539398193359375,False,False,True
codecontests_java_6,develop,MLP11,0.017543859649122806,0.0625,True,False,True
codecontests_java_7,write,L2H14,-0.10810810810810811,-0.1595916748046875,False,True,False
codecontests_java_7,write,MLP11,0.7702702702702703,-0.0108642578125,False,True,False
codecontests_java_7,develop,L2H14,0.18435754189944134,-0.136474609375,False,False,True
codecontests_java_7,develop,MLP11,0.7891061452513967,0.326416015625,True,False,True
apps_python_8,write,L2H14,0.20774647887323944,-0.8636474609375,False,False,True
apps_python_8,write,MLP11,0.31690140845070425,-0.71630859375,False,False,True
apps_python_8,develop,L2H14,-0.135,-0.21832275390625,False,False,True
apps_python_8,develop,MLP11,0.0,-0.149169921875,False,False,True
apps_python_9,write,L2H14,0.08571428571428572,-0.15604686737060547,False,True,False
apps_python_9,write,MLP11,0.16,-0.14308738708496094,False,True,False
apps_python_9,develop,L2H14,0.5930851063829787,-0.01953125,False,False,True
apps_python_9,develop,MLP11,-1.148936170212766,-0.175048828125,False,True,False
codecontests_cpp_9,write,L2H14,0.14344262295081966,-0.40643310546875,False,True,False
codecontests_cpp_9,write,MLP11,-0.2540983606557377,-0.555419921875,False,True,False
codecontests_cpp_9,develop,L2H14,-0.14583333333333334,-0.160125732421875,False,False,True
codecontests_cpp_9,develop,MLP11,0.11458333333333333,-0.11138916015625,False,False,True
codecontests_java_9,write,L2H14,0.373015873015873,-0.135009765625,False,False,False
codecontests_java_9,write,MLP11,-1.3650793650793651,-0.53125,False,False,True
codecontests_java_9,develop,L2H14,0.4110429447852761,-0.01531982421875,False,False,True
codecontests_java_9,develop,MLP11,-1.2331288343558282,-0.08123779296875,False,False,True
apps_python_10,write,L2H14,-0.36492890995260663,-0.06954193115234375,False,True,False
apps_python_10,write,MLP11,-3.322274881516588,-0.14892578125,False,True,False
apps_python_10,develop,L2H14,-0.7424242424242424,-0.2177734375,False,False,True
apps_python_10,develop,MLP11,-0.16666666666666666,-0.13232421875,False,False,True
codecontests_cpp_11,write,L2H14,-4.125541125541125,-0.00701904296875,False,True,False
codecontests_cpp_11,write,MLP11,-10.151515151515152,-0.01318359375,False,True,False
codecontests_cpp_11,develop,L2H14,0.363905325443787,-0.04193115234375,False,False,True
codecontests_cpp_11,develop,MLP11,-0.8816568047337278,-0.14697265625,False,False,True
codecontests_java_11,write,L2H14,-0.06486486486486487,-0.768524169921875,False,True,False
codecontests_java_11,write,MLP11,0.8040540540540541,0.2939453125,True,False,True
codecontests_java_11,develop,L2H14,-0.3804347826086957,-0.057403564453125,False,False,True
codecontests_java_11,develop,MLP11,-2.391304347826087,-0.087890625,False,False,True
humaneval_python_11,write,L2H14,-0.3805970149253731,-0.08697509765625,False,True,False
humaneval_python_11,write,MLP11,0.1455223880597015,-0.0333251953125,False,True,False
humaneval_python_11,develop,L2H14,-0.11210762331838565,-0.0569000244140625,False,False,True
humaneval_python_11,develop,MLP11,-1.1345291479820627,-0.07958984375,False,False,True
mbpp_python_11,write,L2H14,0.0048543689320388345,-0.20017623901367188,False,True,False
mbpp_python_11,write,MLP11,0.5145631067961165,-0.054443359375,False,True,False
mbpp_python_11,develop,L2H14,-0.006666666666666667,-0.0154876708984375,False,False,True
mbpp_python_11,develop,MLP11,-2.973333333333333,-0.00634765625,False,False,True
codecontests_cpp_12,write,L2H14,-0.7105263157894737,-0.712646484375,False,False,True
codecontests_cpp_12,write,MLP11,-0.6666666666666666,-0.68701171875,False,False,True
codecontests_cpp_12,develop,L2H14,0.21804511278195488,-0.2018890380859375,False,False,True
codecontests_cpp_12,develop,MLP11,-0.06015037593984962,-0.26019287109375,False,False,True
codecontests_java_12,write,L2H14,-0.125,-0.08170318603515625,False,False,True
codecontests_java_12,write,MLP11,-0.6513157894736842,-0.1064453125,False,False,True
codecontests_java_12,develop,L2H14,0.06629834254143646,-0.0792083740234375,False,False,True
codecontests_java_12,develop,MLP11,-0.1712707182320442,-0.048583984375,False,False,True
apps_python_13,write,L2H14,-0.012145748987854251,-0.061005592346191406,False,True,False
apps_python_13,write,MLP11,-3.5991902834008096,-0.171875,False,True,False
apps_python_13,develop,L2H14,-0.27346938775510204,-0.60467529296875,False,False,True
apps_python_13,develop,MLP11,-0.19183673469387755,-0.5501708984375,False,False,True
codecontests_java_13,write,L2H14,-0.2919254658385093,-1.607177734375,False,True,False
codecontests_java_13,write,MLP11,-0.037267080745341616,-1.3006591796875,False,True,False
codecontests_java_13,develop,L2H14,0.14285714285714285,-0.0383758544921875,False,False,True
codecontests_java_13,develop,MLP11,0.6505102040816326,0.0047607421875,True,False,True
apps_python_14,write,L2H14,-0.14798206278026907,-0.4949951171875,False,False,True
apps_python_14,write,MLP11,-0.5874439461883408,-0.659912109375,False,False,True
apps_python_14,develop,L2H14,0.2,0.000274658203125,True,False,True
apps_python_14,develop,MLP11,-2.74,-0.010498046875,False,False,True
codecontests_cpp_14,write,L2H14,0.33116883116883117,-0.007781982421875,False,True,False
codecontests_cpp_14,write,MLP11,-2.220779220779221,0.01416015625,True,True,False
codecontests_cpp_14,develop,L2H14,0.3048780487804878,-0.0377197265625,False,False,False
codecontests_cpp_14,develop,MLP11,0.40853658536585363,0.11376953125,True,False,False
codecontests_java_14,write,L2H14,0.7512562814070352,0.01220703125,True,True,False
codecontests_java_14,write,MLP11,-0.48743718592964824,-0.546875,False,True,False
codecontests_java_14,develop,L2H14,0.38257575757575757,-0.0330810546875,False,False,True
codecontests_java_14,develop,MLP11,0.5037878787878788,-0.0020751953125,False,False,True
codecontests_cpp_15,write,L2H14,-0.1875,-0.81158447265625,False,False,True
codecontests_cpp_15,write,MLP11,0.375,-0.3896484375,False,False,True
codecontests_cpp_15,develop,L2H14,0.18652849740932642,-0.07580947875976562,False,False,True
codecontests_cpp_15,develop,MLP11,-0.844559585492228,-0.145263671875,False,False,True
codecontests_java_15,write,L2H14,-0.05521472392638037,-0.32879638671875,False,False,True
codecontests_java_15,write,MLP11,-0.43558282208588955,-0.4381103515625,False,False,True
codecontests_java_15,develop,L2H14,0.18478260869565216,-0.02809906005859375,False,False,True
codecontests_java_15,develop,MLP11,0.07246376811594203,0.0556640625,True,False,True
apps_python_16,write,L2H14,-0.15819209039548024,-1.588623046875,False,False,False
apps_python_16,write,MLP11,-0.2655367231638418,-1.71142578125,False,False,False
apps_python_16,develop,L2H14,-0.4094488188976378,-0.33428955078125,False,False,True
apps_python_16,develop,MLP11,-1.8976377952755905,-0.484375,False,False,False
codecontests_cpp_16,write,L2H14,-0.38636363636363635,-0.70037841796875,False,False,True
codecontests_cpp_16,write,MLP11,-0.3787878787878788,-0.6953125,False,False,True
codecontests_cpp_16,develop,L2H14,0.0,-0.03794097900390625,False,False,True
codecontests_cpp_16,develop,MLP11,-0.75,-0.062164306640625,False,False,True
codecontests_java_16,write,L2H14,0.36330935251798563,-0.16455078125,False,False,True
codecontests_java_16,write,MLP11,-0.41007194244604317,-0.345947265625,False,False,True
codecontests_java_16,develop,L2H14,0.08208955223880597,-0.028045654296875,False,False,True
codecontests_java_16,develop,MLP11,0.7350746268656716,0.0272216796875,True,False,True
apps_python_17,write,L2H14,-0.5290322580645161,-0.437255859375,False,True,False
apps_python_17,write,MLP11,0.2645161290322581,-0.1966552734375,False,True,False
apps_python_17,develop,L2H14,0.09142857142857143,-0.6181488037109375,False,False,True
apps_python_17,develop,MLP11,0.3657142857142857,-0.3544921875,False,False,True
codecontests_cpp_17,write,L2H14,-0.04838709677419355,-3.046419143676758,False,False,True
codecontests_cpp_17,write,MLP11,0.12365591397849462,-2.44189453125,False,False,True
codecontests_cpp_17,develop,L2H14,0.48265895953757226,-0.005035400390625,False,False,True
codecontests_cpp_17,develop,MLP11,-0.8265895953757225,0.0439453125,True,False,True
codecontests_java_17,write,L2H14,0.17467248908296942,-0.01318359375,False,False,True
codecontests_java_17,write,MLP11,0.314410480349345,0.0289306640625,True,False,True
codecontests_java_17,develop,L2H14,-0.2426470588235294,-0.08077239990234375,False,False,True
codecontests_java_17,develop,MLP11,0.8869485294117647,0.05108642578125,True,False,True
mbpp_python_17,write,L2H14,0.23255813953488372,-1.5230712890625,False,False,False
mbpp_python_17,write,MLP11,0.2713178294573643,-1.171875,False,False,False
mbpp_python_17,develop,L2H14,-0.0045045045045045045,-0.8701095581054688,False,False,False
mbpp_python_17,develop,MLP11,-0.14864864864864866,-0.98370361328125,False,False,False
codecontests_cpp_18,write,L2H14,-0.9338842975206612,-0.050567626953125,False,True,False
codecontests_cpp_18,write,MLP11,0.3512396694214876,-0.015655517578125,False,True,False
codecontests_cpp_18,develop,L2H14,0.1952662721893491,-0.0298919677734375,False,False,True
codecontests_cpp_18,develop,MLP11,-1.532544378698225,-0.067626953125,False,False,True
codecontests_java_18,write,L2H14,0.21428571428571427,-0.14942169189453125,False,True,False
codecontests_java_18,write,MLP11,0.1989795918367347,-0.15240097045898438,False,True,False
codecontests_java_18,develop,L2H14,-0.07239819004524888,-0.460235595703125,False,False,True
codecontests_java_18,develop,MLP11,0.6606334841628959,0.0732421875,True,False,True
humaneval_python_18,write,L2H14,-0.5748031496062992,-0.04694366455078125,False,True,False
humaneval_python_18,write,MLP11,0.20078740157480315,-0.0238800048828125,False,True,False
humaneval_python_18,develop,L2H14,0.21951219512195122,-0.0901947021484375,False,True,False
humaneval_python_18,develop,MLP11,0.6097560975609756,-0.0283203125,False,False,True
codecontests_java_19,write,L2H14,0.0425531914893617,-1.7572593688964844,False,True,False
codecontests_java_19,write,MLP11,0.3191489361702128,-1.213623046875,False,True,False
codecontests_java_19,develop,L2H14,0.07661290322580645,-0.11031341552734375,False,False,True
codecontests_java_19,develop,MLP11,-0.8548387096774194,-0.1259765625,False,False,True
apps_python_20,write,L2H14,-0.28225806451612906,-0.5914306640625,False,True,False
apps_python_20,write,MLP11,-1.5806451612903225,-0.89453125,False,False,False
apps_python_20,develop,L2H14,-0.14204545454545456,-0.18121337890625,False,False,True
apps_python_20,develop,MLP11,-1.5,-0.3115234375,False,False,True
codecontests_cpp_20,write,L2H14,0.24166666666666667,-1.402099609375,False,False,True
codecontests_cpp_20,write,MLP11,-0.20833333333333334,-2.247802734375,False,False,True
codecontests_cpp_20,develop,L2H14,-0.0949367088607595,-0.161407470703125,False,False,True
codecontests_cpp_20,develop,MLP11,-0.6582278481012658,-0.22021484375,False,False,True
codecontests_java_20,write,L2H14,0.3821428571428571,-0.305419921875,False,False,True
codecontests_java_20,write,MLP11,0.7160714285714286,0.044921875,True,False,True
codecontests_java_20,develop,L2H14,-0.21052631578947367,-0.11126708984375,False,False,True
codecontests_java_20,develop,MLP11,0.28421052631578947,-0.0357666015625,False,False,True
humaneval_python_21,write,L2H14,0.6543778801843319,-0.00445556640625,False,True,False
humaneval_python_21,write,MLP11,0.20276497695852536,-0.020587921142578125,False,True,False
humaneval_python_21,develop,L2H14,-0.12365591397849462,-0.403350830078125,False,True,False
humaneval_python_21,develop,MLP11,0.1774193548387097,-0.291473388671875,False,True,False
apps_python_22,write,L2H14,-0.049107142857142856,-0.050445556640625,False,True,False
apps_python_22,write,MLP11,-1.0982142857142858,-0.03857421875,False,False,True
apps_python_22,develop,L2H14,0.2947019867549669,-0.09503173828125,False,False,True
apps_python_22,develop,MLP11,0.5562913907284768,-0.027587890625,False,False,True
codecontests_cpp_22,write,L2H14,0.8428571428571429,0.00860595703125,True,True,False
codecontests_cpp_22,write,MLP11,0.6946428571428571,-0.0002288818359375,False,True,False
codecontests_cpp_22,develop,L2H14,-0.2545454545454545,-0.024078369140625,False,False,True
codecontests_cpp_22,develop,MLP11,-0.09696969696969697,-0.004150390625,False,False,True
codecontests_java_22,write,L2H14,0.3259493670886076,-0.816162109375,False,True,False
codecontests_java_22,write,MLP11,0.4272151898734177,-0.674072265625,False,True,False
codecontests_java_22,develop,L2H14,-0.0759493670886076,-0.0832977294921875,False,False,True
codecontests_java_22,develop,MLP11,0.8639240506329114,0.066162109375,True,False,True
apps_python_23,write,L2H14,0.21022727272727273,-0.016871929168701172,False,True,False
apps_python_23,write,MLP11,-0.056818181818181816,-0.0201263427734375,False,True,False
apps_python_23,develop,L2H14,0.45517241379310347,-0.035400390625,False,False,True
apps_python_23,develop,MLP11,0.5948275862068966,0.0225830078125,True,False,True
codecontests_cpp_23,write,L2H14,0.4291044776119403,-0.54443359375,False,False,True
codecontests_cpp_23,write,MLP11,0.43656716417910446,-0.5322265625,False,False,True
codecontests_cpp_23,develop,L2H14,0.33170731707317075,-0.010345458984375,False,False,True
codecontests_cpp_23,develop,MLP11,-0.4146341463414634,-0.03389739990234375,False,False,True
codecontests_java_23,write,L2H14,0.1111111111111111,-0.4681129455566406,False,True,False
codecontests_java_23,write,MLP11,-0.16296296296296298,-0.603759765625,False,True,False
codecontests_java_23,develop,L2H14,0.23931623931623933,-0.0084228515625,False,False,True
codecontests_java_23,develop,MLP11,-0.5641025641025641,0.0316162109375,True,False,True
codecontests_cpp_24,write,L2H14,-0.14814814814814814,-0.42205810546875,False,False,True
codecontests_cpp_24,write,MLP11,-1.6455026455026456,-0.87255859375,False,False,True
codecontests_cpp_24,develop,L2H14,-0.024390243902439025,-0.00968170166015625,False,False,True
codecontests_cpp_24,develop,MLP11,-0.17073170731707318,-0.0093841552734375,False,False,True
codecontests_java_24,write,L2H14,0.3786008230452675,-0.2672119140625,False,False,True
codecontests_java_24,write,MLP11,0.20164609053497942,-0.36541748046875,False,False,True
codecontests_java_24,develop,L2H14,0.1382488479262673,-0.08995819091796875,False,False,True
codecontests_java_24,develop,MLP11,0.7407834101382489,0.0482177734375,True,False,True
apps_python_25,write,L2H14,-0.1225296442687747,-2.21533203125,False,False,False
apps_python_25,write,MLP11,-0.233201581027668,-2.267578125,False,False,False
apps_python_25,develop,L2H14,-0.05732484076433121,-0.6397705078125,False,False,False
apps_python_25,develop,MLP11,-0.5732484076433121,-0.915771484375,False,False,False
codecontests_java_25,write,L2H14,0.007407407407407408,-0.2614889144897461,False,True,False
codecontests_java_25,write,MLP11,0.6129629629629629,-0.08056640625,False,True,False
codecontests_java_25,develop,L2H14,0.10784313725490197,-0.037506103515625,False,False,True
codecontests_java_25,develop,MLP11,0.45588235294117646,0.049560546875,True,False,True
codecontests_cpp_26,write,L2H14,-0.17543859649122806,-1.56390380859375,False,False,True
codecontests_cpp_26,write,MLP11,-0.6374269005847953,-2.115234375,False,False,True
codecontests_cpp_26,develop,L2H14,0.4548872180451128,-0.02789306640625,False,False,True
codecontests_cpp_26,develop,MLP11,-0.41353383458646614,-0.08599853515625,False,False,True
codecontests_java_26,write,L2H14,-0.15606936416184972,-0.7744140625,False,True,False
codecontests_java_26,write,MLP11,0.20809248554913296,-0.46484375,False,True,False
codecontests_java_26,develop,L2H14,-0.08296943231441048,-0.057525634765625,False,False,True
codecontests_java_26,develop,MLP11,-2.7729257641921397,-0.109375,False,False,True
humaneval_python_26,write,L2H14,-0.24686192468619247,-0.2138671875,False,True,False
humaneval_python_26,write,MLP11,-0.1799163179916318,-0.0771484375,False,True,False
humaneval_python_26,develop,L2H14,-0.2,-0.35858154296875,False,False,True
humaneval_python_26,develop,MLP11,-1.103225806451613,-0.505859375,False,False,False
codecontests_cpp_27,write,L2H14,-5.47887323943662,-0.031005859375,False,True,False
codecontests_cpp_27,write,MLP11,-4.042253521126761,-0.02685546875,False,True,False
codecontests_cpp_27,develop,L2H14,0.004694835680751174,-0.4117431640625,False,False,True
codecontests_cpp_27,develop,MLP11,-0.018779342723004695,-0.4019775390625,False,False,True
codecontests_java_27,write,L2H14,0.0,-0.4080495834350586,False,True,False
codecontests_java_27,write,MLP11,-0.028708133971291867,-0.41314697265625,False,True,False
codecontests_java_27,develop,L2H14,0.27941176470588236,-0.043731689453125,False,False,True
codecontests_java_27,develop,MLP11,0.4852941176470588,0.033203125,True,False,True
codecontests_cpp_28,write,L2H14,-0.2,-0.67193603515625,False,False,True
codecontests_cpp_28,write,MLP11,0.4068965517241379,-0.284423828125,False,True,False
codecontests_cpp_28,develop,L2H14,-0.010309278350515464,-0.3815765380859375,False,False,True
codecontests_cpp_28,develop,MLP11,-0.26804123711340205,-0.4697265625,False,False,True
codecontests_java_28,write,L2H14,0.20535714285714285,-0.0846099853515625,False,True,False
codecontests_java_28,write,MLP11,-0.6607142857142857,-0.16741943359375,False,True,False
codecontests_java_28,develop,L2H14,0.06060606060606061,-0.073333740234375,False,False,True
codecontests_java_28,develop,MLP11,0.6681818181818182,0.1295166015625,True,False,True
apps_python_29,write,L2H14,-6.265700483091788,-0.04248046875,False,True,False
apps_python_29,write,MLP11,-0.5748792270531401,-0.01815032958984375,False,True,False
apps_python_29,develop,L2H14,0.43283582089552236,-0.5689697265625,False,False,True
apps_python_29,develop,MLP11,0.31343283582089554,-0.6961669921875,False,False,True
codecontests_cpp_29,write,L2H14,0.14917127071823205,-0.03701019287109375,False,True,False
codecontests_cpp_29,write,MLP11,-3.751381215469613,-0.12890625,False,True,False
codecontests_cpp_29,develop,L2H14,-0.03375527426160337,-0.1159210205078125,False,False,True
codecontests_cpp_29,develop,MLP11,-0.510548523206751,-0.13525390625,False,False,True
codecontests_java_29,write,L2H14,-0.6423357664233577,-0.07177734375,False,False,True
codecontests_java_29,write,MLP11,-1.6131386861313868,-0.02734375,False,False,True
codecontests_java_29,develop,L2H14,0.43478260869565216,-0.0165557861328125,False,False,True
codecontests_java_29,develop,MLP11,-0.13043478260869565,0.044921875,True,False,True
apps_python_30,write,L2H14,-0.265,-0.116455078125,False,True,False
apps_python_30,write,MLP11,-1.62,-0.16748046875,False,True,False
apps_python_30,develop,L2H14,0.13524590163934427,-0.407623291015625,False,False,False
apps_python_30,develop,MLP11,-0.6885245901639344,-0.6455078125,False,False,False
codecontests_cpp_30,write,L2H14,-0.2222222222222222,-0.02099609375,False,True,False
codecontests_cpp_30,write,MLP11,-0.06280193236714976,-0.04595947265625,False,True,False
codecontests_cpp_30,develop,L2H14,-0.45555555555555555,-0.0619659423828125,False,False,True
codecontests_cpp_30,develop,MLP11,-0.12222222222222222,-0.0438232421875,False,False,True
codecontests_java_30,write,L2H14,0.05309734513274336,-0.8358116149902344,False,True,False
codecontests_java_30,write,MLP11,-0.07964601769911504,-0.9517364501953125,False,True,False
codecontests_java_30,develop,L2H14,0.1232876712328767,-0.1221160888671875,False,False,True
codecontests_java_30,develop,MLP11,0.4931506849315068,0.0205078125,True,False,True
codecontests_cpp_32,write,L2H14,0.1213235294117647,-1.861328125,False,False,True
codecontests_cpp_32,write,MLP11,0.6525735294117647,-0.5869140625,False,False,True
codecontests_cpp_32,develop,L2H14,-0.013888888888888888,-0.008392333984375,False,False,True
codecontests_cpp_32,develop,MLP11,-3.4444444444444446,-0.005126953125,False,False,True
codecontests_java_32,write,L2H14,-0.29239766081871343,-0.209747314453125,False,False,True
codecontests_java_32,write,MLP11,0.22807017543859648,-0.08349609375,False,False,True
codecontests_java_32,develop,L2H14,-0.07017543859649122,-0.0208587646484375,False,False,True
codecontests_java_32,develop,MLP11,-0.21637426900584794,0.021240234375,True,False,True
mbpp_python_32,write,L2H14,-0.7280701754385965,-0.344482421875,False,False,True
mbpp_python_32,write,MLP11,-0.7982456140350878,-0.31005859375,False,False,True
mbpp_python_32,develop,L2H14,-0.5422535211267606,-0.099395751953125,False,False,True
mbpp_python_32,develop,MLP11,0.5845070422535211,-0.0152587890625,False,False,True
codecontests_cpp_33,write,L2H14,-0.8865248226950354,-1.01123046875,False,False,True
codecontests_cpp_33,write,MLP11,-0.19148936170212766,-0.610595703125,False,False,True
codecontests_cpp_33,develop,L2H14,0.21359223300970873,-0.019586563110351562,False,False,True
codecontests_cpp_33,develop,MLP11,-0.10194174757281553,0.001953125,True,False,True
codecontests_java_33,write,L2H14,-0.21875,-0.602142333984375,False,False,True
codecontests_java_33,write,MLP11,0.8349609375,0.31396484375,True,False,True
codecontests_java_33,develop,L2H14,0.14285714285714285,-0.058685302734375,False,False,True
codecontests_java_33,develop,MLP11,0.4931972789115646,-0.02410888671875,False,False,True
humaneval_python_33,write,L2H14,-0.16923076923076924,-0.2934112548828125,False,False,True
humaneval_python_33,write,MLP11,-0.45384615384615384,-0.29150390625,False,False,True
humaneval_python_33,develop,L2H14,0.24369747899159663,-0.00921630859375,False,False,True
humaneval_python_33,develop,MLP11,-0.5210084033613446,-0.017547607421875,False,False,True
apps_python_34,write,L2H14,-0.06622516556291391,-0.1539306640625,False,True,False
apps_python_34,write,MLP11,0.11920529801324503,-0.126312255859375,False,True,False
apps_python_34,develop,L2H14,0.0979020979020979,-0.4942626953125,False,False,True
apps_python_34,develop,MLP11,0.2902097902097902,-0.38507080078125,False,False,True
apps_python_35,write,L2H14,-0.18181818181818182,-0.374420166015625,False,False,True
apps_python_35,write,MLP11,-1.3272727272727274,-0.67724609375,False,False,True
apps_python_35,develop,L2H14,-0.44666666666666666,-0.1034393310546875,False,False,True
apps_python_35,develop,MLP11,0.25,-0.04473876953125,False,False,True
codecontests_cpp_35,write,L2H14,0.268,-0.33837890625,False,True,False
codecontests_cpp_35,write,MLP11,-1.112,-0.9248046875,False,False,True
codecontests_cpp_35,develop,L2H14,-0.05952380952380952,-0.3479900360107422,False,False,True
codecontests_cpp_35,develop,MLP11,-0.5952380952380952,-0.4964599609375,False,False,True
codecontests_java_35,write,L2H14,-0.04888888888888889,-0.9204177856445312,False,True,False
codecontests_java_35,write,MLP11,0.3022222222222222,-0.586669921875,False,True,False
codecontests_java_35,develop,L2H14,-0.38571428571428573,-0.093963623046875,False,False,True
codecontests_java_35,develop,MLP11,-1.3285714285714285,-0.11962890625,False,False,True
mbpp_python_35,write,L2H14,-0.4476744186046512,-0.4736328125,False,True,False
mbpp_python_35,write,MLP11,0.2616279069767442,-0.23736572265625,False,True,False
mbpp_python_35,develop,L2H14,0.39690721649484534,-0.043212890625,False,False,True
mbpp_python_35,develop,MLP11,0.25773195876288657,-0.034912109375,False,False,True
apps_python_36,write,L2H14,0.15467625899280577,-0.11083984375,False,True,False
apps_python_36,write,MLP11,-6.482014388489208,-0.4453125,False,False,False
apps_python_36,develop,L2H14,0.14772727272727273,-0.289398193359375,False,True,False
apps_python_36,develop,MLP11,-0.19886363636363635,-0.3927001953125,False,True,False
codecontests_java_36,write,L2H14,-0.005494505494505495,-1.4296112060546875,False,True,False
codecontests_java_36,write,MLP11,0.23626373626373626,-1.0814208984375,False,True,False
codecontests_java_36,develop,L2H14,0.006622516556291391,-0.5862445831298828,False,False,True
codecontests_java_36,develop,MLP11,0.831953642384106,0.56103515625,True,False,True
mbpp_python_36,write,L2H14,0.03409090909090909,-0.012725830078125,False,True,False
mbpp_python_36,write,MLP11,-1.7424242424242424,-0.007080078125,False,True,False
mbpp_python_36,develop,L2H14,0.03977272727272727,-0.012451171875,False,False,True
mbpp_python_36,develop,MLP11,-0.5454545454545454,-0.026702880859375,False,False,True
apps_python_37,write,L2H14,-0.05240174672489083,-0.11708450317382812,False,True,False
apps_python_37,write,MLP11,0.008733624454148471,-0.1085968017578125,False,True,False
apps_python_37,develop,L2H14,-0.11797752808988764,-0.381622314453125,False,False,True
apps_python_37,develop,MLP11,0.6432584269662921,-0.05322265625,False,False,True
codecontests_java_37,write,L2H14,-0.053763440860215055,-0.1717529296875,False,False,True
codecontests_java_37,write,MLP11,-0.41935483870967744,-0.22998046875,False,False,True
codecontests_java_37,develop,L2H14,-0.09090909090909091,-0.24770355224609375,False,False,True
codecontests_java_37,develop,MLP11,0.025974025974025976,-0.2098388671875,False,False,True
codecontests_java_38,write,L2H14,0.3345070422535211,-0.3494873046875,False,True,False
codecontests_java_38,write,MLP11,0.45422535211267606,-0.23828125,False,True,False
codecontests_java_38,develop,L2H14,0.16374269005847952,-0.12994384765625,False,False,True
codecontests_java_38,develop,MLP11,0.49707602339181284,-0.0166015625,False,False,True
codecontests_cpp_39,write,L2H14,-1.096774193548387,0.0196533203125,True,True,False
codecontests_cpp_39,write,MLP11,-3.6236559139784945,-0.0321044921875,False,True,False
codecontests_cpp_39,develop,L2H14,-3.5203252032520327,-0.0445556640625,False,False,True
codecontests_cpp_39,develop,MLP11,-3.4227642276422765,-0.044921875,False,False,True
codecontests_java_39,write,L2H14,0.323943661971831,-0.12109375,False,False,True
codecontests_java_39,write,MLP11,0.6384976525821596,0.099609375,True,False,True
codecontests_java_39,develop,L2H14,-0.037037037037037035,-0.00726318359375,False,False,True
codecontests_java_39,develop,MLP11,-0.5238095238095238,0.015625,True,False,True
humaneval_python_39,write,L2H14,0.10759493670886076,-0.273101806640625,False,True,False
humaneval_python_39,write,MLP11,0.02531645569620253,-0.277099609375,False,True,False
humaneval_python_39,develop,L2H14,0.12837837837837837,-0.244415283203125,False,False,False
humaneval_python_39,develop,MLP11,-0.38513513513513514,-0.32080078125,False,False,False
apps_python_40,write,L2H14,-0.08121827411167512,-1.659820556640625,False,False,True
apps_python_40,write,MLP11,0.14213197969543148,-1.3017578125,False,False,True
apps_python_40,develop,L2H14,0.019230769230769232,-0.014862060546875,False,False,True
apps_python_40,develop,MLP11,0.5480769230769231,0.000640869140625,True,False,True
codecontests_cpp_40,write,L2H14,0.3220338983050847,-0.90380859375,False,False,True
codecontests_cpp_40,write,MLP11,0.3559322033898305,-0.830078125,False,False,True
codecontests_cpp_40,develop,L2H14,-0.023076923076923078,-0.126556396484375,False,False,True
codecontests_cpp_40,develop,MLP11,0.038461538461538464,-0.111572265625,False,False,True
codecontests_java_40,write,L2H14,0.5657142857142857,0.203125,True,False,True
codecontests_java_40,write,MLP11,0.6442857142857142,-0.029541015625,False,True,False
codecontests_java_40,develop,L2H14,0.17785234899328858,-0.0571136474609375,False,False,True
codecontests_java_40,develop,MLP11,0.40268456375838924,0.0224609375,True,False,True
codecontests_cpp_41,write,L2H14,0.5308641975308642,-0.002471923828125,False,True,False
codecontests_cpp_41,write,MLP11,-0.13580246913580246,-0.0028076171875,False,True,False
codecontests_cpp_41,develop,L2H14,0.36363636363636365,-0.04351806640625,False,False,True
codecontests_cpp_41,develop,MLP11,-0.4090909090909091,-0.10125732421875,False,False,True
codecontests_java_41,write,L2H14,-0.00904977375565611,-0.869537353515625,False,True,False
codecontests_java_41,write,MLP11,0.2081447963800905,-0.6529541015625,False,True,False
codecontests_java_41,develop,L2H14,-0.24561403508771928,-0.0326385498046875,False,False,True
codecontests_java_41,develop,MLP11,-2.3684210526315788,-0.03466796875,False,False,True
humaneval_python_41,write,L2H14,-0.7536945812807881,-0.02838134765625,False,True,False
humaneval_python_41,write,MLP11,-3.6108374384236455,-0.01220703125,False,True,False
humaneval_python_41,develop,L2H14,-0.1986754966887417,-0.0845489501953125,False,False,True
humaneval_python_41,develop,MLP11,-0.41721854304635764,-0.09051513671875,False,False,True
codecontests_cpp_42,write,L2H14,0.0,-1.5782108306884766,False,False,True
codecontests_cpp_42,write,MLP11,0.0,-1.5616455078125,False,False,True
codecontests_cpp_42,develop,L2H14,0.035211267605633804,-0.01667165756225586,False,False,True
codecontests_cpp_42,develop,MLP11,-1.8732394366197183,-0.0400390625,False,False,True
codecontests_java_42,write,L2H14,0.0,-0.1552630066871643,False,True,False
codecontests_java_42,write,MLP11,-0.3710691823899371,-0.2108612060546875,False,True,False
codecontests_java_42,develop,L2H14,-0.32663316582914576,-0.50140380859375,False,False,True
codecontests_java_42,develop,MLP11,0.8178391959798995,0.34521484375,True,False,True
humaneval_python_42,write,L2H14,0.1044776119402985,-0.4660186767578125,False,True,False
humaneval_python_42,write,MLP11,0.40671641791044777,-0.2879638671875,False,True,False
humaneval_python_42,develop,L2H14,0.011299435028248588,-0.086334228515625,False,False,True
humaneval_python_42,develop,MLP11,0.07344632768361582,-0.077178955078125,False,False,True
mbpp_python_42,write,L2H14,0.2644230769230769,-0.0720062255859375,False,True,False
mbpp_python_42,write,MLP11,0.1778846153846154,-0.0799713134765625,False,True,False
mbpp_python_42,develop,L2H14,0.10583941605839416,-0.232635498046875,False,True,False
mbpp_python_42,develop,MLP11,-0.029197080291970802,-0.2662353515625,False,True,False
apps_python_43,write,L2H14,-0.4588235294117647,-0.35028076171875,False,False,True
apps_python_43,write,MLP11,-0.10588235294117647,-0.2615966796875,False,False,True
apps_python_43,develop,L2H14,0.01092896174863388,-0.17679357528686523,False,False,True
apps_python_43,develop,MLP11,-0.03278688524590164,-0.18304443359375,False,False,True
codecontests_cpp_43,write,L2H14,-0.23232323232323232,-0.474639892578125,False,False,True
codecontests_cpp_43,write,MLP11,-1.5757575757575757,-0.91015625,False,False,True
codecontests_cpp_43,develop,L2H14,-0.18518518518518517,-0.00615692138671875,False,False,True
codecontests_cpp_43,develop,MLP11,-0.2222222222222222,-0.002593994140625,False,False,True
codecontests_java_43,write,L2H14,-1.0458015267175573,-0.92431640625,False,True,False
codecontests_java_43,write,MLP11,0.6965648854961832,0.0341796875,True,False,True
codecontests_java_43,develop,L2H14,-0.020833333333333332,-0.136749267578125,False,False,True
codecontests_java_43,develop,MLP11,0.6232638888888888,-0.01318359375,False,False,True
apps_python_44,write,L2H14,-2.28,-0.139404296875,False,True,False
apps_python_44,write,MLP11,-1.224,-0.1112060546875,False,True,False
apps_python_44,develop,L2H14,-0.035897435897435895,-0.7885551452636719,False,False,True
apps_python_44,develop,MLP11,0.05641025641025641,-0.68017578125,False,False,True
codecontests_cpp_44,write,L2H14,0.07262569832402235,-0.645355224609375,False,False,True
codecontests_cpp_44,write,MLP11,-1.1675977653631284,-1.4384765625,False,False,True
codecontests_cpp_44,develop,L2H14,-0.12422360248447205,-0.04372406005859375,False,False,True
codecontests_cpp_44,develop,MLP11,-0.15527950310559005,-0.040924072265625,False,False,True
codecontests_java_44,write,L2H14,-0.5776892430278885,-0.08782958984375,False,False,True
codecontests_java_44,write,MLP11,-1.247011952191235,-0.05712890625,False,False,True
codecontests_java_44,develop,L2H14,0.07407407407407407,-0.0834503173828125,False,False,True
codecontests_java_44,develop,MLP11,0.335978835978836,0.007568359375,True,False,True
humaneval_python_44,write,L2H14,-0.2785714285714286,-0.1729583740234375,False,True,False
humaneval_python_44,write,MLP11,0.5642857142857143,-0.0467529296875,False,True,False
humaneval_python_44,develop,L2H14,-1.3236514522821576,-0.22900390625,False,False,True
humaneval_python_44,develop,MLP11,-1.0829875518672198,-0.205322265625,False,False,True
codecontests_cpp_45,write,L2H14,0.2595419847328244,-0.17938232421875,False,False,True
codecontests_cpp_45,write,MLP11,-0.2366412213740458,-0.30706787109375,False,False,True
codecontests_cpp_45,develop,L2H14,-0.015503875968992248,-0.0633087158203125,False,False,True
codecontests_cpp_45,develop,MLP11,-0.7906976744186046,-0.10394287109375,False,False,True
codecontests_java_45,write,L2H14,0.603448275862069,-0.05859375,False,False,True
codecontests_java_45,write,MLP11,0.3103448275862069,-0.17138671875,False,False,True
codecontests_java_45,develop,L2H14,0.09239130434782608,-0.0381622314453125,False,False,True
codecontests_java_45,develop,MLP11,-1.5434782608695652,-0.059326171875,False,False,True
apps_python_46,write,L2H14,0.13768115942028986,-1.852569580078125,False,False,True
apps_python_46,write,MLP11,0.18840579710144928,-1.74072265625,False,False,True
apps_python_46,develop,L2H14,0.14342629482071714,-0.10452079772949219,False,False,True
apps_python_46,develop,MLP11,0.21912350597609562,-0.09474945068359375,False,False,True
codecontests_cpp_46,write,L2H14,-0.06666666666666667,-2.9959716796875,False,False,True
codecontests_cpp_46,write,MLP11,-0.23333333333333334,-3.38427734375,False,False,True
codecontests_cpp_46,develop,L2H14,0.10084033613445378,-0.02252197265625,False,False,True
codecontests_cpp_46,develop,MLP11,-1.0336134453781514,-0.0496826171875,False,False,True
codecontests_java_46,write,L2H14,-0.32903225806451614,-0.02442169189453125,False,False,False
codecontests_java_46,write,MLP11,-2.870967741935484,0.0556640625,True,False,True
codecontests_java_46,develop,L2H14,0.006493506493506494,-0.018407821655273438,False,False,True
codecontests_java_46,develop,MLP11,0.18831168831168832,-0.003662109375,False,False,True
apps_python_47,write,L2H14,0.40064102564102566,-0.3232421875,False,False,True
apps_python_47,write,MLP11,-0.12179487179487179,-0.6693115234375,False,False,True
apps_python_47,develop,L2H14,-0.3829787234042553,-0.24517822265625,False,False,True
apps_python_47,develop,MLP11,0.026595744680851064,-0.1661376953125,False,False,True
codecontests_cpp_47,write,L2H14,0.2752808988764045,-1.000640869140625,False,False,True
codecontests_cpp_47,write,MLP11,-0.38764044943820225,-1.89794921875,False,False,True
codecontests_cpp_47,develop,L2H14,0.06437768240343347,-0.05303382873535156,False,False,True
codecontests_cpp_47,develop,MLP11,-0.6909871244635193,-0.0887451171875,False,False,True
codecontests_java_47,write,L2H14,-0.10638297872340426,-0.046295166015625,False,False,True
codecontests_java_47,write,MLP11,-1.3404255319148937,-0.06298828125,False,False,True
codecontests_java_47,develop,L2H14,-0.014563106796116505,-0.04964447021484375,False,False,True
codecontests_java_47,develop,MLP11,-0.4563106796116505,-0.0419921875,False,False,True
humaneval_python_47,write,L2H14,-0.2727272727272727,-0.142333984375,False,True,False
humaneval_python_47,write,MLP11,-0.017316017316017316,-0.112548828125,False,True,False
humaneval_python_47,develop,L2H14,-0.9022222222222223,-0.0482177734375,False,False,True
humaneval_python_47,develop,MLP11,-3.462222222222222,-0.02001953125,False,False,True
apps_python_48,write,L2H14,-0.7096774193548387,-0.27197265625,False,False,True
apps_python_48,write,MLP11,-0.8817204301075269,-0.23486328125,False,False,True
apps_python_48,develop,L2H14,0.2052980132450331,-0.057098388671875,False,False,True
apps_python_48,develop,MLP11,0.16887417218543047,0.014404296875,True,False,True
codecontests_cpp_48,write,L2H14,-0.4827586206896552,-0.99920654296875,False,False,True
codecontests_cpp_48,write,MLP11,-0.19540229885057472,-0.7891845703125,False,False,True
codecontests_cpp_48,develop,L2H14,-0.40816326530612246,-0.0220184326171875,False,False,True
codecontests_cpp_48,develop,MLP11,-1.8027210884353742,-0.03497314453125,False,False,True
codecontests_java_48,write,L2H14,0.03553299492385787,-0.042510986328125,False,False,True
codecontests_java_48,write,MLP11,-1.1218274111675126,-0.0826416015625,False,False,True
codecontests_java_48,develop,L2H14,0.011627906976744186,-0.03963470458984375,False,False,True
codecontests_java_48,develop,MLP11,-1.1162790697674418,-0.0361328125,False,False,True
apps_python_49,write,L2H14,0.4603174603174603,-0.12890625,False,True,False
apps_python_49,write,MLP11,-0.3968253968253968,-0.42529296875,False,False,True
apps_python_49,develop,L2H14,-0.4416243654822335,-0.2642822265625,False,False,True
apps_python_49,develop,MLP11,0.39847715736040606,-0.08984375,False,False,True
codecontests_cpp_49,write,L2H14,0.3039647577092511,-0.146240234375,False,True,False
codecontests_cpp_49,write,MLP11,-4.638766519823789,-0.7890625,False,False,True
codecontests_cpp_49,develop,L2H14,0.08097165991902834,-0.01207733154296875,False,False,True
codecontests_cpp_49,develop,MLP11,-1.2186234817813766,-0.02618408203125,False,False,True
codecontests_java_49,write,L2H14,0.7517241379310344,0.038330078125,True,False,True
codecontests_java_49,write,MLP11,-0.10344827586206896,0.140625,True,False,True
codecontests_java_49,develop,L2H14,-0.16521739130434782,-0.128021240234375,False,False,True
codecontests_java_49,develop,MLP11,0.5173913043478261,0.01904296875,True,False,True
codecontests_cpp_50,write,L2H14,0.7845622119815668,0.0155029296875,True,True,False
codecontests_cpp_50,write,MLP11,-0.7603686635944701,-0.169677734375,False,True,False
codecontests_cpp_50,develop,L2H14,-0.21621621621621623,-0.0643463134765625,False,False,True
codecontests_cpp_50,develop,MLP11,0.17117117117117117,0.011962890625,True,False,True
codecontests_java_50,write,L2H14,-0.012269938650306749,-0.07891845703125,False,True,False
codecontests_java_50,write,MLP11,0.7837423312883436,0.0330810546875,True,True,False
codecontests_java_50,develop,L2H14,0.10975609756097561,-0.07111740112304688,False,False,True
codecontests_java_50,develop,MLP11,0.5274390243902439,0.034912109375,True,False,True
apps_python_51,write,L2H14,-0.2085889570552147,-0.18804931640625,False,True,False
apps_python_51,write,MLP11,0.25153374233128833,-0.0380859375,False,True,False
apps_python_51,develop,L2H14,0.3130434782608696,-0.034637451171875,False,False,True
apps_python_51,develop,MLP11,-0.4956521739130435,-0.0728759765625,False,False,True
codecontests_java_51,write,L2H14,0.23178807947019867,-0.8837890625,False,True,False
codecontests_java_51,write,MLP11,0.7268211920529801,0.275390625,True,False,True
codecontests_java_51,develop,L2H14,-0.1386861313868613,-0.034027099609375,False,False,True
codecontests_java_51,develop,MLP11,0.42700729927007297,0.0306396484375,True,False,True
codecontests_cpp_52,write,L2H14,-0.14814814814814814,-1.44903564453125,False,False,True
codecontests_cpp_52,write,MLP11,-0.6790123456790124,-2.04638671875,False,False,True
codecontests_cpp_52,develop,L2H14,0.09424083769633508,-0.08429813385009766,False,False,True
codecontests_cpp_52,develop,MLP11,-0.93717277486911,-0.1632080078125,False,False,True
codecontests_java_52,write,L2H14,0.5197044334975369,-0.007110595703125,False,False,True
codecontests_java_52,write,MLP11,-0.4088669950738916,-0.02386474609375,False,False,True
codecontests_java_52,develop,L2H14,0.0,-0.03318023681640625,False,False,True
codecontests_java_52,develop,MLP11,-2.020979020979021,-0.060546875,False,False,True
apps_python_53,write,L2H14,-0.6477272727272727,-0.5362548828125,False,False,True
apps_python_53,write,MLP11,-0.9431818181818182,-0.625244140625,False,False,True
apps_python_53,develop,L2H14,-0.16489361702127658,-0.105438232421875,False,False,True
apps_python_53,develop,MLP11,-0.574468085106383,-0.12982177734375,False,False,True
codecontests_cpp_53,write,L2H14,-0.5302013422818792,-0.10516357421875,False,True,False
codecontests_cpp_53,write,MLP11,-1.2013422818791946,-0.131591796875,False,True,False
codecontests_cpp_53,develop,L2H14,-0.07741935483870968,-0.3250579833984375,False,False,True
codecontests_cpp_53,develop,MLP11,-0.16774193548387098,-0.34259033203125,False,False,True
codecontests_java_53,write,L2H14,0.1386861313868613,-0.92034912109375,False,True,False
codecontests_java_53,write,MLP11,0.4233576642335766,-0.5849609375,False,True,False
codecontests_java_53,develop,L2H14,-0.060240963855421686,-0.08589649200439453,False,False,True
codecontests_java_53,develop,MLP11,-1.6506024096385543,-0.175537109375,False,False,True
apps_python_54,write,L2H14,0.14410480349344978,-0.760894775390625,False,True,False
apps_python_54,write,MLP11,0.8231441048034934,0.30859375,True,True,False
apps_python_54,develop,L2H14,-0.7763157894736842,-0.11956787109375,False,False,True
apps_python_54,develop,MLP11,0.1118421052631579,-0.00341796875,False,False,True
codecontests_java_54,write,L2H14,-0.12626262626262627,-0.21764087677001953,False,True,False
codecontests_java_54,write,MLP11,-0.35353535353535354,-0.26056671142578125,False,True,False
codecontests_java_54,develop,L2H14,0.33916083916083917,-0.329833984375,False,False,True
codecontests_java_54,develop,MLP11,0.45454545454545453,-0.22021484375,False,False,True
mbpp_python_54,write,L2H14,0.675,-0.010986328125,False,True,False
mbpp_python_54,write,MLP11,0.47368421052631576,-0.0704345703125,False,True,False
mbpp_python_54,develop,L2H14,-0.47959183673469385,-0.031036376953125,False,False,True
mbpp_python_54,develop,MLP11,0.2193877551020408,-0.01422119140625,False,False,True
codecontests_java_55,write,L2H14,-0.1751412429378531,-1.61859130859375,False,True,False
codecontests_java_55,write,MLP11,-0.05649717514124294,-1.4476318359375,False,True,False
codecontests_java_55,develop,L2H14,0.30344827586206896,-0.041778564453125,False,False,True
codecontests_java_55,develop,MLP11,0.12758620689655173,0.022705078125,True,False,True
mbpp_python_55,write,L2H14,0.3511111111111111,-0.06549072265625,False,True,False
mbpp_python_55,write,MLP11,0.27111111111111114,0.0234375,True,True,False
mbpp_python_55,develop,L2H14,-0.6363636363636364,-0.1414794921875,False,False,True
mbpp_python_55,develop,MLP11,0.15656565656565657,-0.063232421875,False,False,True
codecontests_cpp_56,write,L2H14,-0.43448275862068964,-0.7943115234375,False,False,True
codecontests_cpp_56,write,MLP11,-0.9862068965517241,-1.05859375,False,False,True
codecontests_cpp_56,develop,L2H14,0.3755868544600939,-0.01190185546875,False,False,True
codecontests_cpp_56,develop,MLP11,-3.1690140845070425,-0.07958984375,False,False,True
codecontests_java_56,write,L2H14,-0.12307692307692308,-0.14191055297851562,False,False,True
codecontests_java_56,write,MLP11,0.698076923076923,0.274169921875,True,False,True
codecontests_java_56,develop,L2H14,0.1092436974789916,-0.0243072509765625,False,False,True
codecontests_java_56,develop,MLP11,0.36134453781512604,0.029296875,True,False,True
codecontests_cpp_57,write,L2H14,0.0,-0.7152538299560547,False,False,True
codecontests_cpp_57,write,MLP11,-0.18579234972677597,-0.82568359375,False,False,True
codecontests_cpp_57,develop,L2H14,0.39563106796116504,-0.028411865234375,False,False,True
codecontests_cpp_57,develop,MLP11,-0.9611650485436893,-0.092987060546875,False,False,True
codecontests_java_57,write,L2H14,0.36134453781512604,-1.12646484375,False,True,False
codecontests_java_57,write,MLP11,0.8172268907563025,0.3203125,True,False,True
codecontests_java_57,develop,L2H14,-0.2185792349726776,-0.103546142578125,False,False,True
codecontests_java_57,develop,MLP11,0.546448087431694,0.002685546875,True,False,True
apps_python_58,write,L2H14,-1.4727272727272727,-0.0318603515625,False,True,False
apps_python_58,write,MLP11,0.5515151515151515,0.00146484375,True,True,False
apps_python_58,develop,L2H14,0.5755813953488372,-0.0313720703125,False,False,True
apps_python_58,develop,MLP11,0.8682170542635659,0.064453125,True,False,True
codecontests_java_58,write,L2H14,-1.0638297872340425,-0.66796875,False,True,False
codecontests_java_58,write,MLP11,-0.09574468085106383,-0.39154052734375,False,False,True
codecontests_java_58,develop,L2H14,-0.39361702127659576,-0.05633544921875,False,False,True
codecontests_java_58,develop,MLP11,0.35638297872340424,0.016357421875,True,False,True
apps_python_59,write,L2H14,-2.349282296650718,-0.123779296875,False,True,False
apps_python_59,write,MLP11,-3.8038277511961724,-0.150390625,False,True,False
apps_python_59,develop,L2H14,-0.3230769230769231,-0.247344970703125,False,False,True
apps_python_59,develop,MLP11,-0.05128205128205128,-0.19537353515625,False,False,True
apps_python_60,write,L2H14,0.15048543689320387,-0.31689453125,False,False,True
apps_python_60,write,MLP11,-0.5922330097087378,-0.53955078125,False,False,False
apps_python_60,develop,L2H14,0.0,-0.077667236328125,False,False,True
apps_python_60,develop,MLP11,-0.46296296296296297,-0.109161376953125,False,False,True
codecontests_java_60,write,L2H14,-1.9300411522633745,-0.0255126953125,False,False,True
codecontests_java_60,write,MLP11,-4.20164609053498,0.037109375,True,True,False
codecontests_java_60,develop,L2H14,0.20392156862745098,-0.0936279296875,False,False,True
codecontests_java_60,develop,MLP11,0.6666666666666666,0.13232421875,True,False,True
humaneval_python_60,write,L2H14,-0.2283464566929134,-0.302398681640625,False,True,False
humaneval_python_60,write,MLP11,-0.1968503937007874,-0.29550933837890625,False,True,False
humaneval_python_60,develop,L2H14,0.3128491620111732,-0.097412109375,False,False,True
humaneval_python_60,develop,MLP11,-0.055865921787709494,-0.126708984375,False,False,True
codecontests_java_61,write,L2H14,0.053497942386831275,-0.8982915878295898,False,True,False
codecontests_java_61,write,MLP11,0.35390946502057613,-0.60162353515625,False,True,False
codecontests_java_61,develop,L2H14,-0.3018867924528302,-0.06598663330078125,False,False,True
codecontests_java_61,develop,MLP11,0.6415094339622641,0.01708984375,True,False,True
mbpp_python_61,write,L2H14,-1.0254237288135593,-0.41650390625,False,False,True
mbpp_python_61,write,MLP11,0.0635593220338983,-0.19580078125,False,True,False
mbpp_python_61,develop,L2H14,0.23333333333333334,-0.048614501953125,False,False,True
mbpp_python_61,develop,MLP11,0.10740740740740741,-0.04827880859375,False,False,True
codecontests_cpp_62,write,L2H14,0.007575757575757576,-0.2551612854003906,False,True,False
codecontests_cpp_62,write,MLP11,-0.9545454545454546,-0.435546875,False,True,False
codecontests_cpp_62,develop,L2H14,-0.10106382978723404,-0.20114898681640625,False,False,True
codecontests_cpp_62,develop,MLP11,-0.5531914893617021,-0.2509765625,False,False,True
codecontests_java_62,write,L2H14,0.2774869109947644,-2.134033203125,False,True,False
codecontests_java_62,write,MLP11,0.13612565445026178,-2.571136474609375,False,True,False
codecontests_java_62,develop,L2H14,-0.21678321678321677,-0.08294677734375,False,False,True
codecontests_java_62,develop,MLP11,-0.23776223776223776,-0.040771484375,False,False,True
codecontests_cpp_63,write,L2H14,-0.6807511737089202,-0.67822265625,False,False,True
codecontests_cpp_63,write,MLP11,-1.2347417840375587,-0.85546875,False,False,True
codecontests_cpp_63,develop,L2H14,0.02112676056338028,-0.0339205265045166,False,False,True
codecontests_cpp_63,develop,MLP11,-1.2394366197183098,-0.06976318359375,False,False,True
codecontests_java_63,write,L2H14,0.33986928104575165,-0.36279296875,False,False,True
codecontests_java_63,write,MLP11,0.6454248366013072,-0.052734375,False,False,True
codecontests_java_63,develop,L2H14,0.25704225352112675,-0.0484771728515625,False,False,True
codecontests_java_63,develop,MLP11,0.4964788732394366,0.121337890625,True,False,True
apps_python_64,write,L2H14,-0.14042553191489363,-1.017578125,False,False,False
apps_python_64,write,MLP11,0.13617021276595745,-0.65625,False,False,False
apps_python_64,develop,L2H14,-0.19626168224299065,-0.242523193359375,False,False,True
apps_python_64,develop,MLP11,-1.074766355140187,-0.357421875,False,False,True
codecontests_cpp_64,write,L2H14,-0.20155038759689922,-0.018663406372070312,False,True,False
codecontests_cpp_64,write,MLP11,0.7877906976744186,0.0061798095703125,True,True,False
codecontests_cpp_64,develop,L2H14,0.13023255813953488,-0.09169197082519531,False,False,True
codecontests_cpp_64,develop,MLP11,-0.037209302325581395,-0.103485107421875,False,False,True
codecontests_java_64,write,L2H14,-0.33636363636363636,-0.035358428955078125,False,True,False
codecontests_java_64,write,MLP11,-1.7636363636363637,-0.0589599609375,False,True,False
codecontests_java_64,develop,L2H14,-0.008,-0.062404632568359375,False,False,True
codecontests_java_64,develop,MLP11,-0.584,-0.062744140625,False,False,True
humaneval_python_64,write,L2H14,0.26453488372093026,-0.007083892822265625,False,True,False
humaneval_python_64,write,MLP11,-0.06976744186046512,0.0118408203125,True,True,False
humaneval_python_64,develop,L2H14,-1.38,-0.006805419921875,False,False,True
humaneval_python_64,develop,MLP11,-18.52,-0.02099609375,False,False,True
codecontests_cpp_65,write,L2H14,-0.39416058394160586,-1.459716796875,False,False,True
codecontests_cpp_65,write,MLP11,0.2737226277372263,-0.7333984375,False,False,True
codecontests_cpp_65,develop,L2H14,-0.2857142857142857,-0.054325103759765625,False,False,True
codecontests_cpp_65,develop,MLP11,-0.4,-0.0556640625,False,False,True
codecontests_java_65,write,L2H14,-0.1456953642384106,-0.3355255126953125,False,True,False
codecontests_java_65,write,MLP11,-0.44370860927152317,-0.382568359375,False,True,False
codecontests_java_65,develop,L2H14,-0.09230769230769231,-0.0035400390625,False,False,True
codecontests_java_65,develop,MLP11,-2.169230769230769,-0.0009765625,False,False,True
codecontests_cpp_66,write,L2H14,-4.489655172413793,-0.01239013671875,False,True,False
codecontests_cpp_66,write,MLP11,-0.4689655172413793,-0.0042266845703125,False,True,False
codecontests_cpp_66,develop,L2H14,0.16666666666666666,-0.0256500244140625,False,False,True
codecontests_cpp_66,develop,MLP11,-1.5691056910569106,-0.054443359375,False,False,True
codecontests_java_66,write,L2H14,0.6924460431654677,-0.0849609375,False,True,False
codecontests_java_66,write,MLP11,0.37410071942446044,-0.62255859375,False,True,False
codecontests_java_66,develop,L2H14,-0.5193798449612403,-0.018890380859375,False,False,True
codecontests_java_66,develop,MLP11,-3.5271317829457365,0.02197265625,True,False,True
codecontests_java_67,write,L2H14,-0.5562913907284768,-0.0216064453125,False,True,False
codecontests_java_67,write,MLP11,-8.748344370860927,-0.03125,False,True,False
codecontests_java_67,develop,L2H14,-0.23529411764705882,-0.1615142822265625,False,False,True
codecontests_java_67,develop,MLP11,-0.29411764705882354,0.021484375,True,False,True
codecontests_cpp_68,write,L2H14,0.15300546448087432,-0.6048812866210938,False,False,True
codecontests_cpp_68,write,MLP11,-0.3114754098360656,-0.9212646484375,False,False,True
codecontests_cpp_68,develop,L2H14,0.14919354838709678,-0.05168342590332031,False,False,True
codecontests_cpp_68,develop,MLP11,-0.6129032258064516,-0.094207763671875,False,False,True
apps_python_69,write,L2H14,0.4205128205128205,-0.02484130859375,False,True,False
apps_python_69,write,MLP11,0.8942307692307693,0.014495849609375,True,True,False
apps_python_69,develop,L2H14,-1.0696517412935322,-0.0045166015625,False,False,True
apps_python_69,develop,MLP11,-0.6119402985074627,-0.00604248046875,False,False,True
codecontests_cpp_69,write,L2H14,-1.1908713692946058,-0.1065673828125,False,True,False
codecontests_cpp_69,write,MLP11,-10.618257261410788,-0.26953125,False,False,True
codecontests_cpp_69,develop,L2H14,-0.025252525252525252,-0.04914665222167969,False,False,True
codecontests_cpp_69,develop,MLP11,-0.7171717171717171,-0.07550048828125,False,False,True
codecontests_java_69,write,L2H14,-0.04455445544554455,-0.4096527099609375,False,False,True
codecontests_java_69,write,MLP11,0.9090346534653465,0.247314453125,True,False,True
codecontests_java_69,develop,L2H14,-0.04929577464788732,-0.07180023193359375,False,False,True
codecontests_java_69,develop,MLP11,0.18661971830985916,-0.04388427734375,False,False,True
codecontests_cpp_70,write,L2H14,-3.8974358974358974,-0.0009765625,False,True,False
codecontests_cpp_70,write,MLP11,-3.5128205128205128,-0.00811767578125,False,True,False
codecontests_cpp_70,develop,L2H14,0.41946308724832215,-0.01263427734375,False,False,True
codecontests_cpp_70,develop,MLP11,-0.5369127516778524,-0.050506591796875,False,False,True
codecontests_java_70,write,L2H14,0.41089108910891087,-0.42822265625,False,True,False
codecontests_java_70,write,MLP11,-0.693069306930693,-1.28271484375,False,True,False
codecontests_java_70,develop,L2H14,-0.4067796610169492,-0.07171630859375,False,False,True
codecontests_java_70,develop,MLP11,-0.576271186440678,-0.047119140625,False,False,True
codecontests_cpp_72,write,L2H14,0.32421875,0.000579833984375,True,True,False
codecontests_cpp_72,write,MLP11,-3.34375,0.00146484375,True,True,False
codecontests_cpp_72,develop,L2H14,0.4826388888888889,-0.07470703125,False,False,True
codecontests_cpp_72,develop,MLP11,0.1111111111111111,-0.1533203125,False,False,True
codecontests_java_72,write,L2H14,0.9423882681564246,0.141448974609375,True,True,False
codecontests_java_72,write,MLP11,0.6522346368715084,0.0379638671875,True,True,False
codecontests_java_72,develop,L2H14,0.30578512396694213,-0.017730712890625,False,False,True
codecontests_java_72,develop,MLP11,-1.8099173553719008,0.0654296875,True,False,True
codecontests_cpp_73,write,L2H14,0.4189189189189189,-0.04388427734375,False,False,True
codecontests_cpp_73,write,MLP11,-1.4,-0.1923828125,False,False,True
codecontests_cpp_73,develop,L2H14,-0.03317535545023697,-0.10504913330078125,False,False,True
codecontests_cpp_73,develop,MLP11,-0.4976303317535545,-0.147705078125,False,False,True
codecontests_java_73,write,L2H14,-0.6867469879518072,-0.3740234375,False,False,True
codecontests_java_73,write,MLP11,-0.30120481927710846,-0.27734375,False,False,True
codecontests_java_73,develop,L2H14,-0.5617529880478087,-0.0849609375,False,False,True
codecontests_java_73,develop,MLP11,0.28286852589641437,0.005859375,True,False,True
apps_python_74,write,L2H14,0.37799043062200954,-0.978271484375,False,False,True
apps_python_74,write,MLP11,-0.5406698564593302,-2.48046875,False,False,False
apps_python_74,develop,L2H14,-0.2903225806451613,-0.1328125,False,False,True
apps_python_74,develop,MLP11,-1.543778801843318,-0.211181640625,False,False,True
codecontests_cpp_74,write,L2H14,-0.5069444444444444,-0.40875244140625,False,False,True
codecontests_cpp_74,write,MLP11,-1.9305555555555556,-0.6865234375,False,False,True
codecontests_cpp_74,develop,L2H14,0.315625,-0.025665283203125,False,False,True
codecontests_cpp_74,develop,MLP11,-0.21875,-0.0447540283203125,False,False,True
codecontests_java_74,write,L2H14,-0.147239263803681,-1.4572296142578125,False,True,False
codecontests_java_74,write,MLP11,0.3006134969325153,-0.864013671875,False,True,False
codecontests_java_74,develop,L2H14,0.044444444444444446,-0.08220672607421875,False,False,True
codecontests_java_74,develop,MLP11,0.4083333333333333,-0.00732421875,False,False,True
humaneval_python_74,write,L2H14,-0.056962025316455694,-0.16138458251953125,False,False,True
humaneval_python_74,write,MLP11,0.6772151898734177,-0.001220703125,False,False,True
humaneval_python_74,develop,L2H14,-0.45394736842105265,-0.20751953125,False,False,True
humaneval_python_74,develop,MLP11,0.45723684210526316,-0.0634765625,False,False,True
apps_python_75,write,L2H14,0.4019607843137255,-0.2138671875,False,True,False
apps_python_75,write,MLP11,-0.37254901960784315,-0.528076171875,False,False,True
apps_python_75,develop,L2H14,-0.2422907488986784,-0.061492919921875,False,False,True
apps_python_75,develop,MLP11,-2.013215859030837,-0.1357421875,False,False,True
codecontests_cpp_75,write,L2H14,-0.09170305676855896,-1.9528636932373047,False,False,True
codecontests_cpp_75,write,MLP11,-0.2838427947598253,-2.234619140625,False,False,True
codecontests_cpp_75,develop,L2H14,0.01948051948051948,-0.07232666015625,False,False,True
codecontests_cpp_75,develop,MLP11,-1.5324675324675325,-0.13720703125,False,False,True
codecontests_java_75,write,L2H14,-0.5447761194029851,-0.01220703125,False,False,True
codecontests_java_75,write,MLP11,-7.119402985074627,-0.01904296875,False,False,True
codecontests_java_75,develop,L2H14,0.2922374429223744,-0.032470703125,False,False,True
codecontests_java_75,develop,MLP11,-2.0136986301369864,-0.05029296875,False,False,True
apps_python_76,write,L2H14,-3.4285714285714284,-0.140625,False,True,False
apps_python_76,write,MLP11,0.1875,-0.0411224365234375,False,True,False
apps_python_76,develop,L2H14,-0.5447154471544715,-0.3631591796875,False,False,True
apps_python_76,develop,MLP11,0.7571138211382114,0.062744140625,True,False,True
codecontests_java_76,write,L2H14,-0.8765432098765432,-1.140869140625,False,True,False
codecontests_java_76,write,MLP11,0.08641975308641975,-0.57244873046875,False,True,False
codecontests_java_76,develop,L2H14,-0.1360544217687075,-0.319580078125,False,False,True
codecontests_java_76,develop,MLP11,0.29591836734693877,0.1357421875,True,False,True
humaneval_python_76,write,L2H14,0.14285714285714285,-0.74609375,False,False,True
humaneval_python_76,write,MLP11,-0.38392857142857145,-1.195068359375,False,False,True
humaneval_python_76,develop,L2H14,0.35864978902953587,-0.0675048828125,False,False,True
humaneval_python_76,develop,MLP11,0.47468354430379744,-0.03662109375,False,False,True
apps_python_77,write,L2H14,0.06,-0.911712646484375,False,False,True
apps_python_77,write,MLP11,-0.08,-1.0457763671875,False,False,True
apps_python_77,develop,L2H14,0.14772727272727273,-0.216827392578125,False,False,False
apps_python_77,develop,MLP11,0.625,-0.04443359375,False,False,True
codecontests_cpp_77,write,L2H14,-0.5027624309392266,-0.525390625,False,False,True
codecontests_cpp_77,write,MLP11,-0.43646408839779005,-0.47265625,False,False,True
codecontests_cpp_77,develop,L2H14,0.2923728813559322,-0.020376503467559814,False,False,True
codecontests_cpp_77,develop,MLP11,-3.5084745762711864,-0.080322265625,False,False,True
codecontests_java_77,write,L2H14,-4.119047619047619,0.0111083984375,True,False,True
codecontests_java_77,write,MLP11,-2.119047619047619,0.00439453125,True,False,True
codecontests_java_77,develop,L2H14,0.15625,-0.052642822265625,False,False,True
codecontests_java_77,develop,MLP11,0.5920138888888888,0.0213623046875,True,False,True
humaneval_python_78,write,L2H14,0.06962025316455696,-0.035343170166015625,False,True,False
humaneval_python_78,write,MLP11,0.06329113924050633,-0.017822265625,False,True,False
humaneval_python_78,develop,L2H14,0.29218106995884774,-0.07318115234375,False,False,True
humaneval_python_78,develop,MLP11,-1.6502057613168724,-0.20361328125,False,False,True
apps_python_79,write,L2H14,-0.9597989949748744,-0.041595458984375,False,False,True
apps_python_79,write,MLP11,-0.10552763819095477,0.025390625,True,False,True
apps_python_79,develop,L2H14,-0.15609756097560976,-0.012542724609375,False,False,True
apps_python_79,develop,MLP11,0.37073170731707317,0.00531005859375,True,False,True
codecontests_cpp_79,write,L2H14,0.3389261744966443,-1.508544921875,False,False,True
codecontests_cpp_79,write,MLP11,0.28187919463087246,-1.59814453125,False,False,True
codecontests_cpp_79,develop,L2H14,-0.030612244897959183,-0.04953575134277344,False,False,True
codecontests_cpp_79,develop,MLP11,-1.510204081632653,-0.0919189453125,False,False,True
codecontests_java_79,write,L2H14,-0.14473684210526316,-0.08540534973144531,False,False,True
codecontests_java_79,write,MLP11,-0.46710526315789475,-0.0048828125,False,False,True
codecontests_java_79,develop,L2H14,-1.1176470588235294,-0.03326416015625,False,False,True
codecontests_java_79,develop,MLP11,0.28342245989304815,-0.00341796875,False,False,True
mbpp_python_79,write,L2H14,-0.49407114624505927,-0.17315673828125,False,True,False
mbpp_python_79,write,MLP11,-1.6245059288537549,-0.20703125,False,True,False
mbpp_python_79,develop,L2H14,-0.03763440860215054,-0.085693359375,False,False,True
mbpp_python_79,develop,MLP11,-1.7204301075268817,-0.14306640625,False,False,True
apps_python_80,write,L2H14,-0.8672199170124482,-0.8489990234375,False,False,True
apps_python_80,write,MLP11,-0.4854771784232365,-0.6572265625,False,False,True
apps_python_80,develop,L2H14,-0.23448275862068965,-0.043637752532958984,False,False,True
apps_python_80,develop,MLP11,0.656896551724138,0.01165771484375,True,False,True
codecontests_cpp_80,write,L2H14,-1.407239819004525,-0.027862548828125,False,True,False
codecontests_cpp_80,write,MLP11,-1.334841628959276,-0.0264892578125,False,True,False
codecontests_cpp_80,develop,L2H14,-1.2894736842105263,-0.03515625,False,False,True
codecontests_cpp_80,develop,MLP11,-0.28289473684210525,-0.019622802734375,False,False,True
codecontests_java_80,write,L2H14,-0.8032786885245902,-0.5673828125,False,True,False
codecontests_java_80,write,MLP11,-0.5737704918032787,-0.45654296875,False,False,True
codecontests_java_80,develop,L2H14,0.020134228187919462,-0.1412506103515625,False,False,True
codecontests_java_80,develop,MLP11,0.7231543624161074,0.053466796875,True,False,True
apps_python_81,write,L2H14,0.006024096385542169,-0.01226806640625,False,False,True
apps_python_81,write,MLP11,-15.771084337349398,0.109375,True,False,True
apps_python_81,develop,L2H14,-0.1796116504854369,-0.0233154296875,False,False,True
apps_python_81,develop,MLP11,-0.5145631067961165,-0.03363037109375,False,False,True
codecontests_java_81,write,L2H14,0.013888888888888888,-0.10393238067626953,False,True,False
codecontests_java_81,write,MLP11,0.43287037037037035,-0.0577239990234375,False,True,False
codecontests_java_81,develop,L2H14,-0.19148936170212766,-1.07965087890625,False,True,False
codecontests_java_81,develop,MLP11,0.7904255319148936,0.3388671875,True,False,True
mbpp_python_81,write,L2H14,0.06930693069306931,-0.18340015411376953,False,True,False
mbpp_python_81,write,MLP11,-0.27722772277227725,-0.2490386962890625,False,True,False
mbpp_python_81,develop,L2H14,-0.9053254437869822,-0.098388671875,False,False,True
mbpp_python_81,develop,MLP11,-1.331360946745562,-0.107421875,False,True,False
apps_python_82,write,L2H14,-1.6797385620915033,-0.347412109375,False,False,True
apps_python_82,write,MLP11,-1.9411764705882353,-0.3642578125,False,False,True
apps_python_82,develop,L2H14,-0.09313725490196079,-0.0102386474609375,False,False,True
apps_python_82,develop,MLP11,-0.03431372549019608,-0.0103607177734375,False,False,True
codecontests_java_82,write,L2H14,0.4876237623762376,-0.150634765625,False,False,True
codecontests_java_82,write,MLP11,0.29207920792079206,-0.21435546875,False,False,True
codecontests_java_82,develop,L2H14,0.05217391304347826,-0.02474212646484375,False,False,True
codecontests_java_82,develop,MLP11,-1.0956521739130434,-0.0166015625,False,False,True
apps_python_83,write,L2H14,0.6497695852534562,-0.031494140625,False,True,False
apps_python_83,write,MLP11,-0.576036866359447,-0.31005859375,False,False,True
apps_python_83,develop,L2H14,0.145985401459854,-0.11199951171875,False,False,True
apps_python_83,develop,MLP11,-0.20437956204379562,-0.1513671875,False,False,True
codecontests_cpp_83,write,L2H14,-0.12886597938144329,-0.42693328857421875,False,True,False
codecontests_cpp_83,write,MLP11,-1.5257731958762886,-0.8076171875,False,False,True
codecontests_cpp_83,develop,L2H14,-0.024509803921568627,-0.05042266845703125,False,False,True
codecontests_cpp_83,develop,MLP11,-1.2941176470588236,-0.109954833984375,False,False,True
codecontests_java_83,write,L2H14,-0.5466666666666666,-0.01922607421875,False,False,True
codecontests_java_83,write,MLP11,-3.462222222222222,0.005126953125,True,False,True
codecontests_java_83,develop,L2H14,0.020833333333333332,-0.0338592529296875,False,False,True
codecontests_java_83,develop,MLP11,0.4756944444444444,0.0169677734375,True,False,True
apps_python_84,write,L2H14,0.1951219512195122,-0.008367538452148438,False,False,True
apps_python_84,write,MLP11,-14.024390243902438,-0.03271484375,False,False,True
apps_python_84,develop,L2H14,-0.3333333333333333,-0.01561737060546875,False,False,True
apps_python_84,develop,MLP11,0.4632352941176471,0.002593994140625,True,False,True
codecontests_java_84,write,L2H14,-0.10317460317460317,-0.2696380615234375,False,False,True
codecontests_java_84,write,MLP11,0.8854166666666666,0.3370361328125,True,True,False
codecontests_java_84,develop,L2H14,-0.26811594202898553,-0.0831146240234375,False,False,True
codecontests_java_84,develop,MLP11,0.13043478260869565,0.083984375,True,False,True
humaneval_python_84,write,L2H14,0.20212765957446807,-0.58392333984375,False,True,False
humaneval_python_84,write,MLP11,0.3351063829787234,-0.47979736328125,False,True,False
humaneval_python_84,develop,L2H14,0.24324324324324326,-0.5301513671875,False,True,False
humaneval_python_84,develop,MLP11,0.23243243243243245,-0.5343017578125,False,True,False
apps_python_85,write,L2H14,-0.7086092715231788,-0.117431640625,False,False,True
apps_python_85,write,MLP11,0.9010761589403974,0.084503173828125,True,True,False
apps_python_85,develop,L2H14,0.25793650793650796,-0.019317626953125,False,False,True
apps_python_85,develop,MLP11,0.3412698412698413,-0.00946044921875,False,False,True
codecontests_cpp_85,write,L2H14,0.145748987854251,-0.10260581970214844,False,True,False
codecontests_cpp_85,write,MLP11,0.7631578947368421,0.0205078125,True,True,False
codecontests_cpp_85,develop,L2H14,0.15789473684210525,-0.0243072509765625,False,False,True
codecontests_cpp_85,develop,MLP11,0.03007518796992481,-0.02630615234375,False,False,True
codecontests_java_85,write,L2H14,-0.2348993288590604,-0.715545654296875,False,True,False
codecontests_java_85,write,MLP11,-0.44966442953020136,-0.83331298828125,False,True,False
codecontests_java_85,develop,L2H14,0.3055555555555556,-0.0992431640625,False,False,True
codecontests_java_85,develop,MLP11,0.4537037037037037,-0.0670166015625,False,False,True
humaneval_python_85,write,L2H14,0.0,-0.5040454864501953,False,True,False
humaneval_python_85,write,MLP11,0.6007751937984496,-0.159912109375,False,True,False
humaneval_python_85,develop,L2H14,-0.39215686274509803,-0.12994384765625,False,False,True
humaneval_python_85,develop,MLP11,0.5882352941176471,-0.0048828125,False,False,True
apps_python_86,write,L2H14,-0.08552631578947369,-1.2864227294921875,False,False,True
apps_python_86,write,MLP11,-0.2236842105263158,-1.4422607421875,False,False,True
apps_python_86,develop,L2H14,-0.032467532467532464,-0.31015777587890625,False,False,True
apps_python_86,develop,MLP11,0.2792207792207792,-0.19140625,False,False,True
codecontests_java_86,write,L2H14,0.0,-2.1092071533203125,False,True,False
codecontests_java_86,write,MLP11,-0.014814814814814815,-2.1401596069335938,False,True,False
codecontests_java_86,develop,L2H14,-0.5673758865248227,-0.09698486328125,False,False,True
codecontests_java_86,develop,MLP11,-0.2695035460992908,-0.0592041015625,False,False,True
apps_python_87,write,L2H14,-1.0,-0.0157470703125,False,True,False
apps_python_87,write,MLP11,-1.7468354430379747,-0.0205078125,False,True,False
apps_python_87,develop,L2H14,0.013071895424836602,-0.28204345703125,False,False,True
apps_python_87,develop,MLP11,-0.13071895424836602,-0.3253173828125,False,False,True
codecontests_cpp_87,write,L2H14,-0.8341013824884793,-0.3575439453125,False,False,True
codecontests_cpp_87,write,MLP11,-0.17050691244239632,-0.24273681640625,False,True,False
codecontests_cpp_87,develop,L2H14,-0.0330188679245283,-0.05367851257324219,False,False,True
codecontests_cpp_87,develop,MLP11,-0.3867924528301887,-0.07049560546875,False,False,True
codecontests_java_87,write,L2H14,-0.10218978102189781,-2.357086181640625,False,True,False
codecontests_java_87,write,MLP11,0.3722627737226277,-1.27587890625,False,True,False
codecontests_java_87,develop,L2H14,0.3177966101694915,-0.0359344482421875,False,False,True
codecontests_java_87,develop,MLP11,-0.7457627118644068,-0.07568359375,False,False,True
apps_python_88,write,L2H14,0.2850678733031674,-1.216064453125,False,False,True
apps_python_88,write,MLP11,0.03619909502262444,-1.537109375,False,False,True
apps_python_88,develop,L2H14,0.44135802469135804,-0.072998046875,False,False,True
apps_python_88,develop,MLP11,0.8618827160493827,0.1158447265625,True,False,True
codecontests_java_88,write,L2H14,-0.7206703910614525,-1.1240234375,False,True,False
codecontests_java_88,write,MLP11,0.8128491620111732,0.158203125,True,False,True
codecontests_java_88,develop,L2H14,0.06358381502890173,-0.1570281982421875,False,False,True
codecontests_java_88,develop,MLP11,0.42485549132947975,-0.081298828125,False,False,True
codecontests_cpp_89,write,L2H14,0.29285714285714287,-0.366455078125,False,True,False
codecontests_cpp_89,write,MLP11,0.007142857142857143,-0.5399627685546875,False,False,True
codecontests_cpp_89,develop,L2H14,0.052884615384615384,-0.09624385833740234,False,False,True
codecontests_cpp_89,develop,MLP11,-0.4807692307692308,-0.144775390625,False,False,True
codecontests_java_89,write,L2H14,0.14285714285714285,-0.48980712890625,False,True,False
codecontests_java_89,write,MLP11,-0.32653061224489793,-0.74951171875,False,True,False
codecontests_java_89,develop,L2H14,-0.09774436090225563,-0.034881591796875,False,False,True
codecontests_java_89,develop,MLP11,-0.5864661654135338,-0.04052734375,False,False,True
codecontests_java_90,write,L2H14,0.23979591836734693,0.104248046875,True,False,True
codecontests_java_90,write,MLP11,-0.8877551020408163,-0.07672119140625,False,True,False
codecontests_java_90,develop,L2H14,0.2513089005235602,-0.005615234375,False,False,True
codecontests_java_90,develop,MLP11,-0.2774869109947644,0.006591796875,True,False,True
apps_python_91,write,L2H14,-0.0078125,-2.0139617919921875,False,False,True
apps_python_91,write,MLP11,0.2109375,-1.5546875,False,False,True
apps_python_91,develop,L2H14,-0.005076142131979695,-0.0931854248046875,False,False,True
apps_python_91,develop,MLP11,0.3197969543147208,-0.05682373046875,False,False,True
codecontests_cpp_91,write,L2H14,-1.2777777777777777,-0.1259765625,False,True,False
codecontests_cpp_91,write,MLP11,0.3402777777777778,-0.0177001953125,False,True,False
codecontests_cpp_91,develop,L2H14,-0.06060606060606061,-0.27295875549316406,False,False,True
codecontests_cpp_91,develop,MLP11,-0.14393939393939395,-0.21826171875,False,False,True
codecontests_java_91,write,L2H14,-0.04827586206896552,-2.374805450439453,False,True,False
codecontests_java_91,write,MLP11,-0.041379310344827586,-2.3569793701171875,False,True,False
codecontests_java_91,develop,L2H14,0.31666666666666665,-0.05377197265625,False,False,True
codecontests_java_91,develop,MLP11,0.49444444444444446,0.0185546875,True,False,True
apps_python_92,write,L2H14,0.24367088607594936,-0.85009765625,False,False,True
apps_python_92,write,MLP11,0.20253164556962025,-0.9208984375,False,False,False
apps_python_92,develop,L2H14,-0.011764705882352941,-0.16998291015625,False,False,True
apps_python_92,develop,MLP11,0.4176470588235294,-0.0784912109375,False,False,True
codecontests_java_92,write,L2H14,-0.12385321100917432,-0.014918088912963867,False,True,False
codecontests_java_92,write,MLP11,-0.0871559633027523,-0.014365196228027344,False,True,False
codecontests_java_92,develop,L2H14,0.1072961373390558,-1.62237548828125,False,True,False
codecontests_java_92,develop,MLP11,0.5257510729613734,-0.76611328125,False,True,False
apps_python_93,write,L2H14,0.10457516339869281,-0.1336979866027832,False,True,False
apps_python_93,write,MLP11,-0.49019607843137253,-0.060546875,False,False,True
apps_python_93,develop,L2H14,-2.1445086705202314,-0.099609375,False,False,True
apps_python_93,develop,MLP11,0.6271676300578035,-0.0045166015625,False,False,True
codecontests_cpp_93,write,L2H14,0.5,-0.191650390625,False,True,False
codecontests_cpp_93,write,MLP11,0.4444444444444444,-0.21630859375,False,True,False
codecontests_cpp_93,develop,L2H14,0.585427135678392,-0.012603759765625,False,False,True
codecontests_cpp_93,develop,MLP11,-0.4472361809045226,0.0234375,True,False,True
codecontests_java_93,write,L2H14,0.1145374449339207,-0.777099609375,False,True,False
codecontests_java_93,write,MLP11,0.43171806167400884,-0.4208984375,False,False,True
codecontests_java_93,develop,L2H14,-0.029239766081871343,-0.04282379150390625,False,False,True
codecontests_java_93,develop,MLP11,-0.3391812865497076,0.026123046875,True,False,True
apps_python_94,write,L2H14,-0.09142857142857143,-0.7452926635742188,False,False,True
apps_python_94,write,MLP11,-0.5771428571428572,-1.044677734375,False,False,True
apps_python_94,develop,L2H14,0.20253164556962025,-0.0439300537109375,False,False,True
apps_python_94,develop,MLP11,-0.3333333333333333,-0.074981689453125,False,False,True
codecontests_cpp_94,write,L2H14,-1.2074074074074075,-0.253173828125,False,True,False
codecontests_cpp_94,write,MLP11,-2.688888888888889,-0.353515625,False,False,True
codecontests_cpp_94,develop,L2H14,-0.2348993288590604,-0.0880126953125,False,False,True
codecontests_cpp_94,develop,MLP11,-0.3221476510067114,-0.0699462890625,False,False,True
codecontests_java_94,write,L2H14,0.17791411042944785,-0.058868408203125,False,False,True
codecontests_java_94,write,MLP11,-1.7361963190184049,-0.0703125,False,False,True
codecontests_java_94,develop,L2H14,-0.7954545454545454,-0.1297607421875,False,False,True
codecontests_java_94,develop,MLP11,0.14204545454545456,0.06884765625,True,False,True
apps_python_95,write,L2H14,-0.005681818181818182,-0.005889892578125,False,True,False
apps_python_95,write,MLP11,-0.4659090909090909,0.00390625,True,True,False
apps_python_95,develop,L2H14,0.14925373134328357,-0.16800689697265625,False,False,True
apps_python_95,develop,MLP11,0.7798507462686567,0.054443359375,True,False,True
codecontests_cpp_95,write,L2H14,-0.48484848484848486,-0.36669921875,False,True,False
codecontests_cpp_95,write,MLP11,0.007575757575757576,-0.253997802734375,False,True,False
codecontests_cpp_95,develop,L2H14,-0.15263157894736842,-0.10625457763671875,False,False,True
codecontests_cpp_95,develop,MLP11,-0.5263157894736842,-0.13665771484375,False,False,True
codecontests_java_95,write,L2H14,-0.15294117647058825,-0.2861747741699219,False,True,False
codecontests_java_95,write,MLP11,0.396078431372549,-0.13592529296875,False,True,False
codecontests_java_95,develop,L2H14,0.03418803418803419,-0.02571868896484375,False,False,True
codecontests_java_95,develop,MLP11,0.2094017094017094,0.0201416015625,True,False,True
humaneval_python_95,write,L2H14,-0.8226600985221675,-0.1572265625,False,True,False
humaneval_python_95,write,MLP11,0.5763546798029556,0.0048828125,True,True,False
humaneval_python_95,develop,L2H14,-0.304,-0.154449462890625,False,False,True
humaneval_python_95,develop,MLP11,-0.016,-0.10980224609375,False,False,True
apps_python_96,write,L2H14,0.23756906077348067,-0.5201416015625,False,False,False
apps_python_96,write,MLP11,0.47513812154696133,-0.26123046875,False,True,False
apps_python_96,develop,L2H14,-1.6041666666666667,-0.086181640625,False,False,False
apps_python_96,develop,MLP11,0.515625,-0.01702880859375,False,False,True
codecontests_java_96,write,L2H14,-0.5636363636363636,-0.12255859375,False,True,False
codecontests_java_96,write,MLP11,-0.9030303030303031,-0.146209716796875,False,True,False
codecontests_java_96,develop,L2H14,0.4187192118226601,-0.0146484375,False,False,True
codecontests_java_96,develop,MLP11,0.0,0.02880859375,True,False,True
mbpp_python_96,write,L2H14,0.3125,-0.02593994140625,False,True,False
mbpp_python_96,write,MLP11,-0.25595238095238093,-0.0487518310546875,False,True,False
mbpp_python_96,develop,L2H14,-0.7511961722488039,-0.038726806640625,False,False,True
mbpp_python_96,develop,MLP11,-3.0191387559808613,-0.0595703125,False,False,True
apps_python_97,write,L2H14,-0.1781609195402299,-0.2000141143798828,False,True,False
apps_python_97,write,MLP11,-0.8390804597701149,-0.28369140625,False,True,False
apps_python_97,develop,L2H14,0.085,-0.3565521240234375,False,False,True
apps_python_97,develop,MLP11,-0.8,-0.6802978515625,False,False,True
humaneval_python_97,write,L2H14,-0.20491803278688525,-0.138763427734375,False,True,False
humaneval_python_97,write,MLP11,-0.3524590163934426,-0.1353759765625,False,True,False
humaneval_python_97,develop,L2H14,-0.35714285714285715,-0.1796875,False,False,True
humaneval_python_97,develop,MLP11,-1.7571428571428571,-0.2158203125,False,False,True
apps_python_98,write,L2H14,-0.04697986577181208,-2.428466796875,False,False,False
apps_python_98,write,MLP11,0.3053691275167785,-1.271484375,False,False,True
apps_python_98,develop,L2H14,-0.7766990291262136,-0.331298828125,False,False,True
apps_python_98,develop,MLP11,0.4975728155339806,-0.0755615234375,False,False,True
codecontests_cpp_98,write,L2H14,-0.03535353535353535,-0.04842376708984375,False,False,True
codecontests_cpp_98,write,MLP11,-3.9292929292929295,-0.14794921875,False,False,True
codecontests_cpp_98,develop,L2H14,0.3615023474178404,-0.0316619873046875,False,False,True
codecontests_cpp_98,develop,MLP11,-1.704225352112676,-0.115966796875,False,False,True
codecontests_java_98,write,L2H14,0.2643171806167401,-0.6365966796875,False,True,False
codecontests_java_98,write,MLP11,0.43832599118942733,-0.438232421875,False,True,False
codecontests_java_98,develop,L2H14,-0.10227272727272728,-0.0435638427734375,False,False,True
codecontests_java_98,develop,MLP11,-0.022727272727272728,0.029296875,True,False,True
apps_python_99,write,L2H14,0.21739130434782608,-0.415496826171875,False,False,True
apps_python_99,write,MLP11,0.2318840579710145,-0.3935546875,False,False,True
apps_python_99,develop,L2H14,-0.10752688172043011,-0.0236358642578125,False,False,True
apps_python_99,develop,MLP11,-0.03225806451612903,-0.02328968048095703,False,False,True
codecontests_cpp_99,write,L2H14,0.5056497175141242,-0.016021728515625,False,True,False
codecontests_cpp_99,write,MLP11,-0.192090395480226,-0.05028533935546875,False,True,False
codecontests_cpp_99,develop,L2H14,-0.02643171806167401,-0.02667236328125,False,False,True
codecontests_cpp_99,develop,MLP11,-0.1894273127753304,-0.0312957763671875,False,False,True
codecontests_java_99,write,L2H14,-0.04316546762589928,-1.1326780319213867,False,True,False
codecontests_java_99,write,MLP11,0.12589928057553956,-0.9476165771484375,False,True,False
codecontests_java_99,develop,L2H14,0.13953488372093023,-0.04937744140625,False,False,True
codecontests_java_99,develop,MLP11,0.2751937984496124,-0.000732421875,False,False,True
apps_python_100,write,L2H14,-0.7016574585635359,-1.143310546875,False,False,False
apps_python_100,write,MLP11,-1.2541436464088398,-1.4609375,False,False,True
apps_python_100,develop,L2H14,-0.543859649122807,-0.0257568359375,False,False,True
apps_python_100,develop,MLP11,-2.719298245614035,-0.0501708984375,False,False,True
codecontests_cpp_100,write,L2H14,0.4017857142857143,-0.08929443359375,False,False,True
codecontests_cpp_100,write,MLP11,0.20833333333333334,-0.103271484375,False,False,True
codecontests_cpp_100,develop,L2H14,-0.03977272727272727,-0.022678375244140625,False,False,True
codecontests_cpp_100,develop,MLP11,-0.2556818181818182,-0.02629852294921875,False,False,True
codecontests_java_100,write,L2H14,-0.10650887573964497,-0.087005615234375,False,False,True
codecontests_java_100,write,MLP11,-0.3668639053254438,-0.10101318359375,False,False,True
codecontests_java_100,develop,L2H14,0.06716417910447761,-0.06133270263671875,False,False,True
codecontests_java_100,develop,MLP11,0.6156716417910447,-0.00982666015625,False,False,True
humaneval_python_100,write,L2H14,0.04417670682730924,-0.9295973777770996,False,True,False
humaneval_python_100,write,MLP11,0.08032128514056225,-0.889739990234375,False,True,False
humaneval_python_100,develop,L2H14,-0.28104575163398693,-0.747314453125,False,True,False
humaneval_python_100,develop,MLP11,-0.1111111111111111,-0.326171875,False,False,True
apps_python_101,write,L2H14,-1.1369863013698631,-0.09716796875,False,True,False
apps_python_101,write,MLP11,0.5616438356164384,-0.0107421875,False,True,False
apps_python_101,develop,L2H14,0.32272727272727275,-0.06787109375,False,False,True
apps_python_101,develop,MLP11,-0.08181818181818182,-0.110076904296875,False,False,True
codecontests_java_101,write,L2H14,-0.35625,-0.042724609375,False,True,False
codecontests_java_101,write,MLP11,-0.03125,-0.008544921875,False,True,False
codecontests_java_101,develop,L2H14,0.1694915254237288,-0.1412811279296875,False,False,True
codecontests_java_101,develop,MLP11,0.731638418079096,0.02685546875,True,False,True
apps_python_102,write,L2H14,-0.40239043824701193,-0.165557861328125,False,True,False
apps_python_102,write,MLP11,-0.21912350597609562,-0.1380615234375,False,True,False
apps_python_102,develop,L2H14,-0.20952380952380953,-0.48883056640625,False,False,False
apps_python_102,develop,MLP11,0.3238095238095238,-0.2603759765625,False,False,False
apps_python_103,write,L2H14,0.40625,-0.05682373046875,False,True,False
apps_python_103,write,MLP11,-1.0446428571428572,-0.1976318359375,False,False,True
apps_python_103,develop,L2H14,-3.2758620689655173,-0.010009765625,False,False,True
apps_python_103,develop,MLP11,-1.2620689655172415,-0.00732421875,False,False,True
mbpp_python_103,write,L2H14,0.6088888888888889,-0.00189208984375,False,True,False
mbpp_python_103,write,MLP11,-7.177777777777778,-0.054443359375,False,True,False
mbpp_python_103,develop,L2H14,-0.12142857142857143,-0.30511474609375,False,False,True
mbpp_python_103,develop,MLP11,0.7625,0.05517578125,True,False,True
apps_python_104,write,L2H14,-1.9777777777777779,-0.21142578125,False,False,True
apps_python_104,write,MLP11,-1.0777777777777777,-0.1583251953125,False,False,True
apps_python_104,develop,L2H14,-0.20304568527918782,-0.4611053466796875,False,False,True
apps_python_104,develop,MLP11,0.40609137055837563,-0.171142578125,False,False,True
apps_python_105,write,L2H14,-0.6724137931034483,-0.178955078125,False,False,True
apps_python_105,write,MLP11,-2.0,-0.2705078125,False,False,True
apps_python_105,develop,L2H14,-0.06395348837209303,-0.023136138916015625,False,False,True
apps_python_105,develop,MLP11,0.6075581395348837,-0.0055084228515625,False,False,True
codecontests_java_105,write,L2H14,-0.10810810810810811,-0.32007408142089844,False,True,False
codecontests_java_105,write,MLP11,0.24324324324324326,-0.2176361083984375,False,True,False
codecontests_java_105,develop,L2H14,-0.007246376811594203,-0.27059173583984375,False,False,True
codecontests_java_105,develop,MLP11,0.8469202898550725,0.243896484375,True,False,True
apps_python_106,write,L2H14,-0.4672489082969432,-0.159423828125,False,False,True
apps_python_106,write,MLP11,-3.890829694323144,-0.42626953125,False,False,True
apps_python_106,develop,L2H14,-0.4631578947368421,-0.031829833984375,False,False,True
apps_python_106,develop,MLP11,0.07894736842105263,-0.020503997802734375,False,False,True
codecontests_cpp_106,write,L2H14,-0.043478260869565216,-2.0613021850585938,False,False,True
codecontests_cpp_106,write,MLP11,0.40711462450592883,-1.1474609375,False,False,True
codecontests_cpp_106,develop,L2H14,-0.24489795918367346,-0.01442718505859375,False,False,True
codecontests_cpp_106,develop,MLP11,-0.42857142857142855,-0.013427734375,False,False,True
codecontests_java_106,write,L2H14,0.24820143884892087,-0.047607421875,False,False,True
codecontests_java_106,write,MLP11,0.7122302158273381,0.042724609375,True,False,True
codecontests_java_106,develop,L2H14,0.10740740740740741,-0.116485595703125,False,False,True
codecontests_java_106,develop,MLP11,0.5833333333333334,-0.01318359375,False,False,True
apps_python_107,write,L2H14,-0.39375,-0.00390625,False,True,False
apps_python_107,write,MLP11,-0.9375,-0.0164794921875,False,True,False
apps_python_107,develop,L2H14,-0.5748031496062992,-0.1611328125,False,False,True
apps_python_107,develop,MLP11,0.5059055118110236,-0.0416259765625,False,False,True
codecontests_java_107,write,L2H14,-0.38125,-1.7047119140625,False,True,False
codecontests_java_107,write,MLP11,0.025,-1.2160491943359375,False,True,False
codecontests_java_107,develop,L2H14,0.3134920634920635,-0.07635498046875,False,False,True
codecontests_java_107,develop,MLP11,0.1111111111111111,0.01220703125,True,False,True
apps_python_108,write,L2H14,-0.6804733727810651,-0.032928466796875,False,True,False
apps_python_108,write,MLP11,0.5591715976331361,-0.007171630859375,False,True,False
apps_python_108,develop,L2H14,-0.36416184971098264,-0.108184814453125,False,False,True
apps_python_108,develop,MLP11,0.6647398843930635,0.103515625,True,False,True
codecontests_cpp_108,write,L2H14,-3.7586206896551726,-0.17236328125,False,True,False
codecontests_cpp_108,write,MLP11,-6.9655172413793105,-0.2373046875,False,False,True
codecontests_cpp_108,develop,L2H14,0.3,-0.031982421875,False,False,True
codecontests_cpp_108,develop,MLP11,-0.3,-0.046142578125,False,False,True
codecontests_java_108,write,L2H14,-0.4076923076923077,-0.70037841796875,False,True,False
codecontests_java_108,write,MLP11,0.47307692307692306,-0.2021484375,False,True,False
codecontests_java_108,develop,L2H14,-0.5816326530612245,-0.0555419921875,False,False,True
codecontests_java_108,develop,MLP11,-0.27040816326530615,-0.03662109375,False,False,True
humaneval_python_108,write,L2H14,0.4224137931034483,-0.2322998046875,False,True,False
humaneval_python_108,write,MLP11,0.6788793103448276,-0.056640625,False,False,True
humaneval_python_108,develop,L2H14,0.5205479452054794,-0.049560546875,False,False,True
humaneval_python_108,develop,MLP11,0.6952054794520548,0.01708984375,True,False,True
apps_python_109,write,L2H14,0.35864978902953587,-0.06854248046875,False,True,False
apps_python_109,write,MLP11,-1.5822784810126582,-0.245361328125,False,True,False
apps_python_109,develop,L2H14,0.1310344827586207,-0.0135955810546875,False,False,True
apps_python_109,develop,MLP11,0.3931034482758621,-0.005859375,False,False,True
codecontests_cpp_109,write,L2H14,0.4299363057324841,-0.0186004638671875,False,True,False
codecontests_cpp_109,write,MLP11,-1.0,-0.0675048828125,False,True,False
codecontests_cpp_109,develop,L2H14,-0.1092896174863388,-0.1952667236328125,False,False,True
codecontests_cpp_109,develop,MLP11,-0.31693989071038253,-0.2332763671875,False,False,True
codecontests_java_109,write,L2H14,0.5416666666666666,-0.01416015625,False,False,True
codecontests_java_109,write,MLP11,0.8573717948717948,0.223388671875,True,False,True
codecontests_java_109,develop,L2H14,-0.46255506607929514,-0.0772705078125,False,False,True
codecontests_java_109,develop,MLP11,-1.052863436123348,-0.0880126953125,False,False,True
humaneval_python_109,write,L2H14,0.0,-0.0345611572265625,False,True,False
humaneval_python_109,write,MLP11,-14.253333333333334,-0.17578125,False,True,False
humaneval_python_109,develop,L2H14,-0.6594202898550725,-0.021575927734375,False,False,True
humaneval_python_109,develop,MLP11,-2.1594202898550723,-0.00537109375,False,False,True
apps_python_110,write,L2H14,0.07751937984496124,-0.923553466796875,False,False,True
apps_python_110,write,MLP11,0.4186046511627907,-0.536376953125,False,False,True
apps_python_110,develop,L2H14,0.004975124378109453,-0.1945648193359375,False,False,True
apps_python_110,develop,MLP11,-0.21393034825870647,-0.235626220703125,False,False,True
codecontests_cpp_110,write,L2H14,-0.38181818181818183,-0.09722900390625,False,False,True
codecontests_cpp_110,write,MLP11,-2.224242424242424,-0.1259765625,False,False,True
codecontests_cpp_110,develop,L2H14,0.060109289617486336,-0.020660400390625,False,False,True
codecontests_cpp_110,develop,MLP11,-1.8633879781420766,-0.042236328125,False,False,True
codecontests_java_110,write,L2H14,0.029661016949152543,-1.7883872985839844,False,True,False
codecontests_java_110,write,MLP11,0.4809322033898305,-0.8935546875,False,True,False
codecontests_java_110,develop,L2H14,0.05238095238095238,-0.092071533203125,False,False,True
codecontests_java_110,develop,MLP11,0.4857142857142857,-0.032958984375,False,False,True
apps_python_111,write,L2H14,0.24489795918367346,-1.440399169921875,False,False,True
apps_python_111,write,MLP11,0.0,-1.8948974609375,False,False,True
apps_python_111,develop,L2H14,0.12556053811659193,-0.02233123779296875,False,False,True
apps_python_111,develop,MLP11,-0.24663677130044842,-0.031494140625,False,False,True
apps_python_112,write,L2H14,-0.09345794392523364,-0.221588134765625,False,False,True
apps_python_112,write,MLP11,0.32710280373831774,-0.111328125,False,False,True
apps_python_112,develop,L2H14,0.31843575418994413,-0.054412841796875,False,False,True
apps_python_112,develop,MLP11,0.441340782122905,-0.041259765625,False,False,True
codecontests_cpp_112,write,L2H14,0.7732558139534884,0.009765625,True,True,False
codecontests_cpp_112,write,MLP11,-4.705426356589148,-1.021484375,False,False,True
codecontests_cpp_112,develop,L2H14,0.38175675675675674,-0.02091217041015625,False,False,True
codecontests_cpp_112,develop,MLP11,0.20945945945945946,-0.02215576171875,False,False,True
codecontests_java_112,write,L2H14,0.21164021164021163,-0.0023345947265625,False,False,True
codecontests_java_112,write,MLP11,-22.026455026455025,0.0419921875,True,False,True
codecontests_java_112,develop,L2H14,-0.2,-0.026519775390625,False,False,True
codecontests_java_112,develop,MLP11,-0.517948717948718,0.0078125,True,False,True
humaneval_python_112,write,L2H14,-0.006493506493506494,-0.07559585571289062,False,True,False
humaneval_python_112,write,MLP11,0.2694805194805195,-0.05350494384765625,False,True,False
humaneval_python_112,develop,L2H14,0.3418803418803419,-0.14556884765625,False,True,False
humaneval_python_112,develop,MLP11,-0.7777777777777778,-0.383056640625,False,True,False
mbpp_python_112,write,L2H14,0.04145077720207254,-0.719512939453125,False,True,False
mbpp_python_112,write,MLP11,0.19170984455958548,-0.5960693359375,False,True,False
mbpp_python_112,develop,L2H14,-0.028735632183908046,-0.6964569091796875,False,True,False
mbpp_python_112,develop,MLP11,-0.27011494252873564,-0.820556640625,False,True,False
apps_python_113,write,L2H14,-0.05063291139240506,-0.0394439697265625,False,False,True
apps_python_113,write,MLP11,0.22784810126582278,0.0234375,True,False,True
apps_python_113,develop,L2H14,-0.1610738255033557,-0.0092315673828125,False,False,True
apps_python_113,develop,MLP11,-0.5167785234899329,-0.0101165771484375,False,False,True
codecontests_cpp_113,write,L2H14,0.0,-0.26787567138671875,False,True,False
codecontests_cpp_113,write,MLP11,-0.644927536231884,-0.409912109375,False,True,False
codecontests_cpp_113,develop,L2H14,-0.0782122905027933,-0.087646484375,False,False,True
codecontests_cpp_113,develop,MLP11,-0.25139664804469275,-0.1055450439453125,False,False,True
codecontests_java_113,write,L2H14,-0.4117647058823529,-1.67559814453125,False,True,False
codecontests_java_113,write,MLP11,-0.09803921568627451,-1.309906005859375,False,True,False
codecontests_java_113,develop,L2H14,0.0,-0.22760009765625,False,False,True
codecontests_java_113,develop,MLP11,0.4978813559322034,-0.071533203125,False,False,True
apps_python_114,write,L2H14,-0.6601307189542484,-0.1162109375,False,True,False
apps_python_114,write,MLP11,-0.7124183006535948,0.2548828125,True,False,True
apps_python_114,develop,L2H14,-0.09411764705882353,-0.006591796875,False,False,True
apps_python_114,develop,MLP11,0.6558823529411765,-0.001922607421875,False,False,True
codecontests_cpp_114,write,L2H14,0.15579710144927536,-1.80914306640625,False,False,True
codecontests_cpp_114,write,MLP11,0.16666666666666666,-1.747314453125,False,False,True
codecontests_cpp_114,develop,L2H14,0.02962962962962963,-0.12530517578125,False,False,True
codecontests_cpp_114,develop,MLP11,-0.7703703703703704,-0.210693359375,False,False,True
codecontests_java_114,write,L2H14,-0.6477987421383647,-0.01678466796875,False,False,True
codecontests_java_114,write,MLP11,-2.7232704402515724,-0.033935546875,False,False,True
codecontests_java_114,develop,L2H14,-0.08225108225108226,-0.041015625,False,False,True
codecontests_java_114,develop,MLP11,-0.5584415584415584,0.00830078125,True,False,True
codecontests_cpp_115,write,L2H14,-0.45962732919254656,-0.89208984375,False,False,True
codecontests_cpp_115,write,MLP11,-0.453416149068323,-0.8895263671875,False,False,True
codecontests_cpp_115,develop,L2H14,0.13253012048192772,-0.052506446838378906,False,False,True
codecontests_cpp_115,develop,MLP11,-0.6144578313253012,-0.08306884765625,False,False,True
codecontests_java_115,write,L2H14,-0.48854961832061067,-0.043304443359375,False,False,True
codecontests_java_115,write,MLP11,0.5343511450381679,0.064208984375,True,False,True
codecontests_java_115,develop,L2H14,0.26258992805755393,-0.091796875,False,False,True
codecontests_java_115,develop,MLP11,0.6348920863309353,0.001953125,True,False,True
humaneval_python_115,write,L2H14,0.27692307692307694,-0.706787109375,False,False,True
humaneval_python_115,write,MLP11,-0.4153846153846154,-1.39599609375,False,False,True
humaneval_python_115,develop,L2H14,0.48880597014925375,-0.037841796875,False,False,True
humaneval_python_115,develop,MLP11,0.17537313432835822,-0.1042327880859375,False,False,True
mbpp_python_115,write,L2H14,-0.43646408839779005,-0.05908203125,False,True,False
mbpp_python_115,write,MLP11,0.5331491712707183,-0.013671875,False,True,False
mbpp_python_115,develop,L2H14,-0.373134328358209,-0.12896728515625,False,False,True
mbpp_python_115,develop,MLP11,0.39552238805970147,-0.034423828125,False,False,True
apps_python_116,write,L2H14,0.7347328244274809,0.004058837890625,True,True,False
apps_python_116,write,MLP11,-2.2061068702290076,-0.0322265625,False,True,False
apps_python_116,develop,L2H14,-0.3160919540229885,-0.0540618896484375,False,False,True
apps_python_116,develop,MLP11,-5.206896551724138,-0.1435546875,False,False,True
codecontests_cpp_116,write,L2H14,0.012658227848101266,-0.30267333984375,False,False,True
codecontests_cpp_116,write,MLP11,-0.08227848101265822,-0.32208251953125,False,False,True
codecontests_cpp_116,develop,L2H14,0.3869565217391304,-0.004076957702636719,False,False,True
codecontests_cpp_116,develop,MLP11,-0.3217391304347826,0.00390625,True,False,True
codecontests_java_116,write,L2H14,-0.08152173913043478,-0.09466552734375,False,False,True
codecontests_java_116,write,MLP11,0.6467391304347826,0.04833984375,True,False,True
codecontests_java_116,develop,L2H14,-0.1037344398340249,-0.12518310546875,False,False,True
codecontests_java_116,develop,MLP11,0.45643153526970953,-0.04736328125,False,False,True
humaneval_python_116,write,L2H14,0.4548611111111111,-0.1239013671875,False,True,False
humaneval_python_116,write,MLP11,-0.05555555555555555,-0.29506683349609375,False,True,False
humaneval_python_116,develop,L2H14,0.125,-0.109161376953125,False,False,True
humaneval_python_116,develop,MLP11,0.09090909090909091,-0.11102294921875,False,False,True
apps_python_117,write,L2H14,-2.140740740740741,-0.333984375,False,False,True
apps_python_117,write,MLP11,-4.4222222222222225,-0.48046875,False,False,True
apps_python_117,develop,L2H14,0.25675675675675674,-0.01244354248046875,False,False,True
apps_python_117,develop,MLP11,0.3277027027027027,-0.0052490234375,False,False,True
codecontests_cpp_117,write,L2H14,-3.5357142857142856,-0.0023040771484375,False,True,False
codecontests_cpp_117,write,MLP11,-1.9642857142857142,-0.00196075439453125,False,True,False
codecontests_cpp_117,develop,L2H14,0.1078838174273859,-0.0504913330078125,False,False,True
codecontests_cpp_117,develop,MLP11,0.33195020746887965,-0.01806640625,False,False,True
codecontests_java_117,write,L2H14,-0.3117408906882591,-1.25189208984375,False,True,False
codecontests_java_117,write,MLP11,0.04048582995951417,-0.918670654296875,False,True,False
codecontests_java_117,develop,L2H14,0.12962962962962962,-0.02181243896484375,False,False,True
codecontests_java_117,develop,MLP11,-1.9074074074074074,0.00146484375,True,False,True
mbpp_python_117,write,L2H14,-1.1146496815286624,-0.012969970703125,False,True,False
mbpp_python_117,write,MLP11,0.18471337579617833,-0.00201416015625,False,True,False
mbpp_python_117,develop,L2H14,0.6681547619047619,-0.00018310546875,False,False,True
mbpp_python_117,develop,MLP11,0.7068452380952381,0.01116943359375,True,False,True
apps_python_118,write,L2H14,-0.5083798882681564,-0.25018310546875,False,False,True
apps_python_118,write,MLP11,0.6815642458100558,0.02685546875,True,False,True
apps_python_118,develop,L2H14,-0.20526315789473684,-0.22137451171875,False,False,True
apps_python_118,develop,MLP11,0.015789473684210527,-0.1803131103515625,False,False,True
codecontests_cpp_118,write,L2H14,0.1111111111111111,-0.19989013671875,False,True,False
codecontests_cpp_118,write,MLP11,0.9107905982905983,0.1641845703125,True,True,False
codecontests_cpp_118,develop,L2H14,0.045,-0.18480682373046875,False,False,True
codecontests_cpp_118,develop,MLP11,-0.17,-0.22699737548828125,False,False,True
codecontests_java_118,write,L2H14,0.18045112781954886,-0.84588623046875,False,True,False
codecontests_java_118,write,MLP11,0.23684210526315788,-0.78143310546875,False,True,False
codecontests_java_118,develop,L2H14,0.1277533039647577,-0.08795166015625,False,False,True
codecontests_java_118,develop,MLP11,0.6101321585903083,0.117919921875,True,False,True
apps_python_119,write,L2H14,0.33238636363636365,-0.014703750610351562,False,False,True
apps_python_119,write,MLP11,-0.8863636363636364,-0.0107421875,False,False,True
apps_python_119,develop,L2H14,-0.21951219512195122,-0.023509979248046875,False,False,True
apps_python_119,develop,MLP11,-0.5182926829268293,-0.0265960693359375,False,False,True
humaneval_python_119,write,L2H14,0.0,-0.5782470703125,False,False,True
humaneval_python_119,write,MLP11,-0.46308724832214765,-0.817138671875,False,False,True
humaneval_python_119,develop,L2H14,-0.3941176470588235,-0.111572265625,False,False,True
humaneval_python_119,develop,MLP11,-0.17058823529411765,-0.07861328125,False,False,True
apps_python_120,write,L2H14,-6.453416149068323,0.005859375,True,True,False
apps_python_120,write,MLP11,-31.39751552795031,0.0234375,True,False,True
apps_python_120,develop,L2H14,-0.10619469026548672,-0.03059673309326172,False,False,True
apps_python_120,develop,MLP11,-0.2920353982300885,-0.01513671875,False,False,True
codecontests_java_120,write,L2H14,-0.7622377622377622,-0.928466796875,False,False,True
codecontests_java_120,write,MLP11,-0.18181818181818182,-0.63916015625,False,False,True
codecontests_java_120,develop,L2H14,-0.15151515151515152,-0.0448760986328125,False,False,True
codecontests_java_120,develop,MLP11,0.8363636363636363,0.055419921875,True,False,True
humaneval_python_120,write,L2H14,0.36419753086419754,-0.09527587890625,False,True,False
humaneval_python_120,write,MLP11,0.7237654320987654,-0.0130615234375,False,True,False
humaneval_python_120,develop,L2H14,0.5433333333333333,-0.00439453125,False,False,True
humaneval_python_120,develop,MLP11,0.5733333333333334,0.0013427734375,True,False,True
apps_python_121,write,L2H14,-1.3909774436090225,-0.12841796875,False,True,False
apps_python_121,write,MLP11,-5.43609022556391,-0.234375,False,False,True
apps_python_121,develop,L2H14,-0.9019607843137255,-0.1796875,False,False,True
apps_python_121,develop,MLP11,-1.2647058823529411,-0.2025146484375,False,False,True
codecontests_java_121,write,L2H14,0.1712707182320442,-0.583160400390625,False,True,False
codecontests_java_121,write,MLP11,0.022099447513812154,-0.68902587890625,False,True,False
codecontests_java_121,develop,L2H14,0.31724137931034485,-0.08984375,False,False,True
codecontests_java_121,develop,MLP11,-0.696551724137931,-0.186279296875,False,False,True
humaneval_python_121,write,L2H14,-0.183206106870229,-0.14981842041015625,False,True,False
humaneval_python_121,write,MLP11,0.38549618320610685,-0.0509033203125,False,True,False
humaneval_python_121,develop,L2H14,-1.021505376344086,-0.325439453125,False,True,False
humaneval_python_121,develop,MLP11,-0.44086021505376344,-0.233642578125,False,False,True
apps_python_122,write,L2H14,-0.538961038961039,-0.21612548828125,False,False,True
apps_python_122,write,MLP11,0.5227272727272727,-0.0430908203125,False,False,True
apps_python_122,develop,L2H14,0.4744186046511628,-0.016845703125,False,False,True
apps_python_122,develop,MLP11,0.6627906976744186,0.0091552734375,True,False,True
codecontests_java_122,write,L2H14,0.043795620437956206,-2.0464000701904297,False,True,False
codecontests_java_122,write,MLP11,0.28102189781021897,-1.521728515625,False,True,False
codecontests_java_122,develop,L2H14,-0.05405405405405406,-0.15085601806640625,False,False,True
codecontests_java_122,develop,MLP11,0.6283783783783784,0.087890625,True,False,True
apps_python_123,write,L2H14,-0.46987951807228917,-0.057098388671875,False,True,False
apps_python_123,write,MLP11,-1.4457831325301205,-0.0806884765625,False,True,False
apps_python_123,develop,L2H14,-0.15135135135135136,-0.205780029296875,False,False,True
apps_python_123,develop,MLP11,-0.41621621621621624,-0.2451171875,False,False,True
codecontests_cpp_123,write,L2H14,-1.6933333333333334,-0.155517578125,False,True,False
codecontests_cpp_123,write,MLP11,-2.92,-0.1884765625,False,True,False
codecontests_cpp_123,develop,L2H14,0.048458149779735685,-0.1049041748046875,False,False,True
codecontests_cpp_123,develop,MLP11,-0.3744493392070485,-0.10986328125,False,False,True
codecontests_java_123,write,L2H14,0.17647058823529413,-0.4217529296875,False,False,True
codecontests_java_123,write,MLP11,0.2536764705882353,-0.32763671875,False,False,True
codecontests_java_123,develop,L2H14,-0.8148148148148148,-0.02593994140625,False,False,True
codecontests_java_123,develop,MLP11,-0.06666666666666667,0.02197265625,True,False,True
apps_python_124,write,L2H14,0.5214285714285715,-0.048828125,False,True,False
apps_python_124,write,MLP11,-2.7714285714285714,-0.37890625,False,False,True
apps_python_124,develop,L2H14,0.25925925925925924,-0.1139984130859375,False,False,True
apps_python_124,develop,MLP11,-0.18518518518518517,-0.1805419921875,False,False,True
codecontests_cpp_124,write,L2H14,0.16666666666666666,-0.1689453125,False,False,True
codecontests_cpp_124,write,MLP11,-0.3619047619047619,-0.22900390625,False,False,True
codecontests_cpp_124,develop,L2H14,-0.12446351931330472,-0.03031158447265625,False,False,True
codecontests_cpp_124,develop,MLP11,-0.6652360515021459,-0.001708984375,False,False,True
codecontests_java_124,write,L2H14,-1.2826086956521738,-0.70654296875,False,True,False
codecontests_java_124,write,MLP11,0.5027173913043478,-0.09423828125,False,False,True
codecontests_java_124,develop,L2H14,0.2152317880794702,-0.052093505859375,False,False,True
codecontests_java_124,develop,MLP11,-0.3708609271523179,-0.07470703125,False,False,True
humaneval_python_124,write,L2H14,-0.5075757575757576,-0.0222015380859375,False,True,False
humaneval_python_124,write,MLP11,-1.8484848484848484,0.0029296875,True,True,False
humaneval_python_124,develop,L2H14,-0.08333333333333333,-0.03441619873046875,False,False,True
humaneval_python_124,develop,MLP11,-0.49242424242424243,-0.03399658203125,False,False,True
apps_python_125,write,L2H14,0.34191176470588236,-0.0701904296875,False,True,False
apps_python_125,write,MLP11,-0.2867647058823529,-0.1505126953125,False,True,False
apps_python_125,develop,L2H14,0.0,-0.2741851806640625,False,False,True
apps_python_125,develop,MLP11,0.43661971830985913,-0.12158203125,False,False,True
codecontests_cpp_125,write,L2H14,0.29464285714285715,-0.150299072265625,False,False,True
codecontests_cpp_125,write,MLP11,-0.16071428571428573,-0.2371826171875,False,False,True
codecontests_cpp_125,develop,L2H14,0.44144144144144143,-0.01220703125,False,False,True
codecontests_cpp_125,develop,MLP11,-1.4864864864864864,-0.0546875,False,False,True
codecontests_java_125,write,L2H14,-1.2958579881656804,-0.064208984375,False,False,True
codecontests_java_125,write,MLP11,0.029585798816568046,0.0576171875,True,False,True
codecontests_java_125,develop,L2H14,-0.13970588235294118,-0.0167388916015625,False,False,True
codecontests_java_125,develop,MLP11,-2.485294117647059,0.00390625,True,False,True
humaneval_python_125,write,L2H14,-0.14427860696517414,-0.44720458984375,False,False,True
humaneval_python_125,write,MLP11,0.7338308457711443,-0.013671875,False,True,False
humaneval_python_125,develop,L2H14,-0.18085106382978725,-0.2145233154296875,False,False,True
humaneval_python_125,develop,MLP11,0.2978723404255319,-0.120849609375,False,False,True
apps_python_126,write,L2H14,0.0049504950495049506,-0.7842025756835938,False,False,True
apps_python_126,write,MLP11,-0.6534653465346535,-1.26806640625,False,False,True
apps_python_126,develop,L2H14,-0.6551724137931034,-0.01544189453125,False,False,True
apps_python_126,develop,MLP11,-0.21839080459770116,-0.008697509765625,False,False,True
codecontests_cpp_126,write,L2H14,-0.5403225806451613,-1.454345703125,False,False,True
codecontests_cpp_126,write,MLP11,-0.8467741935483871,-1.7021484375,False,False,True
codecontests_cpp_126,develop,L2H14,0.2413793103448276,-0.016027450561523438,False,False,True
codecontests_cpp_126,develop,MLP11,0.1839080459770115,-0.005615234375,False,False,True
codecontests_java_126,write,L2H14,-7.644295302013423,-0.142578125,False,True,False
codecontests_java_126,write,MLP11,-1.7248322147651007,0.04443359375,True,False,True
codecontests_java_126,develop,L2H14,0.0,-0.04247283935546875,False,False,True
codecontests_java_126,develop,MLP11,-1.441860465116279,-0.0185546875,False,False,True
apps_python_127,write,L2H14,0.048507462686567165,-0.4820556640625,False,False,False
apps_python_127,write,MLP11,0.6026119402985075,-0.0712890625,False,False,True
apps_python_127,develop,L2H14,0.03164556962025317,-0.071014404296875,False,False,True
apps_python_127,develop,MLP11,-0.4050632911392405,-0.1011962890625,False,False,True
codecontests_cpp_127,write,L2H14,0.7651515151515151,0.001220703125,True,True,False
codecontests_cpp_127,write,MLP11,-0.04329004329004329,-0.11744403839111328,False,True,False
codecontests_cpp_127,develop,L2H14,-0.006060606060606061,-0.07568359375,False,False,True
codecontests_cpp_127,develop,MLP11,-0.16363636363636364,-0.086395263671875,False,False,True
codecontests_java_127,write,L2H14,0.0,-0.2175760269165039,False,True,False
codecontests_java_127,write,MLP11,-0.14349775784753363,-0.24732208251953125,False,True,False
codecontests_java_127,develop,L2H14,-0.6168831168831169,-0.2257080078125,False,False,True
codecontests_java_127,develop,MLP11,0.5487012987012987,-0.024658203125,False,False,True
apps_python_128,write,L2H14,0.22972972972972974,-0.00333404541015625,False,True,False
apps_python_128,write,MLP11,-26.56756756756757,0.01904296875,True,True,False
apps_python_128,develop,L2H14,0.5833333333333334,-0.02203369140625,False,False,True
apps_python_128,develop,MLP11,-0.5069444444444444,-0.080810546875,False,False,True
apps_python_129,write,L2H14,0.39244186046511625,-0.391357421875,False,False,True
apps_python_129,write,MLP11,-0.7674418604651163,-1.154296875,False,False,True
apps_python_129,develop,L2H14,0.15384615384615385,-0.044811248779296875,False,False,True
apps_python_129,develop,MLP11,-0.2398190045248869,-0.064117431640625,False,False,True
codecontests_java_129,write,L2H14,0.26356589147286824,-0.1847076416015625,False,True,False
codecontests_java_129,write,MLP11,0.08527131782945736,-0.23038482666015625,False,True,False
codecontests_java_129,develop,L2H14,0.4064039408866995,-0.40625,False,False,True
codecontests_java_129,develop,MLP11,0.5147783251231527,-0.2392578125,False,False,True
apps_python_130,write,L2H14,-0.004878048780487805,-1.6082763671875,False,False,True
apps_python_130,write,MLP11,-0.17560975609756097,-1.8687744140625,False,False,True
apps_python_130,develop,L2H14,-0.07317073170731707,-0.5154933929443359,False,False,True
apps_python_130,develop,MLP11,-0.15447154471544716,-0.54510498046875,False,False,True
codecontests_cpp_130,write,L2H14,-2.3076923076923075,-0.3505859375,False,False,True
codecontests_cpp_130,write,MLP11,-4.661538461538462,-0.52734375,False,False,True
codecontests_cpp_130,develop,L2H14,0.12371134020618557,-0.020191192626953125,False,False,True
codecontests_cpp_130,develop,MLP11,-0.4020618556701031,-0.02813720703125,False,False,True
codecontests_java_130,write,L2H14,0.08333333333333333,-0.8574066162109375,False,True,False
codecontests_java_130,write,MLP11,0.7104166666666667,-0.009765625,False,False,True
codecontests_java_130,develop,L2H14,-0.24731182795698925,-0.110504150390625,False,False,True
codecontests_java_130,develop,MLP11,0.5456989247311828,-0.01123046875,False,False,True
humaneval_python_130,write,L2H14,0.47465437788018433,-0.10137939453125,False,True,False
humaneval_python_130,write,MLP11,0.8110599078341014,0.2509765625,True,True,False
humaneval_python_130,develop,L2H14,0.3742857142857143,-0.010589599609375,False,False,True
humaneval_python_130,develop,MLP11,-0.8971428571428571,-0.023681640625,False,False,True
mbpp_python_130,write,L2H14,0.22388059701492538,-0.29205322265625,False,True,False
mbpp_python_130,write,MLP11,0.42786069651741293,0.0126953125,True,True,False
mbpp_python_130,develop,L2H14,-0.16279069767441862,-0.0700531005859375,False,False,True
mbpp_python_130,develop,MLP11,-1.5271317829457365,-0.1297607421875,False,False,True
apps_python_131,write,L2H14,-0.18686868686868688,-0.44781494140625,False,False,True
apps_python_131,write,MLP11,-0.45454545454545453,-0.48974609375,False,False,True
apps_python_131,develop,L2H14,-1.121212121212121,-0.065673828125,False,False,True
apps_python_131,develop,MLP11,-0.6242424242424243,-0.03662109375,False,False,True
codecontests_cpp_131,write,L2H14,0.1956521739130435,-0.35626220703125,False,False,True
codecontests_cpp_131,write,MLP11,-0.41739130434782606,-0.6104736328125,False,False,True
codecontests_cpp_131,develop,L2H14,0.4166666666666667,-0.10772705078125,False,False,True
codecontests_cpp_131,develop,MLP11,-0.3523809523809524,-0.2587890625,False,False,True
codecontests_java_131,write,L2H14,0.0673076923076923,-0.18414306640625,False,False,False
codecontests_java_131,write,MLP11,0.32211538461538464,0.068359375,True,False,False
codecontests_java_131,develop,L2H14,-1.0721649484536082,-0.03607177734375,False,False,False
codecontests_java_131,develop,MLP11,-4.175257731958763,-0.00634765625,False,False,True
humaneval_python_131,write,L2H14,-0.9663865546218487,-0.42431640625,False,False,True
humaneval_python_131,write,MLP11,-4.243697478991597,-0.92578125,False,False,True
humaneval_python_131,develop,L2H14,-0.013888888888888888,-0.03537940979003906,False,False,True
humaneval_python_131,develop,MLP11,0.10416666666666667,-0.0286865234375,False,False,True
apps_python_132,write,L2H14,0.08396946564885496,-0.058994293212890625,False,False,True
apps_python_132,write,MLP11,0.4732824427480916,0.00439453125,True,False,True
apps_python_132,develop,L2H14,0.1722689075630252,-0.0463714599609375,False,False,True
apps_python_132,develop,MLP11,0.3025210084033613,-0.00634765625,False,False,True
codecontests_cpp_132,write,L2H14,-0.064,-4.155988693237305,False,False,True
codecontests_cpp_132,write,MLP11,0.204,-3.101898193359375,False,False,True
codecontests_cpp_132,develop,L2H14,0.09236947791164658,-0.11035645008087158,False,False,True
codecontests_cpp_132,develop,MLP11,-0.5180722891566265,-0.180999755859375,False,False,True
codecontests_java_132,write,L2H14,-0.08064516129032258,-0.031829833984375,False,False,True
codecontests_java_132,write,MLP11,-0.9838709677419355,-0.013671875,False,False,True
codecontests_java_132,develop,L2H14,0.16981132075471697,-0.07952880859375,False,False,True
codecontests_java_132,develop,MLP11,0.21226415094339623,-0.06964111328125,False,False,True
apps_python_133,write,L2H14,0.14418604651162792,-0.021575927734375,False,False,True
apps_python_133,write,MLP11,-8.972093023255814,-0.1083984375,False,False,True
apps_python_133,develop,L2H14,0.43956043956043955,-0.04150390625,False,False,True
apps_python_133,develop,MLP11,0.5879120879120879,-0.0191650390625,False,False,True
codecontests_java_133,write,L2H14,0.4730941704035874,-0.2132568359375,False,True,False
codecontests_java_133,write,MLP11,0.695067264573991,-0.085693359375,False,True,False
codecontests_java_133,develop,L2H14,-0.16862745098039217,-0.01731109619140625,False,False,True
codecontests_java_133,develop,MLP11,-0.788235294117647,0.00244140625,True,False,True
mbpp_python_133,write,L2H14,0.2533783783783784,-0.1048431396484375,False,True,False
mbpp_python_133,write,MLP11,0.40878378378378377,-0.078277587890625,False,True,False
mbpp_python_133,develop,L2H14,-0.706766917293233,-0.400146484375,False,False,True
mbpp_python_133,develop,MLP11,-0.5263157894736842,-0.366455078125,False,False,True
apps_python_134,write,L2H14,-0.021367521367521368,-1.862640380859375,False,False,True
apps_python_134,write,MLP11,-0.0811965811965812,-1.87890625,False,False,True
apps_python_134,develop,L2H14,0.24834437086092714,-0.0540313720703125,False,False,True
apps_python_134,develop,MLP11,0.38741721854304634,0.00390625,True,False,True
codecontests_cpp_134,write,L2H14,-0.11740890688259109,-0.5385208129882812,False,False,True
codecontests_cpp_134,write,MLP11,-0.3684210526315789,-0.6439208984375,False,False,True
codecontests_cpp_134,develop,L2H14,-0.10655737704918032,-0.0318450927734375,False,False,True
codecontests_cpp_134,develop,MLP11,-0.6721311475409836,-0.04144287109375,False,False,True
codecontests_java_134,write,L2H14,0.026923076923076925,-0.9878692626953125,False,True,False
codecontests_java_134,write,MLP11,0.15,-0.855926513671875,False,True,False
codecontests_java_134,develop,L2H14,-0.11965811965811966,-0.12200927734375,False,False,True
codecontests_java_134,develop,MLP11,0.4722222222222222,0.094970703125,True,False,True
apps_python_135,write,L2H14,-1.4973544973544974,-0.1923828125,False,False,True
apps_python_135,write,MLP11,0.43386243386243384,-0.0185546875,False,True,False
apps_python_135,develop,L2H14,0.011428571428571429,-0.1675262451171875,False,False,True
apps_python_135,develop,MLP11,0.4542857142857143,-0.07769775390625,False,False,True
apps_python_136,write,L2H14,0.5168539325842697,-0.0361328125,False,True,False
apps_python_136,write,MLP11,0.20786516853932585,-0.0667724609375,False,True,False
apps_python_136,develop,L2H14,0.22727272727272727,-0.04180908203125,False,False,True
apps_python_136,develop,MLP11,-0.972027972027972,-0.09423828125,False,False,True
codecontests_cpp_136,write,L2H14,-0.4,-0.204315185546875,False,False,True
codecontests_cpp_136,write,MLP11,-5.554838709677419,-0.6015625,False,False,True
codecontests_cpp_136,develop,L2H14,0.12337662337662338,-0.0630035400390625,False,False,True
codecontests_cpp_136,develop,MLP11,-1.4025974025974026,-0.134521484375,False,False,True
codecontests_java_136,write,L2H14,-0.425414364640884,-0.245819091796875,False,True,False
codecontests_java_136,write,MLP11,0.6878453038674033,0.09423828125,True,False,True
codecontests_java_136,develop,L2H14,0.5521327014218009,-0.010986328125,False,False,True
codecontests_java_136,develop,MLP11,-1.6161137440758293,-0.1107177734375,False,False,True
codecontests_cpp_137,write,L2H14,0.1598639455782313,-0.4786529541015625,False,False,True
codecontests_cpp_137,write,MLP11,0.29591836734693877,-0.39398193359375,False,False,True
codecontests_cpp_137,develop,L2H14,-0.2396694214876033,-0.00844573974609375,False,False,True
codecontests_cpp_137,develop,MLP11,0.04132231404958678,-0.00518035888671875,False,False,True
codecontests_java_137,write,L2H14,0.17757009345794392,-1.36328125,False,True,False
codecontests_java_137,write,MLP11,0.40420560747663553,-0.8974609375,False,True,False
codecontests_java_137,develop,L2H14,-0.11016949152542373,-0.06354331970214844,False,False,True
codecontests_java_137,develop,MLP11,0.1864406779661017,-0.01806640625,False,False,True
humaneval_python_137,write,L2H14,-0.4358974358974359,-0.0379486083984375,False,True,False
humaneval_python_137,write,MLP11,0.21367521367521367,-0.0206756591796875,False,True,False
humaneval_python_137,develop,L2H14,0.00425531914893617,-0.223480224609375,False,False,True
humaneval_python_137,develop,MLP11,0.34893617021276596,-0.1292724609375,False,False,True
apps_python_138,write,L2H14,-2.306122448979592,-0.0281982421875,False,True,False
apps_python_138,write,MLP11,-6.755102040816326,-0.04541015625,False,True,False
apps_python_138,develop,L2H14,-0.18385650224215247,-0.25821876525878906,False,False,True
apps_python_138,develop,MLP11,0.20179372197309417,-0.15826416015625,False,False,True
codecontests_cpp_138,write,L2H14,-0.15591397849462366,-0.0831298828125,False,False,True
codecontests_cpp_138,write,MLP11,-1.053763440860215,-0.162841796875,False,False,True
codecontests_cpp_138,develop,L2H14,-0.12751677852348994,-0.081085205078125,False,False,True
codecontests_cpp_138,develop,MLP11,-1.4161073825503356,-0.1529541015625,False,False,True
codecontests_java_138,write,L2H14,-0.9151515151515152,-0.5673828125,False,True,False
codecontests_java_138,write,MLP11,-0.34545454545454546,-0.415283203125,False,True,False
codecontests_java_138,develop,L2H14,-0.18012422360248448,-0.016510009765625,False,False,True
codecontests_java_138,develop,MLP11,-2.1552795031055902,-0.028564453125,False,False,True
codecontests_cpp_139,write,L2H14,-0.07103825136612021,-1.5306015014648438,False,False,True
codecontests_cpp_139,write,MLP11,-0.639344262295082,-2.27197265625,False,False,True
codecontests_cpp_139,develop,L2H14,-0.9119496855345912,-0.0155792236328125,False,False,True
codecontests_cpp_139,develop,MLP11,0.018867924528301886,-0.005584716796875,False,False,True
codecontests_java_139,write,L2H14,-1.6256983240223464,-0.080810546875,False,False,True
codecontests_java_139,write,MLP11,0.18435754189944134,0.016845703125,True,False,True
codecontests_java_139,develop,L2H14,0.021739130434782608,-0.01511383056640625,False,False,True
codecontests_java_139,develop,MLP11,-1.4057971014492754,-0.022216796875,False,False,True
humaneval_python_139,write,L2H14,-0.275,-0.090576171875,False,False,True
humaneval_python_139,write,MLP11,-5.175,-0.103515625,False,False,True
humaneval_python_139,develop,L2H14,-0.22302158273381295,-0.080780029296875,False,False,True
humaneval_python_139,develop,MLP11,0.17266187050359713,-0.049530029296875,False,False,True
apps_python_140,write,L2H14,0.22926829268292684,-0.598388671875,False,False,False
apps_python_140,write,MLP11,0.25365853658536586,-0.564208984375,False,False,True
apps_python_140,develop,L2H14,-1.5714285714285714,-0.00937652587890625,False,False,False
apps_python_140,develop,MLP11,-0.44285714285714284,0.002685546875,True,False,True
codecontests_cpp_140,write,L2H14,0.17982456140350878,-2.9199676513671875,False,False,True
codecontests_cpp_140,write,MLP11,0.3815789473684211,-2.185302734375,False,False,True
codecontests_cpp_140,develop,L2H14,-0.13807531380753138,-0.03312826156616211,False,False,True
codecontests_cpp_140,develop,MLP11,-1.1422594142259415,-0.0489501953125,False,False,True
codecontests_java_140,write,L2H14,0.7356687898089171,0.00543212890625,True,False,True
codecontests_java_140,write,MLP11,-0.31210191082802546,-0.042938232421875,False,False,True
codecontests_java_140,develop,L2H14,-0.15544041450777202,-0.026493072509765625,False,False,True
codecontests_java_140,develop,MLP11,-0.20725388601036268,0.0096435546875,True,False,True
mbpp_python_140,write,L2H14,-0.0718954248366013,-0.3206005096435547,False,False,True
mbpp_python_140,write,MLP11,-0.09803921568627451,-0.3253936767578125,False,False,True
mbpp_python_140,develop,L2H14,-0.027210884353741496,-0.015899658203125,False,False,True
mbpp_python_140,develop,MLP11,0.32653061224489793,-0.00555419921875,False,False,True
apps_python_141,write,L2H14,0.09174311926605505,-0.384185791015625,False,False,True
apps_python_141,write,MLP11,0.0963302752293578,-0.37701416015625,False,False,True
apps_python_141,develop,L2H14,0.3333333333333333,-0.0113372802734375,False,False,True
apps_python_141,develop,MLP11,0.24666666666666667,0.0025634765625,True,False,True
codecontests_cpp_141,write,L2H14,-0.14545454545454545,-0.005573272705078125,False,True,False
codecontests_cpp_141,write,MLP11,-0.06666666666666667,-0.005190849304199219,False,True,False
codecontests_cpp_141,develop,L2H14,0.7327586206896551,0.009033203125,True,False,True
codecontests_cpp_141,develop,MLP11,-1.0775862068965518,-0.11138916015625,False,False,True
codecontests_java_141,write,L2H14,0.09659090909090909,-2.483551025390625,False,True,False
codecontests_java_141,write,MLP11,0.3778409090909091,-1.657470703125,False,True,False
codecontests_java_141,develop,L2H14,-0.5193798449612403,-0.041748046875,False,False,True
codecontests_java_141,develop,MLP11,-2.0697674418604652,0.048828125,True,False,True
apps_python_142,write,L2H14,0.016260162601626018,-0.0577239990234375,False,True,False
apps_python_142,write,MLP11,-0.21138211382113822,-0.07122802734375,False,True,False
apps_python_142,develop,L2H14,-0.16149068322981366,-0.3626861572265625,False,False,True
apps_python_142,develop,MLP11,0.2795031055900621,-0.2091064453125,False,False,True
codecontests_cpp_142,write,L2H14,-0.125,-2.3879241943359375,False,False,True
codecontests_cpp_142,write,MLP11,-0.47794117647058826,-3.1044921875,False,False,True
codecontests_cpp_142,develop,L2H14,0.13736263736263737,-0.01757049560546875,False,False,True
codecontests_cpp_142,develop,MLP11,-0.5824175824175825,-0.02667236328125,False,False,True
codecontests_java_142,write,L2H14,-0.8257261410788381,-0.0977783203125,False,False,True
codecontests_java_142,write,MLP11,0.2946058091286307,0.0078125,True,False,True
codecontests_java_142,develop,L2H14,0.07894736842105263,-0.031463623046875,False,False,True
codecontests_java_142,develop,MLP11,-0.8157894736842105,-0.00146484375,False,False,True
apps_python_143,write,L2H14,-0.19158878504672897,-0.4954833984375,False,False,True
apps_python_143,write,MLP11,-0.4392523364485981,-0.525390625,False,False,True
apps_python_143,develop,L2H14,0.3595505617977528,-0.2056884765625,False,False,True
apps_python_143,develop,MLP11,0.44662921348314605,-0.12158203125,False,False,True
codecontests_cpp_143,write,L2H14,0.00684931506849315,-0.14159590005874634,False,False,True
codecontests_cpp_143,write,MLP11,-2.4657534246575343,-0.404296875,False,False,True
codecontests_cpp_143,develop,L2H14,-0.7450199203187251,-0.00408935546875,False,False,True
codecontests_cpp_143,develop,MLP11,-5.278884462151394,-0.0035400390625,False,False,True
codecontests_java_143,write,L2H14,-0.0319634703196347,-0.026336669921875,False,False,True
codecontests_java_143,write,MLP11,-1.63013698630137,-0.0423583984375,False,False,True
codecontests_java_143,develop,L2H14,0.11067193675889328,-0.105438232421875,False,False,True
codecontests_java_143,develop,MLP11,0.44664031620553357,-0.00439453125,False,False,True
apps_python_144,write,L2H14,-0.2692307692307692,-0.03887939453125,False,False,True
apps_python_144,write,MLP11,-8.23076923076923,-0.125,False,False,True
apps_python_144,develop,L2H14,-0.5769230769230769,-0.01094818115234375,False,False,True
apps_python_144,develop,MLP11,-1.2923076923076924,-0.013580322265625,False,False,True
codecontests_java_144,write,L2H14,-0.10778443113772455,-0.00516510009765625,False,True,False
codecontests_java_144,write,MLP11,0.5059880239520959,-0.000518798828125,False,True,False
codecontests_java_144,develop,L2H14,0.35365853658536583,-0.02655029296875,False,False,True
codecontests_java_144,develop,MLP11,0.5365853658536586,0.010009765625,True,False,True
mbpp_python_144,write,L2H14,-1.1717171717171717,-0.37255859375,False,False,True
mbpp_python_144,write,MLP11,0.7689393939393939,0.025634765625,True,True,False
mbpp_python_144,develop,L2H14,0.037209302325581395,-0.0977935791015625,False,False,True
mbpp_python_144,develop,MLP11,0.4232558139534884,-0.04571533203125,False,False,True
codecontests_cpp_145,write,L2H14,-0.5567567567567567,-0.06842803955078125,False,False,True
codecontests_cpp_145,write,MLP11,-1.5621621621621622,-0.072998046875,False,False,True
codecontests_cpp_145,develop,L2H14,0.31088082901554404,-0.0058746337890625,False,False,True
codecontests_cpp_145,develop,MLP11,-1.8186528497409327,-0.02630615234375,False,False,True
codecontests_java_145,write,L2H14,-0.8395061728395061,-0.0159149169921875,False,False,True
codecontests_java_145,write,MLP11,-7.938271604938271,0.04833984375,True,False,True
codecontests_java_145,develop,L2H14,0.1693121693121693,-0.0751495361328125,False,False,True
codecontests_java_145,develop,MLP11,0.8068783068783069,0.113037109375,True,False,True
humaneval_python_145,write,L2H14,0.5788590604026845,-0.01031494140625,False,True,False
humaneval_python_145,write,MLP11,-0.020134228187919462,-0.036273956298828125,False,True,False
humaneval_python_145,develop,L2H14,0.5693069306930693,-0.043212890625,False,False,True
humaneval_python_145,develop,MLP11,0.7797029702970297,0.0556640625,True,False,True
apps_python_146,write,L2H14,-0.06072874493927125,-0.122161865234375,False,False,True
apps_python_146,write,MLP11,-1.0728744939271255,0.06640625,True,False,True
apps_python_146,develop,L2H14,0.060810810810810814,-0.01799774169921875,False,False,True
apps_python_146,develop,MLP11,-2.4864864864864864,-0.0400390625,False,False,True
codecontests_java_146,write,L2H14,0.0,-1.1083221435546875,False,True,False
codecontests_java_146,write,MLP11,0.20774647887323944,-0.8662109375,False,True,False
codecontests_java_146,develop,L2H14,0.08666666666666667,-0.13351058959960938,False,False,True
codecontests_java_146,develop,MLP11,0.635,0.039794921875,True,False,True
codecontests_cpp_147,write,L2H14,-1.661764705882353,-0.638671875,False,False,True
codecontests_cpp_147,write,MLP11,-1.661764705882353,-0.63916015625,False,False,True
codecontests_cpp_147,develop,L2H14,0.0979020979020979,-0.03018951416015625,False,False,True
codecontests_cpp_147,develop,MLP11,0.15734265734265734,-0.02606201171875,False,False,True
codecontests_java_147,write,L2H14,-0.04242424242424243,-1.3426971435546875,False,True,False
codecontests_java_147,write,MLP11,0.6984848484848485,0.044921875,True,False,True
codecontests_java_147,develop,L2H14,-0.10588235294117647,-0.04555702209472656,False,False,True
codecontests_java_147,develop,MLP11,0.4647058823529412,-0.008544921875,False,False,True
mbpp_python_147,write,L2H14,-0.5,-0.7188720703125,False,False,True
mbpp_python_147,write,MLP11,0.3055555555555556,-0.30859375,False,False,True
mbpp_python_147,develop,L2H14,-0.014218009478672985,-0.10392379760742188,False,False,True
mbpp_python_147,develop,MLP11,0.24644549763033174,-0.065185546875,False,False,True
apps_python_148,write,L2H14,0.6027667984189723,-0.004486083984375,False,True,False
apps_python_148,write,MLP11,-17.972332015810277,-0.2109375,False,False,True
apps_python_148,develop,L2H14,-0.09163346613545817,-0.007495880126953125,False,False,True
apps_python_148,develop,MLP11,-1.597609561752988,-0.0042724609375,False,False,True
codecontests_cpp_148,write,L2H14,0.587248322147651,-0.14892578125,False,True,False
codecontests_cpp_148,write,MLP11,0.053691275167785234,-0.53851318359375,False,False,True
codecontests_cpp_148,develop,L2H14,-0.2737430167597765,-0.22172927856445312,False,False,True
codecontests_cpp_148,develop,MLP11,-0.15083798882681565,-0.19049072265625,False,False,True
codecontests_java_148,write,L2H14,-0.33663366336633666,-0.51263427734375,False,False,True
codecontests_java_148,write,MLP11,-0.06930693069306931,-0.404296875,False,False,True
codecontests_java_148,develop,L2H14,0.05759162303664921,-0.171630859375,False,False,True
codecontests_java_148,develop,MLP11,-0.19895287958115182,-0.169189453125,False,False,True
humaneval_python_148,write,L2H14,0.14215686274509803,-0.08448028564453125,False,False,True
humaneval_python_148,write,MLP11,-1.0392156862745099,-0.17578125,False,False,True
humaneval_python_148,develop,L2H14,-0.11392405063291139,-0.125640869140625,False,False,True
humaneval_python_148,develop,MLP11,0.1518987341772152,-0.0946197509765625,False,False,True
mbpp_python_148,write,L2H14,-0.9794871794871794,-0.0826416015625,False,True,False
mbpp_python_148,write,MLP11,-2.0974358974358975,-0.1234130859375,False,True,False
mbpp_python_148,develop,L2H14,-0.8231292517006803,-0.11895751953125,False,False,True
mbpp_python_148,develop,MLP11,-1.3401360544217686,0.015625,True,True,False
codecontests_cpp_149,write,L2H14,-0.010471204188481676,-0.04725456237792969,False,True,False
codecontests_cpp_149,write,MLP11,0.5287958115183246,-0.01519775390625,False,True,False
codecontests_cpp_149,develop,L2H14,0.5840909090909091,-0.004180908203125,False,False,True
codecontests_cpp_149,develop,MLP11,0.5568181818181818,-0.0045166015625,False,False,True
codecontests_java_149,write,L2H14,-0.26126126126126126,-2.17822265625,False,True,False
codecontests_java_149,write,MLP11,0.3918918918918919,-1.019775390625,False,True,False
codecontests_java_149,develop,L2H14,-0.08433734939759036,-0.06121826171875,False,False,True
codecontests_java_149,develop,MLP11,0.1566265060240964,-0.03973388671875,False,False,True
humaneval_python_149,write,L2H14,-1.1954887218045114,-0.065948486328125,False,True,False
humaneval_python_149,write,MLP11,0.022556390977443608,-0.03166532516479492,False,True,False
humaneval_python_149,develop,L2H14,0.8014705882352942,0.03497314453125,True,False,True
humaneval_python_149,develop,MLP11,0.7617647058823529,0.0338134765625,True,False,True
mbpp_python_149,write,L2H14,-0.35555555555555557,-0.019073486328125,False,True,False
mbpp_python_149,write,MLP11,-17.133333333333333,-0.10546875,False,False,True
mbpp_python_149,develop,L2H14,0.2235294117647059,-0.00872802734375,False,False,True
mbpp_python_149,develop,MLP11,-0.0196078431372549,-0.009857177734375,False,False,True
apps_python_150,write,L2H14,0.01507537688442211,-0.37255859375,False,False,True
apps_python_150,write,MLP11,0.04020100502512563,-0.3438720703125,False,False,True
apps_python_150,develop,L2H14,-0.11330049261083744,-0.051849365234375,False,False,True
apps_python_150,develop,MLP11,-1.3448275862068966,-0.04833984375,False,False,True
apps_python_151,write,L2H14,0.5141843971631206,-0.054931640625,False,True,False
apps_python_151,write,MLP11,0.9242021276595744,0.05645751953125,True,True,False
apps_python_151,develop,L2H14,-0.3422222222222222,-0.017543792724609375,False,False,True
apps_python_151,develop,MLP11,0.26222222222222225,-0.0075836181640625,False,False,True
codecontests_java_151,write,L2H14,-0.05641025641025641,-0.10052609443664551,False,False,True
codecontests_java_151,write,MLP11,-2.753846153846154,-0.26220703125,False,True,False
codecontests_java_151,develop,L2H14,0.16336633663366337,-0.03656005859375,False,False,True
codecontests_java_151,develop,MLP11,0.31683168316831684,-0.022705078125,False,False,True
humaneval_python_151,write,L2H14,0.007194244604316547,-0.0336458683013916,False,True,False
humaneval_python_151,write,MLP11,0.18345323741007194,-0.027347564697265625,False,True,False
humaneval_python_151,develop,L2H14,0.587378640776699,-0.0028076171875,False,False,True
humaneval_python_151,develop,MLP11,0.13592233009708737,-0.0263671875,False,False,True
apps_python_152,write,L2H14,0.22093023255813954,-0.502197265625,False,False,True
apps_python_152,write,MLP11,0.37209302325581395,0.03515625,True,True,False
apps_python_152,develop,L2H14,-0.08870967741935484,-0.524200439453125,False,False,True
apps_python_152,develop,MLP11,0.3870967741935484,-0.21630859375,False,False,True
codecontests_cpp_152,write,L2H14,-0.8921161825726142,-0.412841796875,False,False,True
codecontests_cpp_152,write,MLP11,-0.7676348547717843,-0.3642578125,False,False,True
codecontests_cpp_152,develop,L2H14,-0.2033898305084746,-0.1341552734375,False,False,True
codecontests_cpp_152,develop,MLP11,-0.7627118644067796,-0.1798095703125,False,False,True
codecontests_java_152,write,L2H14,-0.39555555555555555,-0.03741455078125,False,False,True
codecontests_java_152,write,MLP11,-0.2,0.052001953125,True,False,True
codecontests_java_152,develop,L2H14,-0.09042553191489362,-0.05028247833251953,False,False,True
codecontests_java_152,develop,MLP11,-0.12234042553191489,0.024169921875,True,False,True
apps_python_153,write,L2H14,0.3617021276595745,-0.01378631591796875,False,True,False
apps_python_153,write,MLP11,0.7021276595744681,0.0225830078125,True,True,False
apps_python_153,develop,L2H14,-0.42138364779874216,-0.023681640625,False,False,True
apps_python_153,develop,MLP11,-0.9245283018867925,-0.030029296875,False,False,True
codecontests_cpp_153,write,L2H14,0.5638888888888889,-0.042724609375,False,True,False
codecontests_cpp_153,write,MLP11,0.5638888888888889,-0.04345703125,False,True,False
codecontests_cpp_153,develop,L2H14,0.7294776119402985,-0.00927734375,False,False,True
codecontests_cpp_153,develop,MLP11,0.458955223880597,-0.0327606201171875,False,False,True
codecontests_java_153,write,L2H14,-0.06358381502890173,-1.435577392578125,False,True,False
codecontests_java_153,write,MLP11,0.569364161849711,-0.3896484375,False,False,True
codecontests_java_153,develop,L2H14,0.016666666666666666,-0.02260589599609375,False,False,True
codecontests_java_153,develop,MLP11,-1.6777777777777778,-0.011962890625,False,False,True
apps_python_154,write,L2H14,-0.24897959183673468,-1.17919921875,False,False,False
apps_python_154,write,MLP11,0.2,-0.6123046875,False,False,False
apps_python_154,develop,L2H14,-0.06349206349206349,-0.3892059326171875,False,False,False
apps_python_154,develop,MLP11,-0.06349206349206349,-0.3883056640625,False,False,False
codecontests_cpp_154,write,L2H14,-0.5564516129032258,-0.7276611328125,False,False,True
codecontests_cpp_154,write,MLP11,-2.1129032258064515,-1.26953125,False,False,True
codecontests_cpp_154,develop,L2H14,0.06896551724137931,-0.0222930908203125,False,False,True
codecontests_cpp_154,develop,MLP11,-0.4187192118226601,-0.0323028564453125,False,False,True
codecontests_java_154,write,L2H14,-0.2562814070351759,-0.119659423828125,False,False,True
codecontests_java_154,write,MLP11,0.2613065326633166,-0.0504150390625,False,False,True
codecontests_java_154,develop,L2H14,-0.016129032258064516,-0.06142568588256836,False,False,True
codecontests_java_154,develop,MLP11,0.16129032258064516,0.0078125,True,False,True
humaneval_python_154,write,L2H14,-0.7934782608695652,0.000934600830078125,True,True,False
humaneval_python_154,write,MLP11,-29.956521739130434,0.007080078125,True,True,False
humaneval_python_154,develop,L2H14,-1.5570776255707763,-0.02581787109375,False,False,True
humaneval_python_154,develop,MLP11,-4.333333333333333,0.05078125,True,True,False
apps_python_155,write,L2H14,-0.37755102040816324,-0.033359527587890625,False,True,False
apps_python_155,write,MLP11,-1.3673469387755102,-0.0445556640625,False,True,False
apps_python_155,develop,L2H14,0.1596244131455399,-0.021167755126953125,False,False,True
apps_python_155,develop,MLP11,-0.5305164319248826,-0.034759521484375,False,False,True
apps_python_156,write,L2H14,-0.2968036529680365,-2.202880859375,False,False,True
apps_python_156,write,MLP11,-0.0273972602739726,-1.619140625,False,False,False
apps_python_156,develop,L2H14,-0.023474178403755867,-0.8498001098632812,False,False,True
apps_python_156,develop,MLP11,0.5258215962441315,-0.29296875,False,False,True
codecontests_cpp_156,write,L2H14,0.657103825136612,-0.0318603515625,False,False,True
codecontests_cpp_156,write,MLP11,-0.6284153005464481,-0.274169921875,False,False,True
codecontests_cpp_156,develop,L2H14,0.21182266009852216,-0.0069427490234375,False,False,True
codecontests_cpp_156,develop,MLP11,0.3768472906403941,-0.002593994140625,False,False,True
codecontests_java_156,write,L2H14,-0.24390243902439024,-0.0467529296875,False,False,True
codecontests_java_156,write,MLP11,0.4695121951219512,0.026123046875,True,False,True
codecontests_java_156,develop,L2H14,-0.15566037735849056,-0.11824798583984375,False,False,True
codecontests_java_156,develop,MLP11,0.7040094339622641,0.0406494140625,True,False,True
apps_python_157,write,L2H14,0.040983606557377046,-0.451385498046875,False,True,False
apps_python_157,write,MLP11,0.30327868852459017,-0.15625,False,False,True
apps_python_157,develop,L2H14,0.03333333333333333,-0.0969085693359375,False,False,True
apps_python_157,develop,MLP11,-0.5714285714285714,-0.124755859375,False,False,True
codecontests_java_157,write,L2H14,0.36764705882352944,-0.2235107421875,False,False,True
codecontests_java_157,write,MLP11,0.8786764705882353,0.35205078125,True,False,True
codecontests_java_157,develop,L2H14,-0.6018957345971564,-0.07464599609375,False,False,True
codecontests_java_157,develop,MLP11,0.44786729857819907,-0.01519775390625,False,False,True
apps_python_158,write,L2H14,0.10666666666666667,-0.04793548583984375,False,True,False
apps_python_158,write,MLP11,0.013333333333333334,-0.0345458984375,False,True,False
apps_python_158,develop,L2H14,0.266025641025641,-0.049163818359375,False,False,True
apps_python_158,develop,MLP11,-0.46153846153846156,-0.0963134765625,False,False,True
codecontests_cpp_158,write,L2H14,-0.6502242152466368,-0.6934814453125,False,False,True
codecontests_cpp_158,write,MLP11,-0.18385650224215247,-0.502197265625,False,False,True
codecontests_cpp_158,develop,L2H14,-0.0390625,-0.06455039978027344,False,False,True
codecontests_cpp_158,develop,MLP11,-0.875,-0.105712890625,False,False,True
codecontests_java_158,write,L2H14,-0.16203703703703703,-0.486328125,False,True,False
codecontests_java_158,write,MLP11,-0.49074074074074076,-0.586181640625,False,True,False
codecontests_java_158,develop,L2H14,0.14,-0.11865234375,False,False,True
codecontests_java_158,develop,MLP11,0.6416666666666667,0.080322265625,True,False,True
codecontests_cpp_159,write,L2H14,-1.5872340425531914,-0.5166015625,False,False,True
codecontests_cpp_159,write,MLP11,-1.8425531914893618,-0.5556640625,False,False,True
codecontests_cpp_159,develop,L2H14,0.051094890510948905,-0.01467132568359375,False,False,True
codecontests_cpp_159,develop,MLP11,-0.5109489051094891,-0.02381134033203125,False,False,True
codecontests_java_159,write,L2H14,0.15942028985507245,-0.899810791015625,False,True,False
codecontests_java_159,write,MLP11,0.2753623188405797,-0.7542724609375,False,True,False
codecontests_java_159,develop,L2H14,0.2120253164556962,-0.055389404296875,False,False,True
codecontests_java_159,develop,MLP11,0.439873417721519,-0.022216796875,False,False,True
apps_python_160,write,L2H14,0.07058823529411765,-0.44921875,False,True,False
apps_python_160,write,MLP11,0.20784313725490197,-0.3712158203125,False,True,False
apps_python_160,develop,L2H14,-0.0136986301369863,-0.5771026611328125,False,True,False
apps_python_160,develop,MLP11,-0.2808219178082192,-0.65673828125,False,True,False
codecontests_java_160,write,L2H14,0.3211009174311927,-0.07135772705078125,False,True,False
codecontests_java_160,write,MLP11,0.11467889908256881,-0.09398460388183594,False,True,False
codecontests_java_160,develop,L2H14,-0.3557692307692308,-0.2628173828125,False,False,True
codecontests_java_160,develop,MLP11,0.5576923076923077,0.1416015625,True,False,True
apps_python_161,write,L2H14,0.10526315789473684,-0.0135498046875,False,True,False
apps_python_161,write,MLP11,-0.5906432748538012,-0.02069091796875,False,True,False
apps_python_161,develop,L2H14,0.039525691699604744,-0.0263824462890625,False,False,True
apps_python_161,develop,MLP11,0.4426877470355731,-0.00555419921875,False,False,True
codecontests_cpp_161,write,L2H14,-0.4782608695652174,-0.1019287109375,False,False,True
codecontests_cpp_161,write,MLP11,-5.217391304347826,-0.203125,False,False,True
codecontests_cpp_161,develop,L2H14,0.14453125,-0.209381103515625,False,False,True
codecontests_cpp_161,develop,MLP11,0.015625,-0.211669921875,False,False,True
codecontests_java_161,write,L2H14,-0.09852216748768473,-0.10778045654296875,False,False,True
codecontests_java_161,write,MLP11,-0.29064039408866993,0.0029296875,True,False,True
codecontests_java_161,develop,L2H14,-1.2645502645502646,-0.041259765625,False,False,True
codecontests_java_161,develop,MLP11,-7.0,-0.07861328125,False,False,True
humaneval_python_161,write,L2H14,0.0,-0.3046865686774254,False,True,False
humaneval_python_161,write,MLP11,-0.08974358974358974,-0.3310394287109375,False,True,False
humaneval_python_161,develop,L2H14,0.6583969465648855,0.0885009765625,True,False,True
humaneval_python_161,develop,MLP11,0.6698473282442748,0.0550537109375,True,False,True
apps_python_162,write,L2H14,-0.2719298245614035,-0.241455078125,False,False,True
apps_python_162,write,MLP11,0.2894736842105263,-0.09228515625,False,False,True
apps_python_162,develop,L2H14,-0.13756613756613756,-0.05144500732421875,False,False,True
apps_python_162,develop,MLP11,-1.3915343915343916,-0.086669921875,False,False,True
codecontests_cpp_162,write,L2H14,-4.011764705882353,-0.1416015625,False,False,True
codecontests_cpp_162,write,MLP11,-2.0823529411764707,-0.098388671875,False,False,True
codecontests_cpp_162,develop,L2H14,-0.09392265193370165,-0.023944854736328125,False,False,True
codecontests_cpp_162,develop,MLP11,0.06629834254143646,-0.013336181640625,False,False,True
codecontests_java_162,write,L2H14,-0.16847826086956522,-0.10440444946289062,False,True,False
codecontests_java_162,write,MLP11,-0.08695652173913043,-0.095672607421875,False,True,False
codecontests_java_162,develop,L2H14,-0.18404907975460122,-0.01904296875,False,False,True
codecontests_java_162,develop,MLP11,-3.4662576687116564,-0.02197265625,False,False,True
apps_python_163,write,L2H14,-0.3357142857142857,-0.36083984375,False,True,False
apps_python_163,write,MLP11,0.5857142857142857,-0.086181640625,False,True,False
apps_python_163,develop,L2H14,0.1423611111111111,-0.11948394775390625,False,False,True
apps_python_163,develop,MLP11,0.7638888888888888,0.025390625,True,False,True
codecontests_cpp_163,write,L2H14,-0.06467661691542288,-1.6678466796875,False,False,True
codecontests_cpp_163,write,MLP11,0.08955223880597014,-1.4090576171875,False,False,True
codecontests_cpp_163,develop,L2H14,0.15263157894736842,-0.071014404296875,False,False,True
codecontests_cpp_163,develop,MLP11,-0.05263157894736842,-0.09774255752563477,False,False,True
codecontests_java_163,write,L2H14,-0.2736318407960199,-0.9912109375,False,True,False
codecontests_java_163,write,MLP11,0.14427860696517414,-0.6551513671875,False,True,False
codecontests_java_163,develop,L2H14,-0.0779816513761468,-0.02484130859375,False,False,True
codecontests_java_163,develop,MLP11,-1.5504587155963303,-0.050537109375,False,False,True
apps_python_164,write,L2H14,-0.11165048543689321,-0.44207763671875,False,False,True
apps_python_164,write,MLP11,-4.242718446601942,-1.54296875,False,False,True
apps_python_164,develop,L2H14,-0.19662921348314608,-0.0496673583984375,False,False,True
apps_python_164,develop,MLP11,-1.1910112359550562,-0.0799560546875,False,False,True
codecontests_cpp_165,write,L2H14,-0.5878378378378378,-0.0106201171875,False,True,False
codecontests_cpp_165,write,MLP11,-0.7567567567567568,-0.01849365234375,False,True,False
codecontests_cpp_165,develop,L2H14,0.15384615384615385,-0.06158447265625,False,False,True
codecontests_cpp_165,develop,MLP11,-0.32051282051282054,-0.0953369140625,False,False,True
codecontests_java_165,write,L2H14,0.1339712918660287,-1.41131591796875,False,True,False
codecontests_java_165,write,MLP11,0.291866028708134,-1.1402587890625,False,True,False
codecontests_java_165,develop,L2H14,0.09580838323353294,-0.13616943359375,False,False,True
codecontests_java_165,develop,MLP11,0.7050898203592815,0.072021484375,True,False,True
mbpp_python_165,write,L2H14,-0.12903225806451613,-0.2050461769104004,False,True,False
mbpp_python_165,write,MLP11,0.14516129032258066,-0.15471649169921875,False,True,False
mbpp_python_165,develop,L2H14,-0.12206572769953052,-0.11517333984375,False,False,True
mbpp_python_165,develop,MLP11,-1.375586854460094,-0.198974609375,False,False,True
apps_python_166,write,L2H14,-0.42962962962962964,-0.18365478515625,False,True,False
apps_python_166,write,MLP11,0.27037037037037037,-0.08636474609375,False,True,False
apps_python_166,develop,L2H14,-0.9562841530054644,-0.0694580078125,False,False,True
apps_python_166,develop,MLP11,-1.4262295081967213,-0.0806884765625,False,False,True
codecontests_java_166,write,L2H14,0.23873873873873874,-0.32763671875,False,True,False
codecontests_java_166,write,MLP11,0.3063063063063063,-0.296112060546875,False,True,False
codecontests_java_166,develop,L2H14,0.19553072625698323,-0.138275146484375,False,False,True
codecontests_java_166,develop,MLP11,0.7737430167597765,0.07666015625,True,False,True
apps_python_167,write,L2H14,0.282312925170068,-0.05019378662109375,False,True,False
apps_python_167,write,MLP11,-0.3945578231292517,-0.095458984375,False,True,False
apps_python_167,develop,L2H14,0.042328042328042326,-0.35372352600097656,False,False,True
apps_python_167,develop,MLP11,0.19576719576719576,-0.2728271484375,False,False,True
codecontests_java_167,write,L2H14,0.6933333333333334,0.0059814453125,True,True,False
codecontests_java_167,write,MLP11,0.96875,0.126617431640625,True,True,False
codecontests_java_167,develop,L2H14,-0.250996015936255,-0.071502685546875,False,False,True
codecontests_java_167,develop,MLP11,-1.454183266932271,0.048828125,True,False,True
mbpp_python_167,write,L2H14,-0.215,-1.891632080078125,False,False,False
mbpp_python_167,write,MLP11,0.13,-1.27294921875,False,False,False
mbpp_python_167,develop,L2H14,0.09,-0.709716796875,False,False,False
mbpp_python_167,develop,MLP11,-0.01,-0.78302001953125,False,False,False
codecontests_java_168,write,L2H14,-0.008733624454148471,-1.8044185638427734,False,True,False
codecontests_java_168,write,MLP11,0.048034934497816595,-1.7008209228515625,False,True,False
codecontests_java_168,develop,L2H14,-0.21296296296296297,-0.0625457763671875,False,False,True
codecontests_java_168,develop,MLP11,0.4837962962962963,0.0137939453125,True,False,True
apps_python_169,write,L2H14,0.0,-0.65570068359375,False,False,True
apps_python_169,write,MLP11,-1.0476190476190477,-1.2734375,False,False,True
apps_python_169,develop,L2H14,0.0990990990990991,-0.011425018310546875,False,False,True
apps_python_169,develop,MLP11,0.21171171171171171,-0.00799560546875,False,False,True
codecontests_java_169,write,L2H14,-0.026490066225165563,-0.3021125793457031,False,True,False
codecontests_java_169,write,MLP11,0.11920529801324503,-0.257049560546875,False,True,False
codecontests_java_169,develop,L2H14,-0.12217194570135746,-0.05908203125,False,False,True
codecontests_java_169,develop,MLP11,-0.7828054298642534,-0.0667724609375,False,False,True
apps_python_170,write,L2H14,0.15942028985507245,-0.339080810546875,False,True,False
apps_python_170,write,MLP11,0.16908212560386474,-0.3342132568359375,False,True,False
apps_python_170,develop,L2H14,-0.4461538461538462,-0.29638671875,False,False,True
apps_python_170,develop,MLP11,-0.2230769230769231,-0.27587890625,False,False,True
codecontests_cpp_170,write,L2H14,0.30067567567567566,-0.3843994140625,False,False,True
codecontests_cpp_170,write,MLP11,0.21621621621621623,-0.4306640625,False,False,True
codecontests_cpp_170,develop,L2H14,-0.007042253521126761,-0.1382293701171875,False,False,True
codecontests_cpp_170,develop,MLP11,-0.7535211267605634,-0.23345947265625,False,False,True
codecontests_java_170,write,L2H14,-0.026455026455026454,-1.512786865234375,False,True,False
codecontests_java_170,write,MLP11,0.08994708994708994,-1.32568359375,False,True,False
codecontests_java_170,develop,L2H14,0.26605504587155965,-0.01739501953125,False,False,True
codecontests_java_170,develop,MLP11,0.013761467889908258,0.0177001953125,True,False,True
apps_python_171,write,L2H14,0.22772277227722773,-0.3017730712890625,False,True,False
apps_python_171,write,MLP11,0.5668316831683168,-0.1259765625,False,True,False
apps_python_171,develop,L2H14,0.23222748815165878,-0.0697021484375,False,False,True
apps_python_171,develop,MLP11,0.10900473933649289,-0.08734130859375,False,False,True
codecontests_cpp_171,write,L2H14,-1.2881355932203389,-0.0560302734375,False,True,False
codecontests_cpp_171,write,MLP11,0.836864406779661,0.00946044921875,True,True,False
codecontests_cpp_171,develop,L2H14,-0.2608695652173913,-0.01025390625,False,False,True
codecontests_cpp_171,develop,MLP11,-0.28695652173913044,-0.0160369873046875,False,False,True
codecontests_java_171,write,L2H14,0.80375,0.021728515625,True,True,False
codecontests_java_171,write,MLP11,-1.08,-0.37109375,False,True,False
codecontests_java_171,develop,L2H14,-0.3105590062111801,-0.04412841796875,False,False,True
codecontests_java_171,develop,MLP11,-0.5652173913043478,0.000244140625,True,False,True
apps_python_172,write,L2H14,-0.9523809523809523,-0.1307373046875,False,False,True
apps_python_172,write,MLP11,0.005952380952380952,-0.0701904296875,False,True,False
apps_python_172,develop,L2H14,-0.3567567567567568,-0.118499755859375,False,False,True
apps_python_172,develop,MLP11,0.42162162162162165,-0.03887939453125,False,False,True
codecontests_java_172,write,L2H14,0.0410958904109589,-0.0683545172214508,False,True,False
codecontests_java_172,write,MLP11,0.4726027397260274,-0.03546142578125,False,True,False
codecontests_java_172,develop,L2H14,-0.2094240837696335,-0.44464111328125,False,False,True
codecontests_java_172,develop,MLP11,0.5916230366492147,-0.0517578125,False,False,True
apps_python_173,write,L2H14,-0.2037037037037037,-2.026153564453125,False,True,False
apps_python_173,write,MLP11,0.5532407407407407,-0.470703125,False,True,False
apps_python_173,develop,L2H14,0.21428571428571427,-0.29638671875,False,False,True
apps_python_173,develop,MLP11,0.10952380952380952,-0.321533203125,False,False,True
codecontests_cpp_173,write,L2H14,-0.19607843137254902,-0.708526611328125,False,False,True
codecontests_cpp_173,write,MLP11,-0.20915032679738563,-0.69140625,False,False,True
codecontests_cpp_173,develop,L2H14,0.2789115646258503,-0.03839111328125,False,False,True
codecontests_cpp_173,develop,MLP11,-2.7823129251700682,-0.19482421875,False,False,True
codecontests_java_173,write,L2H14,0.47794117647058826,-0.00494384765625,False,False,True
codecontests_java_173,write,MLP11,-1.1029411764705883,-0.0244140625,False,False,True
codecontests_java_173,develop,L2H14,-0.44129554655870445,-0.1639404296875,False,False,True
codecontests_java_173,develop,MLP11,0.5141700404858299,-0.0418701171875,False,False,True
apps_python_174,write,L2H14,0.23902439024390243,-1.188232421875,False,False,True
apps_python_174,write,MLP11,0.3804878048780488,-0.90234375,False,False,True
apps_python_174,develop,L2H14,-0.522633744855967,-0.173004150390625,False,False,False
apps_python_174,develop,MLP11,0.5308641975308642,-0.0357666015625,False,False,True
codecontests_cpp_174,write,L2H14,-0.8245614035087719,-2.33984375,False,False,True
codecontests_cpp_174,write,MLP11,-0.1871345029239766,-1.505859375,False,False,True
codecontests_cpp_174,develop,L2H14,0.05161290322580645,-0.143096923828125,False,False,True
codecontests_cpp_174,develop,MLP11,-0.14838709677419354,-0.1666259765625,False,False,True
codecontests_java_174,write,L2H14,-0.8411214953271028,-0.34521484375,False,True,False
codecontests_java_174,write,MLP11,0.4135514018691589,-0.1053466796875,False,True,False
codecontests_java_174,develop,L2H14,0.5393518518518519,-0.01544189453125,False,False,True
codecontests_java_174,develop,MLP11,0.5949074074074074,0.0103759765625,True,False,True
apps_python_175,write,L2H14,-0.4444444444444444,-0.0924072265625,False,True,False
apps_python_175,write,MLP11,0.48518518518518516,-0.0225830078125,False,True,False
apps_python_175,develop,L2H14,0.4588744588744589,-0.023895263671875,False,False,True
apps_python_175,develop,MLP11,-0.46320346320346323,-0.06976318359375,False,False,True
codecontests_cpp_175,write,L2H14,-0.36879432624113473,-0.7410888671875,False,False,True
codecontests_cpp_175,write,MLP11,-0.10638297872340426,-0.60345458984375,False,False,True
codecontests_cpp_175,develop,L2H14,-0.21212121212121213,-0.05695343017578125,False,False,True
codecontests_cpp_175,develop,MLP11,-0.5555555555555556,-0.069671630859375,False,False,True
codecontests_java_175,write,L2H14,0.332089552238806,-0.340087890625,False,True,False
codecontests_java_175,write,MLP11,0.1865671641791045,-0.42132568359375,False,True,False
codecontests_java_175,develop,L2H14,-0.2785714285714286,-0.07696533203125,False,False,True
codecontests_java_175,develop,MLP11,0.625,0.034423828125,True,False,True
mbpp_python_175,write,L2H14,0.74609375,0.0216064453125,True,True,False
mbpp_python_175,write,MLP11,0.4427083333333333,-0.044891357421875,False,True,False
mbpp_python_175,develop,L2H14,0.044897959183673466,-0.11474037170410156,False,False,True
mbpp_python_175,develop,MLP11,0.19591836734693877,-0.0923004150390625,False,False,True
apps_python_176,write,L2H14,0.3881118881118881,-0.03936767578125,False,True,False
apps_python_176,write,MLP11,0.847027972027972,0.05157470703125,True,True,False
apps_python_176,develop,L2H14,0.024291497975708502,-0.0279693603515625,False,False,True
apps_python_176,develop,MLP11,-0.8947368421052632,-0.048095703125,False,False,True
codecontests_java_176,write,L2H14,0.15384615384615385,-0.58843994140625,False,False,True
codecontests_java_176,write,MLP11,0.3076923076923077,-0.437255859375,False,False,True
codecontests_java_176,develop,L2H14,0.1340782122905028,-0.144012451171875,False,False,True
codecontests_java_176,develop,MLP11,0.553072625698324,0.005859375,True,False,True
codecontests_cpp_177,write,L2H14,-0.08333333333333333,-0.004548072814941406,False,True,False
codecontests_cpp_177,write,MLP11,-0.9583333333333334,-0.00731658935546875,False,True,False
codecontests_cpp_177,develop,L2H14,0.284,-0.027099609375,False,False,True
codecontests_cpp_177,develop,MLP11,0.096,-0.026123046875,False,False,True
codecontests_java_177,write,L2H14,0.36220472440944884,-0.0762481689453125,False,True,False
codecontests_java_177,write,MLP11,-0.4409448818897638,-0.1767425537109375,False,True,False
codecontests_java_177,develop,L2H14,0.12359550561797752,-0.3028717041015625,False,False,True
codecontests_java_177,develop,MLP11,0.14606741573033707,-0.248779296875,False,False,True
mbpp_python_177,write,L2H14,0.145748987854251,-0.025650501251220703,False,True,False
mbpp_python_177,write,MLP11,0.25101214574898784,-0.0186920166015625,False,True,False
mbpp_python_177,develop,L2H14,-0.2709677419354839,-0.0925445556640625,False,False,True
mbpp_python_177,develop,MLP11,-0.5741935483870968,-0.10589599609375,False,False,True
apps_python_178,write,L2H14,-0.10407239819004525,-0.11844253540039062,False,True,False
apps_python_178,write,MLP11,0.058823529411764705,-0.09966278076171875,False,True,False
apps_python_178,develop,L2H14,0.4641025641025641,-0.007080078125,False,False,True
apps_python_178,develop,MLP11,-1.041025641025641,-0.1651611328125,False,False,True
codecontests_cpp_178,write,L2H14,-0.5421686746987951,-1.9599609375,False,False,True
codecontests_cpp_178,write,MLP11,-0.5783132530120482,-1.92431640625,False,False,True
codecontests_cpp_178,develop,L2H14,-0.043478260869565216,-0.007534027099609375,False,False,True
codecontests_cpp_178,develop,MLP11,-3.964426877470356,-0.009521484375,False,False,True
codecontests_java_178,write,L2H14,-0.5727272727272728,-1.29150390625,False,True,False
codecontests_java_178,write,MLP11,0.6681818181818182,0.2421875,True,False,True
codecontests_java_178,develop,L2H14,0.4420731707317073,-0.01715087890625,False,False,True
codecontests_java_178,develop,MLP11,0.04878048780487805,-0.02935791015625,False,False,True
apps_python_179,write,L2H14,0.0782608695652174,-0.0534210205078125,False,False,True
apps_python_179,write,MLP11,-1.4,-0.111328125,False,False,True
apps_python_179,develop,L2H14,-0.267515923566879,-0.02330780029296875,False,False,True
apps_python_179,develop,MLP11,0.01910828025477707,-0.0157012939453125,False,False,True
codecontests_java_179,write,L2H14,0.03862660944206009,-0.000732421875,False,True,False
codecontests_java_179,write,MLP11,-17.540772532188843,-0.013671875,False,True,False
codecontests_java_179,develop,L2H14,0.2323943661971831,-0.05158233642578125,False,False,True
codecontests_java_179,develop,MLP11,-4.183098591549296,-0.23828125,False,False,True
apps_python_180,write,L2H14,-0.1297709923664122,-1.112548828125,False,False,False
apps_python_180,write,MLP11,-0.19083969465648856,-0.830078125,False,False,False
apps_python_180,develop,L2H14,0.17733990147783252,-0.15570068359375,False,False,True
apps_python_180,develop,MLP11,-1.2857142857142858,-0.33251953125,False,False,True
codecontests_java_180,write,L2H14,0.2590909090909091,-0.0789031982421875,False,True,False
codecontests_java_180,write,MLP11,0.4090909090909091,-0.0610504150390625,False,True,False
codecontests_java_180,develop,L2H14,0.5539568345323741,-0.1171875,False,False,True
codecontests_java_180,develop,MLP11,0.7158273381294964,0.240234375,True,False,True
apps_python_181,write,L2H14,0.6159420289855072,-0.0238037109375,False,True,False
apps_python_181,write,MLP11,0.49516908212560384,-0.0418701171875,False,True,False
apps_python_181,develop,L2H14,0.41605839416058393,-0.0091552734375,False,False,True
apps_python_181,develop,MLP11,0.45255474452554745,-0.00274658203125,False,False,True
codecontests_cpp_181,write,L2H14,-0.22564102564102564,-1.853515625,False,False,True
codecontests_cpp_181,write,MLP11,0.22564102564102564,-1.1220703125,False,False,True
codecontests_cpp_181,develop,L2H14,0.005847953216374269,-0.16525650024414062,False,False,True
codecontests_cpp_181,develop,MLP11,-0.5321637426900585,-0.220458984375,False,False,True
codecontests_java_181,write,L2H14,0.4198717948717949,-0.32421875,False,True,False
codecontests_java_181,write,MLP11,-0.00641025641025641,-0.6097869873046875,False,True,False
codecontests_java_181,develop,L2H14,0.24571428571428572,-0.02435302734375,False,False,True
codecontests_java_181,develop,MLP11,-0.7142857142857143,-0.00732421875,False,False,True
apps_python_182,write,L2H14,-0.08791208791208792,-0.19344615936279297,False,True,False
apps_python_182,write,MLP11,0.5192307692307693,-0.0751953125,False,True,False
apps_python_182,develop,L2H14,0.12244897959183673,-0.12445068359375,False,False,True
apps_python_182,develop,MLP11,0.6105442176870748,-0.004638671875,False,False,True
codecontests_cpp_182,write,L2H14,0.7099056603773585,0.0047149658203125,True,True,False
codecontests_cpp_182,write,MLP11,-0.6886792452830188,0.00341796875,True,True,False
codecontests_cpp_182,develop,L2H14,-1.0,-0.02215576171875,False,False,True
codecontests_cpp_182,develop,MLP11,-4.621621621621622,-0.044189453125,False,False,True
codecontests_java_182,write,L2H14,-0.8210526315789474,-0.0802001953125,False,True,False
codecontests_java_182,write,MLP11,0.3868421052631579,-0.0208740234375,False,True,False
codecontests_java_182,develop,L2H14,-0.05454545454545454,-0.053680419921875,False,False,True
codecontests_java_182,develop,MLP11,0.4,0.026123046875,True,False,True
apps_python_183,write,L2H14,-1.4066390041493777,-0.00347900390625,False,True,False
apps_python_183,write,MLP11,-19.315352697095435,-0.005859375,False,True,False
apps_python_183,develop,L2H14,-0.2542372881355932,-0.035396575927734375,False,False,True
apps_python_183,develop,MLP11,-1.3559322033898304,-0.0489501953125,False,False,True
codecontests_java_183,write,L2H14,-0.004329004329004329,-0.9061465263366699,False,True,False
codecontests_java_183,write,MLP11,-0.1774891774891775,-1.061279296875,False,True,False
codecontests_java_183,develop,L2H14,0.0,-0.1317138671875,False,False,True
codecontests_java_183,develop,MLP11,0.6073619631901841,0.0107421875,True,False,True
apps_python_184,write,L2H14,0.05442176870748299,-2.14404296875,False,False,False
apps_python_184,write,MLP11,0.16666666666666666,-1.9053955078125,False,False,False
apps_python_184,develop,L2H14,-0.27699530516431925,-0.5230712890625,False,False,True
apps_python_184,develop,MLP11,-0.9248826291079812,-0.70068359375,False,False,False
apps_python_185,write,L2H14,0.733433734939759,0.00927734375,True,True,False
apps_python_185,write,MLP11,-0.3313253012048193,-0.41912841796875,False,False,True
apps_python_185,develop,L2H14,-0.10483870967741936,-0.0679168701171875,False,False,True
apps_python_185,develop,MLP11,0.45161290322580644,-0.02587890625,False,False,True
codecontests_cpp_185,write,L2H14,-2.0751445086705202,-0.012176513671875,False,True,False
codecontests_cpp_185,write,MLP11,-13.15028901734104,-0.028564453125,False,True,False
codecontests_cpp_185,develop,L2H14,0.1518987341772152,-0.0426025390625,False,False,True
codecontests_cpp_185,develop,MLP11,0.7067510548523207,0.0963134765625,True,False,True
codecontests_java_185,write,L2H14,0.3064516129032258,-0.23876953125,False,True,False
codecontests_java_185,write,MLP11,0.7338709677419355,0.0087890625,True,False,True
codecontests_java_185,develop,L2H14,-0.19607843137254902,-0.0413970947265625,False,False,True
codecontests_java_185,develop,MLP11,-0.32679738562091504,0.049560546875,True,False,True
mbpp_python_185,write,L2H14,-0.05660377358490566,-1.305267333984375,False,False,True
mbpp_python_185,write,MLP11,0.5283018867924528,-0.453125,False,False,True
mbpp_python_185,develop,L2H14,-0.11678832116788321,-0.595611572265625,False,False,False
mbpp_python_185,develop,MLP11,-0.23357664233576642,-0.6534423828125,False,False,False
apps_python_186,write,L2H14,-0.3160919540229885,-0.42431640625,False,True,False
apps_python_186,write,MLP11,0.6910919540229885,0.03759765625,True,True,False
apps_python_186,develop,L2H14,-0.06201550387596899,-0.532867431640625,False,False,True
apps_python_186,develop,MLP11,0.2868217054263566,-0.324462890625,False,False,True
codecontests_cpp_186,write,L2H14,-0.9583333333333334,-1.3857421875,False,False,True
codecontests_cpp_186,write,MLP11,-1.3854166666666667,-1.623046875,False,False,True
codecontests_cpp_186,develop,L2H14,-0.39215686274509803,-0.03447914123535156,False,False,True
codecontests_cpp_186,develop,MLP11,-0.6568627450980392,-0.030029296875,False,False,True
codecontests_java_186,write,L2H14,0.06914893617021277,-0.1684722900390625,False,False,True
codecontests_java_186,write,MLP11,-1.6382978723404256,-0.3662109375,False,False,True
codecontests_java_186,develop,L2H14,-0.26704545454545453,-0.21142578125,False,False,True
codecontests_java_186,develop,MLP11,0.4318181818181818,0.16015625,True,False,True
apps_python_187,write,L2H14,0.5,-0.05072021484375,False,True,False
apps_python_187,write,MLP11,-0.22388059701492538,-0.1572113037109375,False,True,False
apps_python_187,develop,L2H14,0.18235294117647058,-0.27001953125,False,False,True
apps_python_187,develop,MLP11,0.3264705882352941,-0.2139892578125,False,False,True
codecontests_java_187,write,L2H14,-2.2098765432098766,-0.009033203125,False,True,False
codecontests_java_187,write,MLP11,-2.045267489711934,-0.0076141357421875,False,True,False
codecontests_java_187,develop,L2H14,-0.3299492385786802,-0.24755859375,False,False,True
codecontests_java_187,develop,MLP11,0.19289340101522842,-0.1373291015625,False,False,True
apps_python_188,write,L2H14,-2.4814814814814814,-0.2763671875,False,False,True
apps_python_188,write,MLP11,-1.9814814814814814,-0.24658203125,False,False,True
apps_python_188,develop,L2H14,-0.4805194805194805,-0.0537261962890625,False,False,True
apps_python_188,develop,MLP11,0.4383116883116883,-0.01214599609375,False,False,True
codecontests_cpp_188,write,L2H14,0.22274881516587677,-2.5526123046875,False,False,True
codecontests_cpp_188,write,MLP11,0.018957345971563982,-3.18603515625,False,False,True
codecontests_cpp_188,develop,L2H14,-0.13768115942028986,-0.07483673095703125,False,False,True
codecontests_cpp_188,develop,MLP11,-1.2608695652173914,-0.11962890625,False,False,True
codecontests_java_188,write,L2H14,-0.12903225806451613,-0.12628173828125,False,False,True
codecontests_java_188,write,MLP11,0.2620967741935484,-0.02587890625,False,False,True
codecontests_java_188,develop,L2H14,0.5212765957446809,-0.0128936767578125,False,False,True
codecontests_java_188,develop,MLP11,-0.475177304964539,-0.0250244140625,False,False,True
codecontests_cpp_189,write,L2H14,0.056451612903225805,-0.455047607421875,False,True,False
codecontests_cpp_189,write,MLP11,-0.10483870967741936,-0.512451171875,False,True,False
codecontests_cpp_189,develop,L2H14,0.06390977443609022,-0.4796142578125,False,False,True
codecontests_cpp_189,develop,MLP11,0.23684210526315788,-0.3916015625,False,False,True
codecontests_java_189,write,L2H14,-0.23529411764705882,-0.97509765625,False,True,False
codecontests_java_189,write,MLP11,0.6568627450980392,-0.1044921875,False,False,True
codecontests_java_189,develop,L2H14,-0.43333333333333335,-0.05340576171875,False,False,True
codecontests_java_189,develop,MLP11,-0.6777777777777778,-0.0380859375,False,False,True
apps_python_190,write,L2H14,0.0989010989010989,-0.32244873046875,False,False,True
apps_python_190,write,MLP11,-0.02197802197802198,-0.317138671875,False,False,True
apps_python_190,develop,L2H14,-0.46835443037974683,-0.0536956787109375,False,False,True
apps_python_190,develop,MLP11,-0.14556962025316456,-0.0415496826171875,False,False,True
codecontests_cpp_190,write,L2H14,0.03225806451612903,-0.8179931640625,False,False,True
codecontests_cpp_190,write,MLP11,0.41935483870967744,-0.46044921875,False,False,True
codecontests_cpp_190,develop,L2H14,0.0,-0.06634235382080078,False,False,True
codecontests_cpp_190,develop,MLP11,-1.2058823529411764,-0.1328125,False,False,True
codecontests_java_190,write,L2H14,0.8116113744075829,0.091064453125,True,False,True
codecontests_java_190,write,MLP11,0.4194312796208531,-0.0997314453125,False,True,False
codecontests_java_190,develop,L2H14,0.4207650273224044,-0.04254150390625,False,False,True
codecontests_java_190,develop,MLP11,0.6680327868852459,0.0333251953125,True,False,True
apps_python_191,write,L2H14,0.19428571428571428,-0.544708251953125,False,False,True
apps_python_191,write,MLP11,-0.06285714285714286,-0.71624755859375,False,False,True
apps_python_191,develop,L2H14,-0.02666666666666667,-0.1486968994140625,False,False,True
apps_python_191,develop,MLP11,0.49,-0.05908203125,False,False,True
codecontests_cpp_191,write,L2H14,-6.6455696202531644,-0.00732421875,False,False,True
codecontests_cpp_191,write,MLP11,-42.54430379746835,-0.015625,False,False,True
codecontests_cpp_191,develop,L2H14,-1.1333333333333333,-0.0299072265625,False,False,True
codecontests_cpp_191,develop,MLP11,-2.111111111111111,-0.0384521484375,False,False,True
codecontests_java_191,write,L2H14,-0.004048582995951417,-0.4845600128173828,False,True,False
codecontests_java_191,write,MLP11,-0.7651821862348178,-0.789794921875,False,True,False
codecontests_java_191,develop,L2H14,-0.15827338129496402,-0.01773834228515625,False,False,True
codecontests_java_191,develop,MLP11,-0.2805755395683453,0.004638671875,True,False,True
apps_python_192,write,L2H14,0.3597560975609756,-0.19268798828125,False,True,False
apps_python_192,write,MLP11,-0.5975609756097561,-0.4957275390625,False,True,False
apps_python_192,develop,L2H14,0.22466960352422907,-0.013702392578125,False,False,True
apps_python_192,develop,MLP11,-2.859030837004405,-0.05224609375,False,False,True
codecontests_cpp_192,write,L2H14,-6.904761904761905,-0.08935546875,False,False,True
codecontests_cpp_192,write,MLP11,-30.428571428571427,-0.1953125,False,False,True
codecontests_cpp_192,develop,L2H14,-0.4344262295081967,-0.01967620849609375,False,False,True
codecontests_cpp_192,develop,MLP11,-2.2131147540983607,-0.0333251953125,False,False,True
codecontests_java_192,write,L2H14,0.8231534090909091,0.0638427734375,True,False,True
codecontests_java_192,write,MLP11,0.8544034090909091,0.1019287109375,True,False,True
codecontests_java_192,develop,L2H14,-0.11475409836065574,-0.0304107666015625,False,False,True
codecontests_java_192,develop,MLP11,0.16393442622950818,-0.013916015625,False,False,True
apps_python_193,write,L2H14,-0.3235294117647059,-0.013615608215332031,False,True,False
apps_python_193,write,MLP11,-1.4941176470588236,-0.021759033203125,False,True,False
apps_python_193,develop,L2H14,0.13071895424836602,-0.12652587890625,False,False,True
apps_python_193,develop,MLP11,0.5359477124183006,-0.01806640625,False,False,True
codecontests_java_193,write,L2H14,-0.5726495726495726,-0.002063751220703125,False,True,False
codecontests_java_193,write,MLP11,-4.367521367521367,0.00244140625,True,True,False
codecontests_java_193,develop,L2H14,0.1644295302013423,-0.026214599609375,False,False,True
codecontests_java_193,develop,MLP11,0.46308724832214765,0.0050048828125,True,False,True
apps_python_194,write,L2H14,-0.18604651162790697,-0.08203125,False,False,True
apps_python_194,write,MLP11,-0.3372093023255814,-0.168701171875,False,True,False
apps_python_194,develop,L2H14,-0.2054794520547945,-0.16278076171875,False,False,True
apps_python_194,develop,MLP11,-0.3356164383561644,-0.15380859375,False,False,True
codecontests_cpp_194,write,L2H14,0.3953488372093023,-0.1153564453125,False,True,False
codecontests_cpp_194,write,MLP11,0.3813953488372093,-0.0634765625,False,True,False
codecontests_cpp_194,develop,L2H14,-0.2606060606060606,-0.05132293701171875,False,False,True
codecontests_cpp_194,develop,MLP11,-2.296969696969697,-0.1085205078125,False,False,True
codecontests_java_194,write,L2H14,0.2350230414746544,-0.63372802734375,False,True,False
codecontests_java_194,write,MLP11,0.8029953917050692,0.4931640625,True,False,True
codecontests_java_194,develop,L2H14,-0.08633093525179857,-0.1440277099609375,False,False,True
codecontests_java_194,develop,MLP11,0.4460431654676259,-0.029052734375,False,False,True
mbpp_python_194,write,L2H14,0.05725190839694656,-0.472412109375,False,False,True
mbpp_python_194,write,MLP11,-0.7404580152671756,-0.846435546875,False,False,True
mbpp_python_194,develop,L2H14,-0.4567901234567901,-0.04175567626953125,False,False,True
mbpp_python_194,develop,MLP11,-0.46502057613168724,-0.0415191650390625,False,False,True
apps_python_195,write,L2H14,0.18309859154929578,-0.223236083984375,False,True,False
apps_python_195,write,MLP11,0.30985915492957744,-0.186920166015625,False,True,False
apps_python_195,develop,L2H14,0.1834319526627219,-0.240234375,False,False,True
apps_python_195,develop,MLP11,0.23076923076923078,-0.197021484375,False,False,True
codecontests_cpp_195,write,L2H14,-0.19704433497536947,-3.7946014404296875,False,False,True
codecontests_cpp_195,write,MLP11,-0.39901477832512317,-4.42657470703125,False,False,True
codecontests_cpp_195,develop,L2H14,-0.12987012987012986,-0.04119110107421875,False,False,True
codecontests_cpp_195,develop,MLP11,-0.4675324675324675,-0.0525054931640625,False,False,True
codecontests_java_195,write,L2H14,-0.2857142857142857,-0.014892578125,False,False,True
codecontests_java_195,write,MLP11,-2.7257142857142855,0.039794921875,True,False,True
codecontests_java_195,develop,L2H14,0.31521739130434784,-0.040252685546875,False,False,True
codecontests_java_195,develop,MLP11,0.45652173913043476,0.17822265625,True,False,True
apps_python_196,write,L2H14,-0.7777777777777778,-0.0189971923828125,False,True,False
apps_python_196,write,MLP11,0.7923280423280423,0.0033721923828125,True,True,False
apps_python_196,develop,L2H14,0.3218884120171674,-0.06817626953125,False,False,True
apps_python_196,develop,MLP11,0.7757510729613734,0.0191650390625,True,False,True
codecontests_java_196,write,L2H14,0.007633587786259542,-0.06339311599731445,False,True,False
codecontests_java_196,write,MLP11,0.1984732824427481,-0.05082511901855469,False,True,False
codecontests_java_196,develop,L2H14,0.23076923076923078,-0.64898681640625,False,True,False
codecontests_java_196,develop,MLP11,0.5067873303167421,-0.310546875,False,False,True
apps_python_197,write,L2H14,0.6355421686746988,-0.1015625,False,True,False
apps_python_197,write,MLP11,0.41566265060240964,-0.323486328125,False,True,False
apps_python_197,develop,L2H14,0.23236514522821577,-0.355224609375,False,False,True
apps_python_197,develop,MLP11,0.26556016597510373,-0.3175048828125,False,False,True
codecontests_cpp_197,write,L2H14,-0.5475113122171946,-0.15972900390625,False,True,False
codecontests_cpp_197,write,MLP11,0.02262443438914027,-0.10361480712890625,False,True,False
codecontests_cpp_197,develop,L2H14,-0.1223021582733813,-0.037433624267578125,False,False,True
codecontests_cpp_197,develop,MLP11,-0.15827338129496402,-0.016357421875,False,False,True
codecontests_java_197,write,L2H14,0.3153153153153153,-0.556640625,False,True,False
codecontests_java_197,write,MLP11,-0.07657657657657657,-0.913330078125,False,True,False
codecontests_java_197,develop,L2H14,0.10738255033557047,-0.13008403778076172,False,False,True
codecontests_java_197,develop,MLP11,0.33221476510067116,0.06201171875,True,False,True
apps_python_198,write,L2H14,0.1013215859030837,-0.1975250244140625,False,True,False
apps_python_198,write,MLP11,0.6101321585903083,-0.0604248046875,False,True,False
apps_python_198,develop,L2H14,-0.10285714285714286,-0.1852874755859375,False,False,True
apps_python_198,develop,MLP11,0.02857142857142857,-0.09228515625,False,False,True
codecontests_java_198,write,L2H14,-0.4148936170212766,-2.0572509765625,False,True,False
codecontests_java_198,write,MLP11,0.14361702127659576,-1.252227783203125,False,True,False
codecontests_java_198,develop,L2H14,0.053061224489795916,-0.05653572082519531,False,False,True
codecontests_java_198,develop,MLP11,0.47346938775510206,0.028564453125,True,False,True
apps_python_199,write,L2H14,-0.1206896551724138,-2.027191162109375,False,False,True
apps_python_199,write,MLP11,-0.5517241379310345,-2.7685546875,False,False,True
apps_python_199,develop,L2H14,0.4424778761061947,-0.10498046875,False,False,True
apps_python_199,develop,MLP11,-0.22123893805309736,-0.265838623046875,False,False,True
codecontests_cpp_199,write,L2H14,0.7068965517241379,-0.0001220703125,False,True,False
codecontests_cpp_199,write,MLP11,-0.8275862068965517,-0.1378173828125,False,True,False
codecontests_cpp_199,develop,L2H14,0.3014705882352941,-0.0203857421875,False,False,True
codecontests_cpp_199,develop,MLP11,-0.6764705882352942,-0.0372314453125,False,False,True
codecontests_java_199,write,L2H14,0.019736842105263157,-1.1639738082885742,False,True,False
codecontests_java_199,write,MLP11,0.29276315789473684,-0.8284912109375,False,True,False
codecontests_java_199,develop,L2H14,0.19727891156462585,-0.02724456787109375,False,False,True
codecontests_java_199,develop,MLP11,-0.7959183673469388,-0.022705078125,False,False,True
apps_python_200,write,L2H14,0.4015957446808511,-0.052734375,False,True,False
apps_python_200,write,MLP11,-0.03723404255319149,-0.1690673828125,False,True,False
apps_python_200,develop,L2H14,-0.4375,-0.6142578125,False,False,True
apps_python_200,develop,MLP11,0.46205357142857145,-0.15478515625,False,False,True
codecontests_cpp_200,write,L2H14,0.038461538461538464,-2.3429908752441406,False,False,True
codecontests_cpp_200,write,MLP11,-0.10256410256410256,-2.677978515625,False,False,True
codecontests_cpp_200,develop,L2H14,0.25872093023255816,-0.0149688720703125,False,False,True
codecontests_cpp_200,develop,MLP11,0.06395348837209303,-0.01446533203125,False,False,True
codecontests_java_200,write,L2H14,0.6016483516483516,-0.06396484375,False,False,True
codecontests_java_200,write,MLP11,0.7307692307692307,0.0498046875,True,False,True
codecontests_java_200,develop,L2H14,-0.34574468085106386,-0.0277862548828125,False,False,True
codecontests_java_200,develop,MLP11,0.4946808510638298,-0.004669189453125,False,False,True
apps_python_201,write,L2H14,0.08837209302325581,-0.18316650390625,False,True,False
apps_python_201,write,MLP11,0.5488372093023256,-0.0740966796875,False,True,False
apps_python_201,develop,L2H14,0.06018518518518518,-0.1947479248046875,False,False,True
apps_python_201,develop,MLP11,-0.027777777777777776,-0.1937255859375,False,False,True
codecontests_cpp_201,write,L2H14,-0.32038834951456313,-0.032440185546875,False,False,True
codecontests_cpp_201,write,MLP11,-1.087378640776699,-0.047393798828125,False,False,True
codecontests_cpp_201,develop,L2H14,-0.30612244897959184,-0.0229949951171875,False,False,True
codecontests_cpp_201,develop,MLP11,-0.1836734693877551,-0.02033233642578125,False,False,True
codecontests_java_201,write,L2H14,0.03896103896103896,-2.3120193481445312,False,True,False
codecontests_java_201,write,MLP11,0.8547077922077922,0.322265625,True,False,True
codecontests_java_201,develop,L2H14,0.04519774011299435,-0.16309356689453125,False,False,True
codecontests_java_201,develop,MLP11,0.2711864406779661,-0.013671875,False,False,True
apps_python_202,write,L2H14,-0.06321839080459771,-0.7225832939147949,False,True,False
apps_python_202,write,MLP11,0.08620689655172414,-0.6206073760986328,False,True,False
apps_python_202,develop,L2H14,-0.3893805309734513,-1.20947265625,False,True,False
apps_python_202,develop,MLP11,-0.23893805309734514,-1.0787353515625,False,True,False
codecontests_cpp_202,write,L2H14,-0.874439461883408,-0.004974365234375,False,True,False
codecontests_cpp_202,write,MLP11,-0.6322869955156951,-0.00067138671875,False,True,False
codecontests_cpp_202,develop,L2H14,-0.6293706293706294,-0.046875,False,False,True
codecontests_cpp_202,develop,MLP11,-1.2517482517482517,-0.07110595703125,False,False,True
codecontests_java_202,write,L2H14,0.233502538071066,-0.29278564453125,False,True,False
codecontests_java_202,write,MLP11,0.18274111675126903,-0.3127288818359375,False,True,False
codecontests_java_202,develop,L2H14,0.19262295081967212,-0.092620849609375,False,False,True
codecontests_java_202,develop,MLP11,0.1762295081967213,0.00537109375,True,False,True
apps_python_203,write,L2H14,-0.5767195767195767,-1.0888671875,False,True,False
apps_python_203,write,MLP11,-0.6402116402116402,-1.0087890625,False,True,False
apps_python_203,develop,L2H14,-0.018867924528301886,-0.15557861328125,False,False,False
apps_python_203,develop,MLP11,0.10062893081761007,-0.119384765625,False,False,True
codecontests_cpp_203,write,L2H14,0.5610236220472441,-0.011505126953125,False,True,False
codecontests_cpp_203,write,MLP11,0.2637795275590551,-0.022371292114257812,False,True,False
codecontests_cpp_203,develop,L2H14,0.07476635514018691,-0.04724884033203125,False,False,True
codecontests_cpp_203,develop,MLP11,-0.8411214953271028,-0.05908203125,False,False,True
codecontests_java_203,write,L2H14,-0.05442176870748299,-0.3027071952819824,False,True,False
codecontests_java_203,write,MLP11,0.14285714285714285,-0.24538803100585938,False,True,False
codecontests_java_203,develop,L2H14,0.009852216748768473,-0.7857284545898438,False,True,False
codecontests_java_203,develop,MLP11,0.8762315270935961,0.49951171875,True,False,True
apps_python_204,write,L2H14,0.4700460829493088,-0.02545166015625,False,True,False
apps_python_204,write,MLP11,-0.16589861751152074,-0.061420440673828125,False,True,False
apps_python_204,develop,L2H14,0.5308370044052864,-0.006195068359375,False,False,True
apps_python_204,develop,MLP11,0.6057268722466961,0.01031494140625,True,False,True
codecontests_cpp_204,write,L2H14,0.7371134020618557,-0.021484375,False,False,True
codecontests_cpp_204,write,MLP11,-0.3917525773195876,-0.513427734375,False,False,True
codecontests_cpp_204,develop,L2H14,0.20765027322404372,-0.034149169921875,False,False,True
codecontests_cpp_204,develop,MLP11,-0.4972677595628415,-0.063873291015625,False,False,True
codecontests_java_204,write,L2H14,0.1382488479262673,-0.1825270652770996,False,True,False
codecontests_java_204,write,MLP11,0.7361751152073732,-0.018798828125,False,True,False
codecontests_java_204,develop,L2H14,0.18579234972677597,-0.03511810302734375,False,False,True
codecontests_java_204,develop,MLP11,0.36065573770491804,0.0078125,True,False,True
mbpp_python_204,write,L2H14,-1.1232876712328768,-0.22119140625,False,False,True
mbpp_python_204,write,MLP11,-0.2602739726027397,-0.080078125,False,False,True
mbpp_python_204,develop,L2H14,0.004901960784313725,-0.0477752685546875,False,False,False
mbpp_python_204,develop,MLP11,0.7671568627450981,0.0228271484375,True,False,True
apps_python_205,write,L2H14,0.08968609865470852,-0.7882080078125,False,False,False
apps_python_205,write,MLP11,0.21076233183856502,-0.650390625,False,False,False
apps_python_205,develop,L2H14,0.38823529411764707,-0.1868896484375,False,False,False
apps_python_205,develop,MLP11,-0.1588235294117647,-0.3823394775390625,False,False,False
codecontests_java_205,write,L2H14,0.3602941176470588,-0.646240234375,False,True,False
codecontests_java_205,write,MLP11,0.058823529411764705,-0.997344970703125,False,True,False
codecontests_java_205,develop,L2H14,0.05128205128205128,-0.0701141357421875,False,False,True
codecontests_java_205,develop,MLP11,0.30448717948717946,-0.01904296875,False,False,True
apps_python_206,write,L2H14,0.020833333333333332,-0.36568450927734375,False,False,True
apps_python_206,write,MLP11,-0.40625,-0.51373291015625,False,False,True
apps_python_206,develop,L2H14,-0.21810699588477367,-0.070404052734375,False,False,True
apps_python_206,develop,MLP11,0.1728395061728395,-0.0428466796875,False,False,True
codecontests_cpp_206,write,L2H14,-0.27358490566037735,-0.1282196044921875,False,False,True
codecontests_cpp_206,write,MLP11,-5.30188679245283,-0.44140625,False,False,True
codecontests_cpp_206,develop,L2H14,0.06722689075630252,-0.012592315673828125,False,False,True
codecontests_cpp_206,develop,MLP11,0.01680672268907563,0.00537109375,True,False,True
codecontests_java_206,write,L2H14,0.007518796992481203,-0.5153522491455078,False,True,False
codecontests_java_206,write,MLP11,0.10526315789473684,-0.4615936279296875,False,True,False
codecontests_java_206,develop,L2H14,-0.09859154929577464,-0.0367279052734375,False,False,True
codecontests_java_206,develop,MLP11,0.6091549295774648,-0.00244140625,False,False,True
apps_python_207,write,L2H14,-1.0,-0.0184326171875,False,True,False
apps_python_207,write,MLP11,-0.7777777777777778,0.025390625,True,True,False
apps_python_207,develop,L2H14,0.17209302325581396,-0.021521568298339844,False,False,True
apps_python_207,develop,MLP11,-0.3023255813953488,-0.0233154296875,False,False,True
codecontests_cpp_207,write,L2H14,-0.5257731958762887,-1.11328125,False,False,True
codecontests_cpp_207,write,MLP11,0.35309278350515466,-0.447021484375,False,True,False
codecontests_cpp_207,develop,L2H14,0.1919191919191919,-0.034454345703125,False,False,True
codecontests_cpp_207,develop,MLP11,-0.8080808080808081,-0.082000732421875,False,False,True
codecontests_java_207,write,L2H14,-2.969465648854962,0.01123046875,True,True,False
codecontests_java_207,write,MLP11,0.09923664122137404,0.02099609375,True,True,False
codecontests_java_207,develop,L2H14,-1.0789473684210527,-0.04241943359375,False,False,True
codecontests_java_207,develop,MLP11,-6.473684210526316,-0.0625,False,False,True
apps_python_208,write,L2H14,-0.3103448275862069,-0.0295867919921875,False,True,False
apps_python_208,write,MLP11,0.270935960591133,-0.009521484375,False,True,False
apps_python_208,develop,L2H14,-0.028735632183908046,-0.039581298828125,False,False,True
apps_python_208,develop,MLP11,0.0,-0.010498046875,False,False,True
codecontests_java_208,write,L2H14,0.33816425120772947,-0.490478515625,False,False,True
codecontests_java_208,write,MLP11,0.057971014492753624,-0.71337890625,False,False,True
codecontests_java_208,develop,L2H14,0.10697674418604651,-0.09210205078125,False,False,True
codecontests_java_208,develop,MLP11,0.6093023255813953,-0.002197265625,False,False,True
apps_python_209,write,L2H14,0.15789473684210525,-0.1378631591796875,False,True,False
apps_python_209,write,MLP11,0.9236111111111112,0.11810302734375,True,True,False
apps_python_209,develop,L2H14,0.35909090909090907,-0.015869140625,False,False,True
apps_python_209,develop,MLP11,0.6318181818181818,0.0079345703125,True,False,True
codecontests_java_209,write,L2H14,0.0410958904109589,-2.1874289512634277,False,True,False
codecontests_java_209,write,MLP11,-0.0273972602739726,-2.3434104919433594,False,True,False
codecontests_java_209,develop,L2H14,-1.007905138339921,-0.427734375,False,False,True
codecontests_java_209,develop,MLP11,-0.02766798418972332,-0.2427978515625,False,False,True
apps_python_210,write,L2H14,-0.38613861386138615,-1.06640625,False,False,True
apps_python_210,write,MLP11,-0.1485148514851485,-0.83544921875,False,False,False
apps_python_210,develop,L2H14,-0.006756756756756757,-0.5810585021972656,False,False,False
apps_python_210,develop,MLP11,-0.6081081081081081,-0.8916015625,False,False,False
codecontests_java_210,write,L2H14,0.3624454148471616,-0.255615234375,False,True,False
codecontests_java_210,write,MLP11,0.5764192139737991,-0.08447265625,False,True,False
codecontests_java_210,develop,L2H14,-0.11737089201877934,-0.4617919921875,False,False,False
codecontests_java_210,develop,MLP11,0.7136150234741784,0.013671875,True,False,True
apps_python_211,write,L2H14,0.5,-0.0435791015625,False,True,False
apps_python_211,write,MLP11,0.14351851851851852,-0.08838653564453125,False,True,False
apps_python_211,develop,L2H14,0.5788590604026845,-0.070556640625,False,False,True
apps_python_211,develop,MLP11,0.03355704697986577,-0.2618408203125,False,True,False
codecontests_cpp_211,write,L2H14,-1.015748031496063,-1.876953125,False,False,True
codecontests_cpp_211,write,MLP11,-1.188976377952756,-1.99609375,False,False,True
codecontests_cpp_211,develop,L2H14,0.12994350282485875,-0.03757357597351074,False,False,True
codecontests_cpp_211,develop,MLP11,-1.1468926553672316,-0.062255859375,False,False,True
codecontests_java_211,write,L2H14,-0.9425287356321839,-0.0726318359375,False,False,True
codecontests_java_211,write,MLP11,-0.7586206896551724,0.01806640625,True,False,True
codecontests_java_211,develop,L2H14,0.14383561643835616,-0.024658203125,False,False,True
codecontests_java_211,develop,MLP11,-1.3013698630136987,0.01171875,True,False,True
apps_python_212,write,L2H14,0.1450381679389313,-0.21694183349609375,False,True,False
apps_python_212,write,MLP11,-0.19083969465648856,-0.300567626953125,False,True,False
apps_python_212,develop,L2H14,-0.3609467455621302,-0.106048583984375,False,False,True
apps_python_212,develop,MLP11,-3.757396449704142,-0.2509765625,False,False,True
codecontests_java_212,write,L2H14,-0.6818181818181818,-0.8414306640625,False,True,False
codecontests_java_212,write,MLP11,-1.0757575757575757,-1.019287109375,False,True,False
codecontests_java_212,develop,L2H14,0.3693467336683417,-0.1009521484375,False,False,True
codecontests_java_212,develop,MLP11,0.7449748743718593,0.129150390625,True,False,True
apps_python_213,write,L2H14,0.16753926701570682,-2.479400634765625,False,False,True
apps_python_213,write,MLP11,0.24607329842931938,-2.2330322265625,False,False,True
apps_python_213,develop,L2H14,-0.36796536796536794,-0.148895263671875,False,False,True
apps_python_213,develop,MLP11,0.22943722943722944,-0.07769775390625,False,False,True
codecontests_cpp_213,write,L2H14,0.25517241379310346,-0.012986183166503906,False,True,False
codecontests_cpp_213,write,MLP11,0.7206896551724138,0.002166748046875,True,True,False
codecontests_cpp_213,develop,L2H14,0.3433333333333333,-0.047466278076171875,False,False,True
codecontests_cpp_213,develop,MLP11,0.24333333333333335,-0.0362548828125,False,False,True
codecontests_java_213,write,L2H14,0.045714285714285714,-0.3260164260864258,False,True,False
codecontests_java_213,write,MLP11,0.005714285714285714,-0.3394279479980469,False,True,False
codecontests_java_213,develop,L2H14,0.20095693779904306,-0.06829833984375,False,False,True
codecontests_java_213,develop,MLP11,0.3923444976076555,-0.03759765625,False,False,True
apps_python_214,write,L2H14,0.21232876712328766,-0.11074066162109375,False,True,False
apps_python_214,write,MLP11,0.7808219178082192,0.001220703125,True,True,False
apps_python_214,develop,L2H14,-1.1411764705882352,-0.0589599609375,False,False,True
apps_python_214,develop,MLP11,-0.21176470588235294,-0.0277099609375,False,False,True
codecontests_java_214,write,L2H14,-0.16080402010050251,-0.9008560180664062,False,True,False
codecontests_java_214,write,MLP11,0.23115577889447236,-0.5931396484375,False,True,False
codecontests_java_214,develop,L2H14,-0.19375,-0.7349853515625,False,True,False
codecontests_java_214,develop,MLP11,0.75,0.234375,True,False,True
apps_python_215,write,L2H14,-0.24550898203592814,-0.39788818359375,False,False,True
apps_python_215,write,MLP11,-0.8083832335329342,-0.5068359375,False,False,True
apps_python_215,develop,L2H14,0.1953125,-0.0486602783203125,False,False,True
apps_python_215,develop,MLP11,-0.2734375,-0.0643310546875,False,False,True
codecontests_cpp_215,write,L2H14,-0.25,-1.86151123046875,False,False,True
codecontests_cpp_215,write,MLP11,-0.21875,-1.771728515625,False,False,True
codecontests_cpp_215,develop,L2H14,-0.012987012987012988,-0.02751922607421875,False,False,True
codecontests_cpp_215,develop,MLP11,-2.0476190476190474,-0.061767578125,False,False,True
codecontests_java_215,write,L2H14,0.03932584269662921,-0.3304290771484375,False,True,False
codecontests_java_215,write,MLP11,-1.0224719101123596,-0.641357421875,False,True,False
codecontests_java_215,develop,L2H14,-0.16428571428571428,-0.03836822509765625,False,False,True
codecontests_java_215,develop,MLP11,-0.9571428571428572,-0.03076171875,False,False,True
apps_python_216,write,L2H14,-0.4258064516129032,-0.050262451171875,False,False,True
apps_python_216,write,MLP11,0.0,-0.0074462890625,False,False,True
apps_python_216,develop,L2H14,0.0,-0.08911514282226562,False,False,True
apps_python_216,develop,MLP11,0.39502762430939226,-0.048431396484375,False,False,True
codecontests_cpp_216,write,L2H14,0.00819672131147541,-0.4714813232421875,False,False,True
codecontests_cpp_216,write,MLP11,0.5512295081967213,-0.1376953125,False,True,False
codecontests_cpp_216,develop,L2H14,0.2705479452054795,-0.0115966796875,False,False,True
codecontests_cpp_216,develop,MLP11,-1.8082191780821917,-0.0419921875,False,False,True
codecontests_java_216,write,L2H14,0.29194630872483224,-0.189208984375,False,False,True
codecontests_java_216,write,MLP11,-0.2953020134228188,-0.35693359375,False,False,True
codecontests_java_216,develop,L2H14,0.3953488372093023,-0.0058441162109375,False,False,True
codecontests_java_216,develop,MLP11,-2.0387596899224807,0.07177734375,True,False,True
apps_python_217,write,L2H14,0.21071428571428572,-0.049102783203125,False,True,False
apps_python_217,write,MLP11,-2.8857142857142857,-0.0810546875,False,True,False
apps_python_217,develop,L2H14,-0.4883720930232558,-0.07904052734375,False,False,True
apps_python_217,develop,MLP11,-0.10852713178294573,-0.0599365234375,False,False,True
codecontests_java_217,write,L2H14,0.5185185185185185,-0.06201171875,False,True,False
codecontests_java_217,write,MLP11,0.2993827160493827,-0.1002197265625,False,True,False
codecontests_java_217,develop,L2H14,-0.4835164835164835,-0.058746337890625,False,False,True
codecontests_java_217,develop,MLP11,-0.12637362637362637,0.037353515625,True,False,True
apps_python_218,write,L2H14,0.22772277227722773,-0.07428741455078125,False,True,False
apps_python_218,write,MLP11,0.719059405940594,0.0958251953125,True,True,False
apps_python_218,develop,L2H14,-0.25118483412322273,-0.06365966796875,False,False,True
apps_python_218,develop,MLP11,0.1895734597156398,-0.0137939453125,False,False,True
codecontests_cpp_218,write,L2H14,-0.043795620437956206,-1.1134033203125,False,False,True
codecontests_cpp_218,write,MLP11,0.38686131386861317,-0.607666015625,False,False,True
codecontests_cpp_218,develop,L2H14,-0.33067729083665337,-0.02984619140625,False,False,True
codecontests_cpp_218,develop,MLP11,-0.46613545816733065,-0.02734375,False,False,True
codecontests_java_218,write,L2H14,0.259375,-0.046142578125,False,False,True
codecontests_java_218,write,MLP11,-1.775,-0.154296875,False,False,True
codecontests_java_218,develop,L2H14,-0.7212121212121212,-0.02789306640625,False,False,True
codecontests_java_218,develop,MLP11,-0.10303030303030303,0.0045166015625,True,False,True
apps_python_219,write,L2H14,-0.27918781725888325,-1.96282958984375,False,False,True
apps_python_219,write,MLP11,-0.7868020304568528,-2.7213134765625,False,False,True
apps_python_219,develop,L2H14,0.027210884353741496,-0.008551597595214844,False,False,True
apps_python_219,develop,MLP11,-0.6394557823129252,-0.007843017578125,False,False,True
codecontests_cpp_219,write,L2H14,-0.48,-0.841064453125,False,False,True
codecontests_cpp_219,write,MLP11,-0.5733333333333334,-0.878173828125,False,False,True
codecontests_cpp_219,develop,L2H14,-0.32085561497326204,-0.1185302734375,False,False,True
codecontests_cpp_219,develop,MLP11,-0.39037433155080214,-0.11749267578125,False,False,True
codecontests_java_219,write,L2H14,-0.2,-0.0186767578125,False,False,True
codecontests_java_219,write,MLP11,-2.029787234042553,0.08203125,True,False,True
codecontests_java_219,develop,L2H14,-0.29245283018867924,-0.260833740234375,False,False,True
codecontests_java_219,develop,MLP11,0.8873820754716981,0.2364501953125,True,False,True
apps_python_220,write,L2H14,0.026041666666666668,-0.17852783203125,False,False,True
apps_python_220,write,MLP11,0.4296875,-0.060546875,False,False,True
apps_python_220,develop,L2H14,0.42290748898678415,-0.012786865234375,False,False,True
apps_python_220,develop,MLP11,0.0,-0.01751708984375,False,False,True
codecontests_cpp_220,write,L2H14,0.10775862068965517,-0.20121002197265625,False,True,False
codecontests_cpp_220,write,MLP11,0.5711206896551724,-0.052978515625,False,True,False
codecontests_cpp_220,develop,L2H14,-0.12380952380952381,-0.1143646240234375,False,False,True
codecontests_cpp_220,develop,MLP11,-0.8095238095238095,-0.17279052734375,False,False,True
codecontests_java_220,write,L2H14,-0.06417112299465241,-0.011950492858886719,False,True,False
codecontests_java_220,write,MLP11,-0.786096256684492,0.0213623046875,True,True,False
codecontests_java_220,develop,L2H14,-0.33783783783783783,-0.092071533203125,False,False,True
codecontests_java_220,develop,MLP11,-0.8648648648648649,-0.097900390625,False,False,True
apps_python_221,write,L2H14,0.3233333333333333,-0.091522216796875,False,True,False
apps_python_221,write,MLP11,0.7133333333333334,0.04443359375,True,False,True
apps_python_221,develop,L2H14,-0.06369426751592357,-0.0780487060546875,False,False,True
apps_python_221,develop,MLP11,-0.5987261146496815,-0.09814453125,False,False,True
codecontests_java_221,write,L2H14,0.2987551867219917,-0.63232421875,False,True,False
codecontests_java_221,write,MLP11,0.5414937759336099,-0.169921875,False,False,True
codecontests_java_221,develop,L2H14,0.10695187165775401,-0.0171966552734375,False,False,True
codecontests_java_221,develop,MLP11,-3.192513368983957,-0.044189453125,False,False,True
mbpp_python_221,write,L2H14,0.3125,-0.050445556640625,False,True,False
mbpp_python_221,write,MLP11,0.55625,0.0390625,True,True,False
mbpp_python_221,develop,L2H14,-0.328042328042328,-0.02850341796875,False,False,True
mbpp_python_221,develop,MLP11,-2.0476190476190474,0.00341796875,True,False,True
apps_python_222,write,L2H14,-0.7244897959183674,-0.0186309814453125,False,True,False
apps_python_222,write,MLP11,0.9151785714285714,0.01058197021484375,True,True,False
apps_python_222,develop,L2H14,-2.725,-0.0164794921875,False,False,True
apps_python_222,develop,MLP11,-3.125,-0.01806640625,False,False,True
codecontests_java_222,write,L2H14,0.15384615384615385,-0.09110736846923828,False,True,False
codecontests_java_222,write,MLP11,-0.058823529411764705,-0.11417531967163086,False,True,False
codecontests_java_222,develop,L2H14,0.2775330396475771,-0.1546630859375,False,False,True
codecontests_java_222,develop,MLP11,0.43612334801762115,-0.05810546875,False,False,True
apps_python_223,write,L2H14,0.38321167883211676,-0.07763671875,False,True,False
apps_python_223,write,MLP11,0.021897810218978103,-0.129180908203125,False,True,False
apps_python_223,develop,L2H14,0.30962343096234307,-0.01654052734375,False,False,True
apps_python_223,develop,MLP11,0.30962343096234307,0.0074462890625,True,False,True
codecontests_cpp_223,write,L2H14,0.5751633986928104,0.14013671875,True,True,False
codecontests_cpp_223,write,MLP11,-1.6013071895424837,-0.150146484375,False,False,True
codecontests_cpp_223,develop,L2H14,0.022123893805309734,-0.05222320556640625,False,False,True
codecontests_cpp_223,develop,MLP11,-0.37168141592920356,-0.06817626953125,False,False,True
codecontests_java_223,write,L2H14,-0.4585152838427948,-0.312744140625,False,True,False
codecontests_java_223,write,MLP11,0.25327510917030566,-0.1201171875,False,True,False
codecontests_java_223,develop,L2H14,0.03225806451612903,-0.004974365234375,False,False,True
codecontests_java_223,develop,MLP11,-0.9483870967741935,0.0296630859375,True,False,True
apps_python_224,write,L2H14,0.324,-0.3009033203125,False,True,False
apps_python_224,write,MLP11,0.172,-0.39312744140625,False,True,False
apps_python_224,develop,L2H14,0.19172932330827067,-0.102691650390625,False,False,True
apps_python_224,develop,MLP11,-0.18796992481203006,-0.152191162109375,False,False,True
codecontests_cpp_224,write,L2H14,-0.2972972972972973,-0.369232177734375,False,True,False
codecontests_cpp_224,write,MLP11,0.4864864864864865,-0.1177978515625,False,True,False
codecontests_cpp_224,develop,L2H14,0.15333333333333332,-0.05792236328125,False,False,True
codecontests_cpp_224,develop,MLP11,-0.6666666666666666,-0.1168212890625,False,False,True
codecontests_java_224,write,L2H14,-0.16463414634146342,-0.1859588623046875,False,True,False
codecontests_java_224,write,MLP11,-0.12804878048780488,-0.17940521240234375,False,True,False
codecontests_java_224,develop,L2H14,0.22821576763485477,-0.3486328125,False,False,True
codecontests_java_224,develop,MLP11,0.7157676348547718,0.0849609375,True,False,True
mbpp_python_224,write,L2H14,0.2919254658385093,-0.215850830078125,False,False,True
mbpp_python_224,write,MLP11,-1.0869565217391304,-0.62109375,False,False,True
mbpp_python_224,develop,L2H14,-0.013888888888888888,-0.0191650390625,False,False,True
mbpp_python_224,develop,MLP11,0.20833333333333334,-0.010986328125,False,False,True
apps_python_225,write,L2H14,0.12669683257918551,-0.7513275146484375,False,True,False
apps_python_225,write,MLP11,0.38009049773755654,-0.51171875,False,True,False
apps_python_225,develop,L2H14,-0.2777777777777778,-0.131011962890625,False,False,True
apps_python_225,develop,MLP11,-0.4444444444444444,-0.135498046875,False,False,True
codecontests_cpp_225,write,L2H14,-2.230769230769231,-0.31591796875,False,False,True
codecontests_cpp_225,write,MLP11,-2.230769230769231,-0.3193359375,False,False,True
codecontests_cpp_225,develop,L2H14,0.10429447852760736,-0.1425614356994629,False,False,True
codecontests_cpp_225,develop,MLP11,-0.11042944785276074,-0.173492431640625,False,False,True
codecontests_java_225,write,L2H14,0.0903954802259887,-1.2571678161621094,False,True,False
codecontests_java_225,write,MLP11,0.2542372881355932,-1.02435302734375,False,True,False
codecontests_java_225,develop,L2H14,0.240625,-0.054412841796875,False,False,True
codecontests_java_225,develop,MLP11,0.125,-0.02392578125,False,False,True
codecontests_java_226,write,L2H14,-0.2028985507246377,-0.6463165283203125,False,True,False
codecontests_java_226,write,MLP11,0.19202898550724637,-0.433074951171875,False,True,False
codecontests_java_226,develop,L2H14,0.02577319587628866,-0.1816558837890625,False,False,True
codecontests_java_226,develop,MLP11,0.3247422680412371,-0.1085205078125,False,False,True
apps_python_227,write,L2H14,0.35172413793103446,-0.0850830078125,False,False,True
apps_python_227,write,MLP11,0.6948275862068966,0.063720703125,True,False,True
apps_python_227,develop,L2H14,-0.2608695652173913,-0.036407470703125,False,False,True
apps_python_227,develop,MLP11,-1.3043478260869565,-0.055908203125,False,False,True
codecontests_cpp_227,write,L2H14,0.22794117647058823,-1.6298828125,False,False,True
codecontests_cpp_227,write,MLP11,0.14705882352941177,-1.7960205078125,False,False,True
codecontests_cpp_227,develop,L2H14,-0.09929078014184398,-0.07564949989318848,False,False,True
codecontests_cpp_227,develop,MLP11,-0.3333333333333333,-0.086090087890625,False,False,True
codecontests_java_227,write,L2H14,0.453125,-0.07940673828125,False,True,False
codecontests_java_227,write,MLP11,0.7296875,-0.008544921875,False,True,False
codecontests_java_227,develop,L2H14,-0.013245033112582781,-0.073638916015625,False,False,True
codecontests_java_227,develop,MLP11,0.7433774834437086,0.0352783203125,True,False,True
codecontests_cpp_228,write,L2H14,0.2572463768115942,-0.1970672607421875,False,True,False
codecontests_cpp_228,write,MLP11,0.8152173913043478,0.04541015625,True,True,False
codecontests_cpp_228,develop,L2H14,0.02092050209205021,-0.0555419921875,False,False,True
codecontests_cpp_228,develop,MLP11,-0.4811715481171548,-0.036865234375,False,False,True
codecontests_java_228,write,L2H14,0.5326633165829145,-0.0648193359375,False,True,False
codecontests_java_228,write,MLP11,0.8404522613065326,0.046142578125,True,True,False
codecontests_java_228,develop,L2H14,0.16111111111111112,-0.0374755859375,False,False,True
codecontests_java_228,develop,MLP11,0.8263888888888888,0.02777099609375,True,False,True
apps_python_229,write,L2H14,-0.3284671532846715,-0.018707275390625,False,True,False
apps_python_229,write,MLP11,0.31386861313868614,0.0045166015625,True,True,False
apps_python_229,develop,L2H14,-0.37037037037037035,-0.1424407958984375,False,False,True
apps_python_229,develop,MLP11,0.5995370370370371,-0.0255126953125,False,False,True
codecontests_cpp_229,write,L2H14,0.11214953271028037,-0.0901031494140625,False,True,False
codecontests_cpp_229,write,MLP11,-2.383177570093458,-0.26318359375,False,False,True
codecontests_cpp_229,develop,L2H14,0.16593886462882096,-0.043060302734375,False,False,True
codecontests_cpp_229,develop,MLP11,-0.4410480349344978,-0.06719970703125,False,False,True
codecontests_java_229,write,L2H14,-0.9545454545454546,-0.0506591796875,False,False,True
codecontests_java_229,write,MLP11,-1.0757575757575757,-0.031982421875,False,False,True
codecontests_java_229,develop,L2H14,0.017777777777777778,-0.053241729736328125,False,False,True
codecontests_java_229,develop,MLP11,-0.16444444444444445,-0.029541015625,False,False,True
apps_python_230,write,L2H14,-0.3392070484581498,-0.018148422241210938,False,True,False
apps_python_230,write,MLP11,-1.13215859030837,-0.02093505859375,False,True,False
apps_python_230,develop,L2H14,-2.767857142857143,-0.0068359375,False,False,True
apps_python_230,develop,MLP11,-5.857142857142857,-0.007568359375,False,False,True
codecontests_java_230,write,L2H14,0.16363636363636364,-0.5376510620117188,False,True,False
codecontests_java_230,write,MLP11,-0.15757575757575756,-0.7429656982421875,False,True,False
codecontests_java_230,develop,L2H14,0.19680851063829788,-0.2864990234375,False,False,True
codecontests_java_230,develop,MLP11,0.6981382978723404,0.13427734375,True,False,True
mbpp_python_230,write,L2H14,-0.4942528735632184,-0.49444580078125,False,False,True
mbpp_python_230,write,MLP11,0.034482758620689655,-0.3264007568359375,False,False,True
mbpp_python_230,develop,L2H14,0.27181208053691275,-0.00732421875,False,False,True
mbpp_python_230,develop,MLP11,-0.053691275167785234,-0.0163726806640625,False,False,True
apps_python_231,write,L2H14,-2.229813664596273,-0.0133056640625,False,True,False
apps_python_231,write,MLP11,-9.285714285714286,-0.0126953125,False,False,True
apps_python_231,develop,L2H14,0.0111731843575419,-0.02008819580078125,False,False,True
apps_python_231,develop,MLP11,-0.6983240223463687,-0.02813720703125,False,False,True
codecontests_java_231,write,L2H14,0.21081081081081082,-0.28324127197265625,False,True,False
codecontests_java_231,write,MLP11,0.2756756756756757,-0.2584075927734375,False,True,False
codecontests_java_231,develop,L2H14,0.21468926553672316,-0.05780029296875,False,False,True
codecontests_java_231,develop,MLP11,0.6242937853107344,0.068603515625,True,False,True
apps_python_232,write,L2H14,0.24369747899159663,-0.16375732421875,False,True,False
apps_python_232,write,MLP11,-0.06302521008403361,-0.23480224609375,False,True,False
apps_python_232,develop,L2H14,-0.11616161616161616,-0.4290313720703125,False,False,False
apps_python_232,develop,MLP11,0.10606060606060606,-0.295654296875,False,False,True
apps_python_233,write,L2H14,-0.125,-0.4371185302734375,False,True,False
apps_python_233,write,MLP11,0.24,-0.2723388671875,False,True,False
apps_python_233,develop,L2H14,0.3510204081632653,-0.032867431640625,False,False,True
apps_python_233,develop,MLP11,-0.6653061224489796,-0.09051513671875,False,False,True
codecontests_java_233,write,L2H14,0.25,-1.5262451171875,False,True,False
codecontests_java_233,write,MLP11,0.6041666666666666,-0.5947265625,False,True,False
codecontests_java_233,develop,L2H14,-0.09644670050761421,-0.02552032470703125,False,False,True
codecontests_java_233,develop,MLP11,0.20304568527918782,0.007080078125,True,False,True
mbpp_python_233,write,L2H14,0.462406015037594,-0.2567138671875,False,True,False
mbpp_python_233,write,MLP11,0.24436090225563908,-0.38330078125,False,True,False
mbpp_python_233,develop,L2H14,-0.19617224880382775,-0.0582427978515625,False,False,True
mbpp_python_233,develop,MLP11,-1.9090909090909092,-0.06640625,False,False,True
apps_python_234,write,L2H14,0.1568627450980392,-0.1224212646484375,False,False,True
apps_python_234,write,MLP11,0.5718954248366013,0.09521484375,True,False,True
apps_python_234,develop,L2H14,-0.3220338983050847,-0.027866363525390625,False,False,True
apps_python_234,develop,MLP11,-0.8870056497175142,-0.036529541015625,False,False,True
codecontests_java_234,write,L2H14,0.7170138888888888,0.0264892578125,True,False,True
codecontests_java_234,write,MLP11,0.7743055555555556,0.070068359375,True,False,True
codecontests_java_234,develop,L2H14,0.06569343065693431,-0.0276031494140625,False,False,True
codecontests_java_234,develop,MLP11,0.0,0.020263671875,True,False,True
apps_python_235,write,L2H14,-0.2922077922077922,-0.3802490234375,False,True,False
apps_python_235,write,MLP11,-1.5064935064935066,-0.6181640625,False,False,True
apps_python_235,develop,L2H14,-0.05928853754940711,-0.26000213623046875,False,False,True
apps_python_235,develop,MLP11,-0.6047430830039525,-0.376220703125,False,False,True
codecontests_cpp_235,write,L2H14,-0.45038167938931295,-1.446044921875,False,False,True
codecontests_cpp_235,write,MLP11,-0.48854961832061067,-1.4599609375,False,False,True
codecontests_cpp_235,develop,L2H14,-0.08387096774193549,-0.1633758544921875,False,False,True
codecontests_cpp_235,develop,MLP11,-0.4838709677419355,-0.198974609375,False,False,True
codecontests_java_235,write,L2H14,-0.12087912087912088,0.0133056640625,True,False,True
codecontests_java_235,write,MLP11,-1.6373626373626373,0.0234375,True,False,True
codecontests_java_235,develop,L2H14,0.010869565217391304,-0.08753204345703125,False,False,True
codecontests_java_235,develop,MLP11,0.2826086956521739,-0.0335693359375,False,False,True
mbpp_python_235,write,L2H14,0.06550218340611354,-0.10420608520507812,False,True,False
mbpp_python_235,write,MLP11,0.35807860262008734,-0.0697479248046875,False,True,False
mbpp_python_235,develop,L2H14,0.2616822429906542,-0.0631103515625,False,True,False
mbpp_python_235,develop,MLP11,-0.3177570093457944,-0.13336181640625,False,False,True
apps_python_236,write,L2H14,-0.11042944785276074,-0.0718994140625,False,True,False
apps_python_236,write,MLP11,0.29754601226993865,-0.0509033203125,False,True,False
apps_python_236,develop,L2H14,0.016129032258064516,-0.28466796875,False,False,True
apps_python_236,develop,MLP11,0.11827956989247312,-0.271484375,False,False,True
codecontests_cpp_236,write,L2H14,-0.08791208791208792,-0.771392822265625,False,False,True
codecontests_cpp_236,write,MLP11,-0.07692307692307693,-0.758514404296875,False,False,True
codecontests_cpp_236,develop,L2H14,0.04895104895104895,-0.014434814453125,False,False,True
codecontests_cpp_236,develop,MLP11,-0.38461538461538464,-0.0140380859375,False,False,True
codecontests_java_236,write,L2H14,0.09947643979057591,-0.041126251220703125,False,False,True
codecontests_java_236,write,MLP11,0.6727748691099477,0.0394287109375,True,False,True
codecontests_java_236,develop,L2H14,0.041916167664670656,-0.15441131591796875,False,False,True
codecontests_java_236,develop,MLP11,0.5179640718562875,-0.01416015625,False,False,True
apps_python_237,write,L2H14,-0.13245033112582782,-0.3318634033203125,False,True,False
apps_python_237,write,MLP11,0.15894039735099338,-0.20947265625,False,True,False
apps_python_237,develop,L2H14,-0.25,-0.413421630859375,False,True,False
apps_python_237,develop,MLP11,-0.31976744186046513,-0.419677734375,False,True,False
codecontests_java_237,write,L2H14,0.5773381294964028,-0.04510498046875,False,True,False
codecontests_java_237,write,MLP11,0.5863309352517986,-0.04144287109375,False,True,False
codecontests_java_237,develop,L2H14,-0.6097560975609756,-0.01666259765625,False,False,True
codecontests_java_237,develop,MLP11,-1.5365853658536586,0.037109375,True,False,True
apps_python_238,write,L2H14,0.0,-0.32024478912353516,False,True,False
apps_python_238,write,MLP11,0.012195121951219513,-0.31565093994140625,False,True,False
apps_python_238,develop,L2H14,-0.19678714859437751,-0.1273193359375,False,False,True
apps_python_238,develop,MLP11,-1.2971887550200802,-0.231201171875,False,False,True
codecontests_java_238,write,L2H14,0.27884615384615385,-0.034515380859375,False,False,True
codecontests_java_238,write,MLP11,0.5649038461538461,0.0233154296875,True,False,True
codecontests_java_238,develop,L2H14,0.09027777777777778,-0.030914306640625,False,False,True
codecontests_java_238,develop,MLP11,-1.2638888888888888,-0.034912109375,False,False,True
apps_python_239,write,L2H14,-0.22608695652173913,-0.269195556640625,False,False,True
apps_python_239,write,MLP11,0.6108695652173913,-0.04248046875,False,True,False
apps_python_239,develop,L2H14,0.08839779005524862,-0.00244140625,False,False,True
apps_python_239,develop,MLP11,-0.7569060773480663,0.002197265625,True,False,True
codecontests_java_239,write,L2H14,-0.6045197740112994,-0.0319366455078125,False,True,False
codecontests_java_239,write,MLP11,-2.389830508474576,-0.040771484375,False,True,False
codecontests_java_239,develop,L2H14,0.09259259259259259,-0.379302978515625,False,False,True
codecontests_java_239,develop,MLP11,0.3101851851851852,-0.257080078125,False,False,True
apps_python_240,write,L2H14,0.7551020408163265,0.007568359375,True,True,False
apps_python_240,write,MLP11,0.6352040816326531,-0.01806640625,False,True,False
apps_python_240,develop,L2H14,0.16901408450704225,-0.02728271484375,False,False,True
apps_python_240,develop,MLP11,-0.02112676056338028,-0.0191650390625,False,False,True
codecontests_java_240,write,L2H14,-3.017777777777778,-0.25,False,True,False
codecontests_java_240,write,MLP11,-1.0266666666666666,-0.0830078125,False,False,True
codecontests_java_240,develop,L2H14,0.6306122448979592,-0.009765625,False,False,False
codecontests_java_240,develop,MLP11,0.8377551020408164,0.07916259765625,True,False,False
apps_python_241,write,L2H14,-2.510204081632653,-0.3681640625,False,False,True
apps_python_241,write,MLP11,-3.272108843537415,-0.4169921875,False,False,True
apps_python_241,develop,L2H14,0.16587677725118483,-0.07672119140625,False,False,True
apps_python_241,develop,MLP11,-0.16113744075829384,-0.1065673828125,False,False,True
codecontests_java_241,write,L2H14,-0.06060606060606061,-0.6834163665771484,False,True,False
codecontests_java_241,write,MLP11,0.4212121212121212,-0.361572265625,False,True,False
codecontests_java_241,develop,L2H14,-0.1597222222222222,-0.15899658203125,False,False,True
codecontests_java_241,develop,MLP11,0.6076388888888888,0.052734375,True,False,True
apps_python_242,write,L2H14,-0.9908675799086758,-0.02093505859375,False,True,False
apps_python_242,write,MLP11,-3.164383561643836,-0.027099609375,False,True,False
apps_python_242,develop,L2H14,-0.2631578947368421,-0.079833984375,False,False,True
apps_python_242,develop,MLP11,0.5281954887218046,-0.0135498046875,False,False,True
codecontests_cpp_242,write,L2H14,0.1761904761904762,-0.328125,False,True,False
codecontests_cpp_242,write,MLP11,-0.29523809523809524,-0.4990234375,False,False,True
codecontests_cpp_242,develop,L2H14,-0.5575221238938053,-0.00726318359375,False,False,True
codecontests_cpp_242,develop,MLP11,-5.407079646017699,0.017578125,True,False,True
codecontests_java_242,write,L2H14,-0.026845637583892617,-0.071685791015625,False,False,True
codecontests_java_242,write,MLP11,-0.6308724832214765,-0.05517578125,False,False,True
codecontests_java_242,develop,L2H14,0.0896551724137931,-0.06552886962890625,False,False,True
codecontests_java_242,develop,MLP11,0.4413793103448276,-0.0126953125,False,False,True
apps_python_243,write,L2H14,-0.1038961038961039,-0.0829305648803711,False,True,False
apps_python_243,write,MLP11,-0.01948051948051948,-0.066650390625,False,True,False
apps_python_243,develop,L2H14,-0.17647058823529413,-0.09185791015625,False,False,True
apps_python_243,develop,MLP11,-0.6941176470588235,-0.120849609375,False,False,True
codecontests_java_243,write,L2H14,0.06451612903225806,-0.0061492919921875,False,True,False
codecontests_java_243,write,MLP11,-0.17972350230414746,-0.005218505859375,False,True,False
codecontests_java_243,develop,L2H14,0.09782608695652174,-0.16022491455078125,False,False,True
codecontests_java_243,develop,MLP11,0.5679347826086957,0.02734375,True,False,True
apps_python_244,write,L2H14,0.2054263565891473,-0.7969818115234375,False,True,False
apps_python_244,write,MLP11,0.5465116279069767,-0.41064453125,False,True,False
apps_python_244,develop,L2H14,0.12237762237762238,-0.023406982421875,False,False,True
apps_python_244,develop,MLP11,-0.25874125874125875,-0.001708984375,False,False,True
apps_python_245,write,L2H14,-0.29608938547486036,-1.7906494140625,False,False,False
apps_python_245,write,MLP11,-0.07262569832402235,-1.296875,False,False,False
apps_python_245,develop,L2H14,0.04827586206896552,-0.25738525390625,False,False,True
apps_python_245,develop,MLP11,-0.7793103448275862,-0.38720703125,False,False,True
codecontests_cpp_245,write,L2H14,-1.5529411764705883,-0.34814453125,False,True,False
codecontests_cpp_245,write,MLP11,-4.976470588235294,-0.564453125,False,False,True
codecontests_cpp_245,develop,L2H14,-0.22950819672131148,-0.012828826904296875,False,False,True
codecontests_cpp_245,develop,MLP11,-1.3060109289617485,-0.01507568359375,False,False,True
codecontests_java_245,write,L2H14,-0.4187192118226601,-2.2314453125,False,True,False
codecontests_java_245,write,MLP11,0.12315270935960591,-1.386566162109375,False,True,False
codecontests_java_245,develop,L2H14,0.056179775280898875,-0.04085350036621094,False,False,True
codecontests_java_245,develop,MLP11,0.601123595505618,0.04296875,True,False,True
mbpp_python_245,write,L2H14,0.08653846153846154,-0.3672332763671875,False,False,True
mbpp_python_245,write,MLP11,0.5817307692307693,0.412109375,True,True,False
mbpp_python_245,develop,L2H14,0.14035087719298245,-0.283477783203125,False,False,False
mbpp_python_245,develop,MLP11,0.30409356725146197,-0.199951171875,False,False,False
apps_python_246,write,L2H14,0.2079207920792079,-0.22998046875,False,True,False
apps_python_246,write,MLP11,0.4034653465346535,-0.20166015625,False,True,False
apps_python_246,develop,L2H14,0.1986754966887417,-0.228759765625,False,False,True
apps_python_246,develop,MLP11,0.06622516556291391,-0.2486572265625,False,False,True
codecontests_cpp_246,write,L2H14,-0.14285714285714285,-1.3744544982910156,False,False,True
codecontests_cpp_246,write,MLP11,-0.948051948051948,-2.283203125,False,False,True
codecontests_cpp_246,develop,L2H14,-0.38181818181818183,-0.013574600219726562,False,False,True
codecontests_cpp_246,develop,MLP11,-0.38181818181818183,-0.00421142578125,False,False,True
codecontests_java_246,write,L2H14,-0.09743589743589744,-0.02439117431640625,False,False,True
codecontests_java_246,write,MLP11,-1.5128205128205128,-0.0283203125,False,False,True
codecontests_java_246,develop,L2H14,-0.2565789473684211,-0.09230804443359375,False,False,True
codecontests_java_246,develop,MLP11,0.2138157894736842,-0.04913330078125,False,False,True
codecontests_java_247,write,L2H14,0.02857142857142857,-1.5931892395019531,False,True,False
codecontests_java_247,write,MLP11,0.12857142857142856,-1.425079345703125,False,True,False
codecontests_java_247,develop,L2H14,-0.9783783783783784,-0.15625,False,False,True
codecontests_java_247,develop,MLP11,0.0,-0.03125,False,False,True
apps_python_248,write,L2H14,-0.1592356687898089,-0.1763153076171875,False,True,False
apps_python_248,write,MLP11,0.8065286624203821,0.0091552734375,True,True,False
apps_python_248,develop,L2H14,0.32019704433497537,-0.061065673828125,False,False,True
apps_python_248,develop,MLP11,0.6083743842364532,0.00048828125,True,False,True
codecontests_cpp_248,write,L2H14,-0.27884615384615385,-0.253082275390625,False,True,False
codecontests_cpp_248,write,MLP11,-0.16346153846153846,-0.22784423828125,False,True,False
codecontests_cpp_248,develop,L2H14,-0.45517241379310347,-0.10187530517578125,False,False,True
codecontests_cpp_248,develop,MLP11,-0.9172413793103448,-0.1072998046875,False,False,True
codecontests_java_248,write,L2H14,-0.23703703703703705,-0.6499786376953125,False,True,False
codecontests_java_248,write,MLP11,0.05185185185185185,-0.497802734375,False,True,False
codecontests_java_248,develop,L2H14,0.18345323741007194,-0.055034637451171875,False,False,True
codecontests_java_248,develop,MLP11,-0.22302158273381295,-0.017578125,False,False,True
apps_python_249,write,L2H14,-0.373134328358209,-0.064422607421875,False,True,False
apps_python_249,write,MLP11,-0.5422885572139303,-0.0703125,False,True,False
apps_python_249,develop,L2H14,-0.004464285714285714,-0.10970783233642578,False,False,True
apps_python_249,develop,MLP11,-0.2767857142857143,-0.1341552734375,False,False,True
codecontests_cpp_249,write,L2H14,-0.014084507042253521,-0.561676025390625,False,False,True
codecontests_cpp_249,write,MLP11,0.5827464788732394,-0.15576171875,False,True,False
codecontests_cpp_249,develop,L2H14,-0.2186046511627907,-0.003509521484375,False,False,True
codecontests_cpp_249,develop,MLP11,-3.2046511627906975,-0.00823974609375,False,False,True
codecontests_java_249,write,L2H14,0.12105263157894737,-0.644561767578125,False,True,False
codecontests_java_249,write,MLP11,-0.3894736842105263,-0.99462890625,False,True,False
codecontests_java_249,develop,L2H14,0.1925133689839572,-0.06744384765625,False,False,True
codecontests_java_249,develop,MLP11,0.6310160427807486,0.0302734375,True,False,True
apps_python_250,write,L2H14,-0.25,-0.10638427734375,False,True,False
apps_python_250,write,MLP11,-5.458333333333333,-0.263671875,False,False,True
apps_python_250,develop,L2H14,0.2793522267206478,-0.039520263671875,False,False,True
apps_python_250,develop,MLP11,-0.1659919028340081,-0.063232421875,False,False,True
codecontests_java_250,write,L2H14,0.5041322314049587,-0.37939453125,False,True,False
codecontests_java_250,write,MLP11,-0.32231404958677684,-1.221435546875,False,True,False
codecontests_java_250,develop,L2H14,0.09271523178807947,-0.06695055961608887,False,False,True
codecontests_java_250,develop,MLP11,0.5364238410596026,0.033203125,True,False,True
apps_python_251,write,L2H14,0.3305785123966942,-0.0075531005859375,False,True,False
apps_python_251,write,MLP11,0.2190082644628099,0.02191162109375,True,True,False
apps_python_251,develop,L2H14,-0.15625,-0.026670455932617188,False,False,True
apps_python_251,develop,MLP11,-0.09375,-0.018157958984375,False,False,True
codecontests_java_251,write,L2H14,-0.5724137931034483,-0.862548828125,False,True,False
codecontests_java_251,write,MLP11,-0.020689655172413793,-0.57208251953125,False,True,False
codecontests_java_251,develop,L2H14,0.28525641025641024,-0.0399169921875,False,False,True
codecontests_java_251,develop,MLP11,0.4358974358974359,0.06787109375,True,False,True
apps_python_252,write,L2H14,-0.7258883248730964,-0.630615234375,False,True,False
apps_python_252,write,MLP11,0.27918781725888325,-0.26507568359375,False,True,False
apps_python_252,develop,L2H14,-1.3016759776536313,-0.042755126953125,False,False,True
apps_python_252,develop,MLP11,-2.5083798882681565,-0.016357421875,False,False,True
codecontests_cpp_252,write,L2H14,0.004048582995951417,-0.48309326171875,False,True,False
codecontests_cpp_252,write,MLP11,0.4048582995951417,-0.25244140625,False,True,False
codecontests_cpp_252,develop,L2H14,0.027450980392156862,-0.48319244384765625,False,False,True
codecontests_cpp_252,develop,MLP11,0.14901960784313725,-0.41058349609375,False,False,True
codecontests_java_252,write,L2H14,-0.9736842105263158,-0.2716064453125,False,True,False
codecontests_java_252,write,MLP11,0.27631578947368424,-0.10015869140625,False,True,False
codecontests_java_252,develop,L2H14,-0.04827586206896552,-0.0356903076171875,False,False,True
codecontests_java_252,develop,MLP11,-0.7310344827586207,-0.02197265625,False,False,True
apps_python_253,write,L2H14,-0.4350282485875706,-1.936279296875,False,False,True
apps_python_253,write,MLP11,0.3389830508474576,-0.81640625,False,False,True
apps_python_253,develop,L2H14,0.2878787878787879,-0.062286376953125,False,False,True
apps_python_253,develop,MLP11,0.2474747474747475,-0.0450439453125,False,False,True
codecontests_cpp_253,write,L2H14,-0.004273504273504274,-1.8344345092773438,False,False,True
codecontests_cpp_253,write,MLP11,-0.004273504273504274,-1.823486328125,False,False,True
codecontests_cpp_253,develop,L2H14,-0.11805555555555555,-0.07817649841308594,False,False,True
codecontests_cpp_253,develop,MLP11,-0.9305555555555556,-0.1270751953125,False,False,True
codecontests_java_253,write,L2H14,0.3160919540229885,-0.885498046875,False,True,False
codecontests_java_253,write,MLP11,0.27298850574712646,-0.950439453125,False,True,False
codecontests_java_253,develop,L2H14,0.06532663316582915,-0.04441070556640625,False,False,True
codecontests_java_253,develop,MLP11,0.43467336683417085,-0.018798828125,False,False,True
apps_python_254,write,L2H14,0.235,-0.2412109375,False,True,False
apps_python_254,write,MLP11,0.5975,-0.07275390625,False,False,True
apps_python_254,develop,L2H14,0.022556390977443608,-0.0601348876953125,False,False,True
apps_python_254,develop,MLP11,-0.3533834586466165,-0.08135986328125,False,False,True
codecontests_cpp_254,write,L2H14,-0.3287671232876712,-0.74945068359375,False,False,True
codecontests_cpp_254,write,MLP11,-0.3972602739726027,-0.7681884765625,False,False,True
codecontests_cpp_254,develop,L2H14,-0.3391304347826087,-0.03624725341796875,False,False,True
codecontests_cpp_254,develop,MLP11,0.1565217391304348,-0.020050048828125,False,False,True
codecontests_java_254,write,L2H14,-0.2920353982300885,-0.5526123046875,False,True,False
codecontests_java_254,write,MLP11,0.28761061946902655,-0.2333984375,False,False,True
codecontests_java_254,develop,L2H14,0.39655172413793105,-0.08990478515625,False,False,True
codecontests_java_254,develop,MLP11,0.7255747126436781,0.160400390625,True,False,True
apps_python_255,write,L2H14,0.022598870056497175,-0.671844482421875,False,False,True
apps_python_255,write,MLP11,-1.384180790960452,-1.49609375,False,False,True
apps_python_255,develop,L2H14,0.019867549668874173,-0.28904032707214355,False,False,True
apps_python_255,develop,MLP11,0.13245033112582782,-0.242919921875,False,False,True
codecontests_cpp_255,write,L2H14,-0.15695067264573992,-1.0035400390625,False,False,True
codecontests_cpp_255,write,MLP11,0.18834080717488788,-0.63720703125,False,False,True
codecontests_cpp_255,develop,L2H14,-0.028985507246376812,-0.0323028564453125,False,False,True
codecontests_cpp_255,develop,MLP11,-0.47101449275362317,-0.04412841796875,False,False,True
codecontests_java_255,write,L2H14,0.6966292134831461,0.0087890625,True,False,True
codecontests_java_255,write,MLP11,-0.3258426966292135,-0.44720458984375,False,False,True
codecontests_java_255,develop,L2H14,0.32083333333333336,-0.015777587890625,False,False,True
codecontests_java_255,develop,MLP11,-3.433333333333333,-0.0390625,False,False,True
apps_python_256,write,L2H14,0.3954248366013072,-0.021938323974609375,False,True,False
apps_python_256,write,MLP11,-4.9869281045751634,-0.11669921875,False,True,False
apps_python_256,develop,L2H14,0.10267857142857142,-0.0146484375,False,False,True
apps_python_256,develop,MLP11,-0.10267857142857142,0.0006103515625,True,False,True
codecontests_cpp_256,write,L2H14,0.10052910052910052,-0.65960693359375,False,False,True
codecontests_cpp_256,write,MLP11,-0.2751322751322751,-0.9173583984375,False,False,True
codecontests_cpp_256,develop,L2H14,0.19696969696969696,-0.10390281677246094,False,False,True
codecontests_cpp_256,develop,MLP11,-0.9015151515151515,-0.2244873046875,False,False,True
codecontests_java_256,write,L2H14,-0.8023255813953488,-0.554931640625,False,True,False
codecontests_java_256,write,MLP11,-0.9651162790697675,-0.60302734375,False,True,False
codecontests_java_256,develop,L2H14,0.375,-0.12689208984375,False,False,True
codecontests_java_256,develop,MLP11,-0.5982142857142857,-0.3297119140625,False,False,True
apps_python_257,write,L2H14,-0.5765765765765766,-0.6568603515625,False,False,True
apps_python_257,write,MLP11,-3.0720720720720722,-1.3828125,False,False,True
apps_python_257,develop,L2H14,-0.17857142857142858,-0.027191162109375,False,False,True
apps_python_257,develop,MLP11,0.30612244897959184,0.0018310546875,True,False,True
codecontests_cpp_257,write,L2H14,-0.3656387665198238,-2.395751953125,False,False,True
codecontests_cpp_257,write,MLP11,-0.2775330396475771,-2.232421875,False,False,True
codecontests_cpp_257,develop,L2H14,0.13513513513513514,-0.061641693115234375,False,False,True
codecontests_cpp_257,develop,MLP11,-0.25,-0.0758056640625,False,False,True
codecontests_java_257,write,L2H14,-0.42745098039215684,-1.380859375,False,True,False
codecontests_java_257,write,MLP11,0.38823529411764707,-0.546875,False,False,True
codecontests_java_257,develop,L2H14,-0.03636363636363636,-0.11168861389160156,False,False,True
codecontests_java_257,develop,MLP11,0.2636363636363636,-0.0458984375,False,False,True
apps_python_258,write,L2H14,0.47388059701492535,-0.011871337890625,False,True,False
apps_python_258,write,MLP11,-0.4925373134328358,-0.0460968017578125,False,True,False
apps_python_258,develop,L2H14,0.13358778625954199,-0.2192230224609375,False,False,True
apps_python_258,develop,MLP11,0.08396946564885496,-0.230804443359375,False,False,True
codecontests_cpp_258,write,L2H14,0.17803030303030304,-3.38714599609375,False,False,True
codecontests_cpp_258,write,MLP11,0.1553030303030303,-3.455078125,False,False,True
codecontests_cpp_258,develop,L2H14,-0.05785123966942149,-0.031133651733398438,False,False,True
codecontests_cpp_258,develop,MLP11,-1.4793388429752066,-0.06280517578125,False,False,True
codecontests_java_258,write,L2H14,0.11467889908256881,-0.04712730646133423,False,False,True
codecontests_java_258,write,MLP11,-0.9174311926605505,-0.0224609375,False,False,True
codecontests_java_258,develop,L2H14,0.25496688741721857,-0.0512542724609375,False,False,True
codecontests_java_258,develop,MLP11,-0.7086092715231788,-0.0380859375,False,False,True
apps_python_259,write,L2H14,-0.24550898203592814,-0.199249267578125,False,False,True
apps_python_259,write,MLP11,-0.41916167664670656,-0.21832275390625,False,False,True
apps_python_259,develop,L2H14,-0.21428571428571427,-0.0465087890625,False,False,True
apps_python_259,develop,MLP11,-0.1326530612244898,-0.0345458984375,False,False,True
codecontests_cpp_259,write,L2H14,0.022935779816513763,-1.6638555526733398,False,False,True
codecontests_cpp_259,write,MLP11,-0.22018348623853212,-2.05126953125,False,False,True
codecontests_cpp_259,develop,L2H14,0.0,-0.041541337966918945,False,False,True
codecontests_cpp_259,develop,MLP11,-2.3411764705882354,-0.1090087890625,False,False,True
codecontests_java_259,write,L2H14,0.16033755274261605,-0.0218963623046875,False,False,True
codecontests_java_259,write,MLP11,-0.5780590717299579,0.019775390625,True,False,True
codecontests_java_259,develop,L2H14,0.15337423312883436,-0.01348876953125,False,False,True
codecontests_java_259,develop,MLP11,-1.5030674846625767,0.01318359375,True,False,True
apps_python_260,write,L2H14,0.2103448275862069,-0.4415283203125,False,False,True
apps_python_260,write,MLP11,-0.696551724137931,-0.9228515625,False,False,True
apps_python_260,develop,L2H14,0.30042918454935624,-0.0077362060546875,False,False,True
apps_python_260,develop,MLP11,0.22746781115879827,-0.006561279296875,False,False,True
codecontests_java_260,write,L2H14,-0.296551724137931,-0.35400390625,False,True,False
codecontests_java_260,write,MLP11,-1.3448275862068966,-0.509765625,False,True,False
codecontests_java_260,develop,L2H14,0.18128654970760233,-0.02923583984375,False,False,True
codecontests_java_260,develop,MLP11,-0.5321637426900585,0.0302734375,True,False,True
apps_python_261,write,L2H14,0.33488372093023255,-0.04736328125,False,True,False
apps_python_261,write,MLP11,0.4325581395348837,0.0908203125,True,False,True
apps_python_261,develop,L2H14,-0.057692307692307696,-0.019542694091796875,False,False,True
apps_python_261,develop,MLP11,-0.48717948717948717,-0.0123291015625,False,False,True
codecontests_cpp_261,write,L2H14,-0.11553784860557768,-2.1800537109375,False,False,False
codecontests_cpp_261,write,MLP11,0.11155378486055777,-1.7041015625,False,False,True
codecontests_cpp_261,develop,L2H14,0.0,-0.06103515625,False,False,True
codecontests_cpp_261,develop,MLP11,0.06521739130434782,-0.00439453125,False,False,True
codecontests_java_261,write,L2H14,0.1111111111111111,-0.28253173828125,False,False,False
codecontests_java_261,write,MLP11,0.3538011695906433,-0.14111328125,False,False,True
codecontests_java_261,develop,L2H14,-0.07065217391304347,-0.187347412109375,False,False,True
codecontests_java_261,develop,MLP11,0.33967391304347827,-0.0234375,False,False,True
apps_python_262,write,L2H14,-0.14285714285714285,-0.3725738525390625,False,False,True
apps_python_262,write,MLP11,0.03571428571428571,-0.3048095703125,False,False,True
apps_python_262,develop,L2H14,-0.11842105263157894,-0.019439697265625,False,False,True
apps_python_262,develop,MLP11,-0.3815789473684211,-0.0235443115234375,False,False,True
codecontests_cpp_262,write,L2H14,0.04017857142857143,-0.006046295166015625,False,True,False
codecontests_cpp_262,write,MLP11,-3.267857142857143,-0.01806640625,False,True,False
codecontests_cpp_262,develop,L2H14,-0.9119496855345912,-0.124755859375,False,False,True
codecontests_cpp_262,develop,MLP11,-0.9622641509433962,0.0966796875,True,False,True
codecontests_java_262,write,L2H14,-1.4035087719298245,-0.02239990234375,False,True,False
codecontests_java_262,write,MLP11,-2.491228070175439,-0.002685546875,False,True,False
codecontests_java_262,develop,L2H14,-0.07602339181286549,-0.0864105224609375,False,False,True
codecontests_java_262,develop,MLP11,0.17543859649122806,-0.024169921875,False,False,True
apps_python_263,write,L2H14,0.14193548387096774,-0.0631561279296875,False,True,False
apps_python_263,write,MLP11,-0.3161290322580645,-0.04833984375,False,True,False
apps_python_263,develop,L2H14,0.4437869822485207,-0.075927734375,False,False,True
apps_python_263,develop,MLP11,0.6094674556213018,-0.02392578125,False,False,True
codecontests_cpp_263,write,L2H14,0.05699481865284974,-1.4205169677734375,False,False,True
codecontests_cpp_263,write,MLP11,-0.16062176165803108,-1.73980712890625,False,False,True
codecontests_cpp_263,develop,L2H14,0.22402597402597402,-0.02773284912109375,False,False,True
codecontests_cpp_263,develop,MLP11,-1.7662337662337662,-0.0772705078125,False,False,True
codecontests_java_263,write,L2H14,-0.09285714285714286,-0.1477813720703125,False,False,True
codecontests_java_263,write,MLP11,-1.1428571428571428,-0.237060546875,False,False,True
codecontests_java_263,develop,L2H14,-0.003952569169960474,-0.0288543701171875,False,False,True
codecontests_java_263,develop,MLP11,-0.1225296442687747,0.007080078125,True,False,True
codecontests_cpp_264,write,L2H14,-2.0047846889952154,-0.2431640625,False,True,False
codecontests_cpp_264,write,MLP11,0.7535885167464115,0.044677734375,True,True,False
codecontests_cpp_264,develop,L2H14,-0.33,-0.06311798095703125,False,False,True
codecontests_cpp_264,develop,MLP11,-1.39,-0.0953369140625,False,False,True
codecontests_java_264,write,L2H14,-0.2545454545454545,-1.056396484375,False,True,False
codecontests_java_264,write,MLP11,0.5977272727272728,-0.1630859375,False,False,True
codecontests_java_264,develop,L2H14,-0.36423841059602646,-0.04730224609375,False,False,True
codecontests_java_264,develop,MLP11,-0.2847682119205298,-0.0263671875,False,False,True
apps_python_265,write,L2H14,0.12345679012345678,-0.01372528076171875,False,True,False
apps_python_265,write,MLP11,-9.930041152263374,-0.0693359375,False,False,True
apps_python_265,develop,L2H14,-0.4608695652173913,-0.0793304443359375,False,False,True
apps_python_265,develop,MLP11,0.013043478260869565,-0.05347442626953125,False,False,True
codecontests_cpp_265,write,L2H14,0.2733333333333333,-0.8363037109375,False,False,True
codecontests_cpp_265,write,MLP11,-0.2733333333333333,-1.479736328125,False,False,True
codecontests_cpp_265,develop,L2H14,-0.2158273381294964,-0.010221004486083984,False,False,True
codecontests_cpp_265,develop,MLP11,-0.8848920863309353,-0.0133209228515625,False,False,True
codecontests_java_265,write,L2H14,-4.507246376811594,-0.513671875,False,False,True
codecontests_java_265,write,MLP11,0.6231884057971014,-0.006103515625,False,False,True
codecontests_java_265,develop,L2H14,0.006060606060606061,-0.074981689453125,False,False,True
codecontests_java_265,develop,MLP11,0.48787878787878786,0.016845703125,True,False,True
apps_python_266,write,L2H14,0.29310344827586204,-0.195404052734375,False,False,True
apps_python_266,write,MLP11,0.13793103448275862,-0.239471435546875,False,False,True
apps_python_266,develop,L2H14,-1.15962441314554,-0.04736328125,False,False,True
apps_python_266,develop,MLP11,-1.056338028169014,-0.046356201171875,False,False,True
codecontests_java_266,write,L2H14,0.17475728155339806,-0.330474853515625,False,True,False
codecontests_java_266,write,MLP11,0.6286407766990292,-0.116455078125,False,True,False
codecontests_java_266,develop,L2H14,0.06818181818181818,-0.031494140625,False,False,True
codecontests_java_266,develop,MLP11,0.375,0.02587890625,True,False,True
apps_python_267,write,L2H14,-0.1125,-0.16888427734375,False,True,False
apps_python_267,write,MLP11,-0.33125,-0.19964599609375,False,True,False
apps_python_267,develop,L2H14,-0.18248175182481752,-0.06536865234375,False,False,True
apps_python_267,develop,MLP11,0.014598540145985401,-0.063446044921875,False,False,True
codecontests_java_267,write,L2H14,0.5493421052631579,-0.0021820068359375,False,True,False
codecontests_java_267,write,MLP11,0.2631578947368421,-0.003204345703125,False,True,False
codecontests_java_267,develop,L2H14,-0.23880597014925373,-0.034393310546875,False,False,True
codecontests_java_267,develop,MLP11,-1.1194029850746268,-0.0322265625,False,False,True
apps_python_268,write,L2H14,0.3784530386740331,-0.20263671875,False,True,False
apps_python_268,write,MLP11,0.2596685082872928,-0.2509765625,False,False,True
apps_python_268,develop,L2H14,0.27927927927927926,-0.07742691040039062,False,False,True
apps_python_268,develop,MLP11,0.6261261261261262,-0.02490234375,False,False,True
codecontests_cpp_268,write,L2H14,-0.07228915662650602,-2.7810468673706055,False,False,True
codecontests_cpp_268,write,MLP11,0.2289156626506024,-1.98992919921875,False,False,True
codecontests_cpp_268,develop,L2H14,0.0673076923076923,-0.09498786926269531,False,False,True
codecontests_cpp_268,develop,MLP11,-0.5096153846153846,-0.1387939453125,False,False,True
codecontests_java_268,write,L2H14,0.6121212121212121,-0.02490234375,False,False,True
codecontests_java_268,write,MLP11,-0.12121212121212122,-0.1656494140625,False,False,True
codecontests_java_268,develop,L2H14,0.27011494252873564,-0.012664794921875,False,False,True
codecontests_java_268,develop,MLP11,-0.8160919540229885,-0.029296875,False,False,True
apps_python_270,write,L2H14,-0.6582278481012658,-0.0418701171875,False,True,False
apps_python_270,write,MLP11,-0.4936708860759494,-0.00439453125,False,True,False
apps_python_270,develop,L2H14,-0.21714285714285714,-0.0440673828125,False,False,True
apps_python_270,develop,MLP11,0.5257142857142857,-0.0029296875,False,False,True
codecontests_java_270,write,L2H14,0.1377952755905512,-0.04803466796875,False,True,False
codecontests_java_270,write,MLP11,0.7362204724409449,0.072021484375,True,True,False
codecontests_java_270,develop,L2H14,0.05150214592274678,-0.0236053466796875,False,False,True
codecontests_java_270,develop,MLP11,-4.28755364806867,0.060546875,True,False,True
codecontests_java_271,write,L2H14,0.7841365461847389,0.0198974609375,True,False,True
codecontests_java_271,write,MLP11,0.7269076305220884,0.1787109375,True,False,True
codecontests_java_271,develop,L2H14,0.03125,-0.014129638671875,False,False,True
codecontests_java_271,develop,MLP11,-3.3125,-0.0391845703125,False,False,True
mbpp_python_271,write,L2H14,-1.0809248554913296,-0.15771484375,False,False,True
mbpp_python_271,write,MLP11,-1.4855491329479769,-0.177734375,False,False,True
mbpp_python_271,develop,L2H14,0.39204545454545453,-0.044708251953125,False,False,True
mbpp_python_271,develop,MLP11,0.6221590909090909,-0.0111083984375,False,False,True
apps_python_272,write,L2H14,0.3700440528634361,0.01171875,True,False,True
apps_python_272,write,MLP11,-0.030837004405286344,-0.0513916015625,False,False,True
apps_python_272,develop,L2H14,0.004424778761061947,-0.05520820617675781,False,False,True
apps_python_272,develop,MLP11,0.5685840707964602,-0.0142822265625,False,False,True
codecontests_cpp_272,write,L2H14,-0.27586206896551724,-2.305328369140625,False,False,True
codecontests_cpp_272,write,MLP11,0.09913793103448276,-1.626434326171875,False,False,True
codecontests_cpp_272,develop,L2H14,0.2026431718061674,-0.021991252899169922,False,False,True
codecontests_cpp_272,develop,MLP11,0.013215859030837005,-0.021453857421875,False,False,True
codecontests_java_272,write,L2H14,0.027559055118110236,-0.054534912109375,False,False,True
codecontests_java_272,write,MLP11,0.6811023622047244,0.016357421875,True,False,True
codecontests_java_272,develop,L2H14,-0.03550295857988166,-0.04273909330368042,False,False,True
codecontests_java_272,develop,MLP11,0.5473372781065089,-0.009521484375,False,False,True
apps_python_273,write,L2H14,0.03614457831325301,-0.014453887939453125,False,True,False
apps_python_273,write,MLP11,-1.3614457831325302,-0.02313232421875,False,True,False
apps_python_273,develop,L2H14,-0.23943661971830985,-0.061248779296875,False,False,True
apps_python_273,develop,MLP11,-1.1314553990610328,0.01220703125,True,False,True
codecontests_java_273,write,L2H14,0.17549668874172186,-0.03026866912841797,False,True,False
codecontests_java_273,write,MLP11,0.41721854304635764,-0.020526885986328125,False,True,False
codecontests_java_273,develop,L2H14,0.057692307692307696,-2.296902894973755,False,True,False
codecontests_java_273,develop,MLP11,0.5913461538461539,-0.787109375,False,True,False
mbpp_python_273,write,L2H14,0.11328125,-0.44140625,False,False,True
mbpp_python_273,write,MLP11,0.541015625,-0.168701171875,False,True,False
mbpp_python_273,develop,L2H14,-0.11363636363636363,-0.1175689697265625,False,False,True
mbpp_python_273,develop,MLP11,0.39545454545454545,-0.05499267578125,False,False,True
apps_python_274,write,L2H14,-0.08196721311475409,-0.5121307373046875,False,False,True
apps_python_274,write,MLP11,-0.14754098360655737,-0.543304443359375,False,False,True
apps_python_274,develop,L2H14,-1.4166666666666667,-0.134033203125,False,False,True
apps_python_274,develop,MLP11,0.4826388888888889,-0.001220703125,False,False,True
codecontests_cpp_274,write,L2H14,-0.9375,-0.4345703125,False,True,False
codecontests_cpp_274,write,MLP11,-0.4140625,-0.33837890625,False,True,False
codecontests_cpp_274,develop,L2H14,0.13513513513513514,-0.184844970703125,False,False,True
codecontests_cpp_274,develop,MLP11,-0.07207207207207207,-0.214111328125,False,False,True
codecontests_java_274,write,L2H14,0.6139534883720931,-0.0390625,False,False,True
codecontests_java_274,write,MLP11,0.8186046511627907,0.1357421875,True,False,True
codecontests_java_274,develop,L2H14,0.15625,-0.0292816162109375,False,False,True
codecontests_java_274,develop,MLP11,-0.7625,-0.021484375,False,False,True
apps_python_275,write,L2H14,-0.20496894409937888,-0.7574501037597656,False,False,True
apps_python_275,write,MLP11,-0.2546583850931677,-0.7664794921875,False,False,True
apps_python_275,develop,L2H14,0.34299516908212563,-0.015666961669921875,False,False,True
apps_python_275,develop,MLP11,0.043478260869565216,-0.021759033203125,False,False,True
codecontests_java_275,write,L2H14,-0.12307692307692308,-0.14204788208007812,False,True,False
codecontests_java_275,write,MLP11,-0.2,-0.14984130859375,False,True,False
codecontests_java_275,develop,L2H14,-0.022222222222222223,-0.03424072265625,False,False,True
codecontests_java_275,develop,MLP11,0.33055555555555555,0.0677490234375,True,False,True
codecontests_cpp_276,write,L2H14,0.1377245508982036,-0.2783660888671875,False,False,True
codecontests_cpp_276,write,MLP11,0.8098802395209581,0.09521484375,True,True,False
codecontests_cpp_276,develop,L2H14,-0.34375,-0.0489044189453125,False,False,True
codecontests_cpp_276,develop,MLP11,-1.5625,-0.0775146484375,False,False,True
codecontests_java_276,write,L2H14,0.12345679012345678,-0.5533599853515625,False,True,False
codecontests_java_276,write,MLP11,-0.25308641975308643,-0.786346435546875,False,True,False
codecontests_java_276,develop,L2H14,0.10548523206751055,-0.1014251708984375,False,False,True
codecontests_java_276,develop,MLP11,0.5421940928270043,0.110107421875,True,False,True
mbpp_python_276,write,L2H14,-0.49206349206349204,0.0291748046875,True,True,False
mbpp_python_276,write,MLP11,0.48148148148148145,0.00042724609375,True,True,False
mbpp_python_276,develop,L2H14,-0.3120567375886525,-0.04468536376953125,False,False,True
mbpp_python_276,develop,MLP11,-0.5531914893617021,-0.047515869140625,False,False,True
apps_python_277,write,L2H14,0.1111111111111111,-0.62078857421875,False,False,True
apps_python_277,write,MLP11,-0.8666666666666667,-1.269287109375,False,False,True
apps_python_277,develop,L2H14,-0.07894736842105263,-0.00848388671875,False,False,True
apps_python_277,develop,MLP11,-0.25,-0.007049560546875,False,False,True
codecontests_cpp_277,write,L2H14,0.554140127388535,-0.20751953125,False,False,True
codecontests_cpp_277,write,MLP11,-0.18471337579617833,-0.71710205078125,False,False,True
codecontests_cpp_277,develop,L2H14,0.2786885245901639,-0.010189056396484375,False,False,True
codecontests_cpp_277,develop,MLP11,0.5963114754098361,-0.0008544921875,False,False,True
codecontests_java_277,write,L2H14,0.36363636363636365,-0.06744384765625,False,False,True
codecontests_java_277,write,MLP11,-0.9288537549407114,-0.194580078125,False,False,True
codecontests_java_277,develop,L2H14,-0.11059907834101383,-0.057159423828125,False,False,True
codecontests_java_277,develop,MLP11,0.09216589861751152,-0.0203857421875,False,False,True
codecontests_java_278,write,L2H14,0.0,-0.06707000732421875,False,True,False
codecontests_java_278,write,MLP11,0.15217391304347827,-0.01611328125,False,True,False
codecontests_java_278,develop,L2H14,-0.341991341991342,-0.0744171142578125,False,False,True
codecontests_java_278,develop,MLP11,0.354978354978355,0.090576171875,True,False,True
apps_python_279,write,L2H14,0.005681818181818182,-1.367215633392334,False,False,True
apps_python_279,write,MLP11,0.17045454545454544,-1.0361328125,False,False,True
apps_python_279,develop,L2H14,-0.21604938271604937,-0.04571533203125,False,False,True
apps_python_279,develop,MLP11,-0.07407407407407407,-0.0205078125,False,False,True
codecontests_cpp_279,write,L2H14,-0.1619718309859155,-1.28424072265625,False,False,True
codecontests_cpp_279,write,MLP11,0.6038732394366197,-0.2919921875,False,False,True
codecontests_cpp_279,develop,L2H14,0.014492753623188406,-0.016546249389648438,False,False,True
codecontests_cpp_279,develop,MLP11,-3.289855072463768,-0.0518798828125,False,False,True
codecontests_java_279,write,L2H14,-0.11979166666666667,-0.204315185546875,False,False,True
codecontests_java_279,write,MLP11,-0.3958333333333333,-0.2236328125,False,False,True
codecontests_java_279,develop,L2H14,-0.1437908496732026,-0.17071914672851562,False,False,True
codecontests_java_279,develop,MLP11,0.3333333333333333,-0.03564453125,False,False,True
apps_python_280,write,L2H14,0.19256756756756757,-0.4547119140625,False,False,True
apps_python_280,write,MLP11,0.25675675675675674,-0.392333984375,False,False,True
apps_python_280,develop,L2H14,-0.918918918918919,-0.08984375,False,False,True
apps_python_280,develop,MLP11,-0.26126126126126126,-0.0517578125,False,False,True
codecontests_java_280,write,L2H14,-0.7847533632286996,-0.35888671875,False,True,False
codecontests_java_280,write,MLP11,0.29596412556053814,-0.111328125,False,True,False
codecontests_java_280,develop,L2H14,-0.02100840336134454,-0.02056884765625,False,False,True
codecontests_java_280,develop,MLP11,-0.7647058823529411,0.0234375,True,False,True
apps_python_281,write,L2H14,-0.6,-0.346923828125,False,False,True
apps_python_281,write,MLP11,-0.3617021276595745,-0.2982177734375,False,True,False
apps_python_281,develop,L2H14,0.15416666666666667,-0.04988670349121094,False,False,True
apps_python_281,develop,MLP11,0.6145833333333334,0.0145263671875,True,False,True
codecontests_cpp_281,write,L2H14,-0.36585365853658536,-0.13262939453125,False,True,False
codecontests_cpp_281,write,MLP11,-2.317073170731707,-0.244140625,False,True,False
codecontests_cpp_281,develop,L2H14,-0.183206106870229,-0.15082550048828125,False,False,True
codecontests_cpp_281,develop,MLP11,-0.2824427480916031,-0.15130615234375,False,False,True
codecontests_java_281,write,L2H14,-0.3014705882352941,-0.14794921875,False,False,False
codecontests_java_281,write,MLP11,0.8023897058823529,0.0316162109375,True,False,True
codecontests_java_281,develop,L2H14,-0.248868778280543,-0.065399169921875,False,False,True
codecontests_java_281,develop,MLP11,0.502262443438914,0.07763671875,True,False,True
mbpp_python_281,write,L2H14,-0.6683937823834197,-0.0615234375,False,True,False
mbpp_python_281,write,MLP11,-3.145077720207254,-0.0302734375,False,False,True
mbpp_python_281,develop,L2H14,0.39285714285714285,-0.0267333984375,False,False,True
mbpp_python_281,develop,MLP11,0.14732142857142858,-0.0431365966796875,False,False,True
apps_python_282,write,L2H14,-0.10606060606060606,-0.8480224609375,False,False,True
apps_python_282,write,MLP11,-0.6767676767676768,-1.24462890625,False,False,True
apps_python_282,develop,L2H14,0.3838383838383838,-0.0540771484375,False,False,True
apps_python_282,develop,MLP11,0.8358585858585859,0.044677734375,True,False,True
codecontests_java_282,write,L2H14,-0.2850678733031674,-2.2015380859375,False,True,False
codecontests_java_282,write,MLP11,0.1085972850678733,-1.5301513671875,False,True,False
codecontests_java_282,develop,L2H14,-0.20161290322580644,-0.0697479248046875,False,False,True
codecontests_java_282,develop,MLP11,0.22983870967741934,0.001220703125,True,False,True
apps_python_283,write,L2H14,-1.304635761589404,-0.60595703125,False,False,True
apps_python_283,write,MLP11,-0.7880794701986755,-0.46923828125,False,False,True
apps_python_283,develop,L2H14,0.057803468208092484,-0.0762176513671875,False,False,True
apps_python_283,develop,MLP11,0.2745664739884393,-0.041015625,False,False,True
codecontests_cpp_283,write,L2H14,-0.013157894736842105,-1.2012786865234375,False,False,True
codecontests_cpp_283,write,MLP11,0.34539473684210525,-0.70263671875,False,False,True
codecontests_cpp_283,develop,L2H14,0.5254237288135594,-0.00439453125,False,False,True
codecontests_cpp_283,develop,MLP11,-5.96045197740113,-0.095458984375,False,False,True
codecontests_java_283,write,L2H14,0.14423076923076922,-0.33856201171875,False,False,True
codecontests_java_283,write,MLP11,-0.47115384615384615,-0.5706787109375,False,False,True
codecontests_java_283,develop,L2H14,-0.047619047619047616,-0.01233673095703125,False,False,True
codecontests_java_283,develop,MLP11,-4.485714285714286,0.017578125,True,False,True
apps_python_284,write,L2H14,-2.2816326530612243,-0.0364990234375,False,True,False
apps_python_284,write,MLP11,-3.2448979591836733,-0.041259765625,False,True,False
apps_python_284,develop,L2H14,0.14035087719298245,-0.0440521240234375,False,False,True
apps_python_284,develop,MLP11,0.16228070175438597,-0.025634765625,False,False,True
codecontests_cpp_284,write,L2H14,0.03676470588235294,-0.03131103515625,False,False,True
codecontests_cpp_284,write,MLP11,-0.5514705882352942,-0.04840087890625,False,False,True
codecontests_cpp_284,develop,L2H14,0.3079268292682927,-0.013643264770507812,False,False,True
codecontests_cpp_284,develop,MLP11,-0.5060975609756098,-0.0263519287109375,False,False,True
codecontests_java_284,write,L2H14,-0.38396624472573837,-0.07568359375,False,False,True
codecontests_java_284,write,MLP11,0.4008438818565401,0.02734375,True,False,True
codecontests_java_284,develop,L2H14,0.19282511210762332,-0.081939697265625,False,False,True
codecontests_java_284,develop,MLP11,0.5560538116591929,0.007080078125,True,False,True
apps_python_285,write,L2H14,0.5391566265060241,-0.048583984375,False,True,False
apps_python_285,write,MLP11,0.7695783132530121,0.046630859375,True,True,False
apps_python_285,develop,L2H14,-0.14534883720930233,-0.0455780029296875,False,False,True
apps_python_285,develop,MLP11,-0.20930232558139536,-0.034912109375,False,False,True
codecontests_cpp_285,write,L2H14,-0.3,-1.7081298828125,False,False,True
codecontests_cpp_285,write,MLP11,-0.023529411764705882,-1.251953125,False,False,True
codecontests_cpp_285,develop,L2H14,-0.22674418604651161,-0.02407073974609375,False,False,True
codecontests_cpp_285,develop,MLP11,-1.0,-0.0333251953125,False,False,True
codecontests_java_285,write,L2H14,-0.02030456852791878,-0.007659912109375,False,False,True
codecontests_java_285,write,MLP11,-2.1269035532994924,0.05029296875,True,False,True
codecontests_java_285,develop,L2H14,0.11486486486486487,-0.06339263916015625,False,False,True
codecontests_java_285,develop,MLP11,0.2939189189189189,0.046142578125,True,False,True
mbpp_python_285,write,L2H14,-0.19289340101522842,-0.454559326171875,False,False,True
mbpp_python_285,write,MLP11,0.5710659898477157,-0.0615234375,False,True,False
mbpp_python_285,develop,L2H14,-0.460431654676259,-0.190582275390625,False,False,True
mbpp_python_285,develop,MLP11,-0.2158273381294964,-0.160552978515625,False,False,True
apps_python_286,write,L2H14,-0.5728155339805825,-0.587158203125,False,False,True
apps_python_286,write,MLP11,-1.8932038834951457,-0.8984375,False,False,True
apps_python_286,develop,L2H14,-0.012987012987012988,-0.45886993408203125,False,False,True
apps_python_286,develop,MLP11,-0.008658008658008658,-0.45377349853515625,False,False,True
codecontests_java_286,write,L2H14,0.04979253112033195,-0.8944311141967773,False,True,False
codecontests_java_286,write,MLP11,0.33195020746887965,-0.62451171875,False,True,False
codecontests_java_286,develop,L2H14,0.10869565217391304,-1.595245361328125,False,True,False
codecontests_java_286,develop,MLP11,0.6804347826086956,-0.189453125,False,False,True
codecontests_java_287,write,L2H14,0.15104166666666666,-1.26177978515625,False,True,False
codecontests_java_287,write,MLP11,0.7513020833333334,0.08984375,True,False,True
codecontests_java_287,develop,L2H14,0.11619718309859155,-0.23980712890625,False,False,True
codecontests_java_287,develop,MLP11,0.24647887323943662,-0.194580078125,False,False,True
apps_python_288,write,L2H14,-0.16374269005847952,-0.0029449462890625,False,True,False
apps_python_288,write,MLP11,-0.6140350877192983,-0.002899169921875,False,True,False
apps_python_288,develop,L2H14,0.670774647887324,-0.0040283203125,False,False,True
apps_python_288,develop,MLP11,0.6232394366197183,-0.0003662109375,False,False,True
codecontests_cpp_288,write,L2H14,0.4,-0.26171875,False,True,False
codecontests_cpp_288,write,MLP11,-1.96,-1.1640625,False,False,True
codecontests_cpp_288,develop,L2H14,-0.12446351931330472,-0.0618896484375,False,False,True
codecontests_cpp_288,develop,MLP11,-0.27896995708154504,-0.059814453125,False,False,True
codecontests_java_288,write,L2H14,0.77734375,0.10546875,True,False,True
codecontests_java_288,write,MLP11,0.8505859375,0.378662109375,True,False,True
codecontests_java_288,develop,L2H14,0.049019607843137254,-0.0922393798828125,False,False,True
codecontests_java_288,develop,MLP11,-0.5784313725490197,-0.12158203125,False,False,True
apps_python_289,write,L2H14,-0.6194029850746269,-1.6376953125,False,False,True
apps_python_289,write,MLP11,-0.6194029850746269,-1.637939453125,False,False,True
apps_python_289,develop,L2H14,0.1875,-0.1374969482421875,False,False,True
apps_python_289,develop,MLP11,0.36363636363636365,-0.096923828125,False,False,True
codecontests_java_289,write,L2H14,-0.5747126436781609,-0.12530517578125,False,False,True
codecontests_java_289,write,MLP11,0.20114942528735633,-0.06036376953125,False,False,True
codecontests_java_289,develop,L2H14,-0.10869565217391304,-0.144256591796875,False,False,True
codecontests_java_289,develop,MLP11,0.41304347826086957,-0.0697021484375,False,False,True
codecontests_cpp_290,write,L2H14,-1.2105263157894737,-0.039306640625,False,True,False
codecontests_cpp_290,write,MLP11,-4.473684210526316,-0.068359375,False,False,True
codecontests_cpp_290,develop,L2H14,-0.057692307692307696,-0.104736328125,False,False,True
codecontests_cpp_290,develop,MLP11,-0.4326923076923077,-0.140228271484375,False,False,True
codecontests_java_290,write,L2H14,0.022099447513812154,-1.3827414512634277,False,True,False
codecontests_java_290,write,MLP11,0.06077348066298342,-1.3272552490234375,False,True,False
codecontests_java_290,develop,L2H14,-0.2125984251968504,-0.14434814453125,False,False,True
codecontests_java_290,develop,MLP11,0.6811023622047244,0.0390625,True,False,True
apps_python_291,write,L2H14,0.31736526946107785,-0.0107421875,False,True,False
apps_python_291,write,MLP11,-4.532934131736527,-0.11083984375,False,False,True
apps_python_291,develop,L2H14,0.37349397590361444,-0.0321044921875,False,False,True
apps_python_291,develop,MLP11,0.7931726907630522,0.0479736328125,True,False,True
codecontests_cpp_291,write,L2H14,-2.8181818181818183,0.029052734375,True,True,False
codecontests_cpp_291,write,MLP11,-0.22077922077922077,-0.0079193115234375,False,True,False
codecontests_cpp_291,develop,L2H14,0.014184397163120567,-0.0132293701171875,False,False,True
codecontests_cpp_291,develop,MLP11,-0.6879432624113475,-0.0133056640625,False,False,True
codecontests_java_291,write,L2H14,0.6258064516129033,-0.036865234375,False,True,False
codecontests_java_291,write,MLP11,0.6370967741935484,-0.037841796875,False,True,False
codecontests_java_291,develop,L2H14,-0.020242914979757085,-0.028045654296875,False,False,True
codecontests_java_291,develop,MLP11,0.2591093117408907,0.0240478515625,True,False,True
mbpp_python_291,write,L2H14,-0.1317365269461078,-0.005591392517089844,False,True,False
mbpp_python_291,write,MLP11,-5.850299401197605,-0.0050048828125,False,True,False
mbpp_python_291,develop,L2H14,0.33611111111111114,-0.1004638671875,False,False,True
mbpp_python_291,develop,MLP11,0.6,-0.01953125,False,False,True
apps_python_292,write,L2H14,-0.05263157894736842,-0.387908935546875,False,False,True
apps_python_292,write,MLP11,-0.35789473684210527,-0.485107421875,False,False,True
apps_python_292,develop,L2H14,-0.9880239520958084,-0.0034027099609375,False,False,True
apps_python_292,develop,MLP11,-1.4910179640718564,-0.0006103515625,False,False,True
codecontests_cpp_292,write,L2H14,0.22857142857142856,-0.311859130859375,False,False,True
codecontests_cpp_292,write,MLP11,-0.26666666666666666,-0.4932861328125,False,False,True
codecontests_cpp_292,develop,L2H14,0.2737226277372263,-0.0463104248046875,False,False,True
codecontests_cpp_292,develop,MLP11,-0.9854014598540146,-0.1231689453125,False,False,True
codecontests_java_292,write,L2H14,-1.0995475113122173,-0.0927734375,False,False,True
codecontests_java_292,write,MLP11,-1.407239819004525,-0.03857421875,False,False,True
codecontests_java_292,develop,L2H14,0.14883720930232558,-0.044440269470214844,False,False,True
codecontests_java_292,develop,MLP11,-0.5627906976744186,-0.044677734375,False,False,True
apps_python_293,write,L2H14,0.16589861751152074,-0.347503662109375,False,True,False
apps_python_293,write,MLP11,0.21658986175115208,-0.29541015625,False,True,False
apps_python_293,develop,L2H14,0.30612244897959184,-0.3804931640625,False,False,True
apps_python_293,develop,MLP11,0.38095238095238093,-0.3316650390625,False,False,True
apps_python_294,write,L2H14,0.13714285714285715,-0.563720703125,False,False,True
apps_python_294,write,MLP11,-0.4742857142857143,-0.91748046875,False,False,True
apps_python_294,develop,L2H14,0.32051282051282054,-0.1502685546875,False,False,True
apps_python_294,develop,MLP11,0.6709401709401709,-0.026611328125,False,False,True
codecontests_cpp_294,write,L2H14,-0.3087248322147651,-0.750732421875,False,False,True
codecontests_cpp_294,write,MLP11,0.1610738255033557,-0.470947265625,False,False,True
codecontests_cpp_294,develop,L2H14,0.09210526315789473,-0.13434791564941406,False,False,True
codecontests_cpp_294,develop,MLP11,-0.1118421052631579,-0.1631927490234375,False,False,True
codecontests_java_294,write,L2H14,-0.20930232558139536,-0.50323486328125,False,True,False
codecontests_java_294,write,MLP11,-0.9069767441860465,-0.75439453125,False,True,False
codecontests_java_294,develop,L2H14,-0.05755395683453238,-0.03473663330078125,False,False,True
codecontests_java_294,develop,MLP11,-0.6906474820143885,0.014404296875,True,False,True
apps_python_295,write,L2H14,-0.21621621621621623,-1.40191650390625,False,False,True
apps_python_295,write,MLP11,-0.4864864864864865,-1.69921875,False,False,True
apps_python_295,develop,L2H14,-1.2024291497975708,-0.02435302734375,False,False,True
apps_python_295,develop,MLP11,0.05263157894736842,-0.0118255615234375,False,False,True
codecontests_cpp_295,write,L2H14,0.5758426966292135,-0.011810302734375,False,True,False
codecontests_cpp_295,write,MLP11,0.30337078651685395,-0.024871826171875,False,True,False
codecontests_cpp_295,develop,L2H14,0.2440944881889764,-0.04644584655761719,False,False,True
codecontests_cpp_295,develop,MLP11,-1.4724409448818898,-0.1123046875,False,False,True
codecontests_java_295,write,L2H14,0.03546099290780142,-2.1249637603759766,False,True,False
codecontests_java_295,write,MLP11,0.18439716312056736,-1.7884521484375,False,True,False
codecontests_java_295,develop,L2H14,-0.3018867924528302,-0.043060302734375,False,False,True
codecontests_java_295,develop,MLP11,-0.24528301886792453,0.012939453125,True,False,True
apps_python_296,write,L2H14,-0.20833333333333334,-0.110809326171875,False,False,True
apps_python_296,write,MLP11,0.125,-0.07666015625,False,True,False
apps_python_296,develop,L2H14,0.2455621301775148,-0.0289764404296875,False,False,True
apps_python_296,develop,MLP11,0.33727810650887574,-0.021331787109375,False,False,True
codecontests_cpp_296,write,L2H14,-0.5686274509803921,-0.896240234375,False,False,True
codecontests_cpp_296,write,MLP11,0.032679738562091505,-0.5723876953125,False,False,True
codecontests_cpp_296,develop,L2H14,0.29493087557603687,-0.0724639892578125,False,False,True
codecontests_cpp_296,develop,MLP11,-0.391705069124424,-0.13519287109375,False,False,True
codecontests_java_296,write,L2H14,-0.5154639175257731,-0.27789306640625,False,False,True
codecontests_java_296,write,MLP11,0.35051546391752575,-0.0341796875,False,False,True
codecontests_java_296,develop,L2H14,-0.5763546798029556,-0.033416748046875,False,False,True
codecontests_java_296,develop,MLP11,-0.21674876847290642,0.0086669921875,True,False,True
apps_python_297,write,L2H14,0.024539877300613498,-1.23291015625,False,False,False
apps_python_297,write,MLP11,0.21779141104294478,-0.81640625,False,False,True
apps_python_297,develop,L2H14,-0.4444444444444444,-0.2203369140625,False,False,True
apps_python_297,develop,MLP11,0.7237654320987654,0.060791015625,True,False,True
codecontests_cpp_297,write,L2H14,-0.15841584158415842,-0.906951904296875,False,False,True
codecontests_cpp_297,write,MLP11,-0.2079207920792079,-0.92626953125,False,False,True
codecontests_cpp_297,develop,L2H14,0.06584362139917696,-0.2149658203125,False,False,True
codecontests_cpp_297,develop,MLP11,-0.06995884773662552,-0.2308349609375,False,False,True
codecontests_java_297,write,L2H14,-0.2546583850931677,-0.78173828125,False,True,False
codecontests_java_297,write,MLP11,0.3416149068322981,-0.3858642578125,False,True,False
codecontests_java_297,develop,L2H14,0.029940119760479042,-0.034912109375,False,False,True
codecontests_java_297,develop,MLP11,-0.2874251497005988,-0.0185546875,False,False,True
apps_python_298,write,L2H14,-0.4125874125874126,-0.38433837890625,False,False,True
apps_python_298,write,MLP11,-0.972027972027972,-0.50537109375,False,False,True
apps_python_298,develop,L2H14,0.023474178403755867,-0.025022506713867188,False,False,True
apps_python_298,develop,MLP11,0.6197183098591549,-0.0003662109375,False,False,True
codecontests_cpp_298,write,L2H14,0.0425531914893617,-0.0018835067749023438,False,True,False
codecontests_cpp_298,write,MLP11,-0.3120567375886525,-0.0026445388793945312,False,True,False
codecontests_cpp_298,develop,L2H14,-0.15384615384615385,-0.1591796875,False,False,True
codecontests_cpp_298,develop,MLP11,-0.013986013986013986,-0.1005859375,False,False,True
codecontests_java_298,write,L2H14,0.9419456066945606,0.07916259765625,True,True,False
codecontests_java_298,write,MLP11,0.08786610878661087,-0.1042327880859375,False,True,False
codecontests_java_298,develop,L2H14,-0.033112582781456956,-0.037878990173339844,False,False,True
codecontests_java_298,develop,MLP11,-3.3443708609271523,-0.100830078125,False,False,True
apps_python_299,write,L2H14,-0.5925925925925926,-0.3917236328125,False,False,True
apps_python_299,write,MLP11,-2.4962962962962965,-0.677734375,False,False,True
apps_python_299,develop,L2H14,-0.7424242424242424,-0.20977783203125,False,False,True
apps_python_299,develop,MLP11,-0.6287878787878788,-0.1552734375,False,False,True
codecontests_java_299,write,L2H14,0.08450704225352113,-0.047237396240234375,False,True,False
codecontests_java_299,write,MLP11,0.5516431924882629,0.1290283203125,True,True,False
codecontests_java_299,develop,L2H14,0.11602209944751381,-0.07691192626953125,False,False,True
codecontests_java_299,develop,MLP11,0.7679558011049724,0.037109375,True,False,True
mbpp_python_299,write,L2H14,0.255,-0.557861328125,False,False,True
mbpp_python_299,write,MLP11,0.5475,-0.26416015625,False,False,True
mbpp_python_299,develop,L2H14,0.024291497975708502,-0.113372802734375,False,False,True
mbpp_python_299,develop,MLP11,-0.3522267206477733,-0.146484375,False,False,True
apps_python_300,write,L2H14,-0.5968379446640316,-0.04290771484375,False,True,False
apps_python_300,write,MLP11,-0.1541501976284585,-0.0316162109375,False,True,False
apps_python_300,develop,L2H14,-0.19166666666666668,-0.01556396484375,False,False,True
apps_python_300,develop,MLP11,0.7489583333333333,0.0025482177734375,True,False,True
codecontests_java_300,write,L2H14,-1.8426395939086295,-0.1163330078125,False,True,False
codecontests_java_300,write,MLP11,0.10152284263959391,-0.0404815673828125,False,True,False
codecontests_java_300,develop,L2H14,0.0,-0.12188720703125,False,False,True
codecontests_java_300,develop,MLP11,0.23255813953488372,-0.057373046875,False,False,True
apps_python_301,write,L2H14,-0.6416666666666667,-1.47802734375,False,False,True
apps_python_301,write,MLP11,-0.4583333333333333,-1.32421875,False,False,True
apps_python_301,develop,L2H14,-0.10526315789473684,-0.40753173828125,False,False,True
apps_python_301,develop,MLP11,0.005263157894736842,-0.3696155548095703,False,False,True
codecontests_cpp_301,write,L2H14,0.0,-0.9988021850585938,False,False,True
codecontests_cpp_301,write,MLP11,0.1171875,-0.8544921875,False,False,True
codecontests_cpp_301,develop,L2H14,-0.3784860557768924,-0.0289306640625,False,False,True
codecontests_cpp_301,develop,MLP11,-1.9641434262948207,-0.00390625,False,False,True
codecontests_java_301,write,L2H14,0.10599078341013825,-1.512725830078125,False,True,False
codecontests_java_301,write,MLP11,0.5345622119815668,-0.66845703125,False,True,False
codecontests_java_301,develop,L2H14,-0.14615384615384616,-0.13958740234375,False,False,True
codecontests_java_301,develop,MLP11,0.6442307692307693,-0.021728515625,False,False,True
apps_python_302,write,L2H14,0.08108108108108109,-0.7954330444335938,False,False,True
apps_python_302,write,MLP11,-0.34234234234234234,-1.1358642578125,False,False,True
apps_python_302,develop,L2H14,0.26258992805755393,-0.0933837890625,False,False,True
apps_python_302,develop,MLP11,-0.15827338129496402,-0.1552886962890625,False,False,True
codecontests_cpp_302,write,L2H14,-0.39555555555555555,-0.5977783203125,False,False,True
codecontests_cpp_302,write,MLP11,-1.88,-1.01171875,False,False,True
codecontests_cpp_302,develop,L2H14,-0.18,-0.0542449951171875,False,False,True
codecontests_cpp_302,develop,MLP11,-0.39,-0.04736328125,False,False,True
codecontests_java_302,write,L2H14,0.12234042553191489,-1.284759521484375,False,True,False
codecontests_java_302,write,MLP11,0.8085106382978723,0.126953125,True,False,True
codecontests_java_302,develop,L2H14,-0.02158273381294964,-0.034275054931640625,False,False,True
codecontests_java_302,develop,MLP11,-0.5683453237410072,-0.04046630859375,False,False,True
mbpp_python_302,write,L2H14,0.2534722222222222,-0.05142974853515625,False,True,False
mbpp_python_302,write,MLP11,-0.19444444444444445,-0.0263671875,False,True,False
mbpp_python_302,develop,L2H14,0.06341463414634146,-0.18720436096191406,False,False,True
mbpp_python_302,develop,MLP11,0.4170731707317073,-0.01416015625,False,False,True
apps_python_303,write,L2H14,0.4701492537313433,-0.2513427734375,False,False,True
apps_python_303,write,MLP11,0.773320895522388,0.00732421875,True,False,True
apps_python_303,develop,L2H14,-0.6853932584269663,-0.06817626953125,False,False,True
apps_python_303,develop,MLP11,0.699438202247191,0.0142822265625,True,False,True
codecontests_cpp_303,write,L2H14,-2.6778523489932886,-0.0238037109375,False,True,False
codecontests_cpp_303,write,MLP11,-3.1879194630872485,-0.02581787109375,False,True,False
codecontests_cpp_303,develop,L2H14,-0.4731182795698925,-0.0645294189453125,False,False,True
codecontests_cpp_303,develop,MLP11,0.12365591397849462,0.00146484375,True,False,True
codecontests_java_303,write,L2H14,-0.37327188940092165,-0.573974609375,False,True,False
codecontests_java_303,write,MLP11,0.28110599078341014,-0.297027587890625,False,True,False
codecontests_java_303,develop,L2H14,-0.9578947368421052,-0.07611083984375,False,False,True
codecontests_java_303,develop,MLP11,0.5763157894736842,-0.000244140625,False,False,True
apps_python_304,write,L2H14,-0.24836601307189543,-0.0908050537109375,False,False,True
apps_python_304,write,MLP11,-0.738562091503268,-0.09521484375,False,False,True
apps_python_304,develop,L2H14,0.3443708609271523,-0.024288177490234375,False,False,True
apps_python_304,develop,MLP11,0.0728476821192053,-0.0336151123046875,False,False,True
codecontests_cpp_304,write,L2H14,0.3416666666666667,-0.051971435546875,False,True,False
codecontests_cpp_304,write,MLP11,-1.3444444444444446,-0.17333984375,False,True,False
codecontests_cpp_304,develop,L2H14,-0.05673758865248227,-0.07254791259765625,False,False,True
codecontests_cpp_304,develop,MLP11,-1.326241134751773,-0.1412353515625,False,False,True
codecontests_java_304,write,L2H14,0.11538461538461539,-0.622802734375,False,False,True
codecontests_java_304,write,MLP11,0.9423076923076923,0.3671875,True,False,True
codecontests_java_304,develop,L2H14,0.08267716535433071,-0.056072235107421875,False,False,True
codecontests_java_304,develop,MLP11,0.718503937007874,0.1085205078125,True,False,True
mbpp_python_305,write,L2H14,0.0,-0.25928497314453125,False,True,False
mbpp_python_305,write,MLP11,0.18796992481203006,-0.2017822265625,False,True,False
mbpp_python_305,develop,L2H14,-0.020100502512562814,-0.09295654296875,False,False,True
mbpp_python_305,develop,MLP11,-0.6582914572864321,-0.1300048828125,False,False,True
apps_python_306,write,L2H14,0.3780487804878049,-0.38787841796875,False,False,True
apps_python_306,write,MLP11,-0.6219512195121951,-1.0250244140625,False,False,True
apps_python_306,develop,L2H14,0.5439560439560439,-0.0284423828125,False,False,True
apps_python_306,develop,MLP11,0.6785714285714286,-0.0062255859375,False,False,True
codecontests_cpp_306,write,L2H14,-0.11297071129707113,-2.0750885009765625,False,False,True
codecontests_cpp_306,write,MLP11,-0.41422594142259417,-2.57568359375,False,False,True
codecontests_cpp_306,develop,L2H14,-0.13793103448275862,-0.06389236450195312,False,False,True
codecontests_cpp_306,develop,MLP11,-0.8275862068965517,-0.0875244140625,False,False,True
codecontests_java_306,write,L2H14,-0.2,-0.696014404296875,False,True,False
codecontests_java_306,write,MLP11,0.5266666666666666,-0.03515625,False,False,True
codecontests_java_306,develop,L2H14,0.12429378531073447,-0.01003265380859375,False,False,True
codecontests_java_306,develop,MLP11,-1.9378531073446328,0.003173828125,True,False,True
codecontests_java_307,write,L2H14,-0.25853658536585367,-0.12549591064453125,False,True,False
codecontests_java_307,write,MLP11,-0.00975609756097561,-0.10089397430419922,False,True,False
codecontests_java_307,develop,L2H14,0.21518987341772153,-0.16949462890625,False,False,True
codecontests_java_307,develop,MLP11,0.5675105485232067,0.013671875,True,False,True
apps_python_308,write,L2H14,-0.23529411764705882,-0.440185546875,False,False,False
apps_python_308,write,MLP11,-0.22994652406417113,-0.414794921875,False,False,False
apps_python_308,develop,L2H14,0.09230769230769231,-0.341583251953125,False,False,True
apps_python_308,develop,MLP11,-0.8461538461538461,-0.63916015625,False,False,False
codecontests_java_308,write,L2H14,0.3333333333333333,-0.9931640625,False,True,False
codecontests_java_308,write,MLP11,0.4797979797979798,-0.7080078125,False,True,False
codecontests_java_308,develop,L2H14,-0.17880794701986755,-0.042572021484375,False,False,True
codecontests_java_308,develop,MLP11,-0.5298013245033113,-0.02685546875,False,False,True
mbpp_python_308,write,L2H14,0.1686746987951807,-0.1826171875,False,True,False
mbpp_python_308,write,MLP11,0.3654618473895582,-0.11083984375,False,True,False
mbpp_python_308,develop,L2H14,-0.3333333333333333,-0.1422119140625,False,False,True
mbpp_python_308,develop,MLP11,0.32,-0.06451416015625,False,False,True
apps_python_309,write,L2H14,-0.05737704918032787,-1.9991455078125,False,False,False
apps_python_309,write,MLP11,-0.13114754098360656,-2.0849609375,False,False,False
apps_python_309,develop,L2H14,0.01,-0.38738250732421875,False,False,False
apps_python_309,develop,MLP11,-0.185,-0.45318603515625,False,False,False
codecontests_cpp_309,write,L2H14,-0.37748344370860926,-0.02423095703125,False,True,False
codecontests_cpp_309,write,MLP11,-2.377483443708609,-0.04541015625,False,True,False
codecontests_cpp_309,develop,L2H14,0.12371134020618557,-0.020793676376342773,False,False,True
codecontests_cpp_309,develop,MLP11,-1.8453608247422681,-0.0465087890625,False,False,True
codecontests_java_309,write,L2H14,-0.6666666666666666,-0.01566314697265625,False,True,False
codecontests_java_309,write,MLP11,0.24107142857142858,-0.005279541015625,False,True,False
codecontests_java_309,develop,L2H14,0.1896551724137931,-0.2666015625,False,False,True
codecontests_java_309,develop,MLP11,0.7887931034482759,0.16748046875,True,False,True
apps_python_310,write,L2H14,0.4423076923076923,-0.6328125,False,False,True
apps_python_310,write,MLP11,0.30128205128205127,-0.803466796875,False,False,True
apps_python_310,develop,L2H14,-0.004694835680751174,-0.20801544189453125,False,False,True
apps_python_310,develop,MLP11,0.20657276995305165,-0.1630401611328125,False,False,True
codecontests_cpp_310,write,L2H14,-0.13125,-1.411651611328125,False,False,True
codecontests_cpp_310,write,MLP11,-0.13125,-1.40655517578125,False,False,True
codecontests_cpp_310,develop,L2H14,0.07777777777777778,-0.03882598876953125,False,False,True
codecontests_cpp_310,develop,MLP11,-0.4666666666666667,-0.05389404296875,False,False,True
codecontests_java_310,write,L2H14,-0.3522727272727273,-0.4443359375,False,False,True
codecontests_java_310,write,MLP11,0.7116477272727273,0.03759765625,True,False,True
codecontests_java_310,develop,L2H14,0.10714285714285714,-0.056671142578125,False,False,True
codecontests_java_310,develop,MLP11,0.5,0.0,False,False,True
apps_python_311,write,L2H14,0.6573426573426573,0.002197265625,True,True,False
apps_python_311,write,MLP11,-0.04195804195804196,-0.13360595703125,False,True,False
apps_python_311,develop,L2H14,0.20087336244541484,-0.16766357421875,False,False,True
apps_python_311,develop,MLP11,0.34934497816593885,-0.129150390625,False,False,True
codecontests_java_311,write,L2H14,0.2046783625730994,-0.5294570922851562,False,True,False
codecontests_java_311,write,MLP11,0.05847953216374269,-0.628718376159668,False,True,False
codecontests_java_311,develop,L2H14,0.5650224215246636,-0.0166015625,False,False,True
codecontests_java_311,develop,MLP11,0.5896860986547086,0.08251953125,True,False,True
apps_python_312,write,L2H14,-2.08,-0.3662109375,False,False,True
apps_python_312,write,MLP11,-4.68,-0.55078125,False,False,True
apps_python_312,develop,L2H14,0.4746376811594203,-0.013275146484375,False,False,True
apps_python_312,develop,MLP11,0.2210144927536232,0.0484619140625,True,False,True
codecontests_cpp_312,write,L2H14,0.0058823529411764705,-0.6613616943359375,False,False,True
codecontests_cpp_312,write,MLP11,0.35294117647058826,-0.3955078125,False,True,False
codecontests_cpp_312,develop,L2H14,-0.5851851851851851,-0.1022491455078125,False,False,True
codecontests_cpp_312,develop,MLP11,0.23333333333333334,-0.0440673828125,False,False,True
codecontests_java_312,write,L2H14,0.3815789473684211,-0.439208984375,False,True,False
codecontests_java_312,write,MLP11,0.5684210526315789,-0.267822265625,False,True,False
codecontests_java_312,develop,L2H14,0.014285714285714285,-0.0651397705078125,False,False,True
codecontests_java_312,develop,MLP11,0.08928571428571429,-0.0469970703125,False,False,True
apps_python_313,write,L2H14,-0.18292682926829268,-3.01922607421875,False,False,True
apps_python_313,write,MLP11,-0.5426829268292683,-3.905029296875,False,False,True
apps_python_313,develop,L2H14,0.4329268292682927,-0.0416412353515625,False,False,True
apps_python_313,develop,MLP11,0.4451219512195122,-0.0247802734375,False,False,True
codecontests_cpp_313,write,L2H14,0.2558139534883721,-0.7437744140625,False,False,True
codecontests_cpp_313,write,MLP11,-0.16279069767441862,-1.1688232421875,False,False,True
codecontests_cpp_313,develop,L2H14,-0.5034013605442177,-0.0113372802734375,False,False,True
codecontests_cpp_313,develop,MLP11,-0.7074829931972789,-0.00909423828125,False,False,True
codecontests_java_313,write,L2H14,0.7124060150375939,0.17724609375,True,False,True
codecontests_java_313,write,MLP11,0.2518796992481203,-0.080078125,False,False,True
codecontests_java_313,develop,L2H14,0.011904761904761904,-0.159942626953125,False,False,True
codecontests_java_313,develop,MLP11,0.5446428571428571,-0.019287109375,False,False,True
apps_python_314,write,L2H14,-0.589041095890411,-0.0812530517578125,False,False,True
apps_python_314,write,MLP11,-0.863013698630137,-0.0838623046875,False,False,True
apps_python_314,develop,L2H14,0.5150375939849624,0.004302978515625,True,False,True
apps_python_314,develop,MLP11,0.5526315789473685,0.007598876953125,True,False,True
codecontests_cpp_314,write,L2H14,-0.007194244604316547,0.015380859375,True,True,False
codecontests_cpp_314,write,MLP11,0.2949640287769784,-0.00177001953125,False,True,False
codecontests_cpp_314,develop,L2H14,0.104,-0.02154541015625,False,False,True
codecontests_cpp_314,develop,MLP11,-0.808,-0.0377197265625,False,False,True
codecontests_java_314,write,L2H14,-0.1691542288557214,-1.82977294921875,False,True,False
codecontests_java_314,write,MLP11,0.24378109452736318,-1.1678466796875,False,True,False
codecontests_java_314,develop,L2H14,-0.12290502793296089,-0.04784393310546875,False,False,True
codecontests_java_314,develop,MLP11,-0.553072625698324,-0.051025390625,False,False,True
apps_python_315,write,L2H14,0.0,-0.0111083984375,False,True,False
apps_python_315,write,MLP11,-6.037974683544304,0.0419921875,True,False,True
apps_python_315,develop,L2H14,0.15648854961832062,-0.1053619384765625,False,False,True
apps_python_315,develop,MLP11,0.37404580152671757,-0.072601318359375,False,False,True
codecontests_cpp_315,write,L2H14,0.2346368715083799,-1.060546875,False,False,True
codecontests_cpp_315,write,MLP11,-0.1340782122905028,-1.5146484375,False,False,True
codecontests_cpp_315,develop,L2H14,-0.18471337579617833,-0.0191497802734375,False,False,True
codecontests_cpp_315,develop,MLP11,-1.394904458598726,-0.027099609375,False,False,True
codecontests_java_315,write,L2H14,-1.1833333333333333,-0.219482421875,False,False,True
codecontests_java_315,write,MLP11,0.2,-0.056884765625,False,False,True
codecontests_java_315,develop,L2H14,-0.19183673469387755,-0.069793701171875,False,False,True
codecontests_java_315,develop,MLP11,0.43673469387755104,-0.0089111328125,False,False,True
apps_python_316,write,L2H14,0.5194444444444445,-0.0677490234375,False,True,False
apps_python_316,write,MLP11,-0.6333333333333333,-0.2716064453125,False,False,True
apps_python_316,develop,L2H14,-0.4634146341463415,-0.0070343017578125,False,False,True
apps_python_316,develop,MLP11,-0.004878048780487805,0.00469970703125,True,False,True
apps_python_317,write,L2H14,0.36742424242424243,-0.61181640625,False,False,True
apps_python_317,write,MLP11,-0.06818181818181818,-1.0987548828125,False,False,True
apps_python_317,develop,L2H14,0.2413793103448276,-0.0777587890625,False,False,True
apps_python_317,develop,MLP11,0.2543103448275862,-0.078582763671875,False,False,True
codecontests_cpp_317,write,L2H14,0.8361280487804879,0.0180816650390625,True,True,False
codecontests_cpp_317,write,MLP11,0.32621951219512196,-0.00909423828125,False,True,False
codecontests_cpp_317,develop,L2H14,-0.1896551724137931,-0.02478790283203125,False,False,True
codecontests_cpp_317,develop,MLP11,-2.632183908045977,-0.0609130859375,False,False,True
codecontests_java_317,write,L2H14,-0.30097087378640774,-1.03466796875,False,True,False
codecontests_java_317,write,MLP11,0.6092233009708737,-0.22705078125,False,True,False
codecontests_java_317,develop,L2H14,-1.0566037735849056,-0.022247314453125,False,False,True
codecontests_java_317,develop,MLP11,-1.8867924528301887,-0.0009765625,False,False,True
apps_python_318,write,L2H14,0.5985576923076923,0.009307861328125,True,False,True
apps_python_318,write,MLP11,-7.5,0.04345703125,True,False,True
apps_python_318,develop,L2H14,-0.030612244897959183,-0.0112457275390625,False,False,True
apps_python_318,develop,MLP11,-3.795918367346939,-0.0283203125,False,False,True
codecontests_cpp_318,write,L2H14,0.0,-0.4912872314453125,False,False,True
codecontests_cpp_318,write,MLP11,0.5674603174603174,-0.13134765625,False,True,False
codecontests_cpp_318,develop,L2H14,0.006369426751592357,-0.3036346435546875,False,False,True
codecontests_cpp_318,develop,MLP11,-0.267515923566879,-0.383209228515625,False,False,True
codecontests_java_318,write,L2H14,-0.0625,-0.5310258865356445,False,True,False
codecontests_java_318,write,MLP11,0.55859375,-0.200439453125,False,True,False
codecontests_java_318,develop,L2H14,-0.4015151515151515,-0.16705322265625,False,False,True
codecontests_java_318,develop,MLP11,-0.6136363636363636,-0.158447265625,False,False,True
apps_python_319,write,L2H14,-0.21929824561403508,-0.266510009765625,False,True,False
apps_python_319,write,MLP11,0.18859649122807018,-0.173309326171875,False,True,False
apps_python_319,develop,L2H14,-0.08029197080291971,-0.28277587890625,False,False,True
apps_python_319,develop,MLP11,0.11313868613138686,-0.1298828125,False,False,True
codecontests_cpp_319,write,L2H14,-0.8947368421052632,-1.3212890625,False,False,True
codecontests_cpp_319,write,MLP11,-0.4105263157894737,-1.022216796875,False,False,True
codecontests_cpp_319,develop,L2H14,-0.05286343612334802,-0.0129852294921875,False,False,True
codecontests_cpp_319,develop,MLP11,0.2599118942731278,-0.0092010498046875,False,False,True
codecontests_java_319,write,L2H14,0.14782608695652175,-1.526824951171875,False,True,False
codecontests_java_319,write,MLP11,0.33043478260869563,-1.177978515625,False,True,False
codecontests_java_319,develop,L2H14,-1.0946745562130178,-0.135498046875,False,False,True
codecontests_java_319,develop,MLP11,0.8269230769230769,0.1156005859375,True,False,True
codecontests_cpp_320,write,L2H14,-0.3893805309734513,-0.29754638671875,False,False,True
codecontests_cpp_320,write,MLP11,-1.8495575221238938,-0.5146484375,False,False,True
codecontests_cpp_320,develop,L2H14,0.1509433962264151,-0.1295928955078125,False,False,True
codecontests_cpp_320,develop,MLP11,-0.7610062893081762,-0.2484130859375,False,False,True
codecontests_java_320,write,L2H14,-2.203791469194313,-0.1259765625,False,True,False
codecontests_java_320,write,MLP11,-0.4597156398104265,-0.037841796875,False,False,True
codecontests_java_320,develop,L2H14,0.10204081632653061,-0.123931884765625,False,False,True
codecontests_java_320,develop,MLP11,-1.7619047619047619,-0.32275390625,False,False,True
apps_python_321,write,L2H14,0.2962962962962963,-0.3182373046875,False,True,False
apps_python_321,write,MLP11,0.37037037037037035,-0.265869140625,False,True,False
apps_python_321,develop,L2H14,0.2535211267605634,-0.0232086181640625,False,False,True
apps_python_321,develop,MLP11,-2.6619718309859155,-0.04443359375,False,False,True
codecontests_java_321,write,L2H14,0.1829787234042553,-0.18642425537109375,False,True,False
codecontests_java_321,write,MLP11,0.33617021276595743,-0.14959716796875,False,True,False
codecontests_java_321,develop,L2H14,0.01020408163265306,-0.376373291015625,False,False,True
codecontests_java_321,develop,MLP11,0.6275510204081632,0.021484375,True,False,True
mbpp_python_321,write,L2H14,-0.916030534351145,-0.1060791015625,False,True,False
mbpp_python_321,write,MLP11,-2.5572519083969465,-0.15234375,False,True,False
mbpp_python_321,develop,L2H14,0.3277310924369748,-0.013885498046875,False,False,True
mbpp_python_321,develop,MLP11,-0.2184873949579832,-0.0242919921875,False,False,True
apps_python_322,write,L2H14,0.061452513966480445,-1.3088226318359375,False,False,True
apps_python_322,write,MLP11,-0.7318435754189944,-2.341796875,False,False,True
apps_python_322,develop,L2H14,0.08050847457627118,-0.09600830078125,False,False,True
apps_python_322,develop,MLP11,-0.2966101694915254,-0.1307373046875,False,False,True
codecontests_cpp_322,write,L2H14,-0.6614173228346457,-0.384521484375,False,True,False
codecontests_cpp_322,write,MLP11,0.3661417322834646,-0.1395263671875,False,True,False
codecontests_cpp_322,develop,L2H14,-0.2568306010928962,-0.027685165405273438,False,False,True
codecontests_cpp_322,develop,MLP11,-0.29508196721311475,-0.02825164794921875,False,False,True
codecontests_java_322,write,L2H14,-0.4117647058823529,-0.83575439453125,False,True,False
codecontests_java_322,write,MLP11,0.2581699346405229,-0.4394989013671875,False,True,False
codecontests_java_322,develop,L2H14,0.10326086956521739,-0.03838348388671875,False,False,True
codecontests_java_322,develop,MLP11,0.8125,0.0281982421875,True,False,True
apps_python_323,write,L2H14,-0.8522727272727273,-1.2109375,False,False,True
apps_python_323,write,MLP11,0.45170454545454547,-0.30029296875,False,False,True
apps_python_323,develop,L2H14,0.22279792746113988,-0.1329345703125,False,False,True
apps_python_323,develop,MLP11,0.6424870466321243,-0.021728515625,False,False,True
codecontests_cpp_323,write,L2H14,-0.48,-0.139007568359375,False,True,False
codecontests_cpp_323,write,MLP11,-0.185,-0.1133270263671875,False,True,False
codecontests_cpp_323,develop,L2H14,-0.8230088495575221,-0.02392578125,False,False,True
codecontests_cpp_323,develop,MLP11,-1.8495575221238938,-0.09716796875,False,False,True
codecontests_java_323,write,L2H14,0.6171875,-0.01904296875,False,False,True
codecontests_java_323,write,MLP11,0.4739583333333333,-0.015380859375,False,False,True
codecontests_java_323,develop,L2H14,0.18932038834951456,-0.03802490234375,False,False,True
codecontests_java_323,develop,MLP11,-0.5728155339805825,-0.07318115234375,False,False,True
apps_python_324,write,L2H14,0.023715415019762844,-0.1193389892578125,False,True,False
apps_python_324,write,MLP11,-3.4268774703557314,-0.380859375,False,False,True
apps_python_324,develop,L2H14,-0.5925925925925926,-0.01450347900390625,False,False,True
apps_python_324,develop,MLP11,-0.9259259259259259,-0.013092041015625,False,False,True
codecontests_java_324,write,L2H14,-0.12962962962962962,-0.4730072021484375,False,True,False
codecontests_java_324,write,MLP11,0.3611111111111111,-0.2412109375,False,True,False
codecontests_java_324,develop,L2H14,0.02702702702702703,-0.03564453125,False,False,True
codecontests_java_324,develop,MLP11,-0.42567567567567566,0.013916015625,True,False,True
apps_python_325,write,L2H14,-0.10062893081761007,-1.359375,False,False,True
apps_python_325,write,MLP11,0.025157232704402517,-1.13037109375,False,False,True
apps_python_325,develop,L2H14,-0.005208333333333333,-0.37717151641845703,False,False,True
apps_python_325,develop,MLP11,0.5078125,-0.136962890625,False,False,True
codecontests_java_325,write,L2H14,0.10714285714285714,-0.5853805541992188,False,True,False
codecontests_java_325,write,MLP11,-0.20833333333333334,-0.7916717529296875,False,True,False
codecontests_java_325,develop,L2H14,0.10606060606060606,-0.0882110595703125,False,False,True
codecontests_java_325,develop,MLP11,-0.21717171717171718,-0.0751953125,False,False,True
mbpp_python_325,write,L2H14,0.5646853146853147,-0.064697265625,False,True,False
mbpp_python_325,write,MLP11,-0.2097902097902098,-0.292236328125,False,False,True
mbpp_python_325,develop,L2H14,0.32195121951219513,-0.06109619140625,False,False,True
mbpp_python_325,develop,MLP11,0.6146341463414634,0.023681640625,True,False,True
apps_python_326,write,L2H14,-0.0163265306122449,-0.96142578125,False,False,True
apps_python_326,write,MLP11,-0.23265306122448978,-0.921875,False,False,True
apps_python_326,develop,L2H14,0.2851851851851852,-0.181182861328125,False,False,True
apps_python_326,develop,MLP11,0.6796296296296296,0.00927734375,True,False,True
codecontests_cpp_326,write,L2H14,-0.171875,-1.165557861328125,False,False,True
codecontests_cpp_326,write,MLP11,0.38671875,-0.562744140625,False,False,True
codecontests_cpp_326,develop,L2H14,-0.47761194029850745,-0.186431884765625,False,False,True
codecontests_cpp_326,develop,MLP11,-1.3880597014925373,-0.24658203125,False,False,True
codecontests_java_326,write,L2H14,0.5456521739130434,-0.015869140625,False,False,True
codecontests_java_326,write,MLP11,-0.7304347826086957,-0.01318359375,False,False,True
codecontests_java_326,develop,L2H14,-1.6162162162162161,-0.009735107421875,False,False,True
codecontests_java_326,develop,MLP11,-13.78918918918919,-0.00537109375,False,False,True
apps_python_327,write,L2H14,0.4075342465753425,-0.634521484375,False,False,True
apps_python_327,write,MLP11,-0.0684931506849315,-1.20977783203125,False,False,True
apps_python_327,develop,L2H14,-0.21465968586387435,-0.108489990234375,False,False,True
apps_python_327,develop,MLP11,0.14136125654450263,-0.0762481689453125,False,False,True
codecontests_cpp_327,write,L2H14,0.9370229007633588,0.0589599609375,True,True,False
codecontests_cpp_327,write,MLP11,0.2366412213740458,-0.04296875,False,True,False
codecontests_cpp_327,develop,L2H14,-0.5338345864661654,-0.09891891479492188,False,False,True
codecontests_cpp_327,develop,MLP11,-0.6616541353383458,-0.0906982421875,False,False,True
codecontests_java_327,write,L2H14,-0.8640776699029126,-0.6806640625,False,True,False
codecontests_java_327,write,MLP11,0.6978155339805825,0.07958984375,True,False,True
codecontests_java_327,develop,L2H14,0.004329004329004329,-0.0284271240234375,False,False,True
codecontests_java_327,develop,MLP11,0.012987012987012988,0.028564453125,True,False,True
mbpp_python_327,write,L2H14,-0.589041095890411,-0.433349609375,False,False,True
mbpp_python_327,write,MLP11,-0.363013698630137,-0.37359619140625,False,False,True
mbpp_python_327,develop,L2H14,-0.006666666666666667,-0.031341552734375,False,False,True
mbpp_python_327,develop,MLP11,-0.5733333333333334,-0.043701171875,False,False,True
apps_python_328,write,L2H14,-0.5234375,-0.7379150390625,False,False,True
apps_python_328,write,MLP11,-0.8203125,-0.858154296875,False,False,True
apps_python_328,develop,L2H14,0.40705128205128205,-0.0094451904296875,False,False,True
apps_python_328,develop,MLP11,0.6089743589743589,0.0010986328125,True,False,True
codecontests_cpp_328,write,L2H14,0.33507853403141363,-0.9683837890625,False,False,True
codecontests_cpp_328,write,MLP11,-0.518324607329843,-2.22412109375,False,False,True
codecontests_cpp_328,develop,L2H14,0.0875,-0.026879310607910156,False,False,True
codecontests_cpp_328,develop,MLP11,-0.35,-0.0257568359375,False,False,True
codecontests_java_328,write,L2H14,0.6792763157894737,0.00897216796875,True,False,True
codecontests_java_328,write,MLP11,0.5526315789473685,0.0703125,True,False,True
codecontests_java_328,develop,L2H14,-0.03546099290780142,-0.035037994384765625,False,False,True
codecontests_java_328,develop,MLP11,-0.2127659574468085,-0.005859375,False,False,True
apps_python_329,write,L2H14,0.11320754716981132,-0.0655364990234375,False,True,False
apps_python_329,write,MLP11,-1.8553459119496856,-0.1767578125,False,True,False
apps_python_329,develop,L2H14,0.14682539682539683,-0.10503220558166504,False,False,True
apps_python_329,develop,MLP11,-0.3968253968253968,-0.1678466796875,False,False,True
codecontests_cpp_329,write,L2H14,0.2672413793103448,-0.009868621826171875,False,True,False
codecontests_cpp_329,write,MLP11,0.25862068965517243,0.02197265625,True,True,False
codecontests_cpp_329,develop,L2H14,-0.22274881516587677,-0.24603271484375,False,False,True
codecontests_cpp_329,develop,MLP11,0.06635071090047394,-0.19163894653320312,False,False,True
codecontests_java_329,write,L2H14,0.005025125628140704,-0.3866457939147949,False,True,False
codecontests_java_329,write,MLP11,-0.05527638190954774,-0.40892791748046875,False,True,False
codecontests_java_329,develop,L2H14,0.3878787878787879,-0.0797119140625,False,False,True
codecontests_java_329,develop,MLP11,0.4636363636363636,-0.053955078125,False,False,True
apps_python_330,write,L2H14,-1.1497797356828194,-0.8896484375,False,False,True
apps_python_330,write,MLP11,-0.3039647577092511,-0.560791015625,False,False,True
apps_python_330,develop,L2H14,0.011904761904761904,-0.03917694091796875,False,False,True
apps_python_330,develop,MLP11,0.21428571428571427,-0.03034210205078125,False,False,True
codecontests_cpp_330,write,L2H14,0.41116751269035534,-0.418212890625,False,False,True
codecontests_cpp_330,write,MLP11,-0.25888324873096447,-0.9483642578125,False,False,True
codecontests_cpp_330,develop,L2H14,-0.016574585635359115,-0.041778564453125,False,False,True
codecontests_cpp_330,develop,MLP11,-1.3425414364640884,-0.03759765625,False,False,True
codecontests_java_330,write,L2H14,-0.29554655870445345,-0.0186309814453125,False,True,False
codecontests_java_330,write,MLP11,-6.125506072874494,-0.05029296875,False,True,False
codecontests_java_330,develop,L2H14,0.07142857142857142,-0.0603485107421875,False,False,True
codecontests_java_330,develop,MLP11,-0.75,-0.0380859375,False,False,True
apps_python_331,write,L2H14,0.041666666666666664,-1.6151123046875,False,False,True
apps_python_331,write,MLP11,-0.16203703703703703,-1.9542236328125,False,False,True
apps_python_331,develop,L2H14,0.5414364640883977,-0.0289306640625,False,False,True
apps_python_331,develop,MLP11,0.893646408839779,0.0692138671875,True,False,True
codecontests_java_331,write,L2H14,0.024390243902439025,-1.2471160888671875,False,True,False
codecontests_java_331,write,MLP11,0.17073170731707318,-1.0418701171875,False,True,False
codecontests_java_331,develop,L2H14,-0.3870967741935484,-0.031299591064453125,False,False,True
codecontests_java_331,develop,MLP11,-1.6989247311827957,0.002685546875,True,False,True
apps_python_332,write,L2H14,0.1282051282051282,-0.0082855224609375,False,True,False
apps_python_332,write,MLP11,-0.7435897435897436,-0.01068115234375,False,True,False
apps_python_332,develop,L2H14,0.32044198895027626,-0.0474853515625,False,False,True
apps_python_332,develop,MLP11,0.5359116022099447,-0.02099609375,False,False,True
codecontests_cpp_332,write,L2H14,-1.2727272727272727,-1.6552734375,False,False,True
codecontests_cpp_332,write,MLP11,-0.2222222222222222,-0.9052734375,False,False,True
codecontests_cpp_332,develop,L2H14,-0.46502057613168724,-0.039398193359375,False,False,True
codecontests_cpp_332,develop,MLP11,-0.6049382716049383,-0.042999267578125,False,False,True
codecontests_java_332,write,L2H14,-0.07253886010362694,-0.8052215576171875,False,True,False
codecontests_java_332,write,MLP11,0.9313471502590673,0.9794921875,True,False,True
codecontests_java_332,develop,L2H14,-0.08823529411764706,-0.0212554931640625,False,False,True
codecontests_java_332,develop,MLP11,-2.6705882352941175,-0.035888671875,False,False,True
apps_python_333,write,L2H14,0.7267156862745098,0.002105712890625,True,True,False
apps_python_333,write,MLP11,-0.0196078431372549,-0.025432348251342773,False,True,False
apps_python_333,develop,L2H14,0.25483870967741934,-0.0247039794921875,False,False,True
apps_python_333,develop,MLP11,-0.012903225806451613,-0.0376434326171875,False,False,True
codecontests_cpp_333,write,L2H14,-0.6419753086419753,-0.490234375,False,False,True
codecontests_cpp_333,write,MLP11,-5.864197530864198,-1.31640625,False,False,True
codecontests_cpp_333,develop,L2H14,-0.2676056338028169,-0.0424041748046875,False,False,True
codecontests_cpp_333,develop,MLP11,-0.8450704225352113,-0.0604248046875,False,False,True
codecontests_java_333,write,L2H14,0.505586592178771,-0.279296875,False,True,False
codecontests_java_333,write,MLP11,0.9921002094972067,0.818695068359375,True,False,True
codecontests_java_333,develop,L2H14,0.022321428571428572,-0.10655593872070312,False,False,True
codecontests_java_333,develop,MLP11,0.6785714285714286,0.03271484375,True,False,True
codecontests_cpp_334,write,L2H14,0.22088353413654618,-1.512115478515625,False,False,True
codecontests_cpp_334,write,MLP11,0.18072289156626506,-1.57940673828125,False,False,True
codecontests_cpp_334,develop,L2H14,-0.3055555555555556,-0.0668182373046875,False,False,True
codecontests_cpp_334,develop,MLP11,-0.4166666666666667,-0.058837890625,False,False,True
codecontests_java_334,write,L2H14,-0.23529411764705882,-0.009307861328125,False,False,True
codecontests_java_334,write,MLP11,-1.3137254901960784,-0.016021728515625,False,False,True
codecontests_java_334,develop,L2H14,-0.04093567251461988,-0.020908355712890625,False,False,True
codecontests_java_334,develop,MLP11,-0.1286549707602339,-0.01531982421875,False,False,True
codecontests_cpp_335,write,L2H14,0.03783783783783784,-0.00994873046875,False,True,False
codecontests_cpp_335,write,MLP11,-6.351351351351352,-0.072265625,False,True,False
codecontests_cpp_335,develop,L2H14,0.07894736842105263,-0.08518409729003906,False,False,True
codecontests_cpp_335,develop,MLP11,-1.0421052631578946,-0.1707763671875,False,False,True
codecontests_java_335,write,L2H14,0.7388392857142857,0.01171875,True,False,True
codecontests_java_335,write,MLP11,0.9652622767857143,0.41448974609375,True,False,True
codecontests_java_335,develop,L2H14,0.20333333333333334,-0.01220703125,False,False,True
codecontests_java_335,develop,MLP11,-0.5666666666666667,-0.03369140625,False,False,True
mbpp_python_335,write,L2H14,-0.26180257510729615,-0.567535400390625,False,False,True
mbpp_python_335,write,MLP11,0.6995708154506438,0.01171875,True,True,False
mbpp_python_335,develop,L2H14,-0.007462686567164179,-0.06588864326477051,False,False,True
mbpp_python_335,develop,MLP11,-1.462686567164179,-0.123291015625,False,False,True
apps_python_336,write,L2H14,-0.72,-0.3160400390625,False,False,True
apps_python_336,write,MLP11,0.045,-0.18450927734375,False,False,True
apps_python_336,develop,L2H14,0.5995145631067961,-0.00018310546875,False,False,True
apps_python_336,develop,MLP11,0.41504854368932037,0.008514404296875,True,False,True
codecontests_java_336,write,L2H14,0.2490118577075099,-0.011077880859375,False,True,False
codecontests_java_336,write,MLP11,0.04743083003952569,0.02386474609375,True,True,False
codecontests_java_336,develop,L2H14,-0.40106951871657753,-0.4901123046875,False,True,False
codecontests_java_336,develop,MLP11,0.8021390374331551,0.12109375,True,False,True
apps_python_337,write,L2H14,-0.1116751269035533,-1.709442138671875,False,False,True
apps_python_337,write,MLP11,0.08629441624365482,-1.4048385620117188,False,False,True
apps_python_337,develop,L2H14,-0.15352697095435686,-0.135009765625,False,False,True
apps_python_337,develop,MLP11,0.1037344398340249,-0.09735107421875,False,False,True
codecontests_cpp_337,write,L2H14,0.0,-1.56878662109375,False,False,True
codecontests_cpp_337,write,MLP11,0.7686567164179104,0.03125,True,True,False
codecontests_cpp_337,develop,L2H14,-0.20948616600790515,-0.07353973388671875,False,False,True
codecontests_cpp_337,develop,MLP11,-1.007905138339921,-0.11029052734375,False,False,True
codecontests_java_337,write,L2H14,0.273224043715847,-0.244140625,False,False,True
codecontests_java_337,write,MLP11,0.5109289617486339,-0.03515625,False,False,True
codecontests_java_337,develop,L2H14,-0.10582010582010581,-0.10185050964355469,False,False,True
codecontests_java_337,develop,MLP11,0.4021164021164021,-0.00341796875,False,False,True
apps_python_338,write,L2H14,-0.08173076923076923,-0.05389404296875,False,True,False
apps_python_338,write,MLP11,0.0673076923076923,-0.041656494140625,False,True,False
apps_python_338,develop,L2H14,0.5386904761904762,-0.0582275390625,False,False,True
apps_python_338,develop,MLP11,0.9241071428571429,0.115478515625,True,False,True
codecontests_java_338,write,L2H14,0.3073770491803279,-0.01978302001953125,False,True,False
codecontests_java_338,write,MLP11,-0.30327868852459017,-0.03515625,False,True,False
codecontests_java_338,develop,L2H14,-0.1456953642384106,-0.332672119140625,False,False,True
codecontests_java_338,develop,MLP11,0.6423841059602649,0.001953125,True,False,True
apps_python_339,write,L2H14,0.19907407407407407,-1.347381591796875,False,False,True
apps_python_339,write,MLP11,0.6574074074074074,-0.4814453125,False,False,True
apps_python_339,develop,L2H14,-0.5142857142857142,-0.049163818359375,False,False,True
apps_python_339,develop,MLP11,0.7571428571428571,0.0157470703125,True,False,True
codecontests_cpp_339,write,L2H14,-3.765217391304348,-0.18017578125,False,False,True
codecontests_cpp_339,write,MLP11,-5.504347826086956,-0.21484375,False,False,True
codecontests_cpp_339,develop,L2H14,-0.2545454545454545,-0.03320884704589844,False,False,True
codecontests_cpp_339,develop,MLP11,-0.7454545454545455,-0.04345703125,False,False,True
codecontests_java_339,write,L2H14,0.5098814229249012,-0.04296875,False,False,True
codecontests_java_339,write,MLP11,0.7233201581027668,0.06298828125,True,False,True
codecontests_java_339,develop,L2H14,0.43846153846153846,-0.02777099609375,False,False,True
codecontests_java_339,develop,MLP11,0.65,0.143798828125,True,False,True
apps_python_340,write,L2H14,-0.03365384615384615,-1.67205810546875,False,False,True
apps_python_340,write,MLP11,-0.5673076923076923,-2.50048828125,False,False,True
apps_python_340,develop,L2H14,-0.25757575757575757,-0.319122314453125,False,False,True
apps_python_340,develop,MLP11,-0.2878787878787879,-0.32830810546875,False,False,True
codecontests_cpp_340,write,L2H14,-0.01015228426395939,-0.049160003662109375,False,True,False
codecontests_cpp_340,write,MLP11,-1.8020304568527918,-0.108154296875,False,True,False
codecontests_cpp_340,develop,L2H14,-0.14556962025316456,-0.04411458969116211,False,False,True
codecontests_cpp_340,develop,MLP11,-0.8227848101265823,-0.065948486328125,False,False,True
codecontests_java_340,write,L2H14,0.2556818181818182,-0.503173828125,False,True,False
codecontests_java_340,write,MLP11,0.5340909090909091,-0.265380859375,False,True,False
codecontests_java_340,develop,L2H14,-0.7064220183486238,-0.04107666015625,False,False,True
codecontests_java_340,develop,MLP11,0.4334862385321101,0.01666259765625,True,False,True
apps_python_341,write,L2H14,0.424,-0.25341796875,False,False,True
apps_python_341,write,MLP11,0.34,-0.3062744140625,False,False,True
apps_python_341,develop,L2H14,0.07608695652173914,-0.0394287109375,False,False,True
apps_python_341,develop,MLP11,0.5652173913043478,-0.0140380859375,False,False,True
codecontests_cpp_341,write,L2H14,0.19205298013245034,-0.93841552734375,False,False,True
codecontests_cpp_341,write,MLP11,-0.039735099337748346,-1.205810546875,False,False,True
codecontests_cpp_341,develop,L2H14,-0.07792207792207792,-0.039859771728515625,False,False,True
codecontests_cpp_341,develop,MLP11,-1.103896103896104,-0.071502685546875,False,False,True
codecontests_java_341,write,L2H14,-3.0259740259740258,-0.10205078125,False,False,True
codecontests_java_341,write,MLP11,-1.3376623376623376,-0.027587890625,False,False,True
codecontests_java_341,develop,L2H14,0.006944444444444444,-0.013092041015625,False,False,True
codecontests_java_341,develop,MLP11,-2.138888888888889,0.025390625,True,False,True
apps_python_342,write,L2H14,0.37755102040816324,-0.33447265625,False,False,True
apps_python_342,write,MLP11,0.2108843537414966,-0.446197509765625,False,False,True
apps_python_342,develop,L2H14,0.13385826771653545,-0.02616119384765625,False,False,True
apps_python_342,develop,MLP11,-0.47244094488188976,-0.0208740234375,False,False,True
codecontests_cpp_342,write,L2H14,-0.22,-0.707611083984375,False,False,True
codecontests_cpp_342,write,MLP11,0.20666666666666667,-0.44189453125,False,False,True
codecontests_cpp_342,develop,L2H14,0.3076923076923077,-0.0333099365234375,False,False,True
codecontests_cpp_342,develop,MLP11,-0.1778846153846154,-0.05419921875,False,False,True
codecontests_java_342,write,L2H14,-0.4032258064516129,-1.3331298828125,False,True,False
codecontests_java_342,write,MLP11,-0.27419354838709675,-1.203125,False,True,False
codecontests_java_342,develop,L2H14,-0.01775147928994083,-0.04146575927734375,False,False,True
codecontests_java_342,develop,MLP11,-1.319526627218935,-0.069091796875,False,False,True
apps_python_343,write,L2H14,-0.21641791044776118,-1.26153564453125,False,False,True
apps_python_343,write,MLP11,-0.2537313432835821,-1.2962646484375,False,False,True
apps_python_343,develop,L2H14,-0.5555555555555556,-0.0386199951171875,False,False,True
apps_python_343,develop,MLP11,-0.6851851851851852,-0.040130615234375,False,False,True
codecontests_cpp_343,write,L2H14,-0.4961832061068702,-0.090667724609375,False,True,False
codecontests_cpp_343,write,MLP11,-0.4580152671755725,-0.088836669921875,False,True,False
codecontests_cpp_343,develop,L2H14,0.308411214953271,-0.13812255859375,False,False,True
codecontests_cpp_343,develop,MLP11,-0.018691588785046728,-0.2034912109375,False,False,True
codecontests_java_343,write,L2H14,-0.008695652173913044,-0.11324834823608398,False,True,False
codecontests_java_343,write,MLP11,0.28695652173913044,-0.07941055297851562,False,True,False
codecontests_java_343,develop,L2H14,-0.4258064516129032,-0.383056640625,False,False,True
codecontests_java_343,develop,MLP11,0.5838709677419355,-0.03662109375,False,False,True
apps_python_344,write,L2H14,0.06428571428571428,-0.2550239562988281,False,False,True
apps_python_344,write,MLP11,0.22857142857142856,-0.19793701171875,False,False,True
apps_python_344,develop,L2H14,-0.0047169811320754715,-0.10356330871582031,False,False,True
apps_python_344,develop,MLP11,0.7900943396226415,0.021240234375,True,False,True
codecontests_cpp_344,write,L2H14,-0.025974025974025976,-0.46063232421875,False,False,True
codecontests_cpp_344,write,MLP11,0.48917748917748916,-0.1806640625,False,True,False
codecontests_cpp_344,develop,L2H14,-0.06930693069306931,-0.4215126037597656,False,False,True
codecontests_cpp_344,develop,MLP11,-0.6732673267326733,-0.636962890625,False,False,True
codecontests_java_344,write,L2H14,-0.4228187919463087,-1.626708984375,False,True,False
codecontests_java_344,write,MLP11,0.174496644295302,-0.94482421875,False,True,False
codecontests_java_344,develop,L2H14,-0.1553784860557769,-0.1396331787109375,False,False,True
codecontests_java_344,develop,MLP11,-1.6294820717131475,-0.25439453125,False,False,True
apps_python_345,write,L2H14,-1.3842364532019704,-0.1016845703125,False,True,False
apps_python_345,write,MLP11,-4.87192118226601,-0.1767578125,False,False,True
apps_python_345,develop,L2H14,0.4423963133640553,-0.0260772705078125,False,False,True
apps_python_345,develop,MLP11,0.41935483870967744,0.0224609375,True,False,True
codecontests_java_345,write,L2H14,-0.3464052287581699,-0.7967529296875,False,True,False
codecontests_java_345,write,MLP11,-0.06535947712418301,-0.6333160400390625,False,True,False
codecontests_java_345,develop,L2H14,-0.39473684210526316,-0.045379638671875,False,False,True
codecontests_java_345,develop,MLP11,0.019736842105263157,0.033447265625,True,False,True
apps_python_346,write,L2H14,-0.31063829787234043,-2.398834228515625,False,False,True
apps_python_346,write,MLP11,-0.12340425531914893,-2.058135986328125,False,False,True
apps_python_346,develop,L2H14,0.375,-0.02215576171875,False,False,True
apps_python_346,develop,MLP11,0.24431818181818182,0.002197265625,True,False,True
codecontests_cpp_346,write,L2H14,-0.5230125523012552,-0.0423431396484375,False,True,False
codecontests_cpp_346,write,MLP11,0.2301255230125523,-0.021770477294921875,False,True,False
codecontests_cpp_346,develop,L2H14,0.18674698795180722,-0.1217041015625,False,False,True
codecontests_cpp_346,develop,MLP11,-0.7469879518072289,-0.1875,False,False,True
codecontests_java_346,write,L2H14,0.5343915343915344,-0.07598876953125,False,True,False
codecontests_java_346,write,MLP11,0.40476190476190477,-0.104034423828125,False,True,False
codecontests_java_346,develop,L2H14,-0.8108108108108109,-0.05889892578125,False,False,True
codecontests_java_346,develop,MLP11,-3.864864864864865,-0.115234375,False,False,True
apps_python_347,write,L2H14,0.4375,-0.67626953125,False,False,True
apps_python_347,write,MLP11,-0.7142857142857143,-2.16552734375,False,False,True
apps_python_347,develop,L2H14,-1.7459459459459459,-0.053955078125,False,False,True
apps_python_347,develop,MLP11,-0.06486486486486487,-0.0198974609375,False,False,True
codecontests_cpp_347,write,L2H14,0.0410958904109589,-2.1847076416015625,False,False,True
codecontests_cpp_347,write,MLP11,-0.03424657534246575,-2.34912109375,False,False,True
codecontests_cpp_347,develop,L2H14,-0.2789473684210526,-0.23260498046875,False,False,True
codecontests_cpp_347,develop,MLP11,-0.015789473684210527,-0.1810302734375,False,False,True
codecontests_java_347,write,L2H14,0.10902255639097744,-0.4609375,False,True,False
codecontests_java_347,write,MLP11,-0.6992481203007519,-0.823974609375,False,True,False
codecontests_java_347,develop,L2H14,-0.2097902097902098,-0.01963043212890625,False,False,True
codecontests_java_347,develop,MLP11,-0.6013986013986014,-0.0023193359375,False,False,True
apps_python_348,write,L2H14,0.13829787234042554,-0.31511688232421875,False,True,False
apps_python_348,write,MLP11,0.47074468085106386,-0.1658935546875,False,True,False
apps_python_348,develop,L2H14,0.19095477386934673,-0.30621337890625,False,False,True
apps_python_348,develop,MLP11,0.17587939698492464,-0.2880859375,False,False,True
codecontests_java_348,write,L2H14,-0.34375,-0.125,False,True,False
codecontests_java_348,write,MLP11,-0.296875,-0.1204986572265625,False,True,False
codecontests_java_348,develop,L2H14,-0.5414634146341464,-0.275390625,False,False,True
codecontests_java_348,develop,MLP11,0.004878048780487805,-0.1793212890625,False,False,True
apps_python_349,write,L2H14,0.1050228310502283,-0.09497451782226562,False,True,False
apps_python_349,write,MLP11,0.8082191780821918,0.0103759765625,True,True,False
apps_python_349,develop,L2H14,-0.2849462365591398,-0.45428466796875,False,True,False
apps_python_349,develop,MLP11,0.021505376344086023,-0.34295654296875,False,True,False
codecontests_cpp_349,write,L2H14,0.5666666666666667,-0.001556396484375,False,True,False
codecontests_cpp_349,write,MLP11,-10.822222222222223,-0.05322265625,False,True,False
codecontests_cpp_349,develop,L2H14,-0.2958579881656805,-0.10535430908203125,False,False,True
codecontests_cpp_349,develop,MLP11,-0.46745562130177515,-0.11041259765625,False,False,True
codecontests_java_349,write,L2H14,-0.6129032258064516,-0.0830078125,False,True,False
codecontests_java_349,write,MLP11,0.9418202764976958,0.020111083984375,True,True,False
codecontests_java_349,develop,L2H14,0.1,-0.13824462890625,False,False,True
codecontests_java_349,develop,MLP11,0.88125,0.2451171875,True,False,True
apps_python_350,write,L2H14,0.1450381679389313,-0.8712005615234375,False,False,True
apps_python_350,write,MLP11,-0.9236641221374046,-1.92529296875,False,False,True
apps_python_350,develop,L2H14,-0.032467532467532464,-0.020290374755859375,False,False,True
apps_python_350,develop,MLP11,-0.006493506493506494,-0.01104736328125,False,False,True
codecontests_java_350,write,L2H14,0.334841628959276,-0.5482177734375,False,True,False
codecontests_java_350,write,MLP11,0.38461538461538464,-0.4931640625,False,True,False
codecontests_java_350,develop,L2H14,-0.1452513966480447,-0.09173583984375,False,False,True
codecontests_java_350,develop,MLP11,0.5,-0.0279541015625,False,False,True
apps_python_351,write,L2H14,-0.046413502109704644,-0.1206817626953125,False,False,True
apps_python_351,write,MLP11,-0.008438818565400843,-0.076904296875,False,False,True
apps_python_351,develop,L2H14,-0.41333333333333333,-0.0092620849609375,False,False,True
apps_python_351,develop,MLP11,0.29333333333333333,0.00347900390625,True,False,True
apps_python_352,write,L2H14,0.3231441048034934,-1.175537109375,False,False,True
apps_python_352,write,MLP11,0.33624454148471616,-1.14208984375,False,False,True
apps_python_352,develop,L2H14,-0.08176100628930817,-0.665802001953125,False,False,True
apps_python_352,develop,MLP11,0.389937106918239,-0.371551513671875,False,False,True
apps_python_353,write,L2H14,0.0944206008583691,-0.4090576171875,False,False,True
apps_python_353,write,MLP11,0.351931330472103,-0.19287109375,False,False,True
apps_python_353,develop,L2H14,0.006756756756756757,-0.289337158203125,False,False,False
apps_python_353,develop,MLP11,0.6013513513513513,-0.064453125,False,False,True
codecontests_java_353,write,L2H14,0.2631578947368421,-0.1219482421875,False,False,True
codecontests_java_353,write,MLP11,-0.5473684210526316,-0.249267578125,False,False,True
codecontests_java_353,develop,L2H14,-0.22137404580152673,-0.0279541015625,False,False,True
codecontests_java_353,develop,MLP11,-0.9312977099236641,-0.018798828125,False,False,True
apps_python_354,write,L2H14,0.31451612903225806,-0.650390625,False,False,True
apps_python_354,write,MLP11,-0.5645161290322581,-1.47412109375,False,False,True
apps_python_354,develop,L2H14,0.4973821989528796,-0.005859375,False,False,True
apps_python_354,develop,MLP11,-0.7905759162303665,-0.0604248046875,False,False,True
codecontests_cpp_354,write,L2H14,0.17452830188679244,-0.676483154296875,False,False,True
codecontests_cpp_354,write,MLP11,-0.2641509433962264,-1.0313720703125,False,False,True
codecontests_cpp_354,develop,L2H14,-0.10191082802547771,-0.08388519287109375,False,False,True
codecontests_cpp_354,develop,MLP11,-0.46496815286624205,-0.10009765625,False,False,True
codecontests_java_354,write,L2H14,0.022900763358778626,-0.12441635131835938,False,False,True
codecontests_java_354,write,MLP11,0.3893129770992366,-0.0029296875,False,False,True
codecontests_java_354,develop,L2H14,-0.04201680672268908,-0.059661865234375,False,False,True
codecontests_java_354,develop,MLP11,0.33613445378151263,-0.0194091796875,False,False,True
apps_python_355,write,L2H14,0.12043795620437957,-0.465057373046875,False,False,True
apps_python_355,write,MLP11,-0.25547445255474455,-0.6409912109375,False,False,True
apps_python_355,develop,L2H14,0.20689655172413793,-0.073394775390625,False,False,True
apps_python_355,develop,MLP11,0.8152709359605911,0.028564453125,True,False,True
codecontests_java_355,write,L2H14,-0.0892018779342723,0.000701904296875,True,True,False
codecontests_java_355,write,MLP11,-9.892018779342724,-0.01513671875,False,True,False
codecontests_java_355,develop,L2H14,-0.0273972602739726,-0.141693115234375,False,False,True
codecontests_java_355,develop,MLP11,0.2089041095890411,-0.080810546875,False,False,True
apps_python_356,write,L2H14,-1.0985915492957747,-0.537841796875,False,False,True
apps_python_356,write,MLP11,-1.5633802816901408,-0.59033203125,False,False,True
apps_python_356,develop,L2H14,0.37777777777777777,-0.058837890625,False,False,True
apps_python_356,develop,MLP11,0.9077777777777778,0.0919189453125,True,False,True
codecontests_java_356,write,L2H14,0.1782608695652174,-0.735260009765625,False,True,False
codecontests_java_356,write,MLP11,0.6695652173913044,-0.19384765625,False,True,False
codecontests_java_356,develop,L2H14,-0.29906542056074764,-0.248046875,False,False,True
codecontests_java_356,develop,MLP11,-1.02803738317757,-0.34130859375,False,False,True
apps_python_357,write,L2H14,-0.3799126637554585,-0.038542747497558594,False,True,False
apps_python_357,write,MLP11,-2.5283842794759823,-0.0699462890625,False,True,False
apps_python_357,develop,L2H14,-0.3422818791946309,-0.191009521484375,False,False,True
apps_python_357,develop,MLP11,0.4664429530201342,-0.066162109375,False,False,True
codecontests_cpp_357,write,L2H14,-0.24293785310734464,-0.85211181640625,False,False,True
codecontests_cpp_357,write,MLP11,-0.20903954802259886,-0.8055419921875,False,False,True
codecontests_cpp_357,develop,L2H14,-0.23976608187134502,-0.096710205078125,False,False,True
codecontests_cpp_357,develop,MLP11,-0.2982456140350877,-0.0865478515625,False,False,True
codecontests_java_357,write,L2H14,-0.2146341463414634,-0.119842529296875,False,False,True
codecontests_java_357,write,MLP11,0.9576219512195122,0.194000244140625,True,False,True
codecontests_java_357,develop,L2H14,-0.22088353413654618,-0.07269287109375,False,False,True
codecontests_java_357,develop,MLP11,0.7640562248995983,0.01690673828125,True,False,True
codecontests_cpp_358,write,L2H14,-2.4964028776978417,-0.08544921875,False,True,False
codecontests_cpp_358,write,MLP11,0.6294964028776978,0.00018310546875,True,True,False
codecontests_cpp_358,develop,L2H14,-0.13855421686746988,-0.18035888671875,False,False,True
codecontests_cpp_358,develop,MLP11,-0.13253012048192772,-0.1785888671875,False,False,True
codecontests_java_358,write,L2H14,0.2185792349726776,-0.55419921875,False,True,False
codecontests_java_358,write,MLP11,0.28415300546448086,-0.49945068359375,False,True,False
codecontests_java_358,develop,L2H14,-0.12365591397849462,-0.202056884765625,False,False,True
codecontests_java_358,develop,MLP11,0.6478494623655914,-0.010498046875,False,False,True
apps_python_359,write,L2H14,0.22767857142857142,-0.1649169921875,False,False,True
apps_python_359,write,MLP11,0.5446428571428571,-0.0704345703125,False,False,True
apps_python_359,develop,L2H14,-0.4485294117647059,-0.08306884765625,False,False,True
apps_python_359,develop,MLP11,-0.9852941176470589,-0.1092529296875,False,False,True
codecontests_java_359,write,L2H14,0.27450980392156865,-0.004420280456542969,False,True,False
codecontests_java_359,write,MLP11,0.7193627450980392,-0.000701904296875,False,True,False
codecontests_java_359,develop,L2H14,0.06280193236714976,-1.5147018432617188,False,True,False
codecontests_java_359,develop,MLP11,0.6352657004830918,-0.34375,False,False,True
apps_python_360,write,L2H14,0.19626168224299065,-0.08281707763671875,False,True,False
apps_python_360,write,MLP11,-1.6728971962616823,-0.1923828125,False,False,True
apps_python_360,develop,L2H14,-0.12650602409638553,-0.038818359375,False,False,True
apps_python_360,develop,MLP11,0.31626506024096385,-0.01812744140625,False,False,True
codecontests_cpp_360,write,L2H14,0.3333333333333333,-0.0089263916015625,False,True,False
codecontests_cpp_360,write,MLP11,0.16862745098039217,0.00164794921875,True,True,False
codecontests_cpp_360,develop,L2H14,-0.3744493392070485,-0.069488525390625,False,False,True
codecontests_cpp_360,develop,MLP11,-0.7973568281938326,-0.087158203125,False,False,True
codecontests_java_360,write,L2H14,-0.05303030303030303,-0.5403900146484375,False,True,False
codecontests_java_360,write,MLP11,0.22348484848484848,-0.39520263671875,False,True,False
codecontests_java_360,develop,L2H14,-1.4602510460251046,-0.02734375,False,False,True
codecontests_java_360,develop,MLP11,0.5627615062761506,0.016082763671875,True,False,True
apps_python_361,write,L2H14,0.5774193548387097,-0.17333984375,False,True,False
apps_python_361,write,MLP11,-1.2451612903225806,-1.1513671875,False,False,True
apps_python_361,develop,L2H14,-0.8382978723404255,-0.04571533203125,False,False,True
apps_python_361,develop,MLP11,0.23404255319148937,-0.01153564453125,False,False,True
codecontests_cpp_361,write,L2H14,0.41621621621621624,-0.7998046875,False,False,True
codecontests_cpp_361,write,MLP11,0.20540540540540542,-1.1251220703125,False,False,True
codecontests_cpp_361,develop,L2H14,0.029239766081871343,-0.020358562469482422,False,False,True
codecontests_cpp_361,develop,MLP11,-1.4210526315789473,-0.03912353515625,False,False,True
codecontests_java_361,write,L2H14,0.11055276381909548,-0.689849853515625,False,True,False
codecontests_java_361,write,MLP11,-0.1457286432160804,-0.8863525390625,False,True,False
codecontests_java_361,develop,L2H14,0.008333333333333333,-0.05771827697753906,False,False,True
codecontests_java_361,develop,MLP11,0.7104166666666667,0.004638671875,True,False,True
apps_python_362,write,L2H14,0.5324675324675324,-0.03839111328125,False,False,True
apps_python_362,write,MLP11,-0.26406926406926406,-0.13287353515625,False,False,True
apps_python_362,develop,L2H14,0.05725190839694656,-0.0290374755859375,False,False,True
apps_python_362,develop,MLP11,-0.11450381679389313,-0.033294677734375,False,False,True
codecontests_cpp_362,write,L2H14,-0.11570247933884298,-0.52410888671875,False,False,True
codecontests_cpp_362,write,MLP11,-0.48760330578512395,-0.674072265625,False,False,True
codecontests_cpp_362,develop,L2H14,0.0,-0.0290069580078125,False,False,True
codecontests_cpp_362,develop,MLP11,-2.267175572519084,-0.0789794921875,False,False,True
codecontests_java_362,write,L2H14,0.08152173913043478,-0.02031707763671875,False,False,True
codecontests_java_362,write,MLP11,-1.326086956521739,-0.00048828125,False,False,True
codecontests_java_362,develop,L2H14,-0.045081967213114756,-0.12410736083984375,False,False,True
codecontests_java_362,develop,MLP11,-0.11475409836065574,-0.1162109375,False,False,True
apps_python_363,write,L2H14,0.29878048780487804,-0.080078125,False,False,True
apps_python_363,write,MLP11,0.5213414634146342,-0.04443359375,False,False,True
apps_python_363,develop,L2H14,0.336734693877551,-0.0390625,False,False,True
apps_python_363,develop,MLP11,0.08843537414965986,-0.062530517578125,False,False,True
