sample_id,space,same_object_cross_frame_cosine,same_frame_cross_object_cosine,object_minus_frame_cosine,object_wins
apps_python_1,l2h14_lead_k,0.8966465592384338,0.9999952614307404,-0.10334870219230652,False
apps_python_1,l2h14_z,0.9504170417785645,0.9945090413093567,-0.044091999530792236,False
apps_python_1,mlp11_out,0.9912574589252472,0.9864294230937958,0.004828035831451416,True
apps_python_1,l2h14_lead_k_centered,-0.9999528527259827,0.9999015033245087,-1.9998543560504913,False
apps_python_1,l2h14_z_centered,-0.8312400579452515,0.8237302601337433,-1.6549703180789948,False
apps_python_1,mlp11_out_centered,0.18351882696151733,-0.2961757779121399,0.4796946048736572,True
codecontests_cpp_1,l2h14_lead_k,0.8966465592384338,0.9999952614307404,-0.10334870219230652,False
codecontests_cpp_1,l2h14_z,0.9417515397071838,0.9939678311347961,-0.052216291427612305,False
codecontests_cpp_1,mlp11_out,0.9939335584640503,0.9892418682575226,0.00469169020652771,True
codecontests_cpp_1,l2h14_lead_k_centered,-0.9999528527259827,0.9999015033245087,-1.9998543560504913,False
codecontests_cpp_1,l2h14_z_centered,-0.8582500219345093,0.8478733897209167,-1.706123411655426,False
codecontests_cpp_1,mlp11_out_centered,0.264672689139843,-0.38553135097026825,0.6502040401101112,True
codecontests_java_1,l2h14_lead_k,0.8965784907341003,1.0000000298023224,-0.10342153906822205,False
codecontests_java_1,l2h14_z,0.9509776532649994,0.9963819980621338,-0.0454043447971344,False
codecontests_java_1,mlp11_out,0.9922827482223511,0.9863333106040955,0.005949437618255615,True
codecontests_java_1,l2h14_lead_k_centered,-1.0000001192092896,1.0000001192092896,-2.000000238418579,False
codecontests_java_1,l2h14_z_centered,-0.900029182434082,0.8889740407466888,-1.7890032231807709,False
codecontests_java_1,mlp11_out_centered,0.2924007177352905,-0.4261395335197449,0.7185402512550354,True
mbpp_python_1,l2h14_lead_k,0.8967000842094421,0.9999973475933075,-0.10329726338386536,False
mbpp_python_1,l2h14_z,0.962219774723053,0.989345133304596,-0.02712535858154297,False
mbpp_python_1,mlp11_out,0.9904155731201172,0.9861789047718048,0.004236668348312378,True
mbpp_python_1,l2h14_lead_k_centered,-0.9999764859676361,0.9999454319477081,-1.9999219179153442,False
mbpp_python_1,l2h14_z_centered,-0.6395571529865265,0.6263284087181091,-1.2658855617046356,False
mbpp_python_1,mlp11_out_centered,0.15949948877096176,-0.26463260501623154,0.4241320937871933,True
codecontests_java_2,l2h14_lead_k,0.8968112468719482,1.0,-0.10318875312805176,False
codecontests_java_2,l2h14_z,0.9461889266967773,0.9939259886741638,-0.047737061977386475,False
codecontests_java_2,mlp11_out,0.9912696778774261,0.9890735149383545,0.0021961629390716553,True
codecontests_java_2,l2h14_lead_k_centered,-1.0,1.0,-2.0,False
codecontests_java_2,l2h14_z_centered,-0.8443142175674438,0.8357048630714417,-1.6800190806388855,False
codecontests_java_2,mlp11_out_centered,0.040843529626727104,-0.1955324150621891,0.2363759446889162,True
codecontests_cpp_3,l2h14_lead_k,0.8966465592384338,0.9999952614307404,-0.10334870219230652,False
codecontests_cpp_3,l2h14_z,0.947397917509079,0.9932721853256226,-0.04587426781654358,False
codecontests_cpp_3,mlp11_out,0.9932964444160461,0.9906407296657562,0.002655714750289917,True
codecontests_cpp_3,l2h14_lead_k_centered,-0.9999528527259827,0.9999015033245087,-1.9998543560504913,False
codecontests_cpp_3,l2h14_z_centered,-0.8261768221855164,0.8168977499008179,-1.6430745720863342,False
codecontests_cpp_3,mlp11_out_centered,0.10175279248505831,-0.2307669222354889,0.3325197147205472,True
codecontests_java_3,l2h14_lead_k,0.8966465592384338,0.9999952614307404,-0.10334870219230652,False
codecontests_java_3,l2h14_z,0.9428107440471649,0.9954418838024139,-0.05263113975524902,False
codecontests_java_3,mlp11_out,0.9921042919158936,0.9878217279911041,0.004282563924789429,True
codecontests_java_3,l2h14_lead_k_centered,-0.9999528527259827,0.9999015033245087,-1.9998543560504913,False
codecontests_java_3,l2h14_z_centered,-0.8811435103416443,0.871956467628479,-1.7530999779701233,False
codecontests_java_3,mlp11_out_centered,0.1825987622141838,-0.3275175541639328,0.5101163163781166,True
apps_python_4,l2h14_lead_k,0.8965784907341003,1.0000000298023224,-0.10342153906822205,False
apps_python_4,l2h14_z,0.9515650570392609,0.9937635660171509,-0.042198508977890015,False
apps_python_4,mlp11_out,0.9919864237308502,0.99056077003479,0.0014256536960601807,True
apps_python_4,l2h14_lead_k_centered,-1.0000001192092896,1.0000001192092896,-2.000000238418579,False
apps_python_4,l2h14_z_centered,-0.7885810434818268,0.7796769738197327,-1.5682580173015594,False
apps_python_4,mlp11_out_centered,0.0057385023683309555,-0.1372443251311779,0.14298282749950886,True
codecontests_cpp_4,l2h14_lead_k,0.8965784907341003,1.0000000298023224,-0.10342153906822205,False
codecontests_cpp_4,l2h14_z,0.9446286857128143,0.9932087361812592,-0.048580050468444824,False
codecontests_cpp_4,mlp11_out,0.9927867352962494,0.9891090989112854,0.0036776363849639893,True
codecontests_cpp_4,l2h14_lead_k_centered,-1.0000001192092896,1.0000001192092896,-2.000000238418579,False
codecontests_cpp_4,l2h14_z_centered,-0.8345721960067749,0.8290593028068542,-1.6636314988136292,False
codecontests_cpp_4,mlp11_out_centered,0.17028829082846642,-0.3089103698730469,0.4791986607015133,True
codecontests_java_4,l2h14_lead_k,0.8966465592384338,0.9999952614307404,-0.10334870219230652,False
codecontests_java_4,l2h14_z,0.9452613890171051,0.9958442747592926,-0.0505828857421875,False
codecontests_java_4,mlp11_out,0.9928979277610779,0.9906651377677917,0.002232789993286133,True
codecontests_java_4,l2h14_lead_k_centered,-0.9999528527259827,0.9999015033245087,-1.9998543560504913,False
codecontests_java_4,l2h14_z_centered,-0.8859081268310547,0.8791108429431915,-1.7650189697742462,False
codecontests_java_4,mlp11_out_centered,0.06490806490182877,-0.22056997567415237,0.28547804057598114,True
mbpp_python_4,l2h14_lead_k,0.8968513011932373,0.9999943673610687,-0.10314306616783142,False
mbpp_python_4,l2h14_z,0.947558581829071,0.9969778060913086,-0.04941922426223755,False
mbpp_python_4,mlp11_out,0.990389883518219,0.9885044395923615,0.001885443925857544,True
mbpp_python_4,l2h14_lead_k_centered,-0.9999384582042694,0.9998914003372192,-1.9998298585414886,False
mbpp_python_4,l2h14_z_centered,-0.9107632637023926,0.905972808599472,-1.8167360723018646,False
mbpp_python_4,mlp11_out_centered,0.04101705551147461,-0.14849086105823517,0.18950791656970978,True
apps_python_5,l2h14_lead_k,0.8965784907341003,1.0000000298023224,-0.10342153906822205,False
apps_python_5,l2h14_z,0.9449727535247803,0.9950923919677734,-0.050119638442993164,False
apps_python_5,mlp11_out,0.9918771684169769,0.9875368475914001,0.004340320825576782,True
apps_python_5,l2h14_lead_k_centered,-1.0000001192092896,1.0000001192092896,-2.000000238418579,False
apps_python_5,l2h14_z_centered,-0.8677955865859985,0.8602349758148193,-1.7280305624008179,False
apps_python_5,mlp11_out_centered,0.17333927378058434,-0.30516864359378815,0.4785079173743725,True
codecontests_cpp_5,l2h14_lead_k,0.8965784907341003,1.0000000298023224,-0.10342153906822205,False
codecontests_cpp_5,l2h14_z,0.9393246173858643,0.9936273396015167,-0.054302722215652466,False
codecontests_cpp_5,mlp11_out,0.9922332465648651,0.9913558065891266,0.0008774399757385254,True
codecontests_cpp_5,l2h14_lead_k_centered,-1.0000001192092896,1.0000001192092896,-2.000000238418579,False
codecontests_cpp_5,l2h14_z_centered,-0.8422205150127411,0.8350115716457367,-1.6772320866584778,False
codecontests_cpp_5,mlp11_out_centered,0.02829519659280777,-0.14909368753433228,0.17738888412714005,True
codecontests_java_5,l2h14_lead_k,0.8965784907341003,1.0000000298023224,-0.10342153906822205,False
codecontests_java_5,l2h14_z,0.9475294649600983,0.9968846440315247,-0.04935517907142639,False
codecontests_java_5,mlp11_out,0.9919290244579315,0.9871378540992737,0.004791170358657837,True
codecontests_java_5,l2h14_lead_k_centered,-1.0000001192092896,1.0000001192092896,-2.000000238418579,False
codecontests_java_5,l2h14_z_centered,-0.9149219691753387,0.9057466983795166,-1.8206686675548553,False
codecontests_java_5,mlp11_out_centered,0.20040272921323776,-0.34436167776584625,0.544764406979084,True
codecontests_cpp_6,l2h14_lead_k,0.8966465592384338,0.9999952614307404,-0.10334870219230652,False
codecontests_cpp_6,l2h14_z,0.9403577148914337,0.9949039816856384,-0.05454626679420471,False
codecontests_cpp_6,mlp11_out,0.9928398430347443,0.9890204071998596,0.0038194358348846436,True
codecontests_cpp_6,l2h14_lead_k_centered,-0.9999528527259827,0.9999015033245087,-1.9998543560504913,False
codecontests_cpp_6,l2h14_z_centered,-0.8760198652744293,0.8659456074237823,-1.7419654726982117,False
codecontests_cpp_6,mlp11_out_centered,0.19830576330423355,-0.3279784768819809,0.5262842401862144,True
codecontests_java_6,l2h14_lead_k,0.8966465592384338,0.9999952614307404,-0.10334870219230652,False
codecontests_java_6,l2h14_z,0.952027827501297,0.995331883430481,-0.04330405592918396,False
codecontests_java_6,mlp11_out,0.991622120141983,0.9871655404567719,0.004456579685211182,True
codecontests_java_6,l2h14_lead_k_centered,-0.9999528527259827,0.9999015033245087,-1.9998543560504913,False
codecontests_java_6,l2h14_z_centered,-0.8638139963150024,0.8535637557506561,-1.7173777520656586,False
codecontests_java_6,mlp11_out_centered,0.1701805591583252,-0.31505102664232254,0.48523158580064774,True
codecontests_java_7,l2h14_lead_k,0.8965784907341003,1.0000000298023224,-0.10342153906822205,False
codecontests_java_7,l2h14_z,0.9440813064575195,0.9964296817779541,-0.05234837532043457,False
codecontests_java_7,mlp11_out,0.9923785626888275,0.9856206476688385,0.006757915019989014,True
codecontests_java_7,l2h14_lead_k_centered,-1.0000001192092896,1.0000001192092896,-2.000000238418579,False
codecontests_java_7,l2h14_z_centered,-0.9172648787498474,0.9107214212417603,-1.8279862999916077,False
codecontests_java_7,mlp11_out_centered,0.2821259945631027,-0.4245535433292389,0.7066795378923416,True
apps_python_8,l2h14_lead_k,0.8966948688030243,0.9999824464321136,-0.10328757762908936,False
apps_python_8,l2h14_z,0.9478451311588287,0.9957878589630127,-0.04794272780418396,False
apps_python_8,mlp11_out,0.9910959303379059,0.9877080023288727,0.003387928009033203,True
apps_python_8,l2h14_lead_k_centered,-0.9998359382152557,0.999611496925354,-1.9994474351406097,False
apps_python_8,l2h14_z_centered,-0.8732343018054962,0.8670901656150818,-1.740324467420578,False
apps_python_8,mlp11_out_centered,0.09588305675424635,-0.24889983981847763,0.344782896572724,True
apps_python_9,l2h14_lead_k,0.8966465592384338,0.9999952614307404,-0.10334870219230652,False
apps_python_9,l2h14_z,0.9502382576465607,0.9945393800735474,-0.044301122426986694,False
apps_python_9,mlp11_out,0.9910617172718048,0.9897882342338562,0.0012734830379486084,True
apps_python_9,l2h14_lead_k_centered,-0.9999528527259827,0.9999015033245087,-1.9998543560504913,False
apps_python_9,l2h14_z_centered,-0.8231972455978394,0.8154825568199158,-1.6386798024177551,False
apps_python_9,mlp11_out_centered,0.00047331303358078003,-0.12401820719242096,0.12449152022600174,True
codecontests_cpp_9,l2h14_lead_k,0.8967146277427673,1.0000001192092896,-0.10328549146652222,False
codecontests_cpp_9,l2h14_z,0.9452693164348602,0.9947326481342316,-0.04946333169937134,False
codecontests_cpp_9,mlp11_out,0.9932127594947815,0.9911115169525146,0.0021012425422668457,True
codecontests_cpp_9,l2h14_lead_k_centered,-1.000000238418579,1.000000238418579,-2.000000476837158,False
codecontests_cpp_9,l2h14_z_centered,-0.8633787035942078,0.8549775183200836,-1.7183562219142914,False
codecontests_cpp_9,mlp11_out_centered,0.13584145531058311,-0.2634124606847763,0.3992539159953594,True
codecontests_java_9,l2h14_lead_k,0.8966465592384338,0.9999952614307404,-0.10334870219230652,False
codecontests_java_9,l2h14_z,0.9448168873786926,0.9968721270561218,-0.0520552396774292,False
codecontests_java_9,mlp11_out,0.993861198425293,0.9884001314640045,0.005461066961288452,True
codecontests_java_9,l2h14_lead_k_centered,-0.9999528527259827,0.9999015033245087,-1.9998543560504913,False
codecontests_java_9,l2h14_z_centered,-0.9183740019798279,0.9105981588363647,-1.8289721608161926,False
codecontests_java_9,mlp11_out_centered,0.2869417369365692,-0.4197826385498047,0.7067243754863739,True
apps_python_10,l2h14_lead_k,0.8966465592384338,0.9999952614307404,-0.10334870219230652,False
apps_python_10,l2h14_z,0.9501509666442871,0.9964215755462646,-0.04627060890197754,False
apps_python_10,mlp11_out,0.9922034740447998,0.9889120757579803,0.003291398286819458,True
apps_python_10,l2h14_lead_k_centered,-0.9999528527259827,0.9999015033245087,-1.9998543560504913,False
apps_python_10,l2h14_z_centered,-0.883194237947464,0.8773148059844971,-1.760509043931961,False
apps_python_10,mlp11_out_centered,0.1442955806851387,-0.2468029260635376,0.3910985067486763,True
codecontests_cpp_11,l2h14_lead_k,0.8966465592384338,0.9999952614307404,-0.10334870219230652,False
codecontests_cpp_11,l2h14_z,0.9441379606723785,0.9943722188472748,-0.05023425817489624,False
codecontests_cpp_11,mlp11_out,0.9936080574989319,0.991767942905426,0.0018401145935058594,True
codecontests_cpp_11,l2h14_lead_k_centered,-0.9999528527259827,0.9999015033245087,-1.9998543560504913,False
codecontests_cpp_11,l2h14_z_centered,-0.8606376051902771,0.8525718450546265,-1.7132094502449036,False
codecontests_cpp_11,mlp11_out_centered,0.08508776128292084,-0.20188076049089432,0.28696852177381516,True
codecontests_java_11,l2h14_lead_k,0.8965784907341003,1.0000000298023224,-0.10342153906822205,False
codecontests_java_11,l2h14_z,0.9450083076953888,0.9968658089637756,-0.05185750126838684,False
codecontests_java_11,mlp11_out,0.9925877451896667,0.9872901439666748,0.005297601222991943,True
codecontests_java_11,l2h14_lead_k_centered,-1.0000001192092896,1.0000001192092896,-2.000000238418579,False
codecontests_java_11,l2h14_z_centered,-0.9161717891693115,0.9094067215919495,-1.825578510761261,False
codecontests_java_11,mlp11_out_centered,0.2765951454639435,-0.3930599242448807,0.6696550697088242,True
humaneval_python_11,l2h14_lead_k,0.8967868685722351,0.9999926090240479,-0.10320574045181274,False
humaneval_python_11,l2h14_z,0.9477277100086212,0.9961868226528168,-0.04845911264419556,False
humaneval_python_11,mlp11_out,0.9900448024272919,0.9886158108711243,0.0014289915561676025,True
humaneval_python_11,l2h14_lead_k_centered,-0.9999180734157562,0.9998252391815186,-1.9997433125972748,False
humaneval_python_11,l2h14_z_centered,-0.893877387046814,0.8884438276290894,-1.7823212146759033,False
humaneval_python_11,mlp11_out_centered,0.010201491415500641,-0.13059981167316437,0.140801303088665,True
mbpp_python_11,l2h14_lead_k,0.8967000842094421,0.9999973475933075,-0.10329726338386536,False
mbpp_python_11,l2h14_z,0.9553910493850708,0.9920468330383301,-0.03665578365325928,False
mbpp_python_11,mlp11_out,0.9908525943756104,0.9861029386520386,0.004749655723571777,True
mbpp_python_11,l2h14_lead_k_centered,-0.9999764859676361,0.9999454319477081,-1.9999219179153442,False
mbpp_python_11,l2h14_z_centered,-0.7492544949054718,0.7356706857681274,-1.4849251806735992,False
mbpp_python_11,mlp11_out_centered,0.18515068292617798,-0.2879799157381058,0.47313059866428375,True
codecontests_cpp_12,l2h14_lead_k,0.8966465592384338,0.9999952614307404,-0.10334870219230652,False
codecontests_cpp_12,l2h14_z,0.9463054835796356,0.9949894547462463,-0.04868397116661072,False
codecontests_cpp_12,mlp11_out,0.993294358253479,0.9898147881031036,0.003479570150375366,True
codecontests_cpp_12,l2h14_lead_k_centered,-0.9999528527259827,0.9999015033245087,-1.9998543560504913,False
codecontests_cpp_12,l2h14_z_centered,-0.8650179505348206,0.8561822175979614,-1.721200168132782,False
codecontests_cpp_12,mlp11_out_centered,0.1608608439564705,-0.28094562888145447,0.44180647283792496,True
codecontests_java_12,l2h14_lead_k,0.8965784907341003,1.0000000298023224,-0.10342153906822205,False
codecontests_java_12,l2h14_z,0.9477194547653198,0.9955152869224548,-0.04779583215713501,False
codecontests_java_12,mlp11_out,0.9919251501560211,0.9855594635009766,0.006365686655044556,True
codecontests_java_12,l2h14_lead_k_centered,-1.0000001192092896,1.0000001192092896,-2.000000238418579,False
codecontests_java_12,l2h14_z_centered,-0.8911979794502258,0.8846299946308136,-1.7758279740810394,False
codecontests_java_12,mlp11_out_centered,0.2820254862308502,-0.4283128082752228,0.710338294506073,True
apps_python_13,l2h14_lead_k,0.8965784907341003,1.0000000298023224,-0.10342153906822205,False
apps_python_13,l2h14_z,0.9490011632442474,0.9953140318393707,-0.04631286859512329,False
apps_python_13,mlp11_out,0.9904910624027252,0.9862968623638153,0.004194200038909912,True
apps_python_13,l2h14_lead_k_centered,-1.0000001192092896,1.0000001192092896,-2.000000238418579,False
apps_python_13,l2h14_z_centered,-0.8762906789779663,0.8695510923862457,-1.745841771364212,False
apps_python_13,mlp11_out_centered,0.12860159762203693,-0.2552754059433937,0.38387700356543064,True
codecontests_java_13,l2h14_lead_k,0.8966465592384338,0.9999952614307404,-0.10334870219230652,False
codecontests_java_13,l2h14_z,0.9396381676197052,0.9957935214042664,-0.05615535378456116,False
codecontests_java_13,mlp11_out,0.991352915763855,0.9852445721626282,0.006108343601226807,True
codecontests_java_13,l2h14_lead_k_centered,-0.9999528527259827,0.9999015033245087,-1.9998543560504913,False
codecontests_java_13,l2h14_z_centered,-0.8988068103790283,0.8879266679286957,-1.786733478307724,False
codecontests_java_13,mlp11_out_centered,0.24735001474618912,-0.3798520267009735,0.6272020414471626,True
apps_python_14,l2h14_lead_k,0.8967214822769165,0.9999920129776001,-0.1032705307006836,False
apps_python_14,l2h14_z,0.936831533908844,0.9931030869483948,-0.05627155303955078,False
apps_python_14,mlp11_out,0.9926856458187103,0.9905504882335663,0.002135157585144043,True
apps_python_14,l2h14_lead_k_centered,-0.99991375207901,0.9998371601104736,-1.9997509121894836,False
apps_python_14,l2h14_z_centered,-0.8506452143192291,0.8390227556228638,-1.689667969942093,False
apps_python_14,mlp11_out_centered,0.05565708689391613,-0.19365079700946808,0.2493078839033842,True
codecontests_cpp_14,l2h14_lead_k,0.8966465592384338,0.9999952614307404,-0.10334870219230652,False
codecontests_cpp_14,l2h14_z,0.9410916566848755,0.9945136606693268,-0.053422003984451294,False
codecontests_cpp_14,mlp11_out,0.9929473698139191,0.989428699016571,0.0035186707973480225,True
codecontests_cpp_14,l2h14_lead_k_centered,-0.9999528527259827,0.9999015033245087,-1.9998543560504913,False
codecontests_cpp_14,l2h14_z_centered,-0.8713075518608093,0.8647593259811401,-1.7360668778419495,False
codecontests_cpp_14,mlp11_out_centered,0.13763770461082458,-0.27646271884441376,0.41410042345523834,True
codecontests_java_14,l2h14_lead_k,0.8967385590076447,0.9999828934669495,-0.10324433445930481,False
codecontests_java_14,l2h14_z,0.9431266188621521,0.9964245557785034,-0.05329793691635132,False
codecontests_java_14,mlp11_out,0.9923336505889893,0.9864057302474976,0.005927920341491699,True
codecontests_java_14,l2h14_lead_k_centered,-0.9998268187046051,0.9996702969074249,-1.99949711561203,False
codecontests_java_14,l2h14_z_centered,-0.905836284160614,0.8994014859199524,-1.8052377700805664,False
codecontests_java_14,mlp11_out_centered,0.26423629373311996,-0.4207703620195389,0.6850066557526588,True
codecontests_cpp_15,l2h14_lead_k,0.8966465592384338,0.9999952614307404,-0.10334870219230652,False
codecontests_cpp_15,l2h14_z,0.9497917890548706,0.9926730990409851,-0.0428813099861145,False
codecontests_cpp_15,mlp11_out,0.9931476414203644,0.9889737963676453,0.004173845052719116,True
codecontests_cpp_15,l2h14_lead_k_centered,-0.9999528527259827,0.9999015033245087,-1.9998543560504913,False
codecontests_cpp_15,l2h14_z_centered,-0.8095215260982513,0.801964521408081,-1.6114860475063324,False
codecontests_cpp_15,mlp11_out_centered,0.18149327114224434,-0.2950509935617447,0.47654426470398903,True
codecontests_java_15,l2h14_lead_k,0.8965784907341003,1.0000000298023224,-0.10342153906822205,False
codecontests_java_15,l2h14_z,0.9464328289031982,0.9952360093593597,-0.0488031804561615,False
codecontests_java_15,mlp11_out,0.9909706711769104,0.9890078604221344,0.001962810754776001,True
codecontests_java_15,l2h14_lead_k_centered,-1.0000001192092896,1.0000001192092896,-2.000000238418579,False
codecontests_java_15,l2h14_z_centered,-0.8681604862213135,0.8600477874279022,-1.7282082736492157,False
codecontests_java_15,mlp11_out_centered,0.021558158099651337,-0.17535891756415367,0.196917075663805,True
apps_python_16,l2h14_lead_k,0.8968112468719482,1.0,-0.10318875312805176,False
apps_python_16,l2h14_z,0.9527679085731506,0.9958551824092865,-0.043087273836135864,False
apps_python_16,mlp11_out,0.9903392791748047,0.9874434173107147,0.002895861864089966,True
apps_python_16,l2h14_lead_k_centered,-1.0,1.0,-2.0,False
apps_python_16,l2h14_z_centered,-0.8557946681976318,0.8476492762565613,-1.7034439444541931,False
apps_python_16,mlp11_out_centered,0.09856112115085125,-0.2217434197664261,0.32030454091727734,True
codecontests_cpp_16,l2h14_lead_k,0.8965784907341003,1.0000000298023224,-0.10342153906822205,False
codecontests_cpp_16,l2h14_z,0.9447588920593262,0.995282381772995,-0.05052348971366882,False
codecontests_cpp_16,mlp11_out,0.9927966296672821,0.9910517930984497,0.0017448365688323975,True
codecontests_cpp_16,l2h14_lead_k_centered,-1.0000001192092896,1.0000001192092896,-2.000000238418579,False
codecontests_cpp_16,l2h14_z_centered,-0.8759180009365082,0.8674980700016022,-1.7434160709381104,False
codecontests_cpp_16,mlp11_out_centered,0.09527674689888954,-0.21379663795232773,0.30907338485121727,True
codecontests_java_16,l2h14_lead_k,0.8966465592384338,0.9999952614307404,-0.10334870219230652,False
codecontests_java_16,l2h14_z,0.9467276334762573,0.9965586960315704,-0.04983106255531311,False
codecontests_java_16,mlp11_out,0.9923031330108643,0.9863829612731934,0.0059201717376708984,True
codecontests_java_16,l2h14_lead_k_centered,-0.9999528527259827,0.9999015033245087,-1.9998543560504913,False
codecontests_java_16,l2h14_z_centered,-0.9077574908733368,0.9013035595417023,-1.809061050415039,False
codecontests_java_16,mlp11_out_centered,0.2638125568628311,-0.3972853571176529,0.661097913980484,True
apps_python_17,l2h14_lead_k,0.8966948688030243,0.9999824464321136,-0.10328757762908936,False
apps_python_17,l2h14_z,0.9490915536880493,0.9961182177066803,-0.04702666401863098,False
apps_python_17,mlp11_out,0.9906063973903656,0.9870324730873108,0.0035739243030548096,True
apps_python_17,l2h14_lead_k_centered,-0.9998359382152557,0.999611496925354,-1.9994474351406097,False
apps_python_17,l2h14_z_centered,-0.8767307996749878,0.8708969950675964,-1.7476277947425842,False
apps_python_17,mlp11_out_centered,0.1065030638128519,-0.23096811771392822,0.33747118152678013,True
codecontests_cpp_17,l2h14_lead_k,0.8965784907341003,1.0000000298023224,-0.10342153906822205,False
codecontests_cpp_17,l2h14_z,0.9443304538726807,0.9933026134967804,-0.04897215962409973,False
codecontests_cpp_17,mlp11_out,0.9935129582881927,0.9898383617401123,0.0036745965480804443,True
codecontests_cpp_17,l2h14_lead_k_centered,-1.0000001192092896,1.0000001192092896,-2.000000238418579,False
codecontests_cpp_17,l2h14_z_centered,-0.8357484936714172,0.8298352360725403,-1.6655837297439575,False
codecontests_cpp_17,mlp11_out_centered,0.16147777251899242,-0.3252018466591835,0.4866796191781759,True
codecontests_java_17,l2h14_lead_k,0.8966465592384338,0.9999952614307404,-0.10334870219230652,False
codecontests_java_17,l2h14_z,0.9472701251506805,0.996167927980423,-0.04889780282974243,False
codecontests_java_17,mlp11_out,0.9924302697181702,0.98943692445755,0.002993345260620117,True
codecontests_java_17,l2h14_lead_k_centered,-0.9999528527259827,0.9999015033245087,-1.9998543560504913,False
codecontests_java_17,l2h14_z_centered,-0.8925737738609314,0.8851062059402466,-1.777679979801178,False
codecontests_java_17,mlp11_out_centered,0.10026717279106379,-0.27516092360019684,0.3754280963912606,True
mbpp_python_17,l2h14_lead_k,0.8967214822769165,0.9999920129776001,-0.1032705307006836,False
mbpp_python_17,l2h14_z,0.9480178952217102,0.9970923066139221,-0.049074411392211914,False
mbpp_python_17,mlp11_out,0.9906551539897919,0.9878849387168884,0.0027702152729034424,True
mbpp_python_17,l2h14_lead_k_centered,-0.99991375207901,0.9998371601104736,-1.9997509121894836,False
mbpp_python_17,l2h14_z_centered,-0.9117709994316101,0.9061874151229858,-1.817958414554596,False
mbpp_python_17,mlp11_out_centered,0.06804837193340063,-0.1865076944231987,0.25455606635659933,True
codecontests_cpp_18,l2h14_lead_k,0.8965784907341003,1.0000000298023224,-0.10342153906822205,False
codecontests_cpp_18,l2h14_z,0.947547197341919,0.9956043064594269,-0.048057109117507935,False
codecontests_cpp_18,mlp11_out,0.9934645593166351,0.9908028841018677,0.002661675214767456,True
codecontests_cpp_18,l2h14_lead_k_centered,-1.0000001192092896,1.0000001192092896,-2.000000238418579,False
codecontests_cpp_18,l2h14_z_centered,-0.8733806908130646,0.8670408725738525,-1.7404215633869171,False
codecontests_cpp_18,mlp11_out_centered,0.1527373157441616,-0.281413197517395,0.4341505132615566,True
codecontests_java_18,l2h14_lead_k,0.8966465592384338,0.9999952614307404,-0.10334870219230652,False
codecontests_java_18,l2h14_z,0.9498263895511627,0.9964887201786041,-0.046662330627441406,False
codecontests_java_18,mlp11_out,0.9913369119167328,0.9856028258800507,0.005734086036682129,True
codecontests_java_18,l2h14_lead_k_centered,-0.9999528527259827,0.9999015033245087,-1.9998543560504913,False
codecontests_java_18,l2h14_z_centered,-0.9075977206230164,0.9005992710590363,-1.8081969916820526,False
codecontests_java_18,mlp11_out_centered,0.21591725572943687,-0.3537047207355499,0.5696219764649868,True
humaneval_python_18,l2h14_lead_k,0.8968513011932373,0.9999943673610687,-0.10314306616783142,False
humaneval_python_18,l2h14_z,0.9429082572460175,0.990632027387619,-0.04772377014160156,False
humaneval_python_18,mlp11_out,0.9919228553771973,0.9891725182533264,0.0027503371238708496,True
humaneval_python_18,l2h14_lead_k_centered,-0.9999384582042694,0.9998914003372192,-1.9998298585414886,False
humaneval_python_18,l2h14_z_centered,-0.7728676497936249,0.7597747147083282,-1.5326423645019531,False
humaneval_python_18,mlp11_out_centered,0.09802904049865901,-0.23183023184537888,0.3298592723440379,True
codecontests_java_19,l2h14_lead_k,0.8967868685722351,0.9999926090240479,-0.10320574045181274,False
codecontests_java_19,l2h14_z,0.9429755806922913,0.9952685236930847,-0.05229294300079346,False
codecontests_java_19,mlp11_out,0.9924421012401581,0.9903136789798737,0.002128422260284424,True
codecontests_java_19,l2h14_lead_k_centered,-0.9999180734157562,0.9998252391815186,-1.9997433125972748,False
codecontests_java_19,l2h14_z_centered,-0.8896124362945557,0.8802067041397095,-1.7698191404342651,False
codecontests_java_19,mlp11_out_centered,0.053628819063305855,-0.21762188524007797,0.2712507043033838,True
apps_python_20,l2h14_lead_k,0.8968513011932373,0.9999943673610687,-0.10314306616783142,False
apps_python_20,l2h14_z,0.9445135593414307,0.9971072971820831,-0.052593737840652466,False
apps_python_20,mlp11_out,0.9904922544956207,0.9889895915985107,0.0015026628971099854,True
apps_python_20,l2h14_lead_k_centered,-0.9999384582042694,0.9998914003372192,-1.9998298585414886,False
apps_python_20,l2h14_z_centered,-0.9208728969097137,0.915882408618927,-1.8367553055286407,False
apps_python_20,mlp11_out_centered,0.021596670150756836,-0.12174718268215656,0.1433438528329134,True
codecontests_cpp_20,l2h14_lead_k,0.8966465592384338,0.9999952614307404,-0.10334870219230652,False
codecontests_cpp_20,l2h14_z,0.944314181804657,0.9949508011341095,-0.050636619329452515,False
codecontests_cpp_20,mlp11_out,0.9933203756809235,0.989039421081543,0.004280954599380493,True
codecontests_cpp_20,l2h14_lead_k_centered,-0.9999528527259827,0.9999015033245087,-1.9998543560504913,False
codecontests_cpp_20,l2h14_z_centered,-0.8710805773735046,0.8609428405761719,-1.7320234179496765,False
codecontests_cpp_20,mlp11_out_centered,0.2138807624578476,-0.3347334861755371,0.5486142486333847,True
codecontests_java_20,l2h14_lead_k,0.8967146277427673,1.0000001192092896,-0.10328549146652222,False
codecontests_java_20,l2h14_z,0.9427109956741333,0.9963067770004272,-0.053595781326293945,False
codecontests_java_20,mlp11_out,0.9923673868179321,0.9875168204307556,0.004850566387176514,True
codecontests_java_20,l2h14_lead_k_centered,-1.000000238418579,1.000000238418579,-2.000000476837158,False
codecontests_java_20,l2h14_z_centered,-0.9068730175495148,0.899053156375885,-1.8059261739253998,False
codecontests_java_20,mlp11_out_centered,0.20992188900709152,-0.3469734936952591,0.5568953827023506,True
humaneval_python_21,l2h14_lead_k,0.8968112468719482,1.0,-0.10318875312805176,False
humaneval_python_21,l2h14_z,0.9343100190162659,0.9903344511985779,-0.05602443218231201,False
humaneval_python_21,mlp11_out,0.9918260872364044,0.9894487857818604,0.0023773014545440674,True
humaneval_python_21,l2h14_lead_k_centered,-1.0,1.0,-2.0,False
humaneval_python_21,l2h14_z_centered,-0.7840747833251953,0.7735020220279694,-1.5575768053531647,False
humaneval_python_21,mlp11_out_centered,0.06989337131381035,-0.20093309879302979,0.27082647010684013,True
apps_python_22,l2h14_lead_k,0.8965784907341003,1.0000000298023224,-0.10342153906822205,False
apps_python_22,l2h14_z,0.9479212462902069,0.9967405796051025,-0.04881933331489563,False
apps_python_22,mlp11_out,0.9923541843891144,0.9901280999183655,0.0022260844707489014,True
apps_python_22,l2h14_lead_k_centered,-1.0000001192092896,1.0000001192092896,-2.000000238418579,False
apps_python_22,l2h14_z_centered,-0.8924088478088379,0.8860090374946594,-1.7784178853034973,False
apps_python_22,mlp11_out_centered,0.0863202977925539,-0.20417402684688568,0.2904943246394396,True
codecontests_cpp_22,l2h14_lead_k,0.8966814279556274,0.999993085861206,-0.10331165790557861,False
codecontests_cpp_22,l2h14_z,0.9442290365695953,0.9888908267021179,-0.04466179013252258,False
codecontests_cpp_22,mlp11_out,0.9935442209243774,0.9911868572235107,0.0023573637008666992,True
codecontests_cpp_22,l2h14_lead_k_centered,-0.9999231994152069,0.9998482167720795,-1.9997714161872864,False
codecontests_cpp_22,l2h14_z_centered,-0.7377973794937134,0.7267107367515564,-1.4645081162452698,False
codecontests_cpp_22,mlp11_out_centered,0.09463309496641159,-0.24334054440259933,0.3379736393690109,True
codecontests_java_22,l2h14_lead_k,0.8968112468719482,1.0,-0.10318875312805176,False
codecontests_java_22,l2h14_z,0.9448160529136658,0.994858056306839,-0.05004200339317322,False
codecontests_java_22,mlp11_out,0.9920477569103241,0.9873162806034088,0.004731476306915283,True
codecontests_java_22,l2h14_lead_k_centered,-1.0,1.0,-2.0,False
codecontests_java_22,l2h14_z_centered,-0.8703921139240265,0.8595685362815857,-1.7299606502056122,False
codecontests_java_22,mlp11_out_centered,0.2208147495985031,-0.37303629517555237,0.5938510447740555,True
apps_python_23,l2h14_lead_k,0.8965784907341003,1.0000000298023224,-0.10342153906822205,False
apps_python_23,l2h14_z,0.9502447247505188,0.9956982731819153,-0.045453548431396484,False
apps_python_23,mlp11_out,0.9920206367969513,0.9907383024692535,0.001282334327697754,True
apps_python_23,l2h14_lead_k_centered,-1.0000001192092896,1.0000001192092896,-2.000000238418579,False
apps_python_23,l2h14_z_centered,-0.8777613043785095,0.8708644211292267,-1.7486257255077362,False
apps_python_23,mlp11_out_centered,-0.007896177470684052,-0.1292981207370758,0.12140194326639175,True
codecontests_cpp_23,l2h14_lead_k,0.8965784907341003,1.0000000298023224,-0.10342153906822205,False
codecontests_cpp_23,l2h14_z,0.9515752494335175,0.9946883022785187,-0.04311305284500122,False
codecontests_cpp_23,mlp11_out,0.9925192296504974,0.9913835525512695,0.0011356770992279053,True
codecontests_cpp_23,l2h14_lead_k_centered,-1.0000001192092896,1.0000001192092896,-2.000000238418579,False
codecontests_cpp_23,l2h14_z_centered,-0.844766765832901,0.8357810974121094,-1.6805478632450104,False
codecontests_cpp_23,mlp11_out_centered,0.0003335699439048767,-0.13402698189020157,0.13436055183410645,True
codecontests_java_23,l2h14_lead_k,0.8966465592384338,0.9999952614307404,-0.10334870219230652,False
codecontests_java_23,l2h14_z,0.952343076467514,0.9962096810340881,-0.0438666045665741,False
codecontests_java_23,mlp11_out,0.9932059645652771,0.9873661696910858,0.005839794874191284,True
codecontests_java_23,l2h14_lead_k_centered,-0.9999528527259827,0.9999015033245087,-1.9998543560504913,False
codecontests_java_23,l2h14_z_centered,-0.8910630643367767,0.8845458030700684,-1.775608867406845,False
codecontests_java_23,mlp11_out_centered,0.28374121338129044,-0.41509750485420227,0.6988387182354927,True
codecontests_cpp_24,l2h14_lead_k,0.8968513011932373,0.9999943673610687,-0.10314306616783142,False
codecontests_cpp_24,l2h14_z,0.9427874684333801,0.9911320209503174,-0.048344552516937256,False
codecontests_cpp_24,mlp11_out,0.9933607876300812,0.9926731288433075,0.0006876587867736816,True
codecontests_cpp_24,l2h14_lead_k_centered,-0.9999384582042694,0.9998914003372192,-1.9998298585414886,False
codecontests_cpp_24,l2h14_z_centered,-0.7854957282543182,0.7726377844810486,-1.5581335127353668,False
codecontests_cpp_24,mlp11_out_centered,-0.011999990791082382,-0.12325605750083923,0.11125606670975685,True
codecontests_java_24,l2h14_lead_k,0.8967214822769165,0.9999920129776001,-0.1032705307006836,False
codecontests_java_24,l2h14_z,0.9417874813079834,0.9934545457363129,-0.05166706442832947,False
codecontests_java_24,mlp11_out,0.9925085306167603,0.9890036880970001,0.003504842519760132,True
codecontests_java_24,l2h14_lead_k_centered,-0.99991375207901,0.9998371601104736,-1.9997509121894836,False
codecontests_java_24,l2h14_z_centered,-0.8496274948120117,0.8348122835159302,-1.684439778327942,False
codecontests_java_24,mlp11_out_centered,0.16234251856803894,-0.32221968472003937,0.4845622032880783,True
apps_python_25,l2h14_lead_k,0.8968112468719482,1.0,-0.10318875312805176,False
apps_python_25,l2h14_z,0.9458466172218323,0.996898889541626,-0.0510522723197937,False
apps_python_25,mlp11_out,0.9912720918655396,0.9893154799938202,0.0019566118717193604,True
apps_python_25,l2h14_lead_k_centered,-1.0,1.0,-2.0,False
apps_python_25,l2h14_z_centered,-0.9168469905853271,0.911849856376648,-1.828696846961975,False
apps_python_25,mlp11_out_centered,0.03270970657467842,-0.16601484641432762,0.19872455298900604,True
codecontests_java_25,l2h14_lead_k,0.8966465592384338,0.9999952614307404,-0.10334870219230652,False
codecontests_java_25,l2h14_z,0.9492192268371582,0.9965894818305969,-0.04737025499343872,False
codecontests_java_25,mlp11_out,0.9929268062114716,0.9865264594554901,0.006400346755981445,True
codecontests_java_25,l2h14_lead_k_centered,-0.9999528527259827,0.9999015033245087,-1.9998543560504913,False
codecontests_java_25,l2h14_z_centered,-0.9047749638557434,0.8976325988769531,-1.8024075627326965,False
codecontests_java_25,mlp11_out_centered,0.3071504682302475,-0.4122089743614197,0.7193594425916672,True
codecontests_cpp_26,l2h14_lead_k,0.8966465592384338,0.9999952614307404,-0.10334870219230652,False
codecontests_cpp_26,l2h14_z,0.9534561038017273,0.9937138259410858,-0.04025772213935852,False
codecontests_cpp_26,mlp11_out,0.9936924576759338,0.9913527965545654,0.002339661121368408,True
codecontests_cpp_26,l2h14_lead_k_centered,-0.9999528527259827,0.9999015033245087,-1.9998543560504913,False
codecontests_cpp_26,l2h14_z_centered,-0.8249827027320862,0.8141611814498901,-1.6391438841819763,False
codecontests_cpp_26,mlp11_out_centered,0.09213460981845856,-0.24767088890075684,0.3398054987192154,True
codecontests_java_26,l2h14_lead_k,0.8966465592384338,0.9999952614307404,-0.10334870219230652,False
codecontests_java_26,l2h14_z,0.9507761299610138,0.9969053864479065,-0.0461292564868927,False
codecontests_java_26,mlp11_out,0.9931313991546631,0.9881357252597809,0.004995673894882202,True
codecontests_java_26,l2h14_lead_k_centered,-0.9999528527259827,0.9999015033245087,-1.9998543560504913,False
codecontests_java_26,l2h14_z_centered,-0.9101417362689972,0.9018812477588654,-1.8120229840278625,False
codecontests_java_26,mlp11_out_centered,0.23225035518407822,-0.36775968968868256,0.6000100448727608,True
humaneval_python_26,l2h14_lead_k,0.8968513011932373,0.9999943673610687,-0.10314306616783142,False
humaneval_python_26,l2h14_z,0.94887974858284,0.9971894323825836,-0.04830968379974365,False
humaneval_python_26,mlp11_out,0.9908803403377533,0.9888972342014313,0.0019831061363220215,True
humaneval_python_26,l2h14_lead_k_centered,-0.9999384582042694,0.9998914003372192,-1.9998298585414886,False
humaneval_python_26,l2h14_z_centered,-0.9153324067592621,0.9102616310119629,-1.825594037771225,False
humaneval_python_26,mlp11_out_centered,0.04731221403926611,-0.177132036536932,0.2244442505761981,True
codecontests_cpp_27,l2h14_lead_k,0.8967868685722351,0.9999926090240479,-0.10320574045181274,False
codecontests_cpp_27,l2h14_z,0.9394128620624542,0.9925087094306946,-0.053095847368240356,False
codecontests_cpp_27,mlp11_out,0.993784099817276,0.9919450581073761,0.0018390417098999023,True
codecontests_cpp_27,l2h14_lead_k_centered,-0.9999180734157562,0.9998252391815186,-1.9997433125972748,False
codecontests_cpp_27,l2h14_z_centered,-0.8340670466423035,0.8204280138015747,-1.6544950604438782,False
codecontests_cpp_27,mlp11_out_centered,0.07585574965924025,-0.2121489718556404,0.28800472151488066,True
codecontests_java_27,l2h14_lead_k,0.8967868685722351,0.9999926090240479,-0.10320574045181274,False
codecontests_java_27,l2h14_z,0.9407366514205933,0.9943174123764038,-0.05358076095581055,False
codecontests_java_27,mlp11_out,0.9928324520587921,0.9901523292064667,0.0026801228523254395,True
codecontests_java_27,l2h14_lead_k_centered,-0.9999180734157562,0.9998252391815186,-1.9997433125972748,False
codecontests_java_27,l2h14_z_centered,-0.8661920726299286,0.8590510487556458,-1.7252431213855743,False
codecontests_java_27,mlp11_out_centered,0.12609992921352386,-0.28143854439258575,0.4075384736061096,True
codecontests_cpp_28,l2h14_lead_k,0.8965784907341003,1.0000000298023224,-0.10342153906822205,False
codecontests_cpp_28,l2h14_z,0.9410831332206726,0.9947477579116821,-0.05366462469100952,False
codecontests_cpp_28,mlp11_out,0.9934017360210419,0.9911141693592072,0.002287566661834717,True
codecontests_cpp_28,l2h14_lead_k_centered,-1.0000001192092896,1.0000001192092896,-2.000000238418579,False
codecontests_cpp_28,l2h14_z_centered,-0.8689523637294769,0.8609311878681183,-1.7298835515975952,False
codecontests_cpp_28,mlp11_out_centered,0.10539002157747746,-0.23124153912067413,0.3366315606981516,True
codecontests_java_28,l2h14_lead_k,0.8966465592384338,0.9999952614307404,-0.10334870219230652,False
codecontests_java_28,l2h14_z,0.9439456760883331,0.9963827729225159,-0.05243709683418274,False
codecontests_java_28,mlp11_out,0.9926189482212067,0.9879070520401001,0.004711896181106567,True
codecontests_java_28,l2h14_lead_k_centered,-0.9999528527259827,0.9999015033245087,-1.9998543560504913,False
codecontests_java_28,l2h14_z_centered,-0.912842184305191,0.9062587916851044,-1.8191009759902954,False
codecontests_java_28,mlp11_out_centered,0.21897758543491364,-0.3606308698654175,0.5796084553003311,True
apps_python_29,l2h14_lead_k,0.8966465592384338,0.9999952614307404,-0.10334870219230652,False
apps_python_29,l2h14_z,0.9552054107189178,0.9954559206962585,-0.0402505099773407,False
apps_python_29,mlp11_out,0.9920794069766998,0.9910450279712677,0.001034379005432129,True
apps_python_29,l2h14_lead_k_centered,-0.9999528527259827,0.9999015033245087,-1.9998543560504913,False
apps_python_29,l2h14_z_centered,-0.8451879620552063,0.8361549377441406,-1.681342899799347,False
apps_python_29,mlp11_out_centered,-0.005907114595174789,-0.11756749078631401,0.11166037619113922,True
codecontests_cpp_29,l2h14_lead_k,0.8965784907341003,1.0000000298023224,-0.10342153906822205,False
codecontests_cpp_29,l2h14_z,0.9482620358467102,0.9945599138736725,-0.04629787802696228,False
codecontests_cpp_29,mlp11_out,0.9935526549816132,0.9897774755954742,0.003775179386138916,True
codecontests_cpp_29,l2h14_lead_k_centered,-1.0000001192092896,1.0000001192092896,-2.000000238418579,False
codecontests_cpp_29,l2h14_z_centered,-0.8604853451251984,0.8544602692127228,-1.7149456143379211,False
codecontests_cpp_29,mlp11_out_centered,0.19064639136195183,-0.32058799266815186,0.5112343840301037,True
codecontests_java_29,l2h14_lead_k,0.8965650498867035,0.999985009431839,-0.1034199595451355,False
codecontests_java_29,l2h14_z,0.9495114088058472,0.9962117671966553,-0.046700358390808105,False
codecontests_java_29,mlp11_out,0.9923926889896393,0.9847363531589508,0.0076563358306884766,True
codecontests_java_29,l2h14_lead_k_centered,-0.9998387694358826,0.9997040033340454,-1.999542772769928,False
codecontests_java_29,l2h14_z_centered,-0.8873758316040039,0.8809402287006378,-1.7683160603046417,False
codecontests_java_29,mlp11_out_centered,0.33556316047906876,-0.4739574193954468,0.8095205798745155,True
apps_python_30,l2h14_lead_k,0.8968112468719482,1.0,-0.10318875312805176,False
apps_python_30,l2h14_z,0.9574986696243286,0.9958351254463196,-0.03833645582199097,False
apps_python_30,mlp11_out,0.9911029040813446,0.9886271357536316,0.0024757683277130127,True
apps_python_30,l2h14_lead_k_centered,-1.0,1.0,-2.0,False
apps_python_30,l2h14_z_centered,-0.848331481218338,0.8393936455249786,-1.6877251267433167,False
apps_python_30,mlp11_out_centered,0.07532406877726316,-0.21695679798722267,0.29228086676448584,True
codecontests_cpp_30,l2h14_lead_k,0.8966465592384338,0.9999952614307404,-0.10334870219230652,False
codecontests_cpp_30,l2h14_z,0.9440304040908813,0.9939485788345337,-0.049918174743652344,False
codecontests_cpp_30,mlp11_out,0.993918389081955,0.9925805628299713,0.0013378262519836426,True
codecontests_cpp_30,l2h14_lead_k_centered,-0.9999528527259827,0.9999015033245087,-1.9998543560504913,False
codecontests_cpp_30,l2h14_z_centered,-0.8390969634056091,0.8326762020587921,-1.6717731654644012,False
codecontests_cpp_30,mlp11_out_centered,0.029889553785324097,-0.17056595534086227,0.20045550912618637,True
codecontests_java_30,l2h14_lead_k,0.8966465592384338,0.9999952614307404,-0.10334870219230652,False
codecontests_java_30,l2h14_z,0.9510130882263184,0.9962986707687378,-0.045285582542419434,False
codecontests_java_30,mlp11_out,0.992845356464386,0.9896650612354279,0.00318029522895813,True
codecontests_java_30,l2h14_lead_k_centered,-0.9999528527259827,0.9999015033245087,-1.9998543560504913,False
codecontests_java_30,l2h14_z_centered,-0.9037024676799774,0.8943289816379547,-1.7980314493179321,False
codecontests_java_30,mlp11_out_centered,0.13449503481388092,-0.2957654371857643,0.43026047199964523,True
codecontests_cpp_32,l2h14_lead_k,0.8967868685722351,0.9999926090240479,-0.10320574045181274,False
codecontests_cpp_32,l2h14_z,0.9520549774169922,0.9934929609298706,-0.04143798351287842,False
codecontests_cpp_32,mlp11_out,0.9930151998996735,0.9931878745555878,-0.00017267465591430664,False
codecontests_cpp_32,l2h14_lead_k_centered,-0.9999180734157562,0.9998252391815186,-1.9997433125972748,False
codecontests_cpp_32,l2h14_z_centered,-0.8233382105827332,0.8113840520381927,-1.634722262620926,False
codecontests_cpp_32,mlp11_out_centered,-0.09142295550554991,-0.046496689319610596,-0.04492626618593931,False
codecontests_java_32,l2h14_lead_k,0.8966465592384338,0.9999952614307404,-0.10334870219230652,False
codecontests_java_32,l2h14_z,0.9552777409553528,0.9966305792331696,-0.04135283827781677,False
codecontests_java_32,mlp11_out,0.9926550388336182,0.9897141456604004,0.0029408931732177734,True
codecontests_java_32,l2h14_lead_k_centered,-0.9999528527259827,0.9999015033245087,-1.9998543560504913,False
codecontests_java_32,l2h14_z_centered,-0.9015218317508698,0.8944082260131836,-1.7959300577640533,False
codecontests_java_32,mlp11_out_centered,0.1262286640703678,-0.2777958959341049,0.40402456000447273,True
mbpp_python_32,l2h14_lead_k,0.8968112468719482,1.0,-0.10318875312805176,False
mbpp_python_32,l2h14_z,0.9514425992965698,0.996710479259491,-0.04526787996292114,False
mbpp_python_32,mlp11_out,0.9908593893051147,0.9895758330821991,0.0012835562229156494,True
mbpp_python_32,l2h14_lead_k_centered,-1.0,1.0,-2.0,False
mbpp_python_32,l2h14_z_centered,-0.8988315165042877,0.8934201598167419,-1.7922516763210297,False
mbpp_python_32,mlp11_out_centered,0.0011075735092163086,-0.11929599568247795,0.12040356919169426,True
codecontests_cpp_33,l2h14_lead_k,0.8965784907341003,1.0000000298023224,-0.10342153906822205,False
codecontests_cpp_33,l2h14_z,0.94344362616539,0.9947144091129303,-0.05127078294754028,False
codecontests_cpp_33,mlp11_out,0.9930540919303894,0.9890642464160919,0.003989845514297485,True
codecontests_cpp_33,l2h14_lead_k_centered,-1.0000001192092896,1.0000001192092896,-2.000000238418579,False
codecontests_cpp_33,l2h14_z_centered,-0.8630571365356445,0.8562705814838409,-1.7193277180194855,False
codecontests_cpp_33,mlp11_out_centered,0.19958052784204483,-0.3328603357076645,0.5324408635497093,True
codecontests_java_33,l2h14_lead_k,0.8966465592384338,0.9999952614307404,-0.10334870219230652,False
codecontests_java_33,l2h14_z,0.9396699965000153,0.9956310093402863,-0.055961012840270996,False
codecontests_java_33,mlp11_out,0.9908780157566071,0.9865996837615967,0.004278331995010376,True
codecontests_java_33,l2h14_lead_k_centered,-0.9999528527259827,0.9999015033245087,-1.9998543560504913,False
codecontests_java_33,l2h14_z_centered,-0.8956954479217529,0.8850916028022766,-1.7807870507240295,False
codecontests_java_33,mlp11_out_centered,0.15952333807945251,-0.2868030071258545,0.446326345205307,True
humaneval_python_33,l2h14_lead_k,0.8966465592384338,0.9999952614307404,-0.10334870219230652,False
humaneval_python_33,l2h14_z,0.9535335898399353,0.9958876669406891,-0.042354077100753784,False
humaneval_python_33,mlp11_out,0.9914589822292328,0.9897047579288483,0.0017542243003845215,True
humaneval_python_33,l2h14_lead_k_centered,-0.9999528527259827,0.9999015033245087,-1.9998543560504913,False
humaneval_python_33,l2h14_z_centered,-0.8665438294410706,0.8601245582103729,-1.7266683876514435,False
humaneval_python_33,mlp11_out_centered,0.02574421465396881,-0.13494256511330605,0.16068677976727486,True
apps_python_34,l2h14_lead_k,0.8965784907341003,1.0000000298023224,-0.10342153906822205,False
apps_python_34,l2h14_z,0.9525231420993805,0.9943671822547913,-0.04184404015541077,False
apps_python_34,mlp11_out,0.9913748502731323,0.9897626042366028,0.001612246036529541,True
apps_python_34,l2h14_lead_k_centered,-1.0000001192092896,1.0000001192092896,-2.000000238418579,False
apps_python_34,l2h14_z_centered,-0.8076142966747284,0.7996304929256439,-1.6072447896003723,False
apps_python_34,mlp11_out_centered,0.016693852841854095,-0.1537451334297657,0.1704389862716198,True
apps_python_35,l2h14_lead_k,0.8967214822769165,0.9999920129776001,-0.1032705307006836,False
apps_python_35,l2h14_z,0.9482957124710083,0.9961139559745789,-0.04781824350357056,False
apps_python_35,mlp11_out,0.9908941984176636,0.9885270297527313,0.002367168664932251,True
apps_python_35,l2h14_lead_k_centered,-0.99991375207901,0.9998371601104736,-1.9997509121894836,False
apps_python_35,l2h14_z_centered,-0.8885950744152069,0.8822716474533081,-1.770866721868515,False
apps_python_35,mlp11_out_centered,0.05823634751141071,-0.19106930494308472,0.24930565245449543,True
codecontests_cpp_35,l2h14_lead_k,0.8966465592384338,0.9999952614307404,-0.10334870219230652,False
codecontests_cpp_35,l2h14_z,0.9499960839748383,0.9958495199680328,-0.04585343599319458,False
codecontests_cpp_35,mlp11_out,0.9938497543334961,0.9915343821048737,0.0023153722286224365,True
codecontests_cpp_35,l2h14_lead_k_centered,-0.9999528527259827,0.9999015033245087,-1.9998543560504913,False
codecontests_cpp_35,l2h14_z_centered,-0.8817693889141083,0.8744697272777557,-1.756239116191864,False
codecontests_cpp_35,mlp11_out_centered,0.11609718389809132,-0.22658784687519073,0.34268503077328205,True
codecontests_java_35,l2h14_lead_k,0.8965784907341003,1.0000000298023224,-0.10342153906822205,False
codecontests_java_35,l2h14_z,0.951972097158432,0.9963751435279846,-0.04440304636955261,False
codecontests_java_35,mlp11_out,0.9927804172039032,0.9862488210201263,0.0065315961837768555,True
codecontests_java_35,l2h14_lead_k_centered,-1.0000001192092896,1.0000001192092896,-2.000000238418579,False
codecontests_java_35,l2h14_z_centered,-0.9093117117881775,0.9009473621845245,-1.810259073972702,False
codecontests_java_35,mlp11_out_centered,0.30792634934186935,-0.4385983347892761,0.7465246841311455,True
mbpp_python_35,l2h14_lead_k,0.8968112468719482,1.0,-0.10318875312805176,False
mbpp_python_35,l2h14_z,0.9458240270614624,0.9966884255409241,-0.05086439847946167,False
mbpp_python_35,mlp11_out,0.9911262094974518,0.9891209602355957,0.002005249261856079,True
mbpp_python_35,l2h14_lead_k_centered,-1.0,1.0,-2.0,False
mbpp_python_35,l2h14_z_centered,-0.9028050601482391,0.8979631066322327,-1.8007681667804718,False
mbpp_python_35,mlp11_out_centered,0.05941614508628845,-0.1702163890004158,0.22963253408670425,True
apps_python_36,l2h14_lead_k,0.8966465592384338,0.9999952614307404,-0.10334870219230652,False
apps_python_36,l2h14_z,0.9420500993728638,0.9946474730968475,-0.052597373723983765,False
apps_python_36,mlp11_out,0.9904234409332275,0.9858499467372894,0.00457349419593811,True
apps_python_36,l2h14_lead_k_centered,-0.9999528527259827,0.9999015033245087,-1.9998543560504913,False
apps_python_36,l2h14_z_centered,-0.8600003123283386,0.8527272343635559,-1.7127275466918945,False
apps_python_36,mlp11_out_centered,0.1574878878891468,-0.2845717966556549,0.4420596845448017,True
codecontests_java_36,l2h14_lead_k,0.8965784907341003,1.0000000298023224,-0.10342153906822205,False
codecontests_java_36,l2h14_z,0.9572406113147736,0.9966529905796051,-0.03941237926483154,False
codecontests_java_36,mlp11_out,0.9930015504360199,0.989697277545929,0.0033042728900909424,True
codecontests_java_36,l2h14_lead_k_centered,-1.0000001192092896,1.0000001192092896,-2.000000238418579,False
codecontests_java_36,l2h14_z_centered,-0.892142653465271,0.8843403160572052,-1.7764829695224762,False
codecontests_java_36,mlp11_out_centered,0.18732592463493347,-0.33168216049671173,0.5190080851316452,True
mbpp_python_36,l2h14_lead_k,0.8966814279556274,0.999993085861206,-0.10331165790557861,False
mbpp_python_36,l2h14_z,0.9361749887466431,0.9930263161659241,-0.056851327419281006,False
mbpp_python_36,mlp11_out,0.9918663799762726,0.9900314807891846,0.0018348991870880127,True
mbpp_python_36,l2h14_lead_k_centered,-0.9999231994152069,0.9998482167720795,-1.9997714161872864,False
mbpp_python_36,l2h14_z_centered,-0.8457557559013367,0.8370474874973297,-1.6828032433986664,False
mbpp_python_36,mlp11_out_centered,0.031223329599015415,-0.15248838812112808,0.1837117177201435,True
apps_python_37,l2h14_lead_k,0.8965784907341003,1.0000000298023224,-0.10342153906822205,False
apps_python_37,l2h14_z,0.9520643651485443,0.9932035207748413,-0.041139155626297,False
apps_python_37,mlp11_out,0.9924669563770294,0.9874800741672516,0.004986882209777832,True
apps_python_37,l2h14_lead_k_centered,-1.0000001192092896,1.0000001192092896,-2.000000238418579,False
apps_python_37,l2h14_z_centered,-0.8100423812866211,0.8036555051803589,-1.61369788646698,False
apps_python_37,mlp11_out_centered,0.2108340635895729,-0.3379269391298294,0.5487610027194023,True
codecontests_java_37,l2h14_lead_k,0.8972452580928802,0.9999972581863403,-0.10275200009346008,False
codecontests_java_37,l2h14_z,0.9511993229389191,0.9927406907081604,-0.04154136776924133,False
codecontests_java_37,mlp11_out,0.9918639957904816,0.990844190120697,0.001019805669784546,True
codecontests_java_37,l2h14_lead_k_centered,-0.999967485666275,0.999946117401123,-1.999913603067398,False
codecontests_java_37,l2h14_z_centered,-0.8045965135097504,0.7880121767520905,-1.5926086902618408,False
codecontests_java_37,mlp11_out_centered,0.02749779261648655,-0.14797786995768547,0.17547566257417202,True
codecontests_java_38,l2h14_lead_k,0.8967214822769165,0.9999920129776001,-0.1032705307006836,False
codecontests_java_38,l2h14_z,0.9438312947750092,0.994499534368515,-0.05066823959350586,False
codecontests_java_38,mlp11_out,0.993638813495636,0.9895062446594238,0.004132568836212158,True
codecontests_java_38,l2h14_lead_k_centered,-0.99991375207901,0.9998371601104736,-1.9997509121894836,False
codecontests_java_38,l2h14_z_centered,-0.8680041134357452,0.8577052354812622,-1.7257093489170074,False
codecontests_java_38,mlp11_out_centered,0.23454231023788452,-0.3690168708562851,0.6035591810941696,True
codecontests_cpp_39,l2h14_lead_k,0.8966465592384338,0.9999952614307404,-0.10334870219230652,False
codecontests_cpp_39,l2h14_z,0.948561280965805,0.9948883354663849,-0.046327054500579834,False
codecontests_cpp_39,mlp11_out,0.9933581948280334,0.9919566810131073,0.0014015138149261475,True
codecontests_cpp_39,l2h14_lead_k_centered,-0.9999528527259827,0.9999015033245087,-1.9998543560504913,False
codecontests_cpp_39,l2h14_z_centered,-0.8610156178474426,0.8534030020236969,-1.7144186198711395,False
codecontests_cpp_39,mlp11_out_centered,0.038158055394887924,-0.1829543262720108,0.22111238166689873,True
codecontests_java_39,l2h14_lead_k,0.8965784907341003,1.0000000298023224,-0.10342153906822205,False
codecontests_java_39,l2h14_z,0.9502077698707581,0.9971703588962555,-0.046962589025497437,False
codecontests_java_39,mlp11_out,0.9932502210140228,0.9883927404880524,0.004857480525970459,True
codecontests_java_39,l2h14_lead_k_centered,-1.0000001192092896,1.0000001192092896,-2.000000238418579,False
codecontests_java_39,l2h14_z_centered,-0.9144423604011536,0.9081571102142334,-1.822599470615387,False
codecontests_java_39,mlp11_out_centered,0.25110316276550293,-0.36451126635074615,0.6156144291162491,True
humaneval_python_39,l2h14_lead_k,0.8968112468719482,1.0,-0.10318875312805176,False
humaneval_python_39,l2h14_z,0.9492269456386566,0.9961475133895874,-0.046920567750930786,False
humaneval_python_39,mlp11_out,0.9895902276039124,0.9877589344978333,0.0018312931060791016,True
humaneval_python_39,l2h14_lead_k_centered,-1.0,1.0,-2.0,False
humaneval_python_39,l2h14_z_centered,-0.8801472187042236,0.8723614513874054,-1.752508670091629,False
humaneval_python_39,mlp11_out_centered,0.003647950477898121,-0.1341885793954134,0.13783652987331152,True
apps_python_40,l2h14_lead_k,0.8967385590076447,0.9999828934669495,-0.10324433445930481,False
apps_python_40,l2h14_z,0.953864187002182,0.9958973824977875,-0.04203319549560547,False
apps_python_40,mlp11_out,0.9901469349861145,0.9880066215991974,0.0021403133869171143,True
apps_python_40,l2h14_lead_k_centered,-0.9998268187046051,0.9996702969074249,-1.99949711561203,False
apps_python_40,l2h14_z_centered,-0.8589500188827515,0.8513250648975372,-1.7102750837802887,False
apps_python_40,mlp11_out_centered,0.03149975463747978,-0.16148804780095816,0.19298780243843794,True
codecontests_cpp_40,l2h14_lead_k,0.8965784907341003,1.0000000298023224,-0.10342153906822205,False
codecontests_cpp_40,l2h14_z,0.9495245218276978,0.9950929284095764,-0.04556840658187866,False
codecontests_cpp_40,mlp11_out,0.9925276041030884,0.9908548295497894,0.0016727745532989502,True
codecontests_cpp_40,l2h14_lead_k_centered,-1.0000001192092896,1.0000001192092896,-2.000000238418579,False
codecontests_cpp_40,l2h14_z_centered,-0.8577345013618469,0.8484500050544739,-1.7061845064163208,False
codecontests_cpp_40,mlp11_out_centered,0.044912178069353104,-0.17648352310061455,0.22139570116996765,True
codecontests_java_40,l2h14_lead_k,0.8966465592384338,0.9999952614307404,-0.10334870219230652,False
codecontests_java_40,l2h14_z,0.9508931636810303,0.9966920614242554,-0.0457988977432251,False
codecontests_java_40,mlp11_out,0.9928558468818665,0.9889362156391144,0.003919631242752075,True
codecontests_java_40,l2h14_lead_k_centered,-0.9999528527259827,0.9999015033245087,-1.9998543560504913,False
codecontests_java_40,l2h14_z_centered,-0.9070336520671844,0.9005068242549896,-1.807540476322174,False
codecontests_java_40,mlp11_out_centered,0.15728211402893066,-0.28232789039611816,0.43961000442504883,True
codecontests_cpp_41,l2h14_lead_k,0.8967146277427673,1.0000001192092896,-0.10328549146652222,False
codecontests_cpp_41,l2h14_z,0.9545033574104309,0.9949228465557098,-0.04041948914527893,False
codecontests_cpp_41,mlp11_out,0.9932282269001007,0.9912526607513428,0.0019755661487579346,True
codecontests_cpp_41,l2h14_lead_k_centered,-1.000000238418579,1.000000238418579,-2.000000476837158,False
codecontests_cpp_41,l2h14_z_centered,-0.8522171378135681,0.8415389358997345,-1.6937560737133026,False
codecontests_cpp_41,mlp11_out_centered,0.09228428732603788,-0.23954127728939056,0.33182556461542845,True
codecontests_java_41,l2h14_lead_k,0.8966465592384338,0.9999952614307404,-0.10334870219230652,False
codecontests_java_41,l2h14_z,0.954723447561264,0.9967811405658722,-0.042057693004608154,False
codecontests_java_41,mlp11_out,0.9930291771888733,0.9888842701911926,0.004144906997680664,True
codecontests_java_41,l2h14_lead_k_centered,-0.9999528527259827,0.9999015033245087,-1.9998543560504913,False
codecontests_java_41,l2h14_z_centered,-0.9038573205471039,0.8961766362190247,-1.8000339567661285,False
codecontests_java_41,mlp11_out_centered,0.213315911591053,-0.3343500792980194,0.5476659908890724,True
humaneval_python_41,l2h14_lead_k,0.8968112468719482,1.0,-0.10318875312805176,False
humaneval_python_41,l2h14_z,0.945414811372757,0.9965521395206451,-0.051137328147888184,False
humaneval_python_41,mlp11_out,0.990241527557373,0.9888801872730255,0.0013613402843475342,True
humaneval_python_41,l2h14_lead_k_centered,-1.0,1.0,-2.0,False
humaneval_python_41,l2h14_z_centered,-0.8999548852443695,0.8952639400959015,-1.795218825340271,False
humaneval_python_41,mlp11_out_centered,0.03650367772206664,-0.14279937744140625,0.1793030551634729,True
codecontests_cpp_42,l2h14_lead_k,0.8965784907341003,1.0000000298023224,-0.10342153906822205,False
codecontests_cpp_42,l2h14_z,0.9500236511230469,0.9955006241798401,-0.04547697305679321,False
codecontests_cpp_42,mlp11_out,0.9930347800254822,0.98929163813591,0.0037431418895721436,True
codecontests_cpp_42,l2h14_lead_k_centered,-1.0000001192092896,1.0000001192092896,-2.000000238418579,False
codecontests_cpp_42,l2h14_z_centered,-0.8697766065597534,0.8578764796257019,-1.7276530861854553,False
codecontests_cpp_42,mlp11_out_centered,0.18086060136556625,-0.3050963133573532,0.48595691472291946,True
codecontests_java_42,l2h14_lead_k,0.8966465592384338,0.9999952614307404,-0.10334870219230652,False
codecontests_java_42,l2h14_z,0.9477362930774689,0.9961976706981659,-0.04846137762069702,False
codecontests_java_42,mlp11_out,0.9922473132610321,0.9875178933143616,0.004729419946670532,True
codecontests_java_42,l2h14_lead_k_centered,-0.9999528527259827,0.9999015033245087,-1.9998543560504913,False
codecontests_java_42,l2h14_z_centered,-0.9092145562171936,0.9029934108257294,-1.812207967042923,False
codecontests_java_42,mlp11_out_centered,0.19212883710861206,-0.3211832195520401,0.5133120566606522,True
humaneval_python_42,l2h14_lead_k,0.8965784907341003,1.0000000298023224,-0.10342153906822205,False
humaneval_python_42,l2h14_z,0.9521851539611816,0.995647519826889,-0.0434623658657074,False
humaneval_python_42,mlp11_out,0.9919084310531616,0.990648627281189,0.0012598037719726562,True
humaneval_python_42,l2h14_lead_k_centered,-1.0000001192092896,1.0000001192092896,-2.000000238418579,False
humaneval_python_42,l2h14_z_centered,-0.8526382744312286,0.844778835773468,-1.6974171102046967,False
humaneval_python_42,mlp11_out_centered,-0.0003596115857362747,-0.1376664713025093,0.13730685971677303,True
mbpp_python_42,l2h14_lead_k,0.8967868685722351,0.9999926090240479,-0.10320574045181274,False
mbpp_python_42,l2h14_z,0.9542261362075806,0.9945490062236786,-0.04032287001609802,False
mbpp_python_42,mlp11_out,0.9907768964767456,0.9869837760925293,0.0037931203842163086,True
mbpp_python_42,l2h14_lead_k_centered,-0.9999180734157562,0.9998252391815186,-1.9997433125972748,False
mbpp_python_42,l2h14_z_centered,-0.8263111710548401,0.8195063471794128,-1.645817518234253,False
mbpp_python_42,mlp11_out_centered,0.1338408887386322,-0.24610237032175064,0.37994325906038284,True
apps_python_43,l2h14_lead_k,0.8966465592384338,0.9999952614307404,-0.10334870219230652,False
apps_python_43,l2h14_z,0.9517777562141418,0.996664822101593,-0.04488706588745117,False
apps_python_43,mlp11_out,0.9923630952835083,0.9908158183097839,0.0015472769737243652,True
apps_python_43,l2h14_lead_k_centered,-0.9999528527259827,0.9999015033245087,-1.9998543560504913,False
apps_python_43,l2h14_z_centered,-0.88581782579422,0.8786870539188385,-1.7645048797130585,False
apps_python_43,mlp11_out_centered,0.04288710840046406,-0.1614324003458023,0.20431950874626637,True
codecontests_cpp_43,l2h14_lead_k,0.8973523080348969,0.9999969303607941,-0.10264462232589722,False
codecontests_cpp_43,l2h14_z,0.9473984837532043,0.9908111691474915,-0.04341268539428711,False
codecontests_cpp_43,mlp11_out,0.9932942092418671,0.9937068819999695,-0.000412672758102417,False
codecontests_cpp_43,l2h14_lead_k_centered,-0.9999652206897736,0.999936044216156,-1.9999012649059296,False
codecontests_cpp_43,l2h14_z_centered,-0.7711084485054016,0.753700852394104,-1.5248093008995056,False
codecontests_cpp_43,mlp11_out_centered,-0.11314164847135544,-0.028012494556605816,-0.08512915391474962,False
codecontests_java_43,l2h14_lead_k,0.8972452580928802,0.9999972581863403,-0.10275200009346008,False
codecontests_java_43,l2h14_z,0.9499333202838898,0.9884873032569885,-0.038553982973098755,False
codecontests_java_43,mlp11_out,0.9927588701248169,0.9899299740791321,0.0028288960456848145,True
codecontests_java_43,l2h14_lead_k_centered,-0.999967485666275,0.999946117401123,-1.999913603067398,False
codecontests_java_43,l2h14_z_centered,-0.7157882452011108,0.7002288103103638,-1.4160170555114746,False
codecontests_java_43,mlp11_out_centered,0.12053797021508217,-0.2539663165807724,0.37450428679585457,True
apps_python_44,l2h14_lead_k,0.8966465592384338,0.9999952614307404,-0.10334870219230652,False
apps_python_44,l2h14_z,0.9460528492927551,0.9943337738513947,-0.048280924558639526,False
apps_python_44,mlp11_out,0.9912494122982025,0.9861725270748138,0.005076885223388672,True
apps_python_44,l2h14_lead_k_centered,-0.9999528527259827,0.9999015033245087,-1.9998543560504913,False
apps_python_44,l2h14_z_centered,-0.8424636125564575,0.8347054421901703,-1.6771690547466278,False
apps_python_44,mlp11_out_centered,0.17463961243629456,-0.2859402969479561,0.46057990938425064,True
codecontests_cpp_44,l2h14_lead_k,0.8968112468719482,1.0,-0.10318875312805176,False
codecontests_cpp_44,l2h14_z,0.9490673542022705,0.993551641702652,-0.04448428750038147,False
codecontests_cpp_44,mlp11_out,0.993696004152298,0.9928862452507019,0.0008097589015960693,True
codecontests_cpp_44,l2h14_lead_k_centered,-1.0,1.0,-2.0,False
codecontests_cpp_44,l2h14_z_centered,-0.8268502652645111,0.813944935798645,-1.6407952010631561,False
codecontests_cpp_44,mlp11_out_centered,-0.003701230511069298,-0.14969608560204506,0.14599485509097576,True
codecontests_java_44,l2h14_lead_k,0.8968112468719482,1.0,-0.10318875312805176,False
codecontests_java_44,l2h14_z,0.9484447538852692,0.9930979907512665,-0.044653236865997314,False
codecontests_java_44,mlp11_out,0.9935331344604492,0.9898640215396881,0.0036691129207611084,True
codecontests_java_44,l2h14_lead_k_centered,-1.0,1.0,-2.0,False
codecontests_java_44,l2h14_z_centered,-0.8241221308708191,0.8105118572711945,-1.6346339881420135,False
codecontests_java_44,mlp11_out_centered,0.18266141787171364,-0.3380444496870041,0.5207058675587177,True
humaneval_python_44,l2h14_lead_k,0.8968112468719482,1.0,-0.10318875312805176,False
humaneval_python_44,l2h14_z,0.9466744661331177,0.9963183104991913,-0.04964384436607361,False
humaneval_python_44,mlp11_out,0.9900793135166168,0.9891836941242218,0.0008956193923950195,True
humaneval_python_44,l2h14_lead_k_centered,-1.0,1.0,-2.0,False
humaneval_python_44,l2h14_z_centered,-0.893127053976059,0.8873655200004578,-1.7804925739765167,False
humaneval_python_44,mlp11_out_centered,-0.010992022231221199,-0.10788453789427876,0.09689251566305757,True
codecontests_cpp_45,l2h14_lead_k,0.8965784907341003,1.0000000298023224,-0.10342153906822205,False
codecontests_cpp_45,l2h14_z,0.9498466551303864,0.9954131245613098,-0.04556646943092346,False
codecontests_cpp_45,mlp11_out,0.9925626516342163,0.9915242195129395,0.0010384321212768555,True
codecontests_cpp_45,l2h14_lead_k_centered,-1.0000001192092896,1.0000001192092896,-2.000000238418579,False
codecontests_cpp_45,l2h14_z_centered,-0.8657982349395752,0.8568179309368134,-1.7226161658763885,False
codecontests_cpp_45,mlp11_out_centered,-0.00016034208238124847,-0.12950526922941208,0.12934492714703083,True
codecontests_java_45,l2h14_lead_k,0.8966465592384338,0.9999952614307404,-0.10334870219230652,False
codecontests_java_45,l2h14_z,0.9514389932155609,0.9967791736125946,-0.04534018039703369,False
codecontests_java_45,mlp11_out,0.9928422272205353,0.9887456297874451,0.00409659743309021,True
codecontests_java_45,l2h14_lead_k_centered,-0.9999528527259827,0.9999015033245087,-1.9998543560504913,False
codecontests_java_45,l2h14_z_centered,-0.9085627496242523,0.9024854302406311,-1.8110481798648834,False
codecontests_java_45,mlp11_out_centered,0.18934942036867142,-0.32040442526340485,0.5097538456320763,True
apps_python_46,l2h14_lead_k,0.8966465592384338,0.9999952614307404,-0.10334870219230652,False
apps_python_46,l2h14_z,0.953364908695221,0.9949024617671967,-0.04153755307197571,False
apps_python_46,mlp11_out,0.991719514131546,0.9909197092056274,0.0007998049259185791,True
apps_python_46,l2h14_lead_k_centered,-0.9999528527259827,0.9999015033245087,-1.9998543560504913,False
apps_python_46,l2h14_z_centered,-0.8306623995304108,0.8233434855937958,-1.6540058851242065,False
apps_python_46,mlp11_out_centered,-0.032667215913534164,-0.11456523276865482,0.08189801685512066,True
codecontests_cpp_46,l2h14_lead_k,0.8966465592384338,0.9999952614307404,-0.10334870219230652,False
codecontests_cpp_46,l2h14_z,0.9519163966178894,0.9939322471618652,-0.04201585054397583,False
codecontests_cpp_46,mlp11_out,0.9926788806915283,0.989829033613205,0.0028498470783233643,True
codecontests_cpp_46,l2h14_lead_k_centered,-0.9999528527259827,0.9999015033245087,-1.9998543560504913,False
codecontests_cpp_46,l2h14_z_centered,-0.8295664191246033,0.8196491003036499,-1.6492155194282532,False
codecontests_cpp_46,mlp11_out_centered,0.11775997839868069,-0.24965360760688782,0.3674135860055685,True
codecontests_java_46,l2h14_lead_k,0.8966465592384338,0.9999952614307404,-0.10334870219230652,False
codecontests_java_46,l2h14_z,0.9489627480506897,0.9956023097038269,-0.04663956165313721,False
codecontests_java_46,mlp11_out,0.9907431900501251,0.9869781732559204,0.003765016794204712,True
codecontests_java_46,l2h14_lead_k_centered,-0.9999528527259827,0.9999015033245087,-1.9998543560504913,False
codecontests_java_46,l2h14_z_centered,-0.8756317496299744,0.8665212988853455,-1.7421530485153198,False
codecontests_java_46,mlp11_out_centered,0.14839787408709526,-0.29720037430524826,0.4455982483923435,True
apps_python_47,l2h14_lead_k,0.8965784907341003,1.0000000298023224,-0.10342153906822205,False
apps_python_47,l2h14_z,0.9469903111457825,0.9954196214675903,-0.04842931032180786,False
apps_python_47,mlp11_out,0.9915718138217926,0.9869388937950134,0.004632920026779175,True
apps_python_47,l2h14_lead_k_centered,-1.0000001192092896,1.0000001192092896,-2.000000238418579,False
apps_python_47,l2h14_z_centered,-0.8804263174533844,0.8734129965305328,-1.7538393139839172,False
apps_python_47,mlp11_out_centered,0.15738070756196976,-0.29368723928928375,0.4510679468512535,True
codecontests_cpp_47,l2h14_lead_k,0.8966465592384338,0.9999952614307404,-0.10334870219230652,False
codecontests_cpp_47,l2h14_z,0.9519121050834656,0.9939869046211243,-0.04207479953765869,False
codecontests_cpp_47,mlp11_out,0.9936217665672302,0.989635169506073,0.0039865970611572266,True
codecontests_cpp_47,l2h14_lead_k_centered,-0.9999528527259827,0.9999015033245087,-1.9998543560504913,False
codecontests_cpp_47,l2h14_z_centered,-0.8313281536102295,0.8221445083618164,-1.653472661972046,False
codecontests_cpp_47,mlp11_out_centered,0.206328134983778,-0.35126058757305145,0.5575887225568295,True
codecontests_java_47,l2h14_lead_k,0.8966465592384338,0.9999952614307404,-0.10334870219230652,False
codecontests_java_47,l2h14_z,0.94998699426651,0.99578857421875,-0.04580157995223999,False
codecontests_java_47,mlp11_out,0.9924288094043732,0.9874178767204285,0.005010932683944702,True
codecontests_java_47,l2h14_lead_k_centered,-0.9999528527259827,0.9999015033245087,-1.9998543560504913,False
codecontests_java_47,l2h14_z_centered,-0.8749021291732788,0.8651954829692841,-1.7400976121425629,False
codecontests_java_47,mlp11_out_centered,0.24749378859996796,-0.3712179660797119,0.6187117546796799,True
humaneval_python_47,l2h14_lead_k,0.8965784907341003,1.0000000298023224,-0.10342153906822205,False
humaneval_python_47,l2h14_z,0.9564264118671417,0.9964206218719482,-0.03999421000480652,False
humaneval_python_47,mlp11_out,0.9892968833446503,0.9882929921150208,0.0010038912296295166,True
humaneval_python_47,l2h14_lead_k_centered,-1.0000001192092896,1.0000001192092896,-2.000000238418579,False
humaneval_python_47,l2h14_z_centered,-0.8718219995498657,0.8628229200839996,-1.7346449196338654,False
humaneval_python_47,mlp11_out_centered,-0.01094266027212143,-0.10593119263648987,0.09498853236436844,True
apps_python_48,l2h14_lead_k,0.8968112468719482,1.0,-0.10318875312805176,False
apps_python_48,l2h14_z,0.9476027190685272,0.9967156052589417,-0.04911288619041443,False
apps_python_48,mlp11_out,0.9902133643627167,0.9893134832382202,0.00089988112449646,True
apps_python_48,l2h14_lead_k_centered,-1.0,1.0,-2.0,False
apps_python_48,l2h14_z_centered,-0.9021142423152924,0.8975694477558136,-1.799683690071106,False
apps_python_48,mlp11_out_centered,-0.004932429641485214,-0.10869301878847182,0.1037605891469866,True
codecontests_cpp_48,l2h14_lead_k,0.8966465592384338,0.9999952614307404,-0.10334870219230652,False
codecontests_cpp_48,l2h14_z,0.9472678303718567,0.9949454665184021,-0.04767763614654541,False
codecontests_cpp_48,mlp11_out,0.9932220578193665,0.9898764789104462,0.003345578908920288,True
codecontests_cpp_48,l2h14_lead_k_centered,-0.9999528527259827,0.9999015033245087,-1.9998543560504913,False
codecontests_cpp_48,l2h14_z_centered,-0.8609995543956757,0.8511208295822144,-1.71212038397789,False
codecontests_cpp_48,mlp11_out_centered,0.149112768471241,-0.2891326770186424,0.4382454454898834,True
codecontests_java_48,l2h14_lead_k,0.8965784907341003,1.0000000298023224,-0.10342153906822205,False
codecontests_java_48,l2h14_z,0.9497430324554443,0.9952174723148346,-0.04547443985939026,False
codecontests_java_48,mlp11_out,0.9922639727592468,0.9858473241329193,0.006416648626327515,True
codecontests_java_48,l2h14_lead_k_centered,-1.0000001192092896,1.0000001192092896,-2.000000238418579,False
codecontests_java_48,l2h14_z_centered,-0.8807659447193146,0.8735486268997192,-1.7543145716190338,False
codecontests_java_48,mlp11_out_centered,0.2690252512693405,-0.43169352412223816,0.7007187753915787,True
apps_python_49,l2h14_lead_k,0.8967146277427673,1.0000001192092896,-0.10328549146652222,False
apps_python_49,l2h14_z,0.9522782564163208,0.9953913390636444,-0.04311308264732361,False
apps_python_49,mlp11_out,0.9927124083042145,0.9896944761276245,0.003017932176589966,True
apps_python_49,l2h14_lead_k_centered,-1.000000238418579,1.000000238418579,-2.000000476837158,False
apps_python_49,l2h14_z_centered,-0.8601185381412506,0.8533588945865631,-1.7134774327278137,False
apps_python_49,mlp11_out_centered,0.1148362085223198,-0.2200559377670288,0.3348921462893486,True
codecontests_cpp_49,l2h14_lead_k,0.8966814279556274,0.999993085861206,-0.10331165790557861,False
codecontests_cpp_49,l2h14_z,0.9438341557979584,0.9927781522274017,-0.04894399642944336,False
codecontests_cpp_49,mlp11_out,0.9944071769714355,0.9920859634876251,0.002321213483810425,True
codecontests_cpp_49,l2h14_lead_k_centered,-0.9999231994152069,0.9998482167720795,-1.9997714161872864,False
codecontests_cpp_49,l2h14_z_centered,-0.8204230964183807,0.8100556135177612,-1.630478709936142,False
codecontests_cpp_49,mlp11_out_centered,0.1495513953268528,-0.26395560055971146,0.41350699588656425,True
codecontests_java_49,l2h14_lead_k,0.8968112468719482,1.0,-0.10318875312805176,False
codecontests_java_49,l2h14_z,0.9426581859588623,0.9955636858940125,-0.052905499935150146,False
codecontests_java_49,mlp11_out,0.9930399656295776,0.9895859062671661,0.003454059362411499,True
codecontests_java_49,l2h14_lead_k_centered,-1.0,1.0,-2.0,False
codecontests_java_49,l2h14_z_centered,-0.9002932608127594,0.8924517035484314,-1.7927449643611908,False
codecontests_java_49,mlp11_out_centered,0.1322758812457323,-0.28425318002700806,0.41652906127274036,True
codecontests_cpp_50,l2h14_lead_k,0.8965784907341003,1.0000000298023224,-0.10342153906822205,False
codecontests_cpp_50,l2h14_z,0.9433324337005615,0.9949527978897095,-0.05162036418914795,False
codecontests_cpp_50,mlp11_out,0.9931116700172424,0.9899271428585052,0.0031845271587371826,True
codecontests_cpp_50,l2h14_lead_k_centered,-1.0000001192092896,1.0000001192092896,-2.000000238418579,False
codecontests_cpp_50,l2h14_z_centered,-0.8663607835769653,0.8598709106445312,-1.7262316942214966,False
codecontests_cpp_50,mlp11_out_centered,0.16464469209313393,-0.2857053354382515,0.4503500275313854,True
codecontests_java_50,l2h14_lead_k,0.8966465592384338,0.9999952614307404,-0.10334870219230652,False
codecontests_java_50,l2h14_z,0.9423858225345612,0.9959931671619415,-0.05360734462738037,False
codecontests_java_50,mlp11_out,0.9904434084892273,0.9834471344947815,0.006996273994445801,True
codecontests_java_50,l2h14_lead_k_centered,-0.9999528527259827,0.9999015033245087,-1.9998543560504913,False
codecontests_java_50,l2h14_z_centered,-0.9045463502407074,0.8971738219261169,-1.8017201721668243,False
codecontests_java_50,mlp11_out_centered,0.2724836468696594,-0.4027297794818878,0.6752134263515472,True
apps_python_51,l2h14_lead_k,0.8966465592384338,0.9999952614307404,-0.10334870219230652,False
apps_python_51,l2h14_z,0.9468399286270142,0.9952329099178314,-0.04839298129081726,False
apps_python_51,mlp11_out,0.9920199513435364,0.9887804985046387,0.003239452838897705,True
apps_python_51,l2h14_lead_k_centered,-0.9999528527259827,0.9999015033245087,-1.9998543560504913,False
apps_python_51,l2h14_z_centered,-0.8726090788841248,0.8672444820404053,-1.73985356092453,False
apps_python_51,mlp11_out_centered,0.1141129257157445,-0.23533320426940918,0.3494461299851537,True
codecontests_java_51,l2h14_lead_k,0.8966465592384338,0.9999952614307404,-0.10334870219230652,False
codecontests_java_51,l2h14_z,0.9423763751983643,0.9954158365726471,-0.05303946137428284,False
codecontests_java_51,mlp11_out,0.9922678470611572,0.9865346550941467,0.005733191967010498,True
codecontests_java_51,l2h14_lead_k_centered,-0.9999528527259827,0.9999015033245087,-1.9998543560504913,False
codecontests_java_51,l2h14_z_centered,-0.8820296227931976,0.8735743463039398,-1.7556039690971375,False
codecontests_java_51,mlp11_out_centered,0.24679896235466003,-0.38587586581707,0.63267482817173,True
codecontests_cpp_52,l2h14_lead_k,0.8967146277427673,1.0000001192092896,-0.10328549146652222,False
codecontests_cpp_52,l2h14_z,0.9445265233516693,0.9949265122413635,-0.050399988889694214,False
codecontests_cpp_52,mlp11_out,0.9938018023967743,0.9907235205173492,0.003078281879425049,True
codecontests_cpp_52,l2h14_lead_k_centered,-1.000000238418579,1.000000238418579,-2.000000476837158,False
codecontests_cpp_52,l2h14_z_centered,-0.8680091500282288,0.862068235874176,-1.7300773859024048,False
codecontests_cpp_52,mlp11_out_centered,0.16659440845251083,-0.29836955666542053,0.46496396511793137,True
codecontests_java_52,l2h14_lead_k,0.8966465592384338,0.9999952614307404,-0.10334870219230652,False
codecontests_java_52,l2h14_z,0.9424149990081787,0.995419979095459,-0.05300498008728027,False
codecontests_java_52,mlp11_out,0.9923409223556519,0.9857951104640961,0.006545811891555786,True
codecontests_java_52,l2h14_lead_k_centered,-0.9999528527259827,0.9999015033245087,-1.9998543560504913,False
codecontests_java_52,l2h14_z_centered,-0.8882570564746857,0.8817215263843536,-1.7699785828590393,False
codecontests_java_52,mlp11_out_centered,0.30099421739578247,-0.4272353798151016,0.7282295972108841,True
apps_python_53,l2h14_lead_k,0.8965784907341003,1.0000000298023224,-0.10342153906822205,False
apps_python_53,l2h14_z,0.9450721442699432,0.9948295950889587,-0.0497574508190155,False
apps_python_53,mlp11_out,0.9907315969467163,0.9868668019771576,0.003864794969558716,True
apps_python_53,l2h14_lead_k_centered,-1.0000001192092896,1.0000001192092896,-2.000000238418579,False
apps_python_53,l2h14_z_centered,-0.8463728129863739,0.840241551399231,-1.6866143643856049,False
apps_python_53,mlp11_out_centered,0.138086698949337,-0.25182827562093735,0.38991497457027435,True
codecontests_cpp_53,l2h14_lead_k,0.8966465592384338,0.9999952614307404,-0.10334870219230652,False
codecontests_cpp_53,l2h14_z,0.9457099735736847,0.9955793917179108,-0.049869418144226074,False
codecontests_cpp_53,mlp11_out,0.9937595129013062,0.9918317198753357,0.001927793025970459,True
codecontests_cpp_53,l2h14_lead_k_centered,-0.9999528527259827,0.9999015033245087,-1.9998543560504913,False
codecontests_cpp_53,l2h14_z_centered,-0.8807134926319122,0.8745267689228058,-1.755240261554718,False
codecontests_cpp_53,mlp11_out_centered,0.08021515002474189,-0.22597653418779373,0.3061916842125356,True
codecontests_java_53,l2h14_lead_k,0.8966465592384338,0.9999952614307404,-0.10334870219230652,False
codecontests_java_53,l2h14_z,0.9479570984840393,0.996525913476944,-0.04856881499290466,False
codecontests_java_53,mlp11_out,0.9919433891773224,0.9882875084877014,0.0036558806896209717,True
codecontests_java_53,l2h14_lead_k_centered,-0.9999528527259827,0.9999015033245087,-1.9998543560504913,False
codecontests_java_53,l2h14_z_centered,-0.9141305685043335,0.9078467190265656,-1.821977287530899,False
codecontests_java_53,mlp11_out_centered,0.09261182602494955,-0.2692961096763611,0.36190793570131063,True
apps_python_54,l2h14_lead_k,0.8966465592384338,0.9999952614307404,-0.10334870219230652,False
apps_python_54,l2h14_z,0.9450409710407257,0.9960908591747284,-0.051049888134002686,False
apps_python_54,mlp11_out,0.9911433756351471,0.9880123436450958,0.0031310319900512695,True
apps_python_54,l2h14_lead_k_centered,-0.9999528527259827,0.9999015033245087,-1.9998543560504913,False
apps_python_54,l2h14_z_centered,-0.8848008811473846,0.8760814368724823,-1.760882318019867,False
apps_python_54,mlp11_out_centered,0.1170973926782608,-0.22100390493869781,0.3381012976169586,True
codecontests_java_54,l2h14_lead_k,0.8966465592384338,0.9999952614307404,-0.10334870219230652,False
codecontests_java_54,l2h14_z,0.9570791721343994,0.9968357384204865,-0.039756566286087036,False
codecontests_java_54,mlp11_out,0.9912058711051941,0.988613486289978,0.0025923848152160645,True
codecontests_java_54,l2h14_lead_k_centered,-0.9999528527259827,0.9999015033245087,-1.9998543560504913,False
codecontests_java_54,l2h14_z_centered,-0.8977234959602356,0.8895147740840912,-1.7872382700443268,False
codecontests_java_54,mlp11_out_centered,0.051702722907066345,-0.20668290555477142,0.25838562846183777,True
mbpp_python_54,l2h14_lead_k,0.8966465592384338,0.9999952614307404,-0.10334870219230652,False
mbpp_python_54,l2h14_z,0.9491888284683228,0.9956842362880707,-0.046495407819747925,False
mbpp_python_54,mlp11_out,0.991344690322876,0.9894170761108398,0.0019276142120361328,True
mbpp_python_54,l2h14_lead_k_centered,-0.9999528527259827,0.9999015033245087,-1.9998543560504913,False
mbpp_python_54,l2h14_z_centered,-0.8743032813072205,0.8674044013023376,-1.741707682609558,False
mbpp_python_54,mlp11_out_centered,0.04039483517408371,-0.15533685311675072,0.19573168829083443,True
codecontests_java_55,l2h14_lead_k,0.8966465592384338,0.9999952614307404,-0.10334870219230652,False
codecontests_java_55,l2h14_z,0.9481897950172424,0.9956838190555573,-0.04749402403831482,False
codecontests_java_55,mlp11_out,0.9925405383110046,0.9864696562290192,0.006070882081985474,True
codecontests_java_55,l2h14_lead_k_centered,-0.9999528527259827,0.9999015033245087,-1.9998543560504913,False
codecontests_java_55,l2h14_z_centered,-0.8815299272537231,0.8721842765808105,-1.7537142038345337,False
codecontests_java_55,mlp11_out_centered,0.28701287508010864,-0.42107032239437103,0.7080831974744797,True
mbpp_python_55,l2h14_lead_k,0.8968112468719482,1.0,-0.10318875312805176,False
mbpp_python_55,l2h14_z,0.9454658627510071,0.9964809417724609,-0.05101507902145386,False
mbpp_python_55,mlp11_out,0.9903408885002136,0.9890573024749756,0.0012835860252380371,True
mbpp_python_55,l2h14_lead_k_centered,-1.0,1.0,-2.0,False
mbpp_python_55,l2h14_z_centered,-0.8994864225387573,0.8942898213863373,-1.7937762439250946,False
mbpp_python_55,mlp11_out_centered,0.005976179614663124,-0.12659479305148125,0.13257097266614437,True
codecontests_cpp_56,l2h14_lead_k,0.8965784907341003,1.0000000298023224,-0.10342153906822205,False
codecontests_cpp_56,l2h14_z,0.9511736929416656,0.9952375292778015,-0.044063836336135864,False
codecontests_cpp_56,mlp11_out,0.9933151006698608,0.990869790315628,0.002445310354232788,True
codecontests_cpp_56,l2h14_lead_k_centered,-1.0000001192092896,1.0000001192092896,-2.000000238418579,False
codecontests_cpp_56,l2h14_z_centered,-0.8617898523807526,0.8529860377311707,-1.7147758901119232,False
codecontests_cpp_56,mlp11_out_centered,0.1525566428899765,-0.2664279490709305,0.418984591960907,True
codecontests_java_56,l2h14_lead_k,0.8966465592384338,0.9999952614307404,-0.10334870219230652,False
codecontests_java_56,l2h14_z,0.9511310756206512,0.9964390695095062,-0.04530799388885498,False
codecontests_java_56,mlp11_out,0.9923727214336395,0.9881371855735779,0.0042355358600616455,True
codecontests_java_56,l2h14_lead_k_centered,-0.9999528527259827,0.9999015033245087,-1.9998543560504913,False
codecontests_java_56,l2h14_z_centered,-0.8995913863182068,0.8922261893749237,-1.7918175756931305,False
codecontests_java_56,mlp11_out_centered,0.19267864152789116,-0.3191816955804825,0.5118603371083736,True
codecontests_cpp_57,l2h14_lead_k,0.8965784907341003,1.0000000298023224,-0.10342153906822205,False
codecontests_cpp_57,l2h14_z,0.9465566873550415,0.9947009384632111,-0.048144251108169556,False
codecontests_cpp_57,mlp11_out,0.9928202033042908,0.9905782043933868,0.0022419989109039307,True
codecontests_cpp_57,l2h14_lead_k_centered,-1.0000001192092896,1.0000001192092896,-2.000000238418579,False
codecontests_cpp_57,l2h14_z_centered,-0.859796553850174,0.8526614308357239,-1.7124579846858978,False
codecontests_cpp_57,mlp11_out_centered,0.10009529534727335,-0.2329389825463295,0.33303427789360285,True
codecontests_java_57,l2h14_lead_k,0.8967868685722351,0.9999926090240479,-0.10320574045181274,False
codecontests_java_57,l2h14_z,0.9419816434383392,0.9936714768409729,-0.05168983340263367,False
codecontests_java_57,mlp11_out,0.9926888942718506,0.9873442351818085,0.005344659090042114,True
codecontests_java_57,l2h14_lead_k_centered,-0.9999180734157562,0.9998252391815186,-1.9997433125972748,False
codecontests_java_57,l2h14_z_centered,-0.8458925783634186,0.8350435495376587,-1.6809361279010773,False
codecontests_java_57,mlp11_out_centered,0.2889707311987877,-0.42123372852802277,0.7102044597268105,True
apps_python_58,l2h14_lead_k,0.8967146277427673,1.0000001192092896,-0.10328549146652222,False
apps_python_58,l2h14_z,0.9564517140388489,0.9960375726222992,-0.03958585858345032,False
apps_python_58,mlp11_out,0.9915287494659424,0.9900448024272919,0.0014839470386505127,True
apps_python_58,l2h14_lead_k_centered,-1.000000238418579,1.000000238418579,-2.000000476837158,False
apps_python_58,l2h14_z_centered,-0.8623585104942322,0.8534449338912964,-1.7158034443855286,False
apps_python_58,mlp11_out_centered,0.018662771210074425,-0.13483433425426483,0.15349710546433926,True
codecontests_java_58,l2h14_lead_k,0.8966948688030243,0.9999824464321136,-0.10328757762908936,False
codecontests_java_58,l2h14_z,0.9373623728752136,0.9949373006820679,-0.05757492780685425,False
codecontests_java_58,mlp11_out,0.9927758872509003,0.9881653189659119,0.004610568284988403,True
codecontests_java_58,l2h14_lead_k_centered,-0.9998359382152557,0.999611496925354,-1.9994474351406097,False
codecontests_java_58,l2h14_z_centered,-0.8918787837028503,0.8800564110279083,-1.7719351947307587,False
codecontests_java_58,mlp11_out_centered,0.23560863733291626,-0.3689371794462204,0.6045458167791367,True
apps_python_59,l2h14_lead_k,0.8965784907341003,1.0000000298023224,-0.10342153906822205,False
apps_python_59,l2h14_z,0.9414751529693604,0.9953085482120514,-0.05383339524269104,False
apps_python_59,mlp11_out,0.9907358884811401,0.9879410862922668,0.002794802188873291,True
apps_python_59,l2h14_lead_k_centered,-1.0000001192092896,1.0000001192092896,-2.000000238418579,False
apps_python_59,l2h14_z_centered,-0.8887165486812592,0.8815428912639618,-1.770259439945221,False
apps_python_59,mlp11_out_centered,0.07410325296223164,-0.19373589009046555,0.2678391430526972,True
apps_python_60,l2h14_lead_k,0.8966465592384338,0.9999952614307404,-0.10334870219230652,False
apps_python_60,l2h14_z,0.949825257062912,0.9947298467159271,-0.04490458965301514,False
apps_python_60,mlp11_out,0.9915653467178345,0.9909800887107849,0.0005852580070495605,True
apps_python_60,l2h14_lead_k_centered,-0.9999528527259827,0.9999015033245087,-1.9998543560504913,False
apps_python_60,l2h14_z_centered,-0.8346212804317474,0.8270239233970642,-1.6616452038288116,False
apps_python_60,mlp11_out_centered,-0.04628632590174675,-0.10169081389904022,0.05540448799729347,True
codecontests_java_60,l2h14_lead_k,0.8966465592384338,0.9999952614307404,-0.10334870219230652,False
codecontests_java_60,l2h14_z,0.937894195318222,0.9957990348339081,-0.057904839515686035,False
codecontests_java_60,mlp11_out,0.992064893245697,0.9879980683326721,0.004066824913024902,True
codecontests_java_60,l2h14_lead_k_centered,-0.9999528527259827,0.9999015033245087,-1.9998543560504913,False
codecontests_java_60,l2h14_z_centered,-0.9015776813030243,0.891970694065094,-1.7935483753681183,False
codecontests_java_60,mlp11_out_centered,0.13839996233582497,-0.29850857704877853,0.4369085393846035,True
humaneval_python_60,l2h14_lead_k,0.8968513011932373,0.9999943673610687,-0.10314306616783142,False
humaneval_python_60,l2h14_z,0.9479703307151794,0.9969840943813324,-0.049013763666152954,False
humaneval_python_60,mlp11_out,0.9902867078781128,0.9882688820362091,0.0020178258419036865,True
humaneval_python_60,l2h14_lead_k_centered,-0.9999384582042694,0.9998914003372192,-1.9998298585414886,False
humaneval_python_60,l2h14_z_centered,-0.9115902781486511,0.9059484899044037,-1.8175387680530548,False
humaneval_python_60,mlp11_out_centered,0.03821336477994919,-0.16476472467184067,0.20297808945178986,True
codecontests_java_61,l2h14_lead_k,0.8966465592384338,0.9999952614307404,-0.10334870219230652,False
codecontests_java_61,l2h14_z,0.9477147161960602,0.9967234432697296,-0.049008727073669434,False
codecontests_java_61,mlp11_out,0.9931787252426147,0.9882417023181915,0.004937022924423218,True
codecontests_java_61,l2h14_lead_k_centered,-0.9999528527259827,0.9999015033245087,-1.9998543560504913,False
codecontests_java_61,l2h14_z_centered,-0.9076935052871704,0.9009860157966614,-1.8086795210838318,False
codecontests_java_61,mlp11_out_centered,0.25744908303022385,-0.37100087106227875,0.6284499540925026,True
mbpp_python_61,l2h14_lead_k,0.8968112468719482,1.0,-0.10318875312805176,False
mbpp_python_61,l2h14_z,0.9536099433898926,0.9974765777587891,-0.043866634368896484,False
mbpp_python_61,mlp11_out,0.9900958836078644,0.9885678887367249,0.0015279948711395264,True
mbpp_python_61,l2h14_lead_k_centered,-1.0,1.0,-2.0,False
mbpp_python_61,l2h14_z_centered,-0.9138734042644501,0.9080489575862885,-1.8219223618507385,False
mbpp_python_61,mlp11_out_centered,0.0004472155123949051,-0.11269310023635626,0.11314031574875116,True
codecontests_cpp_62,l2h14_lead_k,0.8965784907341003,1.0000000298023224,-0.10342153906822205,False
codecontests_cpp_62,l2h14_z,0.9457716345787048,0.9953364729881287,-0.04956483840942383,False
codecontests_cpp_62,mlp11_out,0.9932700097560883,0.9894108474254608,0.0038591623306274414,True
codecontests_cpp_62,l2h14_lead_k_centered,-1.0000001192092896,1.0000001192092896,-2.000000238418579,False
codecontests_cpp_62,l2h14_z_centered,-0.8756687045097351,0.8658930659294128,-1.741561770439148,False
codecontests_cpp_62,mlp11_out_centered,0.20281147211790085,-0.3341003507375717,0.5369118228554726,True
codecontests_java_62,l2h14_lead_k,0.8965784907341003,1.0000000298023224,-0.10342153906822205,False
codecontests_java_62,l2h14_z,0.9474928677082062,0.995324969291687,-0.047832101583480835,False
codecontests_java_62,mlp11_out,0.9917925000190735,0.984897792339325,0.006894707679748535,True
codecontests_java_62,l2h14_lead_k_centered,-1.0000001192092896,1.0000001192092896,-2.000000238418579,False
codecontests_java_62,l2h14_z_centered,-0.8866395652294159,0.8810400366783142,-1.76767960190773,False
codecontests_java_62,mlp11_out_centered,0.27649734169244766,-0.4174251854419708,0.6939225271344185,True
codecontests_cpp_63,l2h14_lead_k,0.8966747522354126,0.9999959468841553,-0.10332119464874268,False
codecontests_cpp_63,l2h14_z,0.9584118723869324,0.9914163053035736,-0.033004432916641235,False
codecontests_cpp_63,mlp11_out,0.9934698045253754,0.9914377331733704,0.002032071352005005,True
codecontests_cpp_63,l2h14_lead_k_centered,-0.9999625086784363,0.9999235570430756,-1.9998860657215118,False
codecontests_cpp_63,l2h14_z_centered,-0.7254027128219604,0.7086159586906433,-1.4340186715126038,False
codecontests_cpp_63,mlp11_out_centered,0.11165081709623337,-0.26279787719249725,0.3744486942887306,True
codecontests_java_63,l2h14_lead_k,0.8966465592384338,0.9999952614307404,-0.10334870219230652,False
codecontests_java_63,l2h14_z,0.9513254463672638,0.9956496953964233,-0.044324249029159546,False
codecontests_java_63,mlp11_out,0.9928345382213593,0.9885598719120026,0.0042746663093566895,True
codecontests_java_63,l2h14_lead_k_centered,-0.9999528527259827,0.9999015033245087,-1.9998543560504913,False
codecontests_java_63,l2h14_z_centered,-0.8748184144496918,0.8642328977584839,-1.7390513122081757,False
codecontests_java_63,mlp11_out_centered,0.22595344483852386,-0.3489883989095688,0.5749418437480927,True
apps_python_64,l2h14_lead_k,0.8968513011932373,0.9999943673610687,-0.10314306616783142,False
apps_python_64,l2h14_z,0.9506323635578156,0.9970422387123108,-0.04640987515449524,False
apps_python_64,mlp11_out,0.9907885193824768,0.9893506765365601,0.001437842845916748,True
apps_python_64,l2h14_lead_k_centered,-0.9999384582042694,0.9998914003372192,-1.9998298585414886,False
apps_python_64,l2h14_z_centered,-0.9061310589313507,0.9006477892398834,-1.8067788481712341,False
apps_python_64,mlp11_out_centered,0.025769803673028946,-0.12493065372109413,0.15070045739412308,True
codecontests_cpp_64,l2h14_lead_k,0.8965784907341003,1.0000000298023224,-0.10342153906822205,False
codecontests_cpp_64,l2h14_z,0.9534924626350403,0.9950687885284424,-0.0415763258934021,False
codecontests_cpp_64,mlp11_out,0.99339759349823,0.9918272793292999,0.0015703141689300537,True
codecontests_cpp_64,l2h14_lead_k_centered,-1.0000001192092896,1.0000001192092896,-2.000000238418579,False
codecontests_cpp_64,l2h14_z_centered,-0.8518925309181213,0.8430928289890289,-1.6949853599071503,False
codecontests_cpp_64,mlp11_out_centered,0.054560067132115364,-0.16959062218666077,0.22415068931877613,True
codecontests_java_64,l2h14_lead_k,0.8966465592384338,0.9999952614307404,-0.10334870219230652,False
codecontests_java_64,l2h14_z,0.9553991854190826,0.9966863989830017,-0.04128721356391907,False
codecontests_java_64,mlp11_out,0.9932292997837067,0.9876489043235779,0.005580395460128784,True
codecontests_java_64,l2h14_lead_k_centered,-0.9999528527259827,0.9999015033245087,-1.9998543560504913,False
codecontests_java_64,l2h14_z_centered,-0.9034936428070068,0.8962083160877228,-1.7997019588947296,False
codecontests_java_64,mlp11_out_centered,0.28664734959602356,-0.415492445230484,0.7021397948265076,True
humaneval_python_64,l2h14_lead_k,0.8966814279556274,0.999993085861206,-0.10331165790557861,False
humaneval_python_64,l2h14_z,0.9343540668487549,0.9911226630210876,-0.056768596172332764,False
humaneval_python_64,mlp11_out,0.9896161258220673,0.9867028295993805,0.0029132962226867676,True
humaneval_python_64,l2h14_lead_k_centered,-0.9999231994152069,0.9998482167720795,-1.9997714161872864,False
humaneval_python_64,l2h14_z_centered,-0.8027245998382568,0.7904445827007294,-1.5931691825389862,False
humaneval_python_64,mlp11_out_centered,0.10404065623879433,-0.21820182725787163,0.32224248349666595,True
codecontests_cpp_65,l2h14_lead_k,0.8965784907341003,1.0000000298023224,-0.10342153906822205,False
codecontests_cpp_65,l2h14_z,0.9510647058486938,0.994978278875351,-0.043913573026657104,False
codecontests_cpp_65,mlp11_out,0.9941040575504303,0.9920976459980011,0.0020064115524291992,True
codecontests_cpp_65,l2h14_lead_k_centered,-1.0000001192092896,1.0000001192092896,-2.000000238418579,False
codecontests_cpp_65,l2h14_z_centered,-0.8506928384304047,0.8417811393737793,-1.692473977804184,False
codecontests_cpp_65,mlp11_out_centered,0.08897123858332634,-0.2285502403974533,0.31752147898077965,True
codecontests_java_65,l2h14_lead_k,0.8966465592384338,0.9999952614307404,-0.10334870219230652,False
codecontests_java_65,l2h14_z,0.9524304568767548,0.9965008199214935,-0.04407036304473877,False
codecontests_java_65,mlp11_out,0.9928171038627625,0.9891707003116608,0.0036464035511016846,True
codecontests_java_65,l2h14_lead_k_centered,-0.9999528527259827,0.9999015033245087,-1.9998543560504913,False
codecontests_java_65,l2h14_z_centered,-0.8980247676372528,0.8916136920452118,-1.7896384596824646,False
codecontests_java_65,mlp11_out_centered,0.15635639429092407,-0.29197151958942413,0.4483279138803482,True
codecontests_cpp_66,l2h14_lead_k,0.8966465592384338,0.9999952614307404,-0.10334870219230652,False
codecontests_cpp_66,l2h14_z,0.9482745826244354,0.994471400976181,-0.046196818351745605,False
codecontests_cpp_66,mlp11_out,0.993304044008255,0.9915574789047241,0.0017465651035308838,True
codecontests_cpp_66,l2h14_lead_k_centered,-0.9999528527259827,0.9999015033245087,-1.9998543560504913,False
codecontests_cpp_66,l2h14_z_centered,-0.8553446233272552,0.8471591472625732,-1.7025037705898285,False
codecontests_cpp_66,mlp11_out_centered,0.08064818475395441,-0.22137504816055298,0.3020232329145074,True
codecontests_java_66,l2h14_lead_k,0.8965784907341003,1.0000000298023224,-0.10342153906822205,False
codecontests_java_66,l2h14_z,0.9493729174137115,0.9969423711299896,-0.047569453716278076,False
codecontests_java_66,mlp11_out,0.9926646947860718,0.9875709414482117,0.005093753337860107,True
codecontests_java_66,l2h14_lead_k_centered,-1.0000001192092896,1.0000001192092896,-2.000000238418579,False
codecontests_java_66,l2h14_z_centered,-0.9105711281299591,0.9032866358757019,-1.813857764005661,False
codecontests_java_66,mlp11_out_centered,0.256532646715641,-0.3931288421154022,0.6496614888310432,True
codecontests_java_67,l2h14_lead_k,0.8966465592384338,0.9999952614307404,-0.10334870219230652,False
codecontests_java_67,l2h14_z,0.9485520720481873,0.9963504076004028,-0.047798335552215576,False
codecontests_java_67,mlp11_out,0.9922443628311157,0.9878030121326447,0.004441350698471069,True
codecontests_java_67,l2h14_lead_k_centered,-0.9999528527259827,0.9999015033245087,-1.9998543560504913,False
codecontests_java_67,l2h14_z_centered,-0.9073810875415802,0.901043027639389,-1.8084241151809692,False
codecontests_java_67,mlp11_out_centered,0.15331807732582092,-0.3180367797613144,0.4713548570871353,True
codecontests_cpp_68,l2h14_lead_k,0.8966465592384338,0.9999952614307404,-0.10334870219230652,False
codecontests_cpp_68,l2h14_z,0.9507984220981598,0.9937147796154022,-0.04291635751724243,False
codecontests_cpp_68,mlp11_out,0.9927133619785309,0.9914644658565521,0.0012488961219787598,True
codecontests_cpp_68,l2h14_lead_k_centered,-0.9999528527259827,0.9999015033245087,-1.9998543560504913,False
codecontests_cpp_68,l2h14_z_centered,-0.813358873128891,0.8055638670921326,-1.6189227402210236,False
codecontests_cpp_68,mlp11_out_centered,-0.0008648112416267395,-0.12362471222877502,0.12275990098714828,True
apps_python_69,l2h14_lead_k,0.8966465592384338,0.9999952614307404,-0.10334870219230652,False
apps_python_69,l2h14_z,0.9546012878417969,0.9968692362308502,-0.042267948389053345,False
apps_python_69,mlp11_out,0.9919513165950775,0.9898623526096344,0.0020889639854431152,True
apps_python_69,l2h14_lead_k_centered,-0.9999528527259827,0.9999015033245087,-1.9998543560504913,False
apps_python_69,l2h14_z_centered,-0.8869653344154358,0.8796445727348328,-1.7666099071502686,False
apps_python_69,mlp11_out_centered,0.08311070501804352,-0.18564698845148087,0.2687576934695244,True
codecontests_cpp_69,l2h14_lead_k,0.8965784907341003,1.0000000298023224,-0.10342153906822205,False
codecontests_cpp_69,l2h14_z,0.940274715423584,0.9944644570350647,-0.05418974161148071,False
codecontests_cpp_69,mlp11_out,0.9928317070007324,0.9895059168338776,0.0033257901668548584,True
codecontests_cpp_69,l2h14_lead_k_centered,-1.0000001192092896,1.0000001192092896,-2.000000238418579,False
codecontests_cpp_69,l2h14_z_centered,-0.8675262928009033,0.8595467507839203,-1.7270730435848236,False
codecontests_cpp_69,mlp11_out_centered,0.14465076848864555,-0.2572498545050621,0.40190062299370766,True
codecontests_java_69,l2h14_lead_k,0.8966465592384338,0.9999952614307404,-0.10334870219230652,False
codecontests_java_69,l2h14_z,0.9519214332103729,0.9955911040306091,-0.043669670820236206,False
codecontests_java_69,mlp11_out,0.9914724230766296,0.9873172640800476,0.004155158996582031,True
codecontests_java_69,l2h14_lead_k_centered,-0.9999528527259827,0.9999015033245087,-1.9998543560504913,False
codecontests_java_69,l2h14_z_centered,-0.8807051777839661,0.8705457746982574,-1.7512509524822235,False
codecontests_java_69,mlp11_out_centered,0.16878866776823997,-0.2980446368455887,0.46683330461382866,True
codecontests_cpp_70,l2h14_lead_k,0.8965784907341003,1.0000000298023224,-0.10342153906822205,False
codecontests_cpp_70,l2h14_z,0.955012172460556,0.9955264925956726,-0.04051432013511658,False
codecontests_cpp_70,mlp11_out,0.9934078454971313,0.9917464554309845,0.0016613900661468506,True
codecontests_cpp_70,l2h14_lead_k_centered,-1.0000001192092896,1.0000001192092896,-2.000000238418579,False
codecontests_cpp_70,l2h14_z_centered,-0.8616342544555664,0.8517721891403198,-1.7134064435958862,False
codecontests_cpp_70,mlp11_out_centered,0.03977027349174023,-0.192088782787323,0.23185905627906322,True
codecontests_java_70,l2h14_lead_k,0.8966465592384338,0.9999952614307404,-0.10334870219230652,False
codecontests_java_70,l2h14_z,0.9560330510139465,0.9965860843658447,-0.04055303335189819,False
codecontests_java_70,mlp11_out,0.9931619763374329,0.9882758855819702,0.0048860907554626465,True
codecontests_java_70,l2h14_lead_k_centered,-0.9999528527259827,0.9999015033245087,-1.9998543560504913,False
codecontests_java_70,l2h14_z_centered,-0.896262913942337,0.8888698518276215,-1.7851327657699585,False
codecontests_java_70,mlp11_out_centered,0.22451292723417282,-0.34482863545417786,0.5693415626883507,True
codecontests_cpp_72,l2h14_lead_k,0.8966465592384338,0.9999952614307404,-0.10334870219230652,False
codecontests_cpp_72,l2h14_z,0.942105233669281,0.9945462048053741,-0.05244097113609314,False
codecontests_cpp_72,mlp11_out,0.9934523701667786,0.9896598756313324,0.003792494535446167,True
codecontests_cpp_72,l2h14_lead_k_centered,-0.9999528527259827,0.9999015033245087,-1.9998543560504913,False
codecontests_cpp_72,l2h14_z_centered,-0.8645697832107544,0.858386218547821,-1.7229560017585754,False
codecontests_cpp_72,mlp11_out_centered,0.1837640181183815,-0.322185218334198,0.5059492364525795,True
codecontests_java_72,l2h14_lead_k,0.8965784907341003,1.0000000298023224,-0.10342153906822205,False
codecontests_java_72,l2h14_z,0.9440109729766846,0.9958923757076263,-0.05188140273094177,False
codecontests_java_72,mlp11_out,0.9917835295200348,0.9857261478900909,0.006057381629943848,True
codecontests_java_72,l2h14_lead_k_centered,-1.0000001192092896,1.0000001192092896,-2.000000238418579,False
codecontests_java_72,l2h14_z_centered,-0.8913916349411011,0.8849119246006012,-1.7763035595417023,False
codecontests_java_72,mlp11_out_centered,0.23294859379529953,-0.36546938121318817,0.5984179750084877,True
codecontests_cpp_73,l2h14_lead_k,0.8965784907341003,1.0000000298023224,-0.10342153906822205,False
codecontests_cpp_73,l2h14_z,0.939864456653595,0.9931958019733429,-0.053331345319747925,False
codecontests_cpp_73,mlp11_out,0.9928250908851624,0.9909690618515015,0.0018560290336608887,True
codecontests_cpp_73,l2h14_lead_k_centered,-1.0000001192092896,1.0000001192092896,-2.000000238418579,False
codecontests_cpp_73,l2h14_z_centered,-0.8324536681175232,0.8242471516132355,-1.6567008197307587,False
codecontests_cpp_73,mlp11_out_centered,0.08739224448800087,-0.20586734265089035,0.2932595871388912,True
codecontests_java_73,l2h14_lead_k,0.8965784907341003,1.0000000298023224,-0.10342153906822205,False
codecontests_java_73,l2h14_z,0.9494864642620087,0.9967431426048279,-0.047256678342819214,False
codecontests_java_73,mlp11_out,0.9931256771087646,0.9872153103351593,0.005910366773605347,True
codecontests_java_73,l2h14_lead_k_centered,-1.0000001192092896,1.0000001192092896,-2.000000238418579,False
codecontests_java_73,l2h14_z_centered,-0.9053664803504944,0.8964318633079529,-1.8017983436584473,False
codecontests_java_73,mlp11_out_centered,0.3053027540445328,-0.44919413328170776,0.7544968873262405,True
apps_python_74,l2h14_lead_k,0.8968112468719482,1.0,-0.10318875312805176,False
apps_python_74,l2h14_z,0.9502985775470734,0.9967279434204102,-0.04642936587333679,False
apps_python_74,mlp11_out,0.9905933737754822,0.9888913929462433,0.0017019808292388916,True
apps_python_74,l2h14_lead_k_centered,-1.0,1.0,-2.0,False
apps_python_74,l2h14_z_centered,-0.8969482779502869,0.8911536335945129,-1.7881019115447998,False
apps_python_74,mlp11_out_centered,0.03956752177327871,-0.14231974631547928,0.181887268088758,True
codecontests_cpp_74,l2h14_lead_k,0.8968112468719482,1.0,-0.10318875312805176,False
codecontests_cpp_74,l2h14_z,0.9461749494075775,0.994561105966568,-0.04838615655899048,False
codecontests_cpp_74,mlp11_out,0.9948942065238953,0.9928921759128571,0.002002030611038208,True
codecontests_cpp_74,l2h14_lead_k_centered,-1.0,1.0,-2.0,False
codecontests_cpp_74,l2h14_z_centered,-0.859020471572876,0.8478721976280212,-1.7068926692008972,False
codecontests_cpp_74,mlp11_out_centered,0.1281166784465313,-0.25416306406259537,0.38227974250912666,True
codecontests_java_74,l2h14_lead_k,0.8968112468719482,1.0,-0.10318875312805176,False
codecontests_java_74,l2h14_z,0.9452008306980133,0.9944230616092682,-0.04922223091125488,False
codecontests_java_74,mlp11_out,0.9930497705936432,0.988958477973938,0.0040912926197052,True
codecontests_java_74,l2h14_lead_k_centered,-1.0,1.0,-2.0,False
codecontests_java_74,l2h14_z_centered,-0.8602929413318634,0.8491203784942627,-1.709413319826126,False
codecontests_java_74,mlp11_out_centered,0.2247377187013626,-0.37244899570941925,0.5971867144107819,True
humaneval_python_74,l2h14_lead_k,0.8966465592384338,0.9999952614307404,-0.10334870219230652,False
humaneval_python_74,l2h14_z,0.9542930722236633,0.9957244396209717,-0.04143136739730835,False
humaneval_python_74,mlp11_out,0.9918172359466553,0.99086594581604,0.0009512901306152344,True
humaneval_python_74,l2h14_lead_k_centered,-0.9999528527259827,0.9999015033245087,-1.9998543560504913,False
humaneval_python_74,l2h14_z_centered,-0.8637361824512482,0.8557607531547546,-1.7194969356060028,False
humaneval_python_74,mlp11_out_centered,-0.01297680288553238,-0.10335724800825119,0.09038044512271881,True
apps_python_75,l2h14_lead_k,0.8966465592384338,0.9999952614307404,-0.10334870219230652,False
apps_python_75,l2h14_z,0.9515471160411835,0.9963251948356628,-0.04477807879447937,False
apps_python_75,mlp11_out,0.9923834204673767,0.9908062517642975,0.0015771687030792236,True
apps_python_75,l2h14_lead_k_centered,-0.9999528527259827,0.9999015033245087,-1.9998543560504913,False
apps_python_75,l2h14_z_centered,-0.8812864422798157,0.8753180503845215,-1.7566044926643372,False
apps_python_75,mlp11_out_centered,0.038154007866978645,-0.1545916125178337,0.19274562038481236,True
codecontests_cpp_75,l2h14_lead_k,0.8966465592384338,0.9999952614307404,-0.10334870219230652,False
codecontests_cpp_75,l2h14_z,0.9495268762111664,0.9952796101570129,-0.04575273394584656,False
codecontests_cpp_75,mlp11_out,0.9937772750854492,0.9897207021713257,0.004056572914123535,True
codecontests_cpp_75,l2h14_lead_k_centered,-0.9999528527259827,0.9999015033245087,-1.9998543560504913,False
codecontests_cpp_75,l2h14_z_centered,-0.870472252368927,0.8603591918945312,-1.7308314442634583,False
codecontests_cpp_75,mlp11_out_centered,0.22009659558534622,-0.3262243866920471,0.5463209822773933,True
codecontests_java_75,l2h14_lead_k,0.8967146277427673,1.0000001192092896,-0.10328549146652222,False
codecontests_java_75,l2h14_z,0.9437749087810516,0.9961866438388824,-0.05241173505783081,False
codecontests_java_75,mlp11_out,0.9923928380012512,0.9868127703666687,0.0055800676345825195,True
codecontests_java_75,l2h14_lead_k_centered,-1.000000238418579,1.000000238418579,-2.000000476837158,False
codecontests_java_75,l2h14_z_centered,-0.9060783684253693,0.8975928425788879,-1.8036712110042572,False
codecontests_java_75,mlp11_out_centered,0.25715599954128265,-0.41218432784080505,0.6693403273820877,True
apps_python_76,l2h14_lead_k,0.8965784907341003,1.0000000298023224,-0.10342153906822205,False
apps_python_76,l2h14_z,0.9469200074672699,0.9951763451099396,-0.04825633764266968,False
apps_python_76,mlp11_out,0.9910456240177155,0.9868656992912292,0.004179924726486206,True
apps_python_76,l2h14_lead_k_centered,-1.0000001192092896,1.0000001192092896,-2.000000238418579,False
apps_python_76,l2h14_z_centered,-0.8623303174972534,0.8545288443565369,-1.7168591618537903,False
apps_python_76,mlp11_out_centered,0.13982999208383262,-0.2716885060071945,0.41151849809102714,True
codecontests_java_76,l2h14_lead_k,0.8968112468719482,1.0,-0.10318875312805176,False
codecontests_java_76,l2h14_z,0.9519292116165161,0.9970013201236725,-0.04507210850715637,False
codecontests_java_76,mlp11_out,0.9917184412479401,0.9881234467029572,0.00359499454498291,True
codecontests_java_76,l2h14_lead_k_centered,-1.0,1.0,-2.0,False
codecontests_java_76,l2h14_z_centered,-0.9138691127300262,0.9082383215427399,-1.8221074342727661,False
codecontests_java_76,mlp11_out_centered,0.13657934218645096,-0.27894453704357147,0.41552387923002243,True
humaneval_python_76,l2h14_lead_k,0.8967868685722351,0.9999926090240479,-0.10320574045181274,False
humaneval_python_76,l2h14_z,0.9489538669586182,0.9965051710605621,-0.04755130410194397,False
humaneval_python_76,mlp11_out,0.9901019930839539,0.9866006076335907,0.003501385450363159,True
humaneval_python_76,l2h14_lead_k_centered,-0.9999180734157562,0.9998252391815186,-1.9997433125972748,False
humaneval_python_76,l2h14_z_centered,-0.90340855717659,0.8972296714782715,-1.8006382286548615,False
humaneval_python_76,mlp11_out_centered,0.09969162382185459,-0.22146357595920563,0.3211551997810602,True
apps_python_77,l2h14_lead_k,0.8965784907341003,1.0000000298023224,-0.10342153906822205,False
apps_python_77,l2h14_z,0.9478824436664581,0.9929848313331604,-0.04510238766670227,False
apps_python_77,mlp11_out,0.9926511645317078,0.9885925054550171,0.004058659076690674,True
apps_python_77,l2h14_lead_k_centered,-1.0000001192092896,1.0000001192092896,-2.000000238418579,False
apps_python_77,l2h14_z_centered,-0.8145658671855927,0.8090870380401611,-1.6236529052257538,False
apps_python_77,mlp11_out_centered,0.16734901815652847,-0.2824087589979172,0.44975777715444565,True
codecontests_cpp_77,l2h14_lead_k,0.8965784907341003,1.0000000298023224,-0.10342153906822205,False
codecontests_cpp_77,l2h14_z,0.9473763406276703,0.9927849173545837,-0.04540857672691345,False
codecontests_cpp_77,mlp11_out,0.9923411011695862,0.9899997115135193,0.0023413896560668945,True
codecontests_cpp_77,l2h14_lead_k_centered,-1.0000001192092896,1.0000001192092896,-2.000000238418579,False
codecontests_cpp_77,l2h14_z_centered,-0.8232400715351105,0.8156530559062958,-1.6388931274414062,False
codecontests_cpp_77,mlp11_out_centered,0.07414580136537552,-0.21429751068353653,0.28844331204891205,True
codecontests_java_77,l2h14_lead_k,0.8972452580928802,0.9999972581863403,-0.10275200009346008,False
codecontests_java_77,l2h14_z,0.9456980526447296,0.9909557998180389,-0.045257747173309326,False
codecontests_java_77,mlp11_out,0.9919225573539734,0.9888432621955872,0.0030792951583862305,True
codecontests_java_77,l2h14_lead_k_centered,-0.999967485666275,0.999946117401123,-1.999913603067398,False
codecontests_java_77,l2h14_z_centered,-0.7820314466953278,0.7660073935985565,-1.5480388402938843,False
codecontests_java_77,mlp11_out_centered,0.11061982065439224,-0.27121394872665405,0.3818337693810463,True
humaneval_python_78,l2h14_lead_k,0.8969348073005676,0.9999999701976776,-0.10306516289710999,False
humaneval_python_78,l2h14_z,0.9509055316448212,0.9961811006069183,-0.04527556896209717,False
humaneval_python_78,mlp11_out,0.9895002245903015,0.9854810535907745,0.0040191709995269775,True
humaneval_python_78,l2h14_lead_k_centered,-1.000000238418579,1.000000238418579,-2.000000476837158,False
humaneval_python_78,l2h14_z_centered,-0.8781692981719971,0.8697236478328705,-1.7478929460048676,False
humaneval_python_78,mlp11_out_centered,0.11098028719425201,-0.22316470742225647,0.3341449946165085,True
apps_python_79,l2h14_lead_k,0.8965784907341003,1.0000000298023224,-0.10342153906822205,False
apps_python_79,l2h14_z,0.9515025019645691,0.99577397108078,-0.04427146911621094,False
apps_python_79,mlp11_out,0.9920212030410767,0.989372044801712,0.002649158239364624,True
apps_python_79,l2h14_lead_k_centered,-1.0000001192092896,1.0000001192092896,-2.000000238418579,False
apps_python_79,l2h14_z_centered,-0.8627944886684418,0.8563966751098633,-1.719191163778305,False
apps_python_79,mlp11_out_centered,0.11075303331017494,-0.23669631034135818,0.3474493436515331,True
codecontests_cpp_79,l2h14_lead_k,0.8966465592384338,0.9999952614307404,-0.10334870219230652,False
codecontests_cpp_79,l2h14_z,0.9467300176620483,0.9930970370769501,-0.04636701941490173,False
codecontests_cpp_79,mlp11_out,0.9930976927280426,0.9895792305469513,0.0035184621810913086,True
codecontests_cpp_79,l2h14_lead_k_centered,-0.9999528527259827,0.9999015033245087,-1.9998543560504913,False
codecontests_cpp_79,l2h14_z_centered,-0.8265337646007538,0.8179532587528229,-1.6444870233535767,False
codecontests_cpp_79,mlp11_out_centered,0.14795608911663294,-0.3136073425412178,0.46156343165785074,True
codecontests_java_79,l2h14_lead_k,0.8965784907341003,1.0000000298023224,-0.10342153906822205,False
codecontests_java_79,l2h14_z,0.9468640983104706,0.9953946173191071,-0.048530519008636475,False
codecontests_java_79,mlp11_out,0.9928390681743622,0.9900030493736267,0.0028360188007354736,True
codecontests_java_79,l2h14_lead_k_centered,-1.0000001192092896,1.0000001192092896,-2.000000238418579,False
codecontests_java_79,l2h14_z_centered,-0.8689130246639252,0.8600734770298004,-1.7289865016937256,False
codecontests_java_79,mlp11_out_centered,0.11883076652884483,-0.2662728801369667,0.38510364666581154,True
mbpp_python_79,l2h14_lead_k,0.8967868685722351,0.9999926090240479,-0.10320574045181274,False
mbpp_python_79,l2h14_z,0.9517286717891693,0.9970653653144836,-0.04533669352531433,False
mbpp_python_79,mlp11_out,0.9914753437042236,0.9881515800952911,0.003323763608932495,True
mbpp_python_79,l2h14_lead_k_centered,-0.9999180734157562,0.9998252391815186,-1.9997433125972748,False
mbpp_python_79,l2h14_z_centered,-0.9031873345375061,0.8986459374427795,-1.8018332719802856,False
mbpp_python_79,mlp11_out_centered,0.08865342568606138,-0.24121131002902985,0.32986473571509123,True
apps_python_80,l2h14_lead_k,0.8967146277427673,1.0000001192092896,-0.10328549146652222,False
apps_python_80,l2h14_z,0.9463970065116882,0.9953112900257111,-0.04891428351402283,False
apps_python_80,mlp11_out,0.9913930296897888,0.9894519746303558,0.0019410550594329834,True
apps_python_80,l2h14_lead_k_centered,-1.000000238418579,1.000000238418579,-2.000000476837158,False
apps_python_80,l2h14_z_centered,-0.8532287180423737,0.8442337512969971,-1.6974624693393707,False
apps_python_80,mlp11_out_centered,0.04356441646814346,-0.17879940569400787,0.22236382216215134,True
codecontests_cpp_80,l2h14_lead_k,0.8966814279556274,0.999993085861206,-0.10331165790557861,False
codecontests_cpp_80,l2h14_z,0.9474044144153595,0.988896369934082,-0.041491955518722534,False
codecontests_cpp_80,mlp11_out,0.9936504364013672,0.9925871193408966,0.001063317060470581,True
codecontests_cpp_80,l2h14_lead_k_centered,-0.9999231994152069,0.9998482167720795,-1.9997714161872864,False
codecontests_cpp_80,l2h14_z_centered,-0.7210512459278107,0.7091954052448273,-1.430246651172638,False
codecontests_cpp_80,mlp11_out_centered,-0.012878231704235077,-0.13019977137446404,0.11732153967022896,True
codecontests_java_80,l2h14_lead_k,0.8968112468719482,1.0,-0.10318875312805176,False
codecontests_java_80,l2h14_z,0.9482919871807098,0.9947890639305115,-0.046497076749801636,False
codecontests_java_80,mlp11_out,0.993539959192276,0.9903156161308289,0.0032243430614471436,True
codecontests_java_80,l2h14_lead_k_centered,-1.0,1.0,-2.0,False
codecontests_java_80,l2h14_z_centered,-0.8620658814907074,0.8493412733078003,-1.7114071547985077,False
codecontests_java_80,mlp11_out_centered,0.16966307535767555,-0.31408271938562393,0.4837457947432995,True
apps_python_81,l2h14_lead_k,0.8965784907341003,1.0000000298023224,-0.10342153906822205,False
apps_python_81,l2h14_z,0.9443350434303284,0.9943994283676147,-0.05006438493728638,False
apps_python_81,mlp11_out,0.9920483529567719,0.9892527759075165,0.002795577049255371,True
apps_python_81,l2h14_lead_k_centered,-1.0000001192092896,1.0000001192092896,-2.000000238418579,False
apps_python_81,l2h14_z_centered,-0.8467462658882141,0.8373457789421082,-1.6840920448303223,False
apps_python_81,mlp11_out_centered,0.10012883506715298,-0.21402975916862488,0.31415859423577785,True
codecontests_java_81,l2h14_lead_k,0.8965784907341003,1.0000000298023224,-0.10342153906822205,False
codecontests_java_81,l2h14_z,0.9443060159683228,0.9964443445205688,-0.052138328552246094,False
codecontests_java_81,mlp11_out,0.9932742118835449,0.9889028668403625,0.004371345043182373,True
codecontests_java_81,l2h14_lead_k_centered,-1.0000001192092896,1.0000001192092896,-2.000000238418579,False
codecontests_java_81,l2h14_z_centered,-0.9105255007743835,0.9035400748252869,-1.8140655755996704,False
codecontests_java_81,mlp11_out_centered,0.2332780733704567,-0.3509451150894165,0.5842231884598732,True
mbpp_python_81,l2h14_lead_k,0.8968513011932373,0.9999943673610687,-0.10314306616783142,False
mbpp_python_81,l2h14_z,0.9354720711708069,0.9935963749885559,-0.05812430381774902,False
mbpp_python_81,mlp11_out,0.9908878207206726,0.9893576204776764,0.0015302002429962158,True
mbpp_python_81,l2h14_lead_k_centered,-0.9999384582042694,0.9998914003372192,-1.9998298585414886,False
mbpp_python_81,l2h14_z_centered,-0.8564876616001129,0.8445572555065155,-1.7010449171066284,False
mbpp_python_81,mlp11_out_centered,0.02409275993704796,-0.12217877805233002,0.14627153798937798,True
apps_python_82,l2h14_lead_k,0.8967214822769165,0.9999920129776001,-0.1032705307006836,False
apps_python_82,l2h14_z,0.9515215754508972,0.9963797330856323,-0.04485815763473511,False
apps_python_82,mlp11_out,0.9898771345615387,0.9872781038284302,0.0025990307331085205,True
apps_python_82,l2h14_lead_k_centered,-0.99991375207901,0.9998371601104736,-1.9997509121894836,False
apps_python_82,l2h14_z_centered,-0.887114018201828,0.8800075948238373,-1.7671216130256653,False
apps_python_82,mlp11_out_centered,0.05203777551651001,-0.18587378039956093,0.23791155591607094,True
codecontests_java_82,l2h14_lead_k,0.8966465592384338,0.9999952614307404,-0.10334870219230652,False
codecontests_java_82,l2h14_z,0.9565251171588898,0.9966137111186981,-0.04008859395980835,False
codecontests_java_82,mlp11_out,0.9922698438167572,0.9882195293903351,0.004050314426422119,True
codecontests_java_82,l2h14_lead_k_centered,-0.9999528527259827,0.9999015033245087,-1.9998543560504913,False
codecontests_java_82,l2h14_z_centered,-0.9013610184192657,0.8940461277961731,-1.7954071462154388,False
codecontests_java_82,mlp11_out_centered,0.14565258100628853,-0.3055008500814438,0.4511534310877323,True
apps_python_83,l2h14_lead_k,0.8966465592384338,0.9999952614307404,-0.10334870219230652,False
apps_python_83,l2h14_z,0.9563300311565399,0.9951243698596954,-0.03879433870315552,False
apps_python_83,mlp11_out,0.9924019575119019,0.991815447807312,0.0005865097045898438,True
apps_python_83,l2h14_lead_k_centered,-0.9999528527259827,0.9999015033245087,-1.9998543560504913,False
apps_python_83,l2h14_z_centered,-0.8309203386306763,0.8233945369720459,-1.6543148756027222,False
apps_python_83,mlp11_out_centered,-0.033397612161934376,-0.09542357362806797,0.062025961466133595,True
codecontests_cpp_83,l2h14_lead_k,0.8966465592384338,0.9999952614307404,-0.10334870219230652,False
codecontests_cpp_83,l2h14_z,0.9349491000175476,0.9936098158359528,-0.05866071581840515,False
codecontests_cpp_83,mlp11_out,0.9925231635570526,0.9877611994743347,0.0047619640827178955,True
codecontests_cpp_83,l2h14_lead_k_centered,-0.9999528527259827,0.9999015033245087,-1.9998543560504913,False
codecontests_cpp_83,l2h14_z_centered,-0.8581527471542358,0.8477966487407684,-1.7059493958950043,False
codecontests_cpp_83,mlp11_out_centered,0.21985085681080818,-0.3552580624818802,0.5751089192926884,True
codecontests_java_83,l2h14_lead_k,0.8965784907341003,1.0000000298023224,-0.10342153906822205,False
codecontests_java_83,l2h14_z,0.9482204020023346,0.9962798953056335,-0.04805949330329895,False
codecontests_java_83,mlp11_out,0.9913392663002014,0.9850608706474304,0.006278395652770996,True
codecontests_java_83,l2h14_lead_k_centered,-1.0000001192092896,1.0000001192092896,-2.000000238418579,False
codecontests_java_83,l2h14_z_centered,-0.8986784815788269,0.887290894985199,-1.7859693765640259,False
codecontests_java_83,mlp11_out_centered,0.23027878254652023,-0.3839583396911621,0.6142371222376823,True
apps_python_84,l2h14_lead_k,0.8966465592384338,0.9999952614307404,-0.10334870219230652,False
apps_python_84,l2h14_z,0.9491285085678101,0.995638906955719,-0.046510398387908936,False
apps_python_84,mlp11_out,0.9927574694156647,0.9912242293357849,0.0015332400798797607,True
apps_python_84,l2h14_lead_k_centered,-0.9999528527259827,0.9999015033245087,-1.9998543560504913,False
apps_python_84,l2h14_z_centered,-0.8787804245948792,0.870407909154892,-1.7491883337497711,False
apps_python_84,mlp11_out_centered,0.027870694175362587,-0.16578997671604156,0.19366067089140415,True
codecontests_java_84,l2h14_lead_k,0.8965784907341003,1.0000000298023224,-0.10342153906822205,False
codecontests_java_84,l2h14_z,0.9329316020011902,0.9958518445491791,-0.06292024254798889,False
codecontests_java_84,mlp11_out,0.9915580749511719,0.9861673712730408,0.0053907036781311035,True
codecontests_java_84,l2h14_lead_k_centered,-1.0000001192092896,1.0000001192092896,-2.000000238418579,False
codecontests_java_84,l2h14_z_centered,-0.9064894616603851,0.89781054854393,-1.8043000102043152,False
codecontests_java_84,mlp11_out_centered,0.2092740535736084,-0.373424232006073,0.5826982855796814,True
humaneval_python_84,l2h14_lead_k,0.8968112468719482,1.0,-0.10318875312805176,False
humaneval_python_84,l2h14_z,0.9452136754989624,0.9966719150543213,-0.05145823955535889,False
humaneval_python_84,mlp11_out,0.9913895428180695,0.9891026616096497,0.0022868812084198,True
humaneval_python_84,l2h14_lead_k_centered,-1.0,1.0,-2.0,False
humaneval_python_84,l2h14_z_centered,-0.9050943851470947,0.8992038369178772,-1.804298222064972,False
humaneval_python_84,mlp11_out_centered,0.07205128530040383,-0.19741028919816017,0.269461574498564,True
apps_python_85,l2h14_lead_k,0.8965650498867035,0.999985009431839,-0.1034199595451355,False
apps_python_85,l2h14_z,0.9458083808422089,0.9956930875778198,-0.04988470673561096,False
apps_python_85,mlp11_out,0.9890491664409637,0.9855219423770905,0.003527224063873291,True
apps_python_85,l2h14_lead_k_centered,-0.9998387694358826,0.9997040033340454,-1.999542772769928,False
apps_python_85,l2h14_z_centered,-0.8651679158210754,0.8590397238731384,-1.7242076396942139,False
apps_python_85,mlp11_out_centered,0.09509679861366749,-0.21460934728384018,0.30970614589750767,True
codecontests_cpp_85,l2h14_lead_k,0.8966465592384338,0.9999952614307404,-0.10334870219230652,False
codecontests_cpp_85,l2h14_z,0.9531612694263458,0.9927844107151031,-0.039623141288757324,False
codecontests_cpp_85,mlp11_out,0.9933461546897888,0.9899640679359436,0.003382086753845215,True
codecontests_cpp_85,l2h14_lead_k_centered,-0.9999528527259827,0.9999015033245087,-1.9998543560504913,False
codecontests_cpp_85,l2h14_z_centered,-0.7981786131858826,0.7905782163143158,-1.5887568295001984,False
codecontests_cpp_85,mlp11_out_centered,0.1376665234565735,-0.26310111582279205,0.40076763927936554,True
codecontests_java_85,l2h14_lead_k,0.8965784907341003,1.0000000298023224,-0.10342153906822205,False
codecontests_java_85,l2h14_z,0.9516054391860962,0.9952744245529175,-0.04366898536682129,False
codecontests_java_85,mlp11_out,0.992101639509201,0.9894251525402069,0.0026764869689941406,True
codecontests_java_85,l2h14_lead_k_centered,-1.0000001192092896,1.0000001192092896,-2.000000238418579,False
codecontests_java_85,l2h14_z_centered,-0.8581127822399139,0.8494555950164795,-1.7075683772563934,False
codecontests_java_85,mlp11_out_centered,0.09677234292030334,-0.22590669617056847,0.3226790390908718,True
humaneval_python_85,l2h14_lead_k,0.8967146277427673,1.0000001192092896,-0.10328549146652222,False
humaneval_python_85,l2h14_z,0.9498656690120697,0.995473712682724,-0.0456080436706543,False
humaneval_python_85,mlp11_out,0.9918428361415863,0.9881154298782349,0.0037274062633514404,True
humaneval_python_85,l2h14_lead_k_centered,-1.000000238418579,1.000000238418579,-2.000000476837158,False
humaneval_python_85,l2h14_z_centered,-0.8738155364990234,0.8671393990516663,-1.7409549355506897,False
humaneval_python_85,mlp11_out_centered,0.13835136964917183,-0.2608623802661896,0.3992137499153614,True
apps_python_86,l2h14_lead_k,0.8966465592384338,0.9999952614307404,-0.10334870219230652,False
apps_python_86,l2h14_z,0.9498641490936279,0.9942133724689484,-0.044349223375320435,False
apps_python_86,mlp11_out,0.9921939671039581,0.9884853661060333,0.0037086009979248047,True
apps_python_86,l2h14_lead_k_centered,-0.9999528527259827,0.9999015033245087,-1.9998543560504913,False
apps_python_86,l2h14_z_centered,-0.8395707011222839,0.8276270925998688,-1.6671977937221527,False
apps_python_86,mlp11_out_centered,0.13764954544603825,-0.27199211716651917,0.4096416626125574,True
codecontests_java_86,l2h14_lead_k,0.8966465592384338,0.9999952614307404,-0.10334870219230652,False
codecontests_java_86,l2h14_z,0.9496346414089203,0.9955197274684906,-0.04588508605957031,False
codecontests_java_86,mlp11_out,0.9925723075866699,0.9897859692573547,0.0027863383293151855,True
codecontests_java_86,l2h14_lead_k_centered,-0.9999528527259827,0.9999015033245087,-1.9998543560504913,False
codecontests_java_86,l2h14_z_centered,-0.8741158843040466,0.8647498488426208,-1.7388657331466675,False
codecontests_java_86,mlp11_out_centered,0.11316436156630516,-0.26895494014024734,0.3821193017065525,True
apps_python_87,l2h14_lead_k,0.8966465592384338,0.9999952614307404,-0.10334870219230652,False
apps_python_87,l2h14_z,0.9465950429439545,0.9931291341781616,-0.04653409123420715,False
apps_python_87,mlp11_out,0.9903440177440643,0.9872366189956665,0.003107398748397827,True
apps_python_87,l2h14_lead_k_centered,-0.9999528527259827,0.9999015033245087,-1.9998543560504913,False
apps_python_87,l2h14_z_centered,-0.8006544709205627,0.794168084859848,-1.5948225557804108,False
apps_python_87,mlp11_out_centered,0.11408829223364592,-0.22781669348478317,0.3419049857184291,True
codecontests_cpp_87,l2h14_lead_k,0.8966465592384338,0.9999952614307404,-0.10334870219230652,False
codecontests_cpp_87,l2h14_z,0.9450392425060272,0.9942546188831329,-0.04921537637710571,False
codecontests_cpp_87,mlp11_out,0.9920761585235596,0.9911627769470215,0.0009133815765380859,True
codecontests_cpp_87,l2h14_lead_k_centered,-0.9999528527259827,0.9999015033245087,-1.9998543560504913,False
codecontests_cpp_87,l2h14_z_centered,-0.844607949256897,0.8358941376209259,-1.6805020868778229,False
codecontests_cpp_87,mlp11_out_centered,-0.014880605041980743,-0.11137285828590393,0.09649225324392319,True
codecontests_java_87,l2h14_lead_k,0.8965784907341003,1.0000000298023224,-0.10342153906822205,False
codecontests_java_87,l2h14_z,0.9497158825397491,0.9967372715473175,-0.04702138900756836,False
codecontests_java_87,mlp11_out,0.9928469061851501,0.9891743361949921,0.003672569990158081,True
codecontests_java_87,l2h14_lead_k_centered,-1.0000001192092896,1.0000001192092896,-2.000000238418579,False
codecontests_java_87,l2h14_z_centered,-0.9140547215938568,0.9073766767978668,-1.8214313983917236,False
codecontests_java_87,mlp11_out_centered,0.16368792951107025,-0.29398098587989807,0.4576689153909683,True
apps_python_88,l2h14_lead_k,0.8967385590076447,0.9999828934669495,-0.10324433445930481,False
apps_python_88,l2h14_z,0.9546072781085968,0.9962310194969177,-0.04162374138832092,False
apps_python_88,mlp11_out,0.9918114542961121,0.9891413450241089,0.002670109272003174,True
apps_python_88,l2h14_lead_k_centered,-0.9998268187046051,0.9996702969074249,-1.99949711561203,False
apps_python_88,l2h14_z_centered,-0.8645390868186951,0.8582070767879486,-1.7227461636066437,False
apps_python_88,mlp11_out_centered,0.08451680978760123,-0.202311422675848,0.28682823246344924,True
codecontests_java_88,l2h14_lead_k,0.8972067832946777,0.9999960064888,-0.10278922319412231,False
codecontests_java_88,l2h14_z,0.9469971060752869,0.987168163061142,-0.0401710569858551,False
codecontests_java_88,mlp11_out,0.9918610155582428,0.9899237155914307,0.0019372999668121338,True
codecontests_java_88,l2h14_lead_k_centered,-0.999957948923111,0.9999217391014099,-1.9998796880245209,False
codecontests_java_88,l2h14_z_centered,-0.6828174293041229,0.6665896475315094,-1.3494070768356323,False
codecontests_java_88,mlp11_out_centered,0.01378621906042099,-0.19436482340097427,0.20815104246139526,True
codecontests_cpp_89,l2h14_lead_k,0.8965784907341003,1.0000000298023224,-0.10342153906822205,False
codecontests_cpp_89,l2h14_z,0.9471934139728546,0.9950092136859894,-0.047815799713134766,False
codecontests_cpp_89,mlp11_out,0.9923141300678253,0.9880821704864502,0.004231959581375122,True
codecontests_cpp_89,l2h14_lead_k_centered,-1.0000001192092896,1.0000001192092896,-2.000000238418579,False
codecontests_cpp_89,l2h14_z_centered,-0.8667301535606384,0.85946124792099,-1.7261914014816284,False
codecontests_cpp_89,mlp11_out_centered,0.1904308833181858,-0.3211504891514778,0.5115813724696636,True
codecontests_java_89,l2h14_lead_k,0.8966465592384338,0.9999952614307404,-0.10334870219230652,False
codecontests_java_89,l2h14_z,0.9524484574794769,0.9969117641448975,-0.04446330666542053,False
codecontests_java_89,mlp11_out,0.9919529259204865,0.9901405572891235,0.001812368631362915,True
codecontests_java_89,l2h14_lead_k_centered,-0.9999528527259827,0.9999015033245087,-1.9998543560504913,False
codecontests_java_89,l2h14_z_centered,-0.905431866645813,0.8973347246646881,-1.802766591310501,False
codecontests_java_89,mlp11_out_centered,0.027229368686676025,-0.19120226427912712,0.21843163296580315,True
codecontests_java_90,l2h14_lead_k,0.8966465592384338,0.9999952614307404,-0.10334870219230652,False
codecontests_java_90,l2h14_z,0.9309541583061218,0.9954721033573151,-0.06451794505119324,False
codecontests_java_90,mlp11_out,0.9909534156322479,0.9859007596969604,0.005052655935287476,True
codecontests_java_90,l2h14_lead_k_centered,-0.9999528527259827,0.9999015033245087,-1.9998543560504913,False
codecontests_java_90,l2h14_z_centered,-0.8997310996055603,0.8900551199913025,-1.7897862195968628,False
codecontests_java_90,mlp11_out_centered,0.18602431938052177,-0.3358657881617546,0.5218901075422764,True
apps_python_91,l2h14_lead_k,0.8965650498867035,0.999985009431839,-0.1034199595451355,False
apps_python_91,l2h14_z,0.951951652765274,0.9954801797866821,-0.04352852702140808,False
apps_python_91,mlp11_out,0.9918012619018555,0.9878270328044891,0.003974229097366333,True
apps_python_91,l2h14_lead_k_centered,-0.9998387694358826,0.9997040033340454,-1.999542772769928,False
apps_python_91,l2h14_z_centered,-0.8487866520881653,0.8414251506328583,-1.6902118027210236,False
apps_python_91,mlp11_out_centered,0.15823106095194817,-0.2682683691382408,0.426499430090189,True
codecontests_cpp_91,l2h14_lead_k,0.8965784907341003,1.0000000298023224,-0.10342153906822205,False
codecontests_cpp_91,l2h14_z,0.9515230655670166,0.9937083125114441,-0.04218524694442749,False
codecontests_cpp_91,mlp11_out,0.9938754737377167,0.9898311495780945,0.004044324159622192,True
codecontests_cpp_91,l2h14_lead_k_centered,-1.0000001192092896,1.0000001192092896,-2.000000238418579,False
codecontests_cpp_91,l2h14_z_centered,-0.8253187239170074,0.8190822899341583,-1.6444010138511658,False
codecontests_cpp_91,mlp11_out_centered,0.23356937244534492,-0.366701140999794,0.6002705134451389,True
codecontests_java_91,l2h14_lead_k,0.8966465592384338,0.9999952614307404,-0.10334870219230652,False
codecontests_java_91,l2h14_z,0.9508049786090851,0.995849072933197,-0.04504409432411194,False
codecontests_java_91,mlp11_out,0.992499440908432,0.990041583776474,0.002457857131958008,True
codecontests_java_91,l2h14_lead_k_centered,-0.9999528527259827,0.9999015033245087,-1.9998543560504913,False
codecontests_java_91,l2h14_z_centered,-0.8802309334278107,0.8725804686546326,-1.7528114020824432,False
codecontests_java_91,mlp11_out_centered,0.08556157816201448,-0.2231157124042511,0.3086772905662656,True
apps_python_92,l2h14_lead_k,0.8966465592384338,0.9999952614307404,-0.10334870219230652,False
apps_python_92,l2h14_z,0.9451446533203125,0.9936244487762451,-0.04847979545593262,False
apps_python_92,mlp11_out,0.9917696118354797,0.9874660968780518,0.0043035149574279785,True
apps_python_92,l2h14_lead_k_centered,-0.9999528527259827,0.9999015033245087,-1.9998543560504913,False
apps_python_92,l2h14_z_centered,-0.8194817304611206,0.8134414553642273,-1.632923185825348,False
apps_python_92,mlp11_out_centered,0.1719602793455124,-0.28915876150131226,0.46111904084682465,True
codecontests_java_92,l2h14_lead_k,0.8965784907341003,1.0000000298023224,-0.10342153906822205,False
codecontests_java_92,l2h14_z,0.954342782497406,0.9966727793216705,-0.042329996824264526,False
codecontests_java_92,mlp11_out,0.9921175241470337,0.9864823222160339,0.005635201930999756,True
codecontests_java_92,l2h14_lead_k_centered,-1.0000001192092896,1.0000001192092896,-2.000000238418579,False
codecontests_java_92,l2h14_z_centered,-0.9075537919998169,0.9011076092720032,-1.80866140127182,False
codecontests_java_92,mlp11_out_centered,0.2285822443664074,-0.35696418583393097,0.5855464302003384,True
apps_python_93,l2h14_lead_k,0.8965784907341003,1.0000000298023224,-0.10342153906822205,False
apps_python_93,l2h14_z,0.9549064934253693,0.9960039556026459,-0.04109746217727661,False
apps_python_93,mlp11_out,0.9927661120891571,0.9901392161846161,0.0026268959045410156,True
apps_python_93,l2h14_lead_k_centered,-1.0000001192092896,1.0000001192092896,-2.000000238418579,False
apps_python_93,l2h14_z_centered,-0.8587288856506348,0.8526404500007629,-1.7113693356513977,False
apps_python_93,mlp11_out_centered,0.10740407695993781,-0.21859955787658691,0.3260036348365247,True
codecontests_cpp_93,l2h14_lead_k,0.8966465592384338,0.9999952614307404,-0.10334870219230652,False
codecontests_cpp_93,l2h14_z,0.9447925388813019,0.993328183889389,-0.04853564500808716,False
codecontests_cpp_93,mlp11_out,0.9931569397449493,0.990325003862381,0.0028319358825683594,True
codecontests_cpp_93,l2h14_lead_k_centered,-0.9999528527259827,0.9999015033245087,-1.9998543560504913,False
codecontests_cpp_93,l2h14_z_centered,-0.83766108751297,0.8291600942611694,-1.6668211817741394,False
codecontests_cpp_93,mlp11_out_centered,0.1258074901998043,-0.2633143365383148,0.3891218267381191,True
codecontests_java_93,l2h14_lead_k,0.8966465592384338,0.9999952614307404,-0.10334870219230652,False
codecontests_java_93,l2h14_z,0.9427392780780792,0.9958564639091492,-0.053117185831069946,False
codecontests_java_93,mlp11_out,0.9915104806423187,0.9876212477684021,0.003889232873916626,True
codecontests_java_93,l2h14_lead_k_centered,-0.9999528527259827,0.9999015033245087,-1.9998543560504913,False
codecontests_java_93,l2h14_z_centered,-0.8929261267185211,0.8841265141963959,-1.777052640914917,False
codecontests_java_93,mlp11_out_centered,0.15444090589880943,-0.3033902794122696,0.457831185311079,True
apps_python_94,l2h14_lead_k,0.8966465592384338,0.9999952614307404,-0.10334870219230652,False
apps_python_94,l2h14_z,0.9539825022220612,0.9951145648956299,-0.041132062673568726,False
apps_python_94,mlp11_out,0.9923095107078552,0.9909619688987732,0.0013475418090820312,True
apps_python_94,l2h14_lead_k_centered,-0.9999528527259827,0.9999015033245087,-1.9998543560504913,False
apps_python_94,l2h14_z_centered,-0.8395355045795441,0.8305963277816772,-1.6701318323612213,False
apps_python_94,mlp11_out_centered,0.01346660777926445,-0.1456193458288908,0.15908595360815525,True
codecontests_cpp_94,l2h14_lead_k,0.8965784907341003,1.0000000298023224,-0.10342153906822205,False
codecontests_cpp_94,l2h14_z,0.9500131607055664,0.9954177141189575,-0.04540455341339111,False
codecontests_cpp_94,mlp11_out,0.9929832220077515,0.9904650747776031,0.0025181472301483154,True
codecontests_cpp_94,l2h14_lead_k_centered,-1.0000001192092896,1.0000001192092896,-2.000000238418579,False
codecontests_cpp_94,l2h14_z_centered,-0.8636041283607483,0.8556550443172455,-1.7192591726779938,False
codecontests_cpp_94,mlp11_out_centered,0.0939879990182817,-0.23800110071897507,0.33198909973725677,True
codecontests_java_94,l2h14_lead_k,0.8965784907341003,1.0000000298023224,-0.10342153906822205,False
codecontests_java_94,l2h14_z,0.9488182961940765,0.9954054951667786,-0.046587198972702026,False
codecontests_java_94,mlp11_out,0.991534560918808,0.9854866564273834,0.0060479044914245605,True
codecontests_java_94,l2h14_lead_k_centered,-1.0000001192092896,1.0000001192092896,-2.000000238418579,False
codecontests_java_94,l2h14_z_centered,-0.8851625919342041,0.8781254589557648,-1.7632880508899689,False
codecontests_java_94,mlp11_out_centered,0.23080134019255638,-0.3688731789588928,0.5996745191514492,True
apps_python_95,l2h14_lead_k,0.8965784907341003,1.0000000298023224,-0.10342153906822205,False
apps_python_95,l2h14_z,0.9543132781982422,0.9962459802627563,-0.04193270206451416,False
apps_python_95,mlp11_out,0.9919295907020569,0.9906607866287231,0.0012688040733337402,True
apps_python_95,l2h14_lead_k_centered,-1.0000001192092896,1.0000001192092896,-2.000000238418579,False
apps_python_95,l2h14_z_centered,-0.8757147490978241,0.8650863766670227,-1.7408011257648468,False
apps_python_95,mlp11_out_centered,0.019941791892051697,-0.16034935042262077,0.18029114231467247,True
codecontests_cpp_95,l2h14_lead_k,0.8966465592384338,0.9999952614307404,-0.10334870219230652,False
codecontests_cpp_95,l2h14_z,0.9401968717575073,0.9939526319503784,-0.053755760192871094,False
codecontests_cpp_95,mlp11_out,0.9926329553127289,0.9913080334663391,0.0013249218463897705,True
codecontests_cpp_95,l2h14_lead_k_centered,-0.9999528527259827,0.9999015033245087,-1.9998543560504913,False
codecontests_cpp_95,l2h14_z_centered,-0.8515199720859528,0.8431636691093445,-1.6946836411952972,False
codecontests_cpp_95,mlp11_out_centered,0.021762503311038017,-0.13444074243307114,0.15620324574410915,True
codecontests_java_95,l2h14_lead_k,0.8965784907341003,1.0000000298023224,-0.10342153906822205,False
codecontests_java_95,l2h14_z,0.9460914433002472,0.9963100552558899,-0.0502186119556427,False
codecontests_java_95,mlp11_out,0.9924148619174957,0.9888485670089722,0.0035662949085235596,True
codecontests_java_95,l2h14_lead_k_centered,-1.0000001192092896,1.0000001192092896,-2.000000238418579,False
codecontests_java_95,l2h14_z_centered,-0.9079858064651489,0.9013946056365967,-1.8093804121017456,False
codecontests_java_95,mlp11_out_centered,0.1429605484008789,-0.27806295454502106,0.42102350294589996,True
humaneval_python_95,l2h14_lead_k,0.8968112468719482,1.0,-0.10318875312805176,False
humaneval_python_95,l2h14_z,0.9451271593570709,0.9926701486110687,-0.0475429892539978,False
humaneval_python_95,mlp11_out,0.9915218651294708,0.9886610805988312,0.0028607845306396484,True
humaneval_python_95,l2h14_lead_k_centered,-1.0,1.0,-2.0,False
humaneval_python_95,l2h14_z_centered,-0.8196599781513214,0.8056550920009613,-1.6253150701522827,False
humaneval_python_95,mlp11_out_centered,0.09446278214454651,-0.21112393587827682,0.30558671802282333,True
apps_python_96,l2h14_lead_k,0.8966465592384338,0.9999952614307404,-0.10334870219230652,False
apps_python_96,l2h14_z,0.9537177383899689,0.9956563115119934,-0.041938573122024536,False
apps_python_96,mlp11_out,0.9923515915870667,0.9900835752487183,0.0022680163383483887,True
apps_python_96,l2h14_lead_k_centered,-0.9999528527259827,0.9999015033245087,-1.9998543560504913,False
apps_python_96,l2h14_z_centered,-0.8674227297306061,0.8588510751724243,-1.7262738049030304,False
apps_python_96,mlp11_out_centered,0.08238734444603324,-0.20435024052858353,0.28673758497461677,True
codecontests_java_96,l2h14_lead_k,0.8965784907341003,1.0000000298023224,-0.10342153906822205,False
codecontests_java_96,l2h14_z,0.9468080997467041,0.996593713760376,-0.049785614013671875,False
codecontests_java_96,mlp11_out,0.9912709891796112,0.9883796274662018,0.002891361713409424,True
codecontests_java_96,l2h14_lead_k_centered,-1.0000001192092896,1.0000001192092896,-2.000000238418579,False
codecontests_java_96,l2h14_z_centered,-0.9173465967178345,0.9103974997997284,-1.8277440965175629,False
codecontests_java_96,mlp11_out_centered,0.07035494036972523,-0.24695861339569092,0.31731355376541615,True
mbpp_python_96,l2h14_lead_k,0.8968112468719482,1.0,-0.10318875312805176,False
mbpp_python_96,l2h14_z,0.9521312117576599,0.996496856212616,-0.044365644454956055,False
mbpp_python_96,mlp11_out,0.9911867678165436,0.9885180294513702,0.00266873836517334,True
mbpp_python_96,l2h14_lead_k_centered,-1.0,1.0,-2.0,False
mbpp_python_96,l2h14_z_centered,-0.8814423382282257,0.8748720586299896,-1.7563143968582153,False
mbpp_python_96,mlp11_out_centered,0.08189453929662704,-0.17950601130723953,0.2614005506038666,True
apps_python_97,l2h14_lead_k,0.8966465592384338,0.9999952614307404,-0.10334870219230652,False
apps_python_97,l2h14_z,0.9494498372077942,0.9963016211986542,-0.046851783990859985,False
apps_python_97,mlp11_out,0.9920005202293396,0.9902417063713074,0.0017588138580322266,True
apps_python_97,l2h14_lead_k_centered,-0.9999528527259827,0.9999015033245087,-1.9998543560504913,False
apps_python_97,l2h14_z_centered,-0.8876439929008484,0.8805854618549347,-1.768229454755783,False
apps_python_97,mlp11_out_centered,0.049083061050623655,-0.16418081521987915,0.2132638762705028,True
humaneval_python_97,l2h14_lead_k,0.8967868685722351,0.9999926090240479,-0.10320574045181274,False
humaneval_python_97,l2h14_z,0.9512637257575989,0.9952544569969177,-0.04399073123931885,False
humaneval_python_97,mlp11_out,0.9894876778125763,0.9866537153720856,0.0028339624404907227,True
humaneval_python_97,l2h14_lead_k_centered,-0.9999180734157562,0.9998252391815186,-1.9997433125972748,False
humaneval_python_97,l2h14_z_centered,-0.8446379005908966,0.8372973203659058,-1.6819352209568024,False
humaneval_python_97,mlp11_out_centered,0.09864836558699608,-0.2231387197971344,0.3217870853841305,True
apps_python_98,l2h14_lead_k,0.8967385590076447,0.9999828934669495,-0.10324433445930481,False
apps_python_98,l2h14_z,0.9477559924125671,0.9962252974510193,-0.04846930503845215,False
apps_python_98,mlp11_out,0.9896895289421082,0.987724095582962,0.001965433359146118,True
apps_python_98,l2h14_lead_k_centered,-0.9998268187046051,0.9996702969074249,-1.99949711561203,False
apps_python_98,l2h14_z_centered,-0.8824047446250916,0.8766749501228333,-1.7590796947479248,False
apps_python_98,mlp11_out_centered,0.016833577305078506,-0.14178454433567822,0.15861812164075673,True
codecontests_cpp_98,l2h14_lead_k,0.8965784907341003,1.0000000298023224,-0.10342153906822205,False
codecontests_cpp_98,l2h14_z,0.9409911930561066,0.9937319755554199,-0.052740782499313354,False
codecontests_cpp_98,mlp11_out,0.9926068484783173,0.9912150204181671,0.0013918280601501465,True
codecontests_cpp_98,l2h14_lead_k_centered,-1.0000001192092896,1.0000001192092896,-2.000000238418579,False
codecontests_cpp_98,l2h14_z_centered,-0.8407254219055176,0.8335432410240173,-1.674268662929535,False
codecontests_cpp_98,mlp11_out_centered,0.01858368143439293,-0.13797013461589813,0.15655381605029106,True
codecontests_java_98,l2h14_lead_k,0.8965784907341003,1.0000000298023224,-0.10342153906822205,False
codecontests_java_98,l2h14_z,0.9506915211677551,0.99699467420578,-0.0463031530380249,False
codecontests_java_98,mlp11_out,0.9921221137046814,0.9869773685932159,0.005144745111465454,True
codecontests_java_98,l2h14_lead_k_centered,-1.0000001192092896,1.0000001192092896,-2.000000238418579,False
codecontests_java_98,l2h14_z_centered,-0.9127801656723022,0.9041947722434998,-1.816974937915802,False
codecontests_java_98,mlp11_out_centered,0.22291349619627,-0.3838048428297043,0.6067183390259743,True
apps_python_99,l2h14_lead_k,0.8966465592384338,0.9999952614307404,-0.10334870219230652,False
apps_python_99,l2h14_z,0.9567203223705292,0.9953408241271973,-0.03862050175666809,False
apps_python_99,mlp11_out,0.9917043447494507,0.9911036491394043,0.0006006956100463867,True
apps_python_99,l2h14_lead_k_centered,-0.9999528527259827,0.9999015033245087,-1.9998543560504913,False
apps_python_99,l2h14_z_centered,-0.8419674336910248,0.8335989415645599,-1.6755663752555847,False
apps_python_99,mlp11_out_centered,-0.03593882545828819,-0.10066452994942665,0.06472570449113846,True
codecontests_cpp_99,l2h14_lead_k,0.8966465592384338,0.9999952614307404,-0.10334870219230652,False
codecontests_cpp_99,l2h14_z,0.9461449086666107,0.9946702420711517,-0.048525333404541016,False
codecontests_cpp_99,mlp11_out,0.992835521697998,0.991322934627533,0.0015125870704650879,True
codecontests_cpp_99,l2h14_lead_k_centered,-0.9999528527259827,0.9999015033245087,-1.9998543560504913,False
codecontests_cpp_99,l2h14_z_centered,-0.8533848226070404,0.846112847328186,-1.6994976699352264,False
codecontests_cpp_99,mlp11_out_centered,0.026550907641649246,-0.1654728204011917,0.19202372804284096,True
codecontests_java_99,l2h14_lead_k,0.8965784907341003,1.0000000298023224,-0.10342153906822205,False
codecontests_java_99,l2h14_z,0.9504713416099548,0.996797651052475,-0.04632630944252014,False
codecontests_java_99,mlp11_out,0.992242693901062,0.987380176782608,0.0048625171184539795,True
codecontests_java_99,l2h14_lead_k_centered,-1.0000001192092896,1.0000001192092896,-2.000000238418579,False
codecontests_java_99,l2h14_z_centered,-0.9162305891513824,0.9087480008602142,-1.8249785900115967,False
codecontests_java_99,mlp11_out_centered,0.19854430854320526,-0.3417999893426895,0.5403442978858948,True
apps_python_100,l2h14_lead_k,0.8966465592384338,0.9999952614307404,-0.10334870219230652,False
apps_python_100,l2h14_z,0.9480668604373932,0.995005875825882,-0.04693901538848877,False
apps_python_100,mlp11_out,0.9911234974861145,0.987533837556839,0.0035896599292755127,True
apps_python_100,l2h14_lead_k_centered,-0.9999528527259827,0.9999015033245087,-1.9998543560504913,False
apps_python_100,l2h14_z_centered,-0.8691185414791107,0.8634502291679382,-1.732568770647049,False
apps_python_100,mlp11_out_centered,0.110502939671278,-0.2546968311071396,0.3651997707784176,True
codecontests_cpp_100,l2h14_lead_k,0.8967146277427673,1.0000001192092896,-0.10328549146652222,False
codecontests_cpp_100,l2h14_z,0.9386612772941589,0.9949442744255066,-0.056282997131347656,False
codecontests_cpp_100,mlp11_out,0.992920458316803,0.9895698726177216,0.003350585699081421,True
codecontests_cpp_100,l2h14_lead_k_centered,-1.000000238418579,1.000000238418579,-2.000000476837158,False
codecontests_cpp_100,l2h14_z_centered,-0.8759117722511292,0.8697124123573303,-1.7456241846084595,False
codecontests_cpp_100,mlp11_out_centered,0.16227274760603905,-0.2884068936109543,0.45067964121699333,True
codecontests_java_100,l2h14_lead_k,0.8966465592384338,0.9999952614307404,-0.10334870219230652,False
codecontests_java_100,l2h14_z,0.9481067657470703,0.9966641366481781,-0.04855737090110779,False
codecontests_java_100,mlp11_out,0.9927980303764343,0.9899564683437347,0.002841562032699585,True
codecontests_java_100,l2h14_lead_k_centered,-0.9999528527259827,0.9999015033245087,-1.9998543560504913,False
codecontests_java_100,l2h14_z_centered,-0.9068183898925781,0.8989495933055878,-1.805767983198166,False
codecontests_java_100,mlp11_out_centered,0.09108547493815422,-0.27267104387283325,0.3637565188109875,True
humaneval_python_100,l2h14_lead_k,0.8968112468719482,1.0,-0.10318875312805176,False
humaneval_python_100,l2h14_z,0.9491108357906342,0.996635228395462,-0.04752439260482788,False
humaneval_python_100,mlp11_out,0.9893319606781006,0.9870475828647614,0.0022843778133392334,True
humaneval_python_100,l2h14_lead_k_centered,-1.0,1.0,-2.0,False
humaneval_python_100,l2h14_z_centered,-0.8964914381504059,0.8915922045707703,-1.7880836427211761,False
humaneval_python_100,mlp11_out_centered,0.058568235486745834,-0.1634003147482872,0.22196855023503304,True
apps_python_101,l2h14_lead_k,0.8968112468719482,1.0,-0.10318875312805176,False
apps_python_101,l2h14_z,0.9422938227653503,0.9932205677032471,-0.05092674493789673,False
apps_python_101,mlp11_out,0.9926284551620483,0.9901614785194397,0.0024669766426086426,True
apps_python_101,l2h14_lead_k_centered,-1.0,1.0,-2.0,False
apps_python_101,l2h14_z_centered,-0.8307362794876099,0.8182179629802704,-1.6489542424678802,False
apps_python_101,mlp11_out_centered,0.09091528132557869,-0.2202521562576294,0.3111674375832081,True
codecontests_java_101,l2h14_lead_k,0.8965784907341003,1.0000000298023224,-0.10342153906822205,False
codecontests_java_101,l2h14_z,0.9501425325870514,0.9967783391475677,-0.04663580656051636,False
codecontests_java_101,mlp11_out,0.9922716021537781,0.9886634349822998,0.0036081671714782715,True
codecontests_java_101,l2h14_lead_k_centered,-1.0000001192092896,1.0000001192092896,-2.000000238418579,False
codecontests_java_101,l2h14_z_centered,-0.9076733291149139,0.8980391621589661,-1.80571249127388,False
codecontests_java_101,mlp11_out_centered,0.15177500620484352,-0.3004324436187744,0.45220744982361794,True
apps_python_102,l2h14_lead_k,0.8967214822769165,0.9999920129776001,-0.1032705307006836,False
apps_python_102,l2h14_z,0.9406291246414185,0.9916523993015289,-0.051023274660110474,False
apps_python_102,mlp11_out,0.9930348098278046,0.9906571507453918,0.0023776590824127197,True
apps_python_102,l2h14_lead_k_centered,-0.99991375207901,0.9998371601104736,-1.9997509121894836,False
apps_python_102,l2h14_z_centered,-0.8108466267585754,0.794882595539093,-1.6057292222976685,False
apps_python_102,mlp11_out_centered,0.08643053099513054,-0.24523907154798508,0.3316696025431156,True
apps_python_103,l2h14_lead_k,0.8966465592384338,0.9999952614307404,-0.10334870219230652,False
apps_python_103,l2h14_z,0.9501145482063293,0.9951960444450378,-0.045081496238708496,False
apps_python_103,mlp11_out,0.9915997982025146,0.9881852865219116,0.0034145116806030273,True
apps_python_103,l2h14_lead_k_centered,-0.9999528527259827,0.9999015033245087,-1.9998543560504913,False
apps_python_103,l2h14_z_centered,-0.8663603663444519,0.8602257966995239,-1.7265861630439758,False
apps_python_103,mlp11_out_centered,0.1068927301093936,-0.25354260206222534,0.36043533217161894,True
mbpp_python_103,l2h14_lead_k,0.8966814279556274,0.999993085861206,-0.10331165790557861,False
mbpp_python_103,l2h14_z,0.9394442141056061,0.9872316718101501,-0.04778745770454407,False
mbpp_python_103,mlp11_out,0.9912278354167938,0.988340824842453,0.0028870105743408203,True
mbpp_python_103,l2h14_lead_k_centered,-0.9999231994152069,0.9998482167720795,-1.9997714161872864,False
mbpp_python_103,l2h14_z_centered,-0.7179999053478241,0.7074893116950989,-1.425489217042923,False
mbpp_python_103,mlp11_out_centered,0.08951621502637863,-0.2197139486670494,0.30923016369342804,True
apps_python_104,l2h14_lead_k,0.8967146277427673,1.0000001192092896,-0.10328549146652222,False
apps_python_104,l2h14_z,0.9489963352680206,0.9953740537166595,-0.046377718448638916,False
apps_python_104,mlp11_out,0.9910497665405273,0.9881722033023834,0.002877563238143921,True
apps_python_104,l2h14_lead_k_centered,-1.000000238418579,1.000000238418579,-2.000000476837158,False
apps_python_104,l2h14_z_centered,-0.8495684862136841,0.8398882448673248,-1.689456731081009,False
apps_python_104,mlp11_out_centered,0.09511976735666394,-0.22700445726513863,0.32212422462180257,True
apps_python_105,l2h14_lead_k,0.8965784907341003,1.0000000298023224,-0.10342153906822205,False
apps_python_105,l2h14_z,0.9500137865543365,0.9956256151199341,-0.045611828565597534,False
apps_python_105,mlp11_out,0.9923162162303925,0.9904616475105286,0.0018545687198638916,True
apps_python_105,l2h14_lead_k_centered,-1.0000001192092896,1.0000001192092896,-2.000000238418579,False
apps_python_105,l2h14_z_centered,-0.8568580746650696,0.8499326407909393,-1.706790715456009,False
apps_python_105,mlp11_out_centered,0.04706994816660881,-0.17562169581651688,0.2226916439831257,True
codecontests_java_105,l2h14_lead_k,0.8965784907341003,1.0000000298023224,-0.10342153906822205,False
codecontests_java_105,l2h14_z,0.9478197693824768,0.9953836500644684,-0.04756388068199158,False
codecontests_java_105,mlp11_out,0.9917702972888947,0.9871533215045929,0.004616975784301758,True
codecontests_java_105,l2h14_lead_k_centered,-1.0000001192092896,1.0000001192092896,-2.000000238418579,False
codecontests_java_105,l2h14_z_centered,-0.872315526008606,0.8626183271408081,-1.734933853149414,False
codecontests_java_105,mlp11_out_centered,0.21229267865419388,-0.34039825946092606,0.5526909381151199,True
apps_python_106,l2h14_lead_k,0.8966465592384338,0.9999952614307404,-0.10334870219230652,False
apps_python_106,l2h14_z,0.9527626633644104,0.994256317615509,-0.04149365425109863,False
apps_python_106,mlp11_out,0.9922288656234741,0.9916519224643707,0.0005769431591033936,True
apps_python_106,l2h14_lead_k_centered,-0.9999528527259827,0.9999015033245087,-1.9998543560504913,False
apps_python_106,l2h14_z_centered,-0.8097034990787506,0.8010164201259613,-1.610719919204712,False
apps_python_106,mlp11_out_centered,-0.041510242968797684,-0.09254658967256546,0.051036346703767776,True
codecontests_cpp_106,l2h14_lead_k,0.8966747522354126,0.9999959468841553,-0.10332119464874268,False
codecontests_cpp_106,l2h14_z,0.9571739435195923,0.9904255568981171,-0.03325161337852478,False
codecontests_cpp_106,mlp11_out,0.992868572473526,0.9921538829803467,0.0007146894931793213,True
codecontests_cpp_106,l2h14_lead_k_centered,-0.9999625086784363,0.9999235570430756,-1.9998860657215118,False
codecontests_cpp_106,l2h14_z_centered,-0.7110907137393951,0.6963088512420654,-1.4073995649814606,False
codecontests_cpp_106,mlp11_out_centered,-0.016429811716079712,-0.11598113551735878,0.09955132380127907,True
codecontests_java_106,l2h14_lead_k,0.8967182040214539,0.9999871551990509,-0.10326895117759705,False
codecontests_java_106,l2h14_z,0.9518542289733887,0.9930906891822815,-0.04123646020889282,False
codecontests_java_106,mlp11_out,0.9926444888114929,0.9887451231479645,0.0038993656635284424,True
codecontests_java_106,l2h14_lead_k_centered,-0.9998730719089508,0.9997536540031433,-1.9996267259120941,False
codecontests_java_106,l2h14_z_centered,-0.8189533650875092,0.807291567325592,-1.6262449324131012,False
codecontests_java_106,mlp11_out_centered,0.1948840618133545,-0.3518788516521454,0.5467629134654999,True
apps_python_107,l2h14_lead_k,0.8966465592384338,0.9999952614307404,-0.10334870219230652,False
apps_python_107,l2h14_z,0.956413745880127,0.9953563213348389,-0.038942575454711914,False
apps_python_107,mlp11_out,0.9917557239532471,0.9885154068470001,0.0032403171062469482,True
apps_python_107,l2h14_lead_k_centered,-0.9999528527259827,0.9999015033245087,-1.9998543560504913,False
apps_python_107,l2h14_z_centered,-0.8553812205791473,0.8481857180595398,-1.7035669386386871,False
apps_python_107,mlp11_out_centered,0.08678785432130098,-0.2420358657836914,0.3288237201049924,True
codecontests_java_107,l2h14_lead_k,0.8965784907341003,1.0000000298023224,-0.10342153906822205,False
codecontests_java_107,l2h14_z,0.9526544213294983,0.9966192245483398,-0.04396480321884155,False
codecontests_java_107,mlp11_out,0.9927380681037903,0.9871943891048431,0.0055436789989471436,True
codecontests_java_107,l2h14_lead_k_centered,-1.0000001192092896,1.0000001192092896,-2.000000238418579,False
codecontests_java_107,l2h14_z_centered,-0.9009894132614136,0.8922526240348816,-1.7932420372962952,False
codecontests_java_107,mlp11_out_centered,0.2841698080301285,-0.42994774878025055,0.714117556810379,True
apps_python_108,l2h14_lead_k,0.8965784907341003,1.0000000298023224,-0.10342153906822205,False
apps_python_108,l2h14_z,0.9459551870822906,0.9941418468952179,-0.048186659812927246,False
apps_python_108,mlp11_out,0.992573618888855,0.9908256530761719,0.0017479658126831055,True
apps_python_108,l2h14_lead_k_centered,-1.0000001192092896,1.0000001192092896,-2.000000238418579,False
apps_python_108,l2h14_z_centered,-0.8413690328598022,0.8305371403694153,-1.6719061732292175,False
apps_python_108,mlp11_out_centered,0.031983211636543274,-0.17598850280046463,0.2079717144370079,True
codecontests_cpp_108,l2h14_lead_k,0.8966465592384338,0.9999952614307404,-0.10334870219230652,False
codecontests_cpp_108,l2h14_z,0.9400488436222076,0.995835542678833,-0.055786699056625366,False
codecontests_cpp_108,mlp11_out,0.9937398433685303,0.9906290173530579,0.003110826015472412,True
codecontests_cpp_108,l2h14_lead_k_centered,-0.9999528527259827,0.9999015033245087,-1.9998543560504913,False
codecontests_cpp_108,l2h14_z_centered,-0.8934018611907959,0.8873095214366913,-1.7807113826274872,False
codecontests_cpp_108,mlp11_out_centered,0.18054675310850143,-0.31198248267173767,0.4925292357802391,True
codecontests_java_108,l2h14_lead_k,0.8965784907341003,1.0000000298023224,-0.10342153906822205,False
codecontests_java_108,l2h14_z,0.9427664279937744,0.9963454008102417,-0.053578972816467285,False
codecontests_java_108,mlp11_out,0.9918670654296875,0.9855588376522064,0.006308227777481079,True
codecontests_java_108,l2h14_lead_k_centered,-1.0000001192092896,1.0000001192092896,-2.000000238418579,False
codecontests_java_108,l2h14_z_centered,-0.9174206554889679,0.910773366689682,-1.82819402217865,False
codecontests_java_108,mlp11_out_centered,0.24776098132133484,-0.38664710521698,0.6344080865383148,True
humaneval_python_108,l2h14_lead_k,0.8967146277427673,1.0000001192092896,-0.10328549146652222,False
humaneval_python_108,l2h14_z,0.9468904435634613,0.9949570894241333,-0.048066645860672,False
humaneval_python_108,mlp11_out,0.9918583631515503,0.988635390996933,0.0032229721546173096,True
humaneval_python_108,l2h14_lead_k_centered,-1.000000238418579,1.000000238418579,-2.000000476837158,False
humaneval_python_108,l2h14_z_centered,-0.8602287173271179,0.8537247180938721,-1.71395343542099,False
humaneval_python_108,mlp11_out_centered,0.0991272609680891,-0.236576110124588,0.3357033710926771,True
apps_python_109,l2h14_lead_k,0.8968513011932373,0.9999943673610687,-0.10314306616783142,False
apps_python_109,l2h14_z,0.9350899457931519,0.9910553693771362,-0.055965423583984375,False
apps_python_109,mlp11_out,0.993219643831253,0.9902197122573853,0.002999931573867798,True
apps_python_109,l2h14_lead_k_centered,-0.9999384582042694,0.9998914003372192,-1.9998298585414886,False
apps_python_109,l2h14_z_centered,-0.8143927156925201,0.8049415349960327,-1.6193342506885529,False
apps_python_109,mlp11_out_centered,0.13316128449514508,-0.25981245934963226,0.39297374384477735,True
codecontests_cpp_109,l2h14_lead_k,0.8966465592384338,0.9999952614307404,-0.10334870219230652,False
codecontests_cpp_109,l2h14_z,0.9462617635726929,0.9947250485420227,-0.048463284969329834,False
codecontests_cpp_109,mlp11_out,0.9940252602100372,0.9929410219192505,0.0010842382907867432,True
codecontests_cpp_109,l2h14_lead_k_centered,-0.9999528527259827,0.9999015033245087,-1.9998543560504913,False
codecontests_cpp_109,l2h14_z_centered,-0.8621586859226227,0.8554403781890869,-1.7175990641117096,False
codecontests_cpp_109,mlp11_out_centered,0.01248108595609665,-0.14474453404545784,0.1572256200015545,True
codecontests_java_109,l2h14_lead_k,0.8965784907341003,1.0000000298023224,-0.10342153906822205,False
codecontests_java_109,l2h14_z,0.946701854467392,0.9970562160015106,-0.05035436153411865,False
codecontests_java_109,mlp11_out,0.9930145740509033,0.9894779324531555,0.0035366415977478027,True
codecontests_java_109,l2h14_lead_k_centered,-1.0000001192092896,1.0000001192092896,-2.000000238418579,False
codecontests_java_109,l2h14_z_centered,-0.9192736148834229,0.9113900661468506,-1.8306636810302734,False
codecontests_java_109,mlp11_out_centered,0.20503947883844376,-0.30861829966306686,0.5136577785015106,True
humaneval_python_109,l2h14_lead_k,0.8966465592384338,0.9999952614307404,-0.10334870219230652,False
humaneval_python_109,l2h14_z,0.9503880143165588,0.9967288374900818,-0.04634082317352295,False
humaneval_python_109,mlp11_out,0.9902855753898621,0.9879017472267151,0.0023838281631469727,True
humaneval_python_109,l2h14_lead_k_centered,-0.9999528527259827,0.9999015033245087,-1.9998543560504913,False
humaneval_python_109,l2h14_z_centered,-0.8883823752403259,0.881499707698822,-1.769882082939148,False
humaneval_python_109,mlp11_out_centered,0.04092719033360481,-0.15003564208745956,0.19096283242106438,True
apps_python_110,l2h14_lead_k,0.8966465592384338,0.9999952614307404,-0.10334870219230652,False
apps_python_110,l2h14_z,0.9481411874294281,0.9933902025222778,-0.04524901509284973,False
apps_python_110,mlp11_out,0.9920983910560608,0.9877308011054993,0.0043675899505615234,True
apps_python_110,l2h14_lead_k_centered,-0.9999528527259827,0.9999015033245087,-1.9998543560504913,False
apps_python_110,l2h14_z_centered,-0.8060865998268127,0.8002873659133911,-1.6063739657402039,False
apps_python_110,mlp11_out_centered,0.1672327034175396,-0.32057178020477295,0.48780448362231255,True
codecontests_cpp_110,l2h14_lead_k,0.8966465592384338,0.9999952614307404,-0.10334870219230652,False
codecontests_cpp_110,l2h14_z,0.9405110478401184,0.9937680661678314,-0.05325701832771301,False
codecontests_cpp_110,mlp11_out,0.9928976893424988,0.9904850125312805,0.0024126768112182617,True
codecontests_cpp_110,l2h14_lead_k_centered,-0.9999528527259827,0.9999015033245087,-1.9998543560504913,False
codecontests_cpp_110,l2h14_z_centered,-0.8482120037078857,0.8395817577838898,-1.6877937614917755,False
codecontests_cpp_110,mlp11_out_centered,0.15399427898228168,-0.27628467231988907,0.43027895130217075,True
codecontests_java_110,l2h14_lead_k,0.8965784907341003,1.0000000298023224,-0.10342153906822205,False
codecontests_java_110,l2h14_z,0.9526151716709137,0.9968619644641876,-0.044246792793273926,False
codecontests_java_110,mlp11_out,0.9922110736370087,0.9887290298938751,0.003482043743133545,True
codecontests_java_110,l2h14_lead_k_centered,-1.0000001192092896,1.0000001192092896,-2.000000238418579,False
codecontests_java_110,l2h14_z_centered,-0.9061425030231476,0.8966707289218903,-1.8028132319450378,False
codecontests_java_110,mlp11_out_centered,0.1467544436454773,-0.30188771337270737,0.44864215701818466,True
apps_python_111,l2h14_lead_k,0.8965784907341003,1.0000000298023224,-0.10342153906822205,False
apps_python_111,l2h14_z,0.9444481730461121,0.9947373270988464,-0.050289154052734375,False
apps_python_111,mlp11_out,0.9898637235164642,0.9880989193916321,0.0017648041248321533,True
apps_python_111,l2h14_lead_k_centered,-1.0000001192092896,1.0000001192092896,-2.000000238418579,False
apps_python_111,l2h14_z_centered,-0.84700608253479,0.842026561498642,-1.689032644033432,False
apps_python_111,mlp11_out_centered,0.04045800864696503,-0.15058072097599506,0.1910387296229601,True
apps_python_112,l2h14_lead_k,0.8967146277427673,1.0000001192092896,-0.10328549146652222,False
apps_python_112,l2h14_z,0.9531903862953186,0.9954590797424316,-0.04226869344711304,False
apps_python_112,mlp11_out,0.9921684563159943,0.9893934428691864,0.0027750134468078613,True
apps_python_112,l2h14_lead_k_centered,-1.000000238418579,1.000000238418579,-2.000000476837158,False
apps_python_112,l2h14_z_centered,-0.8562508523464203,0.8496428728103638,-1.705893725156784,False
apps_python_112,mlp11_out_centered,0.09563198825344443,-0.20799848437309265,0.3036304726265371,True
codecontests_cpp_112,l2h14_lead_k,0.8966465592384338,0.9999952614307404,-0.10334870219230652,False
codecontests_cpp_112,l2h14_z,0.93837770819664,0.9937586486339569,-0.055380940437316895,False
codecontests_cpp_112,mlp11_out,0.9933810234069824,0.9899172782897949,0.0034637451171875,True
codecontests_cpp_112,l2h14_lead_k_centered,-0.9999528527259827,0.9999015033245087,-1.9998543560504913,False
codecontests_cpp_112,l2h14_z_centered,-0.851821094751358,0.8422693610191345,-1.6940904557704926,False
codecontests_cpp_112,mlp11_out_centered,0.16649243235588074,-0.2900887206196785,0.45658115297555923,True
codecontests_java_112,l2h14_lead_k,0.8967146277427673,1.0000001192092896,-0.10328549146652222,False
codecontests_java_112,l2h14_z,0.9464763700962067,0.996478408575058,-0.05000203847885132,False
codecontests_java_112,mlp11_out,0.9917521774768829,0.9872158765792847,0.004536300897598267,True
codecontests_java_112,l2h14_lead_k_centered,-1.000000238418579,1.000000238418579,-2.000000476837158,False
codecontests_java_112,l2h14_z_centered,-0.902251124382019,0.8934240639209747,-1.7956751883029938,False
codecontests_java_112,mlp11_out_centered,0.17057157680392265,-0.33652468025684357,0.5070962570607662,True
humaneval_python_112,l2h14_lead_k,0.8966465592384338,0.9999952614307404,-0.10334870219230652,False
humaneval_python_112,l2h14_z,0.9461037516593933,0.9951435625553131,-0.0490398108959198,False
humaneval_python_112,mlp11_out,0.9907142221927643,0.9876904189586639,0.003023803234100342,True
humaneval_python_112,l2h14_lead_k_centered,-0.9999528527259827,0.9999015033245087,-1.9998543560504913,False
humaneval_python_112,l2h14_z_centered,-0.877610981464386,0.8720808625221252,-1.7496918439865112,False
humaneval_python_112,mlp11_out_centered,0.06262838281691074,-0.20600707828998566,0.2686354611068964,True
mbpp_python_112,l2h14_lead_k,0.8968112468719482,1.0,-0.10318875312805176,False
mbpp_python_112,l2h14_z,0.9477289915084839,0.9964325129985809,-0.048703521490097046,False
mbpp_python_112,mlp11_out,0.9902179837226868,0.9885714054107666,0.001646578311920166,True
mbpp_python_112,l2h14_lead_k_centered,-1.0,1.0,-2.0,False
mbpp_python_112,l2h14_z_centered,-0.8952015340328217,0.8891026377677917,-1.7843041718006134,False
mbpp_python_112,mlp11_out_centered,0.04926631972193718,-0.14670813456177711,0.1959744542837143,True
apps_python_113,l2h14_lead_k,0.8965784907341003,1.0000000298023224,-0.10342153906822205,False
apps_python_113,l2h14_z,0.9467490911483765,0.9937724471092224,-0.04702335596084595,False
apps_python_113,mlp11_out,0.9921517074108124,0.990248829126358,0.0019028782844543457,True
apps_python_113,l2h14_lead_k_centered,-1.0000001192092896,1.0000001192092896,-2.000000238418579,False
apps_python_113,l2h14_z_centered,-0.8084801435470581,0.7994821965694427,-1.6079623401165009,False
apps_python_113,mlp11_out_centered,0.05626982823014259,-0.19182414561510086,0.24809397384524345,True
codecontests_cpp_113,l2h14_lead_k,0.8966465592384338,0.9999952614307404,-0.10334870219230652,False
codecontests_cpp_113,l2h14_z,0.9438606202602386,0.994138240814209,-0.05027762055397034,False
codecontests_cpp_113,mlp11_out,0.9927892982959747,0.9919183850288391,0.0008709132671356201,True
codecontests_cpp_113,l2h14_lead_k_centered,-0.9999528527259827,0.9999015033245087,-1.9998543560504913,False
codecontests_cpp_113,l2h14_z_centered,-0.8455595374107361,0.8383289277553558,-1.683888465166092,False
codecontests_cpp_113,mlp11_out_centered,-0.022777047008275986,-0.11656050942838192,0.09378346242010593,True
codecontests_java_113,l2h14_lead_k,0.8966465592384338,0.9999952614307404,-0.10334870219230652,False
codecontests_java_113,l2h14_z,0.9482078552246094,0.9963166117668152,-0.04810875654220581,False
codecontests_java_113,mlp11_out,0.9927264451980591,0.9888359904289246,0.0038904547691345215,True
codecontests_java_113,l2h14_lead_k_centered,-0.9999528527259827,0.9999015033245087,-1.9998543560504913,False
codecontests_java_113,l2h14_z_centered,-0.9047196805477142,0.8976126611232758,-1.80233234167099,False
codecontests_java_113,mlp11_out_centered,0.1828092858195305,-0.3117782324552536,0.4945875182747841,True
apps_python_114,l2h14_lead_k,0.8965784907341003,1.0000000298023224,-0.10342153906822205,False
apps_python_114,l2h14_z,0.9495202302932739,0.9954251945018768,-0.045904964208602905,False
apps_python_114,mlp11_out,0.9917187392711639,0.9900735318660736,0.001645207405090332,True
apps_python_114,l2h14_lead_k_centered,-1.0000001192092896,1.0000001192092896,-2.000000238418579,False
apps_python_114,l2h14_z_centered,-0.8588366806507111,0.8513166308403015,-1.7101533114910126,False
apps_python_114,mlp11_out_centered,0.03493291512131691,-0.1722472533583641,0.20718016847968102,True
codecontests_cpp_114,l2h14_lead_k,0.8965784907341003,1.0000000298023224,-0.10342153906822205,False
codecontests_cpp_114,l2h14_z,0.9506521821022034,0.9957976341247559,-0.04514545202255249,False
codecontests_cpp_114,mlp11_out,0.9921732842922211,0.9890766739845276,0.0030966103076934814,True
codecontests_cpp_114,l2h14_lead_k_centered,-1.0000001192092896,1.0000001192092896,-2.000000238418579,False
codecontests_cpp_114,l2h14_z_centered,-0.8748916387557983,0.8640094101428986,-1.738901048898697,False
codecontests_cpp_114,mlp11_out_centered,0.12311629112809896,-0.24210138618946075,0.3652176773175597,True
codecontests_java_114,l2h14_lead_k,0.8965784907341003,1.0000000298023224,-0.10342153906822205,False
codecontests_java_114,l2h14_z,0.9468634128570557,0.9964785873889923,-0.049615174531936646,False
codecontests_java_114,mlp11_out,0.991605132818222,0.9848610460758209,0.006744086742401123,True
codecontests_java_114,l2h14_lead_k_centered,-1.0000001192092896,1.0000001192092896,-2.000000238418579,False
codecontests_java_114,l2h14_z_centered,-0.9121931493282318,0.9040891528129578,-1.8162823021411896,False
codecontests_java_114,mlp11_out_centered,0.27854546904563904,-0.4328751116991043,0.7114205807447433,True
codecontests_cpp_115,l2h14_lead_k,0.8965359032154083,0.9999971985816956,-0.10346129536628723,False
codecontests_cpp_115,l2h14_z,0.9570492506027222,0.9892215728759766,-0.032172322273254395,False
codecontests_cpp_115,mlp11_out,0.9931154847145081,0.9916114807128906,0.0015040040016174316,True
codecontests_cpp_115,l2h14_lead_k_centered,-0.9999744892120361,0.9999446272850037,-1.9999191164970398,False
codecontests_cpp_115,l2h14_z_centered,-0.6675297021865845,0.6493269205093384,-1.3168566226959229,False
codecontests_cpp_115,mlp11_out_centered,0.060444751754403114,-0.19849929958581924,0.25894405134022236,True
codecontests_java_115,l2h14_lead_k,0.8967039585113525,0.9999855756759644,-0.10328161716461182,False
codecontests_java_115,l2h14_z,0.952747106552124,0.9924702346324921,-0.03972312808036804,False
codecontests_java_115,mlp11_out,0.9926919937133789,0.9868733882904053,0.005818605422973633,True
codecontests_java_115,l2h14_lead_k_centered,-0.9998372495174408,0.9997093677520752,-1.999546617269516,False
codecontests_java_115,l2h14_z_centered,-0.8030518889427185,0.7888014614582062,-1.5918533504009247,False
codecontests_java_115,mlp11_out_centered,0.30805087089538574,-0.423966720700264,0.7320175915956497,True
humaneval_python_115,l2h14_lead_k,0.8965784907341003,1.0000000298023224,-0.10342153906822205,False
humaneval_python_115,l2h14_z,0.9489644765853882,0.9951626062393188,-0.046198129653930664,False
humaneval_python_115,mlp11_out,0.9911561012268066,0.9879481494426727,0.003207951784133911,True
humaneval_python_115,l2h14_lead_k_centered,-1.0000001192092896,1.0000001192092896,-2.000000238418579,False
humaneval_python_115,l2h14_z_centered,-0.8750216066837311,0.8674274682998657,-1.7424490749835968,False
humaneval_python_115,mlp11_out_centered,0.09695706330239773,-0.2381834052503109,0.3351404685527086,True
mbpp_python_115,l2h14_lead_k,0.8968112468719482,1.0,-0.10318875312805176,False
mbpp_python_115,l2h14_z,0.9523497521877289,0.994226723909378,-0.04187697172164917,False
mbpp_python_115,mlp11_out,0.9903831481933594,0.987313985824585,0.003069162368774414,True
mbpp_python_115,l2h14_lead_k_centered,-1.0,1.0,-2.0,False
mbpp_python_115,l2h14_z_centered,-0.8262198865413666,0.8207078278064728,-1.6469277143478394,False
mbpp_python_115,mlp11_out_centered,0.06665777508169413,-0.2062666304409504,0.2729244055226445,True
apps_python_116,l2h14_lead_k,0.8967214822769165,0.9999920129776001,-0.1032705307006836,False
apps_python_116,l2h14_z,0.9553607404232025,0.9953145980834961,-0.03995385766029358,False
apps_python_116,mlp11_out,0.9907243847846985,0.9876230955123901,0.0031012892723083496,True
apps_python_116,l2h14_lead_k_centered,-0.99991375207901,0.9998371601104736,-1.9997509121894836,False
apps_python_116,l2h14_z_centered,-0.8404484391212463,0.8329525291919708,-1.6734009683132172,False
apps_python_116,mlp11_out_centered,0.11507071927189827,-0.2304048389196396,0.34547555819153786,True
codecontests_cpp_116,l2h14_lead_k,0.8966747522354126,0.9999959468841553,-0.10332119464874268,False
codecontests_cpp_116,l2h14_z,0.957549124956131,0.9919111132621765,-0.03436198830604553,False
codecontests_cpp_116,mlp11_out,0.9939461648464203,0.991448312997818,0.002497851848602295,True
codecontests_cpp_116,l2h14_lead_k_centered,-0.9999625086784363,0.9999235570430756,-1.9998860657215118,False
codecontests_cpp_116,l2h14_z_centered,-0.7421196103096008,0.7261689603328705,-1.4682885706424713,False
codecontests_cpp_116,mlp11_out_centered,0.17795614898204803,-0.31314054131507874,0.49109669029712677,True
codecontests_java_116,l2h14_lead_k,0.8967639803886414,0.9999963045120239,-0.10323232412338257,False
codecontests_java_116,l2h14_z,0.956826776266098,0.9927161633968353,-0.035889387130737305,False
codecontests_java_116,mlp11_out,0.9925082623958588,0.9868420958518982,0.005666166543960571,True
codecontests_java_116,l2h14_lead_k_centered,-0.999972403049469,0.9999253749847412,-1.9998977780342102,False
codecontests_java_116,l2h14_z_centered,-0.7692394256591797,0.749504566192627,-1.5187439918518066,False
codecontests_java_116,mlp11_out_centered,0.30076949298381805,-0.437287837266922,0.73805733025074,True
humaneval_python_116,l2h14_lead_k,0.8966465592384338,0.9999952614307404,-0.10334870219230652,False
humaneval_python_116,l2h14_z,0.9390436708927155,0.9935919940471649,-0.05454832315444946,False
humaneval_python_116,mlp11_out,0.9896833002567291,0.9870880246162415,0.002595275640487671,True
humaneval_python_116,l2h14_lead_k_centered,-0.9999528527259827,0.9999015033245087,-1.9998543560504913,False
humaneval_python_116,l2h14_z_centered,-0.8405743837356567,0.8288328647613525,-1.6694072484970093,False
humaneval_python_116,mlp11_out_centered,0.056749001145362854,-0.19444813206791878,0.25119713321328163,True
apps_python_117,l2h14_lead_k,0.8966465592384338,0.9999952614307404,-0.10334870219230652,False
apps_python_117,l2h14_z,0.9520739912986755,0.9964967966079712,-0.044422805309295654,False
apps_python_117,mlp11_out,0.9918311834335327,0.9900290369987488,0.0018021464347839355,True
apps_python_117,l2h14_lead_k_centered,-0.9999528527259827,0.9999015033245087,-1.9998543560504913,False
apps_python_117,l2h14_z_centered,-0.8905358612537384,0.884433388710022,-1.7749692499637604,False
apps_python_117,mlp11_out_centered,0.04341820627450943,-0.1601753868162632,0.20359359309077263,True
codecontests_cpp_117,l2h14_lead_k,0.8967146277427673,1.0000001192092896,-0.10328549146652222,False
codecontests_cpp_117,l2h14_z,0.9528307020664215,0.9944494068622589,-0.0416187047958374,False
codecontests_cpp_117,mlp11_out,0.9937087595462799,0.9921792149543762,0.0015295445919036865,True
codecontests_cpp_117,l2h14_lead_k_centered,-1.000000238418579,1.000000238418579,-2.000000476837158,False
codecontests_cpp_117,l2h14_z_centered,-0.8384493291378021,0.8294829726219177,-1.6679323017597198,False
codecontests_cpp_117,mlp11_out_centered,0.06483174301683903,-0.20416969060897827,0.2690014336258173,True
codecontests_java_117,l2h14_lead_k,0.8966465592384338,0.9999952614307404,-0.10334870219230652,False
codecontests_java_117,l2h14_z,0.9545158743858337,0.9967679381370544,-0.0422520637512207,False
codecontests_java_117,mlp11_out,0.9937683343887329,0.9892277717590332,0.004540562629699707,True
codecontests_java_117,l2h14_lead_k_centered,-0.9999528527259827,0.9999015033245087,-1.9998543560504913,False
codecontests_java_117,l2h14_z_centered,-0.903082549571991,0.8948442935943604,-1.7979268431663513,False
codecontests_java_117,mlp11_out_centered,0.25914763659238815,-0.38003669679164886,0.639184333384037,True
mbpp_python_117,l2h14_lead_k,0.8965784907341003,1.0000000298023224,-0.10342153906822205,False
mbpp_python_117,l2h14_z,0.9485730528831482,0.9962045252323151,-0.04763147234916687,False
mbpp_python_117,mlp11_out,0.9925947785377502,0.9898778200149536,0.002716958522796631,True
mbpp_python_117,l2h14_lead_k_centered,-1.0000001192092896,1.0000001192092896,-2.000000238418579,False
mbpp_python_117,l2h14_z_centered,-0.8769908249378204,0.8699166476726532,-1.7469074726104736,False
mbpp_python_117,mlp11_out_centered,0.1219363808631897,-0.2424810826778412,0.3644174635410309,True
apps_python_118,l2h14_lead_k,0.8966465592384338,0.9999952614307404,-0.10334870219230652,False
apps_python_118,l2h14_z,0.9500787854194641,0.9964639246463776,-0.04638513922691345,False
apps_python_118,mlp11_out,0.9914274215698242,0.9893214702606201,0.0021059513092041016,True
apps_python_118,l2h14_lead_k_centered,-0.9999528527259827,0.9999015033245087,-1.9998543560504913,False
apps_python_118,l2h14_z_centered,-0.880851149559021,0.8733058571815491,-1.75415700674057,False
apps_python_118,mlp11_out_centered,0.043554688803851604,-0.1637742593884468,0.2073289481922984,True
codecontests_cpp_118,l2h14_lead_k,0.8966465592384338,0.9999952614307404,-0.10334870219230652,False
codecontests_cpp_118,l2h14_z,0.9426074624061584,0.9950217604637146,-0.05241429805755615,False
codecontests_cpp_118,mlp11_out,0.9934254288673401,0.9924370646476746,0.0009883642196655273,True
codecontests_cpp_118,l2h14_lead_k_centered,-0.9999528527259827,0.9999015033245087,-1.9998543560504913,False
codecontests_cpp_118,l2h14_z_centered,-0.878316730260849,0.8722938299179077,-1.7506105601787567,False
codecontests_cpp_118,mlp11_out_centered,-0.010940414853394032,-0.13082465901970863,0.1198842441663146,True
codecontests_java_118,l2h14_lead_k,0.8967146277427673,1.0000001192092896,-0.10328549146652222,False
codecontests_java_118,l2h14_z,0.9470321536064148,0.9963291585445404,-0.04929700493812561,False
codecontests_java_118,mlp11_out,0.9923762381076813,0.9878146350383759,0.00456160306930542,True
codecontests_java_118,l2h14_lead_k_centered,-1.000000238418579,1.000000238418579,-2.000000476837158,False
codecontests_java_118,l2h14_z_centered,-0.9086034893989563,0.9015222191810608,-1.810125708580017,False
codecontests_java_118,mlp11_out_centered,0.22275768965482712,-0.34441468119621277,0.5671723708510399,True
apps_python_119,l2h14_lead_k,0.8966465592384338,0.9999952614307404,-0.10334870219230652,False
apps_python_119,l2h14_z,0.9472693800926208,0.9959894418716431,-0.04872006177902222,False
apps_python_119,mlp11_out,0.9927619695663452,0.9908119738101959,0.001949995756149292,True
apps_python_119,l2h14_lead_k_centered,-0.9999528527259827,0.9999015033245087,-1.9998543560504913,False
apps_python_119,l2h14_z_centered,-0.886517196893692,0.8805751204490662,-1.7670923173427582,False
apps_python_119,mlp11_out_centered,0.0589611791074276,-0.18766377866268158,0.24662495777010918,True
humaneval_python_119,l2h14_lead_k,0.8965784907341003,1.0000000298023224,-0.10342153906822205,False
humaneval_python_119,l2h14_z,0.9504642486572266,0.9957239925861359,-0.0452597439289093,False
humaneval_python_119,mlp11_out,0.9919758439064026,0.9868045449256897,0.005171298980712891,True
humaneval_python_119,l2h14_lead_k_centered,-1.0000001192092896,1.0000001192092896,-2.000000238418579,False
humaneval_python_119,l2h14_z_centered,-0.8820084035396576,0.87593013048172,-1.7579385340213776,False
humaneval_python_119,mlp11_out_centered,0.18907059356570244,-0.3101939260959625,0.49926451966166496,True
apps_python_120,l2h14_lead_k,0.8966465592384338,0.9999952614307404,-0.10334870219230652,False
apps_python_120,l2h14_z,0.9471104741096497,0.9947376251220703,-0.047627151012420654,False
apps_python_120,mlp11_out,0.9896646738052368,0.9880011081695557,0.0016635656356811523,True
apps_python_120,l2h14_lead_k_centered,-0.9999528527259827,0.9999015033245087,-1.9998543560504913,False
apps_python_120,l2h14_z_centered,-0.8301628828048706,0.8219015002250671,-1.6520643830299377,False
apps_python_120,mlp11_out_centered,0.016240589320659637,-0.1309812106192112,0.14722179993987083,True
codecontests_java_120,l2h14_lead_k,0.8965784907341003,1.0000000298023224,-0.10342153906822205,False
codecontests_java_120,l2h14_z,0.9483092725276947,0.9961552917957306,-0.04784601926803589,False
codecontests_java_120,mlp11_out,0.9905287623405457,0.9837196469306946,0.006809115409851074,True
codecontests_java_120,l2h14_lead_k_centered,-1.0000001192092896,1.0000001192092896,-2.000000238418579,False
codecontests_java_120,l2h14_z_centered,-0.8972510099411011,0.8853141963481903,-1.7825652062892914,False
codecontests_java_120,mlp11_out_centered,0.24439740926027298,-0.3852234482765198,0.6296208575367928,True
humaneval_python_120,l2h14_lead_k,0.8968513011932373,0.9999943673610687,-0.10314306616783142,False
humaneval_python_120,l2h14_z,0.946978747844696,0.9971098303794861,-0.05013108253479004,False
humaneval_python_120,mlp11_out,0.9910557568073273,0.989264190196991,0.0017915666103363037,True
humaneval_python_120,l2h14_lead_k_centered,-0.9999384582042694,0.9998914003372192,-1.9998298585414886,False
humaneval_python_120,l2h14_z_centered,-0.9137760996818542,0.9093231558799744,-1.8230992555618286,False
humaneval_python_120,mlp11_out_centered,0.0407068133354187,-0.15300703421235085,0.19371384754776955,True
apps_python_121,l2h14_lead_k,0.8966465592384338,0.9999952614307404,-0.10334870219230652,False
apps_python_121,l2h14_z,0.9497618973255157,0.9951593279838562,-0.045397430658340454,False
apps_python_121,mlp11_out,0.9909595847129822,0.9895362555980682,0.0014233291149139404,True
apps_python_121,l2h14_lead_k_centered,-0.9999528527259827,0.9999015033245087,-1.9998543560504913,False
apps_python_121,l2h14_z_centered,-0.8431964218616486,0.8347665667533875,-1.677962988615036,False
apps_python_121,mlp11_out_centered,0.023634854704141617,-0.16227095015347004,0.18590580485761166,True
codecontests_java_121,l2h14_lead_k,0.8966465592384338,0.9999952614307404,-0.10334870219230652,False
codecontests_java_121,l2h14_z,0.9507368505001068,0.9963217377662659,-0.04558488726615906,False
codecontests_java_121,mlp11_out,0.9928218126296997,0.9881798624992371,0.0046419501304626465,True
codecontests_java_121,l2h14_lead_k_centered,-0.9999528527259827,0.9999015033245087,-1.9998543560504913,False
codecontests_java_121,l2h14_z_centered,-0.901724100112915,0.8954373598098755,-1.7971614599227905,False
codecontests_java_121,mlp11_out_centered,0.20085987076163292,-0.36277230083942413,0.563632171601057,True
humaneval_python_121,l2h14_lead_k,0.8965784907341003,1.0000000298023224,-0.10342153906822205,False
humaneval_python_121,l2h14_z,0.9480787813663483,0.9956853091716766,-0.04760652780532837,False
humaneval_python_121,mlp11_out,0.9924293160438538,0.9886172413825989,0.003812074661254883,True
humaneval_python_121,l2h14_lead_k_centered,-1.0000001192092896,1.0000001192092896,-2.000000238418579,False
humaneval_python_121,l2h14_z_centered,-0.8668917119503021,0.8598998486995697,-1.7267915606498718,False
humaneval_python_121,mlp11_out_centered,0.16229581460356712,-0.27268899977207184,0.43498481437563896,True
apps_python_122,l2h14_lead_k,0.8965784907341003,1.0000000298023224,-0.10342153906822205,False
apps_python_122,l2h14_z,0.9504033029079437,0.9933264851570129,-0.042923182249069214,False
apps_python_122,mlp11_out,0.9915075898170471,0.9876438975334167,0.003863692283630371,True
apps_python_122,l2h14_lead_k_centered,-1.0000001192092896,1.0000001192092896,-2.000000238418579,False
apps_python_122,l2h14_z_centered,-0.8196586966514587,0.8146150708198547,-1.6342737674713135,False
apps_python_122,mlp11_out_centered,0.15102435927838087,-0.27466508001089096,0.42568943928927183,True
codecontests_java_122,l2h14_lead_k,0.8968112468719482,1.0,-0.10318875312805176,False
codecontests_java_122,l2h14_z,0.9415274858474731,0.9948545098304749,-0.05332702398300171,False
codecontests_java_122,mlp11_out,0.9924767315387726,0.9895713329315186,0.0029053986072540283,True
codecontests_java_122,l2h14_lead_k_centered,-1.0,1.0,-2.0,False
codecontests_java_122,l2h14_z_centered,-0.8790220022201538,0.8687880039215088,-1.7478100061416626,False
codecontests_java_122,mlp11_out_centered,0.14111895859241486,-0.2741856724023819,0.41530463099479675,True
apps_python_123,l2h14_lead_k,0.8966465592384338,0.9999952614307404,-0.10334870219230652,False
apps_python_123,l2h14_z,0.9375354647636414,0.9944062530994415,-0.05687078833580017,False
apps_python_123,mlp11_out,0.9877819716930389,0.983325332403183,0.004456639289855957,True
apps_python_123,l2h14_lead_k_centered,-0.9999528527259827,0.9999015033245087,-1.9998543560504913,False
apps_python_123,l2h14_z_centered,-0.8681751191616058,0.861575186252594,-1.7297503054141998,False
apps_python_123,mlp11_out_centered,0.11053087003529072,-0.23554080724716187,0.3460716772824526,True
codecontests_cpp_123,l2h14_lead_k,0.8966465592384338,0.9999952614307404,-0.10334870219230652,False
codecontests_cpp_123,l2h14_z,0.9481347501277924,0.9936403632164001,-0.04550561308860779,False
codecontests_cpp_123,mlp11_out,0.9929767847061157,0.990179181098938,0.0027976036071777344,True
codecontests_cpp_123,l2h14_lead_k_centered,-0.9999528527259827,0.9999015033245087,-1.9998543560504913,False
codecontests_cpp_123,l2h14_z_centered,-0.8326848447322845,0.8230540454387665,-1.655738890171051,False
codecontests_cpp_123,mlp11_out_centered,0.13961620442569256,-0.27552593499422073,0.4151421394199133,True
codecontests_java_123,l2h14_lead_k,0.8966465592384338,0.9999952614307404,-0.10334870219230652,False
codecontests_java_123,l2h14_z,0.9482767581939697,0.9965327978134155,-0.0482560396194458,False
codecontests_java_123,mlp11_out,0.991618275642395,0.9902021586894989,0.0014161169528961182,True
codecontests_java_123,l2h14_lead_k_centered,-0.9999528527259827,0.9999015033245087,-1.9998543560504913,False
codecontests_java_123,l2h14_z_centered,-0.902748703956604,0.8937938213348389,-1.7965425252914429,False
codecontests_java_123,mlp11_out_centered,-0.013870803639292717,-0.14284729212522507,0.12897648848593235,True
apps_python_124,l2h14_lead_k,0.8967868685722351,0.9999926090240479,-0.10320574045181274,False
apps_python_124,l2h14_z,0.9493053257465363,0.9967001378536224,-0.04739481210708618,False
apps_python_124,mlp11_out,0.9892266690731049,0.9875067472457886,0.0017199218273162842,True
apps_python_124,l2h14_lead_k_centered,-0.9999180734157562,0.9998252391815186,-1.9997433125972748,False
apps_python_124,l2h14_z_centered,-0.9021259844303131,0.8950250446796417,-1.7971510291099548,False
apps_python_124,mlp11_out_centered,0.01880038157105446,-0.12468225881457329,0.14348264038562775,True
codecontests_cpp_124,l2h14_lead_k,0.8965784907341003,1.0000000298023224,-0.10342153906822205,False
codecontests_cpp_124,l2h14_z,0.9471995830535889,0.9949424266815186,-0.04774284362792969,False
codecontests_cpp_124,mlp11_out,0.9926628172397614,0.9887357950210571,0.003927022218704224,True
codecontests_cpp_124,l2h14_lead_k_centered,-1.0000001192092896,1.0000001192092896,-2.000000238418579,False
codecontests_cpp_124,l2h14_z_centered,-0.8629936873912811,0.8559882640838623,-1.7189819514751434,False
codecontests_cpp_124,mlp11_out_centered,0.18570106476545334,-0.3122326284646988,0.49793369323015213,True
codecontests_java_124,l2h14_lead_k,0.8966465592384338,0.9999952614307404,-0.10334870219230652,False
codecontests_java_124,l2h14_z,0.9501588940620422,0.9967840015888214,-0.046625107526779175,False
codecontests_java_124,mlp11_out,0.9924204051494598,0.9892983138561249,0.003122091293334961,True
codecontests_java_124,l2h14_lead_k_centered,-0.9999528527259827,0.9999015033245087,-1.9998543560504913,False
codecontests_java_124,l2h14_z_centered,-0.9063419699668884,0.898773729801178,-1.8051156997680664,False
codecontests_java_124,mlp11_out_centered,0.11195582896471024,-0.25681522488594055,0.3687710538506508,True
humaneval_python_124,l2h14_lead_k,0.8965784907341003,1.0000000298023224,-0.10342153906822205,False
humaneval_python_124,l2h14_z,0.9482970237731934,0.9965750575065613,-0.04827803373336792,False
humaneval_python_124,mlp11_out,0.9913852214813232,0.9896955192089081,0.0016897022724151611,True
humaneval_python_124,l2h14_lead_k_centered,-1.0000001192092896,1.0000001192092896,-2.000000238418579,False
humaneval_python_124,l2h14_z_centered,-0.8861727118492126,0.8787817060947418,-1.7649544179439545,False
humaneval_python_124,mlp11_out_centered,0.02687265258282423,-0.13920117914676666,0.1660738317295909,True
apps_python_125,l2h14_lead_k,0.8966948688030243,0.9999824464321136,-0.10328757762908936,False
apps_python_125,l2h14_z,0.9538087546825409,0.9956541657447815,-0.0418454110622406,False
apps_python_125,mlp11_out,0.9892734885215759,0.9862604141235352,0.0030130743980407715,True
apps_python_125,l2h14_lead_k_centered,-0.9998359382152557,0.999611496925354,-1.9994474351406097,False
apps_python_125,l2h14_z_centered,-0.8561175167560577,0.8484557569026947,-1.7045732736587524,False
apps_python_125,mlp11_out_centered,0.0604860030580312,-0.18049538880586624,0.24098139186389744,True
codecontests_cpp_125,l2h14_lead_k,0.8966465592384338,0.9999952614307404,-0.10334870219230652,False
codecontests_cpp_125,l2h14_z,0.9452327489852905,0.9945938885211945,-0.04936113953590393,False
codecontests_cpp_125,mlp11_out,0.9928914904594421,0.9914601445198059,0.0014313459396362305,True
codecontests_cpp_125,l2h14_lead_k_centered,-0.9999528527259827,0.9999015033245087,-1.9998543560504913,False
codecontests_cpp_125,l2h14_z_centered,-0.8531138598918915,0.8457144796848297,-1.6988283395767212,False
codecontests_cpp_125,mlp11_out_centered,0.021039187908172607,-0.13232958316802979,0.1533687710762024,True
codecontests_java_125,l2h14_lead_k,0.8965784907341003,1.0000000298023224,-0.10342153906822205,False
codecontests_java_125,l2h14_z,0.9501317143440247,0.996627002954483,-0.046495288610458374,False
codecontests_java_125,mlp11_out,0.9934437870979309,0.9885999858379364,0.004843801259994507,True
codecontests_java_125,l2h14_lead_k_centered,-1.0000001192092896,1.0000001192092896,-2.000000238418579,False
codecontests_java_125,l2h14_z_centered,-0.9107524156570435,0.9030519127845764,-1.8138043284416199,False
codecontests_java_125,mlp11_out_centered,0.22888651490211487,-0.38076798617839813,0.609654501080513,True
humaneval_python_125,l2h14_lead_k,0.8965650498867035,0.999985009431839,-0.1034199595451355,False
humaneval_python_125,l2h14_z,0.9434232413768768,0.9960234463214874,-0.052600204944610596,False
humaneval_python_125,mlp11_out,0.989613950252533,0.98606076836586,0.0035531818866729736,True
humaneval_python_125,l2h14_lead_k_centered,-0.9998387694358826,0.9997040033340454,-1.999542772769928,False
humaneval_python_125,l2h14_z_centered,-0.8808724284172058,0.8763005435466766,-1.7571729719638824,False
humaneval_python_125,mlp11_out_centered,0.08811131957918406,-0.20472171902656555,0.2928330386057496,True
apps_python_126,l2h14_lead_k,0.8966465592384338,0.9999952614307404,-0.10334870219230652,False
apps_python_126,l2h14_z,0.9482657015323639,0.9965297877788544,-0.04826408624649048,False
apps_python_126,mlp11_out,0.9916264414787292,0.9894521832466125,0.0021742582321166992,True
apps_python_126,l2h14_lead_k_centered,-0.9999528527259827,0.9999015033245087,-1.9998543560504913,False
apps_python_126,l2h14_z_centered,-0.8876839578151703,0.8796716034412384,-1.7673555612564087,False
apps_python_126,mlp11_out_centered,0.05843693809583783,-0.16435367241501808,0.2227906105108559,True
codecontests_cpp_126,l2h14_lead_k,0.8966465592384338,0.9999952614307404,-0.10334870219230652,False
codecontests_cpp_126,l2h14_z,0.9451068639755249,0.9953890442848206,-0.050282180309295654,False
codecontests_cpp_126,mlp11_out,0.9938860833644867,0.9917611479759216,0.0021249353885650635,True
codecontests_cpp_126,l2h14_lead_k_centered,-0.9999528527259827,0.9999015033245087,-1.9998543560504913,False
codecontests_cpp_126,l2h14_z_centered,-0.8778242766857147,0.8717721104621887,-1.7495963871479034,False
codecontests_cpp_126,mlp11_out_centered,0.10830618441104889,-0.22552920877933502,0.3338353931903839,True
codecontests_java_126,l2h14_lead_k,0.8966465592384338,0.9999952614307404,-0.10334870219230652,False
codecontests_java_126,l2h14_z,0.9486695826053619,0.9962804317474365,-0.047610849142074585,False
codecontests_java_126,mlp11_out,0.9926668703556061,0.9874246418476105,0.0052422285079956055,True
codecontests_java_126,l2h14_lead_k_centered,-0.9999528527259827,0.9999015033245087,-1.9998543560504913,False
codecontests_java_126,l2h14_z_centered,-0.90780970454216,0.9003768861293793,-1.8081865906715393,False
codecontests_java_126,mlp11_out_centered,0.22699392959475517,-0.36172910034656525,0.5887230299413204,True
apps_python_127,l2h14_lead_k,0.8966948688030243,0.9999824464321136,-0.10328757762908936,False
apps_python_127,l2h14_z,0.9524634778499603,0.9957098662853241,-0.04324638843536377,False
apps_python_127,mlp11_out,0.9910428524017334,0.9876142144203186,0.003428637981414795,True
apps_python_127,l2h14_lead_k_centered,-0.9998359382152557,0.999611496925354,-1.9994474351406097,False
apps_python_127,l2h14_z_centered,-0.8583899438381195,0.8526747226715088,-1.7110646665096283,False
apps_python_127,mlp11_out_centered,0.09673852194100618,-0.2342330515384674,0.3309715734794736,True
codecontests_cpp_127,l2h14_lead_k,0.8966465592384338,0.9999952614307404,-0.10334870219230652,False
codecontests_cpp_127,l2h14_z,0.9392085373401642,0.9938614070415497,-0.0546528697013855,False
codecontests_cpp_127,mlp11_out,0.9922928512096405,0.990077406167984,0.002215445041656494,True
codecontests_cpp_127,l2h14_lead_k_centered,-0.9999528527259827,0.9999015033245087,-1.9998543560504913,False
codecontests_cpp_127,l2h14_z_centered,-0.848037451505661,0.8400667905807495,-1.6881042420864105,False
codecontests_cpp_127,mlp11_out_centered,0.0934619139879942,-0.22235214710235596,0.31581406109035015,True
codecontests_java_127,l2h14_lead_k,0.8965784907341003,1.0000000298023224,-0.10342153906822205,False
codecontests_java_127,l2h14_z,0.9488978385925293,0.9966932833194733,-0.04779544472694397,False
codecontests_java_127,mlp11_out,0.9911234378814697,0.9870678186416626,0.004055619239807129,True
codecontests_java_127,l2h14_lead_k_centered,-1.0000001192092896,1.0000001192092896,-2.000000238418579,False
codecontests_java_127,l2h14_z_centered,-0.9072801768779755,0.8964669108390808,-1.8037470877170563,False
codecontests_java_127,mlp11_out_centered,0.1470678485929966,-0.29259489476680756,0.43966274335980415,True
apps_python_128,l2h14_lead_k,0.8965784907341003,1.0000000298023224,-0.10342153906822205,False
apps_python_128,l2h14_z,0.9502395391464233,0.9966452419757843,-0.04640570282936096,False
apps_python_128,mlp11_out,0.9912899732589722,0.9885163903236389,0.002773582935333252,True
apps_python_128,l2h14_lead_k_centered,-1.0000001192092896,1.0000001192092896,-2.000000238418579,False
apps_python_128,l2h14_z_centered,-0.8850325047969818,0.8781126439571381,-1.7631451487541199,False
apps_python_128,mlp11_out_centered,0.07620876654982567,-0.18802626803517342,0.2642350345849991,True
apps_python_129,l2h14_lead_k,0.8965784907341003,1.0000000298023224,-0.10342153906822205,False
apps_python_129,l2h14_z,0.9443377256393433,0.993664026260376,-0.049326300621032715,False
apps_python_129,mlp11_out,0.9903621673583984,0.9867919683456421,0.0035701990127563477,True
apps_python_129,l2h14_lead_k_centered,-1.0000001192092896,1.0000001192092896,-2.000000238418579,False
apps_python_129,l2h14_z_centered,-0.8140930235385895,0.8086515665054321,-1.6227445900440216,False
apps_python_129,mlp11_out_centered,0.11086220759898424,-0.2283538430929184,0.33921605069190264,True
codecontests_java_129,l2h14_lead_k,0.8966465592384338,0.9999952614307404,-0.10334870219230652,False
codecontests_java_129,l2h14_z,0.9565660059452057,0.996532678604126,-0.03996667265892029,False
codecontests_java_129,mlp11_out,0.9922856688499451,0.9871812462806702,0.005104422569274902,True
codecontests_java_129,l2h14_lead_k_centered,-0.9999528527259827,0.9999015033245087,-1.9998543560504913,False
codecontests_java_129,l2h14_z_centered,-0.8924244940280914,0.8845055997371674,-1.7769300937652588,False
codecontests_java_129,mlp11_out_centered,0.2505936622619629,-0.3886234611272812,0.6392171233892441,True
apps_python_130,l2h14_lead_k,0.8966465592384338,0.9999952614307404,-0.10334870219230652,False
apps_python_130,l2h14_z,0.955016016960144,0.9914199411869049,-0.036403924226760864,False
apps_python_130,mlp11_out,0.991377055644989,0.9873025715351105,0.00407448410987854,True
apps_python_130,l2h14_lead_k_centered,-0.9999528527259827,0.9999015033245087,-1.9998543560504913,False
apps_python_130,l2h14_z_centered,-0.7598167657852173,0.7537702322006226,-1.5135869979858398,False
apps_python_130,mlp11_out_centered,0.12984256073832512,-0.25945502519607544,0.38929758593440056,True
codecontests_cpp_130,l2h14_lead_k,0.8965784907341003,1.0000000298023224,-0.10342153906822205,False
codecontests_cpp_130,l2h14_z,0.9513803720474243,0.9933419227600098,-0.04196155071258545,False
codecontests_cpp_130,mlp11_out,0.9927467703819275,0.9914646148681641,0.0012821555137634277,True
codecontests_cpp_130,l2h14_lead_k_centered,-1.0000001192092896,1.0000001192092896,-2.000000238418579,False
codecontests_cpp_130,l2h14_z_centered,-0.8068773448467255,0.798807829618454,-1.6056851744651794,False
codecontests_cpp_130,mlp11_out_centered,0.042416682466864586,-0.1684447079896927,0.21086139045655727,True
codecontests_java_130,l2h14_lead_k,0.8965784907341003,1.0000000298023224,-0.10342153906822205,False
codecontests_java_130,l2h14_z,0.9590246975421906,0.9968906044960022,-0.037865906953811646,False
codecontests_java_130,mlp11_out,0.9922637641429901,0.9882138073444366,0.004049956798553467,True
codecontests_java_130,l2h14_lead_k_centered,-1.0000001192092896,1.0000001192092896,-2.000000238418579,False
codecontests_java_130,l2h14_z_centered,-0.8955029845237732,0.8852506577968597,-1.780753642320633,False
codecontests_java_130,mlp11_out_centered,0.16199589148163795,-0.32104523479938507,0.483041126281023,True
humaneval_python_130,l2h14_lead_k,0.8967868685722351,0.9999926090240479,-0.10320574045181274,False
humaneval_python_130,l2h14_z,0.9390919208526611,0.9919287264347076,-0.05283680558204651,False
humaneval_python_130,mlp11_out,0.9924978911876678,0.9905107319355011,0.001987159252166748,True
humaneval_python_130,l2h14_lead_k_centered,-0.9999180734157562,0.9998252391815186,-1.9997433125972748,False
humaneval_python_130,l2h14_z_centered,-0.8242714703083038,0.8127202093601227,-1.6369916796684265,False
humaneval_python_130,mlp11_out_centered,0.06802209466695786,-0.185115996748209,0.25313809141516685,True
mbpp_python_130,l2h14_lead_k,0.8967868685722351,0.9999926090240479,-0.10320574045181274,False
mbpp_python_130,l2h14_z,0.9468774497509003,0.9965786933898926,-0.04970124363899231,False
mbpp_python_130,mlp11_out,0.9903892874717712,0.9880734980106354,0.0023157894611358643,True
mbpp_python_130,l2h14_lead_k_centered,-0.9999180734157562,0.9998252391815186,-1.9997433125972748,False
mbpp_python_130,l2h14_z_centered,-0.9045303463935852,0.898706316947937,-1.8032366633415222,False
mbpp_python_130,mlp11_out_centered,0.05783983040601015,-0.17406556382775307,0.23190539423376322,True
apps_python_131,l2h14_lead_k,0.8967214822769165,0.9999920129776001,-0.1032705307006836,False
apps_python_131,l2h14_z,0.9561736285686493,0.9954414665699005,-0.03926783800125122,False
apps_python_131,mlp11_out,0.9903644025325775,0.9867137968540192,0.0036506056785583496,True
apps_python_131,l2h14_lead_k_centered,-0.99991375207901,0.9998371601104736,-1.9997509121894836,False
apps_python_131,l2h14_z_centered,-0.8396377861499786,0.8315522968769073,-1.671190083026886,False
apps_python_131,mlp11_out_centered,0.1268574707210064,-0.2402818351984024,0.3671393059194088,True
codecontests_cpp_131,l2h14_lead_k,0.8966465592384338,0.9999952614307404,-0.10334870219230652,False
codecontests_cpp_131,l2h14_z,0.949349969625473,0.994408369064331,-0.04505839943885803,False
codecontests_cpp_131,mlp11_out,0.9931199848651886,0.9920271635055542,0.0010928213596343994,True
codecontests_cpp_131,l2h14_lead_k_centered,-0.9999528527259827,0.9999015033245087,-1.9998543560504913,False
codecontests_cpp_131,l2h14_z_centered,-0.8386252224445343,0.8308040797710419,-1.6694293022155762,False
codecontests_cpp_131,mlp11_out_centered,0.01852332428097725,-0.1445755623281002,0.16309888660907745,True
codecontests_java_131,l2h14_lead_k,0.8965784907341003,1.0000000298023224,-0.10342153906822205,False
codecontests_java_131,l2h14_z,0.9539925456047058,0.9965374171733856,-0.04254487156867981,False
codecontests_java_131,mlp11_out,0.9924290776252747,0.9886980354785919,0.0037310421466827393,True
codecontests_java_131,l2h14_lead_k_centered,-1.0000001192092896,1.0000001192092896,-2.000000238418579,False
codecontests_java_131,l2h14_z_centered,-0.9035613238811493,0.8952532410621643,-1.7988145649433136,False
codecontests_java_131,mlp11_out_centered,0.14370937645435333,-0.28116706758737564,0.424876444041729,True
humaneval_python_131,l2h14_lead_k,0.8966465592384338,0.9999952614307404,-0.10334870219230652,False
humaneval_python_131,l2h14_z,0.9528239369392395,0.991395115852356,-0.038571178913116455,False
humaneval_python_131,mlp11_out,0.990709662437439,0.9859988391399384,0.00471082329750061,True
humaneval_python_131,l2h14_lead_k_centered,-0.9999528527259827,0.9999015033245087,-1.9998543560504913,False
humaneval_python_131,l2h14_z_centered,-0.7620543539524078,0.7550142109394073,-1.5170685648918152,False
humaneval_python_131,mlp11_out_centered,0.16186100989580154,-0.2690107002854347,0.43087171018123627,True
apps_python_132,l2h14_lead_k,0.8968112468719482,1.0,-0.10318875312805176,False
apps_python_132,l2h14_z,0.9491670727729797,0.9966367781162262,-0.04746970534324646,False
apps_python_132,mlp11_out,0.9910879731178284,0.9900483191013336,0.001039654016494751,True
apps_python_132,l2h14_lead_k_centered,-1.0,1.0,-2.0,False
apps_python_132,l2h14_z_centered,-0.8973361849784851,0.8919155299663544,-1.7892517149448395,False
apps_python_132,mlp11_out_centered,0.0019390583038330078,-0.12044958863407373,0.12238864693790674,True
codecontests_cpp_132,l2h14_lead_k,0.8965784907341003,1.0000000298023224,-0.10342153906822205,False
codecontests_cpp_132,l2h14_z,0.9357581734657288,0.9946756958961487,-0.05891752243041992,False
codecontests_cpp_132,mlp11_out,0.9928358197212219,0.9901828467845917,0.002652972936630249,True
codecontests_cpp_132,l2h14_lead_k_centered,-1.0000001192092896,1.0000001192092896,-2.000000238418579,False
codecontests_cpp_132,l2h14_z_centered,-0.8735350966453552,0.8651129007339478,-1.738647997379303,False
codecontests_cpp_132,mlp11_out_centered,0.1169734988361597,-0.26302411407232285,0.37999761290848255,True
codecontests_java_132,l2h14_lead_k,0.8965784907341003,1.0000000298023224,-0.10342153906822205,False
codecontests_java_132,l2h14_z,0.9475629329681396,0.9958756566047668,-0.0483127236366272,False
codecontests_java_132,mlp11_out,0.992304265499115,0.9876111149787903,0.004693150520324707,True
codecontests_java_132,l2h14_lead_k_centered,-1.0000001192092896,1.0000001192092896,-2.000000238418579,False
codecontests_java_132,l2h14_z_centered,-0.8867853879928589,0.8790095448493958,-1.7657949328422546,False
codecontests_java_132,mlp11_out_centered,0.19691911712288857,-0.3391606956720352,0.5360798127949238,True
apps_python_133,l2h14_lead_k,0.8966465592384338,0.9999952614307404,-0.10334870219230652,False
apps_python_133,l2h14_z,0.9488788843154907,0.9966052174568176,-0.047726333141326904,False
apps_python_133,mlp11_out,0.9921035170555115,0.9892778992652893,0.002825617790222168,True
apps_python_133,l2h14_lead_k_centered,-0.9999528527259827,0.9999015033245087,-1.9998543560504913,False
apps_python_133,l2h14_z_centered,-0.8920165300369263,0.8849368393421173,-1.7769533693790436,False
apps_python_133,mlp11_out_centered,0.11335523054003716,-0.21569431573152542,0.3290495462715626,True
codecontests_java_133,l2h14_lead_k,0.8966465592384338,0.9999952614307404,-0.10334870219230652,False
codecontests_java_133,l2h14_z,0.9508244395256042,0.9967491626739502,-0.04592472314834595,False
codecontests_java_133,mlp11_out,0.9926871657371521,0.9862657785415649,0.006421387195587158,True
codecontests_java_133,l2h14_lead_k_centered,-0.9999528527259827,0.9999015033245087,-1.9998543560504913,False
codecontests_java_133,l2h14_z_centered,-0.9068317413330078,0.8992865085601807,-1.8061182498931885,False
codecontests_java_133,mlp11_out_centered,0.3064381182193756,-0.41735973954200745,0.7237978577613831,True
mbpp_python_133,l2h14_lead_k,0.8966465592384338,0.9999952614307404,-0.10334870219230652,False
mbpp_python_133,l2h14_z,0.9462331831455231,0.9960231482982635,-0.04978996515274048,False
mbpp_python_133,mlp11_out,0.9912407696247101,0.9886032938957214,0.0026374757289886475,True
mbpp_python_133,l2h14_lead_k_centered,-0.9999528527259827,0.9999015033245087,-1.9998543560504913,False
mbpp_python_133,l2h14_z_centered,-0.8874034285545349,0.882780134677887,-1.7701835632324219,False
mbpp_python_133,mlp11_out_centered,0.08340486139059067,-0.19519031047821045,0.2785951718688011,True
apps_python_134,l2h14_lead_k,0.8967385590076447,0.9999828934669495,-0.10324433445930481,False
apps_python_134,l2h14_z,0.944813460111618,0.9958265423774719,-0.05101308226585388,False
apps_python_134,mlp11_out,0.9891742765903473,0.9864481985569,0.0027260780334472656,True
apps_python_134,l2h14_lead_k_centered,-0.9998268187046051,0.9996702969074249,-1.99949711561203,False
apps_python_134,l2h14_z_centered,-0.8805175423622131,0.8735685050487518,-1.754086047410965,False
apps_python_134,mlp11_out_centered,0.03826190531253815,-0.1634395718574524,0.20170147716999054,True
codecontests_cpp_134,l2h14_lead_k,0.8965359032154083,0.9999971985816956,-0.10346129536628723,False
codecontests_cpp_134,l2h14_z,0.9543332755565643,0.989608645439148,-0.03527536988258362,False
codecontests_cpp_134,mlp11_out,0.9937037527561188,0.9911228120326996,0.0025809407234191895,True
codecontests_cpp_134,l2h14_lead_k_centered,-0.9999744892120361,0.9999446272850037,-1.9999191164970398,False
codecontests_cpp_134,l2h14_z_centered,-0.6852620244026184,0.669034332036972,-1.3542963564395905,False
codecontests_cpp_134,mlp11_out_centered,0.1273231990635395,-0.2757285162806511,0.4030517153441906,True
codecontests_java_134,l2h14_lead_k,0.8966465592384338,0.9999952614307404,-0.10334870219230652,False
codecontests_java_134,l2h14_z,0.949190229177475,0.9964447319507599,-0.04725450277328491,False
codecontests_java_134,mlp11_out,0.99277263879776,0.9884147942066193,0.004357844591140747,True
codecontests_java_134,l2h14_lead_k_centered,-0.9999528527259827,0.9999015033245087,-1.9998543560504913,False
codecontests_java_134,l2h14_z_centered,-0.9056171476840973,0.8975749015808105,-1.8031920492649078,False
codecontests_java_134,mlp11_out_centered,0.18164071440696716,-0.3221617788076401,0.5038024932146072,True
apps_python_135,l2h14_lead_k,0.8967385590076447,0.9999828934669495,-0.10324433445930481,False
apps_python_135,l2h14_z,0.9498510956764221,0.9957931339740753,-0.0459420382976532,False
apps_python_135,mlp11_out,0.9898721277713776,0.9874096810817719,0.002462446689605713,True
apps_python_135,l2h14_lead_k_centered,-0.9998268187046051,0.9996702969074249,-1.99949711561203,False
apps_python_135,l2h14_z_centered,-0.8658888936042786,0.8585059642791748,-1.7243948578834534,False
apps_python_135,mlp11_out_centered,0.0468941368162632,-0.16881944984197617,0.21571358665823936,True
apps_python_136,l2h14_lead_k,0.8966465592384338,0.9999952614307404,-0.10334870219230652,False
apps_python_136,l2h14_z,0.9503887295722961,0.9957543313503265,-0.045365601778030396,False
apps_python_136,mlp11_out,0.9921134114265442,0.9897114038467407,0.002402007579803467,True
apps_python_136,l2h14_lead_k_centered,-0.9999528527259827,0.9999015033245087,-1.9998543560504913,False
apps_python_136,l2h14_z_centered,-0.8737113177776337,0.8667487800121307,-1.7404600977897644,False
apps_python_136,mlp11_out_centered,0.07635359838604927,-0.19441211968660355,0.2707657180726528,True
codecontests_cpp_136,l2h14_lead_k,0.8965784907341003,1.0000000298023224,-0.10342153906822205,False
codecontests_cpp_136,l2h14_z,0.947799950838089,0.9950975477695465,-0.04729759693145752,False
codecontests_cpp_136,mlp11_out,0.9934912025928497,0.9907175004482269,0.0027737021446228027,True
codecontests_cpp_136,l2h14_lead_k_centered,-1.0000001192092896,1.0000001192092896,-2.000000238418579,False
codecontests_cpp_136,l2h14_z_centered,-0.8657186925411224,0.8589683473110199,-1.7246870398521423,False
codecontests_cpp_136,mlp11_out_centered,0.1711711324751377,-0.28265806287527084,0.45382919535040855,True
codecontests_java_136,l2h14_lead_k,0.8966465592384338,0.9999952614307404,-0.10334870219230652,False
codecontests_java_136,l2h14_z,0.9489652812480927,0.9962045848369598,-0.04723930358886719,False
codecontests_java_136,mlp11_out,0.9916648268699646,0.9851288795471191,0.006535947322845459,True
codecontests_java_136,l2h14_lead_k_centered,-0.9999528527259827,0.9999015033245087,-1.9998543560504913,False
codecontests_java_136,l2h14_z_centered,-0.9027499556541443,0.8944957256317139,-1.7972456812858582,False
codecontests_java_136,mlp11_out_centered,0.2630094215273857,-0.4026176631450653,0.665627084672451,True
codecontests_cpp_137,l2h14_lead_k,0.8968112468719482,1.0,-0.10318875312805176,False
codecontests_cpp_137,l2h14_z,0.9425286948680878,0.9945037961006165,-0.051975101232528687,False
codecontests_cpp_137,mlp11_out,0.9937243461608887,0.9936839938163757,4.035234451293945e-05,True
codecontests_cpp_137,l2h14_lead_k_centered,-1.0,1.0,-2.0,False
codecontests_cpp_137,l2h14_z_centered,-0.8583524823188782,0.850585550069809,-1.7089380323886871,False
codecontests_cpp_137,mlp11_out_centered,-0.09237122908234596,-0.03989992383867502,-0.05247130524367094,False
codecontests_java_137,l2h14_lead_k,0.8965784907341003,1.0000000298023224,-0.10342153906822205,False
codecontests_java_137,l2h14_z,0.9537244439125061,0.9971354603767395,-0.0434110164642334,False
codecontests_java_137,mlp11_out,0.9912775754928589,0.9876770079135895,0.003600567579269409,True
codecontests_java_137,l2h14_lead_k_centered,-1.0000001192092896,1.0000001192092896,-2.000000238418579,False
codecontests_java_137,l2h14_z_centered,-0.9121667444705963,0.9034168422222137,-1.81558358669281,False
codecontests_java_137,mlp11_out_centered,0.11246633157134056,-0.2990727424621582,0.41153907403349876,True
humaneval_python_137,l2h14_lead_k,0.8965784907341003,1.0000000298023224,-0.10342153906822205,False
humaneval_python_137,l2h14_z,0.9539766907691956,0.9957587420940399,-0.04178205132484436,False
humaneval_python_137,mlp11_out,0.9917244613170624,0.990325003862381,0.0013994574546813965,True
humaneval_python_137,l2h14_lead_k_centered,-1.0000001192092896,1.0000001192092896,-2.000000238418579,False
humaneval_python_137,l2h14_z_centered,-0.8584618866443634,0.8484695255756378,-1.7069314122200012,False
humaneval_python_137,mlp11_out_centered,0.010907649993896484,-0.13834954798221588,0.14925719797611237,True
apps_python_138,l2h14_lead_k,0.8966465592384338,0.9999952614307404,-0.10334870219230652,False
apps_python_138,l2h14_z,0.9451720714569092,0.9927479028701782,-0.04757583141326904,False
apps_python_138,mlp11_out,0.9909321367740631,0.9871523380279541,0.003779798746109009,True
apps_python_138,l2h14_lead_k_centered,-0.9999528527259827,0.9999015033245087,-1.9998543560504913,False
apps_python_138,l2h14_z_centered,-0.7920506000518799,0.7859204113483429,-1.5779710114002228,False
apps_python_138,mlp11_out_centered,0.09954042034223676,-0.20756147056818008,0.30710189091041684,True
codecontests_cpp_138,l2h14_lead_k,0.8966465592384338,0.9999952614307404,-0.10334870219230652,False
codecontests_cpp_138,l2h14_z,0.9443126618862152,0.994491308927536,-0.0501786470413208,False
codecontests_cpp_138,mlp11_out,0.9927391409873962,0.990826427936554,0.0019127130508422852,True
codecontests_cpp_138,l2h14_lead_k_centered,-0.9999528527259827,0.9999015033245087,-1.9998543560504913,False
codecontests_cpp_138,l2h14_z_centered,-0.852616548538208,0.8449253439903259,-1.697541892528534,False
codecontests_cpp_138,mlp11_out_centered,0.058422050438821316,-0.20007463544607162,0.25849668588489294,True
codecontests_java_138,l2h14_lead_k,0.8965784907341003,1.0000000298023224,-0.10342153906822205,False
codecontests_java_138,l2h14_z,0.9486865401268005,0.9966580271720886,-0.047971487045288086,False
codecontests_java_138,mlp11_out,0.9922866225242615,0.9882965385913849,0.003990083932876587,True
codecontests_java_138,l2h14_lead_k_centered,-1.0000001192092896,1.0000001192092896,-2.000000238418579,False
codecontests_java_138,l2h14_z_centered,-0.9142350852489471,0.9077111780643463,-1.8219462633132935,False
codecontests_java_138,mlp11_out_centered,0.17376499995589256,-0.3206241875886917,0.4943891875445843,True
codecontests_cpp_139,l2h14_lead_k,0.8971488177776337,0.9999968111515045,-0.10284799337387085,False
codecontests_cpp_139,l2h14_z,0.9530776143074036,0.9863109588623047,-0.03323334455490112,False
codecontests_cpp_139,mlp11_out,0.9930277764797211,0.9922254979610443,0.0008022785186767578,True
codecontests_cpp_139,l2h14_lead_k_centered,-0.9999696612358093,0.9999420642852783,-1.9999117255210876,False
codecontests_cpp_139,l2h14_z_centered,-0.6165477335453033,0.5950014293193817,-1.211549162864685,False
codecontests_cpp_139,mlp11_out_centered,-0.024438636377453804,-0.11268099024891853,0.08824235387146473,True
codecontests_java_139,l2h14_lead_k,0.8966465592384338,0.9999952614307404,-0.10334870219230652,False
codecontests_java_139,l2h14_z,0.9482994973659515,0.9958898723125458,-0.04759037494659424,False
codecontests_java_139,mlp11_out,0.9914875328540802,0.9890872240066528,0.002400308847427368,True
codecontests_java_139,l2h14_lead_k_centered,-0.9999528527259827,0.9999015033245087,-1.9998543560504913,False
codecontests_java_139,l2h14_z_centered,-0.8806140124797821,0.8723394870758057,-1.7529534995555878,False
codecontests_java_139,mlp11_out_centered,0.04448507912456989,-0.19703024625778198,0.24151532538235188,True
humaneval_python_139,l2h14_lead_k,0.8965784907341003,1.0000000298023224,-0.10342153906822205,False
humaneval_python_139,l2h14_z,0.9488655030727386,0.9955805242061615,-0.04671502113342285,False
humaneval_python_139,mlp11_out,0.9923979341983795,0.988523006439209,0.0038749277591705322,True
humaneval_python_139,l2h14_lead_k_centered,-1.0000001192092896,1.0000001192092896,-2.000000238418579,False
humaneval_python_139,l2h14_z_centered,-0.8642809391021729,0.8568021655082703,-1.7210831046104431,False
humaneval_python_139,mlp11_out_centered,0.16806843876838684,-0.2822233885526657,0.45029182732105255,True
apps_python_140,l2h14_lead_k,0.8965784907341003,1.0000000298023224,-0.10342153906822205,False
apps_python_140,l2h14_z,0.9413616359233856,0.9946662783622742,-0.05330464243888855,False
apps_python_140,mlp11_out,0.9901016056537628,0.9860353469848633,0.004066258668899536,True
apps_python_140,l2h14_lead_k_centered,-1.0000001192092896,1.0000001192092896,-2.000000238418579,False
apps_python_140,l2h14_z_centered,-0.8651582598686218,0.8578596115112305,-1.7230178713798523,False
apps_python_140,mlp11_out_centered,0.1276463670656085,-0.23950424045324326,0.36715060751885176,True
codecontests_cpp_140,l2h14_lead_k,0.8965784907341003,1.0000000298023224,-0.10342153906822205,False
codecontests_cpp_140,l2h14_z,0.9457662105560303,0.9930585026741028,-0.04729229211807251,False
codecontests_cpp_140,mlp11_out,0.9922918081283569,0.9889197647571564,0.0033720433712005615,True
codecontests_cpp_140,l2h14_lead_k_centered,-1.0000001192092896,1.0000001192092896,-2.000000238418579,False
codecontests_cpp_140,l2h14_z_centered,-0.8255924582481384,0.8184780776500702,-1.6440705358982086,False
codecontests_cpp_140,mlp11_out_centered,0.13888398557901382,-0.28904207795858383,0.42792606353759766,True
codecontests_java_140,l2h14_lead_k,0.8966465592384338,0.9999952614307404,-0.10334870219230652,False
codecontests_java_140,l2h14_z,0.946289986371994,0.9956355392932892,-0.049345552921295166,False
codecontests_java_140,mlp11_out,0.9923568665981293,0.9894503951072693,0.0029064714908599854,True
codecontests_java_140,l2h14_lead_k_centered,-0.9999528527259827,0.9999015033245087,-1.9998543560504913,False
codecontests_java_140,l2h14_z_centered,-0.8823496103286743,0.8743347525596619,-1.7566843628883362,False
codecontests_java_140,mlp11_out_centered,0.09621190652251244,-0.26170695573091507,0.3579188622534275,True
mbpp_python_140,l2h14_lead_k,0.8965784907341003,1.0000000298023224,-0.10342153906822205,False
mbpp_python_140,l2h14_z,0.9537264406681061,0.9958829879760742,-0.04215654730796814,False
mbpp_python_140,mlp11_out,0.9919903874397278,0.9904766082763672,0.0015137791633605957,True
mbpp_python_140,l2h14_lead_k_centered,-1.0000001192092896,1.0000001192092896,-2.000000238418579,False
mbpp_python_140,l2h14_z_centered,-0.8657965958118439,0.8565864562988281,-1.722383052110672,False
mbpp_python_140,mlp11_out_centered,0.006320063024759293,-0.1493467427790165,0.1556668058037758,True
apps_python_141,l2h14_lead_k,0.8967214822769165,0.9999920129776001,-0.1032705307006836,False
apps_python_141,l2h14_z,0.9367118179798126,0.9928203523159027,-0.05610853433609009,False
apps_python_141,mlp11_out,0.989027589559555,0.9893504083156586,-0.0003228187561035156,False
apps_python_141,l2h14_lead_k_centered,-0.99991375207901,0.9998371601104736,-1.9997509121894836,False
apps_python_141,l2h14_z_centered,-0.8385832607746124,0.8298017680644989,-1.6683850288391113,False
apps_python_141,mlp11_out_centered,-0.077812559902668,-0.03495148569345474,-0.04286107420921326,False
codecontests_cpp_141,l2h14_lead_k,0.8971115350723267,0.9999982118606567,-0.10288667678833008,False
codecontests_cpp_141,l2h14_z,0.9371523857116699,0.9887552857398987,-0.05160290002822876,False
codecontests_cpp_141,mlp11_out,0.993918389081955,0.9930465519428253,0.0008718371391296387,True
codecontests_cpp_141,l2h14_lead_k_centered,-0.9999812543392181,0.999965637922287,-1.9999468922615051,False
codecontests_cpp_141,l2h14_z_centered,-0.7679897844791412,0.7575956881046295,-1.5255854725837708,False
codecontests_cpp_141,mlp11_out_centered,0.010300949215888977,-0.1466612946242094,0.15696224384009838,True
codecontests_java_141,l2h14_lead_k,0.8973340690135956,0.9999973177909851,-0.10266324877738953,False
codecontests_java_141,l2h14_z,0.9435887634754181,0.9876155853271484,-0.04402682185173035,False
codecontests_java_141,mlp11_out,0.9921320676803589,0.988459438085556,0.0036726295948028564,True
codecontests_java_141,l2h14_lead_k_centered,-0.9999702870845795,0.999944657087326,-1.9999149441719055,False
codecontests_java_141,l2h14_z_centered,-0.7053628265857697,0.6882286965847015,-1.3935915231704712,False
codecontests_java_141,mlp11_out_centered,0.1595347486436367,-0.3039049580693245,0.4634397067129612,True
apps_python_142,l2h14_lead_k,0.8965784907341003,1.0000000298023224,-0.10342153906822205,False
apps_python_142,l2h14_z,0.9432590901851654,0.9940203726291656,-0.050761282444000244,False
apps_python_142,mlp11_out,0.9911316335201263,0.9869764447212219,0.004155188798904419,True
apps_python_142,l2h14_lead_k_centered,-1.0000001192092896,1.0000001192092896,-2.000000238418579,False
apps_python_142,l2h14_z_centered,-0.8238193690776825,0.8184956014156342,-1.6423149704933167,False
apps_python_142,mlp11_out_centered,0.15893042087554932,-0.2567628249526024,0.4156932458281517,True
codecontests_cpp_142,l2h14_lead_k,0.8966465592384338,0.9999952614307404,-0.10334870219230652,False
codecontests_cpp_142,l2h14_z,0.9480104446411133,0.9949453771114349,-0.046934932470321655,False
codecontests_cpp_142,mlp11_out,0.9923625290393829,0.9896157383918762,0.002746790647506714,True
codecontests_cpp_142,l2h14_lead_k_centered,-0.9999528527259827,0.9999015033245087,-1.9998543560504913,False
codecontests_cpp_142,l2h14_z_centered,-0.8649575710296631,0.8545663952827454,-1.7195239663124084,False
codecontests_cpp_142,mlp11_out_centered,0.11104957317002118,-0.25080452114343643,0.3618540943134576,True
codecontests_java_142,l2h14_lead_k,0.8965784907341003,1.0000000298023224,-0.10342153906822205,False
codecontests_java_142,l2h14_z,0.9514777958393097,0.9953212440013885,-0.04384344816207886,False
codecontests_java_142,mlp11_out,0.9904181361198425,0.9853293895721436,0.005088746547698975,True
codecontests_java_142,l2h14_lead_k_centered,-1.0000001192092896,1.0000001192092896,-2.000000238418579,False
codecontests_java_142,l2h14_z_centered,-0.8803260922431946,0.8726551532745361,-1.7529812455177307,False
codecontests_java_142,mlp11_out_centered,0.18955109268426895,-0.3405665010213852,0.5301175937056541,True
apps_python_143,l2h14_lead_k,0.8967868685722351,0.9999926090240479,-0.10320574045181274,False
apps_python_143,l2h14_z,0.9504566490650177,0.9964486062526703,-0.04599195718765259,False
apps_python_143,mlp11_out,0.9898841381072998,0.9875411987304688,0.0023429393768310547,True
apps_python_143,l2h14_lead_k_centered,-0.9999180734157562,0.9998252391815186,-1.9997433125972748,False
apps_python_143,l2h14_z_centered,-0.898756593465805,0.8923661112785339,-1.791122704744339,False
apps_python_143,mlp11_out_centered,0.04225850664079189,-0.17955024912953377,0.22180875577032566,True
codecontests_cpp_143,l2h14_lead_k,0.8967868685722351,0.9999926090240479,-0.10320574045181274,False
codecontests_cpp_143,l2h14_z,0.9344349801540375,0.9912310838699341,-0.056796103715896606,False
codecontests_cpp_143,mlp11_out,0.9928019940853119,0.9907692968845367,0.0020326972007751465,True
codecontests_cpp_143,l2h14_lead_k_centered,-0.9999180734157562,0.9998252391815186,-1.9997433125972748,False
codecontests_cpp_143,l2h14_z_centered,-0.806540459394455,0.7966131269931793,-1.6031535863876343,False
codecontests_cpp_143,mlp11_out_centered,0.1179639957845211,-0.23548053950071335,0.35344453528523445,True
codecontests_java_143,l2h14_lead_k,0.8968513011932373,0.9999943673610687,-0.10314306616783142,False
codecontests_java_143,l2h14_z,0.9326199293136597,0.9953267574310303,-0.0627068281173706,False
codecontests_java_143,mlp11_out,0.9925726652145386,0.9883883595466614,0.004184305667877197,True
codecontests_java_143,l2h14_lead_k_centered,-0.9999384582042694,0.9998914003372192,-1.9998298585414886,False
codecontests_java_143,l2h14_z_centered,-0.9057521224021912,0.8965018391609192,-1.8022539615631104,False
codecontests_java_143,mlp11_out_centered,0.1763765960931778,-0.2938798666000366,0.4702564626932144,True
apps_python_144,l2h14_lead_k,0.8968112468719482,1.0,-0.10318875312805176,False
apps_python_144,l2h14_z,0.9483682811260223,0.9962498843669891,-0.0478816032409668,False
apps_python_144,mlp11_out,0.9893849194049835,0.9874387383460999,0.001946181058883667,True
apps_python_144,l2h14_lead_k_centered,-1.0,1.0,-2.0,False
apps_python_144,l2h14_z_centered,-0.9013845324516296,0.8928356766700745,-1.794220209121704,False
apps_python_144,mlp11_out_centered,0.028871010057628155,-0.1423156075179577,0.17118661757558584,True
codecontests_java_144,l2h14_lead_k,0.8965784907341003,1.0000000298023224,-0.10342153906822205,False
codecontests_java_144,l2h14_z,0.9466143250465393,0.9964841306209564,-0.049869805574417114,False
codecontests_java_144,mlp11_out,0.9926376342773438,0.98521488904953,0.007422745227813721,True
codecontests_java_144,l2h14_lead_k_centered,-1.0000001192092896,1.0000001192092896,-2.000000238418579,False
codecontests_java_144,l2h14_z_centered,-0.9154536724090576,0.9081290066242218,-1.8235826790332794,False
codecontests_java_144,mlp11_out_centered,0.31508883088827133,-0.4719648063182831,0.7870536372065544,True
mbpp_python_144,l2h14_lead_k,0.8965784907341003,1.0000000298023224,-0.10342153906822205,False
mbpp_python_144,l2h14_z,0.942097932100296,0.9939380884170532,-0.0518401563167572,False
mbpp_python_144,mlp11_out,0.9913138449192047,0.9869643151760101,0.00434952974319458,True
mbpp_python_144,l2h14_lead_k_centered,-1.0000001192092896,1.0000001192092896,-2.000000238418579,False
mbpp_python_144,l2h14_z_centered,-0.8281984925270081,0.8235777914524078,-1.651776283979416,False
mbpp_python_144,mlp11_out_centered,0.1513880081474781,-0.27739010006189346,0.42877810820937157,True
codecontests_cpp_145,l2h14_lead_k,0.8965784907341003,1.0000000298023224,-0.10342153906822205,False
codecontests_cpp_145,l2h14_z,0.9382868707180023,0.9943681359291077,-0.05608126521110535,False
codecontests_cpp_145,mlp11_out,0.9930292367935181,0.9903728663921356,0.0026563704013824463,True
codecontests_cpp_145,l2h14_lead_k_centered,-1.0000001192092896,1.0000001192092896,-2.000000238418579,False
codecontests_cpp_145,l2h14_z_centered,-0.867652416229248,0.8603681325912476,-1.7280205488204956,False
codecontests_cpp_145,mlp11_out_centered,0.09270971175283194,-0.22579868137836456,0.3185083931311965,True
codecontests_java_145,l2h14_lead_k,0.8966465592384338,0.9999952614307404,-0.10334870219230652,False
codecontests_java_145,l2h14_z,0.9486987590789795,0.9953067302703857,-0.04660797119140625,False
codecontests_java_145,mlp11_out,0.9921067357063293,0.9867795407772064,0.005327194929122925,True
codecontests_java_145,l2h14_lead_k_centered,-0.9999528527259827,0.9999015033245087,-1.9998543560504913,False
codecontests_java_145,l2h14_z_centered,-0.8798879683017731,0.8696855306625366,-1.7495734989643097,False
codecontests_java_145,mlp11_out_centered,0.2209463119506836,-0.35015779733657837,0.571104109287262,True
humaneval_python_145,l2h14_lead_k,0.8967868685722351,0.9999926090240479,-0.10320574045181274,False
humaneval_python_145,l2h14_z,0.9510079920291901,0.9944838881492615,-0.04347589612007141,False
humaneval_python_145,mlp11_out,0.9900577664375305,0.985975444316864,0.004082322120666504,True
humaneval_python_145,l2h14_lead_k_centered,-0.9999180734157562,0.9998252391815186,-1.9997433125972748,False
humaneval_python_145,l2h14_z_centered,-0.8379204273223877,0.8319074511528015,-1.6698278784751892,False
humaneval_python_145,mlp11_out_centered,0.13185691088438034,-0.26898638159036636,0.4008432924747467,True
apps_python_146,l2h14_lead_k,0.8966465592384338,0.9999952614307404,-0.10334870219230652,False
apps_python_146,l2h14_z,0.9488087892532349,0.995549887418747,-0.046741098165512085,False
apps_python_146,mlp11_out,0.9903516173362732,0.9875351786613464,0.002816438674926758,True
apps_python_146,l2h14_lead_k_centered,-0.9999528527259827,0.9999015033245087,-1.9998543560504913,False
apps_python_146,l2h14_z_centered,-0.8764500617980957,0.8700391054153442,-1.74648916721344,False
apps_python_146,mlp11_out_centered,0.07767022401094437,-0.2050597295165062,0.28272995352745056,True
codecontests_java_146,l2h14_lead_k,0.8965784907341003,1.0000000298023224,-0.10342153906822205,False
codecontests_java_146,l2h14_z,0.9343816637992859,0.9951349198818207,-0.06075325608253479,False
codecontests_java_146,mlp11_out,0.9907925128936768,0.9883421659469604,0.0024503469467163086,True
codecontests_java_146,l2h14_lead_k_centered,-1.0000001192092896,1.0000001192092896,-2.000000238418579,False
codecontests_java_146,l2h14_z_centered,-0.895977795124054,0.8873575627803802,-1.7833353579044342,False
codecontests_java_146,mlp11_out_centered,0.04913393524475396,-0.2005465403199196,0.24968047556467354,True
codecontests_cpp_147,l2h14_lead_k,0.8966814279556274,0.999993085861206,-0.10331165790557861,False
codecontests_cpp_147,l2h14_z,0.9392804205417633,0.9940738081932068,-0.05479338765144348,False
codecontests_cpp_147,mlp11_out,0.99371138215065,0.993367612361908,0.00034376978874206543,True
codecontests_cpp_147,l2h14_lead_k_centered,-0.9999231994152069,0.9998482167720795,-1.9997714161872864,False
codecontests_cpp_147,l2h14_z_centered,-0.8610478043556213,0.853497177362442,-1.7145449817180634,False
codecontests_cpp_147,mlp11_out_centered,-0.040272120386362076,-0.09841500595211983,0.05814288556575775,True
codecontests_java_147,l2h14_lead_k,0.8968112468719482,1.0,-0.10318875312805176,False
codecontests_java_147,l2h14_z,0.9371907711029053,0.9939371943473816,-0.05674642324447632,False
codecontests_java_147,mlp11_out,0.9922095239162445,0.988991379737854,0.003218144178390503,True
codecontests_java_147,l2h14_lead_k_centered,-1.0,1.0,-2.0,False
codecontests_java_147,l2h14_z_centered,-0.8753290474414825,0.8669387102127075,-1.74226775765419,False
codecontests_java_147,mlp11_out_centered,0.12029986549168825,-0.2884575054049492,0.40875737089663744,True
mbpp_python_147,l2h14_lead_k,0.8967385590076447,0.9999828934669495,-0.10324433445930481,False
mbpp_python_147,l2h14_z,0.9471198916435242,0.9959929883480072,-0.04887309670448303,False
mbpp_python_147,mlp11_out,0.9904409646987915,0.9876224100589752,0.002818554639816284,True
mbpp_python_147,l2h14_lead_k_centered,-0.9998268187046051,0.9996702969074249,-1.99949711561203,False
mbpp_python_147,l2h14_z_centered,-0.8782297074794769,0.8712300658226013,-1.7494597733020782,False
mbpp_python_147,mlp11_out_centered,0.07774193026125431,-0.19959326088428497,0.2773351911455393,True
apps_python_148,l2h14_lead_k,0.8965784907341003,1.0000000298023224,-0.10342153906822205,False
apps_python_148,l2h14_z,0.9499518573284149,0.9967064559459686,-0.04675459861755371,False
apps_python_148,mlp11_out,0.9916473031044006,0.9891718029975891,0.0024755001068115234,True
apps_python_148,l2h14_lead_k_centered,-1.0000001192092896,1.0000001192092896,-2.000000238418579,False
apps_python_148,l2h14_z_centered,-0.8870256543159485,0.8808604776859283,-1.7678861320018768,False
apps_python_148,mlp11_out_centered,0.08012768253684044,-0.17879245057702065,0.2589201331138611,True
codecontests_cpp_148,l2h14_lead_k,0.8966465592384338,0.9999952614307404,-0.10334870219230652,False
codecontests_cpp_148,l2h14_z,0.9477671980857849,0.9947369694709778,-0.04696977138519287,False
codecontests_cpp_148,mlp11_out,0.9930590987205505,0.9894876778125763,0.003571420907974243,True
codecontests_cpp_148,l2h14_lead_k_centered,-0.9999528527259827,0.9999015033245087,-1.9998543560504913,False
codecontests_cpp_148,l2h14_z_centered,-0.8565790951251984,0.8463266491889954,-1.7029057443141937,False
codecontests_cpp_148,mlp11_out_centered,0.18085693567991257,-0.3391919657588005,0.5200489014387131,True
codecontests_java_148,l2h14_lead_k,0.8965784907341003,1.0000000298023224,-0.10342153906822205,False
codecontests_java_148,l2h14_z,0.9494186043739319,0.9953914284706116,-0.04597282409667969,False
codecontests_java_148,mlp11_out,0.9921219646930695,0.9859984517097473,0.0061235129833221436,True
codecontests_java_148,l2h14_lead_k_centered,-1.0000001192092896,1.0000001192092896,-2.000000238418579,False
codecontests_java_148,l2h14_z_centered,-0.8835851848125458,0.876353919506073,-1.7599391043186188,False
codecontests_java_148,mlp11_out_centered,0.25719093531370163,-0.3880596458911896,0.6452505812048912,True
humaneval_python_148,l2h14_lead_k,0.8965784907341003,1.0000000298023224,-0.10342153906822205,False
humaneval_python_148,l2h14_z,0.9560573101043701,0.9956555068492889,-0.03959819674491882,False
humaneval_python_148,mlp11_out,0.9918616116046906,0.9897040724754333,0.002157539129257202,True
humaneval_python_148,l2h14_lead_k_centered,-1.0000001192092896,1.0000001192092896,-2.000000238418579,False
humaneval_python_148,l2h14_z_centered,-0.8602168560028076,0.8534091114997864,-1.713625967502594,False
humaneval_python_148,mlp11_out_centered,0.04946455545723438,-0.18159829080104828,0.23106284625828266,True
mbpp_python_148,l2h14_lead_k,0.8967214822769165,0.9999920129776001,-0.1032705307006836,False
mbpp_python_148,l2h14_z,0.9504843652248383,0.9970672726631165,-0.0465829074382782,False
mbpp_python_148,mlp11_out,0.9898205101490021,0.9871182143688202,0.0027022957801818848,True
mbpp_python_148,l2h14_lead_k_centered,-0.99991375207901,0.9998371601104736,-1.9997509121894836,False
mbpp_python_148,l2h14_z_centered,-0.9057523608207703,0.8996400237083435,-1.8053923845291138,False
mbpp_python_148,mlp11_out_centered,0.05040668789297342,-0.17386391758918762,0.22427060548216105,True
codecontests_cpp_149,l2h14_lead_k,0.8968112468719482,1.0,-0.10318875312805176,False
codecontests_cpp_149,l2h14_z,0.9482244849205017,0.9933542907238007,-0.04512980580329895,False
codecontests_cpp_149,mlp11_out,0.9933992624282837,0.9936044812202454,-0.00020521879196166992,False
codecontests_cpp_149,l2h14_lead_k_centered,-1.0,1.0,-2.0,False
codecontests_cpp_149,l2h14_z_centered,-0.8189167678356171,0.8108003735542297,-1.6297171413898468,False
codecontests_cpp_149,mlp11_out_centered,-0.09608253929764032,-0.04893998242914677,-0.04714255686849356,False
codecontests_java_149,l2h14_lead_k,0.8968112468719482,1.0,-0.10318875312805176,False
codecontests_java_149,l2h14_z,0.9492306709289551,0.9914668202400208,-0.042236149311065674,False
codecontests_java_149,mlp11_out,0.9930537045001984,0.9906672537326813,0.00238645076751709,True
codecontests_java_149,l2h14_lead_k_centered,-1.0,1.0,-2.0,False
codecontests_java_149,l2h14_z_centered,-0.7819859981536865,0.7686296701431274,-1.550615668296814,False
codecontests_java_149,mlp11_out_centered,0.09295504540205002,-0.2235039323568344,0.31645897775888443,True
humaneval_python_149,l2h14_lead_k,0.8966465592384338,0.9999952614307404,-0.10334870219230652,False
humaneval_python_149,l2h14_z,0.948175311088562,0.9950726628303528,-0.04689735174179077,False
humaneval_python_149,mlp11_out,0.9894985258579254,0.9887492060661316,0.0007493197917938232,True
humaneval_python_149,l2h14_lead_k_centered,-0.9999528527259827,0.9999015033245087,-1.9998543560504913,False
humaneval_python_149,l2h14_z_centered,-0.8545143902301788,0.8461900353431702,-1.700704425573349,False
humaneval_python_149,mlp11_out_centered,-0.03534813970327377,-0.09331643953919411,0.057968299835920334,True
mbpp_python_149,l2h14_lead_k,0.8967214822769165,0.9999920129776001,-0.1032705307006836,False
mbpp_python_149,l2h14_z,0.9421392977237701,0.9964452087879181,-0.05430591106414795,False
mbpp_python_149,mlp11_out,0.9905865788459778,0.9880055785179138,0.002581000328063965,True
mbpp_python_149,l2h14_lead_k_centered,-0.99991375207901,0.9998371601104736,-1.9997509121894836,False
mbpp_python_149,l2h14_z_centered,-0.9113888144493103,0.9056177735328674,-1.8170065879821777,False
mbpp_python_149,mlp11_out_centered,0.06201242748647928,-0.1876637041568756,0.2496761316433549,True
apps_python_150,l2h14_lead_k,0.8966814279556274,0.999993085861206,-0.10331165790557861,False
apps_python_150,l2h14_z,0.9497168064117432,0.9957149624824524,-0.04599815607070923,False
apps_python_150,mlp11_out,0.9908394813537598,0.9895395338535309,0.0012999475002288818,True
apps_python_150,l2h14_lead_k_centered,-0.9999231994152069,0.9998482167720795,-1.9997714161872864,False
apps_python_150,l2h14_z_centered,-0.8688608407974243,0.8622985184192657,-1.73115935921669,False
apps_python_150,mlp11_out_centered,0.03509009792469442,-0.14583396166563034,0.18092405959032476,True
apps_python_151,l2h14_lead_k,0.8965784907341003,1.0000000298023224,-0.10342153906822205,False
apps_python_151,l2h14_z,0.9545598328113556,0.9962292313575745,-0.04166939854621887,False
apps_python_151,mlp11_out,0.9906576573848724,0.9896039962768555,0.0010536611080169678,True
apps_python_151,l2h14_lead_k_centered,-1.0000001192092896,1.0000001192092896,-2.000000238418579,False
apps_python_151,l2h14_z_centered,-0.8727880418300629,0.8628887236118317,-1.7356767654418945,False
apps_python_151,mlp11_out_centered,-0.0027682967483997345,-0.11783577874302864,0.1150674819946289,True
codecontests_java_151,l2h14_lead_k,0.8966465592384338,0.9999952614307404,-0.10334870219230652,False
codecontests_java_151,l2h14_z,0.9448892772197723,0.9964179694652557,-0.0515286922454834,False
codecontests_java_151,mlp11_out,0.9919890761375427,0.9892857372760773,0.002703338861465454,True
codecontests_java_151,l2h14_lead_k_centered,-0.9999528527259827,0.9999015033245087,-1.9998543560504913,False
codecontests_java_151,l2h14_z_centered,-0.9037646651268005,0.8962928950786591,-1.8000575602054596,False
codecontests_java_151,mlp11_out_centered,0.0720024760812521,-0.24761997163295746,0.31962244771420956,True
humaneval_python_151,l2h14_lead_k,0.8966465592384338,0.9999952614307404,-0.10334870219230652,False
humaneval_python_151,l2h14_z,0.9504285752773285,0.9950549900531769,-0.04462641477584839,False
humaneval_python_151,mlp11_out,0.9913391768932343,0.9870489537715912,0.004290223121643066,True
humaneval_python_151,l2h14_lead_k_centered,-0.9999528527259827,0.9999015033245087,-1.9998543560504913,False
humaneval_python_151,l2h14_z_centered,-0.8658173680305481,0.8590959310531616,-1.7249132990837097,False
humaneval_python_151,mlp11_out_centered,0.1507331170141697,-0.26792464405298233,0.418657761067152,True
apps_python_152,l2h14_lead_k,0.8967385590076447,0.9999828934669495,-0.10324433445930481,False
apps_python_152,l2h14_z,0.9482763111591339,0.995886892080307,-0.047610580921173096,False
apps_python_152,mlp11_out,0.9890733063220978,0.9875717759132385,0.001501530408859253,True
apps_python_152,l2h14_lead_k_centered,-0.9998268187046051,0.9996702969074249,-1.99949711561203,False
apps_python_152,l2h14_z_centered,-0.8709738552570343,0.8647268414497375,-1.7357006967067719,False
apps_python_152,mlp11_out_centered,-0.013486802577972412,-0.12618909403681755,0.11270229145884514,True
codecontests_cpp_152,l2h14_lead_k,0.8966465592384338,0.9999952614307404,-0.10334870219230652,False
codecontests_cpp_152,l2h14_z,0.9444146454334259,0.9944922924041748,-0.0500776469707489,False
codecontests_cpp_152,mlp11_out,0.9927933216094971,0.9898325204849243,0.002960801124572754,True
codecontests_cpp_152,l2h14_lead_k_centered,-0.9999528527259827,0.9999015033245087,-1.9998543560504913,False
codecontests_cpp_152,l2h14_z_centered,-0.8630757331848145,0.8572911620140076,-1.720366895198822,False
codecontests_cpp_152,mlp11_out_centered,0.12390303984284401,-0.26405923068523407,0.3879622705280781,True
codecontests_java_152,l2h14_lead_k,0.8965784907341003,1.0000000298023224,-0.10342153906822205,False
codecontests_java_152,l2h14_z,0.9447816908359528,0.9957212507724762,-0.05093955993652344,False
codecontests_java_152,mlp11_out,0.9920913875102997,0.9860723614692688,0.006019026041030884,True
codecontests_java_152,l2h14_lead_k_centered,-1.0000001192092896,1.0000001192092896,-2.000000238418579,False
codecontests_java_152,l2h14_z_centered,-0.8883623778820038,0.8820322155952454,-1.7703945934772491,False
codecontests_java_152,mlp11_out_centered,0.25913695245981216,-0.3947768211364746,0.6539137735962868,True
apps_python_153,l2h14_lead_k,0.8967868685722351,0.9999926090240479,-0.10320574045181274,False
apps_python_153,l2h14_z,0.9412744045257568,0.9927467703819275,-0.051472365856170654,False
apps_python_153,mlp11_out,0.9921160638332367,0.9899210035800934,0.0021950602531433105,True
apps_python_153,l2h14_lead_k_centered,-0.9999180734157562,0.9998252391815186,-1.9997433125972748,False
apps_python_153,l2h14_z_centered,-0.8311100006103516,0.8217052221298218,-1.6528152227401733,False
apps_python_153,mlp11_out_centered,0.06150691956281662,-0.21185493096709251,0.27336185052990913,True
codecontests_cpp_153,l2h14_lead_k,0.8968112468719482,1.0,-0.10318875312805176,False
codecontests_cpp_153,l2h14_z,0.945173442363739,0.9927344024181366,-0.04756096005439758,False
codecontests_cpp_153,mlp11_out,0.9937346279621124,0.9934599101543427,0.0002747178077697754,True
codecontests_cpp_153,l2h14_lead_k_centered,-1.0,1.0,-2.0,False
codecontests_cpp_153,l2h14_z_centered,-0.815151035785675,0.8072160184383392,-1.6223670542240143,False
codecontests_cpp_153,mlp11_out_centered,-0.05736829340457916,-0.07574130687862635,0.018373013474047184,True
codecontests_java_153,l2h14_lead_k,0.8966465592384338,0.9999952614307404,-0.10334870219230652,False
codecontests_java_153,l2h14_z,0.9492664039134979,0.9948031008243561,-0.045536696910858154,False
codecontests_java_153,mlp11_out,0.9909995794296265,0.9850565195083618,0.0059430599212646484,True
codecontests_java_153,l2h14_lead_k_centered,-0.9999528527259827,0.9999015033245087,-1.9998543560504913,False
codecontests_java_153,l2h14_z_centered,-0.8713944554328918,0.8637072145938873,-1.7351016700267792,False
codecontests_java_153,mlp11_out_centered,0.22828542813658714,-0.35320141911506653,0.5814868472516537,True
apps_python_154,l2h14_lead_k,0.8966814279556274,0.999993085861206,-0.10331165790557861,False
apps_python_154,l2h14_z,0.9499529898166656,0.9953799545764923,-0.04542696475982666,False
apps_python_154,mlp11_out,0.9904959201812744,0.9883584380149841,0.002137482166290283,True
apps_python_154,l2h14_lead_k_centered,-0.9999231994152069,0.9998482167720795,-1.9997714161872864,False
apps_python_154,l2h14_z_centered,-0.8575648963451385,0.8516838848590851,-1.7092487812042236,False
apps_python_154,mlp11_out_centered,0.08614693023264408,-0.19212829321622849,0.27827522344887257,True
codecontests_cpp_154,l2h14_lead_k,0.8965784907341003,1.0000000298023224,-0.10342153906822205,False
codecontests_cpp_154,l2h14_z,0.941217839717865,0.9941583573818207,-0.05294051766395569,False
codecontests_cpp_154,mlp11_out,0.9933657646179199,0.9900825619697571,0.003283202648162842,True
codecontests_cpp_154,l2h14_lead_k_centered,-1.0000001192092896,1.0000001192092896,-2.000000238418579,False
codecontests_cpp_154,l2h14_z_centered,-0.8570264577865601,0.8478813171386719,-1.704907774925232,False
codecontests_cpp_154,mlp11_out_centered,0.14986592531204224,-0.30805934220552444,0.4579252675175667,True
codecontests_java_154,l2h14_lead_k,0.8966465592384338,0.9999952614307404,-0.10334870219230652,False
codecontests_java_154,l2h14_z,0.9515242874622345,0.9956675171852112,-0.044143229722976685,False
codecontests_java_154,mlp11_out,0.99264857172966,0.9864966869354248,0.0061518847942352295,True
codecontests_java_154,l2h14_lead_k_centered,-0.9999528527259827,0.9999015033245087,-1.9998543560504913,False
codecontests_java_154,l2h14_z_centered,-0.883373349905014,0.8736292719841003,-1.7570026218891144,False
codecontests_java_154,mlp11_out_centered,0.2859534025192261,-0.4262595474720001,0.7122129499912262,True
humaneval_python_154,l2h14_lead_k,0.8966465592384338,0.9999952614307404,-0.10334870219230652,False
humaneval_python_154,l2h14_z,0.9491687715053558,0.9950410425662994,-0.045872271060943604,False
humaneval_python_154,mlp11_out,0.9904777407646179,0.9902721047401428,0.00020563602447509766,True
humaneval_python_154,l2h14_lead_k_centered,-0.9999528527259827,0.9999015033245087,-1.9998543560504913,False
humaneval_python_154,l2h14_z_centered,-0.8497401475906372,0.8416691720485687,-1.691409319639206,False
humaneval_python_154,mlp11_out_centered,-0.05646853893995285,-0.06740430369973183,0.010935764759778976,True
apps_python_155,l2h14_lead_k,0.8968112468719482,1.0,-0.10318875312805176,False
apps_python_155,l2h14_z,0.9488614499568939,0.9948208928108215,-0.04595944285392761,False
apps_python_155,mlp11_out,0.9901613295078278,0.9874933063983917,0.002668023109436035,True
apps_python_155,l2h14_lead_k_centered,-1.0,1.0,-2.0,False
apps_python_155,l2h14_z_centered,-0.8534497618675232,0.8484037518501282,-1.7018535137176514,False
apps_python_155,mlp11_out_centered,0.05923362076282501,-0.16925940662622452,0.22849302738904953,True
apps_python_156,l2h14_lead_k,0.8965784907341003,1.0000000298023224,-0.10342153906822205,False
apps_python_156,l2h14_z,0.952120304107666,0.9962079524993896,-0.04408764839172363,False
apps_python_156,mlp11_out,0.9908820390701294,0.9887655973434448,0.0021164417266845703,True
apps_python_156,l2h14_lead_k_centered,-1.0000001192092896,1.0000001192092896,-2.000000238418579,False
apps_python_156,l2h14_z_centered,-0.8799714744091034,0.8697752356529236,-1.749746710062027,False
apps_python_156,mlp11_out_centered,0.03170274198055267,-0.16900892928242683,0.2007116712629795,True
codecontests_cpp_156,l2h14_lead_k,0.8966814279556274,0.999993085861206,-0.10331165790557861,False
codecontests_cpp_156,l2h14_z,0.9456401169300079,0.9885514676570892,-0.0429113507270813,False
codecontests_cpp_156,mlp11_out,0.9931228160858154,0.9928907454013824,0.0002320706844329834,True
codecontests_cpp_156,l2h14_lead_k_centered,-0.9999231994152069,0.9998482167720795,-1.9997714161872864,False
codecontests_cpp_156,l2h14_z_centered,-0.723197340965271,0.7123528122901917,-1.4355501532554626,False
codecontests_cpp_156,mlp11_out_centered,-0.06659910082817078,-0.06974362209439278,0.003144521266222,True
codecontests_java_156,l2h14_lead_k,0.8968112468719482,1.0,-0.10318875312805176,False
codecontests_java_156,l2h14_z,0.9461183845996857,0.9944696128368378,-0.0483512282371521,False
codecontests_java_156,mlp11_out,0.9926415979862213,0.9889956116676331,0.003645986318588257,True
codecontests_java_156,l2h14_lead_k_centered,-1.0,1.0,-2.0,False
codecontests_java_156,l2h14_z_centered,-0.859648197889328,0.8480082452297211,-1.707656443119049,False
codecontests_java_156,mlp11_out_centered,0.18356961756944656,-0.34127330034971237,0.5248429179191589,True
apps_python_157,l2h14_lead_k,0.8968513011932373,0.9999943673610687,-0.10314306616783142,False
apps_python_157,l2h14_z,0.9464184939861298,0.9970336854457855,-0.05061519145965576,False
apps_python_157,mlp11_out,0.9911753833293915,0.9884415864944458,0.0027337968349456787,True
apps_python_157,l2h14_lead_k_centered,-0.9999384582042694,0.9998914003372192,-1.9998298585414886,False
apps_python_157,l2h14_z_centered,-0.9153825640678406,0.9109297096729279,-1.8263122737407684,False
apps_python_157,mlp11_out_centered,0.07904144003987312,-0.20268011838197708,0.2817215584218502,True
codecontests_java_157,l2h14_lead_k,0.8966465592384338,0.9999952614307404,-0.10334870219230652,False
codecontests_java_157,l2h14_z,0.9447062015533447,0.9948741793632507,-0.050167977809906006,False
codecontests_java_157,mlp11_out,0.9919164180755615,0.9863945543766022,0.005521863698959351,True
codecontests_java_157,l2h14_lead_k_centered,-0.9999528527259827,0.9999015033245087,-1.9998543560504913,False
codecontests_java_157,l2h14_z_centered,-0.8758693039417267,0.8636638224124908,-1.7395331263542175,False
codecontests_java_157,mlp11_out_centered,0.26629941165447235,-0.3851983994245529,0.6514978110790253,True
apps_python_158,l2h14_lead_k,0.8967868685722351,0.9999926090240479,-0.10320574045181274,False
apps_python_158,l2h14_z,0.929174154996872,0.9919903576374054,-0.06281620264053345,False
apps_python_158,mlp11_out,0.9911426901817322,0.9890401661396027,0.0021025240421295166,True
apps_python_158,l2h14_lead_k_centered,-0.9999180734157562,0.9998252391815186,-1.9997433125972748,False
apps_python_158,l2h14_z_centered,-0.8479946851730347,0.8397355377674103,-1.687730222940445,False
apps_python_158,mlp11_out_centered,0.039961619302630424,-0.17370124533772469,0.2136628646403551,True
codecontests_cpp_158,l2h14_lead_k,0.8965784907341003,1.0000000298023224,-0.10342153906822205,False
codecontests_cpp_158,l2h14_z,0.9388620853424072,0.9931674599647522,-0.05430537462234497,False
codecontests_cpp_158,mlp11_out,0.9924409091472626,0.9906921088695526,0.001748800277709961,True
codecontests_cpp_158,l2h14_lead_k_centered,-1.0000001192092896,1.0000001192092896,-2.000000238418579,False
codecontests_cpp_158,l2h14_z_centered,-0.8308967053890228,0.8233001530170441,-1.654196858406067,False
codecontests_cpp_158,mlp11_out_centered,0.06087744981050491,-0.17398524284362793,0.23486269265413284,True
codecontests_java_158,l2h14_lead_k,0.8965784907341003,1.0000000298023224,-0.10342153906822205,False
codecontests_java_158,l2h14_z,0.9497027397155762,0.9967782199382782,-0.047075480222702026,False
codecontests_java_158,mlp11_out,0.9923363626003265,0.9878019690513611,0.004534393548965454,True
codecontests_java_158,l2h14_lead_k_centered,-1.0000001192092896,1.0000001192092896,-2.000000238418579,False
codecontests_java_158,l2h14_z_centered,-0.9055525958538055,0.8967782557010651,-1.8023308515548706,False
codecontests_java_158,mlp11_out_centered,0.20585710555315018,-0.3591942936182022,0.5650513991713524,True
codecontests_cpp_159,l2h14_lead_k,0.8966814279556274,0.999993085861206,-0.10331165790557861,False
codecontests_cpp_159,l2h14_z,0.9411740601062775,0.9938299357891083,-0.05265587568283081,False
codecontests_cpp_159,mlp11_out,0.9942372739315033,0.9930613934993744,0.0011758804321289062,True
codecontests_cpp_159,l2h14_lead_k_centered,-0.9999231994152069,0.9998482167720795,-1.9997714161872864,False
codecontests_cpp_159,l2h14_z_centered,-0.8481638431549072,0.8400693833827972,-1.6882332265377045,False
codecontests_cpp_159,mlp11_out_centered,0.017437472939491272,-0.1797877624630928,0.19722523540258408,True
codecontests_java_159,l2h14_lead_k,0.8968112468719482,1.0,-0.10318875312805176,False
codecontests_java_159,l2h14_z,0.938305526971817,0.9935993254184723,-0.05529379844665527,False
codecontests_java_159,mlp11_out,0.9925620555877686,0.9889546632766724,0.0036073923110961914,True
codecontests_java_159,l2h14_lead_k_centered,-1.0,1.0,-2.0,False
codecontests_java_159,l2h14_z_centered,-0.8678773641586304,0.8592894673347473,-1.7271668314933777,False
codecontests_java_159,mlp11_out_centered,0.1516498327255249,-0.3152576982975006,0.4669075310230255,True
apps_python_160,l2h14_lead_k,0.8968112468719482,1.0,-0.10318875312805176,False
apps_python_160,l2h14_z,0.948348194360733,0.9966253340244293,-0.04827713966369629,False
apps_python_160,mlp11_out,0.9905483722686768,0.9879702925682068,0.0025780797004699707,True
apps_python_160,l2h14_lead_k_centered,-1.0,1.0,-2.0,False
apps_python_160,l2h14_z_centered,-0.8996717929840088,0.8945648968219757,-1.7942366898059845,False
apps_python_160,mlp11_out_centered,0.06743056885898113,-0.2071295753121376,0.27456014417111874,True
codecontests_java_160,l2h14_lead_k,0.8966465592384338,0.9999952614307404,-0.10334870219230652,False
codecontests_java_160,l2h14_z,0.9485064148902893,0.9966360926628113,-0.04812967777252197,False
codecontests_java_160,mlp11_out,0.9930689930915833,0.9877249300479889,0.00534406304359436,True
codecontests_java_160,l2h14_lead_k_centered,-0.9999528527259827,0.9999015033245087,-1.9998543560504913,False
codecontests_java_160,l2h14_z_centered,-0.9076371788978577,0.9023670852184296,-1.8100042641162872,False
codecontests_java_160,mlp11_out_centered,0.24204044044017792,-0.3933876156806946,0.6354280561208725,True
apps_python_161,l2h14_lead_k,0.8968112468719482,1.0,-0.10318875312805176,False
apps_python_161,l2h14_z,0.9526157975196838,0.9947836399078369,-0.042167842388153076,False
apps_python_161,mlp11_out,0.9904485940933228,0.9871988296508789,0.0032497644424438477,True
apps_python_161,l2h14_lead_k_centered,-1.0,1.0,-2.0,False
apps_python_161,l2h14_z_centered,-0.8385991752147675,0.8333597183227539,-1.6719588935375214,False
apps_python_161,mlp11_out_centered,0.08491833880543709,-0.20279771089553833,0.2877160497009754,True
codecontests_cpp_161,l2h14_lead_k,0.8966465592384338,0.9999952614307404,-0.10334870219230652,False
codecontests_cpp_161,l2h14_z,0.9440019428730011,0.9948240518569946,-0.05082210898399353,False
codecontests_cpp_161,mlp11_out,0.9925301373004913,0.9889250695705414,0.003605067729949951,True
codecontests_cpp_161,l2h14_lead_k_centered,-0.9999528527259827,0.9999015033245087,-1.9998543560504913,False
codecontests_cpp_161,l2h14_z_centered,-0.8718361258506775,0.8661660254001617,-1.7380021512508392,False
codecontests_cpp_161,mlp11_out_centered,0.15383438859134912,-0.2970716655254364,0.4509060541167855,True
codecontests_java_161,l2h14_lead_k,0.8967385590076447,0.9999828934669495,-0.10324433445930481,False
codecontests_java_161,l2h14_z,0.9475982487201691,0.9967015385627747,-0.04910328984260559,False
codecontests_java_161,mlp11_out,0.9927149713039398,0.9869542419910431,0.0057607293128967285,True
codecontests_java_161,l2h14_lead_k_centered,-0.9998268187046051,0.9996702969074249,-1.99949711561203,False
codecontests_java_161,l2h14_z_centered,-0.9047653079032898,0.8989583551883698,-1.8037236630916595,False
codecontests_java_161,mlp11_out_centered,0.24303577095270157,-0.39023391902446747,0.633269689977169,True
humaneval_python_161,l2h14_lead_k,0.8966465592384338,0.9999952614307404,-0.10334870219230652,False
humaneval_python_161,l2h14_z,0.9495574235916138,0.9957737624645233,-0.046216338872909546,False
humaneval_python_161,mlp11_out,0.9909310936927795,0.9884207248687744,0.002510368824005127,True
humaneval_python_161,l2h14_lead_k_centered,-0.9999528527259827,0.9999015033245087,-1.9998543560504913,False
humaneval_python_161,l2h14_z_centered,-0.8757874071598053,0.8681366443634033,-1.7439240515232086,False
humaneval_python_161,mlp11_out_centered,0.05642705550417304,-0.1899864301085472,0.24641348561272025,True
apps_python_162,l2h14_lead_k,0.8966814279556274,0.999993085861206,-0.10331165790557861,False
apps_python_162,l2h14_z,0.9457884728908539,0.9954101741313934,-0.04962170124053955,False
apps_python_162,mlp11_out,0.9896900355815887,0.9872034192085266,0.002486616373062134,True
apps_python_162,l2h14_lead_k_centered,-0.9999231994152069,0.9998482167720795,-1.9997714161872864,False
apps_python_162,l2h14_z_centered,-0.8714284300804138,0.8653826713562012,-1.736811101436615,False
apps_python_162,mlp11_out_centered,0.06735629634931684,-0.17593242228031158,0.24328871862962842,True
codecontests_cpp_162,l2h14_lead_k,0.8968112468719482,1.0,-0.10318875312805176,False
codecontests_cpp_162,l2h14_z,0.9436211585998535,0.9945048391819,-0.05088368058204651,False
codecontests_cpp_162,mlp11_out,0.9938270151615143,0.9924991130828857,0.00132790207862854,True
codecontests_cpp_162,l2h14_lead_k_centered,-1.0,1.0,-2.0,False
codecontests_cpp_162,l2h14_z_centered,-0.8630766868591309,0.8535686135292053,-1.7166453003883362,False
codecontests_cpp_162,mlp11_out_centered,0.0743114659562707,-0.1914215348660946,0.2657330008223653,True
codecontests_java_162,l2h14_lead_k,0.8966465592384338,0.9999952614307404,-0.10334870219230652,False
codecontests_java_162,l2h14_z,0.9468320608139038,0.9968984425067902,-0.05006638169288635,False
codecontests_java_162,mlp11_out,0.9935495853424072,0.9878710210323334,0.0056785643100738525,True
codecontests_java_162,l2h14_lead_k_centered,-0.9999528527259827,0.9999015033245087,-1.9998543560504913,False
codecontests_java_162,l2h14_z_centered,-0.9166974425315857,0.9102827310562134,-1.826980173587799,False
codecontests_java_162,mlp11_out_centered,0.3101757690310478,-0.4282817244529724,0.7384574934840202,True
apps_python_163,l2h14_lead_k,0.8965784907341003,1.0000000298023224,-0.10342153906822205,False
apps_python_163,l2h14_z,0.947226881980896,0.9965322613716125,-0.04930537939071655,False
apps_python_163,mlp11_out,0.9928109645843506,0.9896193444728851,0.003191620111465454,True
apps_python_163,l2h14_lead_k_centered,-1.0000001192092896,1.0000001192092896,-2.000000238418579,False
apps_python_163,l2h14_z_centered,-0.8870923519134521,0.8799687027931213,-1.7670610547065735,False
apps_python_163,mlp11_out_centered,0.15038280561566353,-0.24735915660858154,0.39774196222424507,True
codecontests_cpp_163,l2h14_lead_k,0.8966465592384338,0.9999952614307404,-0.10334870219230652,False
codecontests_cpp_163,l2h14_z,0.9470726251602173,0.9948301613330841,-0.04775753617286682,False
codecontests_cpp_163,mlp11_out,0.9923908710479736,0.9923253953456879,6.54757022857666e-05,True
codecontests_cpp_163,l2h14_lead_k_centered,-0.9999528527259827,0.9999015033245087,-1.9998543560504913,False
codecontests_cpp_163,l2h14_z_centered,-0.8564430773258209,0.8488500118255615,-1.7052930891513824,False
codecontests_cpp_163,mlp11_out_centered,-0.08379777520895004,-0.06099269725382328,-0.022805077955126762,False
codecontests_java_163,l2h14_lead_k,0.8967146277427673,1.0000001192092896,-0.10328549146652222,False
codecontests_java_163,l2h14_z,0.9486959278583527,0.9965745210647583,-0.04787859320640564,False
codecontests_java_163,mlp11_out,0.9924187958240509,0.9888525307178497,0.003566265106201172,True
codecontests_java_163,l2h14_lead_k_centered,-1.000000238418579,1.000000238418579,-2.000000476837158,False
codecontests_java_163,l2h14_z_centered,-0.9104424118995667,0.9047355055809021,-1.8151779174804688,False
codecontests_java_163,mlp11_out_centered,0.13958634622395039,-0.2975791096687317,0.4371654558926821,True
apps_python_164,l2h14_lead_k,0.8965784907341003,1.0000000298023224,-0.10342153906822205,False
apps_python_164,l2h14_z,0.9479226469993591,0.9942048192024231,-0.046282172203063965,False
apps_python_164,mlp11_out,0.9892606139183044,0.9883280396461487,0.0009325742721557617,True
apps_python_164,l2h14_lead_k_centered,-1.0000001192092896,1.0000001192092896,-2.000000238418579,False
apps_python_164,l2h14_z_centered,-0.8135825097560883,0.805109053850174,-1.6186915636062622,False
apps_python_164,mlp11_out_centered,-0.028621971607208252,-0.09705505706369877,0.06843308545649052,True
codecontests_cpp_165,l2h14_lead_k,0.8966465592384338,0.9999952614307404,-0.10334870219230652,False
codecontests_cpp_165,l2h14_z,0.9464440047740936,0.9939010143280029,-0.0474570095539093,False
codecontests_cpp_165,mlp11_out,0.9935238361358643,0.9923539459705353,0.0011698901653289795,True
codecontests_cpp_165,l2h14_lead_k_centered,-0.9999528527259827,0.9999015033245087,-1.9998543560504913,False
codecontests_cpp_165,l2h14_z_centered,-0.8387739360332489,0.8304925262928009,-1.6692664623260498,False
codecontests_cpp_165,mlp11_out_centered,0.016531720757484436,-0.15927918255329132,0.17581090331077576,True
codecontests_java_165,l2h14_lead_k,0.8967146277427673,1.0000001192092896,-0.10328549146652222,False
codecontests_java_165,l2h14_z,0.954198032617569,0.9967724084854126,-0.04257437586784363,False
codecontests_java_165,mlp11_out,0.9926670491695404,0.9886292815208435,0.004037767648696899,True
codecontests_java_165,l2h14_lead_k_centered,-1.000000238418579,1.000000238418579,-2.000000476837158,False
codecontests_java_165,l2h14_z_centered,-0.9071233570575714,0.8980042338371277,-1.805127590894699,False
codecontests_java_165,mlp11_out_centered,0.21065539866685867,-0.3424597680568695,0.5531151667237282,True
mbpp_python_165,l2h14_lead_k,0.8968513011932373,0.9999943673610687,-0.10314306616783142,False
mbpp_python_165,l2h14_z,0.9524840712547302,0.9956052601337433,-0.04312118887901306,False
mbpp_python_165,mlp11_out,0.9909170866012573,0.9870731830596924,0.0038439035415649414,True
mbpp_python_165,l2h14_lead_k_centered,-0.9999384582042694,0.9998914003372192,-1.9998298585414886,False
mbpp_python_165,l2h14_z_centered,-0.865109920501709,0.8565021753311157,-1.7216120958328247,False
mbpp_python_165,mlp11_out_centered,0.14491109549999237,-0.255731537938118,0.40064263343811035,True
apps_python_166,l2h14_lead_k,0.8966814279556274,0.999993085861206,-0.10331165790557861,False
apps_python_166,l2h14_z,0.9503062665462494,0.9953799843788147,-0.04507371783256531,False
apps_python_166,mlp11_out,0.9913341701030731,0.9885692298412323,0.0027649402618408203,True
apps_python_166,l2h14_lead_k_centered,-0.9999231994152069,0.9998482167720795,-1.9997714161872864,False
apps_python_166,l2h14_z_centered,-0.8564895391464233,0.8504456877708435,-1.7069352269172668,False
apps_python_166,mlp11_out_centered,0.12309443950653076,-0.2413727045059204,0.36446714401245117,True
codecontests_java_166,l2h14_lead_k,0.8966465592384338,0.9999952614307404,-0.10334870219230652,False
codecontests_java_166,l2h14_z,0.9510409832000732,0.9962995052337646,-0.045258522033691406,False
codecontests_java_166,mlp11_out,0.9926907122135162,0.9855771064758301,0.007113605737686157,True
codecontests_java_166,l2h14_lead_k_centered,-0.9999528527259827,0.9999015033245087,-1.9998543560504913,False
codecontests_java_166,l2h14_z_centered,-0.8966271579265594,0.885737955570221,-1.7823651134967804,False
codecontests_java_166,mlp11_out_centered,0.3175964429974556,-0.44082796573638916,0.7584244087338448,True
apps_python_167,l2h14_lead_k,0.8967146277427673,1.0000001192092896,-0.10328549146652222,False
apps_python_167,l2h14_z,0.9493559002876282,0.9947882890701294,-0.04543238878250122,False
apps_python_167,mlp11_out,0.9927482903003693,0.9895992279052734,0.003149062395095825,True
apps_python_167,l2h14_lead_k_centered,-1.000000238418579,1.000000238418579,-2.000000476837158,False
apps_python_167,l2h14_z_centered,-0.8478035926818848,0.8405468463897705,-1.6883504390716553,False
apps_python_167,mlp11_out_centered,0.12563554011285305,-0.2535645514726639,0.37920009158551693,True
codecontests_java_167,l2h14_lead_k,0.8965650498867035,0.999985009431839,-0.1034199595451355,False
codecontests_java_167,l2h14_z,0.9423322677612305,0.9964810609817505,-0.05414879322052002,False
codecontests_java_167,mlp11_out,0.9921245276927948,0.984600841999054,0.007523685693740845,True
codecontests_java_167,l2h14_lead_k_centered,-0.9998387694358826,0.9997040033340454,-1.999542772769928,False
codecontests_java_167,l2h14_z_centered,-0.907832682132721,0.9013558924198151,-1.809188574552536,False
codecontests_java_167,mlp11_out_centered,0.3062305152416229,-0.4422534853219986,0.7484840005636215,True
mbpp_python_167,l2h14_lead_k,0.8968112468719482,1.0,-0.10318875312805176,False
mbpp_python_167,l2h14_z,0.9489855766296387,0.9973311722278595,-0.048345595598220825,False
mbpp_python_167,mlp11_out,0.9903073608875275,0.9872316122055054,0.0030757486820220947,True
mbpp_python_167,l2h14_lead_k_centered,-1.0,1.0,-2.0,False
mbpp_python_167,l2h14_z_centered,-0.9172122180461884,0.9114687740802765,-1.8286809921264648,False
mbpp_python_167,mlp11_out_centered,0.07303653098642826,-0.2064404934644699,0.27947702445089817,True
codecontests_java_168,l2h14_lead_k,0.8965784907341003,1.0000000298023224,-0.10342153906822205,False
codecontests_java_168,l2h14_z,0.9567826390266418,0.9969252645969391,-0.04014262557029724,False
codecontests_java_168,mlp11_out,0.9913601875305176,0.9869914054870605,0.004368782043457031,True
codecontests_java_168,l2h14_lead_k_centered,-1.0000001192092896,1.0000001192092896,-2.000000238418579,False
codecontests_java_168,l2h14_z_centered,-0.8997840285301208,0.8894328474998474,-1.7892168760299683,False
codecontests_java_168,mlp11_out_centered,0.17634590715169907,-0.3172520846128464,0.49359799176454544,True
apps_python_169,l2h14_lead_k,0.8967214822769165,0.9999920129776001,-0.1032705307006836,False
apps_python_169,l2h14_z,0.9493327736854553,0.9961330592632294,-0.04680028557777405,False
apps_python_169,mlp11_out,0.9895258545875549,0.9868094623088837,0.0027163922786712646,True
apps_python_169,l2h14_lead_k_centered,-0.99991375207901,0.9998371601104736,-1.9997509121894836,False
apps_python_169,l2h14_z_centered,-0.8844362199306488,0.8774740397930145,-1.7619102597236633,False
apps_python_169,mlp11_out_centered,0.0531975538469851,-0.1867125853896141,0.2399101392365992,True
codecontests_java_169,l2h14_lead_k,0.8966465592384338,0.9999952614307404,-0.10334870219230652,False
codecontests_java_169,l2h14_z,0.9483667612075806,0.9965773820877075,-0.04821062088012695,False
codecontests_java_169,mlp11_out,0.99248206615448,0.9892375469207764,0.0032445192337036133,True
codecontests_java_169,l2h14_lead_k_centered,-0.9999528527259827,0.9999015033245087,-1.9998543560504913,False
codecontests_java_169,l2h14_z_centered,-0.9073309004306793,0.901079535484314,-1.8084104359149933,False
codecontests_java_169,mlp11_out_centered,0.1382126733660698,-0.26780956983566284,0.40602224320173264,True
apps_python_170,l2h14_lead_k,0.8968513011932373,0.9999943673610687,-0.10314306616783142,False
apps_python_170,l2h14_z,0.9477531313896179,0.9969790279865265,-0.04922589659690857,False
apps_python_170,mlp11_out,0.9905208647251129,0.9892058372497559,0.0013150274753570557,True
apps_python_170,l2h14_lead_k_centered,-0.9999384582042694,0.9998914003372192,-1.9998298585414886,False
apps_python_170,l2h14_z_centered,-0.9112173020839691,0.9061895906925201,-1.8174068927764893,False
apps_python_170,mlp11_out_centered,0.01051555946469307,-0.12428727746009827,0.13480283692479134,True
codecontests_cpp_170,l2h14_lead_k,0.8966465592384338,0.9999952614307404,-0.10334870219230652,False
codecontests_cpp_170,l2h14_z,0.946754515171051,0.9924178421497345,-0.04566332697868347,False
codecontests_cpp_170,mlp11_out,0.9928615093231201,0.9896350502967834,0.00322645902633667,True
codecontests_cpp_170,l2h14_lead_k_centered,-0.9999528527259827,0.9999015033245087,-1.9998543560504913,False
codecontests_cpp_170,l2h14_z_centered,-0.8108814358711243,0.8031907081604004,-1.6140721440315247,False
codecontests_cpp_170,mlp11_out_centered,0.15845738351345062,-0.28164853155612946,0.4401059150695801,True
codecontests_java_170,l2h14_lead_k,0.8965784907341003,1.0000000298023224,-0.10342153906822205,False
codecontests_java_170,l2h14_z,0.945683479309082,0.9949372112751007,-0.04925373196601868,False
codecontests_java_170,mlp11_out,0.9918549656867981,0.9887589812278748,0.00309598445892334,True
codecontests_java_170,l2h14_lead_k_centered,-1.0000001192092896,1.0000001192092896,-2.000000238418579,False
codecontests_java_170,l2h14_z_centered,-0.8644097149372101,0.8559246361255646,-1.7203343510627747,False
codecontests_java_170,mlp11_out_centered,0.12512337043881416,-0.26343460381031036,0.3885579742491245,True
apps_python_171,l2h14_lead_k,0.8968513011932373,0.9999943673610687,-0.10314306616783142,False
apps_python_171,l2h14_z,0.9479354619979858,0.9969514012336731,-0.049015939235687256,False
apps_python_171,mlp11_out,0.9904164373874664,0.9901334047317505,0.0002830326557159424,True
apps_python_171,l2h14_lead_k_centered,-0.9999384582042694,0.9998914003372192,-1.9998298585414886,False
apps_python_171,l2h14_z_centered,-0.9109050631523132,0.9053080976009369,-1.8162131607532501,False
apps_python_171,mlp11_out_centered,-0.04301113821566105,-0.07294113747775555,0.029929999262094498,True
codecontests_cpp_171,l2h14_lead_k,0.8967039585113525,0.9999855756759644,-0.10328161716461182,False
codecontests_cpp_171,l2h14_z,0.9598324000835419,0.9911069273948669,-0.03127452731132507,False
codecontests_cpp_171,mlp11_out,0.9935422241687775,0.991702139377594,0.0018400847911834717,True
codecontests_cpp_171,l2h14_lead_k_centered,-0.9998372495174408,0.9997093677520752,-1.999546617269516,False
codecontests_cpp_171,l2h14_z_centered,-0.7304545640945435,0.7163139581680298,-1.4467685222625732,False
codecontests_cpp_171,mlp11_out_centered,0.06862018816173077,-0.19785745814442635,0.2664776463061571,True
codecontests_java_171,l2h14_lead_k,0.8968112468719482,1.0,-0.10318875312805176,False
codecontests_java_171,l2h14_z,0.9561278223991394,0.9943632185459137,-0.03823539614677429,False
codecontests_java_171,mlp11_out,0.9929269552230835,0.9882597923278809,0.004667162895202637,True
codecontests_java_171,l2h14_lead_k_centered,-1.0,1.0,-2.0,False
codecontests_java_171,l2h14_z_centered,-0.845080554485321,0.8296588957309723,-1.6747394502162933,False
codecontests_java_171,mlp11_out_centered,0.24670591950416565,-0.3741806000471115,0.6208865195512772,True
apps_python_172,l2h14_lead_k,0.8967146277427673,1.0000001192092896,-0.10328549146652222,False
apps_python_172,l2h14_z,0.950022965669632,0.9952937364578247,-0.04527077078819275,False
apps_python_172,mlp11_out,0.9919949471950531,0.9885399043560028,0.003455042839050293,True
apps_python_172,l2h14_lead_k_centered,-1.000000238418579,1.000000238418579,-2.000000476837158,False
apps_python_172,l2h14_z_centered,-0.858092188835144,0.8494636416435242,-1.7075558304786682,False
apps_python_172,mlp11_out_centered,0.14029084146022797,-0.2606185972690582,0.4009094387292862,True
codecontests_java_172,l2h14_lead_k,0.8967146277427673,1.0000001192092896,-0.10328549146652222,False
codecontests_java_172,l2h14_z,0.9489624798297882,0.9964563250541687,-0.04749384522438049,False
codecontests_java_172,mlp11_out,0.9928499460220337,0.9878430366516113,0.005006909370422363,True
codecontests_java_172,l2h14_lead_k_centered,-1.000000238418579,1.000000238418579,-2.000000476837158,False
codecontests_java_172,l2h14_z_centered,-0.9051229655742645,0.8960517942905426,-1.8011747598648071,False
codecontests_java_172,mlp11_out_centered,0.2589091956615448,-0.396510511636734,0.6554197072982788,True
apps_python_173,l2h14_lead_k,0.8968513011932373,0.9999943673610687,-0.10314306616783142,False
apps_python_173,l2h14_z,0.9491581320762634,0.9969903528690338,-0.047832220792770386,False
apps_python_173,mlp11_out,0.9913929998874664,0.987934410572052,0.0034585893154144287,True
apps_python_173,l2h14_lead_k_centered,-0.9999384582042694,0.9998914003372192,-1.9998298585414886,False
apps_python_173,l2h14_z_centered,-0.9085333049297333,0.903474360704422,-1.8120076656341553,False
apps_python_173,mlp11_out_centered,0.1097695343196392,-0.23194419592618942,0.34171373024582863,True
codecontests_cpp_173,l2h14_lead_k,0.8966465592384338,0.9999952614307404,-0.10334870219230652,False
codecontests_cpp_173,l2h14_z,0.9534133672714233,0.9929781854152679,-0.039564818143844604,False
codecontests_cpp_173,mlp11_out,0.9936059713363647,0.9899971187114716,0.0036088526248931885,True
codecontests_cpp_173,l2h14_lead_k_centered,-0.9999528527259827,0.9999015033245087,-1.9998543560504913,False
codecontests_cpp_173,l2h14_z_centered,-0.8013888597488403,0.7931834161281586,-1.594572275876999,False
codecontests_cpp_173,mlp11_out_centered,0.17945187352597713,-0.30644644796848297,0.4858983214944601,True
codecontests_java_173,l2h14_lead_k,0.8966465592384338,0.9999952614307404,-0.10334870219230652,False
codecontests_java_173,l2h14_z,0.9460487961769104,0.9958186745643616,-0.04976987838745117,False
codecontests_java_173,mlp11_out,0.9912098050117493,0.9860532879829407,0.005156517028808594,True
codecontests_java_173,l2h14_lead_k_centered,-0.9999528527259827,0.9999015033245087,-1.9998543560504913,False
codecontests_java_173,l2h14_z_centered,-0.8915129899978638,0.8796266615390778,-1.7711396515369415,False
codecontests_java_173,mlp11_out_centered,0.2286873497068882,-0.3561016172170639,0.5847889669239521,True
apps_python_174,l2h14_lead_k,0.8965784907341003,1.0000000298023224,-0.10342153906822205,False
apps_python_174,l2h14_z,0.9456063210964203,0.9943332374095917,-0.04872691631317139,False
apps_python_174,mlp11_out,0.9906236231327057,0.9877361953258514,0.002887427806854248,True
apps_python_174,l2h14_lead_k_centered,-1.0000001192092896,1.0000001192092896,-2.000000238418579,False
apps_python_174,l2h14_z_centered,-0.8317759037017822,0.8253037631511688,-1.657079666852951,False
apps_python_174,mlp11_out_centered,0.07837911555543542,-0.20321468263864517,0.2815937981940806,True
codecontests_cpp_174,l2h14_lead_k,0.8967146277427673,1.0000001192092896,-0.10328549146652222,False
codecontests_cpp_174,l2h14_z,0.9430178701877594,0.994558721780777,-0.05154085159301758,False
codecontests_cpp_174,mlp11_out,0.9924519658088684,0.988990306854248,0.0034616589546203613,True
codecontests_cpp_174,l2h14_lead_k_centered,-1.000000238418579,1.000000238418579,-2.000000476837158,False
codecontests_cpp_174,l2h14_z_centered,-0.8535994291305542,0.8458640277385712,-1.6994634568691254,False
codecontests_cpp_174,mlp11_out_centered,0.14102197717875242,-0.29159991443157196,0.4326218916103244,True
codecontests_java_174,l2h14_lead_k,0.8966465592384338,0.9999952614307404,-0.10334870219230652,False
codecontests_java_174,l2h14_z,0.9491844773292542,0.9966621994972229,-0.04747772216796875,False
codecontests_java_174,mlp11_out,0.9913336038589478,0.9882459044456482,0.0030876994132995605,True
codecontests_java_174,l2h14_lead_k_centered,-0.9999528527259827,0.9999015033245087,-1.9998543560504913,False
codecontests_java_174,l2h14_z_centered,-0.9056530594825745,0.896195262670517,-1.8018483221530914,False
codecontests_java_174,mlp11_out_centered,0.08455312065780163,-0.2558482736349106,0.3404013942927122,True
apps_python_175,l2h14_lead_k,0.8965784907341003,1.0000000298023224,-0.10342153906822205,False
apps_python_175,l2h14_z,0.9469310343265533,0.9965797960758209,-0.04964876174926758,False
apps_python_175,mlp11_out,0.9928750991821289,0.9895098805427551,0.0033652186393737793,True
apps_python_175,l2h14_lead_k_centered,-1.0000001192092896,1.0000001192092896,-2.000000238418579,False
apps_python_175,l2h14_z_centered,-0.8921987414360046,0.8851365447044373,-1.777335286140442,False
apps_python_175,mlp11_out_centered,0.16168533638119698,-0.2689012363553047,0.4305865727365017,True
codecontests_cpp_175,l2h14_lead_k,0.8965784907341003,1.0000000298023224,-0.10342153906822205,False
codecontests_cpp_175,l2h14_z,0.9398096799850464,0.9927516579627991,-0.052941977977752686,False
codecontests_cpp_175,mlp11_out,0.992828905582428,0.9921625256538391,0.0006663799285888672,True
codecontests_cpp_175,l2h14_lead_k_centered,-1.0000001192092896,1.0000001192092896,-2.000000238418579,False
codecontests_cpp_175,l2h14_z_centered,-0.824142336845398,0.8158593773841858,-1.6400017142295837,False
codecontests_cpp_175,mlp11_out_centered,0.010951081290841103,-0.12429763004183769,0.1352487113326788,True
codecontests_java_175,l2h14_lead_k,0.8965784907341003,1.0000000298023224,-0.10342153906822205,False
codecontests_java_175,l2h14_z,0.9502257406711578,0.9964889287948608,-0.046263188123703,False
codecontests_java_175,mlp11_out,0.9911376237869263,0.9862222671508789,0.004915356636047363,True
codecontests_java_175,l2h14_lead_k_centered,-1.0000001192092896,1.0000001192092896,-2.000000238418579,False
codecontests_java_175,l2h14_z_centered,-0.8982703983783722,0.8890166580677032,-1.7872870564460754,False
codecontests_java_175,mlp11_out_centered,0.19720323383808136,-0.3478311002254486,0.54503433406353,True
mbpp_python_175,l2h14_lead_k,0.8968112468719482,1.0,-0.10318875312805176,False
mbpp_python_175,l2h14_z,0.9517065286636353,0.9964203834533691,-0.04471385478973389,False
mbpp_python_175,mlp11_out,0.9910000860691071,0.9885384440422058,0.002461642026901245,True
mbpp_python_175,l2h14_lead_k_centered,-1.0,1.0,-2.0,False
mbpp_python_175,l2h14_z_centered,-0.8787105679512024,0.8723206222057343,-1.7510311901569366,False
mbpp_python_175,mlp11_out_centered,0.05167801305651665,-0.17634963244199753,0.22802764549851418,True
apps_python_176,l2h14_lead_k,0.8965784907341003,1.0000000298023224,-0.10342153906822205,False
apps_python_176,l2h14_z,0.9427129030227661,0.9950830936431885,-0.05237019062042236,False
apps_python_176,mlp11_out,0.9914157092571259,0.9874901175498962,0.003925591707229614,True
apps_python_176,l2h14_lead_k_centered,-1.0000001192092896,1.0000001192092896,-2.000000238418579,False
apps_python_176,l2h14_z_centered,-0.8830265402793884,0.8770105540752411,-1.7600370943546295,False
apps_python_176,mlp11_out_centered,0.13347506150603294,-0.27611616998910904,0.409591231495142,True
codecontests_java_176,l2h14_lead_k,0.8965784907341003,1.0000000298023224,-0.10342153906822205,False
codecontests_java_176,l2h14_z,0.9420163333415985,0.9954719841480255,-0.053455650806427,False
codecontests_java_176,mlp11_out,0.9921407699584961,0.9880965352058411,0.004044234752655029,True
codecontests_java_176,l2h14_lead_k_centered,-1.0000001192092896,1.0000001192092896,-2.000000238418579,False
codecontests_java_176,l2h14_z_centered,-0.88900026679039,0.8795098960399628,-1.7685101628303528,False
codecontests_java_176,mlp11_out_centered,0.17195114493370056,-0.31322476267814636,0.4851759076118469,True
codecontests_cpp_177,l2h14_lead_k,0.8965784907341003,1.0000000298023224,-0.10342153906822205,False
codecontests_cpp_177,l2h14_z,0.9462444484233856,0.9956468641757965,-0.04940241575241089,False
codecontests_cpp_177,mlp11_out,0.9937299191951752,0.9910050928592682,0.0027248263359069824,True
codecontests_cpp_177,l2h14_lead_k_centered,-1.0000001192092896,1.0000001192092896,-2.000000238418579,False
codecontests_cpp_177,l2h14_z_centered,-0.8754443526268005,0.8686383068561554,-1.744082659482956,False
codecontests_cpp_177,mlp11_out_centered,0.18257788568735123,-0.31374192237854004,0.49631980806589127,True
codecontests_java_177,l2h14_lead_k,0.8966465592384338,0.9999952614307404,-0.10334870219230652,False
codecontests_java_177,l2h14_z,0.9469171762466431,0.9966295063495636,-0.04971233010292053,False
codecontests_java_177,mlp11_out,0.9924181997776031,0.9857776165008545,0.006640583276748657,True
codecontests_java_177,l2h14_lead_k_centered,-0.9999528527259827,0.9999015033245087,-1.9998543560504913,False
codecontests_java_177,l2h14_z_centered,-0.9178858399391174,0.9102451503276825,-1.8281309902668,False
codecontests_java_177,mlp11_out_centered,0.29114489257335663,-0.43864046037197113,0.7297853529453278,True
mbpp_python_177,l2h14_lead_k,0.8967146277427673,1.0000001192092896,-0.10328549146652222,False
mbpp_python_177,l2h14_z,0.9500065743923187,0.9947681427001953,-0.04476156830787659,False
mbpp_python_177,mlp11_out,0.9918574392795563,0.9882103502750397,0.0036470890045166016,True
mbpp_python_177,l2h14_lead_k_centered,-1.000000238418579,1.000000238418579,-2.000000476837158,False
mbpp_python_177,l2h14_z_centered,-0.8488052189350128,0.8418618440628052,-1.690667062997818,False
mbpp_python_177,mlp11_out_centered,0.1513737551867962,-0.25594864785671234,0.40732240304350853,True
apps_python_178,l2h14_lead_k,0.8966814279556274,0.999993085861206,-0.10331165790557861,False
apps_python_178,l2h14_z,0.9457029104232788,0.9957045614719391,-0.05000165104866028,False
apps_python_178,mlp11_out,0.9883235394954681,0.9877273142337799,0.0005962252616882324,True
apps_python_178,l2h14_lead_k_centered,-0.9999231994152069,0.9998482167720795,-1.9997714161872864,False
apps_python_178,l2h14_z_centered,-0.878565102815628,0.8718031048774719,-1.7503682076931,False
apps_python_178,mlp11_out_centered,-0.019760957919061184,-0.10246615344658494,0.08270519552752376,True
codecontests_cpp_178,l2h14_lead_k,0.8966465592384338,0.9999952614307404,-0.10334870219230652,False
codecontests_cpp_178,l2h14_z,0.9448538422584534,0.9961543083190918,-0.05130046606063843,False
codecontests_cpp_178,mlp11_out,0.9934909641742706,0.9904080033302307,0.003082960844039917,True
codecontests_cpp_178,l2h14_lead_k_centered,-0.9999528527259827,0.9999015033245087,-1.9998543560504913,False
codecontests_cpp_178,l2h14_z_centered,-0.8943851292133331,0.8870730996131897,-1.7814582288265228,False
codecontests_cpp_178,mlp11_out_centered,0.1575794517993927,-0.262141615152359,0.4197210669517517,True
codecontests_java_178,l2h14_lead_k,0.8965784907341003,1.0000000298023224,-0.10342153906822205,False
codecontests_java_178,l2h14_z,0.947912186384201,0.9967236518859863,-0.04881146550178528,False
codecontests_java_178,mlp11_out,0.991012692451477,0.9846043586730957,0.006408333778381348,True
codecontests_java_178,l2h14_lead_k_centered,-1.0000001192092896,1.0000001192092896,-2.000000238418579,False
codecontests_java_178,l2h14_z_centered,-0.9173893630504608,0.9109203219413757,-1.8283096849918365,False
codecontests_java_178,mlp11_out_centered,0.22882554680109024,-0.37526945024728775,0.604094997048378,True
apps_python_179,l2h14_lead_k,0.8965784907341003,1.0000000298023224,-0.10342153906822205,False
apps_python_179,l2h14_z,0.955450177192688,0.9960529506206512,-0.04060277342796326,False
apps_python_179,mlp11_out,0.9905217587947845,0.9900529682636261,0.00046879053115844727,True
apps_python_179,l2h14_lead_k_centered,-1.0000001192092896,1.0000001192092896,-2.000000238418579,False
apps_python_179,l2h14_z_centered,-0.8639916777610779,0.8547472655773163,-1.7187389433383942,False
apps_python_179,mlp11_out_centered,-0.0409054032061249,-0.07682259660214186,0.035917193396016955,True
codecontests_java_179,l2h14_lead_k,0.8966465592384338,0.9999952614307404,-0.10334870219230652,False
codecontests_java_179,l2h14_z,0.9539250135421753,0.9966518878936768,-0.042726874351501465,False
codecontests_java_179,mlp11_out,0.9926992356777191,0.9874480664730072,0.005251169204711914,True
codecontests_java_179,l2h14_lead_k_centered,-0.9999528527259827,0.9999015033245087,-1.9998543560504913,False
codecontests_java_179,l2h14_z_centered,-0.8978208303451538,0.8915619850158691,-1.789382815361023,False
codecontests_java_179,mlp11_out_centered,0.23691227287054062,-0.3693232834339142,0.6062355563044548,True
apps_python_180,l2h14_lead_k,0.8968513011932373,0.9999943673610687,-0.10314306616783142,False
apps_python_180,l2h14_z,0.9478302896022797,0.9971694052219391,-0.049339115619659424,False
apps_python_180,mlp11_out,0.9908629059791565,0.98982173204422,0.0010411739349365234,True
apps_python_180,l2h14_lead_k_centered,-0.9999384582042694,0.9998914003372192,-1.9998298585414886,False
apps_python_180,l2h14_z_centered,-0.9154708087444305,0.910364419221878,-1.8258352279663086,False
apps_python_180,mlp11_out_centered,-0.012711778283119202,-0.10813490580767393,0.09542312752455473,True
codecontests_java_180,l2h14_lead_k,0.8967146277427673,1.0000001192092896,-0.10328549146652222,False
codecontests_java_180,l2h14_z,0.9444372057914734,0.9960938096046448,-0.05165660381317139,False
codecontests_java_180,mlp11_out,0.9925529062747955,0.9892056286334991,0.0033472776412963867,True
codecontests_java_180,l2h14_lead_k_centered,-1.000000238418579,1.000000238418579,-2.000000476837158,False
codecontests_java_180,l2h14_z_centered,-0.9073714017868042,0.8999863862991333,-1.8073577880859375,False
codecontests_java_180,mlp11_out_centered,0.12540285848081112,-0.2750389724969864,0.4004418309777975,True
apps_python_181,l2h14_lead_k,0.8966465592384338,0.9999952614307404,-0.10334870219230652,False
apps_python_181,l2h14_z,0.9501033127307892,0.995631217956543,-0.045527905225753784,False
apps_python_181,mlp11_out,0.9923762083053589,0.990497350692749,0.0018788576126098633,True
apps_python_181,l2h14_lead_k_centered,-0.9999528527259827,0.9999015033245087,-1.9998543560504913,False
apps_python_181,l2h14_z_centered,-0.8743814527988434,0.8652689456939697,-1.739650398492813,False
apps_python_181,mlp11_out_centered,0.04732970055192709,-0.161346435546875,0.2086761360988021,True
codecontests_cpp_181,l2h14_lead_k,0.8965784907341003,1.0000000298023224,-0.10342153906822205,False
codecontests_cpp_181,l2h14_z,0.9626486599445343,0.99447962641716,-0.03183096647262573,False
codecontests_cpp_181,mlp11_out,0.9935385882854462,0.9894348680973053,0.004103720188140869,True
codecontests_cpp_181,l2h14_lead_k_centered,-1.0000001192092896,1.0000001192092896,-2.000000238418579,False
codecontests_cpp_181,l2h14_z_centered,-0.7981608808040619,0.7925162017345428,-1.5906770825386047,False
codecontests_cpp_181,mlp11_out_centered,0.217984639108181,-0.3564598262310028,0.5744444653391838,True
codecontests_java_181,l2h14_lead_k,0.8966465592384338,0.9999952614307404,-0.10334870219230652,False
codecontests_java_181,l2h14_z,0.9615737199783325,0.996757298707962,-0.03518357872962952,False
codecontests_java_181,mlp11_out,0.9926823973655701,0.9897635281085968,0.0029188692569732666,True
codecontests_java_181,l2h14_lead_k_centered,-0.9999528527259827,0.9999015033245087,-1.9998543560504913,False
codecontests_java_181,l2h14_z_centered,-0.8778974115848541,0.8691315352916718,-1.7470289468765259,False
codecontests_java_181,mlp11_out_centered,0.09178353007882833,-0.2559073120355606,0.34769084211438894,True
apps_python_182,l2h14_lead_k,0.8965784907341003,1.0000000298023224,-0.10342153906822205,False
apps_python_182,l2h14_z,0.9518388509750366,0.9960502684116364,-0.04421141743659973,False
apps_python_182,mlp11_out,0.9927521049976349,0.9905471801757812,0.0022049248218536377,True
apps_python_182,l2h14_lead_k_centered,-1.0000001192092896,1.0000001192092896,-2.000000238418579,False
apps_python_182,l2h14_z_centered,-0.8696162104606628,0.8638716340065002,-1.733487844467163,False
apps_python_182,mlp11_out_centered,0.1244276687502861,-0.2302599400281906,0.3546876087784767,True
codecontests_cpp_182,l2h14_lead_k,0.8966465592384338,0.9999952614307404,-0.10334870219230652,False
codecontests_cpp_182,l2h14_z,0.9492980241775513,0.9942512512207031,-0.044953227043151855,False
codecontests_cpp_182,mlp11_out,0.993351548910141,0.9900676608085632,0.003283888101577759,True
codecontests_cpp_182,l2h14_lead_k_centered,-0.9999528527259827,0.9999015033245087,-1.9998543560504913,False
codecontests_cpp_182,l2h14_z_centered,-0.8373318016529083,0.8283903896808624,-1.6657221913337708,False
codecontests_cpp_182,mlp11_out_centered,0.16006485745310783,-0.2845964729785919,0.44466133043169975,True
codecontests_java_182,l2h14_lead_k,0.8965784907341003,1.0000000298023224,-0.10342153906822205,False
codecontests_java_182,l2h14_z,0.9558305144309998,0.9970225393772125,-0.04119202494621277,False
codecontests_java_182,mlp11_out,0.992141455411911,0.9888125956058502,0.003328859806060791,True
codecontests_java_182,l2h14_lead_k_centered,-1.0000001192092896,1.0000001192092896,-2.000000238418579,False
codecontests_java_182,l2h14_z_centered,-0.9078031778335571,0.8977404832839966,-1.8055436611175537,False
codecontests_java_182,mlp11_out_centered,0.10364165529608727,-0.26321765035390854,0.3668593056499958,True
apps_python_183,l2h14_lead_k,0.8968112468719482,1.0,-0.10318875312805176,False
apps_python_183,l2h14_z,0.9519610702991486,0.9961171746253967,-0.04415610432624817,False
apps_python_183,mlp11_out,0.990129828453064,0.988571047782898,0.0015587806701660156,True
apps_python_183,l2h14_lead_k_centered,-1.0,1.0,-2.0,False
apps_python_183,l2h14_z_centered,-0.8705919981002808,0.8628006279468536,-1.7333926260471344,False
apps_python_183,mlp11_out_centered,0.03701577661558986,-0.14907845109701157,0.18609422771260142,True
codecontests_java_183,l2h14_lead_k,0.8966465592384338,0.9999952614307404,-0.10334870219230652,False
codecontests_java_183,l2h14_z,0.9422682523727417,0.9957658350467682,-0.05349758267402649,False
codecontests_java_183,mlp11_out,0.9913296401500702,0.9868188500404358,0.004510790109634399,True
codecontests_java_183,l2h14_lead_k_centered,-0.9999528527259827,0.9999015033245087,-1.9998543560504913,False
codecontests_java_183,l2h14_z_centered,-0.8922961056232452,0.8839339911937714,-1.7762300968170166,False
codecontests_java_183,mlp11_out_centered,0.18051332980394363,-0.33678753674030304,0.5173008665442467,True
apps_python_184,l2h14_lead_k,0.8968513011932373,0.9999943673610687,-0.10314306616783142,False
apps_python_184,l2h14_z,0.9457552433013916,0.9972220957279205,-0.05146685242652893,False
apps_python_184,mlp11_out,0.9902443885803223,0.987931102514267,0.002313286066055298,True
apps_python_184,l2h14_lead_k_centered,-0.9999384582042694,0.9998914003372192,-1.9998298585414886,False
apps_python_184,l2h14_z_centered,-0.9209367036819458,0.9163860380649567,-1.8373227417469025,False
apps_python_184,mlp11_out_centered,0.06061965553089976,-0.17833317071199417,0.23895282624289393,True
apps_python_185,l2h14_lead_k,0.8965784907341003,1.0000000298023224,-0.10342153906822205,False
apps_python_185,l2h14_z,0.9490543901920319,0.9952421188354492,-0.04618772864341736,False
apps_python_185,mlp11_out,0.991285651922226,0.9867011308670044,0.004584521055221558,True
apps_python_185,l2h14_lead_k_centered,-1.0000001192092896,1.0000001192092896,-2.000000238418579,False
apps_python_185,l2h14_z_centered,-0.8720025718212128,0.8641829490661621,-1.7361855208873749,False
apps_python_185,mlp11_out_centered,0.1582883931696415,-0.29060743749141693,0.4488958306610584,True
codecontests_cpp_185,l2h14_lead_k,0.8967146277427673,1.0000001192092896,-0.10328549146652222,False
codecontests_cpp_185,l2h14_z,0.9437503814697266,0.9949522018432617,-0.051201820373535156,False
codecontests_cpp_185,mlp11_out,0.9931646883487701,0.9911247789859772,0.0020399093627929688,True
codecontests_cpp_185,l2h14_lead_k_centered,-1.000000238418579,1.000000238418579,-2.000000476837158,False
codecontests_cpp_185,l2h14_z_centered,-0.8694891631603241,0.8614677488803864,-1.7309569120407104,False
codecontests_cpp_185,mlp11_out_centered,0.0824260264635086,-0.21352598071098328,0.2959520071744919,True
codecontests_java_185,l2h14_lead_k,0.8966465592384338,0.9999952614307404,-0.10334870219230652,False
codecontests_java_185,l2h14_z,0.94398033618927,0.9969182908535004,-0.05293795466423035,False
codecontests_java_185,mlp11_out,0.9936622977256775,0.9869793355464935,0.00668296217918396,True
codecontests_java_185,l2h14_lead_k_centered,-0.9999528527259827,0.9999015033245087,-1.9998543560504913,False
codecontests_java_185,l2h14_z_centered,-0.9184263646602631,0.9119851887226105,-1.8304115533828735,False
codecontests_java_185,mlp11_out_centered,0.3565899729728699,-0.4696609824895859,0.8262509554624557,True
mbpp_python_185,l2h14_lead_k,0.8965784907341003,1.0000000298023224,-0.10342153906822205,False
mbpp_python_185,l2h14_z,0.9457833766937256,0.9932478964328766,-0.047464519739151,False
mbpp_python_185,mlp11_out,0.9908604621887207,0.98720782995224,0.003652632236480713,True
mbpp_python_185,l2h14_lead_k_centered,-1.0000001192092896,1.0000001192092896,-2.000000238418579,False
mbpp_python_185,l2h14_z_centered,-0.8012969195842743,0.7955026924610138,-1.596799612045288,False
mbpp_python_185,mlp11_out_centered,0.12061739154160023,-0.24127571284770966,0.3618931043893099,True
apps_python_186,l2h14_lead_k,0.8968112468719482,1.0,-0.10318875312805176,False
apps_python_186,l2h14_z,0.9528730809688568,0.9960488677024841,-0.04317578673362732,False
apps_python_186,mlp11_out,0.9910895526409149,0.9885253608226776,0.0025641918182373047,True
apps_python_186,l2h14_lead_k_centered,-1.0,1.0,-2.0,False
apps_python_186,l2h14_z_centered,-0.865968257188797,0.85782790184021,-1.723796159029007,False
apps_python_186,mlp11_out_centered,0.09399141371250153,-0.21851590275764465,0.3125073164701462,True
codecontests_cpp_186,l2h14_lead_k,0.8965784907341003,1.0000000298023224,-0.10342153906822205,False
codecontests_cpp_186,l2h14_z,0.9525637626647949,0.9953107833862305,-0.04274702072143555,False
codecontests_cpp_186,mlp11_out,0.9931637048721313,0.9918322861194611,0.001331418752670288,True
codecontests_cpp_186,l2h14_lead_k_centered,-1.0000001192092896,1.0000001192092896,-2.000000238418579,False
codecontests_cpp_186,l2h14_z_centered,-0.8542189300060272,0.8460640907287598,-1.700283020734787,False
codecontests_cpp_186,mlp11_out_centered,0.03285584319382906,-0.17928171902894974,0.2121375622227788,True
codecontests_java_186,l2h14_lead_k,0.8967146277427673,1.0000001192092896,-0.10328549146652222,False
codecontests_java_186,l2h14_z,0.9505137801170349,0.9956230521202087,-0.04510927200317383,False
codecontests_java_186,mlp11_out,0.9933927059173584,0.9860745072364807,0.0073181986808776855,True
codecontests_java_186,l2h14_lead_k_centered,-1.000000238418579,1.000000238418579,-2.000000476837158,False
codecontests_java_186,l2h14_z_centered,-0.877633810043335,0.8677615821361542,-1.7453953921794891,False
codecontests_java_186,mlp11_out_centered,0.3560290038585663,-0.48904314637184143,0.8450721502304077,True
apps_python_187,l2h14_lead_k,0.8965650498867035,0.999985009431839,-0.1034199595451355,False
apps_python_187,l2h14_z,0.9465197324752808,0.99550661444664,-0.04898688197135925,False
apps_python_187,mlp11_out,0.9902593493461609,0.9877822995185852,0.0024770498275756836,True
apps_python_187,l2h14_lead_k_centered,-0.9998387694358826,0.9997040033340454,-1.999542772769928,False
apps_python_187,l2h14_z_centered,-0.8634601831436157,0.85758176445961,-1.7210419476032257,False
apps_python_187,mlp11_out_centered,0.04318622872233391,-0.1936062052845955,0.2367924340069294,True
codecontests_java_187,l2h14_lead_k,0.8966465592384338,0.9999952614307404,-0.10334870219230652,False
codecontests_java_187,l2h14_z,0.950166642665863,0.9965799748897552,-0.04641333222389221,False
codecontests_java_187,mlp11_out,0.9933497309684753,0.9888513088226318,0.004498422145843506,True
codecontests_java_187,l2h14_lead_k_centered,-0.9999528527259827,0.9999015033245087,-1.9998543560504913,False
codecontests_java_187,l2h14_z_centered,-0.9076735377311707,0.9011271595954895,-1.8088006973266602,False
codecontests_java_187,mlp11_out_centered,0.2382381185889244,-0.3587220758199692,0.5969601944088936,True
apps_python_188,l2h14_lead_k,0.8965784907341003,1.0000000298023224,-0.10342153906822205,False
apps_python_188,l2h14_z,0.9514327049255371,0.9953931570053101,-0.04396045207977295,False
apps_python_188,mlp11_out,0.9916904866695404,0.9901834428310394,0.0015070438385009766,True
apps_python_188,l2h14_lead_k_centered,-1.0000001192092896,1.0000001192092896,-2.000000238418579,False
apps_python_188,l2h14_z_centered,-0.8647615909576416,0.8572938442230225,-1.722055435180664,False
apps_python_188,mlp11_out_centered,0.020889174193143845,-0.15632867440581322,0.17721784859895706,True
codecontests_cpp_188,l2h14_lead_k,0.8966465592384338,0.9999952614307404,-0.10334870219230652,False
codecontests_cpp_188,l2h14_z,0.9433448910713196,0.9922384917736053,-0.04889360070228577,False
codecontests_cpp_188,mlp11_out,0.9925344288349152,0.9885907769203186,0.003943651914596558,True
codecontests_cpp_188,l2h14_lead_k_centered,-0.9999528527259827,0.9999015033245087,-1.9998543560504913,False
codecontests_cpp_188,l2h14_z_centered,-0.8177801668643951,0.8099722564220428,-1.627752423286438,False
codecontests_cpp_188,mlp11_out_centered,0.16223816014826298,-0.2770152986049652,0.4392534587532282,True
codecontests_java_188,l2h14_lead_k,0.8965784907341003,1.0000000298023224,-0.10342153906822205,False
codecontests_java_188,l2h14_z,0.9421612024307251,0.9952014088630676,-0.05304020643234253,False
codecontests_java_188,mlp11_out,0.9911712408065796,0.9890421032905579,0.0021291375160217285,True
codecontests_java_188,l2h14_lead_k_centered,-1.0000001192092896,1.0000001192092896,-2.000000238418579,False
codecontests_java_188,l2h14_z_centered,-0.8767337203025818,0.8678672015666962,-1.744600921869278,False
codecontests_java_188,mlp11_out_centered,0.045293291099369526,-0.1900942213833332,0.23538751248270273,True
codecontests_cpp_189,l2h14_lead_k,0.8966465592384338,0.9999952614307404,-0.10334870219230652,False
codecontests_cpp_189,l2h14_z,0.9483011662960052,0.9949116408824921,-0.046610474586486816,False
codecontests_cpp_189,mlp11_out,0.9941076934337616,0.9920503795146942,0.002057313919067383,True
codecontests_cpp_189,l2h14_lead_k_centered,-0.9999528527259827,0.9999015033245087,-1.9998543560504913,False
codecontests_cpp_189,l2h14_z_centered,-0.8622414171695709,0.8562053740024567,-1.7184467911720276,False
codecontests_cpp_189,mlp11_out_centered,0.08992533758282661,-0.21579363197088242,0.30571896955370903,True
codecontests_java_189,l2h14_lead_k,0.8967146277427673,1.0000001192092896,-0.10328549146652222,False
codecontests_java_189,l2h14_z,0.9504557847976685,0.9965030252933502,-0.04604724049568176,False
codecontests_java_189,mlp11_out,0.9922254383563995,0.9873161911964417,0.004909247159957886,True
codecontests_java_189,l2h14_lead_k_centered,-1.000000238418579,1.000000238418579,-2.000000476837158,False
codecontests_java_189,l2h14_z_centered,-0.903936117887497,0.8976508677005768,-1.8015869855880737,False
codecontests_java_189,mlp11_out_centered,0.19725970551371574,-0.33071500808000565,0.5279747135937214,True
apps_python_190,l2h14_lead_k,0.8965784907341003,1.0000000298023224,-0.10342153906822205,False
apps_python_190,l2h14_z,0.9535411894321442,0.993515819311142,-0.0399746298789978,False
apps_python_190,mlp11_out,0.99167400598526,0.986758291721344,0.004915714263916016,True
apps_python_190,l2h14_lead_k_centered,-1.0000001192092896,1.0000001192092896,-2.000000238418579,False
apps_python_190,l2h14_z_centered,-0.8087489306926727,0.802867978811264,-1.6116169095039368,False
apps_python_190,mlp11_out_centered,0.1847463771700859,-0.3009691387414932,0.48571551591157913,True
codecontests_cpp_190,l2h14_lead_k,0.8966465592384338,0.9999952614307404,-0.10334870219230652,False
codecontests_cpp_190,l2h14_z,0.9474128484725952,0.9940609037876129,-0.0466480553150177,False
codecontests_cpp_190,mlp11_out,0.9929617941379547,0.9920476675033569,0.0009141266345977783,True
codecontests_cpp_190,l2h14_lead_k_centered,-0.9999528527259827,0.9999015033245087,-1.9998543560504913,False
codecontests_cpp_190,l2h14_z_centered,-0.8373067677021027,0.8304367065429688,-1.6677434742450714,False
codecontests_cpp_190,mlp11_out_centered,-0.04197628051042557,-0.11880604736506939,0.07682976685464382,True
codecontests_java_190,l2h14_lead_k,0.8966465592384338,0.9999952614307404,-0.10334870219230652,False
codecontests_java_190,l2h14_z,0.9545833766460419,0.9963553249835968,-0.04177194833755493,False
codecontests_java_190,mlp11_out,0.9925017654895782,0.9889403879642487,0.00356137752532959,True
codecontests_java_190,l2h14_lead_k_centered,-0.9999528527259827,0.9999015033245087,-1.9998543560504913,False
codecontests_java_190,l2h14_z_centered,-0.8997830152511597,0.8900061547756195,-1.7897891700267792,False
codecontests_java_190,mlp11_out_centered,0.14200939610600471,-0.2954994738101959,0.43750886991620064,True
apps_python_191,l2h14_lead_k,0.8965650498867035,0.999985009431839,-0.1034199595451355,False
apps_python_191,l2h14_z,0.947325587272644,0.9960576593875885,-0.04873207211494446,False
apps_python_191,mlp11_out,0.9906008243560791,0.9883785843849182,0.0022222399711608887,True
apps_python_191,l2h14_lead_k_centered,-0.9998387694358826,0.9997040033340454,-1.999542772769928,False
apps_python_191,l2h14_z_centered,-0.8769950866699219,0.8709598183631897,-1.7479549050331116,False
apps_python_191,mlp11_out_centered,0.04355134814977646,-0.1734132468700409,0.21696459501981735,True
codecontests_cpp_191,l2h14_lead_k,0.8965784907341003,1.0000000298023224,-0.10342153906822205,False
codecontests_cpp_191,l2h14_z,0.9508780837059021,0.9954078197479248,-0.044529736042022705,False
codecontests_cpp_191,mlp11_out,0.9926466047763824,0.9909096360206604,0.001736968755722046,True
codecontests_cpp_191,l2h14_lead_k_centered,-1.0000001192092896,1.0000001192092896,-2.000000238418579,False
codecontests_cpp_191,l2h14_z_centered,-0.8644064664840698,0.8537881672382355,-1.7181946337223053,False
codecontests_cpp_191,mlp11_out_centered,0.06352330558001995,-0.19268694147467613,0.2562102470546961,True
codecontests_java_191,l2h14_lead_k,0.8966465592384338,0.9999952614307404,-0.10334870219230652,False
codecontests_java_191,l2h14_z,0.9499659240245819,0.9964199364185333,-0.046454012393951416,False
codecontests_java_191,mlp11_out,0.9928725063800812,0.9889318346977234,0.003940671682357788,True
codecontests_java_191,l2h14_lead_k_centered,-0.9999528527259827,0.9999015033245087,-1.9998543560504913,False
codecontests_java_191,l2h14_z_centered,-0.9009971916675568,0.8944494724273682,-1.795446664094925,False
codecontests_java_191,mlp11_out_centered,0.187632717192173,-0.3186233937740326,0.5062561109662056,True
apps_python_192,l2h14_lead_k,0.8966465592384338,0.9999952614307404,-0.10334870219230652,False
apps_python_192,l2h14_z,0.9513084888458252,0.9918628036975861,-0.040554314851760864,False
apps_python_192,mlp11_out,0.9913393557071686,0.9863297343254089,0.0050096213817596436,True
apps_python_192,l2h14_lead_k_centered,-0.9999528527259827,0.9999015033245087,-1.9998543560504913,False
apps_python_192,l2h14_z_centered,-0.7749584913253784,0.7686695754528046,-1.543628066778183,False
apps_python_192,mlp11_out_centered,0.17454249784350395,-0.32321375608444214,0.4977562539279461,True
codecontests_cpp_192,l2h14_lead_k,0.8965784907341003,1.0000000298023224,-0.10342153906822205,False
codecontests_cpp_192,l2h14_z,0.9464342594146729,0.9957945942878723,-0.04936033487319946,False
codecontests_cpp_192,mlp11_out,0.9942954182624817,0.991786003112793,0.0025094151496887207,True
codecontests_cpp_192,l2h14_lead_k_centered,-1.0000001192092896,1.0000001192092896,-2.000000238418579,False
codecontests_cpp_192,l2h14_z_centered,-0.8865519464015961,0.8799679577350616,-1.7665199041366577,False
codecontests_cpp_192,mlp11_out_centered,0.1888033077120781,-0.3045228570699692,0.49332616478204727,True
codecontests_java_192,l2h14_lead_k,0.8966465592384338,0.9999952614307404,-0.10334870219230652,False
codecontests_java_192,l2h14_z,0.9467638432979584,0.9965356886386871,-0.04977184534072876,False
codecontests_java_192,mlp11_out,0.9922579824924469,0.986368328332901,0.0058896541595458984,True
codecontests_java_192,l2h14_lead_k_centered,-0.9999528527259827,0.9999015033245087,-1.9998543560504913,False
codecontests_java_192,l2h14_z_centered,-0.9183723330497742,0.9103723764419556,-1.8287447094917297,False
codecontests_java_192,mlp11_out_centered,0.25578460842370987,-0.4071706384420395,0.6629552468657494,True
apps_python_193,l2h14_lead_k,0.8967868685722351,0.9999926090240479,-0.10320574045181274,False
apps_python_193,l2h14_z,0.9555387198925018,0.9948159754276276,-0.03927725553512573,False
apps_python_193,mlp11_out,0.990741491317749,0.9864032864570618,0.004338204860687256,True
apps_python_193,l2h14_lead_k_centered,-0.9999180734157562,0.9998252391815186,-1.9997433125972748,False
apps_python_193,l2h14_z_centered,-0.8299291431903839,0.8235844075679779,-1.6535135507583618,False
apps_python_193,mlp11_out_centered,0.1531119868159294,-0.26333706080913544,0.41644904762506485,True
codecontests_java_193,l2h14_lead_k,0.8966465592384338,0.9999952614307404,-0.10334870219230652,False
codecontests_java_193,l2h14_z,0.9475651979446411,0.9969441890716553,-0.04937899112701416,False
codecontests_java_193,mlp11_out,0.9928816556930542,0.9880114793777466,0.004870176315307617,True
codecontests_java_193,l2h14_lead_k_centered,-0.9999528527259827,0.9999015033245087,-1.9998543560504913,False
codecontests_java_193,l2h14_z_centered,-0.9160766005516052,0.9086455404758453,-1.8247221410274506,False
codecontests_java_193,mlp11_out_centered,0.2502064183354378,-0.3582572937011719,0.6084637120366096,True
apps_python_194,l2h14_lead_k,0.8965784907341003,1.0000000298023224,-0.10342153906822205,False
apps_python_194,l2h14_z,0.9465594589710236,0.9924972355365753,-0.04593777656555176,False
apps_python_194,mlp11_out,0.9911982417106628,0.9867607355117798,0.004437506198883057,True
apps_python_194,l2h14_lead_k_centered,-1.0000001192092896,1.0000001192092896,-2.000000238418579,False
apps_python_194,l2h14_z_centered,-0.8082482814788818,0.8016686141490936,-1.6099168956279755,False
apps_python_194,mlp11_out_centered,0.1492913533002138,-0.2875772640109062,0.43686861731112003,True
codecontests_cpp_194,l2h14_lead_k,0.8965784907341003,1.0000000298023224,-0.10342153906822205,False
codecontests_cpp_194,l2h14_z,0.937926858663559,0.9929914176464081,-0.05506455898284912,False
codecontests_cpp_194,mlp11_out,0.9935044050216675,0.990592360496521,0.0029120445251464844,True
codecontests_cpp_194,l2h14_lead_k_centered,-1.0000001192092896,1.0000001192092896,-2.000000238418579,False
codecontests_cpp_194,l2h14_z_centered,-0.8356210291385651,0.8278603851795197,-1.6634814143180847,False
codecontests_cpp_194,mlp11_out_centered,0.17160430178046227,-0.27415166795253754,0.4457559697329998,True
codecontests_java_194,l2h14_lead_k,0.8968112468719482,1.0,-0.10318875312805176,False
codecontests_java_194,l2h14_z,0.9365929663181305,0.9928635060787201,-0.0562705397605896,False
codecontests_java_194,mlp11_out,0.9926491677761078,0.9886506795883179,0.003998488187789917,True
codecontests_java_194,l2h14_lead_k_centered,-1.0,1.0,-2.0,False
codecontests_java_194,l2h14_z_centered,-0.8478446006774902,0.8370423018932343,-1.6848869025707245,False
codecontests_java_194,mlp11_out_centered,0.1516187023371458,-0.3186926543712616,0.4703113567084074,True
mbpp_python_194,l2h14_lead_k,0.8966465592384338,0.9999952614307404,-0.10334870219230652,False
mbpp_python_194,l2h14_z,0.946840912103653,0.9932254254817963,-0.04638451337814331,False
mbpp_python_194,mlp11_out,0.9913972318172455,0.9878526628017426,0.0035445690155029297,True
mbpp_python_194,l2h14_lead_k_centered,-0.9999528527259827,0.9999015033245087,-1.9998543560504913,False
mbpp_python_194,l2h14_z_centered,-0.799641877412796,0.7935272455215454,-1.5931691229343414,False
mbpp_python_194,mlp11_out_centered,0.12580226082354784,-0.24489325284957886,0.3706955136731267,True
apps_python_195,l2h14_lead_k,0.8966814279556274,0.999993085861206,-0.10331165790557861,False
apps_python_195,l2h14_z,0.9490681290626526,0.9954963028430939,-0.046428173780441284,False
apps_python_195,mlp11_out,0.9913526475429535,0.9886300265789032,0.002722620964050293,True
apps_python_195,l2h14_lead_k_centered,-0.9999231994152069,0.9998482167720795,-1.9997714161872864,False
apps_python_195,l2h14_z_centered,-0.8633655905723572,0.8560917973518372,-1.7194573879241943,False
apps_python_195,mlp11_out_centered,0.11235535889863968,-0.22767873853445053,0.3400340974330902,True
codecontests_cpp_195,l2h14_lead_k,0.8966465592384338,0.9999952614307404,-0.10334870219230652,False
codecontests_cpp_195,l2h14_z,0.9313406944274902,0.9944441914558411,-0.06310349702835083,False
codecontests_cpp_195,mlp11_out,0.9927537739276886,0.9880503714084625,0.004703402519226074,True
codecontests_cpp_195,l2h14_lead_k_centered,-0.9999528527259827,0.9999015033245087,-1.9998543560504913,False
codecontests_cpp_195,l2h14_z_centered,-0.8807650208473206,0.8710857033729553,-1.7518507242202759,False
codecontests_cpp_195,mlp11_out_centered,0.2257958948612213,-0.3471717834472656,0.5729676783084869,True
codecontests_java_195,l2h14_lead_k,0.8966465592384338,0.9999952614307404,-0.10334870219230652,False
codecontests_java_195,l2h14_z,0.9439216554164886,0.9951870739459991,-0.0512654185295105,False
codecontests_java_195,mlp11_out,0.9923205971717834,0.9848593473434448,0.007461249828338623,True
codecontests_java_195,l2h14_lead_k_centered,-0.9999528527259827,0.9999015033245087,-1.9998543560504913,False
codecontests_java_195,l2h14_z_centered,-0.8800875544548035,0.8694615662097931,-1.7495491206645966,False
codecontests_java_195,mlp11_out_centered,0.32107222080230713,-0.44459185004234314,0.7656640708446503,True
apps_python_196,l2h14_lead_k,0.8965784907341003,1.0000000298023224,-0.10342153906822205,False
apps_python_196,l2h14_z,0.94773930311203,0.996468722820282,-0.04872941970825195,False
apps_python_196,mlp11_out,0.9911496937274933,0.9893110394477844,0.0018386542797088623,True
apps_python_196,l2h14_lead_k_centered,-1.0000001192092896,1.0000001192092896,-2.000000238418579,False
apps_python_196,l2h14_z_centered,-0.8860840201377869,0.8782565593719482,-1.764340579509735,False
apps_python_196,mlp11_out_centered,0.04813073854893446,-0.15473688021302223,0.2028676187619567,True
codecontests_java_196,l2h14_lead_k,0.8967868685722351,0.9999926090240479,-0.10320574045181274,False
codecontests_java_196,l2h14_z,0.9459054470062256,0.9968213140964508,-0.05091586709022522,False
codecontests_java_196,mlp11_out,0.9906250834465027,0.9876839220523834,0.0029411613941192627,True
codecontests_java_196,l2h14_lead_k_centered,-0.9999180734157562,0.9998252391815186,-1.9997433125972748,False
codecontests_java_196,l2h14_z_centered,-0.9204223155975342,0.9134453237056732,-1.8338676393032074,False
codecontests_java_196,mlp11_out_centered,0.09058091416954994,-0.2523721307516098,0.34295304492115974,True
apps_python_197,l2h14_lead_k,0.8965784907341003,1.0000000298023224,-0.10342153906822205,False
apps_python_197,l2h14_z,0.9470771849155426,0.9953374862670898,-0.04826030135154724,False
apps_python_197,mlp11_out,0.9916371703147888,0.9880845546722412,0.0035526156425476074,True
apps_python_197,l2h14_lead_k_centered,-1.0000001192092896,1.0000001192092896,-2.000000238418579,False
apps_python_197,l2h14_z_centered,-0.8652957081794739,0.8582488894462585,-1.7235445976257324,False
apps_python_197,mlp11_out_centered,0.11910996586084366,-0.2414962351322174,0.36060620099306107,True
codecontests_cpp_197,l2h14_lead_k,0.8967868685722351,0.9999926090240479,-0.10320574045181274,False
codecontests_cpp_197,l2h14_z,0.9330257177352905,0.9894737005233765,-0.05644798278808594,False
codecontests_cpp_197,mlp11_out,0.9937150180339813,0.9916657209396362,0.0020492970943450928,True
codecontests_cpp_197,l2h14_lead_k_centered,-0.9999180734157562,0.9998252391815186,-1.9997433125972748,False
codecontests_cpp_197,l2h14_z_centered,-0.7878154814243317,0.7793372571468353,-1.567152738571167,False
codecontests_cpp_197,mlp11_out_centered,0.08006159961223602,-0.2065230906009674,0.28658469021320343,True
codecontests_java_197,l2h14_lead_k,0.8966465592384338,0.9999952614307404,-0.10334870219230652,False
codecontests_java_197,l2h14_z,0.952195018529892,0.9952697455883026,-0.043074727058410645,False
codecontests_java_197,mlp11_out,0.9927123486995697,0.9880472123622894,0.0046651363372802734,True
codecontests_java_197,l2h14_lead_k_centered,-0.9999528527259827,0.9999015033245087,-1.9998543560504913,False
codecontests_java_197,l2h14_z_centered,-0.870083212852478,0.8589422404766083,-1.7290254533290863,False
codecontests_java_197,mlp11_out_centered,0.23311591148376465,-0.34904009103775024,0.5821560025215149,True
apps_python_198,l2h14_lead_k,0.8965784907341003,1.0000000298023224,-0.10342153906822205,False
apps_python_198,l2h14_z,0.952328085899353,0.9958249926567078,-0.043496906757354736,False
apps_python_198,mlp11_out,0.9931362569332123,0.9904495179653168,0.002686738967895508,True
apps_python_198,l2h14_lead_k_centered,-1.0000001192092896,1.0000001192092896,-2.000000238418579,False
apps_python_198,l2h14_z_centered,-0.8584893345832825,0.852191299200058,-1.7106806337833405,False
apps_python_198,mlp11_out_centered,0.11505602765828371,-0.24463655799627304,0.35969258565455675,True
codecontests_java_198,l2h14_lead_k,0.8966465592384338,0.9999952614307404,-0.10334870219230652,False
codecontests_java_198,l2h14_z,0.9570700526237488,0.9950138330459595,-0.03794378042221069,False
codecontests_java_198,mlp11_out,0.9921272993087769,0.9840357899665833,0.008091509342193604,True
codecontests_java_198,l2h14_lead_k_centered,-0.9999528527259827,0.9999015033245087,-1.9998543560504913,False
codecontests_java_198,l2h14_z_centered,-0.8568235635757446,0.8477996289730072,-1.7046231925487518,False
codecontests_java_198,mlp11_out_centered,0.3269549682736397,-0.4740028977394104,0.8009578660130501,True
apps_python_199,l2h14_lead_k,0.8966465592384338,0.9999952614307404,-0.10334870219230652,False
apps_python_199,l2h14_z,0.9469822645187378,0.9955381155014038,-0.048555850982666016,False
apps_python_199,mlp11_out,0.9915120601654053,0.9878133833408356,0.003698676824569702,True
apps_python_199,l2h14_lead_k_centered,-0.9999528527259827,0.9999015033245087,-1.9998543560504913,False
apps_python_199,l2h14_z_centered,-0.8792178332805634,0.8726298213005066,-1.75184765458107,False
apps_python_199,mlp11_out_centered,0.11428711749613285,-0.2549324780702591,0.36921959556639194,True
codecontests_cpp_199,l2h14_lead_k,0.8966465592384338,0.9999952614307404,-0.10334870219230652,False
codecontests_cpp_199,l2h14_z,0.9453064203262329,0.9947846531867981,-0.049478232860565186,False
codecontests_cpp_199,mlp11_out,0.9925224184989929,0.9916779100894928,0.0008445084095001221,True
codecontests_cpp_199,l2h14_lead_k_centered,-0.9999528527259827,0.9999015033245087,-1.9998543560504913,False
codecontests_cpp_199,l2h14_z_centered,-0.8610211908817291,0.8533836305141449,-1.714404821395874,False
codecontests_cpp_199,mlp11_out_centered,-0.012789078056812286,-0.13016067445278168,0.11737159639596939,True
codecontests_java_199,l2h14_lead_k,0.8965784907341003,1.0000000298023224,-0.10342153906822205,False
codecontests_java_199,l2h14_z,0.9476466476917267,0.9964818358421326,-0.048835188150405884,False
codecontests_java_199,mlp11_out,0.9922893643379211,0.9874546229839325,0.0048347413539886475,True
codecontests_java_199,l2h14_lead_k_centered,-1.0000001192092896,1.0000001192092896,-2.000000238418579,False
codecontests_java_199,l2h14_z_centered,-0.9155625104904175,0.9077666103839874,-1.823329120874405,False
codecontests_java_199,mlp11_out_centered,0.1994021236896515,-0.3389621376991272,0.5383642613887787,True
apps_python_200,l2h14_lead_k,0.8967146277427673,1.0000001192092896,-0.10328549146652222,False
apps_python_200,l2h14_z,0.9456916153430939,0.9953827261924744,-0.04969111084938049,False
apps_python_200,mlp11_out,0.9910532236099243,0.9883125424385071,0.0027406811714172363,True
apps_python_200,l2h14_lead_k_centered,-1.000000238418579,1.000000238418579,-2.000000476837158,False
apps_python_200,l2h14_z_centered,-0.8573093712329865,0.8483083844184875,-1.705617755651474,False
apps_python_200,mlp11_out_centered,0.08455744478851557,-0.21078651398420334,0.2953439587727189,True
codecontests_cpp_200,l2h14_lead_k,0.8968112468719482,1.0,-0.10318875312805176,False
codecontests_cpp_200,l2h14_z,0.9357832670211792,0.9941683411598206,-0.05838507413864136,False
codecontests_cpp_200,mlp11_out,0.9924541711807251,0.9923637211322784,9.045004844665527e-05,True
codecontests_cpp_200,l2h14_lead_k_centered,-1.0,1.0,-2.0,False
codecontests_cpp_200,l2h14_z_centered,-0.8739128410816193,0.864221841096878,-1.7381346821784973,False
codecontests_cpp_200,mlp11_out_centered,-0.07393991760909557,-0.04923914931714535,-0.024700768291950226,False
codecontests_java_200,l2h14_lead_k,0.8968112468719482,1.0,-0.10318875312805176,False
codecontests_java_200,l2h14_z,0.9343715906143188,0.9938243925571442,-0.05945280194282532,False
codecontests_java_200,mlp11_out,0.9920673966407776,0.9868484139442444,0.005218982696533203,True
codecontests_java_200,l2h14_lead_k_centered,-1.0,1.0,-2.0,False
codecontests_java_200,l2h14_z_centered,-0.870085746049881,0.8608519732952118,-1.7309377193450928,False
codecontests_java_200,mlp11_out_centered,0.21107257902622223,-0.3683588057756424,0.5794313848018646,True
apps_python_201,l2h14_lead_k,0.8966814279556274,0.999993085861206,-0.10331165790557861,False
apps_python_201,l2h14_z,0.9499440491199493,0.9957719445228577,-0.045827895402908325,False
apps_python_201,mlp11_out,0.9906834959983826,0.9875173270702362,0.0031661689281463623,True
apps_python_201,l2h14_lead_k_centered,-0.9999231994152069,0.9998482167720795,-1.9997714161872864,False
apps_python_201,l2h14_z_centered,-0.8698122799396515,0.8634824156761169,-1.7332946956157684,False
apps_python_201,mlp11_out_centered,0.11966303363442421,-0.22541624307632446,0.3450792767107487,True
codecontests_cpp_201,l2h14_lead_k,0.8967868685722351,0.9999926090240479,-0.10320574045181274,False
codecontests_cpp_201,l2h14_z,0.9358730018138885,0.9927745759487152,-0.05690157413482666,False
codecontests_cpp_201,mlp11_out,0.9935544729232788,0.9931191802024841,0.00043529272079467773,True
codecontests_cpp_201,l2h14_lead_k_centered,-0.9999180734157562,0.9998252391815186,-1.9997433125972748,False
codecontests_cpp_201,l2h14_z_centered,-0.853901207447052,0.8429468870162964,-1.6968480944633484,False
codecontests_cpp_201,mlp11_out_centered,-0.04108826071023941,-0.09536952152848244,0.05428126081824303,True
codecontests_java_201,l2h14_lead_k,0.8967868685722351,0.9999926090240479,-0.10320574045181274,False
codecontests_java_201,l2h14_z,0.9355881810188293,0.9932709336280823,-0.05768275260925293,False
codecontests_java_201,mlp11_out,0.9916588962078094,0.9873264133930206,0.004332482814788818,True
codecontests_java_201,l2h14_lead_k_centered,-0.9999180734157562,0.9998252391815186,-1.9997433125972748,False
codecontests_java_201,l2h14_z_centered,-0.8528285920619965,0.8424619436264038,-1.6952905356884003,False
codecontests_java_201,mlp11_out_centered,0.20577889680862427,-0.33745628595352173,0.543235182762146,True
apps_python_202,l2h14_lead_k,0.8966814279556274,0.999993085861206,-0.10331165790557861,False
apps_python_202,l2h14_z,0.9488787055015564,0.9953581094741821,-0.04647940397262573,False
apps_python_202,mlp11_out,0.9901644289493561,0.9877994656562805,0.0023649632930755615,True
apps_python_202,l2h14_lead_k_centered,-0.9999231994152069,0.9998482167720795,-1.9997714161872864,False
apps_python_202,l2h14_z_centered,-0.8616943657398224,0.8554964661598206,-1.717190831899643,False
apps_python_202,mlp11_out_centered,0.07615932822227478,-0.19224641472101212,0.2684057429432869,True
codecontests_cpp_202,l2h14_lead_k,0.8966465592384338,0.9999952614307404,-0.10334870219230652,False
codecontests_cpp_202,l2h14_z,0.9508490264415741,0.9952450096607208,-0.04439598321914673,False
codecontests_cpp_202,mlp11_out,0.9937544167041779,0.9923302233219147,0.0014241933822631836,True
codecontests_cpp_202,l2h14_lead_k_centered,-0.9999528527259827,0.9999015033245087,-1.9998543560504913,False
codecontests_cpp_202,l2h14_z_centered,-0.8631120920181274,0.858345240354538,-1.7214573323726654,False
codecontests_cpp_202,mlp11_out_centered,0.04500420764088631,-0.16851218789815903,0.21351639553904533,True
codecontests_java_202,l2h14_lead_k,0.8967146277427673,1.0000001192092896,-0.10328549146652222,False
codecontests_java_202,l2h14_z,0.9530304074287415,0.9964187741279602,-0.04338836669921875,False
codecontests_java_202,mlp11_out,0.9934227168560028,0.9891366958618164,0.004286020994186401,True
codecontests_java_202,l2h14_lead_k_centered,-1.000000238418579,1.000000238418579,-2.000000476837158,False
codecontests_java_202,l2h14_z_centered,-0.8984805941581726,0.8908362686634064,-1.789316862821579,False
codecontests_java_202,mlp11_out_centered,0.20558974146842957,-0.37978053092956543,0.585370272397995,True
apps_python_203,l2h14_lead_k,0.8967868685722351,0.9999926090240479,-0.10320574045181274,False
apps_python_203,l2h14_z,0.9473734498023987,0.9955948293209076,-0.04822137951850891,False
apps_python_203,mlp11_out,0.9906980991363525,0.9885359406471252,0.002162158489227295,True
apps_python_203,l2h14_lead_k_centered,-0.9999180734157562,0.9998252391815186,-1.9997433125972748,False
apps_python_203,l2h14_z_centered,-0.8671948611736298,0.8606579899787903,-1.72785285115242,False
apps_python_203,mlp11_out_centered,0.0779530992731452,-0.19697609171271324,0.27492919098585844,True
codecontests_cpp_203,l2h14_lead_k,0.8966465592384338,0.9999952614307404,-0.10334870219230652,False
codecontests_cpp_203,l2h14_z,0.9421021640300751,0.9949623048305511,-0.052860140800476074,False
codecontests_cpp_203,mlp11_out,0.9935944378376007,0.9924358129501343,0.0011586248874664307,True
codecontests_cpp_203,l2h14_lead_k_centered,-0.9999528527259827,0.9999015033245087,-1.9998543560504913,False
codecontests_cpp_203,l2h14_z_centered,-0.8750774562358856,0.8699214458465576,-1.7449989020824432,False
codecontests_cpp_203,mlp11_out_centered,0.03280366025865078,-0.15827830135822296,0.19108196161687374,True
codecontests_java_203,l2h14_lead_k,0.8967146277427673,1.0000001192092896,-0.10328549146652222,False
codecontests_java_203,l2h14_z,0.9446316361427307,0.9964088797569275,-0.05177724361419678,False
codecontests_java_203,mlp11_out,0.9926792979240417,0.9881140887737274,0.004565209150314331,True
codecontests_java_203,l2h14_lead_k_centered,-1.000000238418579,1.000000238418579,-2.000000476837158,False
codecontests_java_203,l2h14_z_centered,-0.9132384359836578,0.9068287909030914,-1.8200672268867493,False
codecontests_java_203,mlp11_out_centered,0.21928704530000687,-0.36104726791381836,0.5803343132138252,True
apps_python_204,l2h14_lead_k,0.8966465592384338,0.9999952614307404,-0.10334870219230652,False
apps_python_204,l2h14_z,0.9496549963951111,0.9960201680660248,-0.046365171670913696,False
apps_python_204,mlp11_out,0.9920241832733154,0.9898468255996704,0.0021773576736450195,True
apps_python_204,l2h14_lead_k_centered,-0.9999528527259827,0.9999015033245087,-1.9998543560504913,False
apps_python_204,l2h14_z_centered,-0.8786475658416748,0.8705826997756958,-1.7492302656173706,False
apps_python_204,mlp11_out_centered,0.05495942011475563,-0.17881355807185173,0.23377297818660736,True
codecontests_cpp_204,l2h14_lead_k,0.8965784907341003,1.0000000298023224,-0.10342153906822205,False
codecontests_cpp_204,l2h14_z,0.9459896087646484,0.9947269260883331,-0.04873731732368469,False
codecontests_cpp_204,mlp11_out,0.993060439825058,0.9910647869110107,0.001995652914047241,True
codecontests_cpp_204,l2h14_lead_k_centered,-1.0000001192092896,1.0000001192092896,-2.000000238418579,False
codecontests_cpp_204,l2h14_z_centered,-0.8577671647071838,0.8474918901920319,-1.7052590548992157,False
codecontests_cpp_204,mlp11_out_centered,0.07567009888589382,-0.20973531156778336,0.2854054104536772,True
codecontests_java_204,l2h14_lead_k,0.8966465592384338,0.9999952614307404,-0.10334870219230652,False
codecontests_java_204,l2h14_z,0.9505088031291962,0.9967839419841766,-0.04627513885498047,False
codecontests_java_204,mlp11_out,0.9929798543453217,0.9890226423740387,0.003957211971282959,True
codecontests_java_204,l2h14_lead_k_centered,-0.9999528527259827,0.9999015033245087,-1.9998543560504913,False
codecontests_java_204,l2h14_z_centered,-0.9085207283496857,0.9003216624259949,-1.8088423907756805,False
codecontests_java_204,mlp11_out_centered,0.2146017625927925,-0.3228054493665695,0.537407211959362,True
mbpp_python_204,l2h14_lead_k,0.8967214822769165,0.9999920129776001,-0.1032705307006836,False
mbpp_python_204,l2h14_z,0.9515359401702881,0.9952152967453003,-0.04367935657501221,False
mbpp_python_204,mlp11_out,0.9903590381145477,0.9863880574703217,0.003970980644226074,True
mbpp_python_204,l2h14_lead_k_centered,-0.99991375207901,0.9998371601104736,-1.9997509121894836,False
mbpp_python_204,l2h14_z_centered,-0.8493594825267792,0.8419404625892639,-1.691299945116043,False
mbpp_python_204,mlp11_out_centered,0.11925707012414932,-0.2739250883460045,0.3931821584701538,True
apps_python_205,l2h14_lead_k,0.8965784907341003,1.0000000298023224,-0.10342153906822205,False
apps_python_205,l2h14_z,0.9498036205768585,0.9937574565410614,-0.04395383596420288,False
apps_python_205,mlp11_out,0.9919554889202118,0.989192932844162,0.0027625560760498047,True
apps_python_205,l2h14_lead_k_centered,-1.0000001192092896,1.0000001192092896,-2.000000238418579,False
apps_python_205,l2h14_z_centered,-0.7966843247413635,0.787523090839386,-1.5842074155807495,False
apps_python_205,mlp11_out_centered,0.08439957839436829,-0.20861682295799255,0.29301640135236084,True
codecontests_java_205,l2h14_lead_k,0.8968112468719482,1.0,-0.10318875312805176,False
codecontests_java_205,l2h14_z,0.9504536986351013,0.9941242933273315,-0.043670594692230225,False
codecontests_java_205,mlp11_out,0.9923319220542908,0.9885425269603729,0.0037893950939178467,True
codecontests_java_205,l2h14_lead_k_centered,-1.0,1.0,-2.0,False
codecontests_java_205,l2h14_z_centered,-0.8395134806632996,0.8300957381725311,-1.6696092188358307,False
codecontests_java_205,mlp11_out_centered,0.19917191565036774,-0.31976374238729477,0.5189356580376625,True
apps_python_206,l2h14_lead_k,0.8967868685722351,0.9999926090240479,-0.10320574045181274,False
apps_python_206,l2h14_z,0.9479612112045288,0.9965642094612122,-0.04860299825668335,False
apps_python_206,mlp11_out,0.9899082481861115,0.9890831708908081,0.0008250772953033447,True
apps_python_206,l2h14_lead_k_centered,-0.9999180734157562,0.9998252391815186,-1.9997433125972748,False
apps_python_206,l2h14_z_centered,-0.9033676087856293,0.8971794545650482,-1.8005470633506775,False
apps_python_206,mlp11_out_centered,-0.04469357896596193,-0.08211139217019081,0.03741781320422888,True
codecontests_cpp_206,l2h14_lead_k,0.896519660949707,0.9999968111515045,-0.10347715020179749,False
codecontests_cpp_206,l2h14_z,0.9572080373764038,0.9919596314430237,-0.03475159406661987,False
codecontests_cpp_206,mlp11_out,0.9940411746501923,0.9910005033016205,0.0030406713485717773,True
codecontests_cpp_206,l2h14_lead_k_centered,-0.9999721050262451,0.9999381899833679,-1.999910295009613,False
codecontests_cpp_206,l2h14_z_centered,-0.7615378499031067,0.7458188533782959,-1.5073567032814026,False
codecontests_cpp_206,mlp11_out_centered,0.17645373940467834,-0.31411033123731613,0.4905640706419945,True
codecontests_java_206,l2h14_lead_k,0.8966747522354126,0.9999959468841553,-0.10332119464874268,False
codecontests_java_206,l2h14_z,0.9606626629829407,0.9923466742038727,-0.03168401122093201,False
codecontests_java_206,mlp11_out,0.9921596348285675,0.9884018898010254,0.0037577450275421143,True
codecontests_java_206,l2h14_lead_k_centered,-0.9999625086784363,0.9999235570430756,-1.9998860657215118,False
codecontests_java_206,l2h14_z_centered,-0.7462765872478485,0.7317448556423187,-1.4780214428901672,False
codecontests_java_206,mlp11_out_centered,0.1634913794696331,-0.3002713471651077,0.46376272663474083,True
apps_python_207,l2h14_lead_k,0.8966465592384338,0.9999952614307404,-0.10334870219230652,False
apps_python_207,l2h14_z,0.9503657817840576,0.9957089126110077,-0.04534313082695007,False
apps_python_207,mlp11_out,0.9928251504898071,0.9910775721073151,0.0017475783824920654,True
apps_python_207,l2h14_lead_k_centered,-0.9999528527259827,0.9999015033245087,-1.9998543560504913,False
apps_python_207,l2h14_z_centered,-0.8724423944950104,0.8652220368385315,-1.7376644313335419,False
apps_python_207,mlp11_out_centered,0.04944417253136635,-0.16396716609597206,0.2134113386273384,True
codecontests_cpp_207,l2h14_lead_k,0.8967214822769165,0.9999920129776001,-0.1032705307006836,False
codecontests_cpp_207,l2h14_z,0.9444952309131622,0.991897702217102,-0.04740247130393982,False
codecontests_cpp_207,mlp11_out,0.9938043057918549,0.9927733838558197,0.0010309219360351562,True
codecontests_cpp_207,l2h14_lead_k_centered,-0.99991375207901,0.9998371601104736,-1.9997509121894836,False
codecontests_cpp_207,l2h14_z_centered,-0.8119728863239288,0.7958447635173798,-1.6078176498413086,False
codecontests_cpp_207,mlp11_out_centered,0.006678041070699692,-0.17384140193462372,0.1805194430053234,True
codecontests_java_207,l2h14_lead_k,0.8966814279556274,0.999993085861206,-0.10331165790557861,False
codecontests_java_207,l2h14_z,0.9473763704299927,0.9943991899490356,-0.04702281951904297,False
codecontests_java_207,mlp11_out,0.9924723207950592,0.9908881783485413,0.0015841424465179443,True
codecontests_java_207,l2h14_lead_k_centered,-0.9999231994152069,0.9998482167720795,-1.9997714161872864,False
codecontests_java_207,l2h14_z_centered,-0.8565013408660889,0.8483694493770599,-1.7048707902431488,False
codecontests_java_207,mlp11_out_centered,0.025492291897535324,-0.17076852545142174,0.19626081734895706,True
apps_python_208,l2h14_lead_k,0.8967214822769165,0.9999920129776001,-0.1032705307006836,False
apps_python_208,l2h14_z,0.9541608095169067,0.9954739809036255,-0.04131317138671875,False
apps_python_208,mlp11_out,0.9906893670558929,0.9882723391056061,0.0024170279502868652,True
apps_python_208,l2h14_lead_k_centered,-0.99991375207901,0.9998371601104736,-1.9997509121894836,False
apps_python_208,l2h14_z_centered,-0.8462585806846619,0.8391080498695374,-1.6853666305541992,False
apps_python_208,mlp11_out_centered,0.06036624405533075,-0.22044619172811508,0.28081243578344584,True
codecontests_java_208,l2h14_lead_k,0.8966465592384338,0.9999952614307404,-0.10334870219230652,False
codecontests_java_208,l2h14_z,0.9340426623821259,0.9955968856811523,-0.06155422329902649,False
codecontests_java_208,mlp11_out,0.9917880296707153,0.9860978126525879,0.005690217018127441,True
codecontests_java_208,l2h14_lead_k_centered,-0.9999528527259827,0.9999015033245087,-1.9998543560504913,False
codecontests_java_208,l2h14_z_centered,-0.9041503667831421,0.8942639231681824,-1.7984142899513245,False
codecontests_java_208,mlp11_out_centered,0.233758844435215,-0.3828083574771881,0.6165672019124031,True
apps_python_209,l2h14_lead_k,0.8965784907341003,1.0000000298023224,-0.10342153906822205,False
apps_python_209,l2h14_z,0.9517140984535217,0.9968921840190887,-0.04517808556556702,False
apps_python_209,mlp11_out,0.9934444725513458,0.9901783466339111,0.0032661259174346924,True
apps_python_209,l2h14_lead_k_centered,-1.0000001192092896,1.0000001192092896,-2.000000238418579,False
apps_python_209,l2h14_z_centered,-0.8904380202293396,0.8838365375995636,-1.7742745578289032,False
apps_python_209,mlp11_out_centered,0.1844656765460968,-0.29458869993686676,0.47905437648296356,True
codecontests_java_209,l2h14_lead_k,0.8967146277427673,1.0000001192092896,-0.10328549146652222,False
codecontests_java_209,l2h14_z,0.9466749131679535,0.9967018365859985,-0.050026923418045044,False
codecontests_java_209,mlp11_out,0.9923948645591736,0.9880335330963135,0.004361331462860107,True
codecontests_java_209,l2h14_lead_k_centered,-1.000000238418579,1.000000238418579,-2.000000476837158,False
codecontests_java_209,l2h14_z_centered,-0.9146130084991455,0.9082612097263336,-1.8228742182254791,False
codecontests_java_209,mlp11_out_centered,0.17927436530590057,-0.33057184517383575,0.5098462104797363,True
apps_python_210,l2h14_lead_k,0.8968112468719482,1.0,-0.10318875312805176,False
apps_python_210,l2h14_z,0.950430691242218,0.997357577085495,-0.04692688584327698,False
apps_python_210,mlp11_out,0.9899817109107971,0.9868896305561066,0.0030920803546905518,True
apps_python_210,l2h14_lead_k_centered,-1.0,1.0,-2.0,False
apps_python_210,l2h14_z_centered,-0.9159516096115112,0.9106307029724121,-1.8265823125839233,False
apps_python_210,mlp11_out_centered,0.09239375591278076,-0.22822294011712074,0.3206166960299015,True
codecontests_java_210,l2h14_lead_k,0.8967146277427673,1.0000001192092896,-0.10328549146652222,False
codecontests_java_210,l2h14_z,0.9467940330505371,0.9961140155792236,-0.04931998252868652,False
codecontests_java_210,mlp11_out,0.9927838742733002,0.9878995418548584,0.0048843324184417725,True
codecontests_java_210,l2h14_lead_k_centered,-1.000000238418579,1.000000238418579,-2.000000476837158,False
codecontests_java_210,l2h14_z_centered,-0.8935021162033081,0.8851103186607361,-1.7786124348640442,False
codecontests_java_210,mlp11_out_centered,0.19439063966274261,-0.3494170010089874,0.54380764067173,True
apps_python_211,l2h14_lead_k,0.8967868685722351,0.9999926090240479,-0.10320574045181274,False
apps_python_211,l2h14_z,0.9518950581550598,0.995708167552948,-0.043813109397888184,False
apps_python_211,mlp11_out,0.9893502593040466,0.9864656925201416,0.0028845667839050293,True
apps_python_211,l2h14_lead_k_centered,-0.9999180734157562,0.9998252391815186,-1.9997433125972748,False
apps_python_211,l2h14_z_centered,-0.8553787171840668,0.8490032851696014,-1.7043820023536682,False
apps_python_211,mlp11_out_centered,0.10030094720423222,-0.21852970495820045,0.31883065216243267,True
codecontests_cpp_211,l2h14_lead_k,0.8966465592384338,0.9999952614307404,-0.10334870219230652,False
codecontests_cpp_211,l2h14_z,0.9467825889587402,0.9928169250488281,-0.04603433609008789,False
codecontests_cpp_211,mlp11_out,0.9931960701942444,0.9882429838180542,0.0049530863761901855,True
codecontests_cpp_211,l2h14_lead_k_centered,-0.9999528527259827,0.9999015033245087,-1.9998543560504913,False
codecontests_cpp_211,l2h14_z_centered,-0.8208270072937012,0.8126224875450134,-1.6334494948387146,False
codecontests_cpp_211,mlp11_out_centered,0.23778894543647766,-0.3539198040962219,0.5917087495326996,True
codecontests_java_211,l2h14_lead_k,0.8965784907341003,1.0000000298023224,-0.10342153906822205,False
codecontests_java_211,l2h14_z,0.9466142952442169,0.9965391159057617,-0.0499248206615448,False
codecontests_java_211,mlp11_out,0.9919677078723907,0.9849514961242676,0.007016211748123169,True
codecontests_java_211,l2h14_lead_k_centered,-1.0000001192092896,1.0000001192092896,-2.000000238418579,False
codecontests_java_211,l2h14_z_centered,-0.9085918068885803,0.900266706943512,-1.8088585138320923,False
codecontests_java_211,mlp11_out_centered,0.2928444966673851,-0.42660506069660187,0.719449557363987,True
apps_python_212,l2h14_lead_k,0.8966814279556274,0.999993085861206,-0.10331165790557861,False
apps_python_212,l2h14_z,0.9459667801856995,0.9955577850341797,-0.049591004848480225,False
apps_python_212,mlp11_out,0.9892876148223877,0.9868730008602142,0.002414613962173462,True
apps_python_212,l2h14_lead_k_centered,-0.9999231994152069,0.9998482167720795,-1.9997714161872864,False
apps_python_212,l2h14_z_centered,-0.8742057979106903,0.8684234917163849,-1.7426292896270752,False
apps_python_212,mlp11_out_centered,0.0841909795999527,-0.19202755391597748,0.2762185335159302,True
codecontests_java_212,l2h14_lead_k,0.8966465592384338,0.9999952614307404,-0.10334870219230652,False
codecontests_java_212,l2h14_z,0.9559451341629028,0.9958046078681946,-0.03985947370529175,False
codecontests_java_212,mlp11_out,0.9923563003540039,0.9897958040237427,0.0025604963302612305,True
codecontests_java_212,l2h14_lead_k_centered,-0.9999528527259827,0.9999015033245087,-1.9998543560504913,False
codecontests_java_212,l2h14_z_centered,-0.8660748898983002,0.8573733866214752,-1.7234482765197754,False
codecontests_java_212,mlp11_out_centered,0.09062312263995409,-0.24861405044794083,0.3392371730878949,True
apps_python_213,l2h14_lead_k,0.8965784907341003,1.0000000298023224,-0.10342153906822205,False
apps_python_213,l2h14_z,0.9464830160140991,0.995421290397644,-0.04893827438354492,False
apps_python_213,mlp11_out,0.9913182258605957,0.9881609976291656,0.0031572282314300537,True
apps_python_213,l2h14_lead_k_centered,-1.0000001192092896,1.0000001192092896,-2.000000238418579,False
apps_python_213,l2h14_z_centered,-0.8688250482082367,0.86073037981987,-1.7295554280281067,False
apps_python_213,mlp11_out_centered,0.09917864669114351,-0.23887211084365845,0.33805075753480196,True
codecontests_cpp_213,l2h14_lead_k,0.8965784907341003,1.0000000298023224,-0.10342153906822205,False
codecontests_cpp_213,l2h14_z,0.9507828950881958,0.9954644739627838,-0.04468157887458801,False
codecontests_cpp_213,mlp11_out,0.9939208328723907,0.9913127720355988,0.002608060836791992,True
codecontests_cpp_213,l2h14_lead_k_centered,-1.0000001192092896,1.0000001192092896,-2.000000238418579,False
codecontests_cpp_213,l2h14_z_centered,-0.8728309571743011,0.8654094934463501,-1.7382404506206512,False
codecontests_cpp_213,mlp11_out_centered,0.13873650878667831,-0.27674830704927444,0.41548481583595276,True
codecontests_java_213,l2h14_lead_k,0.8966465592384338,0.9999952614307404,-0.10334870219230652,False
codecontests_java_213,l2h14_z,0.9500817954540253,0.9962898194789886,-0.04620802402496338,False
codecontests_java_213,mlp11_out,0.9919894635677338,0.9866033494472504,0.0053861141204833984,True
codecontests_java_213,l2h14_lead_k_centered,-0.9999528527259827,0.9999015033245087,-1.9998543560504913,False
codecontests_java_213,l2h14_z_centered,-0.9037910103797913,0.8959458768367767,-1.799736887216568,False
codecontests_java_213,mlp11_out_centered,0.21096573024988174,-0.34195345640182495,0.5529191866517067,True
apps_python_214,l2h14_lead_k,0.8966814279556274,0.999993085861206,-0.10331165790557861,False
apps_python_214,l2h14_z,0.9405458569526672,0.987551748752594,-0.04700589179992676,False
apps_python_214,mlp11_out,0.9908015131950378,0.9881609082221985,0.0026406049728393555,True
apps_python_214,l2h14_lead_k_centered,-0.9999231994152069,0.9998482167720795,-1.9997714161872864,False
apps_python_214,l2h14_z_centered,-0.7184543609619141,0.705994188785553,-1.424448549747467,False
apps_python_214,mlp11_out_centered,0.06956271734088659,-0.20450721681118011,0.2740699341520667,True
codecontests_java_214,l2h14_lead_k,0.8966465592384338,0.9999952614307404,-0.10334870219230652,False
codecontests_java_214,l2h14_z,0.9465100169181824,0.9965076148509979,-0.04999759793281555,False
codecontests_java_214,mlp11_out,0.9918054342269897,0.9893738925457001,0.002431541681289673,True
codecontests_java_214,l2h14_lead_k_centered,-0.9999528527259827,0.9999015033245087,-1.9998543560504913,False
codecontests_java_214,l2h14_z_centered,-0.9147217273712158,0.9089408814907074,-1.8236626088619232,False
codecontests_java_214,mlp11_out_centered,0.05382297933101654,-0.19215067103505135,0.2459736503660679,True
apps_python_215,l2h14_lead_k,0.8966465592384338,0.9999952614307404,-0.10334870219230652,False
apps_python_215,l2h14_z,0.9464861154556274,0.9938087463378906,-0.047322630882263184,False
apps_python_215,mlp11_out,0.9905055463314056,0.9872215390205383,0.0032840073108673096,True
apps_python_215,l2h14_lead_k_centered,-0.9999528527259827,0.9999015033245087,-1.9998543560504913,False
apps_python_215,l2h14_z_centered,-0.8075613379478455,0.7970401048660278,-1.6046014428138733,False
apps_python_215,mlp11_out_centered,0.09951845719479024,-0.22207782417535782,0.32159628137014806,True
codecontests_cpp_215,l2h14_lead_k,0.8967146277427673,1.0000001192092896,-0.10328549146652222,False
codecontests_cpp_215,l2h14_z,0.9420038163661957,0.9945560097694397,-0.05255219340324402,False
codecontests_cpp_215,mlp11_out,0.9923840463161469,0.988957941532135,0.003426104784011841,True
codecontests_cpp_215,l2h14_lead_k_centered,-1.000000238418579,1.000000238418579,-2.000000476837158,False
codecontests_cpp_215,l2h14_z_centered,-0.8598135113716125,0.8511776924133301,-1.7109912037849426,False
codecontests_cpp_215,mlp11_out_centered,0.1796245016157627,-0.29658399522304535,0.47620849683880806,True
codecontests_java_215,l2h14_lead_k,0.8966465592384338,0.9999952614307404,-0.10334870219230652,False
codecontests_java_215,l2h14_z,0.9498151540756226,0.9966516196727753,-0.04683646559715271,False
codecontests_java_215,mlp11_out,0.9927402436733246,0.9886976778507233,0.004042565822601318,True
codecontests_java_215,l2h14_lead_k_centered,-0.9999528527259827,0.9999015033245087,-1.9998543560504913,False
codecontests_java_215,l2h14_z_centered,-0.9027276039123535,0.8939336538314819,-1.7966612577438354,False
codecontests_java_215,mlp11_out_centered,0.1821979247033596,-0.34663112461566925,0.5288290493190289,True
apps_python_216,l2h14_lead_k,0.8968513011932373,0.9999943673610687,-0.10314306616783142,False
apps_python_216,l2h14_z,0.9459119439125061,0.9969207346439362,-0.051008790731430054,False
apps_python_216,mlp11_out,0.9903294444084167,0.9891624748706818,0.0011669695377349854,True
apps_python_216,l2h14_lead_k_centered,-0.9999384582042694,0.9998914003372192,-1.9998298585414886,False
apps_python_216,l2h14_z_centered,-0.9170002639293671,0.9114564657211304,-1.8284567296504974,False
apps_python_216,mlp11_out_centered,0.0014234744012355804,-0.11984392255544662,0.1212673969566822,True
codecontests_cpp_216,l2h14_lead_k,0.8965784907341003,1.0000000298023224,-0.10342153906822205,False
codecontests_cpp_216,l2h14_z,0.9416854083538055,0.9932962357997894,-0.05161082744598389,False
codecontests_cpp_216,mlp11_out,0.992656797170639,0.9915024638175964,0.0011543333530426025,True
codecontests_cpp_216,l2h14_lead_k_centered,-1.0000001192092896,1.0000001192092896,-2.000000238418579,False
codecontests_cpp_216,l2h14_z_centered,-0.8279666602611542,0.8201601803302765,-1.6481268405914307,False
codecontests_cpp_216,mlp11_out_centered,0.03829140588641167,-0.16315541975200176,0.20144682563841343,True
codecontests_java_216,l2h14_lead_k,0.8966465592384338,0.9999952614307404,-0.10334870219230652,False
codecontests_java_216,l2h14_z,0.9482191205024719,0.9956039786338806,-0.04738485813140869,False
codecontests_java_216,mlp11_out,0.9923675358295441,0.9874284267425537,0.0049391090869903564,True
codecontests_java_216,l2h14_lead_k_centered,-0.9999528527259827,0.9999015033245087,-1.9998543560504913,False
codecontests_java_216,l2h14_z_centered,-0.8879361152648926,0.8784236013889313,-1.7663597166538239,False
codecontests_java_216,mlp11_out_centered,0.20550479739904404,-0.3701283484697342,0.5756331458687782,True
apps_python_217,l2h14_lead_k,0.8965784907341003,1.0000000298023224,-0.10342153906822205,False
apps_python_217,l2h14_z,0.955154150724411,0.9960762858390808,-0.0409221351146698,False
apps_python_217,mlp11_out,0.9906127452850342,0.9885693490505219,0.002043396234512329,True
apps_python_217,l2h14_lead_k_centered,-1.0000001192092896,1.0000001192092896,-2.000000238418579,False
apps_python_217,l2h14_z_centered,-0.8669580817222595,0.8568612635135651,-1.7238193452358246,False
apps_python_217,mlp11_out_centered,0.047926412895321846,-0.16275154799222946,0.2106779608875513,True
codecontests_java_217,l2h14_lead_k,0.8966465592384338,0.9999952614307404,-0.10334870219230652,False
codecontests_java_217,l2h14_z,0.9241738617420197,0.9950976073741913,-0.07092374563217163,False
codecontests_java_217,mlp11_out,0.9918262362480164,0.9869104623794556,0.004915773868560791,True
codecontests_java_217,l2h14_lead_k_centered,-0.9999528527259827,0.9999015033245087,-1.9998543560504913,False
codecontests_java_217,l2h14_z_centered,-0.9049873054027557,0.8965109586715698,-1.8014982640743256,False
codecontests_java_217,mlp11_out_centered,0.18035810813307762,-0.3245655745267868,0.5049236826598644,True
apps_python_218,l2h14_lead_k,0.8965784907341003,1.0000000298023224,-0.10342153906822205,False
apps_python_218,l2h14_z,0.9468756914138794,0.9948203861713409,-0.04794469475746155,False
apps_python_218,mlp11_out,0.9908126592636108,0.9853032231330872,0.005509436130523682,True
apps_python_218,l2h14_lead_k_centered,-1.0000001192092896,1.0000001192092896,-2.000000238418579,False
apps_python_218,l2h14_z_centered,-0.8529708385467529,0.8447557687759399,-1.6977266073226929,False
apps_python_218,mlp11_out_centered,0.17987722158432007,-0.3066239058971405,0.48650112748146057,True
codecontests_cpp_218,l2h14_lead_k,0.8966465592384338,0.9999952614307404,-0.10334870219230652,False
codecontests_cpp_218,l2h14_z,0.9464819431304932,0.9926168322563171,-0.046134889125823975,False
codecontests_cpp_218,mlp11_out,0.9932161867618561,0.9894304275512695,0.003785759210586548,True
codecontests_cpp_218,l2h14_lead_k_centered,-0.9999528527259827,0.9999015033245087,-1.9998543560504913,False
codecontests_cpp_218,l2h14_z_centered,-0.8173578977584839,0.8103308081626892,-1.627688705921173,False
codecontests_cpp_218,mlp11_out_centered,0.1702185459434986,-0.30587369203567505,0.47609223797917366,True
codecontests_java_218,l2h14_lead_k,0.8965784907341003,1.0000000298023224,-0.10342153906822205,False
codecontests_java_218,l2h14_z,0.9429503977298737,0.9950471818447113,-0.052096784114837646,False
codecontests_java_218,mlp11_out,0.9913434386253357,0.9893655478954315,0.001977890729904175,True
codecontests_java_218,l2h14_lead_k_centered,-1.0000001192092896,1.0000001192092896,-2.000000238418579,False
codecontests_java_218,l2h14_z_centered,-0.8706773519515991,0.8621252477169037,-1.7328025996685028,False
codecontests_java_218,mlp11_out_centered,0.039731089025735855,-0.1702793762087822,0.21001046523451805,True
apps_python_219,l2h14_lead_k,0.8966465592384338,0.9999952614307404,-0.10334870219230652,False
apps_python_219,l2h14_z,0.9483380019664764,0.9965450763702393,-0.04820707440376282,False
apps_python_219,mlp11_out,0.9919111728668213,0.9896098077297211,0.0023013651371002197,True
apps_python_219,l2h14_lead_k_centered,-0.9999528527259827,0.9999015033245087,-1.9998543560504913,False
apps_python_219,l2h14_z_centered,-0.8901452124118805,0.8818920254707336,-1.7720372378826141,False
apps_python_219,mlp11_out_centered,0.08275138214230537,-0.19374197721481323,0.2764933593571186,True
codecontests_cpp_219,l2h14_lead_k,0.8965784907341003,1.0000000298023224,-0.10342153906822205,False
codecontests_cpp_219,l2h14_z,0.9487010836601257,0.9950724244117737,-0.04637134075164795,False
codecontests_cpp_219,mlp11_out,0.9931740760803223,0.990212619304657,0.002961456775665283,True
codecontests_cpp_219,l2h14_lead_k_centered,-1.0000001192092896,1.0000001192092896,-2.000000238418579,False
codecontests_cpp_219,l2h14_z_centered,-0.8618569672107697,0.8520966470241547,-1.7139536142349243,False
codecontests_cpp_219,mlp11_out_centered,0.17071456462144852,-0.2844611927866936,0.4551757574081421,True
codecontests_java_219,l2h14_lead_k,0.8966465592384338,0.9999952614307404,-0.10334870219230652,False
codecontests_java_219,l2h14_z,0.9505428671836853,0.9956472814083099,-0.045104414224624634,False
codecontests_java_219,mlp11_out,0.9920779764652252,0.9866993129253387,0.005378663539886475,True
codecontests_java_219,l2h14_lead_k_centered,-0.9999528527259827,0.9999015033245087,-1.9998543560504913,False
codecontests_java_219,l2h14_z_centered,-0.876998096704483,0.8674537539482117,-1.7444518506526947,False
codecontests_java_219,mlp11_out_centered,0.2181583195924759,-0.37807679176330566,0.5962351113557816,True
apps_python_220,l2h14_lead_k,0.8967868685722351,0.9999926090240479,-0.10320574045181274,False
apps_python_220,l2h14_z,0.9506008625030518,0.9972725808620453,-0.04667171835899353,False
apps_python_220,mlp11_out,0.9916963577270508,0.9889459013938904,0.0027504563331604004,True
apps_python_220,l2h14_lead_k_centered,-0.9999180734157562,0.9998252391815186,-1.9997433125972748,False
apps_python_220,l2h14_z_centered,-0.9122335016727448,0.9075174331665039,-1.8197509348392487,False
apps_python_220,mlp11_out_centered,0.06605168431997299,-0.1939011737704277,0.2599528580904007,True
codecontests_cpp_220,l2h14_lead_k,0.8966465592384338,0.9999952614307404,-0.10334870219230652,False
codecontests_cpp_220,l2h14_z,0.9534424841403961,0.9957790672779083,-0.04233658313751221,False
codecontests_cpp_220,mlp11_out,0.9931621551513672,0.9910329580307007,0.002129197120666504,True
codecontests_cpp_220,l2h14_lead_k_centered,-0.9999528527259827,0.9999015033245087,-1.9998543560504913,False
codecontests_cpp_220,l2h14_z_centered,-0.8741751313209534,0.8665519952774048,-1.7407271265983582,False
codecontests_cpp_220,mlp11_out_centered,0.0816263947635889,-0.21738824620842934,0.29901464097201824,True
codecontests_java_220,l2h14_lead_k,0.8965784907341003,1.0000000298023224,-0.10342153906822205,False
codecontests_java_220,l2h14_z,0.95518359541893,0.9967920184135437,-0.04160842299461365,False
codecontests_java_220,mlp11_out,0.9918900728225708,0.9866101443767548,0.00527992844581604,True
codecontests_java_220,l2h14_lead_k_centered,-1.0000001192092896,1.0000001192092896,-2.000000238418579,False
codecontests_java_220,l2h14_z_centered,-0.9124296307563782,0.9042735695838928,-1.816703200340271,False
codecontests_java_220,mlp11_out_centered,0.20410719513893127,-0.33655746281147003,0.5406646579504013,True
apps_python_221,l2h14_lead_k,0.8968513011932373,0.9999943673610687,-0.10314306616783142,False
apps_python_221,l2h14_z,0.9492912292480469,0.9970423579216003,-0.04775112867355347,False
apps_python_221,mlp11_out,0.9906797409057617,0.9893463850021362,0.0013333559036254883,True
apps_python_221,l2h14_lead_k_centered,-0.9999384582042694,0.9998914003372192,-1.9998298585414886,False
apps_python_221,l2h14_z_centered,-0.9093272089958191,0.904296875,-1.813624083995819,False
apps_python_221,mlp11_out_centered,-9.252503514289856e-05,-0.12595821544528008,0.12586569041013718,True
codecontests_java_221,l2h14_lead_k,0.8966465592384338,0.9999952614307404,-0.10334870219230652,False
codecontests_java_221,l2h14_z,0.9502713680267334,0.9969452023506165,-0.04667383432388306,False
codecontests_java_221,mlp11_out,0.9931983649730682,0.9871641099452972,0.006034255027770996,True
codecontests_java_221,l2h14_lead_k_centered,-0.9999528527259827,0.9999015033245087,-1.9998543560504913,False
codecontests_java_221,l2h14_z_centered,-0.9120202362537384,0.9045638144016266,-1.816584050655365,False
codecontests_java_221,mlp11_out_centered,0.3259332776069641,-0.43688762187957764,0.7628208994865417,True
mbpp_python_221,l2h14_lead_k,0.8968513011932373,0.9999943673610687,-0.10314306616783142,False
mbpp_python_221,l2h14_z,0.9483630061149597,0.996993899345398,-0.04863089323043823,False
mbpp_python_221,mlp11_out,0.9912011325359344,0.9891540706157684,0.0020470619201660156,True
mbpp_python_221,l2h14_lead_k_centered,-0.9999384582042694,0.9998914003372192,-1.9998298585414886,False
mbpp_python_221,l2h14_z_centered,-0.9097345471382141,0.9039322435855865,-1.8136667907238007,False
mbpp_python_221,mlp11_out_centered,0.04937646724283695,-0.1655992567539215,0.21497572399675846,True
apps_python_222,l2h14_lead_k,0.8966465592384338,0.9999952614307404,-0.10334870219230652,False
apps_python_222,l2h14_z,0.9466549158096313,0.9943667352199554,-0.0477118194103241,False
apps_python_222,mlp11_out,0.9915523529052734,0.9902844727039337,0.0012678802013397217,True
apps_python_222,l2h14_lead_k_centered,-0.9999528527259827,0.9999015033245087,-1.9998543560504913,False
apps_python_222,l2h14_z_centered,-0.8273594379425049,0.8198224902153015,-1.6471819281578064,False
apps_python_222,mlp11_out_centered,0.0020466167479753494,-0.11702481657266617,0.11907143332064152,True
codecontests_java_222,l2h14_lead_k,0.8966465592384338,0.9999952614307404,-0.10334870219230652,False
codecontests_java_222,l2h14_z,0.9453982412815094,0.9964449107646942,-0.051046669483184814,False
codecontests_java_222,mlp11_out,0.9928321242332458,0.9881671965122223,0.00466492772102356,True
codecontests_java_222,l2h14_lead_k_centered,-0.9999528527259827,0.9999015033245087,-1.9998543560504913,False
codecontests_java_222,l2h14_z_centered,-0.9109001755714417,0.904697597026825,-1.8155977725982666,False
codecontests_java_222,mlp11_out_centered,0.19823867082595825,-0.33994726836681366,0.5381859391927719,True
apps_python_223,l2h14_lead_k,0.8966465592384338,0.9999952614307404,-0.10334870219230652,False
apps_python_223,l2h14_z,0.9490673243999481,0.9946293234825134,-0.04556199908256531,False
apps_python_223,mlp11_out,0.9912801682949066,0.9904785454273224,0.0008016228675842285,True
apps_python_223,l2h14_lead_k_centered,-0.9999528527259827,0.9999015033245087,-1.9998543560504913,False
apps_python_223,l2h14_z_centered,-0.8285160064697266,0.8202170133590698,-1.6487330198287964,False
apps_python_223,mlp11_out_centered,-0.04091767454519868,-0.08000314701348543,0.03908547246828675,True
codecontests_cpp_223,l2h14_lead_k,0.8965784907341003,1.0000000298023224,-0.10342153906822205,False
codecontests_cpp_223,l2h14_z,0.9426277279853821,0.9947920739650726,-0.05216434597969055,False
codecontests_cpp_223,mlp11_out,0.9936299324035645,0.9910629689693451,0.0025669634342193604,True
codecontests_cpp_223,l2h14_lead_k_centered,-1.0000001192092896,1.0000001192092896,-2.000000238418579,False
codecontests_cpp_223,l2h14_z_centered,-0.8691648542881012,0.8601582050323486,-1.7293230593204498,False
codecontests_cpp_223,mlp11_out_centered,0.13488120958209038,-0.253367617726326,0.38824882730841637,True
codecontests_java_223,l2h14_lead_k,0.8966465592384338,0.9999952614307404,-0.10334870219230652,False
codecontests_java_223,l2h14_z,0.9426940977573395,0.9964037239551544,-0.05370962619781494,False
codecontests_java_223,mlp11_out,0.9916739463806152,0.9876458942890167,0.004028052091598511,True
codecontests_java_223,l2h14_lead_k_centered,-0.9999528527259827,0.9999015033245087,-1.9998543560504913,False
codecontests_java_223,l2h14_z_centered,-0.9120053052902222,0.9053594172000885,-1.8173647224903107,False
codecontests_java_223,mlp11_out_centered,0.12521063536405563,-0.26916125416755676,0.3943718895316124,True
apps_python_224,l2h14_lead_k,0.8966465592384338,0.9999952614307404,-0.10334870219230652,False
apps_python_224,l2h14_z,0.9482133388519287,0.9932660162448883,-0.045052677392959595,False
apps_python_224,mlp11_out,0.9914484322071075,0.9875709116458893,0.0038775205612182617,True
apps_python_224,l2h14_lead_k_centered,-0.9999528527259827,0.9999015033245087,-1.9998543560504913,False
apps_python_224,l2h14_z_centered,-0.7986817955970764,0.7926362156867981,-1.5913180112838745,False
apps_python_224,mlp11_out_centered,0.1434430330991745,-0.24869895726442337,0.39214199036359787,True
codecontests_cpp_224,l2h14_lead_k,0.8966465592384338,0.9999952614307404,-0.10334870219230652,False
codecontests_cpp_224,l2h14_z,0.944493979215622,0.9933111071586609,-0.04881712794303894,False
codecontests_cpp_224,mlp11_out,0.9932683110237122,0.9919596612453461,0.0013086497783660889,True
codecontests_cpp_224,l2h14_lead_k_centered,-0.9999528527259827,0.9999015033245087,-1.9998543560504913,False
codecontests_cpp_224,l2h14_z_centered,-0.8298068046569824,0.8219533562660217,-1.6517601609230042,False
codecontests_cpp_224,mlp11_out_centered,0.0392670426517725,-0.1495070643723011,0.1887741070240736,True
codecontests_java_224,l2h14_lead_k,0.8967146277427673,1.0000001192092896,-0.10328549146652222,False
codecontests_java_224,l2h14_z,0.954271137714386,0.9963150024414062,-0.042043864727020264,False
codecontests_java_224,mlp11_out,0.9929689168930054,0.9871500730514526,0.005818843841552734,True
codecontests_java_224,l2h14_lead_k_centered,-1.000000238418579,1.000000238418579,-2.000000476837158,False
codecontests_java_224,l2h14_z_centered,-0.8985277414321899,0.8887435495853424,-1.7872712910175323,False
codecontests_java_224,mlp11_out_centered,0.29495036602020264,-0.46192358434200287,0.7568739503622055,True
mbpp_python_224,l2h14_lead_k,0.8965784907341003,1.0000000298023224,-0.10342153906822205,False
mbpp_python_224,l2h14_z,0.9512485861778259,0.9965739250183105,-0.04532533884048462,False
mbpp_python_224,mlp11_out,0.9915644526481628,0.989330917596817,0.002233535051345825,True
mbpp_python_224,l2h14_lead_k_centered,-1.0000001192092896,1.0000001192092896,-2.000000238418579,False
mbpp_python_224,l2h14_z_centered,-0.8784954845905304,0.8711137771606445,-1.749609261751175,False
mbpp_python_224,mlp11_out_centered,0.05221079848706722,-0.1710660234093666,0.22327682189643383,True
apps_python_225,l2h14_lead_k,0.8967146277427673,1.0000001192092896,-0.10328549146652222,False
apps_python_225,l2h14_z,0.9494394958019257,0.9949546158313751,-0.04551512002944946,False
apps_python_225,mlp11_out,0.9907867908477783,0.9877377152442932,0.0030490756034851074,True
apps_python_225,l2h14_lead_k_centered,-1.000000238418579,1.000000238418579,-2.000000476837158,False
apps_python_225,l2h14_z_centered,-0.8531368672847748,0.845323920249939,-1.6984607875347137,False
apps_python_225,mlp11_out_centered,0.0892226118594408,-0.1970868743956089,0.2863094862550497,True
codecontests_cpp_225,l2h14_lead_k,0.8966465592384338,0.9999952614307404,-0.10334870219230652,False
codecontests_cpp_225,l2h14_z,0.9483117759227753,0.9948478043079376,-0.046536028385162354,False
codecontests_cpp_225,mlp11_out,0.9928156733512878,0.991722047328949,0.0010936260223388672,True
codecontests_cpp_225,l2h14_lead_k_centered,-0.9999528527259827,0.9999015033245087,-1.9998543560504913,False
codecontests_cpp_225,l2h14_z_centered,-0.8557071387767792,0.8473787307739258,-1.703085869550705,False
codecontests_cpp_225,mlp11_out_centered,-0.021865371614694595,-0.1289818324148655,0.1071164608001709,True
codecontests_java_225,l2h14_lead_k,0.8965784907341003,1.0000000298023224,-0.10342153906822205,False
codecontests_java_225,l2h14_z,0.9523671865463257,0.9966904819011688,-0.04432329535484314,False
codecontests_java_225,mlp11_out,0.9926533102989197,0.9882687628269196,0.004384547472000122,True
codecontests_java_225,l2h14_lead_k_centered,-1.0000001192092896,1.0000001192092896,-2.000000238418579,False
codecontests_java_225,l2h14_z_centered,-0.9097726047039032,0.9030708968639374,-1.8128435015678406,False
codecontests_java_225,mlp11_out_centered,0.19805096089839935,-0.34659814834594727,0.5446491092443466,True
codecontests_java_226,l2h14_lead_k,0.8965784907341003,1.0000000298023224,-0.10342153906822205,False
codecontests_java_226,l2h14_z,0.9418094158172607,0.9953380823135376,-0.053528666496276855,False
codecontests_java_226,mlp11_out,0.9922297596931458,0.9881440997123718,0.004085659980773926,True
codecontests_java_226,l2h14_lead_k_centered,-1.0000001192092896,1.0000001192092896,-2.000000238418579,False
codecontests_java_226,l2h14_z_centered,-0.8881539702415466,0.8794471323490143,-1.767601102590561,False
codecontests_java_226,mlp11_out_centered,0.15867000445723534,-0.31142067164182663,0.47009067609906197,True
apps_python_227,l2h14_lead_k,0.8968112468719482,1.0,-0.10318875312805176,False
apps_python_227,l2h14_z,0.9477936327457428,0.996586948633194,-0.04879331588745117,False
apps_python_227,mlp11_out,0.9904245734214783,0.9886620044708252,0.0017625689506530762,True
apps_python_227,l2h14_lead_k_centered,-1.0,1.0,-2.0,False
apps_python_227,l2h14_z_centered,-0.9037867486476898,0.8980118632316589,-1.8017986118793488,False
apps_python_227,mlp11_out_centered,0.035588352009654045,-0.148369412869215,0.18395776487886906,True
codecontests_cpp_227,l2h14_lead_k,0.8966465592384338,0.9999952614307404,-0.10334870219230652,False
codecontests_cpp_227,l2h14_z,0.9390164911746979,0.9938051700592041,-0.054788678884506226,False
codecontests_cpp_227,mlp11_out,0.9922749400138855,0.9917202591896057,0.0005546808242797852,True
codecontests_cpp_227,l2h14_lead_k_centered,-0.9999528527259827,0.9999015033245087,-1.9998543560504913,False
codecontests_cpp_227,l2h14_z_centered,-0.8516527712345123,0.8429906666278839,-1.6946434378623962,False
codecontests_cpp_227,mlp11_out_centered,-0.0357118621468544,-0.08315539360046387,0.04744353145360947,True
codecontests_java_227,l2h14_lead_k,0.8966465592384338,0.9999952614307404,-0.10334870219230652,False
codecontests_java_227,l2h14_z,0.945514053106308,0.996339738368988,-0.050825685262680054,False
codecontests_java_227,mlp11_out,0.9923495948314667,0.9873515963554382,0.004997998476028442,True
codecontests_java_227,l2h14_lead_k_centered,-0.9999528527259827,0.9999015033245087,-1.9998543560504913,False
codecontests_java_227,l2h14_z_centered,-0.9121166467666626,0.9040709137916565,-1.816187560558319,False
codecontests_java_227,mlp11_out_centered,0.2137623056769371,-0.35692355036735535,0.5706858560442924,True
codecontests_cpp_228,l2h14_lead_k,0.8965784907341003,1.0000000298023224,-0.10342153906822205,False
codecontests_cpp_228,l2h14_z,0.944739818572998,0.9950554966926575,-0.050315678119659424,False
codecontests_cpp_228,mlp11_out,0.993148148059845,0.9912897944450378,0.001858353614807129,True
codecontests_cpp_228,l2h14_lead_k_centered,-1.0000001192092896,1.0000001192092896,-2.000000238418579,False
codecontests_cpp_228,l2h14_z_centered,-0.8665532767772675,0.8612097203731537,-1.7277629971504211,False
codecontests_cpp_228,mlp11_out_centered,0.0916939340531826,-0.2113029658794403,0.3029968999326229,True
codecontests_java_228,l2h14_lead_k,0.8966465592384338,0.9999952614307404,-0.10334870219230652,False
codecontests_java_228,l2h14_z,0.9449078738689423,0.9958454072475433,-0.050937533378601074,False
codecontests_java_228,mlp11_out,0.992223471403122,0.9855484962463379,0.006674975156784058,True
codecontests_java_228,l2h14_lead_k_centered,-0.9999528527259827,0.9999015033245087,-1.9998543560504913,False
codecontests_java_228,l2h14_z_centered,-0.8982568383216858,0.8901849091053009,-1.7884417474269867,False
codecontests_java_228,mlp11_out_centered,0.2839096412062645,-0.4177386611700058,0.7016483023762703,True
apps_python_229,l2h14_lead_k,0.8965784907341003,1.0000000298023224,-0.10342153906822205,False
apps_python_229,l2h14_z,0.9457105696201324,0.9949978888034821,-0.04928731918334961,False
apps_python_229,mlp11_out,0.9909923374652863,0.9871642887592316,0.0038280487060546875,True
apps_python_229,l2h14_lead_k_centered,-1.0000001192092896,1.0000001192092896,-2.000000238418579,False
apps_python_229,l2h14_z_centered,-0.8585531711578369,0.8506028056144714,-1.7091559767723083,False
apps_python_229,mlp11_out_centered,0.11724834446795285,-0.2695305868983269,0.3867789313662797,True
codecontests_cpp_229,l2h14_lead_k,0.8966465592384338,0.9999952614307404,-0.10334870219230652,False
codecontests_cpp_229,l2h14_z,0.9510749280452728,0.9925830960273743,-0.04150816798210144,False
codecontests_cpp_229,mlp11_out,0.9938033223152161,0.9897684156894684,0.004034906625747681,True
codecontests_cpp_229,l2h14_lead_k_centered,-0.9999528527259827,0.9999015033245087,-1.9998543560504913,False
codecontests_cpp_229,l2h14_z_centered,-0.8077176809310913,0.8004456162452698,-1.608163297176361,False
codecontests_cpp_229,mlp11_out_centered,0.21467703208327293,-0.359769344329834,0.5744463764131069,True
codecontests_java_229,l2h14_lead_k,0.8967146277427673,1.0000001192092896,-0.10328549146652222,False
codecontests_java_229,l2h14_z,0.9470452964305878,0.9963396787643433,-0.04929438233375549,False
codecontests_java_229,mlp11_out,0.9925759136676788,0.986746609210968,0.005829304456710815,True
codecontests_java_229,l2h14_lead_k_centered,-1.000000238418579,1.000000238418579,-2.000000476837158,False
codecontests_java_229,l2h14_z_centered,-0.8988921642303467,0.8909602165222168,-1.7898523807525635,False
codecontests_java_229,mlp11_out_centered,0.265802264213562,-0.4212990552186966,0.6871013194322586,True
apps_python_230,l2h14_lead_k,0.8966465592384338,0.9999952614307404,-0.10334870219230652,False
apps_python_230,l2h14_z,0.950665146112442,0.9951258897781372,-0.04446074366569519,False
apps_python_230,mlp11_out,0.9914593398571014,0.9879223704338074,0.0035369694232940674,True
apps_python_230,l2h14_lead_k_centered,-0.9999528527259827,0.9999015033245087,-1.9998543560504913,False
apps_python_230,l2h14_z_centered,-0.8628488183021545,0.857227087020874,-1.7200759053230286,False
apps_python_230,mlp11_out_centered,0.11790362745523453,-0.23675695061683655,0.3546605780720711,True
codecontests_java_230,l2h14_lead_k,0.8967629373073578,0.9999824464321136,-0.10321950912475586,False
codecontests_java_230,l2h14_z,0.9394306540489197,0.9953067302703857,-0.055876076221466064,False
codecontests_java_230,mlp11_out,0.9937250018119812,0.9892625212669373,0.004462480545043945,True
codecontests_java_230,l2h14_lead_k_centered,-0.9998360574245453,0.999639242887497,-1.9994753003120422,False
codecontests_java_230,l2h14_z_centered,-0.8853887021541595,0.8741688430309296,-1.7595575451850891,False
codecontests_java_230,mlp11_out_centered,0.22723397612571716,-0.3791206628084183,0.6063546389341354,True
mbpp_python_230,l2h14_lead_k,0.8965784907341003,1.0000000298023224,-0.10342153906822205,False
mbpp_python_230,l2h14_z,0.9478027522563934,0.9938146770000458,-0.046011924743652344,False
mbpp_python_230,mlp11_out,0.9905894100666046,0.989174097776413,0.0014153122901916504,True
mbpp_python_230,l2h14_lead_k_centered,-1.0000001192092896,1.0000001192092896,-2.000000238418579,False
mbpp_python_230,l2h14_z_centered,-0.8077667951583862,0.7988053858280182,-1.6065721809864044,False
mbpp_python_230,mlp11_out_centered,0.016893647611141205,-0.1375083290040493,0.1544019766151905,True
apps_python_231,l2h14_lead_k,0.8967214822769165,0.9999920129776001,-0.1032705307006836,False
apps_python_231,l2h14_z,0.949769914150238,0.9963619709014893,-0.04659205675125122,False
apps_python_231,mlp11_out,0.9894047975540161,0.9878979027271271,0.001506894826889038,True
apps_python_231,l2h14_lead_k_centered,-0.99991375207901,0.9998371601104736,-1.9997509121894836,False
apps_python_231,l2h14_z_centered,-0.8872768878936768,0.880996435880661,-1.7682733237743378,False
apps_python_231,mlp11_out_centered,-0.0049268938601017,-0.12825516611337662,0.12332827225327492,True
codecontests_java_231,l2h14_lead_k,0.8966465592384338,0.9999952614307404,-0.10334870219230652,False
codecontests_java_231,l2h14_z,0.9522610008716583,0.9967195689678192,-0.04445856809616089,False
codecontests_java_231,mlp11_out,0.9927974045276642,0.9868607223033905,0.005936682224273682,True
codecontests_java_231,l2h14_lead_k_centered,-0.9999528527259827,0.9999015033245087,-1.9998543560504913,False
codecontests_java_231,l2h14_z_centered,-0.9066243171691895,0.8996879458427429,-1.8063122630119324,False
codecontests_java_231,mlp11_out_centered,0.29456762969493866,-0.40836793184280396,0.7029355615377426,True
apps_python_232,l2h14_lead_k,0.8967868685722351,0.9999926090240479,-0.10320574045181274,False
apps_python_232,l2h14_z,0.9504690170288086,0.9948898553848267,-0.044420838356018066,False
apps_python_232,mlp11_out,0.9909254610538483,0.9890443682670593,0.0018810927867889404,True
apps_python_232,l2h14_lead_k_centered,-0.9999180734157562,0.9998252391815186,-1.9997433125972748,False
apps_python_232,l2h14_z_centered,-0.8335062563419342,0.8273724615573883,-1.6608787178993225,False
apps_python_232,mlp11_out_centered,0.04324335139244795,-0.1499432995915413,0.19318665098398924,True
apps_python_233,l2h14_lead_k,0.8968112468719482,1.0,-0.10318875312805176,False
apps_python_233,l2h14_z,0.9513793885707855,0.9967603981494904,-0.045381009578704834,False
apps_python_233,mlp11_out,0.9902804791927338,0.9883885979652405,0.0018918812274932861,True
apps_python_233,l2h14_lead_k_centered,-1.0,1.0,-2.0,False
apps_python_233,l2h14_z_centered,-0.9018065631389618,0.8961820602416992,-1.797988623380661,False
apps_python_233,mlp11_out_centered,0.03737576864659786,-0.13322807848453522,0.17060384713113308,True
codecontests_java_233,l2h14_lead_k,0.8967868685722351,0.9999926090240479,-0.10320574045181274,False
codecontests_java_233,l2h14_z,0.9470649361610413,0.9965007901191711,-0.04943585395812988,False
codecontests_java_233,mlp11_out,0.9918935298919678,0.9879942834377289,0.0038992464542388916,True
codecontests_java_233,l2h14_lead_k_centered,-0.9999180734157562,0.9998252391815186,-1.9997433125972748,False
codecontests_java_233,l2h14_z_centered,-0.9112918972969055,0.9030738770961761,-1.8143657743930817,False
codecontests_java_233,mlp11_out_centered,0.1532045416533947,-0.32091814279556274,0.47412268444895744,True
mbpp_python_233,l2h14_lead_k,0.8966814279556274,0.999993085861206,-0.10331165790557861,False
mbpp_python_233,l2h14_z,0.945970207452774,0.9952651560306549,-0.04929494857788086,False
mbpp_python_233,mlp11_out,0.9899911284446716,0.9880923926830292,0.001898735761642456,True
mbpp_python_233,l2h14_lead_k_centered,-0.9999231994152069,0.9998482167720795,-1.9997714161872864,False
mbpp_python_233,l2h14_z_centered,-0.8684879541397095,0.8625845909118652,-1.7310725450515747,False
mbpp_python_233,mlp11_out_centered,0.04295415338128805,-0.17009932920336723,0.21305348258465528,True
apps_python_234,l2h14_lead_k,0.8968513011932373,0.9999943673610687,-0.10314306616783142,False
apps_python_234,l2h14_z,0.9452187418937683,0.9968244731426239,-0.05160573124885559,False
apps_python_234,mlp11_out,0.9904115498065948,0.9887373447418213,0.0016742050647735596,True
apps_python_234,l2h14_lead_k_centered,-0.9999384582042694,0.9998914003372192,-1.9998298585414886,False
apps_python_234,l2h14_z_centered,-0.910250723361969,0.9047951102256775,-1.8150458335876465,False
apps_python_234,mlp11_out_centered,0.03186201490461826,-0.15442657470703125,0.1862885896116495,True
codecontests_java_234,l2h14_lead_k,0.8966465592384338,0.9999952614307404,-0.10334870219230652,False
codecontests_java_234,l2h14_z,0.9530589878559113,0.9966793358325958,-0.04362034797668457,False
codecontests_java_234,mlp11_out,0.992917537689209,0.9885896742343903,0.004327863454818726,True
codecontests_java_234,l2h14_lead_k_centered,-0.9999528527259827,0.9999015033245087,-1.9998543560504913,False
codecontests_java_234,l2h14_z_centered,-0.9027851223945618,0.8959422707557678,-1.7987273931503296,False
codecontests_java_234,mlp11_out_centered,0.2011689692735672,-0.32159410417079926,0.5227630734443665,True
apps_python_235,l2h14_lead_k,0.8966465592384338,0.9999952614307404,-0.10334870219230652,False
apps_python_235,l2h14_z,0.9420756101608276,0.995203047990799,-0.053127437829971313,False
apps_python_235,mlp11_out,0.9902293086051941,0.9849090278148651,0.0053202807903289795,True
apps_python_235,l2h14_lead_k_centered,-0.9999528527259827,0.9999015033245087,-1.9998543560504913,False
apps_python_235,l2h14_z_centered,-0.8859558701515198,0.8790624141693115,-1.7650182843208313,False
apps_python_235,mlp11_out_centered,0.17116367630660534,-0.29739756882190704,0.4685612451285124,True
codecontests_cpp_235,l2h14_lead_k,0.8966948688030243,0.9999824464321136,-0.10328757762908936,False
codecontests_cpp_235,l2h14_z,0.9324418902397156,0.994221955537796,-0.061780065298080444,False
codecontests_cpp_235,mlp11_out,0.9930464625358582,0.9913587272167206,0.0016877353191375732,True
codecontests_cpp_235,l2h14_lead_k_centered,-0.9998359382152557,0.999611496925354,-1.9994474351406097,False
codecontests_cpp_235,l2h14_z_centered,-0.879279762506485,0.871855616569519,-1.751135379076004,False
codecontests_cpp_235,mlp11_out_centered,0.053218916058540344,-0.18483151495456696,0.2380504310131073,True
codecontests_java_235,l2h14_lead_k,0.8966465592384338,0.9999952614307404,-0.10334870219230652,False
codecontests_java_235,l2h14_z,0.9401460289955139,0.9960232675075531,-0.055877238512039185,False
codecontests_java_235,mlp11_out,0.9919891059398651,0.9877052009105682,0.004283905029296875,True
codecontests_java_235,l2h14_lead_k_centered,-0.9999528527259827,0.9999015033245087,-1.9998543560504913,False
codecontests_java_235,l2h14_z_centered,-0.9050155580043793,0.8953385055065155,-1.8003540635108948,False
codecontests_java_235,mlp11_out_centered,0.1407695699017495,-0.3275260180234909,0.4682955879252404,True
mbpp_python_235,l2h14_lead_k,0.8966465592384338,0.9999952614307404,-0.10334870219230652,False
mbpp_python_235,l2h14_z,0.9460062086582184,0.9941306114196777,-0.04812440276145935,False
mbpp_python_235,mlp11_out,0.9900158643722534,0.9869087934494019,0.0031070709228515625,True
mbpp_python_235,l2h14_lead_k_centered,-0.9999528527259827,0.9999015033245087,-1.9998543560504913,False
mbpp_python_235,l2h14_z_centered,-0.8171646595001221,0.8067881464958191,-1.6239528059959412,False
mbpp_python_235,mlp11_out_centered,0.07958180736750364,-0.21077929437160492,0.29036110173910856,True
apps_python_236,l2h14_lead_k,0.8968112468719482,1.0,-0.10318875312805176,False
apps_python_236,l2h14_z,0.94983971118927,0.9957440495491028,-0.045904338359832764,False
apps_python_236,mlp11_out,0.9908412992954254,0.9884296655654907,0.0024116337299346924,True
apps_python_236,l2h14_lead_k_centered,-1.0,1.0,-2.0,False
apps_python_236,l2h14_z_centered,-0.8693626821041107,0.861572802066803,-1.7309354841709137,False
apps_python_236,mlp11_out_centered,0.08119503781199455,-0.18591240048408508,0.26710743829607964,True
codecontests_cpp_236,l2h14_lead_k,0.8967214822769165,0.9999920129776001,-0.1032705307006836,False
codecontests_cpp_236,l2h14_z,0.9356555938720703,0.9921300411224365,-0.05647444725036621,False
codecontests_cpp_236,mlp11_out,0.9935352206230164,0.9916703402996063,0.0018648803234100342,True
codecontests_cpp_236,l2h14_lead_k_centered,-0.99991375207901,0.9998371601104736,-1.9997509121894836,False
codecontests_cpp_236,l2h14_z_centered,-0.8272168934345245,0.8172764182090759,-1.6444933116436005,False
codecontests_cpp_236,mlp11_out_centered,0.07073730416595936,-0.1898980364203453,0.26063534058630466,True
codecontests_java_236,l2h14_lead_k,0.8966948688030243,0.9999824464321136,-0.10328757762908936,False
codecontests_java_236,l2h14_z,0.9340590238571167,0.9951496422290802,-0.0610906183719635,False
codecontests_java_236,mlp11_out,0.9921497702598572,0.9884853661060333,0.0036644041538238525,True
codecontests_java_236,l2h14_lead_k_centered,-0.9998359382152557,0.999611496925354,-1.9994474351406097,False
codecontests_java_236,l2h14_z_centered,-0.8924868106842041,0.8835430145263672,-1.7760298252105713,False
codecontests_java_236,mlp11_out_centered,0.16527951881289482,-0.29270730912685394,0.45798682793974876,True
apps_python_237,l2h14_lead_k,0.8968513011932373,0.9999943673610687,-0.10314306616783142,False
apps_python_237,l2h14_z,0.9447160363197327,0.9972127377986908,-0.05249670147895813,False
apps_python_237,mlp11_out,0.9906414449214935,0.9886689782142639,0.0019724667072296143,True
apps_python_237,l2h14_lead_k_centered,-0.9999384582042694,0.9998914003372192,-1.9998298585414886,False
apps_python_237,l2h14_z_centered,-0.923568993806839,0.9187241494655609,-1.8422931432724,False
apps_python_237,mlp11_out_centered,0.045631944201886654,-0.155928086489439,0.20156003069132566,True
codecontests_java_237,l2h14_lead_k,0.8966465592384338,0.9999952614307404,-0.10334870219230652,False
codecontests_java_237,l2h14_z,0.9473312199115753,0.9969944357872009,-0.04966321587562561,False
codecontests_java_237,mlp11_out,0.9927189350128174,0.9880035221576691,0.004715412855148315,True
codecontests_java_237,l2h14_lead_k_centered,-0.9999528527259827,0.9999015033245087,-1.9998543560504913,False
codecontests_java_237,l2h14_z_centered,-0.9156190454959869,0.9084016382694244,-1.8240206837654114,False
codecontests_java_237,mlp11_out_centered,0.21619382500648499,-0.32258711755275726,0.5387809425592422,True
apps_python_238,l2h14_lead_k,0.8968112468719482,1.0,-0.10318875312805176,False
apps_python_238,l2h14_z,0.9514673948287964,0.9948216676712036,-0.04335427284240723,False
apps_python_238,mlp11_out,0.9907435476779938,0.986005574464798,0.004737973213195801,True
apps_python_238,l2h14_lead_k_centered,-1.0,1.0,-2.0,False
apps_python_238,l2h14_z_centered,-0.8421112596988678,0.8363328576087952,-1.678444117307663,False
apps_python_238,mlp11_out_centered,0.16203536093235016,-0.2740819528698921,0.4361173138022423,True
codecontests_java_238,l2h14_lead_k,0.8967214822769165,0.9999920129776001,-0.1032705307006836,False
codecontests_java_238,l2h14_z,0.9490457475185394,0.9965658783912659,-0.04752013087272644,False
codecontests_java_238,mlp11_out,0.9913769960403442,0.9878333806991577,0.0035436153411865234,True
codecontests_java_238,l2h14_lead_k_centered,-0.99991375207901,0.9998371601104736,-1.9997509121894836,False
codecontests_java_238,l2h14_z_centered,-0.9057095348834991,0.898208737373352,-1.8039182722568512,False
codecontests_java_238,mlp11_out_centered,0.12053880840539932,-0.3032558634877205,0.4237946718931198,True
apps_python_239,l2h14_lead_k,0.8966465592384338,0.9999952614307404,-0.10334870219230652,False
apps_python_239,l2h14_z,0.94780033826828,0.9952217042446136,-0.04742136597633362,False
apps_python_239,mlp11_out,0.9919269382953644,0.9909680187702179,0.0009589195251464844,True
apps_python_239,l2h14_lead_k_centered,-0.9999528527259827,0.9999015033245087,-1.9998543560504913,False
apps_python_239,l2h14_z_centered,-0.8591602146625519,0.8522894382476807,-1.7114496529102325,False
apps_python_239,mlp11_out_centered,-0.015556484460830688,-0.11345214396715164,0.09789565950632095,True
codecontests_java_239,l2h14_lead_k,0.8965784907341003,1.0000000298023224,-0.10342153906822205,False
codecontests_java_239,l2h14_z,0.9444283246994019,0.9956536591053009,-0.05122533440589905,False
codecontests_java_239,mlp11_out,0.9919212758541107,0.9855444133281708,0.006376862525939941,True
codecontests_java_239,l2h14_lead_k_centered,-1.0000001192092896,1.0000001192092896,-2.000000238418579,False
codecontests_java_239,l2h14_z_centered,-0.8832785189151764,0.8776305913925171,-1.7609091103076935,False
codecontests_java_239,mlp11_out_centered,0.2605642303824425,-0.38845095038414,0.6490151807665825,True
apps_python_240,l2h14_lead_k,0.8965784907341003,1.0000000298023224,-0.10342153906822205,False
apps_python_240,l2h14_z,0.9527423083782196,0.9954557716846466,-0.042713463306427,False
apps_python_240,mlp11_out,0.99126335978508,0.9897745251655579,0.0014888346195220947,True
apps_python_240,l2h14_lead_k_centered,-1.0000001192092896,1.0000001192092896,-2.000000238418579,False
apps_python_240,l2h14_z_centered,-0.8603984415531158,0.8532276153564453,-1.7136260569095612,False
apps_python_240,mlp11_out_centered,0.0026602894067764282,-0.11814774572849274,0.12080803513526917,True
codecontests_java_240,l2h14_lead_k,0.8967146277427673,1.0000001192092896,-0.10328549146652222,False
codecontests_java_240,l2h14_z,0.9484286606311798,0.9965886473655701,-0.04815998673439026,False
codecontests_java_240,mlp11_out,0.9931492209434509,0.9891626834869385,0.003986537456512451,True
codecontests_java_240,l2h14_lead_k_centered,-1.000000238418579,1.000000238418579,-2.000000476837158,False
codecontests_java_240,l2h14_z_centered,-0.9119742214679718,0.9054649770259857,-1.8174391984939575,False
codecontests_java_240,mlp11_out_centered,0.18753084540367126,-0.3237847536802292,0.5113155990839005,True
apps_python_241,l2h14_lead_k,0.8966465592384338,0.9999952614307404,-0.10334870219230652,False
apps_python_241,l2h14_z,0.9487754702568054,0.9960766434669495,-0.04730117321014404,False
apps_python_241,mlp11_out,0.9911386370658875,0.9889099895954132,0.002228647470474243,True
apps_python_241,l2h14_lead_k_centered,-0.9999528527259827,0.9999015033245087,-1.9998543560504913,False
apps_python_241,l2h14_z_centered,-0.8794267177581787,0.8724561333656311,-1.7518828511238098,False
apps_python_241,mlp11_out_centered,0.052407723385840654,-0.1626751311123371,0.21508285449817777,True
codecontests_java_241,l2h14_lead_k,0.8965784907341003,1.0000000298023224,-0.10342153906822205,False
codecontests_java_241,l2h14_z,0.9421077966690063,0.9951718151569366,-0.0530640184879303,False
codecontests_java_241,mlp11_out,0.9915319383144379,0.9864480197429657,0.005083918571472168,True
codecontests_java_241,l2h14_lead_k_centered,-1.0000001192092896,1.0000001192092896,-2.000000238418579,False
codecontests_java_241,l2h14_z_centered,-0.8832270205020905,0.8748627305030823,-1.7580897510051727,False
codecontests_java_241,mlp11_out_centered,0.19644439965486526,-0.34410154819488525,0.5405459478497505,True
apps_python_242,l2h14_lead_k,0.8968112468719482,1.0,-0.10318875312805176,False
apps_python_242,l2h14_z,0.9272213578224182,0.9930812120437622,-0.065859854221344,False
apps_python_242,mlp11_out,0.9905859231948853,0.9894518852233887,0.001134037971496582,True
apps_python_242,l2h14_lead_k_centered,-1.0,1.0,-2.0,False
apps_python_242,l2h14_z_centered,-0.8704723417758942,0.8603226244449615,-1.7307949662208557,False
apps_python_242,mlp11_out_centered,-0.0116107277572155,-0.11091355327516794,0.09930282551795244,True
codecontests_cpp_242,l2h14_lead_k,0.8966465592384338,0.9999952614307404,-0.10334870219230652,False
codecontests_cpp_242,l2h14_z,0.9583186209201813,0.9928564429283142,-0.034537822008132935,False
codecontests_cpp_242,mlp11_out,0.9937712252140045,0.9899510741233826,0.0038201510906219482,True
codecontests_cpp_242,l2h14_lead_k_centered,-0.9999528527259827,0.9999015033245087,-1.9998543560504913,False
codecontests_cpp_242,l2h14_z_centered,-0.7805848121643066,0.7708154916763306,-1.5514003038406372,False
codecontests_cpp_242,mlp11_out_centered,0.18754752818495035,-0.3225893974304199,0.5101369256153703,True
codecontests_java_242,l2h14_lead_k,0.8968513011932373,0.9999943673610687,-0.10314306616783142,False
codecontests_java_242,l2h14_z,0.9463516175746918,0.9929540753364563,-0.046602457761764526,False
codecontests_java_242,mlp11_out,0.9933830797672272,0.9908379316329956,0.0025451481342315674,True
codecontests_java_242,l2h14_lead_k_centered,-0.9999384582042694,0.9998914003372192,-1.9998298585414886,False
codecontests_java_242,l2h14_z_centered,-0.822304368019104,0.8088461756706238,-1.6311505436897278,False
codecontests_java_242,mlp11_out_centered,0.1072109043598175,-0.27070777118206024,0.37791867554187775,True
apps_python_243,l2h14_lead_k,0.8966465592384338,0.9999952614307404,-0.10334870219230652,False
apps_python_243,l2h14_z,0.9501386880874634,0.9918706119060516,-0.04173192381858826,False
apps_python_243,mlp11_out,0.9918256998062134,0.9872729778289795,0.004552721977233887,True
apps_python_243,l2h14_lead_k_centered,-0.9999528527259827,0.9999015033245087,-1.9998543560504913,False
apps_python_243,l2h14_z_centered,-0.7837291955947876,0.7774706780910492,-1.5611998736858368,False
apps_python_243,mlp11_out_centered,0.17972061410546303,-0.3027692064642906,0.48248982056975365,True
codecontests_java_243,l2h14_lead_k,0.8967146277427673,1.0000001192092896,-0.10328549146652222,False
codecontests_java_243,l2h14_z,0.9689612686634064,0.9969154596328735,-0.027954190969467163,False
codecontests_java_243,mlp11_out,0.9934656918048859,0.9882164001464844,0.005249291658401489,True
codecontests_java_243,l2h14_lead_k_centered,-1.000000238418579,1.000000238418579,-2.000000476837158,False
codecontests_java_243,l2h14_z_centered,-0.8737403452396393,0.8648619651794434,-1.7386023104190826,False
codecontests_java_243,mlp11_out_centered,0.27779361605644226,-0.412476509809494,0.6902701258659363,True
apps_python_244,l2h14_lead_k,0.8967868685722351,0.9999926090240479,-0.10320574045181274,False
apps_python_244,l2h14_z,0.9488004446029663,0.9956300258636475,-0.04682958126068115,False
apps_python_244,mlp11_out,0.9896531105041504,0.9885624647140503,0.0010906457901000977,True
apps_python_244,l2h14_lead_k_centered,-0.9999180734157562,0.9998252391815186,-1.9997433125972748,False
apps_python_244,l2h14_z_centered,-0.8633673787117004,0.8563957810401917,-1.719763159751892,False
apps_python_244,mlp11_out_centered,0.022248303052037954,-0.1406988985836506,0.16294720163568854,True
apps_python_245,l2h14_lead_k,0.8965784907341003,1.0000000298023224,-0.10342153906822205,False
apps_python_245,l2h14_z,0.9464045464992523,0.994115799665451,-0.04771125316619873,False
apps_python_245,mlp11_out,0.9915269613265991,0.9877205789089203,0.003806382417678833,True
apps_python_245,l2h14_lead_k_centered,-1.0000001192092896,1.0000001192092896,-2.000000238418579,False
apps_python_245,l2h14_z_centered,-0.8208080232143402,0.8156087398529053,-1.6364167630672455,False
apps_python_245,mlp11_out_centered,0.13640527054667473,-0.2577870488166809,0.39419231936335564,True
codecontests_cpp_245,l2h14_lead_k,0.8968513011932373,0.9999943673610687,-0.10314306616783142,False
codecontests_cpp_245,l2h14_z,0.9317510724067688,0.9944078028202057,-0.06265673041343689,False
codecontests_cpp_245,mlp11_out,0.9931744337081909,0.9916664361953735,0.0015079975128173828,True
codecontests_cpp_245,l2h14_lead_k_centered,-0.9999384582042694,0.9998914003372192,-1.9998298585414886,False
codecontests_cpp_245,l2h14_z_centered,-0.8834009170532227,0.87419593334198,-1.7575968503952026,False
codecontests_cpp_245,mlp11_out_centered,0.03463101387023926,-0.1586869414895773,0.19331795535981655,True
codecontests_java_245,l2h14_lead_k,0.8966465592384338,0.9999952614307404,-0.10334870219230652,False
codecontests_java_245,l2h14_z,0.9497109055519104,0.9966634511947632,-0.04695254564285278,False
codecontests_java_245,mlp11_out,0.992048591375351,0.9885335564613342,0.0035150349140167236,True
codecontests_java_245,l2h14_lead_k_centered,-0.9999528527259827,0.9999015033245087,-1.9998543560504913,False
codecontests_java_245,l2h14_z_centered,-0.9097318053245544,0.9021176397800446,-1.811849445104599,False
codecontests_java_245,mlp11_out_centered,0.13978300988674164,-0.28446894884109497,0.4242519587278366,True
mbpp_python_245,l2h14_lead_k,0.8967214822769165,0.9999920129776001,-0.1032705307006836,False
mbpp_python_245,l2h14_z,0.9526870250701904,0.9971146583557129,-0.04442763328552246,False
mbpp_python_245,mlp11_out,0.9904604554176331,0.989324688911438,0.0011357665061950684,True
mbpp_python_245,l2h14_lead_k_centered,-0.99991375207901,0.9998371601104736,-1.9997509121894836,False
mbpp_python_245,l2h14_z_centered,-0.903186708688736,0.897286593914032,-1.800473302602768,False
mbpp_python_245,mlp11_out_centered,-0.019824230577796698,-0.11551707051694393,0.09569283993914723,True
apps_python_246,l2h14_lead_k,0.8967868685722351,0.9999926090240479,-0.10320574045181274,False
apps_python_246,l2h14_z,0.9499588906764984,0.9954814314842224,-0.045522540807724,False
apps_python_246,mlp11_out,0.9918115735054016,0.9890445172786713,0.0027670562267303467,True
apps_python_246,l2h14_lead_k_centered,-0.9999180734157562,0.9998252391815186,-1.9997433125972748,False
apps_python_246,l2h14_z_centered,-0.8556729853153229,0.8486280143260956,-1.7043009996414185,False
apps_python_246,mlp11_out_centered,0.12019398249685764,-0.2434830218553543,0.36367700435221195,True
codecontests_cpp_246,l2h14_lead_k,0.8966948688030243,0.9999824464321136,-0.10328757762908936,False
codecontests_cpp_246,l2h14_z,0.9265786409378052,0.9939390420913696,-0.06736040115356445,False
codecontests_cpp_246,mlp11_out,0.9926425516605377,0.9904670119285583,0.00217553973197937,True
codecontests_cpp_246,l2h14_lead_k_centered,-0.9998359382152557,0.999611496925354,-1.9994474351406097,False
codecontests_cpp_246,l2h14_z_centered,-0.8814557790756226,0.8722138106822968,-1.7536695897579193,False
codecontests_cpp_246,mlp11_out_centered,0.09443083591759205,-0.22562634944915771,0.32005718536674976,True
codecontests_java_246,l2h14_lead_k,0.8970020115375519,0.99998939037323,-0.1029873788356781,False
codecontests_java_246,l2h14_z,0.9484381377696991,0.9923859536647797,-0.043947815895080566,False
codecontests_java_246,mlp11_out,0.992046058177948,0.9879152476787567,0.004130810499191284,True
codecontests_java_246,l2h14_lead_k_centered,-0.9998885095119476,0.9997944831848145,-1.999682992696762,False
codecontests_java_246,l2h14_z_centered,-0.8000557124614716,0.7783672213554382,-1.5784229338169098,False
codecontests_java_246,mlp11_out_centered,0.14309779182076454,-0.30702774226665497,0.4501255340874195,True
codecontests_java_247,l2h14_lead_k,0.8966465592384338,0.9999952614307404,-0.10334870219230652,False
codecontests_java_247,l2h14_z,0.9517602920532227,0.9966647326946259,-0.0449044406414032,False
codecontests_java_247,mlp11_out,0.9923691153526306,0.9857478141784668,0.006621301174163818,True
codecontests_java_247,l2h14_lead_k_centered,-0.9999528527259827,0.9999015033245087,-1.9998543560504913,False
codecontests_java_247,l2h14_z_centered,-0.9114590585231781,0.904362827539444,-1.815821886062622,False
codecontests_java_247,mlp11_out_centered,0.2818370833992958,-0.4190835505723953,0.7009206339716911,True
apps_python_248,l2h14_lead_k,0.8965784907341003,1.0000000298023224,-0.10342153906822205,False
apps_python_248,l2h14_z,0.9495242238044739,0.9953475892543793,-0.045823365449905396,False
apps_python_248,mlp11_out,0.9917269349098206,0.989127516746521,0.0025994181632995605,True
apps_python_248,l2h14_lead_k_centered,-1.0000001192092896,1.0000001192092896,-2.000000238418579,False
apps_python_248,l2h14_z_centered,-0.8581423163414001,0.8503516614437103,-1.7084939777851105,False
apps_python_248,mlp11_out_centered,0.08530193753540516,-0.21176573634147644,0.2970676738768816,True
codecontests_cpp_248,l2h14_lead_k,0.8966465592384338,0.9999952614307404,-0.10334870219230652,False
codecontests_cpp_248,l2h14_z,0.9487775564193726,0.994742751121521,-0.04596519470214844,False
codecontests_cpp_248,mlp11_out,0.9935603141784668,0.9918936491012573,0.0016666650772094727,True
codecontests_cpp_248,l2h14_lead_k_centered,-0.9999528527259827,0.9999015033245087,-1.9998543560504913,False
codecontests_cpp_248,l2h14_z_centered,-0.8592289090156555,0.8530622720718384,-1.712291181087494,False
codecontests_cpp_248,mlp11_out_centered,0.060049126856029034,-0.17625438421964645,0.2363035110756755,True
codecontests_java_248,l2h14_lead_k,0.8967146277427673,1.0000001192092896,-0.10328549146652222,False
codecontests_java_248,l2h14_z,0.9509366750717163,0.9966356456279755,-0.045698970556259155,False
codecontests_java_248,mlp11_out,0.9930547475814819,0.9872720837593079,0.005782663822174072,True
codecontests_java_248,l2h14_lead_k_centered,-1.000000238418579,1.000000238418579,-2.000000476837158,False
codecontests_java_248,l2h14_z_centered,-0.9051433205604553,0.898137092590332,-1.8032804131507874,False
codecontests_java_248,mlp11_out_centered,0.3058008849620819,-0.41539061069488525,0.7211914956569672,True
apps_python_249,l2h14_lead_k,0.8968112468719482,1.0,-0.10318875312805176,False
apps_python_249,l2h14_z,0.9368427097797394,0.9914482533931732,-0.05460554361343384,False
apps_python_249,mlp11_out,0.9928769767284393,0.9896367192268372,0.003240257501602173,True
apps_python_249,l2h14_lead_k_centered,-1.0,1.0,-2.0,False
apps_python_249,l2h14_z_centered,-0.8078272938728333,0.797671765089035,-1.6054990589618683,False
apps_python_249,mlp11_out_centered,0.12760179489850998,-0.2527802065014839,0.3803820013999939,True
codecontests_cpp_249,l2h14_lead_k,0.8967868685722351,0.9999926090240479,-0.10320574045181274,False
codecontests_cpp_249,l2h14_z,0.94339919090271,0.9939393401145935,-0.050540149211883545,False
codecontests_cpp_249,mlp11_out,0.993207186460495,0.9921090602874756,0.0010981261730194092,True
codecontests_cpp_249,l2h14_lead_k_centered,-0.9999180734157562,0.9998252391815186,-1.9997433125972748,False
codecontests_cpp_249,l2h14_z_centered,-0.846922755241394,0.8361832201480865,-1.6831059753894806,False
codecontests_cpp_249,mlp11_out_centered,0.015726132318377495,-0.15729819610714912,0.17302432842552662,True
codecontests_java_249,l2h14_lead_k,0.8967868685722351,0.9999926090240479,-0.10320574045181274,False
codecontests_java_249,l2h14_z,0.9461694955825806,0.991827666759491,-0.0456581711769104,False
codecontests_java_249,mlp11_out,0.9929823875427246,0.988515317440033,0.00446707010269165,True
codecontests_java_249,l2h14_lead_k_centered,-0.9999180734157562,0.9998252391815186,-1.9997433125972748,False
codecontests_java_249,l2h14_z_centered,-0.7956155240535736,0.7848868668079376,-1.5805023908615112,False
codecontests_java_249,mlp11_out_centered,0.1734265200793743,-0.3254690170288086,0.4988955371081829,True
apps_python_250,l2h14_lead_k,0.8967868685722351,0.9999926090240479,-0.10320574045181274,False
apps_python_250,l2h14_z,0.9445259273052216,0.9962526559829712,-0.051726728677749634,False
apps_python_250,mlp11_out,0.9896329641342163,0.988034576177597,0.0015983879566192627,True
apps_python_250,l2h14_lead_k_centered,-0.9999180734157562,0.9998252391815186,-1.9997433125972748,False
apps_python_250,l2h14_z_centered,-0.9052305519580841,0.8997504413127899,-1.804980993270874,False
apps_python_250,mlp11_out_centered,0.009602969512343407,-0.1342630311846733,0.14386600069701672,True
codecontests_java_250,l2h14_lead_k,0.8966465592384338,0.9999952614307404,-0.10334870219230652,False
codecontests_java_250,l2h14_z,0.9403018057346344,0.9958239495754242,-0.055522143840789795,False
codecontests_java_250,mlp11_out,0.9926548302173615,0.9887268245220184,0.003928005695343018,True
codecontests_java_250,l2h14_lead_k_centered,-0.9999528527259827,0.9999015033245087,-1.9998543560504913,False
codecontests_java_250,l2h14_z_centered,-0.8952718377113342,0.8859723210334778,-1.781244158744812,False
codecontests_java_250,mlp11_out_centered,0.16080381721258163,-0.32036592811346054,0.4811697453260422,True
apps_python_251,l2h14_lead_k,0.8966465592384338,0.9999952614307404,-0.10334870219230652,False
apps_python_251,l2h14_z,0.9488445818424225,0.9946506917476654,-0.04580610990524292,False
apps_python_251,mlp11_out,0.9908789098262787,0.9889556765556335,0.0019232332706451416,True
apps_python_251,l2h14_lead_k_centered,-0.9999528527259827,0.9999015033245087,-1.9998543560504913,False
apps_python_251,l2h14_z_centered,-0.8410636782646179,0.8324017822742462,-1.6734654605388641,False
apps_python_251,mlp11_out_centered,0.03489789366722107,-0.15258749574422836,0.18748538941144943,True
codecontests_java_251,l2h14_lead_k,0.8966465592384338,0.9999952614307404,-0.10334870219230652,False
codecontests_java_251,l2h14_z,0.9522958099842072,0.9965428113937378,-0.04424700140953064,False
codecontests_java_251,mlp11_out,0.9918249845504761,0.9886906743049622,0.003134310245513916,True
codecontests_java_251,l2h14_lead_k_centered,-0.9999528527259827,0.9999015033245087,-1.9998543560504913,False
codecontests_java_251,l2h14_z_centered,-0.8937386572360992,0.8844656944274902,-1.7782043516635895,False
codecontests_java_251,mlp11_out_centered,0.09811405930668116,-0.26807233691215515,0.3661863962188363,True
apps_python_252,l2h14_lead_k,0.8967868685722351,0.9999926090240479,-0.10320574045181274,False
apps_python_252,l2h14_z,0.9532570540904999,0.9959321618080139,-0.04267510771751404,False
apps_python_252,mlp11_out,0.990783303976059,0.9887048602104187,0.002078443765640259,True
apps_python_252,l2h14_lead_k_centered,-0.9999180734157562,0.9998252391815186,-1.9997433125972748,False
apps_python_252,l2h14_z_centered,-0.8594588339328766,0.8514351844787598,-1.7108940184116364,False
apps_python_252,mlp11_out_centered,0.08270766213536263,-0.19517134875059128,0.2778790108859539,True
codecontests_cpp_252,l2h14_lead_k,0.8966465592384338,0.9999952614307404,-0.10334870219230652,False
codecontests_cpp_252,l2h14_z,0.9398218095302582,0.9952597916126251,-0.05543798208236694,False
codecontests_cpp_252,mlp11_out,0.9937610030174255,0.9915825128555298,0.002178490161895752,True
codecontests_cpp_252,l2h14_lead_k_centered,-0.9999528527259827,0.9999015033245087,-1.9998543560504913,False
codecontests_cpp_252,l2h14_z_centered,-0.8853094279766083,0.8794104754924774,-1.7647199034690857,False
codecontests_cpp_252,mlp11_out_centered,0.11232308484613895,-0.2514941990375519,0.36381728388369083,True
codecontests_java_252,l2h14_lead_k,0.8966465592384338,0.9999952614307404,-0.10334870219230652,False
codecontests_java_252,l2h14_z,0.9425955414772034,0.9961122274398804,-0.053516685962677,False
codecontests_java_252,mlp11_out,0.9924908876419067,0.98798668384552,0.004504203796386719,True
codecontests_java_252,l2h14_lead_k_centered,-0.9999528527259827,0.9999015033245087,-1.9998543560504913,False
codecontests_java_252,l2h14_z_centered,-0.9156091213226318,0.9090753793716431,-1.824684500694275,False
codecontests_java_252,mlp11_out_centered,0.16109991073608398,-0.31482212245464325,0.47592203319072723,True
apps_python_253,l2h14_lead_k,0.8967146277427673,1.0000001192092896,-0.10328549146652222,False
apps_python_253,l2h14_z,0.9524579048156738,0.9952924847602844,-0.042834579944610596,False
apps_python_253,mlp11_out,0.9910286366939545,0.9864568710327148,0.004571765661239624,True
apps_python_253,l2h14_lead_k_centered,-1.000000238418579,1.000000238418579,-2.000000476837158,False
apps_python_253,l2h14_z_centered,-0.8338943123817444,0.8241275548934937,-1.658021867275238,False
apps_python_253,mlp11_out_centered,0.16695521026849747,-0.28407248109579086,0.45102769136428833,True
codecontests_cpp_253,l2h14_lead_k,0.8965784907341003,1.0000000298023224,-0.10342153906822205,False
codecontests_cpp_253,l2h14_z,0.9504879415035248,0.9957119822502136,-0.04522404074668884,False
codecontests_cpp_253,mlp11_out,0.9938068687915802,0.9891223907470703,0.004684478044509888,True
codecontests_cpp_253,l2h14_lead_k_centered,-1.0000001192092896,1.0000001192092896,-2.000000238418579,False
codecontests_cpp_253,l2h14_z_centered,-0.8773311376571655,0.8667851984500885,-1.744116336107254,False
codecontests_cpp_253,mlp11_out_centered,0.258959636092186,-0.3955323398113251,0.654491975903511,True
codecontests_java_253,l2h14_lead_k,0.8968112468719482,1.0,-0.10318875312805176,False
codecontests_java_253,l2h14_z,0.9401778280735016,0.9944038391113281,-0.05422601103782654,False
codecontests_java_253,mlp11_out,0.9927503764629364,0.9880201816558838,0.004730194807052612,True
codecontests_java_253,l2h14_lead_k_centered,-1.0,1.0,-2.0,False
codecontests_java_253,l2h14_z_centered,-0.8717580139636993,0.8622616827487946,-1.734019696712494,False
codecontests_java_253,mlp11_out_centered,0.24076050519943237,-0.4013344347476959,0.6420949399471283,True
apps_python_254,l2h14_lead_k,0.8966465592384338,0.9999952614307404,-0.10334870219230652,False
apps_python_254,l2h14_z,0.9496195614337921,0.9947861433029175,-0.045166581869125366,False
apps_python_254,mlp11_out,0.991155743598938,0.9872845113277435,0.003871232271194458,True
apps_python_254,l2h14_lead_k_centered,-0.9999528527259827,0.9999015033245087,-1.9998543560504913,False
apps_python_254,l2h14_z_centered,-0.858640730381012,0.8518081903457642,-1.7104489207267761,False
apps_python_254,mlp11_out_centered,0.11329286359250546,-0.2633509710431099,0.37664383463561535,True
codecontests_cpp_254,l2h14_lead_k,0.8966465592384338,0.9999952614307404,-0.10334870219230652,False
codecontests_cpp_254,l2h14_z,0.9511362910270691,0.994705080986023,-0.04356878995895386,False
codecontests_cpp_254,mlp11_out,0.9934000968933105,0.9911103844642639,0.002289712429046631,True
codecontests_cpp_254,l2h14_lead_k_centered,-0.9999528527259827,0.9999015033245087,-1.9998543560504913,False
codecontests_cpp_254,l2h14_z_centered,-0.8451147377490997,0.8367251753807068,-1.6818399131298065,False
codecontests_cpp_254,mlp11_out_centered,0.07124965637922287,-0.21413575112819672,0.2853854075074196,True
codecontests_java_254,l2h14_lead_k,0.8965784907341003,1.0000000298023224,-0.10342153906822205,False
codecontests_java_254,l2h14_z,0.9531041383743286,0.996588259935379,-0.043484121561050415,False
codecontests_java_254,mlp11_out,0.9928156137466431,0.9895337820053101,0.003281831741333008,True
codecontests_java_254,l2h14_lead_k_centered,-1.0000001192092896,1.0000001192092896,-2.000000238418579,False
codecontests_java_254,l2h14_z_centered,-0.9079577922821045,0.900205135345459,-1.8081629276275635,False
codecontests_java_254,mlp11_out_centered,0.1514929048717022,-0.2994491159915924,0.4509420208632946,True
apps_python_255,l2h14_lead_k,0.8966948688030243,0.9999824464321136,-0.10328757762908936,False
apps_python_255,l2h14_z,0.9321592748165131,0.9942216277122498,-0.062062352895736694,False
apps_python_255,mlp11_out,0.991273045539856,0.9894019663333893,0.0018710792064666748,True
apps_python_255,l2h14_lead_k_centered,-0.9998359382152557,0.999611496925354,-1.9994474351406097,False
apps_python_255,l2h14_z_centered,-0.8702287971973419,0.8599537909030914,-1.7301825881004333,False
apps_python_255,mlp11_out_centered,0.04161085560917854,-0.15696492046117783,0.19857577607035637,True
codecontests_cpp_255,l2h14_lead_k,0.8965784907341003,1.0000000298023224,-0.10342153906822205,False
codecontests_cpp_255,l2h14_z,0.9460444748401642,0.9946855306625366,-0.048641055822372437,False
codecontests_cpp_255,mlp11_out,0.9926329851150513,0.9907009601593018,0.0019320249557495117,True
codecontests_cpp_255,l2h14_lead_k_centered,-1.0000001192092896,1.0000001192092896,-2.000000238418579,False
codecontests_cpp_255,l2h14_z_centered,-0.8568606674671173,0.8477202355861664,-1.7045809030532837,False
codecontests_cpp_255,mlp11_out_centered,0.04472525790333748,-0.20193970203399658,0.24666495993733406,True
codecontests_java_255,l2h14_lead_k,0.8966465592384338,0.9999952614307404,-0.10334870219230652,False
codecontests_java_255,l2h14_z,0.9481675326824188,0.9963186085224152,-0.04815107583999634,False
codecontests_java_255,mlp11_out,0.9919420182704926,0.9879671037197113,0.00397491455078125,True
codecontests_java_255,l2h14_lead_k_centered,-0.9999528527259827,0.9999015033245087,-1.9998543560504913,False
codecontests_java_255,l2h14_z_centered,-0.8996194303035736,0.8935178816318512,-1.7931373119354248,False
codecontests_java_255,mlp11_out_centered,0.14038268849253654,-0.28094030171632767,0.4213229902088642,True
apps_python_256,l2h14_lead_k,0.8966465592384338,0.9999952614307404,-0.10334870219230652,False
apps_python_256,l2h14_z,0.9471110999584198,0.9953284561634064,-0.04821735620498657,False
apps_python_256,mlp11_out,0.9904446601867676,0.9857470095157623,0.004697650671005249,True
apps_python_256,l2h14_lead_k_centered,-0.9999528527259827,0.9999015033245087,-1.9998543560504913,False
apps_python_256,l2h14_z_centered,-0.8742749691009521,0.866065114736557,-1.7403400838375092,False
apps_python_256,mlp11_out_centered,0.15804420411586761,-0.27444665133953094,0.43249085545539856,True
codecontests_cpp_256,l2h14_lead_k,0.8965784907341003,1.0000000298023224,-0.10342153906822205,False
codecontests_cpp_256,l2h14_z,0.9427680969238281,0.9945545494556427,-0.051786452531814575,False
codecontests_cpp_256,mlp11_out,0.9931528568267822,0.9896194338798523,0.0035334229469299316,True
codecontests_cpp_256,l2h14_lead_k_centered,-1.0000001192092896,1.0000001192092896,-2.000000238418579,False
codecontests_cpp_256,l2h14_z_centered,-0.8626532554626465,0.8559486269950867,-1.7186018824577332,False
codecontests_cpp_256,mlp11_out_centered,0.16607054695487022,-0.2989737018942833,0.4650442488491535,True
codecontests_java_256,l2h14_lead_k,0.8966465592384338,0.9999952614307404,-0.10334870219230652,False
codecontests_java_256,l2h14_z,0.9458873271942139,0.9965708553791046,-0.05068352818489075,False
codecontests_java_256,mlp11_out,0.9923075735569,0.9896196126937866,0.0026879608631134033,True
codecontests_java_256,l2h14_lead_k_centered,-0.9999528527259827,0.9999015033245087,-1.9998543560504913,False
codecontests_java_256,l2h14_z_centered,-0.9082368314266205,0.9003940224647522,-1.8086308538913727,False
codecontests_java_256,mlp11_out_centered,0.1013274909928441,-0.22991447150707245,0.33124196249991655,True
apps_python_257,l2h14_lead_k,0.8965359032154083,0.9999971985816956,-0.10346129536628723,False
apps_python_257,l2h14_z,0.9580508768558502,0.992638498544693,-0.03458762168884277,False
apps_python_257,mlp11_out,0.9912559986114502,0.9898990988731384,0.0013568997383117676,True
apps_python_257,l2h14_lead_k_centered,-0.9999744892120361,0.9999446272850037,-1.9999191164970398,False
apps_python_257,l2h14_z_centered,-0.7549403607845306,0.7342358231544495,-1.48917618393898,False
apps_python_257,mlp11_out_centered,0.022791899740695953,-0.15239378437399864,0.1751856841146946,True
codecontests_cpp_257,l2h14_lead_k,0.8967629373073578,0.9999824464321136,-0.10321950912475586,False
codecontests_cpp_257,l2h14_z,0.933412492275238,0.9935017824172974,-0.060089290142059326,False
codecontests_cpp_257,mlp11_out,0.993024080991745,0.9914251565933228,0.0015989243984222412,True
codecontests_cpp_257,l2h14_lead_k_centered,-0.9998360574245453,0.999639242887497,-1.9994753003120422,False
codecontests_cpp_257,l2h14_z_centered,-0.8591499626636505,0.8497503697872162,-1.7089003324508667,False
codecontests_cpp_257,mlp11_out_centered,0.0510265976190567,-0.20069806277751923,0.2517246603965759,True
codecontests_java_257,l2h14_lead_k,0.8966465592384338,0.9999952614307404,-0.10334870219230652,False
codecontests_java_257,l2h14_z,0.9420232176780701,0.9950344562530518,-0.05301123857498169,False
codecontests_java_257,mlp11_out,0.9922501146793365,0.9869273602962494,0.005322754383087158,True
codecontests_java_257,l2h14_lead_k_centered,-0.9999528527259827,0.9999015033245087,-1.9998543560504913,False
codecontests_java_257,l2h14_z_centered,-0.8809353709220886,0.8700768947601318,-1.7510122656822205,False
codecontests_java_257,mlp11_out_centered,0.2432991936802864,-0.37034328281879425,0.6136424764990807,True
apps_python_258,l2h14_lead_k,0.8966465592384338,0.9999952614307404,-0.10334870219230652,False
apps_python_258,l2h14_z,0.9485882520675659,0.9954448342323303,-0.046856582164764404,False
apps_python_258,mlp11_out,0.9913700520992279,0.990982174873352,0.0003878772258758545,True
apps_python_258,l2h14_lead_k_centered,-0.9999528527259827,0.9999015033245087,-1.9998543560504913,False
apps_python_258,l2h14_z_centered,-0.864337146282196,0.8560711741447449,-1.720408320426941,False
apps_python_258,mlp11_out_centered,-0.04401495307683945,-0.08390393666923046,0.039888983592391014,True
codecontests_cpp_258,l2h14_lead_k,0.8966465592384338,0.9999952614307404,-0.10334870219230652,False
codecontests_cpp_258,l2h14_z,0.9488272964954376,0.9948917627334595,-0.04606446623802185,False
codecontests_cpp_258,mlp11_out,0.9927766621112823,0.9895540475845337,0.0032226145267486572,True
codecontests_cpp_258,l2h14_lead_k_centered,-0.9999528527259827,0.9999015033245087,-1.9998543560504913,False
codecontests_cpp_258,l2h14_z_centered,-0.857122153043747,0.846746027469635,-1.703868180513382,False
codecontests_cpp_258,mlp11_out_centered,0.12854331359267235,-0.25694938004016876,0.3854926936328411,True
codecontests_java_258,l2h14_lead_k,0.8965784907341003,1.0000000298023224,-0.10342153906822205,False
codecontests_java_258,l2h14_z,0.9528945088386536,0.9955357611179352,-0.042641252279281616,False
codecontests_java_258,mlp11_out,0.9919318854808807,0.9856475591659546,0.0062843263149261475,True
codecontests_java_258,l2h14_lead_k_centered,-1.0000001192092896,1.0000001192092896,-2.000000238418579,False
codecontests_java_258,l2h14_z_centered,-0.8745278120040894,0.8668932318687439,-1.7414210438728333,False
codecontests_java_258,mlp11_out_centered,0.27600739151239395,-0.4015521705150604,0.6775595620274544,True
apps_python_259,l2h14_lead_k,0.8965784907341003,1.0000000298023224,-0.10342153906822205,False
apps_python_259,l2h14_z,0.9488210380077362,0.9952386617660522,-0.04641762375831604,False
apps_python_259,mlp11_out,0.9918185174465179,0.9876132309436798,0.004205286502838135,True
apps_python_259,l2h14_lead_k_centered,-1.0000001192092896,1.0000001192092896,-2.000000238418579,False
apps_python_259,l2h14_z_centered,-0.8586706519126892,0.8512030243873596,-1.7098736763000488,False
apps_python_259,mlp11_out_centered,0.15739730931818485,-0.28978702425956726,0.4471843335777521,True
codecontests_cpp_259,l2h14_lead_k,0.8966465592384338,0.9999952614307404,-0.10334870219230652,False
codecontests_cpp_259,l2h14_z,0.9492173492908478,0.9937592446804047,-0.044541895389556885,False
codecontests_cpp_259,mlp11_out,0.9932334125041962,0.989684134721756,0.0035492777824401855,True
codecontests_cpp_259,l2h14_lead_k_centered,-0.9999528527259827,0.9999015033245087,-1.9998543560504913,False
codecontests_cpp_259,l2h14_z_centered,-0.8322022557258606,0.8227605819702148,-1.6549628376960754,False
codecontests_cpp_259,mlp11_out_centered,0.17343025654554367,-0.3029433414340019,0.4763735979795456,True
codecontests_java_259,l2h14_lead_k,0.8966465592384338,0.9999952614307404,-0.10334870219230652,False
codecontests_java_259,l2h14_z,0.9461553692817688,0.9954968988895416,-0.04934152960777283,False
codecontests_java_259,mlp11_out,0.9917308986186981,0.985337108373642,0.006393790245056152,True
codecontests_java_259,l2h14_lead_k_centered,-0.9999528527259827,0.9999015033245087,-1.9998543560504913,False
codecontests_java_259,l2h14_z_centered,-0.8765081763267517,0.8674207329750061,-1.7439289093017578,False
codecontests_java_259,mlp11_out_centered,0.2401823103427887,-0.3685322552919388,0.6087145656347275,True
apps_python_260,l2h14_lead_k,0.8968112468719482,1.0,-0.10318875312805176,False
apps_python_260,l2h14_z,0.9378931820392609,0.9937810301780701,-0.055887848138809204,False
apps_python_260,mlp11_out,0.9912612736225128,0.9904079735279083,0.0008533000946044922,True
apps_python_260,l2h14_lead_k_centered,-1.0,1.0,-2.0,False
apps_python_260,l2h14_z_centered,-0.8543008863925934,0.8445469737052917,-1.6988478600978851,False
apps_python_260,mlp11_out_centered,-0.012484181672334671,-0.10516516026109457,0.0926809785887599,True
codecontests_java_260,l2h14_lead_k,0.8967146277427673,1.0000001192092896,-0.10328549146652222,False
codecontests_java_260,l2h14_z,0.9476832747459412,0.9965802133083344,-0.04889693856239319,False
codecontests_java_260,mlp11_out,0.991867870092392,0.9861539006233215,0.005713969469070435,True
codecontests_java_260,l2h14_lead_k_centered,-1.000000238418579,1.000000238418579,-2.000000476837158,False
codecontests_java_260,l2h14_z_centered,-0.9034988284111023,0.8954365849494934,-1.7989354133605957,False
codecontests_java_260,mlp11_out_centered,0.24567120522260666,-0.390977144241333,0.6366483494639397,True
apps_python_261,l2h14_lead_k,0.8968513011932373,0.9999943673610687,-0.10314306616783142,False
apps_python_261,l2h14_z,0.9506658911705017,0.9955124855041504,-0.04484659433364868,False
apps_python_261,mlp11_out,0.9901755452156067,0.9873932600021362,0.002782285213470459,True
apps_python_261,l2h14_lead_k_centered,-0.9999384582042694,0.9998914003372192,-1.9998298585414886,False
apps_python_261,l2h14_z_centered,-0.8645227253437042,0.856988787651062,-1.7215115129947662,False
apps_python_261,mlp11_out_centered,0.07739081978797913,-0.19009333848953247,0.2674841582775116,True
codecontests_cpp_261,l2h14_lead_k,0.8967146277427673,1.0000001192092896,-0.10328549146652222,False
codecontests_cpp_261,l2h14_z,0.9439403414726257,0.994592010974884,-0.0506516695022583,False
codecontests_cpp_261,mlp11_out,0.9934712648391724,0.9902810752391815,0.0031901895999908447,True
codecontests_cpp_261,l2h14_lead_k_centered,-1.000000238418579,1.000000238418579,-2.000000476837158,False
codecontests_cpp_261,l2h14_z_centered,-0.8610181212425232,0.853339433670044,-1.7143575549125671,False
codecontests_cpp_261,mlp11_out_centered,0.1769779697060585,-0.3062853515148163,0.4832633212208748,True
codecontests_java_261,l2h14_lead_k,0.8966465592384338,0.9999952614307404,-0.10334870219230652,False
codecontests_java_261,l2h14_z,0.9515427350997925,0.9945951402187347,-0.04305240511894226,False
codecontests_java_261,mlp11_out,0.9920133054256439,0.986007034778595,0.00600627064704895,True
codecontests_java_261,l2h14_lead_k_centered,-0.9999528527259827,0.9999015033245087,-1.9998543560504913,False
codecontests_java_261,l2h14_z_centered,-0.8612765669822693,0.8529119491577148,-1.7141885161399841,False
codecontests_java_261,mlp11_out_centered,0.2512539327144623,-0.3930354416370392,0.6442893743515015,True
apps_python_262,l2h14_lead_k,0.8966465592384338,0.9999952614307404,-0.10334870219230652,False
apps_python_262,l2h14_z,0.9466471970081329,0.994121789932251,-0.04747459292411804,False
apps_python_262,mlp11_out,0.9919025003910065,0.9874695241451263,0.004432976245880127,True
apps_python_262,l2h14_lead_k_centered,-0.9999528527259827,0.9999015033245087,-1.9998543560504913,False
apps_python_262,l2h14_z_centered,-0.8335029482841492,0.8258763551712036,-1.6593793034553528,False
apps_python_262,mlp11_out_centered,0.17298373579978943,-0.31012848019599915,0.4831122159957886,True
codecontests_cpp_262,l2h14_lead_k,0.8965784907341003,1.0000000298023224,-0.10342153906822205,False
codecontests_cpp_262,l2h14_z,0.9453969597816467,0.9947618246078491,-0.04936486482620239,False
codecontests_cpp_262,mlp11_out,0.9931360483169556,0.988288164138794,0.004847884178161621,True
codecontests_cpp_262,l2h14_lead_k_centered,-1.0000001192092896,1.0000001192092896,-2.000000238418579,False
codecontests_cpp_262,l2h14_z_centered,-0.869327038526535,0.8636893033981323,-1.7330163419246674,False
codecontests_cpp_262,mlp11_out_centered,0.242562934756279,-0.3640330284833908,0.6065959632396698,True
codecontests_java_262,l2h14_lead_k,0.8965650498867035,0.999985009431839,-0.1034199595451355,False
codecontests_java_262,l2h14_z,0.9470543563365936,0.9963583946228027,-0.049304038286209106,False
codecontests_java_262,mlp11_out,0.9916365444660187,0.9842186272144318,0.007417917251586914,True
codecontests_java_262,l2h14_lead_k_centered,-0.9998387694358826,0.9997040033340454,-1.999542772769928,False
codecontests_java_262,l2h14_z_centered,-0.8961911201477051,0.8897012770175934,-1.7858923971652985,False
codecontests_java_262,mlp11_out_centered,0.29439328610897064,-0.4224567115306854,0.7168499976396561,True
apps_python_263,l2h14_lead_k,0.8967868685722351,0.9999926090240479,-0.10320574045181274,False
apps_python_263,l2h14_z,0.9523947536945343,0.9948979020118713,-0.042503148317337036,False
apps_python_263,mlp11_out,0.990636557340622,0.9889289438724518,0.001707613468170166,True
apps_python_263,l2h14_lead_k_centered,-0.9999180734157562,0.9998252391815186,-1.9997433125972748,False
apps_python_263,l2h14_z_centered,-0.827352911233902,0.8207316398620605,-1.6480845510959625,False
apps_python_263,mlp11_out_centered,0.04390918742865324,-0.14421917498111725,0.1881283624097705,True
codecontests_cpp_263,l2h14_lead_k,0.8966465592384338,0.9999952614307404,-0.10334870219230652,False
codecontests_cpp_263,l2h14_z,0.9421117007732391,0.9919147789478302,-0.049803078174591064,False
codecontests_cpp_263,mlp11_out,0.992723286151886,0.9889326095581055,0.0037906765937805176,True
codecontests_cpp_263,l2h14_lead_k_centered,-0.9999528527259827,0.9999015033245087,-1.9998543560504913,False
codecontests_cpp_263,l2h14_z_centered,-0.8147085011005402,0.8070341646671295,-1.6217426657676697,False
codecontests_cpp_263,mlp11_out_centered,0.17562732100486755,-0.3017130270600319,0.47734034806489944,True
codecontests_java_263,l2h14_lead_k,0.8965784907341003,1.0000000298023224,-0.10342153906822205,False
codecontests_java_263,l2h14_z,0.9413428902626038,0.9951595664024353,-0.05381667613983154,False
codecontests_java_263,mlp11_out,0.991683840751648,0.987599104642868,0.004084736108779907,True
codecontests_java_263,l2h14_lead_k_centered,-1.0000001192092896,1.0000001192092896,-2.000000238418579,False
codecontests_java_263,l2h14_z_centered,-0.8784233033657074,0.8700695037841797,-1.748492807149887,False
codecontests_java_263,mlp11_out_centered,0.15260464325547218,-0.2969501465559006,0.44955478981137276,True
codecontests_cpp_264,l2h14_lead_k,0.8966465592384338,0.9999952614307404,-0.10334870219230652,False
codecontests_cpp_264,l2h14_z,0.9479848742485046,0.995398074388504,-0.04741320013999939,False
codecontests_cpp_264,mlp11_out,0.9935432970523834,0.9919401407241821,0.001603156328201294,True
codecontests_cpp_264,l2h14_lead_k_centered,-0.9999528527259827,0.9999015033245087,-1.9998543560504913,False
codecontests_cpp_264,l2h14_z_centered,-0.8739315867424011,0.8686739504337311,-1.7426055371761322,False
codecontests_cpp_264,mlp11_out_centered,0.04668129235506058,-0.163045022636652,0.20972631499171257,True
codecontests_java_264,l2h14_lead_k,0.8967146277427673,1.0000001192092896,-0.10328549146652222,False
codecontests_java_264,l2h14_z,0.9520942270755768,0.9965894222259521,-0.044495195150375366,False
codecontests_java_264,mlp11_out,0.9916892647743225,0.9877022802829742,0.003986984491348267,True
codecontests_java_264,l2h14_lead_k_centered,-1.000000238418579,1.000000238418579,-2.000000476837158,False
codecontests_java_264,l2h14_z_centered,-0.9037146866321564,0.8966156542301178,-1.8003303408622742,False
codecontests_java_264,mlp11_out_centered,0.17599644139409065,-0.2917623519897461,0.46775879338383675,True
apps_python_265,l2h14_lead_k,0.8965784907341003,1.0000000298023224,-0.10342153906822205,False
apps_python_265,l2h14_z,0.9504726231098175,0.9941640794277191,-0.04369145631790161,False
apps_python_265,mlp11_out,0.9908191561698914,0.9896849691867828,0.0011341869831085205,True
apps_python_265,l2h14_lead_k_centered,-1.0000001192092896,1.0000001192092896,-2.000000238418579,False
apps_python_265,l2h14_z_centered,-0.8062843382358551,0.7976561784744263,-1.6039405167102814,False
apps_python_265,mlp11_out_centered,0.00580621138215065,-0.12056288309395313,0.12636909447610378,True
codecontests_cpp_265,l2h14_lead_k,0.8968513011932373,0.9999943673610687,-0.10314306616783142,False
codecontests_cpp_265,l2h14_z,0.9410986304283142,0.990739643573761,-0.04964101314544678,False
codecontests_cpp_265,mlp11_out,0.9930254220962524,0.9923701286315918,0.0006552934646606445,True
codecontests_cpp_265,l2h14_lead_k_centered,-0.9999384582042694,0.9998914003372192,-1.9998298585414886,False
codecontests_cpp_265,l2h14_z_centered,-0.7872957289218903,0.7723212838172913,-1.5596170127391815,False
codecontests_cpp_265,mlp11_out_centered,-0.022219672799110413,-0.12499220669269562,0.1027725338935852,True
codecontests_java_265,l2h14_lead_k,0.8967214822769165,0.9999920129776001,-0.1032705307006836,False
codecontests_java_265,l2h14_z,0.9405519664287567,0.9932424128055573,-0.05269044637680054,False
codecontests_java_265,mlp11_out,0.9922706782817841,0.9885689914226532,0.0037016868591308594,True
codecontests_java_265,l2h14_lead_k_centered,-0.99991375207901,0.9998371601104736,-1.9997509121894836,False
codecontests_java_265,l2h14_z_centered,-0.8478605151176453,0.8334725499153137,-1.681333065032959,False
codecontests_java_265,mlp11_out_centered,0.13749131187796593,-0.2920379713177681,0.429529283195734,True
apps_python_266,l2h14_lead_k,0.8966465592384338,0.9999952614307404,-0.10334870219230652,False
apps_python_266,l2h14_z,0.9508887231349945,0.995129406452179,-0.04424068331718445,False
apps_python_266,mlp11_out,0.9917272925376892,0.9911981523036957,0.0005291402339935303,True
apps_python_266,l2h14_lead_k_centered,-0.9999528527259827,0.9999015033245087,-1.9998543560504913,False
apps_python_266,l2h14_z_centered,-0.8492037951946259,0.8406813740730286,-1.6898851692676544,False
apps_python_266,mlp11_out_centered,-0.03975331783294678,-0.08955363556742668,0.049800317734479904,True
codecontests_java_266,l2h14_lead_k,0.8966465592384338,0.9999952614307404,-0.10334870219230652,False
codecontests_java_266,l2h14_z,0.9488350749015808,0.9968530535697937,-0.04801797866821289,False
codecontests_java_266,mlp11_out,0.9931573569774628,0.9873892962932587,0.0057680606842041016,True
codecontests_java_266,l2h14_lead_k_centered,-0.9999528527259827,0.9999015033245087,-1.9998543560504913,False
codecontests_java_266,l2h14_z_centered,-0.910436362028122,0.9033096432685852,-1.8137460052967072,False
codecontests_java_266,mlp11_out_centered,0.2920677214860916,-0.4175780415534973,0.7096457630395889,True
apps_python_267,l2h14_lead_k,0.8973523080348969,0.9999969303607941,-0.10264462232589722,False
apps_python_267,l2h14_z,0.9378440976142883,0.9861106872558594,-0.048266589641571045,False
apps_python_267,mlp11_out,0.9911303222179413,0.9901189506053925,0.0010113716125488281,True
apps_python_267,l2h14_lead_k_centered,-0.9999652206897736,0.999936044216156,-1.9999012649059296,False
apps_python_267,l2h14_z_centered,-0.6956063508987427,0.6792991459369659,-1.3749054968357086,False
apps_python_267,mlp11_out_centered,-0.008676990866661072,-0.1337524987757206,0.12507550790905952,True
codecontests_java_267,l2h14_lead_k,0.8965784907341003,1.0000000298023224,-0.10342153906822205,False
codecontests_java_267,l2h14_z,0.9466682076454163,0.9963880479335785,-0.04971984028816223,False
codecontests_java_267,mlp11_out,0.9923750460147858,0.9852909743785858,0.007084071636199951,True
codecontests_java_267,l2h14_lead_k_centered,-1.0000001192092896,1.0000001192092896,-2.000000238418579,False
codecontests_java_267,l2h14_z_centered,-0.9071604907512665,0.9006596207618713,-1.8078201115131378,False
codecontests_java_267,mlp11_out_centered,0.31727244704961777,-0.4426134377717972,0.759885884821415,True
apps_python_268,l2h14_lead_k,0.8965650498867035,0.999985009431839,-0.1034199595451355,False
apps_python_268,l2h14_z,0.9482259750366211,0.99554443359375,-0.047318458557128906,False
apps_python_268,mlp11_out,0.9892624914646149,0.9865028858184814,0.002759605646133423,True
apps_python_268,l2h14_lead_k_centered,-0.9998387694358826,0.9997040033340454,-1.999542772769928,False
apps_python_268,l2h14_z_centered,-0.8557421267032623,0.8489692509174347,-1.704711377620697,False
apps_python_268,mlp11_out_centered,0.06226172670722008,-0.1815173476934433,0.24377907440066338,True
codecontests_cpp_268,l2h14_lead_k,0.8965784907341003,1.0000000298023224,-0.10342153906822205,False
codecontests_cpp_268,l2h14_z,0.9393765926361084,0.9941114783287048,-0.054734885692596436,False
codecontests_cpp_268,mlp11_out,0.9926292300224304,0.9886415004730225,0.003987729549407959,True
codecontests_cpp_268,l2h14_lead_k_centered,-1.0000001192092896,1.0000001192092896,-2.000000238418579,False
codecontests_cpp_268,l2h14_z_centered,-0.8614666163921356,0.8545309901237488,-1.7159976065158844,False
codecontests_cpp_268,mlp11_out_centered,0.17437893897294998,-0.29446040093898773,0.4688393399119377,True
codecontests_java_268,l2h14_lead_k,0.8966465592384338,0.9999952614307404,-0.10334870219230652,False
codecontests_java_268,l2h14_z,0.9432187378406525,0.9963943064212799,-0.05317556858062744,False
codecontests_java_268,mlp11_out,0.9914142489433289,0.988821417093277,0.00259283185005188,True
codecontests_java_268,l2h14_lead_k_centered,-0.9999528527259827,0.9999015033245087,-1.9998543560504913,False
codecontests_java_268,l2h14_z_centered,-0.9061095416545868,0.8982176780700684,-1.8043272197246552,False
codecontests_java_268,mlp11_out_centered,0.07376931980252266,-0.21935345232486725,0.2931227721273899,True
apps_python_270,l2h14_lead_k,0.8965784907341003,1.0000000298023224,-0.10342153906822205,False
apps_python_270,l2h14_z,0.9523229002952576,0.9966529011726379,-0.04433000087738037,False
apps_python_270,mlp11_out,0.992306649684906,0.9892188906669617,0.003087759017944336,True
apps_python_270,l2h14_lead_k_centered,-1.0000001192092896,1.0000001192092896,-2.000000238418579,False
apps_python_270,l2h14_z_centered,-0.8799164891242981,0.8726269900798798,-1.7525434792041779,False
apps_python_270,mlp11_out_centered,0.13476335629820824,-0.2608202248811722,0.3955835811793804,True
codecontests_java_270,l2h14_lead_k,0.8965650498867035,0.999985009431839,-0.1034199595451355,False
codecontests_java_270,l2h14_z,0.9429486989974976,0.9965622425079346,-0.05361354351043701,False
codecontests_java_270,mlp11_out,0.9906387627124786,0.9846090078353882,0.006029754877090454,True
codecontests_java_270,l2h14_lead_k_centered,-0.9998387694358826,0.9997040033340454,-1.999542772769928,False
codecontests_java_270,l2h14_z_centered,-0.9085835814476013,0.9021034836769104,-1.8106870651245117,False
codecontests_java_270,mlp11_out_centered,0.18787758890539408,-0.33471252024173737,0.5225901091471314,True
codecontests_java_271,l2h14_lead_k,0.8967214822769165,0.9999920129776001,-0.1032705307006836,False
codecontests_java_271,l2h14_z,0.9457216262817383,0.9966318607330322,-0.050910234451293945,False
codecontests_java_271,mlp11_out,0.9911907911300659,0.9867874681949615,0.00440332293510437,True
codecontests_java_271,l2h14_lead_k_centered,-0.99991375207901,0.9998371601104736,-1.9997509121894836,False
codecontests_java_271,l2h14_z_centered,-0.9105887413024902,0.9047406315803528,-1.815329372882843,False
codecontests_java_271,mlp11_out_centered,0.17352385073900223,-0.3055591881275177,0.47908303886651993,True
mbpp_python_271,l2h14_lead_k,0.8966465592384338,0.9999952614307404,-0.10334870219230652,False
mbpp_python_271,l2h14_z,0.9461546242237091,0.9948598742485046,-0.04870525002479553,False
mbpp_python_271,mlp11_out,0.9917181432247162,0.9908551275730133,0.0008630156517028809,True
mbpp_python_271,l2h14_lead_k_centered,-0.9999528527259827,0.9999015033245087,-1.9998543560504913,False
mbpp_python_271,l2h14_z_centered,-0.8532530963420868,0.8451131880283356,-1.6983662843704224,False
mbpp_python_271,mlp11_out_centered,-0.01837485283613205,-0.10720431804656982,0.08882946521043777,True
apps_python_272,l2h14_lead_k,0.8967146277427673,1.0000001192092896,-0.10328549146652222,False
apps_python_272,l2h14_z,0.9504686892032623,0.9956968426704407,-0.045228153467178345,False
apps_python_272,mlp11_out,0.9923468232154846,0.990341305732727,0.0020055174827575684,True
apps_python_272,l2h14_lead_k_centered,-1.000000238418579,1.000000238418579,-2.000000476837158,False
apps_python_272,l2h14_z_centered,-0.8705065250396729,0.8613921999931335,-1.7318987250328064,False
apps_python_272,mlp11_out_centered,0.0875509511679411,-0.1949465572834015,0.2824975084513426,True
codecontests_cpp_272,l2h14_lead_k,0.8967639803886414,0.9999963045120239,-0.10323232412338257,False
codecontests_cpp_272,l2h14_z,0.9521598815917969,0.9881953299045563,-0.0360354483127594,False
codecontests_cpp_272,mlp11_out,0.9941905736923218,0.991215854883194,0.0029747188091278076,True
codecontests_cpp_272,l2h14_lead_k_centered,-0.999972403049469,0.9999253749847412,-1.9998977780342102,False
codecontests_cpp_272,l2h14_z_centered,-0.6610333919525146,0.6470045447349548,-1.3080379366874695,False
codecontests_cpp_272,mlp11_out_centered,0.1513492800295353,-0.3010527417063713,0.4524020217359066,True
codecontests_java_272,l2h14_lead_k,0.8966009318828583,0.9999962449073792,-0.10339531302452087,False
codecontests_java_272,l2h14_z,0.9558649063110352,0.9932319223880768,-0.037367016077041626,False
codecontests_java_272,mlp11_out,0.9923401772975922,0.9891024231910706,0.0032377541065216064,True
codecontests_java_272,l2h14_lead_k_centered,-0.9999619424343109,0.9999237060546875,-1.9998856484889984,False
codecontests_java_272,l2h14_z_centered,-0.7963061928749084,0.7805586755275726,-1.576864868402481,False
codecontests_java_272,mlp11_out_centered,0.12216868624091148,-0.26312778145074844,0.3852964676916599,True
apps_python_273,l2h14_lead_k,0.8966465592384338,0.9999952614307404,-0.10334870219230652,False
apps_python_273,l2h14_z,0.9503171741962433,0.9957079291343689,-0.04539075493812561,False
apps_python_273,mlp11_out,0.9918018877506256,0.9872989058494568,0.004502981901168823,True
apps_python_273,l2h14_lead_k_centered,-0.9999528527259827,0.9999015033245087,-1.9998543560504913,False
apps_python_273,l2h14_z_centered,-0.8819052577018738,0.8737234175205231,-1.7556286752223969,False
apps_python_273,mlp11_out_centered,0.17197652906179428,-0.30468589812517166,0.47666242718696594,True
codecontests_java_273,l2h14_lead_k,0.8966465592384338,0.9999952614307404,-0.10334870219230652,False
codecontests_java_273,l2h14_z,0.9463925957679749,0.9962708055973053,-0.049878209829330444,False
codecontests_java_273,mlp11_out,0.9930709302425385,0.9875432848930359,0.0055276453495025635,True
codecontests_java_273,l2h14_lead_k_centered,-0.9999528527259827,0.9999015033245087,-1.9998543560504913,False
codecontests_java_273,l2h14_z_centered,-0.9129446446895599,0.9062946140766144,-1.8192392587661743,False
codecontests_java_273,mlp11_out_centered,0.2614573836326599,-0.4104655236005783,0.6719229072332382,True
mbpp_python_273,l2h14_lead_k,0.8965650498867035,0.999985009431839,-0.1034199595451355,False
mbpp_python_273,l2h14_z,0.9463740587234497,0.9956424534320831,-0.04926839470863342,False
mbpp_python_273,mlp11_out,0.9902057647705078,0.9874894618988037,0.0027163028717041016,True
mbpp_python_273,l2h14_lead_k_centered,-0.9998387694358826,0.9997040033340454,-1.999542772769928,False
mbpp_python_273,l2h14_z_centered,-0.8619443774223328,0.85628941655159,-1.7182337939739227,False
mbpp_python_273,mlp11_out_centered,0.05853637866675854,-0.19088968262076378,0.24942606128752232,True
apps_python_274,l2h14_lead_k,0.8965784907341003,1.0000000298023224,-0.10342153906822205,False
apps_python_274,l2h14_z,0.9468524754047394,0.9950965940952301,-0.04824411869049072,False
apps_python_274,mlp11_out,0.991299033164978,0.9867895245552063,0.0045095086097717285,True
apps_python_274,l2h14_lead_k_centered,-1.0000001192092896,1.0000001192092896,-2.000000238418579,False
apps_python_274,l2h14_z_centered,-0.8599969446659088,0.8524563312530518,-1.7124532759189606,False
apps_python_274,mlp11_out_centered,0.17522238567471504,-0.28310368955135345,0.4583260752260685,True
codecontests_cpp_274,l2h14_lead_k,0.8966465592384338,0.9999952614307404,-0.10334870219230652,False
codecontests_cpp_274,l2h14_z,0.94833704829216,0.9953790605068207,-0.047042012214660645,False
codecontests_cpp_274,mlp11_out,0.9944683611392975,0.9914346039295197,0.003033757209777832,True
codecontests_cpp_274,l2h14_lead_k_centered,-0.9999528527259827,0.9999015033245087,-1.9998543560504913,False
codecontests_cpp_274,l2h14_z_centered,-0.8699489235877991,0.8649377822875977,-1.7348867058753967,False
codecontests_cpp_274,mlp11_out_centered,0.14813769608736038,-0.3076126128435135,0.45575030893087387,True
codecontests_java_274,l2h14_lead_k,0.8966465592384338,0.9999952614307404,-0.10334870219230652,False
codecontests_java_274,l2h14_z,0.9462069571018219,0.9962208867073059,-0.05001392960548401,False
codecontests_java_274,mlp11_out,0.9934557378292084,0.9878123104572296,0.00564342737197876,True
codecontests_java_274,l2h14_lead_k_centered,-0.9999528527259827,0.9999015033245087,-1.9998543560504913,False
codecontests_java_274,l2h14_z_centered,-0.9024048745632172,0.8957640528678894,-1.7981689274311066,False
codecontests_java_274,mlp11_out_centered,0.2753655016422272,-0.39255213737487793,0.6679176390171051,True
apps_python_275,l2h14_lead_k,0.8966465592384338,0.9999952614307404,-0.10334870219230652,False
apps_python_275,l2h14_z,0.9484167397022247,0.9946240484714508,-0.046207308769226074,False
apps_python_275,mlp11_out,0.9913903176784515,0.9878320097923279,0.0035583078861236572,True
apps_python_275,l2h14_lead_k_centered,-0.9999528527259827,0.9999015033245087,-1.9998543560504913,False
apps_python_275,l2h14_z_centered,-0.842807799577713,0.8352270722389221,-1.6780348718166351,False
apps_python_275,mlp11_out_centered,0.1300573144108057,-0.24792656302452087,0.3779838774353266,True
codecontests_java_275,l2h14_lead_k,0.8966465592384338,0.9999952614307404,-0.10334870219230652,False
codecontests_java_275,l2h14_z,0.9486467242240906,0.9964946210384369,-0.047847896814346313,False
codecontests_java_275,mlp11_out,0.9933242797851562,0.9887014925479889,0.004622787237167358,True
codecontests_java_275,l2h14_lead_k_centered,-0.9999528527259827,0.9999015033245087,-1.9998543560504913,False
codecontests_java_275,l2h14_z_centered,-0.9029109477996826,0.8962037861347198,-1.7991147339344025,False
codecontests_java_275,mlp11_out_centered,0.22834449261426926,-0.34461407363414764,0.5729585662484169,True
codecontests_cpp_276,l2h14_lead_k,0.8966465592384338,0.9999952614307404,-0.10334870219230652,False
codecontests_cpp_276,l2h14_z,0.944028913974762,0.9941006302833557,-0.05007171630859375,False
codecontests_cpp_276,mlp11_out,0.9931104481220245,0.9915517270565033,0.0015587210655212402,True
codecontests_cpp_276,l2h14_lead_k_centered,-0.9999528527259827,0.9999015033245087,-1.9998543560504913,False
codecontests_cpp_276,l2h14_z_centered,-0.8452064394950867,0.8380922675132751,-1.6832987070083618,False
codecontests_cpp_276,mlp11_out_centered,0.025026272982358932,-0.16022760421037674,0.18525387719273567,True
codecontests_java_276,l2h14_lead_k,0.8966465592384338,0.9999952614307404,-0.10334870219230652,False
codecontests_java_276,l2h14_z,0.9520139694213867,0.9965770840644836,-0.044563114643096924,False
codecontests_java_276,mlp11_out,0.9923551082611084,0.9886839389801025,0.0036711692810058594,True
codecontests_java_276,l2h14_lead_k_centered,-0.9999528527259827,0.9999015033245087,-1.9998543560504913,False
codecontests_java_276,l2h14_z_centered,-0.9051249027252197,0.8967063128948212,-1.801831215620041,False
codecontests_java_276,mlp11_out_centered,0.16588396579027176,-0.2953771650791168,0.4612611308693886,True
mbpp_python_276,l2h14_lead_k,0.8966465592384338,0.9999952614307404,-0.10334870219230652,False
mbpp_python_276,l2h14_z,0.9482882916927338,0.9957906603813171,-0.047502368688583374,False
mbpp_python_276,mlp11_out,0.9917704463005066,0.9896290898323059,0.0021413564682006836,True
mbpp_python_276,l2h14_lead_k_centered,-0.9999528527259827,0.9999015033245087,-1.9998543560504913,False
mbpp_python_276,l2h14_z_centered,-0.8764097392559052,0.8678010404109955,-1.7442107796669006,False
mbpp_python_276,mlp11_out_centered,0.05273298732936382,-0.17522459849715233,0.22795758582651615,True
apps_python_277,l2h14_lead_k,0.8966465592384338,0.9999952614307404,-0.10334870219230652,False
apps_python_277,l2h14_z,0.9460377991199493,0.9953705668449402,-0.049332767724990845,False
apps_python_277,mlp11_out,0.992168664932251,0.9874476790428162,0.0047209858894348145,True
apps_python_277,l2h14_lead_k_centered,-0.9999528527259827,0.9999015033245087,-1.9998543560504913,False
apps_python_277,l2h14_z_centered,-0.878621518611908,0.8714120388031006,-1.7500335574150085,False
apps_python_277,mlp11_out_centered,0.1925906166434288,-0.3050182908773422,0.497608907520771,True
codecontests_cpp_277,l2h14_lead_k,0.8966533541679382,0.9999818205833435,-0.10332846641540527,False
codecontests_cpp_277,l2h14_z,0.9485765397548676,0.9912226498126984,-0.04264611005783081,False
codecontests_cpp_277,mlp11_out,0.9931000173091888,0.9916492104530334,0.0014508068561553955,True
codecontests_cpp_277,l2h14_lead_k_centered,-0.9998256266117096,0.9996209144592285,-1.999446541070938,False
codecontests_cpp_277,l2h14_z_centered,-0.7771265506744385,0.7633684575557709,-1.5404950082302094,False
codecontests_cpp_277,mlp11_out_centered,0.02357003465294838,-0.17394377291202545,0.19751380756497383,True
codecontests_java_277,l2h14_lead_k,0.8967868685722351,0.9999926090240479,-0.10320574045181274,False
codecontests_java_277,l2h14_z,0.9431068301200867,0.9945865273475647,-0.05147969722747803,False
codecontests_java_277,mlp11_out,0.9913073480129242,0.9901323616504669,0.0011749863624572754,True
codecontests_java_277,l2h14_lead_k_centered,-0.9999180734157562,0.9998252391815186,-1.9997433125972748,False
codecontests_java_277,l2h14_z_centered,-0.8682527840137482,0.8569733798503876,-1.7252261638641357,False
codecontests_java_277,mlp11_out_centered,-0.01897101104259491,-0.12116292677819729,0.10219191573560238,True
codecontests_java_278,l2h14_lead_k,0.8966948688030243,0.9999824464321136,-0.10328757762908936,False
codecontests_java_278,l2h14_z,0.9437779188156128,0.996488094329834,-0.05271017551422119,False
codecontests_java_278,mlp11_out,0.9918217062950134,0.9862666726112366,0.0055550336837768555,True
codecontests_java_278,l2h14_lead_k_centered,-0.9998359382152557,0.999611496925354,-1.9994474351406097,False
codecontests_java_278,l2h14_z_centered,-0.9063108563423157,0.9003122448921204,-1.806623101234436,False
codecontests_java_278,mlp11_out_centered,0.2264222502708435,-0.37215085327625275,0.5985731035470963,True
apps_python_279,l2h14_lead_k,0.8967385590076447,0.9999828934669495,-0.10324433445930481,False
apps_python_279,l2h14_z,0.9509938657283783,0.9960209727287292,-0.04502710700035095,False
apps_python_279,mlp11_out,0.9906941950321198,0.987946629524231,0.002747565507888794,True
apps_python_279,l2h14_lead_k_centered,-0.9998268187046051,0.9996702969074249,-1.99949711561203,False
apps_python_279,l2h14_z_centered,-0.8668020963668823,0.8604421019554138,-1.7272441983222961,False
apps_python_279,mlp11_out_centered,0.06075430288910866,-0.18623022735118866,0.24698453024029732,True
codecontests_cpp_279,l2h14_lead_k,0.8967214822769165,0.9999920129776001,-0.1032705307006836,False
codecontests_cpp_279,l2h14_z,0.9427135586738586,0.9925239682197571,-0.04981040954589844,False
codecontests_cpp_279,mlp11_out,0.9940774738788605,0.9923801720142365,0.0016973018646240234,True
codecontests_cpp_279,l2h14_lead_k_centered,-0.99991375207901,0.9998371601104736,-1.9997509121894836,False
codecontests_cpp_279,l2h14_z_centered,-0.8259611427783966,0.8115817606449127,-1.6375429034233093,False
codecontests_cpp_279,mlp11_out_centered,0.07781948428601027,-0.21877145767211914,0.2965909419581294,True
codecontests_java_279,l2h14_lead_k,0.8966814279556274,0.999993085861206,-0.10331165790557861,False
codecontests_java_279,l2h14_z,0.9439281523227692,0.994770348072052,-0.05084219574928284,False
codecontests_java_279,mlp11_out,0.9925875067710876,0.9904802441596985,0.00210726261138916,True
codecontests_java_279,l2h14_lead_k_centered,-0.9999231994152069,0.9998482167720795,-1.9997714161872864,False
codecontests_java_279,l2h14_z_centered,-0.8710619807243347,0.8640231788158417,-1.7350851595401764,False
codecontests_java_279,mlp11_out_centered,0.05724551994353533,-0.19968923181295395,0.2569347517564893,True
apps_python_280,l2h14_lead_k,0.8967146277427673,1.0000001192092896,-0.10328549146652222,False
apps_python_280,l2h14_z,0.9485796391963959,0.9955242872238159,-0.046944648027420044,False
apps_python_280,mlp11_out,0.9919198155403137,0.9888539910316467,0.003065824508666992,True
apps_python_280,l2h14_lead_k_centered,-1.000000238418579,1.000000238418579,-2.000000476837158,False
apps_python_280,l2h14_z_centered,-0.8578411936759949,0.8491236865520477,-1.7069648802280426,False
apps_python_280,mlp11_out_centered,0.11344951251521707,-0.2475416213274002,0.3609911338426173,True
codecontests_java_280,l2h14_lead_k,0.8966465592384338,0.9999952614307404,-0.10334870219230652,False
codecontests_java_280,l2h14_z,0.9467608630657196,0.9968608319759369,-0.050099968910217285,False
codecontests_java_280,mlp11_out,0.9930502772331238,0.9885403215885162,0.004509955644607544,True
codecontests_java_280,l2h14_lead_k_centered,-0.9999528527259827,0.9999015033245087,-1.9998543560504913,False
codecontests_java_280,l2h14_z_centered,-0.917518824338913,0.9102868139743805,-1.8278056383132935,False
codecontests_java_280,mlp11_out_centered,0.22331133484840393,-0.35427214205265045,0.5775834769010544,True
apps_python_281,l2h14_lead_k,0.8965784907341003,1.0000000298023224,-0.10342153906822205,False
apps_python_281,l2h14_z,0.949022650718689,0.9952089190483093,-0.04618626832962036,False
apps_python_281,mlp11_out,0.9918374419212341,0.9883711338043213,0.003466308116912842,True
apps_python_281,l2h14_lead_k_centered,-1.0000001192092896,1.0000001192092896,-2.000000238418579,False
apps_python_281,l2h14_z_centered,-0.8561509251594543,0.8488680422306061,-1.7050189673900604,False
apps_python_281,mlp11_out_centered,0.12637919560074806,-0.2500711679458618,0.3764503635466099,True
codecontests_cpp_281,l2h14_lead_k,0.8966465592384338,0.9999952614307404,-0.10334870219230652,False
codecontests_cpp_281,l2h14_z,0.9471066892147064,0.9945853650569916,-0.047478675842285156,False
codecontests_cpp_281,mlp11_out,0.9926074147224426,0.9891516864299774,0.00345572829246521,True
codecontests_cpp_281,l2h14_lead_k_centered,-0.9999528527259827,0.9999015033245087,-1.9998543560504913,False
codecontests_cpp_281,l2h14_z_centered,-0.8671998381614685,0.8596377372741699,-1.7268375754356384,False
codecontests_cpp_281,mlp11_out_centered,0.13913110829889774,-0.2579108774662018,0.3970419857650995,True
codecontests_java_281,l2h14_lead_k,0.8967385590076447,0.9999828934669495,-0.10324433445930481,False
codecontests_java_281,l2h14_z,0.9497179687023163,0.9966585338115692,-0.04694056510925293,False
codecontests_java_281,mlp11_out,0.990347146987915,0.9848803281784058,0.005466818809509277,True
codecontests_java_281,l2h14_lead_k_centered,-0.9998268187046051,0.9996702969074249,-1.99949711561203,False
codecontests_java_281,l2h14_z_centered,-0.9036142528057098,0.8971439599990845,-1.8007582128047943,False
codecontests_java_281,mlp11_out_centered,0.17744015902280807,-0.32600265741348267,0.5034428164362907,True
mbpp_python_281,l2h14_lead_k,0.8968112468719482,1.0,-0.10318875312805176,False
mbpp_python_281,l2h14_z,0.944066047668457,0.9965507686138153,-0.052484720945358276,False
mbpp_python_281,mlp11_out,0.9901664853096008,0.9876633882522583,0.0025030970573425293,True
mbpp_python_281,l2h14_lead_k_centered,-1.0,1.0,-2.0,False
mbpp_python_281,l2h14_z_centered,-0.9135792851448059,0.9078918993473053,-1.8214711844921112,False
mbpp_python_281,mlp11_out_centered,0.06322701461613178,-0.1841558888554573,0.2473829034715891,True
apps_python_282,l2h14_lead_k,0.8965784907341003,1.0000000298023224,-0.10342153906822205,False
apps_python_282,l2h14_z,0.9506563246250153,0.9957175850868225,-0.04506126046180725,False
apps_python_282,mlp11_out,0.9926838278770447,0.9898171126842499,0.0028667151927948,True
apps_python_282,l2h14_lead_k_centered,-1.0000001192092896,1.0000001192092896,-2.000000238418579,False
apps_python_282,l2h14_z_centered,-0.8584936261177063,0.8521520793437958,-1.710645705461502,False
apps_python_282,mlp11_out_centered,0.12441396340727806,-0.24191399663686752,0.3663279600441456,True
codecontests_java_282,l2h14_lead_k,0.8965784907341003,1.0000000298023224,-0.10342153906822205,False
codecontests_java_282,l2h14_z,0.9477326571941376,0.9952650368213654,-0.04753237962722778,False
codecontests_java_282,mlp11_out,0.9919259250164032,0.9887025952339172,0.003223329782485962,True
codecontests_java_282,l2h14_lead_k_centered,-1.0000001192092896,1.0000001192092896,-2.000000238418579,False
codecontests_java_282,l2h14_z_centered,-0.8657992482185364,0.858390212059021,-1.7241894602775574,False
codecontests_java_282,mlp11_out_centered,0.1242598220705986,-0.2635527402162552,0.3878125622868538,True
apps_python_283,l2h14_lead_k,0.8967146277427673,1.0000001192092896,-0.10328549146652222,False
apps_python_283,l2h14_z,0.9524527788162231,0.9953847825527191,-0.04293200373649597,False
apps_python_283,mlp11_out,0.9920822381973267,0.9897948503494263,0.0022873878479003906,True
apps_python_283,l2h14_lead_k_centered,-1.000000238418579,1.000000238418579,-2.000000476837158,False
apps_python_283,l2h14_z_centered,-0.8593839704990387,0.852156788110733,-1.7115407586097717,False
apps_python_283,mlp11_out_centered,0.07792478241026402,-0.19893965125083923,0.27686443366110325,True
codecontests_cpp_283,l2h14_lead_k,0.8965784907341003,1.0000000298023224,-0.10342153906822205,False
codecontests_cpp_283,l2h14_z,0.9484182596206665,0.9946708977222443,-0.04625263810157776,False
codecontests_cpp_283,mlp11_out,0.9930881857872009,0.9884063601493835,0.004681825637817383,True
codecontests_cpp_283,l2h14_lead_k_centered,-1.0000001192092896,1.0000001192092896,-2.000000238418579,False
codecontests_cpp_283,l2h14_z_centered,-0.854707270860672,0.8473188579082489,-1.702026128768921,False
codecontests_cpp_283,mlp11_out_centered,0.2336788885295391,-0.36508479714393616,0.5987636856734753,True
codecontests_java_283,l2h14_lead_k,0.8966465592384338,0.9999952614307404,-0.10334870219230652,False
codecontests_java_283,l2h14_z,0.9503131806850433,0.9964610636234283,-0.04614788293838501,False
codecontests_java_283,mlp11_out,0.9920343160629272,0.9895980954170227,0.002436220645904541,True
codecontests_java_283,l2h14_lead_k_centered,-0.9999528527259827,0.9999015033245087,-1.9998543560504913,False
codecontests_java_283,l2h14_z_centered,-0.900902509689331,0.8924971222877502,-1.7933996319770813,False
codecontests_java_283,mlp11_out_centered,0.04549163952469826,-0.19506826996803284,0.2405599094927311,True
apps_python_284,l2h14_lead_k,0.8967146277427673,1.0000001192092896,-0.10328549146652222,False
apps_python_284,l2h14_z,0.9551523923873901,0.9959362745285034,-0.04078388214111328,False
apps_python_284,mlp11_out,0.9923295378684998,0.9902944266796112,0.00203511118888855,True
apps_python_284,l2h14_lead_k_centered,-1.000000238418579,1.000000238418579,-2.000000476837158,False
apps_python_284,l2h14_z_centered,-0.8665527701377869,0.8566581010818481,-1.723210871219635,False
apps_python_284,mlp11_out_centered,0.08037904091179371,-0.18013905733823776,0.26051809825003147,True
codecontests_cpp_284,l2h14_lead_k,0.8968112468719482,1.0,-0.10318875312805176,False
codecontests_cpp_284,l2h14_z,0.9376317858695984,0.992427408695221,-0.05479562282562256,False
codecontests_cpp_284,mlp11_out,0.9941446185112,0.9920079410076141,0.0021366775035858154,True
codecontests_cpp_284,l2h14_lead_k_centered,-1.0,1.0,-2.0,False
codecontests_cpp_284,l2h14_z_centered,-0.8405945301055908,0.8316441774368286,-1.6722387075424194,False
codecontests_cpp_284,mlp11_out_centered,0.10393520258367062,-0.23575018346309662,0.33968538604676723,True
codecontests_java_284,l2h14_lead_k,0.8968112468719482,1.0,-0.10318875312805176,False
codecontests_java_284,l2h14_z,0.9383807182312012,0.9932152926921844,-0.054834574460983276,False
codecontests_java_284,mlp11_out,0.9925105273723602,0.9882631599903107,0.0042473673820495605,True
codecontests_java_284,l2h14_lead_k_centered,-1.0,1.0,-2.0,False
codecontests_java_284,l2h14_z_centered,-0.8436746895313263,0.8336290717124939,-1.6773037612438202,False
codecontests_java_284,mlp11_out_centered,0.2059602253139019,-0.358206182718277,0.5641664080321789,True
apps_python_285,l2h14_lead_k,0.8965784907341003,1.0000000298023224,-0.10342153906822205,False
apps_python_285,l2h14_z,0.9448273181915283,0.9952582120895386,-0.050430893898010254,False
apps_python_285,mlp11_out,0.991574615240097,0.9895007312297821,0.0020738840103149414,True
apps_python_285,l2h14_lead_k_centered,-1.0000001192092896,1.0000001192092896,-2.000000238418579,False
apps_python_285,l2h14_z_centered,-0.8658021092414856,0.8571313619613647,-1.7229334712028503,False
apps_python_285,mlp11_out_centered,0.04236711002886295,-0.16117145866155624,0.2035385686904192,True
codecontests_cpp_285,l2h14_lead_k,0.8967146277427673,1.0000001192092896,-0.10328549146652222,False
codecontests_cpp_285,l2h14_z,0.9480995237827301,0.9946518540382385,-0.04655233025550842,False
codecontests_cpp_285,mlp11_out,0.9931617677211761,0.9908683001995087,0.0022934675216674805,True
codecontests_cpp_285,l2h14_lead_k_centered,-1.000000238418579,1.000000238418579,-2.000000476837158,False
codecontests_cpp_285,l2h14_z_centered,-0.8560900390148163,0.8473477959632874,-1.7034378349781036,False
codecontests_cpp_285,mlp11_out_centered,0.067117840051651,-0.2403268665075302,0.3074447065591812,True
codecontests_java_285,l2h14_lead_k,0.8966465592384338,0.9999952614307404,-0.10334870219230652,False
codecontests_java_285,l2h14_z,0.955523669719696,0.9950096905231476,-0.03948602080345154,False
codecontests_java_285,mlp11_out,0.9928870797157288,0.9864563643932343,0.006430715322494507,True
codecontests_java_285,l2h14_lead_k_centered,-0.9999528527259827,0.9999015033245087,-1.9998543560504913,False
codecontests_java_285,l2h14_z_centered,-0.860204666852951,0.8508449494838715,-1.7110496163368225,False
codecontests_java_285,mlp11_out_centered,0.2983720600605011,-0.42076998949050903,0.7191420495510101,True
mbpp_python_285,l2h14_lead_k,0.8966948688030243,0.9999824464321136,-0.10328757762908936,False
mbpp_python_285,l2h14_z,0.9494128525257111,0.9959368705749512,-0.04652401804924011,False
mbpp_python_285,mlp11_out,0.9903527498245239,0.9869346916675568,0.003418058156967163,True
mbpp_python_285,l2h14_lead_k_centered,-0.9998359382152557,0.999611496925354,-1.9994474351406097,False
mbpp_python_285,l2h14_z_centered,-0.8753216862678528,0.8677943050861359,-1.7431159913539886,False
mbpp_python_285,mlp11_out_centered,0.0942707471549511,-0.21773729845881462,0.3120080456137657,True
apps_python_286,l2h14_lead_k,0.8965784907341003,1.0000000298023224,-0.10342153906822205,False
apps_python_286,l2h14_z,0.9472988545894623,0.993781179189682,-0.04648232460021973,False
apps_python_286,mlp11_out,0.9916222095489502,0.9904977977275848,0.0011244118213653564,True
apps_python_286,l2h14_lead_k_centered,-1.0000001192092896,1.0000001192092896,-2.000000238418579,False
apps_python_286,l2h14_z_centered,-0.8129157423973083,0.8044253885746002,-1.6173411309719086,False
apps_python_286,mlp11_out_centered,0.00032881274819374084,-0.12647794000804424,0.12680675275623798,True
codecontests_java_286,l2h14_lead_k,0.8968112468719482,1.0,-0.10318875312805176,False
codecontests_java_286,l2h14_z,0.9484759569168091,0.9969563186168671,-0.04848036170005798,False
codecontests_java_286,mlp11_out,0.9919349551200867,0.9898231327533722,0.0021118223667144775,True
codecontests_java_286,l2h14_lead_k_centered,-1.0,1.0,-2.0,False
codecontests_java_286,l2h14_z_centered,-0.9201067090034485,0.914241373538971,-1.8343480825424194,False
codecontests_java_286,mlp11_out_centered,0.051646910957060754,-0.1939406916499138,0.24558760260697454,True
codecontests_java_287,l2h14_lead_k,0.8966465592384338,0.9999952614307404,-0.10334870219230652,False
codecontests_java_287,l2h14_z,0.9440802335739136,0.9948314130306244,-0.050751179456710815,False
codecontests_java_287,mlp11_out,0.9928903579711914,0.9875253438949585,0.00536501407623291,True
codecontests_java_287,l2h14_lead_k_centered,-0.9999528527259827,0.9999015033245087,-1.9998543560504913,False
codecontests_java_287,l2h14_z_centered,-0.8705946803092957,0.8585996925830841,-1.7291943728923798,False
codecontests_java_287,mlp11_out_centered,0.238453209400177,-0.38209426403045654,0.6205474734306335,True
apps_python_288,l2h14_lead_k,0.8966465592384338,0.9999952614307404,-0.10334870219230652,False
apps_python_288,l2h14_z,0.9498574733734131,0.9953326284885406,-0.045475155115127563,False
apps_python_288,mlp11_out,0.991801530122757,0.988161027431488,0.003640502691268921,True
apps_python_288,l2h14_lead_k_centered,-0.9999528527259827,0.9999015033245087,-1.9998543560504913,False
apps_python_288,l2h14_z_centered,-0.8699468970298767,0.8640304207801819,-1.7339773178100586,False
apps_python_288,mlp11_out_centered,0.12508036196231842,-0.23166551440954208,0.3567458763718605,True
codecontests_cpp_288,l2h14_lead_k,0.8966814279556274,0.999993085861206,-0.10331165790557861,False
codecontests_cpp_288,l2h14_z,0.9375977218151093,0.9925220906734467,-0.0549243688583374,False
codecontests_cpp_288,mlp11_out,0.9939576983451843,0.9904428720474243,0.0035148262977600098,True
codecontests_cpp_288,l2h14_lead_k_centered,-0.9999231994152069,0.9998482167720795,-1.9997714161872864,False
codecontests_cpp_288,l2h14_z_centered,-0.8279595971107483,0.8174444437026978,-1.645404040813446,False
codecontests_cpp_288,mlp11_out_centered,0.1984272375702858,-0.34244655072689056,0.5408737882971764,True
codecontests_java_288,l2h14_lead_k,0.8968112468719482,1.0,-0.10318875312805176,False
codecontests_java_288,l2h14_z,0.9385214447975159,0.9954983294010162,-0.056976884603500366,False
codecontests_java_288,mlp11_out,0.9926790297031403,0.9886866509914398,0.0039923787117004395,True
codecontests_java_288,l2h14_lead_k_centered,-1.0,1.0,-2.0,False
codecontests_java_288,l2h14_z_centered,-0.9018617272377014,0.8931422233581543,-1.7950039505958557,False
codecontests_java_288,mlp11_out_centered,0.16085949540138245,-0.3140282854437828,0.47488778084516525,True
apps_python_289,l2h14_lead_k,0.8968112468719482,1.0,-0.10318875312805176,False
apps_python_289,l2h14_z,0.9328568875789642,0.9915193319320679,-0.05866244435310364,False
apps_python_289,mlp11_out,0.9924712479114532,0.9896440804004669,0.002827167510986328,True
apps_python_289,l2h14_lead_k_centered,-1.0,1.0,-2.0,False
apps_python_289,l2h14_z_centered,-0.8239443898200989,0.8130846917629242,-1.637029081583023,False
apps_python_289,mlp11_out_centered,0.11497745104134083,-0.25056277215480804,0.3655402231961489,True
codecontests_java_289,l2h14_lead_k,0.8970020115375519,0.99998939037323,-0.1029873788356781,False
codecontests_java_289,l2h14_z,0.9503240585327148,0.9923822581768036,-0.042058199644088745,False
codecontests_java_289,mlp11_out,0.9915940761566162,0.989460825920105,0.0021332502365112305,True
codecontests_java_289,l2h14_lead_k_centered,-0.9998885095119476,0.9997944831848145,-1.999682992696762,False
codecontests_java_289,l2h14_z_centered,-0.7968455851078033,0.7747734189033508,-1.5716190040111542,False
codecontests_java_289,mlp11_out_centered,0.029579089023172855,-0.21380385756492615,0.243382946588099,True
codecontests_cpp_290,l2h14_lead_k,0.8965784907341003,1.0000000298023224,-0.10342153906822205,False
codecontests_cpp_290,l2h14_z,0.9405272901058197,0.9926357269287109,-0.052108436822891235,False
codecontests_cpp_290,mlp11_out,0.9928347766399384,0.9911540150642395,0.0016807615756988525,True
codecontests_cpp_290,l2h14_lead_k_centered,-1.0000001192092896,1.0000001192092896,-2.000000238418579,False
codecontests_cpp_290,l2h14_z_centered,-0.8197503983974457,0.8120603859424591,-1.6318107843399048,False
codecontests_cpp_290,mlp11_out_centered,0.08701873943209648,-0.22323044762015343,0.3102491870522499,True
codecontests_java_290,l2h14_lead_k,0.8965784907341003,1.0000000298023224,-0.10342153906822205,False
codecontests_java_290,l2h14_z,0.9512749314308167,0.9968412816524506,-0.04556635022163391,False
codecontests_java_290,mlp11_out,0.9923388957977295,0.9876852929592133,0.004653602838516235,True
codecontests_java_290,l2h14_lead_k_centered,-1.0000001192092896,1.0000001192092896,-2.000000238418579,False
codecontests_java_290,l2h14_z_centered,-0.9068888425827026,0.897420346736908,-1.8043091893196106,False
codecontests_java_290,mlp11_out_centered,0.22480285912752151,-0.3632006347179413,0.5880034938454628,True
apps_python_291,l2h14_lead_k,0.8967214822769165,0.9999920129776001,-0.1032705307006836,False
apps_python_291,l2h14_z,0.9356613457202911,0.990817129611969,-0.055155783891677856,False
apps_python_291,mlp11_out,0.9923430681228638,0.9907790124416351,0.0015640556812286377,True
apps_python_291,l2h14_lead_k_centered,-0.99991375207901,0.9998371601104736,-1.9997509121894836,False
apps_python_291,l2h14_z_centered,-0.798352986574173,0.7885411977767944,-1.5868941843509674,False
apps_python_291,mlp11_out_centered,0.03891958203166723,-0.1635655090212822,0.20248509105294943,True
codecontests_cpp_291,l2h14_lead_k,0.8965784907341003,1.0000000298023224,-0.10342153906822205,False
codecontests_cpp_291,l2h14_z,0.9465279281139374,0.9951555132865906,-0.0486275851726532,False
codecontests_cpp_291,mlp11_out,0.9925562143325806,0.9908890426158905,0.0016671717166900635,True
codecontests_cpp_291,l2h14_lead_k_centered,-1.0000001192092896,1.0000001192092896,-2.000000238418579,False
codecontests_cpp_291,l2h14_z_centered,-0.8676444292068481,0.858214944601059,-1.725859373807907,False
codecontests_cpp_291,mlp11_out_centered,0.053089454770088196,-0.19114459306001663,0.24423404783010483,True
codecontests_java_291,l2h14_lead_k,0.8966465592384338,0.9999952614307404,-0.10334870219230652,False
codecontests_java_291,l2h14_z,0.9463430047035217,0.9963303804397583,-0.04998737573623657,False
codecontests_java_291,mlp11_out,0.9923979640007019,0.9875571429729462,0.004840821027755737,True
codecontests_java_291,l2h14_lead_k_centered,-0.9999528527259827,0.9999015033245087,-1.9998543560504913,False
codecontests_java_291,l2h14_z_centered,-0.9031737446784973,0.8954412937164307,-1.798615038394928,False
codecontests_java_291,mlp11_out_centered,0.215542733669281,-0.3437928855419159,0.5593356192111969,True
mbpp_python_291,l2h14_lead_k,0.8967214822769165,0.9999920129776001,-0.1032705307006836,False
mbpp_python_291,l2h14_z,0.9311554431915283,0.9902361631393433,-0.05908071994781494,False
mbpp_python_291,mlp11_out,0.9922162294387817,0.9898345768451691,0.002381652593612671,True
mbpp_python_291,l2h14_lead_k_centered,-0.99991375207901,0.9998371601104736,-1.9997509121894836,False
mbpp_python_291,l2h14_z_centered,-0.8005509376525879,0.7893475294113159,-1.5898984670639038,False
mbpp_python_291,mlp11_out_centered,0.07778100203722715,-0.19636420160531998,0.27414520364254713,True
apps_python_292,l2h14_lead_k,0.8967146277427673,1.0000001192092896,-0.10328549146652222,False
apps_python_292,l2h14_z,0.9495327472686768,0.9952543675899506,-0.045721620321273804,False
apps_python_292,mlp11_out,0.9923647344112396,0.9897627830505371,0.0026019513607025146,True
apps_python_292,l2h14_lead_k_centered,-1.000000238418579,1.000000238418579,-2.000000476837158,False
apps_python_292,l2h14_z_centered,-0.8571322560310364,0.8483801484107971,-1.7055124044418335,False
apps_python_292,mlp11_out_centered,0.09977133944630623,-0.2247946336865425,0.32456597313284874,True
codecontests_cpp_292,l2h14_lead_k,0.8967146277427673,1.0000001192092896,-0.10328549146652222,False
codecontests_cpp_292,l2h14_z,0.9450094699859619,0.9946987926959991,-0.04968932271003723,False
codecontests_cpp_292,mlp11_out,0.992391049861908,0.9892719388008118,0.0031191110610961914,True
codecontests_cpp_292,l2h14_lead_k_centered,-1.000000238418579,1.000000238418579,-2.000000476837158,False
codecontests_cpp_292,l2h14_z_centered,-0.860367476940155,0.8528770804405212,-1.7132445573806763,False
codecontests_cpp_292,mlp11_out_centered,0.14435908198356628,-0.280108280479908,0.4244673624634743,True
codecontests_java_292,l2h14_lead_k,0.8966465592384338,0.9999952614307404,-0.10334870219230652,False
codecontests_java_292,l2h14_z,0.9456638991832733,0.9955500662326813,-0.04988616704940796,False
codecontests_java_292,mlp11_out,0.9908540844917297,0.9870466887950897,0.0038073956966400146,True
codecontests_java_292,l2h14_lead_k_centered,-0.9999528527259827,0.9999015033245087,-1.9998543560504913,False
codecontests_java_292,l2h14_z_centered,-0.8821015357971191,0.8721145391464233,-1.7542160749435425,False
codecontests_java_292,mlp11_out_centered,0.11491877678781748,-0.2730408012866974,0.38795957807451487,True
apps_python_293,l2h14_lead_k,0.8967146277427673,1.0000001192092896,-0.10328549146652222,False
apps_python_293,l2h14_z,0.9492743909358978,0.995234489440918,-0.04596009850502014,False
apps_python_293,mlp11_out,0.991266280412674,0.9881202578544617,0.0031460225582122803,True
apps_python_293,l2h14_lead_k_centered,-1.000000238418579,1.000000238418579,-2.000000476837158,False
apps_python_293,l2h14_z_centered,-0.8438954651355743,0.83498615026474,-1.6788816154003143,False
apps_python_293,mlp11_out_centered,0.10706621501594782,-0.2400190830230713,0.3470852980390191,True
apps_python_294,l2h14_lead_k,0.8965784907341003,1.0000000298023224,-0.10342153906822205,False
apps_python_294,l2h14_z,0.9479629397392273,0.9951785504817963,-0.04721561074256897,False
apps_python_294,mlp11_out,0.9922926425933838,0.987558126449585,0.004734516143798828,True
apps_python_294,l2h14_lead_k_centered,-1.0000001192092896,1.0000001192092896,-2.000000238418579,False
apps_python_294,l2h14_z_centered,-0.8592253029346466,0.8521866500377655,-1.711411952972412,False
apps_python_294,mlp11_out_centered,0.1972627080976963,-0.31107570230960846,0.5083384104073048,True
codecontests_cpp_294,l2h14_lead_k,0.8966465592384338,0.9999952614307404,-0.10334870219230652,False
codecontests_cpp_294,l2h14_z,0.9460902810096741,0.9938998222351074,-0.04780954122543335,False
codecontests_cpp_294,mlp11_out,0.993042379617691,0.9922496676445007,0.0007927119731903076,True
codecontests_cpp_294,l2h14_lead_k_centered,-0.9999528527259827,0.9999015033245087,-1.9998543560504913,False
codecontests_cpp_294,l2h14_z_centered,-0.8363890051841736,0.829184502363205,-1.6655735075473785,False
codecontests_cpp_294,mlp11_out_centered,-0.020170938223600388,-0.10304379276931286,0.08287285454571247,True
codecontests_java_294,l2h14_lead_k,0.8966465592384338,0.9999952614307404,-0.10334870219230652,False
codecontests_java_294,l2h14_z,0.9528626799583435,0.9964314699172974,-0.04356878995895386,False
codecontests_java_294,mlp11_out,0.9935511946678162,0.9888508021831512,0.004700392484664917,True
codecontests_java_294,l2h14_lead_k_centered,-0.9999528527259827,0.9999015033245087,-1.9998543560504913,False
codecontests_java_294,l2h14_z_centered,-0.9011919796466827,0.8924060463905334,-1.7935980260372162,False
codecontests_java_294,mlp11_out_centered,0.23917926102876663,-0.3745499700307846,0.6137292310595512,True
apps_python_295,l2h14_lead_k,0.8966465592384338,0.9999952614307404,-0.10334870219230652,False
apps_python_295,l2h14_z,0.9495180249214172,0.9961328506469727,-0.04661482572555542,False
apps_python_295,mlp11_out,0.9922299981117249,0.9900553226470947,0.002174675464630127,True
apps_python_295,l2h14_lead_k_centered,-0.9999528527259827,0.9999015033245087,-1.9998543560504913,False
apps_python_295,l2h14_z_centered,-0.8811021447181702,0.8745379149913788,-1.755640059709549,False
apps_python_295,mlp11_out_centered,0.07830002717673779,-0.20413701981306076,0.28243704698979855,True
codecontests_cpp_295,l2h14_lead_k,0.8967146277427673,1.0000001192092896,-0.10328549146652222,False
codecontests_cpp_295,l2h14_z,0.9533621370792389,0.9948505461215973,-0.0414884090423584,False
codecontests_cpp_295,mlp11_out,0.9929870665073395,0.9917818009853363,0.0012052655220031738,True
codecontests_cpp_295,l2h14_lead_k_centered,-1.000000238418579,1.000000238418579,-2.000000476837158,False
codecontests_cpp_295,l2h14_z_centered,-0.8533566892147064,0.8450774848461151,-1.6984341740608215,False
codecontests_cpp_295,mlp11_out_centered,0.03639070875942707,-0.16251444816589355,0.19890515692532063,True
codecontests_java_295,l2h14_lead_k,0.8966465592384338,0.9999952614307404,-0.10334870219230652,False
codecontests_java_295,l2h14_z,0.9509048163890839,0.9967168271541595,-0.045812010765075684,False
codecontests_java_295,mlp11_out,0.9925654232501984,0.9877760410308838,0.004789382219314575,True
codecontests_java_295,l2h14_lead_k_centered,-0.9999528527259827,0.9999015033245087,-1.9998543560504913,False
codecontests_java_295,l2h14_z_centered,-0.9129136204719543,0.9054690599441528,-1.8183826804161072,False
codecontests_java_295,mlp11_out_centered,0.2098546326160431,-0.3532780557870865,0.5631326884031296,True
apps_python_296,l2h14_lead_k,0.8967868685722351,0.9999926090240479,-0.10320574045181274,False
apps_python_296,l2h14_z,0.9516684114933014,0.9947342574596405,-0.04306584596633911,False
apps_python_296,mlp11_out,0.990852952003479,0.9873842597007751,0.0034686923027038574,True
apps_python_296,l2h14_lead_k_centered,-0.9999180734157562,0.9998252391815186,-1.9997433125972748,False
apps_python_296,l2h14_z_centered,-0.8408906161785126,0.8357253968715668,-1.6766160130500793,False
apps_python_296,mlp11_out_centered,0.09380096942186356,-0.22753071039915085,0.3213316798210144,True
codecontests_cpp_296,l2h14_lead_k,0.8966465592384338,0.9999952614307404,-0.10334870219230652,False
codecontests_cpp_296,l2h14_z,0.9591969847679138,0.9942770004272461,-0.035080015659332275,False
codecontests_cpp_296,mlp11_out,0.9939311444759369,0.989899605512619,0.004031538963317871,True
codecontests_cpp_296,l2h14_lead_k_centered,-0.9999528527259827,0.9999015033245087,-1.9998543560504913,False
codecontests_cpp_296,l2h14_z_centered,-0.8138721585273743,0.8064444065093994,-1.6203165650367737,False
codecontests_cpp_296,mlp11_out_centered,0.20144066028296947,-0.35067399591207504,0.5521146561950445,True
codecontests_java_296,l2h14_lead_k,0.8967214822769165,0.9999920129776001,-0.1032705307006836,False
codecontests_java_296,l2h14_z,0.9611703157424927,0.997105211019516,-0.035934895277023315,False
codecontests_java_296,mlp11_out,0.9922380447387695,0.9887624680995941,0.003475576639175415,True
codecontests_java_296,l2h14_lead_k_centered,-0.99991375207901,0.9998371601104736,-1.9997509121894836,False
codecontests_java_296,l2h14_z_centered,-0.8986577093601227,0.8909764885902405,-1.7896341979503632,False
codecontests_java_296,mlp11_out_centered,0.1468556523323059,-0.2848590463399887,0.4317146986722946,True
apps_python_297,l2h14_lead_k,0.8967868685722351,0.9999926090240479,-0.10320574045181274,False
apps_python_297,l2h14_z,0.9565741419792175,0.9958434104919434,-0.03926926851272583,False
apps_python_297,mlp11_out,0.9907358586788177,0.9881543517112732,0.0025815069675445557,True
apps_python_297,l2h14_lead_k_centered,-0.9999180734157562,0.9998252391815186,-1.9997433125972748,False
apps_python_297,l2h14_z_centered,-0.844075471162796,0.8370034098625183,-1.6810788810253143,False
apps_python_297,mlp11_out_centered,0.09039702569134533,-0.20696666836738586,0.2973636940587312,True
codecontests_cpp_297,l2h14_lead_k,0.8966465592384338,0.9999952614307404,-0.10334870219230652,False
codecontests_cpp_297,l2h14_z,0.9417010843753815,0.9955905675888062,-0.05388948321342468,False
codecontests_cpp_297,mlp11_out,0.9937191605567932,0.9916017949581146,0.002117365598678589,True
codecontests_cpp_297,l2h14_lead_k_centered,-0.9999528527259827,0.9999015033245087,-1.9998543560504913,False
codecontests_cpp_297,l2h14_z_centered,-0.8882696330547333,0.8824402689933777,-1.770709902048111,False
codecontests_cpp_297,mlp11_out_centered,0.13130712881684303,-0.2523092105984688,0.3836163394153118,True
codecontests_java_297,l2h14_lead_k,0.8965784907341003,1.0000000298023224,-0.10342153906822205,False
codecontests_java_297,l2h14_z,0.9440824687480927,0.9965793788433075,-0.052496910095214844,False
codecontests_java_297,mlp11_out,0.9920417666435242,0.9868199527263641,0.005221813917160034,True
codecontests_java_297,l2h14_lead_k_centered,-1.0000001192092896,1.0000001192092896,-2.000000238418579,False
codecontests_java_297,l2h14_z_centered,-0.9226069450378418,0.9162614047527313,-1.8388683497905731,False
codecontests_java_297,mlp11_out_centered,0.23068565875291824,-0.3624675124883652,0.5931531712412834,True
apps_python_298,l2h14_lead_k,0.8967214822769165,0.9999920129776001,-0.1032705307006836,False
apps_python_298,l2h14_z,0.9519954919815063,0.9953928589820862,-0.043397367000579834,False
apps_python_298,mlp11_out,0.9914214313030243,0.9890233874320984,0.0023980438709259033,True
apps_python_298,l2h14_lead_k_centered,-0.99991375207901,0.9998371601104736,-1.9997509121894836,False
apps_python_298,l2h14_z_centered,-0.8543195128440857,0.8472577035427094,-1.701577216386795,False
apps_python_298,mlp11_out_centered,0.08441923186182976,-0.19845276325941086,0.2828719951212406,True
codecontests_cpp_298,l2h14_lead_k,0.8966465592384338,0.9999952614307404,-0.10334870219230652,False
codecontests_cpp_298,l2h14_z,0.9413093030452728,0.9952237010002136,-0.053914397954940796,False
codecontests_cpp_298,mlp11_out,0.9936544895172119,0.9926535189151764,0.0010009706020355225,True
codecontests_cpp_298,l2h14_lead_k_centered,-0.9999528527259827,0.9999015033245087,-1.9998543560504913,False
codecontests_cpp_298,l2h14_z_centered,-0.8854226469993591,0.8799527883529663,-1.7653754353523254,False
codecontests_cpp_298,mlp11_out_centered,0.006378583610057831,-0.13637124001979828,0.1427498236298561,True
codecontests_java_298,l2h14_lead_k,0.8967146277427673,1.0000001192092896,-0.10328549146652222,False
codecontests_java_298,l2h14_z,0.9451088011264801,0.9963268935680389,-0.05121809244155884,False
codecontests_java_298,mlp11_out,0.9924034178256989,0.9878793358802795,0.0045240819454193115,True
codecontests_java_298,l2h14_lead_k_centered,-1.000000238418579,1.000000238418579,-2.000000476837158,False
codecontests_java_298,l2h14_z_centered,-0.9131115674972534,0.9065298736095428,-1.8196414411067963,False
codecontests_java_298,mlp11_out_centered,0.18081291392445564,-0.3514808788895607,0.5322937928140163,True
apps_python_299,l2h14_lead_k,0.8966465592384338,0.9999952614307404,-0.10334870219230652,False
apps_python_299,l2h14_z,0.9535435438156128,0.9949387311935425,-0.04139518737792969,False
apps_python_299,mlp11_out,0.9921092689037323,0.9894533455371857,0.002655923366546631,True
apps_python_299,l2h14_lead_k_centered,-0.9999528527259827,0.9999015033245087,-1.9998543560504913,False
apps_python_299,l2h14_z_centered,-0.8381209969520569,0.825901061296463,-1.66402205824852,False
apps_python_299,mlp11_out_centered,0.10620562173426151,-0.22627083212137222,0.33247645385563374,True
codecontests_java_299,l2h14_lead_k,0.8968112468719482,1.0,-0.10318875312805176,False
codecontests_java_299,l2h14_z,0.9459081590175629,0.9938927590847015,-0.04798460006713867,False
codecontests_java_299,mlp11_out,0.9925535917282104,0.9897376894950867,0.0028159022331237793,True
codecontests_java_299,l2h14_lead_k_centered,-1.0,1.0,-2.0,False
codecontests_java_299,l2h14_z_centered,-0.8578023910522461,0.8498948216438293,-1.7076972126960754,False
codecontests_java_299,mlp11_out_centered,0.11833333224058151,-0.26181433349847794,0.38014766573905945,True
mbpp_python_299,l2h14_lead_k,0.8965784907341003,1.0000000298023224,-0.10342153906822205,False
mbpp_python_299,l2h14_z,0.9548645615577698,0.9958049654960632,-0.04094040393829346,False
mbpp_python_299,mlp11_out,0.9921193718910217,0.9907422661781311,0.001377105712890625,True
mbpp_python_299,l2h14_lead_k_centered,-1.0000001192092896,1.0000001192092896,-2.000000238418579,False
mbpp_python_299,l2h14_z_centered,-0.8571853637695312,0.8475410640239716,-1.7047264277935028,False
mbpp_python_299,mlp11_out_centered,0.02338147722184658,-0.1457967348396778,0.1691782120615244,True
apps_python_300,l2h14_lead_k,0.8967146277427673,1.0000001192092896,-0.10328549146652222,False
apps_python_300,l2h14_z,0.950659453868866,0.9952232837677002,-0.04456382989883423,False
apps_python_300,mlp11_out,0.9923530519008636,0.9886670708656311,0.003685981035232544,True
apps_python_300,l2h14_lead_k_centered,-1.000000238418579,1.000000238418579,-2.000000476837158,False
apps_python_300,l2h14_z_centered,-0.8558015823364258,0.8479946851730347,-1.7037962675094604,False
apps_python_300,mlp11_out_centered,0.14610053226351738,-0.25927454233169556,0.40537507459521294,True
codecontests_java_300,l2h14_lead_k,0.8966465592384338,0.9999952614307404,-0.10334870219230652,False
codecontests_java_300,l2h14_z,0.9468232989311218,0.9966051876544952,-0.04978188872337341,False
codecontests_java_300,mlp11_out,0.9919354915618896,0.9889610409736633,0.0029744505882263184,True
codecontests_java_300,l2h14_lead_k_centered,-0.9999528527259827,0.9999015033245087,-1.9998543560504913,False
codecontests_java_300,l2h14_z_centered,-0.9063836634159088,0.8978485465049744,-1.8042322099208832,False
codecontests_java_300,mlp11_out_centered,0.07202140614390373,-0.2427016943693161,0.31472310051321983,True
apps_python_301,l2h14_lead_k,0.8965784907341003,1.0000000298023224,-0.10342153906822205,False
apps_python_301,l2h14_z,0.9425484836101532,0.995246410369873,-0.05269792675971985,False
apps_python_301,mlp11_out,0.9920287728309631,0.988410234451294,0.0036185383796691895,True
apps_python_301,l2h14_lead_k_centered,-1.0000001192092896,1.0000001192092896,-2.000000238418579,False
apps_python_301,l2h14_z_centered,-0.877458244562149,0.8682019412517548,-1.7456601858139038,False
apps_python_301,mlp11_out_centered,0.12881773710250854,-0.24607733637094498,0.3748950734734535,True
codecontests_cpp_301,l2h14_lead_k,0.8967629373073578,0.9999824464321136,-0.10321950912475586,False
codecontests_cpp_301,l2h14_z,0.933733195066452,0.9930831789970398,-0.05934998393058777,False
codecontests_cpp_301,mlp11_out,0.9925258159637451,0.9905710518360138,0.0019547641277313232,True
codecontests_cpp_301,l2h14_lead_k_centered,-0.9998360574245453,0.999639242887497,-1.9994753003120422,False
codecontests_cpp_301,l2h14_z_centered,-0.8570328950881958,0.8462219536304474,-1.7032548487186432,False
codecontests_cpp_301,mlp11_out_centered,0.0767565593123436,-0.20576616749167442,0.282522726804018,True
codecontests_java_301,l2h14_lead_k,0.8966465592384338,0.9999952614307404,-0.10334870219230652,False
codecontests_java_301,l2h14_z,0.9435566067695618,0.9949870109558105,-0.05143040418624878,False
codecontests_java_301,mlp11_out,0.9919173121452332,0.9859447777271271,0.005972534418106079,True
codecontests_java_301,l2h14_lead_k_centered,-0.9999528527259827,0.9999015033245087,-1.9998543560504913,False
codecontests_java_301,l2h14_z_centered,-0.8818338215351105,0.8695257902145386,-1.751359611749649,False
codecontests_java_301,mlp11_out_centered,0.25893379375338554,-0.3758593648672104,0.6347931586205959,True
apps_python_302,l2h14_lead_k,0.8965784907341003,1.0000000298023224,-0.10342153906822205,False
apps_python_302,l2h14_z,0.9474221765995026,0.9954926073551178,-0.048070430755615234,False
apps_python_302,mlp11_out,0.9918416738510132,0.9878094494342804,0.004032224416732788,True
apps_python_302,l2h14_lead_k_centered,-1.0000001192092896,1.0000001192092896,-2.000000238418579,False
apps_python_302,l2h14_z_centered,-0.8823362588882446,0.8760258853435516,-1.7583621442317963,False
apps_python_302,mlp11_out_centered,0.14570824801921844,-0.2882450371980667,0.43395328521728516,True
codecontests_cpp_302,l2h14_lead_k,0.8965784907341003,1.0000000298023224,-0.10342153906822205,False
codecontests_cpp_302,l2h14_z,0.9406237006187439,0.995746910572052,-0.055123209953308105,False
codecontests_cpp_302,mlp11_out,0.9929494261741638,0.9900035262107849,0.0029458999633789062,True
codecontests_cpp_302,l2h14_lead_k_centered,-1.0000001192092896,1.0000001192092896,-2.000000238418579,False
codecontests_cpp_302,l2h14_z_centered,-0.8909613788127899,0.8847111761569977,-1.7756725549697876,False
codecontests_cpp_302,mlp11_out_centered,0.14027761295437813,-0.24967889487743378,0.3899565078318119,True
codecontests_java_302,l2h14_lead_k,0.8966465592384338,0.9999952614307404,-0.10334870219230652,False
codecontests_java_302,l2h14_z,0.9419945180416107,0.996454268693924,-0.05445975065231323,False
codecontests_java_302,mlp11_out,0.9904538989067078,0.9848073124885559,0.0056465864181518555,True
codecontests_java_302,l2h14_lead_k_centered,-0.9999528527259827,0.9999015033245087,-1.9998543560504913,False
codecontests_java_302,l2h14_z_centered,-0.9195192456245422,0.9126349091529846,-1.8321541547775269,False
codecontests_java_302,mlp11_out_centered,0.19020617753267288,-0.3274664878845215,0.5176726654171944,True
mbpp_python_302,l2h14_lead_k,0.8967214822769165,0.9999920129776001,-0.1032705307006836,False
mbpp_python_302,l2h14_z,0.953227162361145,0.996986448764801,-0.043759286403656006,False
mbpp_python_302,mlp11_out,0.9902841746807098,0.9881558418273926,0.0021283328533172607,True
mbpp_python_302,l2h14_lead_k_centered,-0.99991375207901,0.9998371601104736,-1.9997509121894836,False
mbpp_python_302,l2h14_z_centered,-0.8979536890983582,0.8916102945804596,-1.7895639836788177,False
mbpp_python_302,mlp11_out_centered,0.04164932342246175,-0.15631244704127312,0.19796177046373487,True
apps_python_303,l2h14_lead_k,0.8965650498867035,0.999985009431839,-0.1034199595451355,False
apps_python_303,l2h14_z,0.945136159658432,0.9952632188796997,-0.0501270592212677,False
apps_python_303,mlp11_out,0.9909199476242065,0.9878717958927155,0.003048151731491089,True
apps_python_303,l2h14_lead_k_centered,-0.9998387694358826,0.9997040033340454,-1.999542772769928,False
apps_python_303,l2h14_z_centered,-0.8551115393638611,0.8493372797966003,-1.7044488191604614,False
apps_python_303,mlp11_out_centered,0.08033230248838663,-0.22066732496023178,0.3009996274486184,True
codecontests_cpp_303,l2h14_lead_k,0.8967146277427673,1.0000001192092896,-0.10328549146652222,False
codecontests_cpp_303,l2h14_z,0.9452666938304901,0.9944061636924744,-0.04913946986198425,False
codecontests_cpp_303,mlp11_out,0.9938498139381409,0.9895670115947723,0.00428280234336853,True
codecontests_cpp_303,l2h14_lead_k_centered,-1.000000238418579,1.000000238418579,-2.000000476837158,False
codecontests_cpp_303,l2h14_z_centered,-0.8541105389595032,0.8474870920181274,-1.7015976309776306,False
codecontests_cpp_303,mlp11_out_centered,0.25407108664512634,-0.3782726675271988,0.6323437541723251,True
codecontests_java_303,l2h14_lead_k,0.8966465592384338,0.9999952614307404,-0.10334870219230652,False
codecontests_java_303,l2h14_z,0.9436098635196686,0.995160698890686,-0.051550835371017456,False
codecontests_java_303,mlp11_out,0.9918768107891083,0.9849979877471924,0.0068788230419158936,True
codecontests_java_303,l2h14_lead_k_centered,-0.9999528527259827,0.9999015033245087,-1.9998543560504913,False
codecontests_java_303,l2h14_z_centered,-0.8759923875331879,0.8689529895782471,-1.744945377111435,False
codecontests_java_303,mlp11_out_centered,0.2660943493247032,-0.39477109909057617,0.6608654484152794,True
apps_python_304,l2h14_lead_k,0.8965784907341003,1.0000000298023224,-0.10342153906822205,False
apps_python_304,l2h14_z,0.9448433518409729,0.9939176142215729,-0.049074262380599976,False
apps_python_304,mlp11_out,0.9919892251491547,0.9904511570930481,0.0015380680561065674,True
apps_python_304,l2h14_lead_k_centered,-1.0000001192092896,1.0000001192092896,-2.000000238418579,False
apps_python_304,l2h14_z_centered,-0.8233292400836945,0.8136087357997894,-1.6369379758834839,False
apps_python_304,mlp11_out_centered,0.0325021930038929,-0.1553684026002884,0.1878705956041813,True
codecontests_cpp_304,l2h14_lead_k,0.8965784907341003,1.0000000298023224,-0.10342153906822205,False
codecontests_cpp_304,l2h14_z,0.9391981065273285,0.9945616722106934,-0.05536356568336487,False
codecontests_cpp_304,mlp11_out,0.9936806559562683,0.9898890554904938,0.003791600465774536,True
codecontests_cpp_304,l2h14_lead_k_centered,-1.0000001192092896,1.0000001192092896,-2.000000238418579,False
codecontests_cpp_304,l2h14_z_centered,-0.8770352005958557,0.8713999092578888,-1.7484351098537445,False
codecontests_cpp_304,mlp11_out_centered,0.19397612661123276,-0.314975805580616,0.5089519321918488,True
codecontests_java_304,l2h14_lead_k,0.8965650498867035,0.999985009431839,-0.1034199595451355,False
codecontests_java_304,l2h14_z,0.9422893524169922,0.9962626695632935,-0.05397331714630127,False
codecontests_java_304,mlp11_out,0.9915435016155243,0.9839956760406494,0.007547825574874878,True
codecontests_java_304,l2h14_lead_k_centered,-0.9998387694358826,0.9997040033340454,-1.999542772769928,False
codecontests_java_304,l2h14_z_centered,-0.9025891721248627,0.89466792345047,-1.7972570955753326,False
codecontests_java_304,mlp11_out_centered,0.2873295396566391,-0.42087437212467194,0.708203911781311,True
mbpp_python_305,l2h14_lead_k,0.8968112468719482,1.0,-0.10318875312805176,False
mbpp_python_305,l2h14_z,0.9444940686225891,0.9964660108089447,-0.05197194218635559,False
mbpp_python_305,mlp11_out,0.9895640313625336,0.9878580272197723,0.0017060041427612305,True
mbpp_python_305,l2h14_lead_k_centered,-1.0,1.0,-2.0,False
mbpp_python_305,l2h14_z_centered,-0.902091383934021,0.8971338272094727,-1.7992252111434937,False
mbpp_python_305,mlp11_out_centered,0.028140081092715263,-0.13641672022640705,0.16455680131912231,True
apps_python_306,l2h14_lead_k,0.8966465592384338,0.9999952614307404,-0.10334870219230652,False
apps_python_306,l2h14_z,0.9489534199237823,0.994647890329361,-0.04569447040557861,False
apps_python_306,mlp11_out,0.9909336268901825,0.9889482855796814,0.0019853413105010986,True
apps_python_306,l2h14_lead_k_centered,-0.9999528527259827,0.9999015033245087,-1.9998543560504913,False
apps_python_306,l2h14_z_centered,-0.8269656002521515,0.8169797360897064,-1.643945336341858,False
apps_python_306,mlp11_out_centered,0.020581133663654327,-0.1567377932369709,0.17731892690062523,True
codecontests_cpp_306,l2h14_lead_k,0.8966465592384338,0.9999952614307404,-0.10334870219230652,False
codecontests_cpp_306,l2h14_z,0.9491597414016724,0.9936789274215698,-0.04451918601989746,False
codecontests_cpp_306,mlp11_out,0.9925323128700256,0.9910356104373932,0.0014967024326324463,True
codecontests_cpp_306,l2h14_lead_k_centered,-0.9999528527259827,0.9999015033245087,-1.9998543560504913,False
codecontests_cpp_306,l2h14_z_centered,-0.8338257372379303,0.8238123059272766,-1.657638043165207,False
codecontests_cpp_306,mlp11_out_centered,0.04197593033313751,-0.1677432619035244,0.2097191922366619,True
codecontests_java_306,l2h14_lead_k,0.8966465592384338,0.9999952614307404,-0.10334870219230652,False
codecontests_java_306,l2h14_z,0.9492134749889374,0.9964776635169983,-0.04726418852806091,False
codecontests_java_306,mlp11_out,0.993263453245163,0.9880798161029816,0.0051836371421813965,True
codecontests_java_306,l2h14_lead_k_centered,-0.9999528527259827,0.9999015033245087,-1.9998543560504913,False
codecontests_java_306,l2h14_z_centered,-0.9050028324127197,0.8986571133136749,-1.8036599457263947,False
codecontests_java_306,mlp11_out_centered,0.2568494826555252,-0.38478611409664154,0.6416355967521667,True
codecontests_java_307,l2h14_lead_k,0.8966465592384338,0.9999952614307404,-0.10334870219230652,False
codecontests_java_307,l2h14_z,0.9449794590473175,0.9967126548290253,-0.051733195781707764,False
codecontests_java_307,mlp11_out,0.9926462173461914,0.9857233166694641,0.006922900676727295,True
codecontests_java_307,l2h14_lead_k_centered,-0.9999528527259827,0.9999015033245087,-1.9998543560504913,False
codecontests_java_307,l2h14_z_centered,-0.9151923060417175,0.9085045456886292,-1.8236968517303467,False
codecontests_java_307,mlp11_out_centered,0.3080798238515854,-0.44352009892463684,0.7515999227762222,True
apps_python_308,l2h14_lead_k,0.8967868685722351,0.9999926090240479,-0.10320574045181274,False
apps_python_308,l2h14_z,0.9494403600692749,0.9955552518367767,-0.04611489176750183,False
apps_python_308,mlp11_out,0.9912713170051575,0.9876830577850342,0.003588259220123291,True
apps_python_308,l2h14_lead_k_centered,-0.9999180734157562,0.9998252391815186,-1.9997433125972748,False
apps_python_308,l2h14_z_centered,-0.8586562871932983,0.851616382598877,-1.7102726697921753,False
apps_python_308,mlp11_out_centered,0.1442926749587059,-0.2596340477466583,0.4039267227053642,True
codecontests_java_308,l2h14_lead_k,0.8965784907341003,1.0000000298023224,-0.10342153906822205,False
codecontests_java_308,l2h14_z,0.9499142169952393,0.9952905476093292,-0.045376330614089966,False
codecontests_java_308,mlp11_out,0.992577075958252,0.9903623759746552,0.0022146999835968018,True
codecontests_java_308,l2h14_lead_k_centered,-1.0000001192092896,1.0000001192092896,-2.000000238418579,False
codecontests_java_308,l2h14_z_centered,-0.8705987334251404,0.862003743648529,-1.7326024770736694,False
codecontests_java_308,mlp11_out_centered,0.058683221228420734,-0.22466103732585907,0.2833442585542798,True
mbpp_python_308,l2h14_lead_k,0.8968112468719482,1.0,-0.10318875312805176,False
mbpp_python_308,l2h14_z,0.9511641561985016,0.995871901512146,-0.04470774531364441,False
mbpp_python_308,mlp11_out,0.9901501834392548,0.9885284602642059,0.0016217231750488281,True
mbpp_python_308,l2h14_lead_k_centered,-1.0,1.0,-2.0,False
mbpp_python_308,l2h14_z_centered,-0.865060567855835,0.8577013313770294,-1.7227618992328644,False
mbpp_python_308,mlp11_out_centered,0.024962962605059147,-0.13951516523957253,0.16447812784463167,True
apps_python_309,l2h14_lead_k,0.8967146277427673,1.0000001192092896,-0.10328549146652222,False
apps_python_309,l2h14_z,0.9486393630504608,0.9952298998832703,-0.04659053683280945,False
apps_python_309,mlp11_out,0.9914247095584869,0.9878680408000946,0.003556668758392334,True
apps_python_309,l2h14_lead_k_centered,-1.000000238418579,1.000000238418579,-2.000000476837158,False
apps_python_309,l2h14_z_centered,-0.8462380766868591,0.8371161222457886,-1.6833541989326477,False
apps_python_309,mlp11_out_centered,0.1383586786687374,-0.24248825013637543,0.38084692880511284,True
codecontests_cpp_309,l2h14_lead_k,0.8965784907341003,1.0000000298023224,-0.10342153906822205,False
codecontests_cpp_309,l2h14_z,0.9510782361030579,0.9957639276981354,-0.044685691595077515,False
codecontests_cpp_309,mlp11_out,0.9947437942028046,0.9912257194519043,0.0035180747509002686,True
codecontests_cpp_309,l2h14_lead_k_centered,-1.0000001192092896,1.0000001192092896,-2.000000238418579,False
codecontests_cpp_309,l2h14_z_centered,-0.8734895586967468,0.8658616244792938,-1.7393511831760406,False
codecontests_cpp_309,mlp11_out_centered,0.26173654198646545,-0.3818754106760025,0.643611952662468,True
codecontests_java_309,l2h14_lead_k,0.8966465592384338,0.9999952614307404,-0.10334870219230652,False
codecontests_java_309,l2h14_z,0.9516379833221436,0.9964865446090698,-0.04484856128692627,False
codecontests_java_309,mlp11_out,0.9918351471424103,0.985645204782486,0.006189942359924316,True
codecontests_java_309,l2h14_lead_k_centered,-0.9999528527259827,0.9999015033245087,-1.9998543560504913,False
codecontests_java_309,l2h14_z_centered,-0.910946249961853,0.9032929539680481,-1.8142392039299011,False
codecontests_java_309,mlp11_out_centered,0.24431290477514267,-0.4061465412378311,0.6504594460129738,True
apps_python_310,l2h14_lead_k,0.8965650498867035,0.999985009431839,-0.1034199595451355,False
apps_python_310,l2h14_z,0.9479403495788574,0.9952332973480225,-0.04729294776916504,False
apps_python_310,mlp11_out,0.992071807384491,0.988828182220459,0.0032436251640319824,True
apps_python_310,l2h14_lead_k_centered,-0.9998387694358826,0.9997040033340454,-1.999542772769928,False
apps_python_310,l2h14_z_centered,-0.848582535982132,0.8428430259227753,-1.6914255619049072,False
apps_python_310,mlp11_out_centered,0.12582343840040267,-0.25675713270902634,0.382580571109429,True
codecontests_cpp_310,l2h14_lead_k,0.8965438604354858,1.0000001192092896,-0.10345625877380371,False
codecontests_cpp_310,l2h14_z,0.9451194405555725,0.9900851547718048,-0.0449657142162323,False
codecontests_cpp_310,mlp11_out,0.9939030110836029,0.9909477829933167,0.002955228090286255,True
codecontests_cpp_310,l2h14_lead_k_centered,-1.0000001192092896,1.0000001192092896,-2.000000238418579,False
codecontests_cpp_310,l2h14_z_centered,-0.749035507440567,0.7373057901859283,-1.4863412976264954,False
codecontests_cpp_310,mlp11_out_centered,0.13039028644561768,-0.2628538981080055,0.3932441845536232,True
codecontests_java_310,l2h14_lead_k,0.896519660949707,0.9999968111515045,-0.10347715020179749,False
codecontests_java_310,l2h14_z,0.9478900134563446,0.9938595294952393,-0.04596951603889465,False
codecontests_java_310,mlp11_out,0.9914349913597107,0.9889490902423859,0.002485901117324829,True
codecontests_java_310,l2h14_lead_k_centered,-0.9999721050262451,0.9999381899833679,-1.999910295009613,False
codecontests_java_310,l2h14_z_centered,-0.8450932204723358,0.8320698738098145,-1.6771630942821503,False
codecontests_java_310,mlp11_out_centered,0.07536763697862625,-0.20566600561141968,0.28103364259004593,True
apps_python_311,l2h14_lead_k,0.8966814279556274,0.999993085861206,-0.10331165790557861,False
apps_python_311,l2h14_z,0.9418697953224182,0.9873058795928955,-0.045436084270477295,False
apps_python_311,mlp11_out,0.9922629296779633,0.9903268218040466,0.001936107873916626,True
apps_python_311,l2h14_lead_k_centered,-0.9999231994152069,0.9998482167720795,-1.9997714161872864,False
apps_python_311,l2h14_z_centered,-0.7075338661670685,0.6964657306671143,-1.4039995968341827,False
apps_python_311,mlp11_out_centered,0.05775127187371254,-0.18825121223926544,0.24600248411297798,True
codecontests_java_311,l2h14_lead_k,0.8966465592384338,0.9999952614307404,-0.10334870219230652,False
codecontests_java_311,l2h14_z,0.9466909170150757,0.9963683485984802,-0.04967743158340454,False
codecontests_java_311,mlp11_out,0.992001473903656,0.9882725477218628,0.003728926181793213,True
codecontests_java_311,l2h14_lead_k_centered,-0.9999528527259827,0.9999015033245087,-1.9998543560504913,False
codecontests_java_311,l2h14_z_centered,-0.9077969491481781,0.9007059335708618,-1.80850288271904,False
codecontests_java_311,mlp11_out_centered,0.13310245797038078,-0.2914527431130409,0.4245552010834217,True
apps_python_312,l2h14_lead_k,0.8967214822769165,0.9999920129776001,-0.1032705307006836,False
apps_python_312,l2h14_z,0.9528400599956512,0.9956314265727997,-0.04279136657714844,False
apps_python_312,mlp11_out,0.9923425614833832,0.9896029233932495,0.002739638090133667,True
apps_python_312,l2h14_lead_k_centered,-0.99991375207901,0.9998371601104736,-1.9997509121894836,False
apps_python_312,l2h14_z_centered,-0.8609278798103333,0.854272335767746,-1.7152002155780792,False
apps_python_312,mlp11_out_centered,0.1071665771305561,-0.23528365790843964,0.34245023503899574,True
codecontests_cpp_312,l2h14_lead_k,0.8967214822769165,0.9999920129776001,-0.1032705307006836,False
codecontests_cpp_312,l2h14_z,0.9382722973823547,0.9932667315006256,-0.054994434118270874,False
codecontests_cpp_312,mlp11_out,0.9929362535476685,0.9933983087539673,-0.0004620552062988281,False
codecontests_cpp_312,l2h14_lead_k_centered,-0.99991375207901,0.9998371601104736,-1.9997509121894836,False
codecontests_cpp_312,l2h14_z_centered,-0.8546571135520935,0.8462099432945251,-1.7008670568466187,False
codecontests_cpp_312,mlp11_out_centered,-0.13193340972065926,0.0021124575287103653,-0.13404586724936962,False
codecontests_java_312,l2h14_lead_k,0.8966814279556274,0.999993085861206,-0.10331165790557861,False
codecontests_java_312,l2h14_z,0.9391749501228333,0.9899276793003082,-0.050752729177474976,False
codecontests_java_312,mlp11_out,0.9928945600986481,0.9893748164176941,0.0035197436809539795,True
codecontests_java_312,l2h14_lead_k_centered,-0.9999231994152069,0.9998482167720795,-1.9997714161872864,False
codecontests_java_312,l2h14_z_centered,-0.7878656089305878,0.7757621109485626,-1.5636277198791504,False
codecontests_java_312,mlp11_out_centered,0.1451236717402935,-0.27237867563962936,0.41750234737992287,True
apps_python_313,l2h14_lead_k,0.8965784907341003,1.0000000298023224,-0.10342153906822205,False
apps_python_313,l2h14_z,0.9557333290576935,0.9954752922058105,-0.039741963148117065,False
apps_python_313,mlp11_out,0.9921621680259705,0.9889067113399506,0.0032554566860198975,True
apps_python_313,l2h14_lead_k_centered,-1.0000001192092896,1.0000001192092896,-2.000000238418579,False
apps_python_313,l2h14_z_centered,-0.8470527231693268,0.8343083560466766,-1.6813610792160034,False
apps_python_313,mlp11_out_centered,0.11902157729491591,-0.25133663415908813,0.37035821145400405,True
codecontests_cpp_313,l2h14_lead_k,0.8966814279556274,0.999993085861206,-0.10331165790557861,False
codecontests_cpp_313,l2h14_z,0.9454247653484344,0.9887013137340546,-0.04327654838562012,False
codecontests_cpp_313,mlp11_out,0.9939625859260559,0.9922226369380951,0.0017399489879608154,True
codecontests_cpp_313,l2h14_lead_k_centered,-0.9999231994152069,0.9998482167720795,-1.9997714161872864,False
codecontests_cpp_313,l2h14_z_centered,-0.7255177795886993,0.7146571278572083,-1.4401749074459076,False
codecontests_cpp_313,mlp11_out_centered,0.08200496342033148,-0.20002184808254242,0.2820268115028739,True
codecontests_java_313,l2h14_lead_k,0.8968112468719482,1.0,-0.10318875312805176,False
codecontests_java_313,l2h14_z,0.944618821144104,0.9945855736732483,-0.04996675252914429,False
codecontests_java_313,mlp11_out,0.9932956695556641,0.9897938072681427,0.0035018622875213623,True
codecontests_java_313,l2h14_lead_k_centered,-1.0,1.0,-2.0,False
codecontests_java_313,l2h14_z_centered,-0.8663777112960815,0.8559601306915283,-1.7223378419876099,False
codecontests_java_313,mlp11_out_centered,0.19347968697547913,-0.33892330527305603,0.5324029922485352,True
apps_python_314,l2h14_lead_k,0.8968112468719482,1.0,-0.10318875312805176,False
apps_python_314,l2h14_z,0.9494016468524933,0.996719479560852,-0.047317832708358765,False
apps_python_314,mlp11_out,0.991125077009201,0.9895835220813751,0.0015415549278259277,True
apps_python_314,l2h14_lead_k_centered,-1.0,1.0,-2.0,False
apps_python_314,l2h14_z_centered,-0.8987325131893158,0.8941841721534729,-1.7929166853427887,False
apps_python_314,mlp11_out_centered,0.02951652929186821,-0.15801486000418663,0.18753138929605484,True
codecontests_cpp_314,l2h14_lead_k,0.8967146277427673,1.0000001192092896,-0.10328549146652222,False
codecontests_cpp_314,l2h14_z,0.947184145450592,0.9946342706680298,-0.047450125217437744,False
codecontests_cpp_314,mlp11_out,0.9929313361644745,0.9912289381027222,0.0017023980617523193,True
codecontests_cpp_314,l2h14_lead_k_centered,-1.000000238418579,1.000000238418579,-2.000000476837158,False
codecontests_cpp_314,l2h14_z_centered,-0.8576887845993042,0.84851935505867,-1.7062081396579742,False
codecontests_cpp_314,mlp11_out_centered,0.09572875499725342,-0.20582354068756104,0.30155229568481445,True
codecontests_java_314,l2h14_lead_k,0.8966465592384338,0.9999952614307404,-0.10334870219230652,False
codecontests_java_314,l2h14_z,0.9474543929100037,0.9966224431991577,-0.04916805028915405,False
codecontests_java_314,mlp11_out,0.9926451444625854,0.9879551827907562,0.004689961671829224,True
codecontests_java_314,l2h14_lead_k_centered,-0.9999528527259827,0.9999015033245087,-1.9998543560504913,False
codecontests_java_314,l2h14_z_centered,-0.9079139232635498,0.9002835154533386,-1.8081974387168884,False
codecontests_java_314,mlp11_out_centered,0.24333986639976501,-0.3709363341331482,0.6142762005329132,True
apps_python_315,l2h14_lead_k,0.8965784907341003,1.0000000298023224,-0.10342153906822205,False
apps_python_315,l2h14_z,0.9533924460411072,0.9962524473667145,-0.0428600013256073,False
apps_python_315,mlp11_out,0.992911696434021,0.9910746514797211,0.0018370449542999268,True
apps_python_315,l2h14_lead_k_centered,-1.0000001192092896,1.0000001192092896,-2.000000238418579,False
apps_python_315,l2h14_z_centered,-0.876503199338913,0.8663188517093658,-1.7428220510482788,False
apps_python_315,mlp11_out_centered,0.07250235415995121,-0.2044161707162857,0.2769185248762369,True
codecontests_cpp_315,l2h14_lead_k,0.8967146277427673,1.0000001192092896,-0.10328549146652222,False
codecontests_cpp_315,l2h14_z,0.94539475440979,0.9944639503955841,-0.04906919598579407,False
codecontests_cpp_315,mlp11_out,0.9939050674438477,0.9907982647418976,0.0031068027019500732,True
codecontests_cpp_315,l2h14_lead_k_centered,-1.000000238418579,1.000000238418579,-2.000000476837158,False
codecontests_cpp_315,l2h14_z_centered,-0.8526055216789246,0.844718337059021,-1.6973238587379456,False
codecontests_cpp_315,mlp11_out_centered,0.20788311213254929,-0.3306746631860733,0.5385577753186226,True
codecontests_java_315,l2h14_lead_k,0.8966465592384338,0.9999952614307404,-0.10334870219230652,False
codecontests_java_315,l2h14_z,0.9508094489574432,0.9964753985404968,-0.04566594958305359,False
codecontests_java_315,mlp11_out,0.9929869174957275,0.9894266128540039,0.003560304641723633,True
codecontests_java_315,l2h14_lead_k_centered,-0.9999528527259827,0.9999015033245087,-1.9998543560504913,False
codecontests_java_315,l2h14_z_centered,-0.8971431851387024,0.8879573345184326,-1.785100519657135,False
codecontests_java_315,mlp11_out_centered,0.16046277061104774,-0.3069419860839844,0.4674047566950321,True
apps_python_316,l2h14_lead_k,0.8966465592384338,0.9999952614307404,-0.10334870219230652,False
apps_python_316,l2h14_z,0.9506452977657318,0.9952034950256348,-0.044558197259902954,False
apps_python_316,mlp11_out,0.992195338010788,0.9920266270637512,0.00016871094703674316,True
apps_python_316,l2h14_lead_k_centered,-0.9999528527259827,0.9999015033245087,-1.9998543560504913,False
apps_python_316,l2h14_z_centered,-0.8506945073604584,0.843146950006485,-1.6938414573669434,False
apps_python_316,mlp11_out_centered,-0.07301118411123753,-0.05559647176414728,-0.017414712347090244,False
apps_python_317,l2h14_lead_k,0.8966465592384338,0.9999952614307404,-0.10334870219230652,False
apps_python_317,l2h14_z,0.9489569962024689,0.9935216307640076,-0.044564634561538696,False
apps_python_317,mlp11_out,0.9922087490558624,0.9884438216686249,0.003764927387237549,True
apps_python_317,l2h14_lead_k_centered,-0.9999528527259827,0.9999015033245087,-1.9998543560504913,False
apps_python_317,l2h14_z_centered,-0.8011597990989685,0.7933927178382874,-1.5945525169372559,False
apps_python_317,mlp11_out_centered,0.15003332123160362,-0.2602586895227432,0.41029201075434685,True
codecontests_cpp_317,l2h14_lead_k,0.8966465592384338,0.9999952614307404,-0.10334870219230652,False
codecontests_cpp_317,l2h14_z,0.9593221247196198,0.9948664009571075,-0.03554427623748779,False
codecontests_cpp_317,mlp11_out,0.9941848516464233,0.9927290678024292,0.0014557838439941406,True
codecontests_cpp_317,l2h14_lead_k_centered,-0.9999528527259827,0.9999015033245087,-1.9998543560504913,False
codecontests_cpp_317,l2h14_z_centered,-0.8357577621936798,0.8259537518024445,-1.6617115139961243,False
codecontests_cpp_317,mlp11_out_centered,0.059438664466142654,-0.18720553070306778,0.24664419516921043,True
codecontests_java_317,l2h14_lead_k,0.8965784907341003,1.0000000298023224,-0.10342153906822205,False
codecontests_java_317,l2h14_z,0.9599758386611938,0.997281551361084,-0.03730571269989014,False
codecontests_java_317,mlp11_out,0.9934337437152863,0.9888299107551575,0.004603832960128784,True
codecontests_java_317,l2h14_lead_k_centered,-1.0000001192092896,1.0000001192092896,-2.000000238418579,False
codecontests_java_317,l2h14_z_centered,-0.9059596061706543,0.89845409989357,-1.8044137060642242,False
codecontests_java_317,mlp11_out_centered,0.2703693136572838,-0.3846498429775238,0.6550191566348076,True
apps_python_318,l2h14_lead_k,0.8966465592384338,0.9999952614307404,-0.10334870219230652,False
apps_python_318,l2h14_z,0.9516991376876831,0.9960647225379944,-0.04436558485031128,False
apps_python_318,mlp11_out,0.9927897155284882,0.9911571443080902,0.0016325712203979492,True
apps_python_318,l2h14_lead_k_centered,-0.9999528527259827,0.9999015033245087,-1.9998543560504913,False
apps_python_318,l2h14_z_centered,-0.8773380815982819,0.8706261813640594,-1.7479642629623413,False
apps_python_318,mlp11_out_centered,0.03458447800949216,-0.1339191533625126,0.16850363137200475,True
codecontests_cpp_318,l2h14_lead_k,0.8966465592384338,0.9999952614307404,-0.10334870219230652,False
codecontests_cpp_318,l2h14_z,0.9502719044685364,0.9955394864082336,-0.045267581939697266,False
codecontests_cpp_318,mlp11_out,0.9931251704692841,0.9901624619960785,0.0029627084732055664,True
codecontests_cpp_318,l2h14_lead_k_centered,-0.9999528527259827,0.9999015033245087,-1.9998543560504913,False
codecontests_cpp_318,l2h14_z_centered,-0.875120222568512,0.8684690296649933,-1.7435892522335052,False
codecontests_cpp_318,mlp11_out_centered,0.14792892336845398,-0.27616722881793976,0.42409615218639374,True
codecontests_java_318,l2h14_lead_k,0.8966465592384338,0.9999952614307404,-0.10334870219230652,False
codecontests_java_318,l2h14_z,0.9526330232620239,0.9961954951286316,-0.043562471866607666,False
codecontests_java_318,mlp11_out,0.9923961758613586,0.9873981475830078,0.00499802827835083,True
codecontests_java_318,l2h14_lead_k_centered,-0.9999528527259827,0.9999015033245087,-1.9998543560504913,False
codecontests_java_318,l2h14_z_centered,-0.8960317075252533,0.8893839418888092,-1.7854156494140625,False
codecontests_java_318,mlp11_out_centered,0.2257831022143364,-0.36044567823410034,0.5862287804484367,True
apps_python_319,l2h14_lead_k,0.8968513011932373,0.9999943673610687,-0.10314306616783142,False
apps_python_319,l2h14_z,0.94526606798172,0.997099369764328,-0.05183330178260803,False
apps_python_319,mlp11_out,0.9915201365947723,0.9891395270824432,0.0023806095123291016,True
apps_python_319,l2h14_lead_k_centered,-0.9999384582042694,0.9998914003372192,-1.9998298585414886,False
apps_python_319,l2h14_z_centered,-0.9212113320827484,0.9160651564598083,-1.8372764885425568,False
apps_python_319,mlp11_out_centered,0.08108370751142502,-0.19241584837436676,0.2734995558857918,True
codecontests_cpp_319,l2h14_lead_k,0.8966814279556274,0.999993085861206,-0.10331165790557861,False
codecontests_cpp_319,l2h14_z,0.9397105872631073,0.9939843118190765,-0.05427372455596924,False
codecontests_cpp_319,mlp11_out,0.993793249130249,0.9926977157592773,0.0010955333709716797,True
codecontests_cpp_319,l2h14_lead_k_centered,-0.9999231994152069,0.9998482167720795,-1.9997714161872864,False
codecontests_cpp_319,l2h14_z_centered,-0.8547434508800507,0.8467181921005249,-1.7014616429805756,False
codecontests_cpp_319,mlp11_out_centered,0.00980069674551487,-0.1340356394648552,0.14383633621037006,True
codecontests_java_319,l2h14_lead_k,0.8968112468719482,1.0,-0.10318875312805176,False
codecontests_java_319,l2h14_z,0.9380221962928772,0.9939592778682709,-0.05593708157539368,False
codecontests_java_319,mlp11_out,0.9927649796009064,0.9883210957050323,0.0044438838958740234,True
codecontests_java_319,l2h14_lead_k_centered,-1.0,1.0,-2.0,False
codecontests_java_319,l2h14_z_centered,-0.8710695207118988,0.8619461953639984,-1.7330157160758972,False
codecontests_java_319,mlp11_out_centered,0.16870014369487762,-0.3494313657283783,0.5181315094232559,True
codecontests_cpp_320,l2h14_lead_k,0.8965784907341003,1.0000000298023224,-0.10342153906822205,False
codecontests_cpp_320,l2h14_z,0.9466376602649689,0.9951126277446747,-0.04847496747970581,False
codecontests_cpp_320,mlp11_out,0.9932346642017365,0.9915863871574402,0.0016482770442962646,True
codecontests_cpp_320,l2h14_lead_k_centered,-1.0000001192092896,1.0000001192092896,-2.000000238418579,False
codecontests_cpp_320,l2h14_z_centered,-0.8626185357570648,0.8548971116542816,-1.7175156474113464,False
codecontests_cpp_320,mlp11_out_centered,0.04405798017978668,-0.16826540231704712,0.2123233824968338,True
codecontests_java_320,l2h14_lead_k,0.8966465592384338,0.9999952614307404,-0.10334870219230652,False
codecontests_java_320,l2h14_z,0.9487456679344177,0.9967027306556702,-0.04795706272125244,False
codecontests_java_320,mlp11_out,0.9928242564201355,0.9901768863201141,0.0026473701000213623,True
codecontests_java_320,l2h14_lead_k_centered,-0.9999528527259827,0.9999015033245087,-1.9998543560504913,False
codecontests_java_320,l2h14_z_centered,-0.9116613864898682,0.9053512811660767,-1.8170126676559448,False
codecontests_java_320,mlp11_out_centered,0.09163283929228783,-0.2572552040219307,0.3488880433142185,True
apps_python_321,l2h14_lead_k,0.8967868685722351,0.9999926090240479,-0.10320574045181274,False
apps_python_321,l2h14_z,0.9512240290641785,0.9959076941013336,-0.04468366503715515,False
apps_python_321,mlp11_out,0.9918361008167267,0.9882739782333374,0.0035621225833892822,True
apps_python_321,l2h14_lead_k_centered,-0.9999180734157562,0.9998252391815186,-1.9997433125972748,False
apps_python_321,l2h14_z_centered,-0.8677074909210205,0.8604261577129364,-1.728133648633957,False
apps_python_321,mlp11_out_centered,0.1620204597711563,-0.2710230275988579,0.4330434873700142,True
codecontests_java_321,l2h14_lead_k,0.8967146277427673,1.0000001192092896,-0.10328549146652222,False
codecontests_java_321,l2h14_z,0.9564381837844849,0.9958465993404388,-0.03940841555595398,False
codecontests_java_321,mlp11_out,0.9929724037647247,0.9872414767742157,0.005730926990509033,True
codecontests_java_321,l2h14_lead_k_centered,-1.000000238418579,1.000000238418579,-2.000000476837158,False
codecontests_java_321,l2h14_z_centered,-0.872089296579361,0.8625580370426178,-1.7346473336219788,False
codecontests_java_321,mlp11_out_centered,0.2631014510989189,-0.3892221599817276,0.6523236110806465,True
mbpp_python_321,l2h14_lead_k,0.8967868685722351,0.9999926090240479,-0.10320574045181274,False
mbpp_python_321,l2h14_z,0.9516702592372894,0.9949512481689453,-0.043280988931655884,False
mbpp_python_321,mlp11_out,0.9908324778079987,0.9884424209594727,0.002390056848526001,True
mbpp_python_321,l2h14_lead_k_centered,-0.9999180734157562,0.9998252391815186,-1.9997433125972748,False
mbpp_python_321,l2h14_z_centered,-0.827609658241272,0.8213621377944946,-1.6489717960357666,False
mbpp_python_321,mlp11_out_centered,0.052431389689445496,-0.17052672058343887,0.22295811027288437,True
apps_python_322,l2h14_lead_k,0.8967146277427673,1.0000001192092896,-0.10328549146652222,False
apps_python_322,l2h14_z,0.9504891037940979,0.9954951703548431,-0.04500606656074524,False
apps_python_322,mlp11_out,0.9915354251861572,0.9885891675949097,0.0029462575912475586,True
apps_python_322,l2h14_lead_k_centered,-1.000000238418579,1.000000238418579,-2.000000476837158,False
apps_python_322,l2h14_z_centered,-0.8510137498378754,0.841442734003067,-1.6924564838409424,False
apps_python_322,mlp11_out_centered,0.1008080649189651,-0.23673555254936218,0.3375436174683273,True
codecontests_cpp_322,l2h14_lead_k,0.8966814279556274,0.999993085861206,-0.10331165790557861,False
codecontests_cpp_322,l2h14_z,0.9396737515926361,0.9939442873001099,-0.054270535707473755,False
codecontests_cpp_322,mlp11_out,0.9928977787494659,0.9914639294147491,0.0014338493347167969,True
codecontests_cpp_322,l2h14_lead_k_centered,-0.9999231994152069,0.9998482167720795,-1.9997714161872864,False
codecontests_cpp_322,l2h14_z_centered,-0.8611889481544495,0.8543488085269928,-1.7155377566814423,False
codecontests_cpp_322,mlp11_out_centered,0.014292091131210327,-0.16051195934414864,0.17480405047535896,True
codecontests_java_322,l2h14_lead_k,0.8968112468719482,1.0,-0.10318875312805176,False
codecontests_java_322,l2h14_z,0.9380600154399872,0.9935629963874817,-0.05550298094749451,False
codecontests_java_322,mlp11_out,0.992157369852066,0.9873940944671631,0.004763275384902954,True
codecontests_java_322,l2h14_lead_k_centered,-1.0,1.0,-2.0,False
codecontests_java_322,l2h14_z_centered,-0.8752903342247009,0.8676644861698151,-1.742954820394516,False
codecontests_java_322,mlp11_out_centered,0.22037657350301743,-0.368507981300354,0.5888845548033714,True
apps_python_323,l2h14_lead_k,0.8967385590076447,0.9999828934669495,-0.10324433445930481,False
apps_python_323,l2h14_z,0.9490814805030823,0.9960093200206757,-0.046927839517593384,False
apps_python_323,mlp11_out,0.9915964305400848,0.9885643124580383,0.003032118082046509,True
apps_python_323,l2h14_lead_k_centered,-0.9998268187046051,0.9996702969074249,-1.99949711561203,False
apps_python_323,l2h14_z_centered,-0.87443807721138,0.8681586980819702,-1.7425967752933502,False
apps_python_323,mlp11_out_centered,0.09083786327391863,-0.21968497335910797,0.3105228366330266,True
codecontests_cpp_323,l2h14_lead_k,0.8967146277427673,1.0000001192092896,-0.10328549146652222,False
codecontests_cpp_323,l2h14_z,0.9510179460048676,0.9952458441257477,-0.04422789812088013,False
codecontests_cpp_323,mlp11_out,0.9933096766471863,0.991159051656723,0.002150624990463257,True
codecontests_cpp_323,l2h14_lead_k_centered,-1.000000238418579,1.000000238418579,-2.000000476837158,False
codecontests_cpp_323,l2h14_z_centered,-0.8659218847751617,0.8594640791416168,-1.7253859639167786,False
codecontests_cpp_323,mlp11_out_centered,0.11194219440221786,-0.2385011911392212,0.35044338554143906,True
codecontests_java_323,l2h14_lead_k,0.8966465592384338,0.9999952614307404,-0.10334870219230652,False
codecontests_java_323,l2h14_z,0.9483778476715088,0.9956596493721008,-0.04728180170059204,False
codecontests_java_323,mlp11_out,0.991558313369751,0.9855423867702484,0.0060159265995025635,True
codecontests_java_323,l2h14_lead_k_centered,-0.9999528527259827,0.9999015033245087,-1.9998543560504913,False
codecontests_java_323,l2h14_z_centered,-0.8841648697853088,0.8780949115753174,-1.7622597813606262,False
codecontests_java_323,mlp11_out_centered,0.24396119266748428,-0.3795778900384903,0.6235390827059746,True
apps_python_324,l2h14_lead_k,0.8965784907341003,1.0000000298023224,-0.10342153906822205,False
apps_python_324,l2h14_z,0.9498251378536224,0.9965730607509613,-0.04674792289733887,False
apps_python_324,mlp11_out,0.9926033616065979,0.9902811050415039,0.002322256565093994,True
apps_python_324,l2h14_lead_k_centered,-1.0000001192092896,1.0000001192092896,-2.000000238418579,False
apps_python_324,l2h14_z_centered,-0.8805168569087982,0.8730608224868774,-1.7535776793956757,False
apps_python_324,mlp11_out_centered,0.11560926213860512,-0.23393253237009048,0.3495417945086956,True
codecontests_java_324,l2h14_lead_k,0.8965784907341003,1.0000000298023224,-0.10342153906822205,False
codecontests_java_324,l2h14_z,0.9485355019569397,0.9954290390014648,-0.046893537044525146,False
codecontests_java_324,mlp11_out,0.9917628467082977,0.9862452447414398,0.00551760196685791,True
codecontests_java_324,l2h14_lead_k_centered,-1.0000001192092896,1.0000001192092896,-2.000000238418579,False
codecontests_java_324,l2h14_z_centered,-0.8906925320625305,0.8830718696117401,-1.7737644016742706,False
codecontests_java_324,mlp11_out_centered,0.21642456576228142,-0.3784816041588783,0.5949061699211597,True
apps_python_325,l2h14_lead_k,0.8967868685722351,0.9999926090240479,-0.10320574045181274,False
apps_python_325,l2h14_z,0.9418008923530579,0.9937355816364288,-0.05193468928337097,False
apps_python_325,mlp11_out,0.9925306439399719,0.9907174706459045,0.0018131732940673828,True
apps_python_325,l2h14_lead_k_centered,-0.9999180734157562,0.9998252391815186,-1.9997433125972748,False
apps_python_325,l2h14_z_centered,-0.8467712104320526,0.8381187617778778,-1.6848899722099304,False
apps_python_325,mlp11_out_centered,0.051776628009974957,-0.16877203434705734,0.2205486623570323,True
codecontests_java_325,l2h14_lead_k,0.8966465592384338,0.9999952614307404,-0.10334870219230652,False
codecontests_java_325,l2h14_z,0.9471979737281799,0.9964816272258759,-0.04928365349769592,False
codecontests_java_325,mlp11_out,0.993137776851654,0.9888591766357422,0.004278600215911865,True
codecontests_java_325,l2h14_lead_k_centered,-0.9999528527259827,0.9999015033245087,-1.9998543560504913,False
codecontests_java_325,l2h14_z_centered,-0.906979113817215,0.9015105068683624,-1.8084896206855774,False
codecontests_java_325,mlp11_out_centered,0.22054670751094818,-0.3612813800573349,0.5818280875682831,True
mbpp_python_325,l2h14_lead_k,0.8967868685722351,0.9999926090240479,-0.10320574045181274,False
mbpp_python_325,l2h14_z,0.9495688080787659,0.9954204857349396,-0.045851677656173706,False
mbpp_python_325,mlp11_out,0.9907670319080353,0.9885106682777405,0.0022563636302948,True
mbpp_python_325,l2h14_lead_k_centered,-0.9999180734157562,0.9998252391815186,-1.9997433125972748,False
mbpp_python_325,l2h14_z_centered,-0.8551028966903687,0.8465849459171295,-1.7016878426074982,False
mbpp_python_325,mlp11_out_centered,0.08254005946218967,-0.19138474017381668,0.27392479963600636,True
apps_python_326,l2h14_lead_k,0.8967868685722351,0.9999926090240479,-0.10320574045181274,False
apps_python_326,l2h14_z,0.9489370584487915,0.9953947067260742,-0.046457648277282715,False
apps_python_326,mlp11_out,0.9918238520622253,0.9895100593566895,0.0023137927055358887,True
apps_python_326,l2h14_lead_k_centered,-0.9999180734157562,0.9998252391815186,-1.9997433125972748,False
apps_python_326,l2h14_z_centered,-0.8565837442874908,0.8502735495567322,-1.706857293844223,False
apps_python_326,mlp11_out_centered,0.05420519784092903,-0.16865896433591843,0.22286416217684746,True
codecontests_cpp_326,l2h14_lead_k,0.8966465592384338,0.9999952614307404,-0.10334870219230652,False
codecontests_cpp_326,l2h14_z,0.9422730803489685,0.9937898814678192,-0.05151680111885071,False
codecontests_cpp_326,mlp11_out,0.9944835007190704,0.9922391474246979,0.0022443532943725586,True
codecontests_cpp_326,l2h14_lead_k_centered,-0.9999528527259827,0.9999015033245087,-1.9998543560504913,False
codecontests_cpp_326,l2h14_z_centered,-0.8420442640781403,0.8355185091495514,-1.6775627732276917,False
codecontests_cpp_326,mlp11_out_centered,0.13476448133587837,-0.28365254402160645,0.4184170253574848,True
codecontests_java_326,l2h14_lead_k,0.8966465592384338,0.9999952614307404,-0.10334870219230652,False
codecontests_java_326,l2h14_z,0.9490505158901215,0.9969635307788849,-0.04791301488876343,False
codecontests_java_326,mlp11_out,0.9920479953289032,0.9859861731529236,0.006061822175979614,True
codecontests_java_326,l2h14_lead_k_centered,-0.9999528527259827,0.9999015033245087,-1.9998543560504913,False
codecontests_java_326,l2h14_z_centered,-0.9151467382907867,0.9083195328712463,-1.823466271162033,False
codecontests_java_326,mlp11_out_centered,0.27626215666532516,-0.4008210152387619,0.6770831719040871,True
apps_python_327,l2h14_lead_k,0.8967214822769165,0.9999920129776001,-0.1032705307006836,False
apps_python_327,l2h14_z,0.9525692164897919,0.9965161681175232,-0.04394695162773132,False
apps_python_327,mlp11_out,0.9919244050979614,0.9896582961082458,0.002266108989715576,True
apps_python_327,l2h14_lead_k_centered,-0.99991375207901,0.9998371601104736,-1.9997509121894836,False
apps_python_327,l2h14_z_centered,-0.8874616026878357,0.8818320035934448,-1.7692936062812805,False
apps_python_327,mlp11_out_centered,0.06004122085869312,-0.1949472278356552,0.25498844869434834,True
codecontests_cpp_327,l2h14_lead_k,0.8967146277427673,1.0000001192092896,-0.10328549146652222,False
codecontests_cpp_327,l2h14_z,0.942716121673584,0.994805246591568,-0.05208912491798401,False
codecontests_cpp_327,mlp11_out,0.9933708906173706,0.9919508993625641,0.0014199912548065186,True
codecontests_cpp_327,l2h14_lead_k_centered,-1.000000238418579,1.000000238418579,-2.000000476837158,False
codecontests_cpp_327,l2h14_z_centered,-0.8704138398170471,0.8628067076206207,-1.7332205474376678,False
codecontests_cpp_327,mlp11_out_centered,0.06861631758511066,-0.18076466023921967,0.24938097782433033,True
codecontests_java_327,l2h14_lead_k,0.8966465592384338,0.9999952614307404,-0.10334870219230652,False
codecontests_java_327,l2h14_z,0.9444476366043091,0.9967962801456451,-0.05234864354133606,False
codecontests_java_327,mlp11_out,0.9930422604084015,0.9870361089706421,0.006006151437759399,True
codecontests_java_327,l2h14_lead_k_centered,-0.9999528527259827,0.9999015033245087,-1.9998543560504913,False
codecontests_java_327,l2h14_z_centered,-0.9174431264400482,0.9102625846862793,-1.8277057111263275,False
codecontests_java_327,mlp11_out_centered,0.32335570454597473,-0.434077724814415,0.7574334293603897,True
mbpp_python_327,l2h14_lead_k,0.8967868685722351,0.9999926090240479,-0.10320574045181274,False
mbpp_python_327,l2h14_z,0.9519452154636383,0.997251570224762,-0.04530635476112366,False
mbpp_python_327,mlp11_out,0.9910430014133453,0.9885443449020386,0.0024986565113067627,True
mbpp_python_327,l2h14_lead_k_centered,-0.9999180734157562,0.9998252391815186,-1.9997433125972748,False
mbpp_python_327,l2h14_z_centered,-0.9090251624584198,0.9042353630065918,-1.8132605254650116,False
mbpp_python_327,mlp11_out_centered,0.05546137201599777,-0.17992591112852097,0.23538728314451873,True
apps_python_328,l2h14_lead_k,0.8966465592384338,0.9999952614307404,-0.10334870219230652,False
apps_python_328,l2h14_z,0.9494321942329407,0.9949922561645508,-0.04556006193161011,False
apps_python_328,mlp11_out,0.9917489886283875,0.9914918839931488,0.00025710463523864746,True
apps_python_328,l2h14_lead_k_centered,-0.9999528527259827,0.9999015033245087,-1.9998543560504913,False
apps_python_328,l2h14_z_centered,-0.8480160236358643,0.8395551145076752,-1.6875711381435394,False
apps_python_328,mlp11_out_centered,-0.05826804134994745,-0.05329008772969246,-0.0049779536202549934,False
codecontests_cpp_328,l2h14_lead_k,0.8967868685722351,0.9999926090240479,-0.10320574045181274,False
codecontests_cpp_328,l2h14_z,0.9380394220352173,0.9915392994880676,-0.05349987745285034,False
codecontests_cpp_328,mlp11_out,0.99350905418396,0.9917986392974854,0.0017104148864746094,True
codecontests_cpp_328,l2h14_lead_k_centered,-0.9999180734157562,0.9998252391815186,-1.9997433125972748,False
codecontests_cpp_328,l2h14_z_centered,-0.8054236471652985,0.7953145205974579,-1.6007381677627563,False
codecontests_cpp_328,mlp11_out_centered,0.057894532568752766,-0.19213535636663437,0.25002988893538713,True
codecontests_java_328,l2h14_lead_k,0.8965784907341003,1.0000000298023224,-0.10342153906822205,False
codecontests_java_328,l2h14_z,0.950842410326004,0.9968475699424744,-0.04600515961647034,False
codecontests_java_328,mlp11_out,0.9917171597480774,0.9882135391235352,0.0035036206245422363,True
codecontests_java_328,l2h14_lead_k_centered,-1.0000001192092896,1.0000001192092896,-2.000000238418579,False
codecontests_java_328,l2h14_z_centered,-0.9096819162368774,0.8993914425373077,-1.8090733587741852,False
codecontests_java_328,mlp11_out_centered,0.11808917671442032,-0.2753153145313263,0.3934044912457466,True
apps_python_329,l2h14_lead_k,0.8966465592384338,0.9999952614307404,-0.10334870219230652,False
apps_python_329,l2h14_z,0.9504179954528809,0.9952589571475983,-0.04484096169471741,False
apps_python_329,mlp11_out,0.9927574396133423,0.9906917810440063,0.0020656585693359375,True
apps_python_329,l2h14_lead_k_centered,-0.9999528527259827,0.9999015033245087,-1.9998543560504913,False
apps_python_329,l2h14_z_centered,-0.8543730676174164,0.8461673259735107,-1.7005403935909271,False
apps_python_329,mlp11_out_centered,0.051876213401556015,-0.19196516275405884,0.24384137615561485,True
codecontests_cpp_329,l2h14_lead_k,0.8966465592384338,0.9999952614307404,-0.10334870219230652,False
codecontests_cpp_329,l2h14_z,0.9432423412799835,0.9948065280914307,-0.051564186811447144,False
codecontests_cpp_329,mlp11_out,0.9932833313941956,0.9915882349014282,0.001695096492767334,True
codecontests_cpp_329,l2h14_lead_k_centered,-0.9999528527259827,0.9999015033245087,-1.9998543560504913,False
codecontests_cpp_329,l2h14_z_centered,-0.8695753216743469,0.864191323518753,-1.7337666451931,False
codecontests_cpp_329,mlp11_out_centered,0.061399021185934544,-0.17126042395830154,0.2326594451442361,True
codecontests_java_329,l2h14_lead_k,0.8966465592384338,0.9999952614307404,-0.10334870219230652,False
codecontests_java_329,l2h14_z,0.9404706358909607,0.9959899485111237,-0.055519312620162964,False
codecontests_java_329,mlp11_out,0.9919096529483795,0.9860963523387909,0.005813300609588623,True
codecontests_java_329,l2h14_lead_k_centered,-0.9999528527259827,0.9999015033245087,-1.9998543560504913,False
codecontests_java_329,l2h14_z_centered,-0.9100989699363708,0.9025123715400696,-1.8126113414764404,False
codecontests_java_329,mlp11_out_centered,0.2344854176044464,-0.3838644176721573,0.6183498352766037,True
apps_python_330,l2h14_lead_k,0.8965784907341003,1.0000000298023224,-0.10342153906822205,False
apps_python_330,l2h14_z,0.9472537934780121,0.995548278093338,-0.04829448461532593,False
apps_python_330,mlp11_out,0.9918169975280762,0.9875224530696869,0.004294544458389282,True
apps_python_330,l2h14_lead_k_centered,-1.0000001192092896,1.0000001192092896,-2.000000238418579,False
apps_python_330,l2h14_z_centered,-0.8840965032577515,0.8780826032161713,-1.7621791064739227,False
apps_python_330,mlp11_out_centered,0.1629304476082325,-0.2846134528517723,0.4475439004600048,True
codecontests_cpp_330,l2h14_lead_k,0.8965784907341003,1.0000000298023224,-0.10342153906822205,False
codecontests_cpp_330,l2h14_z,0.9498697817325592,0.995643675327301,-0.04577389359474182,False
codecontests_cpp_330,mlp11_out,0.9940618276596069,0.9914507567882538,0.0026110708713531494,True
codecontests_cpp_330,l2h14_lead_k_centered,-1.0000001192092896,1.0000001192092896,-2.000000238418579,False
codecontests_cpp_330,l2h14_z_centered,-0.8697003722190857,0.8619314432144165,-1.7316318154335022,False
codecontests_cpp_330,mlp11_out_centered,0.17750851437449455,-0.29645485430955887,0.4739633686840534,True
codecontests_java_330,l2h14_lead_k,0.8966465592384338,0.9999952614307404,-0.10334870219230652,False
codecontests_java_330,l2h14_z,0.9515058100223541,0.9965206980705261,-0.045014888048172,False
codecontests_java_330,mlp11_out,0.9925069510936737,0.9852117300033569,0.0072952210903167725,True
codecontests_java_330,l2h14_lead_k_centered,-0.9999528527259827,0.9999015033245087,-1.9998543560504913,False
codecontests_java_330,l2h14_z_centered,-0.9057742953300476,0.8974050283432007,-1.8031793236732483,False
codecontests_java_330,mlp11_out_centered,0.3394063040614128,-0.46675440669059753,0.8061607107520103,True
apps_python_331,l2h14_lead_k,0.8966465592384338,0.9999952614307404,-0.10334870219230652,False
apps_python_331,l2h14_z,0.9521035254001617,0.9915052652359009,-0.039401739835739136,False
apps_python_331,mlp11_out,0.992118626832962,0.9876747131347656,0.004443913698196411,True
apps_python_331,l2h14_lead_k_centered,-0.9999528527259827,0.9999015033245087,-1.9998543560504913,False
apps_python_331,l2h14_z_centered,-0.7677671611309052,0.760441929101944,-1.5282090902328491,False
apps_python_331,mlp11_out_centered,0.16641994565725327,-0.2973112314939499,0.46373117715120316,True
codecontests_java_331,l2h14_lead_k,0.8967146277427673,1.0000001192092896,-0.10328549146652222,False
codecontests_java_331,l2h14_z,0.9533436298370361,0.9965606927871704,-0.04321706295013428,False
codecontests_java_331,mlp11_out,0.9915730357170105,0.983976811170578,0.007596224546432495,True
codecontests_java_331,l2h14_lead_k_centered,-1.000000238418579,1.000000238418579,-2.000000476837158,False
codecontests_java_331,l2h14_z_centered,-0.8941044211387634,0.8854570984840393,-1.7795615196228027,False
codecontests_java_331,mlp11_out_centered,0.32264848053455353,-0.4455080181360245,0.768156498670578,True
apps_python_332,l2h14_lead_k,0.8966465592384338,0.9999952614307404,-0.10334870219230652,False
apps_python_332,l2h14_z,0.9495579302310944,0.995518684387207,-0.04596075415611267,False
apps_python_332,mlp11_out,0.9928361773490906,0.9915481209754944,0.0012880563735961914,True
apps_python_332,l2h14_lead_k_centered,-0.9999528527259827,0.9999015033245087,-1.9998543560504913,False
apps_python_332,l2h14_z_centered,-0.8683547377586365,0.860977292060852,-1.7293320298194885,False
apps_python_332,mlp11_out_centered,0.006752301007509232,-0.13328076899051666,0.1400330699980259,True
codecontests_cpp_332,l2h14_lead_k,0.8965784907341003,1.0000000298023224,-0.10342153906822205,False
codecontests_cpp_332,l2h14_z,0.9415340721607208,0.9934625625610352,-0.05192849040031433,False
codecontests_cpp_332,mlp11_out,0.9936691224575043,0.9915075898170471,0.0021615326404571533,True
codecontests_cpp_332,l2h14_lead_k_centered,-1.0000001192092896,1.0000001192092896,-2.000000238418579,False
codecontests_cpp_332,l2h14_z_centered,-0.8322836756706238,0.8238131999969482,-1.656096875667572,False
codecontests_cpp_332,mlp11_out_centered,0.09530619625002146,-0.2510855123400688,0.3463917085900903,True
codecontests_java_332,l2h14_lead_k,0.8965784907341003,1.0000000298023224,-0.10342153906822205,False
codecontests_java_332,l2h14_z,0.9474391043186188,0.9969196021556854,-0.04948049783706665,False
codecontests_java_332,mlp11_out,0.9931204617023468,0.9878273010253906,0.005293160676956177,True
codecontests_java_332,l2h14_lead_k_centered,-1.0000001192092896,1.0000001192092896,-2.000000238418579,False
codecontests_java_332,l2h14_z_centered,-0.913948655128479,0.9071553647518158,-1.8211040198802948,False
codecontests_java_332,mlp11_out_centered,0.2746657729148865,-0.39888519048690796,0.6735509634017944,True
apps_python_333,l2h14_lead_k,0.8968112468719482,1.0,-0.10318875312805176,False
apps_python_333,l2h14_z,0.9374315738677979,0.9912295937538147,-0.053798019886016846,False
apps_python_333,mlp11_out,0.9921726882457733,0.9907695353031158,0.0014031529426574707,True
apps_python_333,l2h14_lead_k_centered,-1.0,1.0,-2.0,False
apps_python_333,l2h14_z_centered,-0.8124454021453857,0.8041102588176727,-1.6165556609630585,False
apps_python_333,mlp11_out_centered,0.02856835350394249,-0.15053895860910416,0.17910731211304665,True
codecontests_cpp_333,l2h14_lead_k,0.8966009318828583,0.9999962449073792,-0.10339531302452087,False
codecontests_cpp_333,l2h14_z,0.9521157145500183,0.9920484721660614,-0.03993275761604309,False
codecontests_cpp_333,mlp11_out,0.9930080771446228,0.991911768913269,0.0010963082313537598,True
codecontests_cpp_333,l2h14_lead_k_centered,-0.9999619424343109,0.9999237060546875,-1.9998856484889984,False
codecontests_cpp_333,l2h14_z_centered,-0.7764549255371094,0.7616736888885498,-1.5381286144256592,False
codecontests_cpp_333,mlp11_out_centered,-0.009062647819519043,-0.1355327069759369,0.12647005915641785,True
codecontests_java_333,l2h14_lead_k,0.8965359032154083,0.9999971985816956,-0.10346129536628723,False
codecontests_java_333,l2h14_z,0.9587377905845642,0.9944054782390594,-0.03566768765449524,False
codecontests_java_333,mlp11_out,0.9924857318401337,0.9873404502868652,0.005145281553268433,True
codecontests_java_333,l2h14_lead_k_centered,-0.9999744892120361,0.9999446272850037,-1.9999191164970398,False
codecontests_java_333,l2h14_z_centered,-0.8152645230293274,0.797419011592865,-1.6126835346221924,False
codecontests_java_333,mlp11_out_centered,0.2672513574361801,-0.41749072074890137,0.6847420781850815,True
codecontests_cpp_334,l2h14_lead_k,0.896528422832489,0.9999964237213135,-0.10346800088882446,False
codecontests_cpp_334,l2h14_z,0.9552729725837708,0.990963488817215,-0.035690516233444214,False
codecontests_cpp_334,mlp11_out,0.9942923784255981,0.9923419952392578,0.001950383186340332,True
codecontests_cpp_334,l2h14_lead_k_centered,-0.9999729990959167,0.9999243319034576,-1.9998973309993744,False
codecontests_cpp_334,l2h14_z_centered,-0.7365932464599609,0.7206447422504425,-1.4572379887104034,False
codecontests_cpp_334,mlp11_out_centered,0.0787171721458435,-0.2077939733862877,0.2865111455321312,True
codecontests_java_334,l2h14_lead_k,0.8965519070625305,0.9999968707561493,-0.10344496369361877,False
codecontests_java_334,l2h14_z,0.9552552700042725,0.9892650544643402,-0.03400978446006775,False
codecontests_java_334,mlp11_out,0.9923043847084045,0.9870800077915192,0.005224376916885376,True
codecontests_java_334,l2h14_lead_k_centered,-0.9999704957008362,0.9999388456344604,-1.9999093413352966,False
codecontests_java_334,l2h14_z_centered,-0.6892298758029938,0.6732496917247772,-1.362479567527771,False
codecontests_java_334,mlp11_out_centered,0.21728627383708954,-0.38013941049575806,0.5974256843328476,True
codecontests_cpp_335,l2h14_lead_k,0.8966465592384338,0.9999952614307404,-0.10334870219230652,False
codecontests_cpp_335,l2h14_z,0.9506703913211823,0.995098888874054,-0.044428497552871704,False
codecontests_cpp_335,mlp11_out,0.9936281740665436,0.9927881360054016,0.0008400380611419678,True
codecontests_cpp_335,l2h14_lead_k_centered,-0.9999528527259827,0.9999015033245087,-1.9998543560504913,False
codecontests_cpp_335,l2h14_z_centered,-0.8629685044288635,0.8557232022285461,-1.7186917066574097,False
codecontests_cpp_335,mlp11_out_centered,-0.0036158449947834015,-0.12662863545119762,0.12301279045641422,True
codecontests_java_335,l2h14_lead_k,0.8965784907341003,1.0000000298023224,-0.10342153906822205,False
codecontests_java_335,l2h14_z,0.950878232717514,0.9971426725387573,-0.046264439821243286,False
codecontests_java_335,mlp11_out,0.9929286241531372,0.987615317106247,0.005313307046890259,True
codecontests_java_335,l2h14_lead_k_centered,-1.0000001192092896,1.0000001192092896,-2.000000238418579,False
codecontests_java_335,l2h14_z_centered,-0.9155533015727997,0.9085344672203064,-1.824087768793106,False
codecontests_java_335,mlp11_out_centered,0.26635603606700897,-0.3958655297756195,0.6622215658426285,True
mbpp_python_335,l2h14_lead_k,0.8967868685722351,0.9999926090240479,-0.10320574045181274,False
mbpp_python_335,l2h14_z,0.9523845314979553,0.9973110258579254,-0.04492649435997009,False
mbpp_python_335,mlp11_out,0.9903487861156464,0.9870404303073883,0.0033083558082580566,True
mbpp_python_335,l2h14_lead_k_centered,-0.9999180734157562,0.9998252391815186,-1.9997433125972748,False
mbpp_python_335,l2h14_z_centered,-0.9100593030452728,0.9055233299732208,-1.8155826330184937,False
mbpp_python_335,mlp11_out_centered,0.08679659757763147,-0.21801991760730743,0.3048165151849389,True
apps_python_336,l2h14_lead_k,0.8966465592384338,0.9999952614307404,-0.10334870219230652,False
apps_python_336,l2h14_z,0.9508672654628754,0.9955001771450043,-0.044632911682128906,False
apps_python_336,mlp11_out,0.9919402599334717,0.9906939268112183,0.001246333122253418,True
apps_python_336,l2h14_lead_k_centered,-0.9999528527259827,0.9999015033245087,-1.9998543560504913,False
apps_python_336,l2h14_z_centered,-0.8682693541049957,0.8592547178268433,-1.727524071931839,False
apps_python_336,mlp11_out_centered,0.006701778620481491,-0.11835614778101444,0.12505792640149593,True
codecontests_java_336,l2h14_lead_k,0.8966465592384338,0.9999952614307404,-0.10334870219230652,False
codecontests_java_336,l2h14_z,0.9437516033649445,0.996441662311554,-0.0526900589466095,False
codecontests_java_336,mlp11_out,0.9921615123748779,0.9841768145561218,0.007984697818756104,True
codecontests_java_336,l2h14_lead_k_centered,-0.9999528527259827,0.9999015033245087,-1.9998543560504913,False
codecontests_java_336,l2h14_z_centered,-0.9201171398162842,0.9120226800441742,-1.8321398198604584,False
codecontests_java_336,mlp11_out_centered,0.34280480444431305,-0.4756425619125366,0.8184473663568497,True
apps_python_337,l2h14_lead_k,0.8966948688030243,0.9999824464321136,-0.10328757762908936,False
apps_python_337,l2h14_z,0.9481235146522522,0.9960145950317383,-0.047891080379486084,False
apps_python_337,mlp11_out,0.9902940988540649,0.9886581599712372,0.0016359388828277588,True
apps_python_337,l2h14_lead_k_centered,-0.9998359382152557,0.999611496925354,-1.9994474351406097,False
apps_python_337,l2h14_z_centered,-0.87737837433815,0.8710120022296906,-1.7483903765678406,False
apps_python_337,mlp11_out_centered,0.008735500276088715,-0.14418596401810646,0.15292146429419518,True
codecontests_cpp_337,l2h14_lead_k,0.8965784907341003,1.0000000298023224,-0.10342153906822205,False
codecontests_cpp_337,l2h14_z,0.9353095293045044,0.994785875082016,-0.0594763457775116,False
codecontests_cpp_337,mlp11_out,0.9935119450092316,0.9905821979045868,0.0029297471046447754,True
codecontests_cpp_337,l2h14_lead_k_centered,-1.0000001192092896,1.0000001192092896,-2.000000238418579,False
codecontests_cpp_337,l2h14_z_centered,-0.8764253854751587,0.8667944967746735,-1.7432198822498322,False
codecontests_cpp_337,mlp11_out_centered,0.12938466481864452,-0.2733180597424507,0.40270272456109524,True
codecontests_java_337,l2h14_lead_k,0.8965784907341003,1.0000000298023224,-0.10342153906822205,False
codecontests_java_337,l2h14_z,0.9448606371879578,0.995618999004364,-0.05075836181640625,False
codecontests_java_337,mlp11_out,0.9924512207508087,0.9881997406482697,0.0042514801025390625,True
codecontests_java_337,l2h14_lead_k_centered,-1.0000001192092896,1.0000001192092896,-2.000000238418579,False
codecontests_java_337,l2h14_z_centered,-0.8852626383304596,0.8770374059677124,-1.762300044298172,False
codecontests_java_337,mlp11_out_centered,0.17373982816934586,-0.3281741738319397,0.5019140020012856,True
apps_python_338,l2h14_lead_k,0.8966465592384338,0.9999952614307404,-0.10334870219230652,False
apps_python_338,l2h14_z,0.9531646072864532,0.995352178812027,-0.04218757152557373,False
apps_python_338,mlp11_out,0.9936741590499878,0.9915648996829987,0.0021092593669891357,True
apps_python_338,l2h14_lead_k_centered,-0.9999528527259827,0.9999015033245087,-1.9998543560504913,False
apps_python_338,l2h14_z_centered,-0.8542249202728271,0.8456820845603943,-1.6999070048332214,False
apps_python_338,mlp11_out_centered,0.09694164991378784,-0.21949467808008194,0.3164363279938698,True
codecontests_java_338,l2h14_lead_k,0.8965784907341003,1.0000000298023224,-0.10342153906822205,False
codecontests_java_338,l2h14_z,0.9470010101795197,0.9967144429683685,-0.04971343278884888,False
codecontests_java_338,mlp11_out,0.9917411506175995,0.9869051873683929,0.004835963249206543,True
codecontests_java_338,l2h14_lead_k_centered,-1.0000001192092896,1.0000001192092896,-2.000000238418579,False
codecontests_java_338,l2h14_z_centered,-0.9110968112945557,0.9016742408275604,-1.812771052122116,False
codecontests_java_338,mlp11_out_centered,0.20427138358354568,-0.36338894069194794,0.5676603242754936,True
apps_python_339,l2h14_lead_k,0.8967868685722351,0.9999926090240479,-0.10320574045181274,False
apps_python_339,l2h14_z,0.9409090876579285,0.9921694695949554,-0.05126038193702698,False
apps_python_339,mlp11_out,0.9917361438274384,0.9900098145008087,0.0017263293266296387,True
apps_python_339,l2h14_lead_k_centered,-0.9999180734157562,0.9998252391815186,-1.9997433125972748,False
apps_python_339,l2h14_z_centered,-0.8145774304866791,0.7989621162414551,-1.6135395467281342,False
apps_python_339,mlp11_out_centered,0.07105344347655773,-0.18047665432095528,0.251530097797513,True
codecontests_cpp_339,l2h14_lead_k,0.8966465592384338,0.9999952614307404,-0.10334870219230652,False
codecontests_cpp_339,l2h14_z,0.9335399270057678,0.9934256970882416,-0.059885770082473755,False
codecontests_cpp_339,mlp11_out,0.9928290843963623,0.9888757765293121,0.003953307867050171,True
codecontests_cpp_339,l2h14_lead_k_centered,-0.9999528527259827,0.9999015033245087,-1.9998543560504913,False
codecontests_cpp_339,l2h14_z_centered,-0.8639696538448334,0.8533864915370941,-1.7173561453819275,False
codecontests_cpp_339,mlp11_out_centered,0.19527432322502136,-0.3159678429365158,0.5112421661615372,True
codecontests_java_339,l2h14_lead_k,0.8965784907341003,1.0000000298023224,-0.10342153906822205,False
codecontests_java_339,l2h14_z,0.9439408183097839,0.9960700869560242,-0.052129268646240234,False
codecontests_java_339,mlp11_out,0.9916941225528717,0.9842316508293152,0.0074624717235565186,True
codecontests_java_339,l2h14_lead_k_centered,-1.0000001192092896,1.0000001192092896,-2.000000238418579,False
codecontests_java_339,l2h14_z_centered,-0.9029776751995087,0.8920465409755707,-1.7950242161750793,False
codecontests_java_339,mlp11_out_centered,0.30855855345726013,-0.4425867050886154,0.7511452585458755,True
apps_python_340,l2h14_lead_k,0.8966465592384338,0.9999952614307404,-0.10334870219230652,False
apps_python_340,l2h14_z,0.9481354057788849,0.9945554733276367,-0.04642006754875183,False
apps_python_340,mlp11_out,0.9899997115135193,0.9862761497497559,0.0037235617637634277,True
apps_python_340,l2h14_lead_k_centered,-0.9999528527259827,0.9999015033245087,-1.9998543560504913,False
apps_python_340,l2h14_z_centered,-0.8421613872051239,0.8342827558517456,-1.6764441430568695,False
apps_python_340,mlp11_out_centered,0.11665798164904118,-0.23787511140108109,0.35453309305012226,True
codecontests_cpp_340,l2h14_lead_k,0.8965784907341003,1.0000000298023224,-0.10342153906822205,False
codecontests_cpp_340,l2h14_z,0.953972578048706,0.9954912960529327,-0.041518718004226685,False
codecontests_cpp_340,mlp11_out,0.9931497573852539,0.9909111261367798,0.002238631248474121,True
codecontests_cpp_340,l2h14_lead_k_centered,-1.0000001192092896,1.0000001192092896,-2.000000238418579,False
codecontests_cpp_340,l2h14_z_centered,-0.8619171380996704,0.8519325256347656,-1.713849663734436,False
codecontests_cpp_340,mlp11_out_centered,0.11430673860013485,-0.22356324642896652,0.33786998502910137,True
codecontests_java_340,l2h14_lead_k,0.8966465592384338,0.9999952614307404,-0.10334870219230652,False
codecontests_java_340,l2h14_z,0.955140084028244,0.9965696334838867,-0.0414295494556427,False
codecontests_java_340,mlp11_out,0.9923821687698364,0.9865620136260986,0.005820155143737793,True
codecontests_java_340,l2h14_lead_k_centered,-0.9999528527259827,0.9999015033245087,-1.9998543560504913,False
codecontests_java_340,l2h14_z_centered,-0.8938217759132385,0.8860585987567902,-1.7798803746700287,False
codecontests_java_340,mlp11_out_centered,0.25778529047966003,-0.3733453154563904,0.6311306059360504,True
apps_python_341,l2h14_lead_k,0.8966465592384338,0.9999952614307404,-0.10334870219230652,False
apps_python_341,l2h14_z,0.951828807592392,0.9949068427085876,-0.04307803511619568,False
apps_python_341,mlp11_out,0.9921946823596954,0.9911621809005737,0.001032501459121704,True
apps_python_341,l2h14_lead_k_centered,-0.9999528527259827,0.9999015033245087,-1.9998543560504913,False
apps_python_341,l2h14_z_centered,-0.8362748920917511,0.828079879283905,-1.6643547713756561,False
apps_python_341,mlp11_out_centered,-0.011774268001317978,-0.12724073231220245,0.11546646431088448,True
codecontests_cpp_341,l2h14_lead_k,0.8965784907341003,1.0000000298023224,-0.10342153906822205,False
codecontests_cpp_341,l2h14_z,0.9428820908069611,0.9935285151004791,-0.050646424293518066,False
codecontests_cpp_341,mlp11_out,0.9930977523326874,0.9915507137775421,0.0015470385551452637,True
codecontests_cpp_341,l2h14_lead_k_centered,-1.0000001192092896,1.0000001192092896,-2.000000238418579,False
codecontests_cpp_341,l2h14_z_centered,-0.8335959017276764,0.8256244361400604,-1.6592203378677368,False
codecontests_cpp_341,mlp11_out_centered,0.048126935958862305,-0.18522949144244194,0.23335642740130424,True
codecontests_java_341,l2h14_lead_k,0.8966465592384338,0.9999952614307404,-0.10334870219230652,False
codecontests_java_341,l2h14_z,0.943920910358429,0.9954236149787903,-0.05150270462036133,False
codecontests_java_341,mlp11_out,0.9904686808586121,0.9848035275936127,0.00566515326499939,True
codecontests_java_341,l2h14_lead_k_centered,-0.9999528527259827,0.9999015033245087,-1.9998543560504913,False
codecontests_java_341,l2h14_z_centered,-0.8852422833442688,0.879265308380127,-1.7645075917243958,False
codecontests_java_341,mlp11_out_centered,0.21285218745470047,-0.337649941444397,0.5505021288990974,True
apps_python_342,l2h14_lead_k,0.8966465592384338,0.9999952614307404,-0.10334870219230652,False
apps_python_342,l2h14_z,0.9453368782997131,0.9930825531482697,-0.04774567484855652,False
apps_python_342,mlp11_out,0.9917683005332947,0.9878888428211212,0.003879457712173462,True
apps_python_342,l2h14_lead_k_centered,-0.9999528527259827,0.9999015033245087,-1.9998543560504913,False
apps_python_342,l2h14_z_centered,-0.8040697872638702,0.7982954382896423,-1.6023652255535126,False
apps_python_342,mlp11_out_centered,0.1547112539410591,-0.2622103989124298,0.4169216528534889,True
codecontests_cpp_342,l2h14_lead_k,0.8965784907341003,1.0000000298023224,-0.10342153906822205,False
codecontests_cpp_342,l2h14_z,0.9407130777835846,0.9934452474117279,-0.05273216962814331,False
codecontests_cpp_342,mlp11_out,0.9929641485214233,0.9909821152687073,0.0019820332527160645,True
codecontests_cpp_342,l2h14_lead_k_centered,-1.0000001192092896,1.0000001192092896,-2.000000238418579,False
codecontests_cpp_342,l2h14_z_centered,-0.834558367729187,0.8275980949401855,-1.6621564626693726,False
codecontests_cpp_342,mlp11_out_centered,0.08905435912311077,-0.20589226484298706,0.29494662396609783,True
codecontests_java_342,l2h14_lead_k,0.8966465592384338,0.9999952614307404,-0.10334870219230652,False
codecontests_java_342,l2h14_z,0.9448575675487518,0.9967291951179504,-0.05187162756919861,False
codecontests_java_342,mlp11_out,0.9919040501117706,0.98615562915802,0.00574842095375061,True
codecontests_java_342,l2h14_lead_k_centered,-0.9999528527259827,0.9999015033245087,-1.9998543560504913,False
codecontests_java_342,l2h14_z_centered,-0.9227067530155182,0.9158526062965393,-1.8385593593120575,False
codecontests_java_342,mlp11_out_centered,0.22510221600532532,-0.35932756960392,0.5844297856092453,True
apps_python_343,l2h14_lead_k,0.8966465592384338,0.9999952614307404,-0.10334870219230652,False
apps_python_343,l2h14_z,0.9501669704914093,0.9966231286525726,-0.04645615816116333,False
apps_python_343,mlp11_out,0.9922215342521667,0.9903850257396698,0.0018365085124969482,True
apps_python_343,l2h14_lead_k_centered,-0.9999528527259827,0.9999015033245087,-1.9998543560504913,False
apps_python_343,l2h14_z_centered,-0.8858339786529541,0.8781185746192932,-1.7639525532722473,False
apps_python_343,mlp11_out_centered,0.06872192025184631,-0.18442536145448685,0.25314728170633316,True
codecontests_cpp_343,l2h14_lead_k,0.8965784907341003,1.0000000298023224,-0.10342153906822205,False
codecontests_cpp_343,l2h14_z,0.94330033659935,0.9930789470672607,-0.04977861046791077,False
codecontests_cpp_343,mlp11_out,0.9926875531673431,0.9922097325325012,0.00047782063484191895,True
codecontests_cpp_343,l2h14_lead_k_centered,-1.0000001192092896,1.0000001192092896,-2.000000238418579,False
codecontests_cpp_343,l2h14_z_centered,-0.8222483098506927,0.8141314387321472,-1.63637974858284,False
codecontests_cpp_343,mlp11_out_centered,-0.036825522780418396,-0.10682982951402664,0.07000430673360825,True
codecontests_java_343,l2h14_lead_k,0.8966465592384338,0.9999952614307404,-0.10334870219230652,False
codecontests_java_343,l2h14_z,0.9525683224201202,0.9964230358600616,-0.043854713439941406,False
codecontests_java_343,mlp11_out,0.992827296257019,0.9891420602798462,0.0036852359771728516,True
codecontests_java_343,l2h14_lead_k_centered,-0.9999528527259827,0.9999015033245087,-1.9998543560504913,False
codecontests_java_343,l2h14_z_centered,-0.9013445377349854,0.8928104043006897,-1.794154942035675,False
codecontests_java_343,mlp11_out_centered,0.1581205353140831,-0.30726358294487,0.4653841182589531,True
apps_python_344,l2h14_lead_k,0.8965784907341003,1.0000000298023224,-0.10342153906822205,False
apps_python_344,l2h14_z,0.9543266296386719,0.9963149428367615,-0.0419883131980896,False
apps_python_344,mlp11_out,0.991734653711319,0.9907330274581909,0.0010016262531280518,True
apps_python_344,l2h14_lead_k_centered,-1.0000001192092896,1.0000001192092896,-2.000000238418579,False
apps_python_344,l2h14_z_centered,-0.8764994144439697,0.8671029806137085,-1.7436023950576782,False
apps_python_344,mlp11_out_centered,-0.014807207509875298,-0.09939214587211609,0.08458493836224079,True
codecontests_cpp_344,l2h14_lead_k,0.8966465592384338,0.9999952614307404,-0.10334870219230652,False
codecontests_cpp_344,l2h14_z,0.9503957033157349,0.9949834644794464,-0.04458776116371155,False
codecontests_cpp_344,mlp11_out,0.9937426447868347,0.9925640523433685,0.0011785924434661865,True
codecontests_cpp_344,l2h14_lead_k_centered,-0.9999528527259827,0.9999015033245087,-1.9998543560504913,False
codecontests_cpp_344,l2h14_z_centered,-0.8647418916225433,0.8582600951194763,-1.7230019867420197,False
codecontests_cpp_344,mlp11_out_centered,0.007863260805606842,-0.1607048325240612,0.16856809332966805,True
codecontests_java_344,l2h14_lead_k,0.8967146277427673,1.0000001192092896,-0.10328549146652222,False
codecontests_java_344,l2h14_z,0.9537327289581299,0.9963651597499847,-0.04263243079185486,False
codecontests_java_344,mlp11_out,0.9919009804725647,0.9884920716285706,0.0034089088439941406,True
codecontests_java_344,l2h14_lead_k_centered,-1.000000238418579,1.000000238418579,-2.000000476837158,False
codecontests_java_344,l2h14_z_centered,-0.8988977670669556,0.8917163014411926,-1.7906140685081482,False
codecontests_java_344,mlp11_out_centered,0.12673761136829853,-0.2919333502650261,0.4186709616333246,True
apps_python_345,l2h14_lead_k,0.8965784907341003,1.0000000298023224,-0.10342153906822205,False
apps_python_345,l2h14_z,0.9475363492965698,0.9963875710964203,-0.048851221799850464,False
apps_python_345,mlp11_out,0.9919116199016571,0.989480584859848,0.002431035041809082,True
apps_python_345,l2h14_lead_k_centered,-1.0000001192092896,1.0000001192092896,-2.000000238418579,False
apps_python_345,l2h14_z_centered,-0.8804086148738861,0.8726652562618256,-1.7530738711357117,False
apps_python_345,mlp11_out_centered,0.09021997638046741,-0.20797942206263542,0.29819939844310284,True
codecontests_java_345,l2h14_lead_k,0.8967214822769165,0.9999920129776001,-0.1032705307006836,False
codecontests_java_345,l2h14_z,0.9515894651412964,0.9966142773628235,-0.0450248122215271,False
codecontests_java_345,mlp11_out,0.9917717576026917,0.9883353412151337,0.0034364163875579834,True
codecontests_java_345,l2h14_lead_k_centered,-0.99991375207901,0.9998371601104736,-1.9997509121894836,False
codecontests_java_345,l2h14_z_centered,-0.9023107588291168,0.8957960903644562,-1.798106849193573,False
codecontests_java_345,mlp11_out_centered,0.1318241022527218,-0.2762948051095009,0.40811890736222267,True
apps_python_346,l2h14_lead_k,0.8966465592384338,0.9999952614307404,-0.10334870219230652,False
apps_python_346,l2h14_z,0.9511320888996124,0.9962789118289948,-0.045146822929382324,False
apps_python_346,mlp11_out,0.9919333159923553,0.9900741577148438,0.0018591582775115967,True
apps_python_346,l2h14_lead_k_centered,-0.9999528527259827,0.9999015033245087,-1.9998543560504913,False
apps_python_346,l2h14_z_centered,-0.8803887963294983,0.8734056651592255,-1.7537944614887238,False
apps_python_346,mlp11_out_centered,0.04881503037177026,-0.17598895728588104,0.2248039876576513,True
codecontests_cpp_346,l2h14_lead_k,0.8965784907341003,1.0000000298023224,-0.10342153906822205,False
codecontests_cpp_346,l2h14_z,0.9437938034534454,0.9948444366455078,-0.05105063319206238,False
codecontests_cpp_346,mlp11_out,0.994288295507431,0.9909612536430359,0.0033270418643951416,True
codecontests_cpp_346,l2h14_lead_k_centered,-1.0000001192092896,1.0000001192092896,-2.000000238418579,False
codecontests_cpp_346,l2h14_z_centered,-0.8634433746337891,0.8567163646221161,-1.7201597392559052,False
codecontests_cpp_346,mlp11_out_centered,0.198644258081913,-0.33534759283065796,0.533991850912571,True
codecontests_java_346,l2h14_lead_k,0.8966465592384338,0.9999952614307404,-0.10334870219230652,False
codecontests_java_346,l2h14_z,0.9440690577030182,0.9960545301437378,-0.051985472440719604,False
codecontests_java_346,mlp11_out,0.9921878576278687,0.986039787530899,0.0061480700969696045,True
codecontests_java_346,l2h14_lead_k_centered,-0.9999528527259827,0.9999015033245087,-1.9998543560504913,False
codecontests_java_346,l2h14_z_centered,-0.9044805765151978,0.8968243896961212,-1.801304966211319,False
codecontests_java_346,mlp11_out_centered,0.26405832171440125,-0.4047408401966095,0.6687991619110107,True
apps_python_347,l2h14_lead_k,0.8965784907341003,1.0000000298023224,-0.10342153906822205,False
apps_python_347,l2h14_z,0.9494903087615967,0.9956215023994446,-0.0461311936378479,False
apps_python_347,mlp11_out,0.990789383649826,0.9873592555522919,0.0034301280975341797,True
apps_python_347,l2h14_lead_k_centered,-1.0000001192092896,1.0000001192092896,-2.000000238418579,False
apps_python_347,l2h14_z_centered,-0.8772876262664795,0.8709039092063904,-1.7481915354728699,False
apps_python_347,mlp11_out_centered,0.09645644575357437,-0.2368370145559311,0.33329346030950546,True
codecontests_cpp_347,l2h14_lead_k,0.8968112468719482,1.0,-0.10318875312805176,False
codecontests_cpp_347,l2h14_z,0.9271456003189087,0.9933964610099792,-0.06625086069107056,False
codecontests_cpp_347,mlp11_out,0.9932352304458618,0.9910604953765869,0.0021747350692749023,True
codecontests_cpp_347,l2h14_lead_k_centered,-1.0,1.0,-2.0,False
codecontests_cpp_347,l2h14_z_centered,-0.8756778836250305,0.8679530620574951,-1.7436309456825256,False
codecontests_cpp_347,mlp11_out_centered,0.09176245704293251,-0.20175688713788986,0.2935193441808224,True
codecontests_java_347,l2h14_lead_k,0.8966465592384338,0.9999952614307404,-0.10334870219230652,False
codecontests_java_347,l2h14_z,0.9486848711967468,0.9963509738445282,-0.04766610264778137,False
codecontests_java_347,mlp11_out,0.9914221465587616,0.9875296354293823,0.0038925111293792725,True
codecontests_java_347,l2h14_lead_k_centered,-0.9999528527259827,0.9999015033245087,-1.9998543560504913,False
codecontests_java_347,l2h14_z_centered,-0.8944405615329742,0.8861663341522217,-1.780606895685196,False
codecontests_java_347,mlp11_out_centered,0.11797165311872959,-0.2948107346892357,0.4127823878079653,True
apps_python_348,l2h14_lead_k,0.8968112468719482,1.0,-0.10318875312805176,False
apps_python_348,l2h14_z,0.9478302896022797,0.9966793358325958,-0.04884904623031616,False
apps_python_348,mlp11_out,0.9904120862483978,0.9882665574550629,0.002145528793334961,True
apps_python_348,l2h14_lead_k_centered,-1.0,1.0,-2.0,False
apps_python_348,l2h14_z_centered,-0.9070751368999481,0.9018872082233429,-1.808962345123291,False
apps_python_348,mlp11_out_centered,0.04557861015200615,-0.16703538596630096,0.2126139961183071,True
codecontests_java_348,l2h14_lead_k,0.8966465592384338,0.9999952614307404,-0.10334870219230652,False
codecontests_java_348,l2h14_z,0.9511883556842804,0.996244341135025,-0.04505598545074463,False
codecontests_java_348,mlp11_out,0.9912401437759399,0.9856975674629211,0.005542576313018799,True
codecontests_java_348,l2h14_lead_k_centered,-0.9999528527259827,0.9999015033245087,-1.9998543560504913,False
codecontests_java_348,l2h14_z_centered,-0.8998454213142395,0.8923783600330353,-1.7922237813472748,False
codecontests_java_348,mlp11_out_centered,0.20486281346529722,-0.3462657704949379,0.5511285839602351,True
apps_python_349,l2h14_lead_k,0.8968112468719482,1.0,-0.10318875312805176,False
apps_python_349,l2h14_z,0.9473491907119751,0.9968502223491669,-0.04950103163719177,False
apps_python_349,mlp11_out,0.9898924231529236,0.987949937582016,0.0019424855709075928,True
apps_python_349,l2h14_lead_k_centered,-1.0,1.0,-2.0,False
apps_python_349,l2h14_z_centered,-0.9120566248893738,0.9067865610122681,-1.8188431859016418,False
apps_python_349,mlp11_out_centered,0.040615071542561054,-0.14919278770685196,0.189807859249413,True
codecontests_cpp_349,l2h14_lead_k,0.8966465592384338,0.9999952614307404,-0.10334870219230652,False
codecontests_cpp_349,l2h14_z,0.9422816634178162,0.9939672350883484,-0.05168557167053223,False
codecontests_cpp_349,mlp11_out,0.9936769604682922,0.9928023815155029,0.0008745789527893066,True
codecontests_cpp_349,l2h14_lead_k_centered,-0.9999528527259827,0.9999015033245087,-1.9998543560504913,False
codecontests_cpp_349,l2h14_z_centered,-0.8481593132019043,0.8409505486488342,-1.6891098618507385,False
codecontests_cpp_349,mlp11_out_centered,0.024501968175172806,-0.13714532181620598,0.16164728999137878,True
codecontests_java_349,l2h14_lead_k,0.8965784907341003,1.0000000298023224,-0.10342153906822205,False
codecontests_java_349,l2h14_z,0.9470554888248444,0.9969969987869263,-0.04994150996208191,False
codecontests_java_349,mlp11_out,0.9925397038459778,0.9881234467029572,0.00441625714302063,True
codecontests_java_349,l2h14_lead_k_centered,-1.0000001192092896,1.0000001192092896,-2.000000238418579,False
codecontests_java_349,l2h14_z_centered,-0.9181172847747803,0.9113864302635193,-1.8295037150382996,False
codecontests_java_349,mlp11_out_centered,0.21341926604509354,-0.34756600856781006,0.5609852746129036,True
apps_python_350,l2h14_lead_k,0.8966465592384338,0.9999952614307404,-0.10334870219230652,False
apps_python_350,l2h14_z,0.947858452796936,0.9955933690071106,-0.04773491621017456,False
apps_python_350,mlp11_out,0.9917716085910797,0.98834028840065,0.0034313201904296875,True
apps_python_350,l2h14_lead_k_centered,-0.9999528527259827,0.9999015033245087,-1.9998543560504913,False
apps_python_350,l2h14_z_centered,-0.8811305165290833,0.872889518737793,-1.7540200352668762,False
apps_python_350,mlp11_out_centered,0.11830798117443919,-0.23525772988796234,0.35356571106240153,True
codecontests_java_350,l2h14_lead_k,0.8966465592384338,0.9999952614307404,-0.10334870219230652,False
codecontests_java_350,l2h14_z,0.942730188369751,0.9958449900150299,-0.05311480164527893,False
codecontests_java_350,mlp11_out,0.9923921525478363,0.9870581030845642,0.005334049463272095,True
codecontests_java_350,l2h14_lead_k_centered,-0.9999528527259827,0.9999015033245087,-1.9998543560504913,False
codecontests_java_350,l2h14_z_centered,-0.8965741693973541,0.8853259384632111,-1.7819001078605652,False
codecontests_java_350,mlp11_out_centered,0.2536032795906067,-0.38371285796165466,0.6373161375522614,True
apps_python_351,l2h14_lead_k,0.8966465592384338,0.9999952614307404,-0.10334870219230652,False
apps_python_351,l2h14_z,0.9501534402370453,0.9953659474849701,-0.045212507247924805,False
apps_python_351,mlp11_out,0.9924058318138123,0.9898717701435089,0.0025340616703033447,True
apps_python_351,l2h14_lead_k_centered,-0.9999528527259827,0.9999015033245087,-1.9998543560504913,False
apps_python_351,l2h14_z_centered,-0.8715007901191711,0.865275502204895,-1.7367762923240662,False
apps_python_351,mlp11_out_centered,0.08908476494252682,-0.2147856429219246,0.3038704078644514,True
apps_python_352,l2h14_lead_k,0.8965784907341003,1.0000000298023224,-0.10342153906822205,False
apps_python_352,l2h14_z,0.9467050135135651,0.9942993819713593,-0.04759436845779419,False
apps_python_352,mlp11_out,0.9913986325263977,0.9885599911212921,0.002838641405105591,True
apps_python_352,l2h14_lead_k_centered,-1.0000001192092896,1.0000001192092896,-2.000000238418579,False
apps_python_352,l2h14_z_centered,-0.8278818726539612,0.8226695656776428,-1.650551438331604,False
apps_python_352,mlp11_out_centered,0.08545985526870936,-0.20643720775842667,0.29189706302713603,True
apps_python_353,l2h14_lead_k,0.8965784907341003,1.0000000298023224,-0.10342153906822205,False
apps_python_353,l2h14_z,0.952107697725296,0.9961112439632416,-0.04400354623794556,False
apps_python_353,mlp11_out,0.9923051595687866,0.9898990988731384,0.0024060606956481934,True
apps_python_353,l2h14_lead_k_centered,-1.0000001192092896,1.0000001192092896,-2.000000238418579,False
apps_python_353,l2h14_z_centered,-0.8769958317279816,0.8666452467441559,-1.7436410784721375,False
apps_python_353,mlp11_out_centered,0.07764358073472977,-0.21395711600780487,0.29160069674253464,True
codecontests_java_353,l2h14_lead_k,0.8966465592384338,0.9999952614307404,-0.10334870219230652,False
codecontests_java_353,l2h14_z,0.9469632804393768,0.9959762692451477,-0.049012988805770874,False
codecontests_java_353,mlp11_out,0.9923257231712341,0.9900348484516144,0.002290874719619751,True
codecontests_java_353,l2h14_lead_k_centered,-0.9999528527259827,0.9999015033245087,-1.9998543560504913,False
codecontests_java_353,l2h14_z_centered,-0.885759562253952,0.8783299922943115,-1.7640895545482635,False
codecontests_java_353,mlp11_out_centered,0.07423958368599415,-0.20362334698438644,0.2778629306703806,True
apps_python_354,l2h14_lead_k,0.8967214822769165,0.9999920129776001,-0.1032705307006836,False
apps_python_354,l2h14_z,0.9501618146896362,0.9963679611682892,-0.046206146478652954,False
apps_python_354,mlp11_out,0.9900967180728912,0.987041175365448,0.0030555427074432373,True
apps_python_354,l2h14_lead_k_centered,-0.99991375207901,0.9998371601104736,-1.9997509121894836,False
apps_python_354,l2h14_z_centered,-0.8885493576526642,0.8826818466186523,-1.7712312042713165,False
apps_python_354,mlp11_out_centered,0.07205856777727604,-0.22284900397062302,0.29490757174789906,True
codecontests_cpp_354,l2h14_lead_k,0.8966465592384338,0.9999952614307404,-0.10334870219230652,False
codecontests_cpp_354,l2h14_z,0.9394681751728058,0.9941315650939941,-0.054663389921188354,False
codecontests_cpp_354,mlp11_out,0.9924533665180206,0.9916164875030518,0.0008368790149688721,True
codecontests_cpp_354,l2h14_lead_k_centered,-0.9999528527259827,0.9999015033245087,-1.9998543560504913,False
codecontests_cpp_354,l2h14_z_centered,-0.8564469218254089,0.8491610288619995,-1.7056079506874084,False
codecontests_cpp_354,mlp11_out_centered,-0.0234522745013237,-0.09906404837965965,0.07561177387833595,True
codecontests_java_354,l2h14_lead_k,0.896519660949707,0.9999968111515045,-0.10347715020179749,False
codecontests_java_354,l2h14_z,0.9508235156536102,0.9925881028175354,-0.04176458716392517,False
codecontests_java_354,mlp11_out,0.9918318390846252,0.9871941804885864,0.004637658596038818,True
codecontests_java_354,l2h14_lead_k_centered,-0.9999721050262451,0.9999381899833679,-1.999910295009613,False
codecontests_java_354,l2h14_z_centered,-0.8041606247425079,0.7909194231033325,-1.5950800478458405,False
codecontests_java_354,mlp11_out_centered,0.20258767902851105,-0.35445229709148407,0.5570399761199951,True
apps_python_355,l2h14_lead_k,0.8967214822769165,0.9999920129776001,-0.1032705307006836,False
apps_python_355,l2h14_z,0.9511959552764893,0.9964549839496613,-0.045259028673172,False
apps_python_355,mlp11_out,0.991068035364151,0.9889703392982483,0.00209769606590271,True
apps_python_355,l2h14_lead_k_centered,-0.99991375207901,0.9998371601104736,-1.9997509121894836,False
apps_python_355,l2h14_z_centered,-0.8881353139877319,0.8814913034439087,-1.7696266174316406,False
apps_python_355,mlp11_out_centered,0.040657537057995796,-0.1733538657426834,0.2140114028006792,True
codecontests_java_355,l2h14_lead_k,0.8965784907341003,1.0000000298023224,-0.10342153906822205,False
codecontests_java_355,l2h14_z,0.9475801587104797,0.9960410892963409,-0.048460930585861206,False
codecontests_java_355,mlp11_out,0.9920842945575714,0.985710620880127,0.006373673677444458,True
codecontests_java_355,l2h14_lead_k_centered,-1.0000001192092896,1.0000001192092896,-2.000000238418579,False
codecontests_java_355,l2h14_z_centered,-0.8881346583366394,0.8826769292354584,-1.7708115875720978,False
codecontests_java_355,mlp11_out_centered,0.28141552954912186,-0.411868691444397,0.6932842209935188,True
apps_python_356,l2h14_lead_k,0.8967146277427673,1.0000001192092896,-0.10328549146652222,False
apps_python_356,l2h14_z,0.9501051306724548,0.9954183995723724,-0.0453132688999176,False
apps_python_356,mlp11_out,0.9923689663410187,0.9881752133369446,0.004193753004074097,True
apps_python_356,l2h14_lead_k_centered,-1.000000238418579,1.000000238418579,-2.000000476837158,False
apps_python_356,l2h14_z_centered,-0.8667392432689667,0.8604614436626434,-1.72720068693161,False
apps_python_356,mlp11_out_centered,0.1791372448205948,-0.3000696673989296,0.4792069122195244,True
codecontests_java_356,l2h14_lead_k,0.8966465592384338,0.9999952614307404,-0.10334870219230652,False
codecontests_java_356,l2h14_z,0.9508498907089233,0.9965448379516602,-0.045694947242736816,False
codecontests_java_356,mlp11_out,0.9916675686836243,0.9874580204486847,0.004209548234939575,True
codecontests_java_356,l2h14_lead_k_centered,-0.9999528527259827,0.9999015033245087,-1.9998543560504913,False
codecontests_java_356,l2h14_z_centered,-0.909487247467041,0.90284264087677,-1.812329888343811,False
codecontests_java_356,mlp11_out_centered,0.15980904921889305,-0.29780538380146027,0.4576144330203533,True
apps_python_357,l2h14_lead_k,0.8965784907341003,1.0000000298023224,-0.10342153906822205,False
apps_python_357,l2h14_z,0.9537075161933899,0.996127188205719,-0.0424196720123291,False
apps_python_357,mlp11_out,0.9925235211849213,0.9915377199649811,0.0009858012199401855,True
apps_python_357,l2h14_lead_k_centered,-1.0000001192092896,1.0000001192092896,-2.000000238418579,False
apps_python_357,l2h14_z_centered,-0.8745541572570801,0.8629761636257172,-1.7375303208827972,False
apps_python_357,mlp11_out_centered,0.019410349428653717,-0.13374140858650208,0.1531517580151558,True
codecontests_cpp_357,l2h14_lead_k,0.8966465592384338,0.9999952614307404,-0.10334870219230652,False
codecontests_cpp_357,l2h14_z,0.9469551742076874,0.9945202171802521,-0.0475650429725647,False
codecontests_cpp_357,mlp11_out,0.99311763048172,0.9923305213451385,0.0007871091365814209,True
codecontests_cpp_357,l2h14_lead_k_centered,-0.9999528527259827,0.9999015033245087,-1.9998543560504913,False
codecontests_cpp_357,l2h14_z_centered,-0.8578958809375763,0.8504801094532013,-1.7083759903907776,False
codecontests_cpp_357,mlp11_out_centered,-0.001945197582244873,-0.1379491090774536,0.13600391149520874,True
codecontests_java_357,l2h14_lead_k,0.8967639803886414,0.9999963045120239,-0.10323232412338257,False
codecontests_java_357,l2h14_z,0.9530796408653259,0.9924127757549286,-0.03933313488960266,False
codecontests_java_357,mlp11_out,0.9912972152233124,0.9871405959129333,0.004156619310379028,True
codecontests_java_357,l2h14_lead_k_centered,-0.999972403049469,0.9999253749847412,-1.9998977780342102,False
codecontests_java_357,l2h14_z_centered,-0.7764528691768646,0.7583647072315216,-1.5348175764083862,False
codecontests_java_357,mlp11_out_centered,0.1649244762957096,-0.3159332126379013,0.4808576889336109,True
codecontests_cpp_358,l2h14_lead_k,0.8966465592384338,0.9999952614307404,-0.10334870219230652,False
codecontests_cpp_358,l2h14_z,0.9451647400856018,0.9944475889205933,-0.049282848834991455,False
codecontests_cpp_358,mlp11_out,0.9929067492485046,0.9916331768035889,0.0012735724449157715,True
codecontests_cpp_358,l2h14_lead_k_centered,-0.9999528527259827,0.9999015033245087,-1.9998543560504913,False
codecontests_cpp_358,l2h14_z_centered,-0.8514905273914337,0.8441227972507477,-1.6956133246421814,False
codecontests_cpp_358,mlp11_out_centered,0.02889223862439394,-0.14995453506708145,0.1788467736914754,True
codecontests_java_358,l2h14_lead_k,0.8968112468719482,1.0,-0.10318875312805176,False
codecontests_java_358,l2h14_z,0.9355499744415283,0.9951689839363098,-0.059619009494781494,False
codecontests_java_358,mlp11_out,0.9927440881729126,0.9893203973770142,0.0034236907958984375,True
codecontests_java_358,l2h14_lead_k_centered,-1.0,1.0,-2.0,False
codecontests_java_358,l2h14_z_centered,-0.9032447636127472,0.894595742225647,-1.7978405058383942,False
codecontests_java_358,mlp11_out_centered,0.13225920125842094,-0.2794727310538292,0.41173193231225014,True
apps_python_359,l2h14_lead_k,0.8966465592384338,0.9999952614307404,-0.10334870219230652,False
apps_python_359,l2h14_z,0.9506316483020782,0.9950889348983765,-0.04445728659629822,False
apps_python_359,mlp11_out,0.9925606548786163,0.989273726940155,0.0032869279384613037,True
apps_python_359,l2h14_lead_k_centered,-0.9999528527259827,0.9999015033245087,-1.9998543560504913,False
apps_python_359,l2h14_z_centered,-0.8620197474956512,0.8549093306064606,-1.7169290781021118,False
apps_python_359,mlp11_out_centered,0.1171052847057581,-0.27824702113866806,0.39535230584442616,True
codecontests_java_359,l2h14_lead_k,0.8967146277427673,1.0000001192092896,-0.10328549146652222,False
codecontests_java_359,l2h14_z,0.949079692363739,0.9964739680290222,-0.0473942756652832,False
codecontests_java_359,mlp11_out,0.9916264712810516,0.9856081604957581,0.006018310785293579,True
codecontests_java_359,l2h14_lead_k_centered,-1.000000238418579,1.000000238418579,-2.000000476837158,False
codecontests_java_359,l2h14_z_centered,-0.9085261523723602,0.9008708298206329,-1.8093969821929932,False
codecontests_java_359,mlp11_out_centered,0.2376597374677658,-0.36941757798194885,0.6070773154497147,True
apps_python_360,l2h14_lead_k,0.8966465592384338,0.9999952614307404,-0.10334870219230652,False
apps_python_360,l2h14_z,0.951265275478363,0.9951066672801971,-0.043841391801834106,False
apps_python_360,mlp11_out,0.9923582077026367,0.9902777075767517,0.0020805001258850098,True
apps_python_360,l2h14_lead_k_centered,-0.9999528527259827,0.9999015033245087,-1.9998543560504913,False
apps_python_360,l2h14_z_centered,-0.8542793989181519,0.8456717133522034,-1.6999511122703552,False
apps_python_360,mlp11_out_centered,0.06952000362798572,-0.1850811317563057,0.2546011353842914,True
codecontests_cpp_360,l2h14_lead_k,0.8965784907341003,1.0000000298023224,-0.10342153906822205,False
codecontests_cpp_360,l2h14_z,0.9480530023574829,0.9950915575027466,-0.04703855514526367,False
codecontests_cpp_360,mlp11_out,0.9935466647148132,0.9918370544910431,0.0017096102237701416,True
codecontests_cpp_360,l2h14_lead_k_centered,-1.0000001192092896,1.0000001192092896,-2.000000238418579,False
codecontests_cpp_360,l2h14_z_centered,-0.863539308309555,0.8545517921447754,-1.7180911004543304,False
codecontests_cpp_360,mlp11_out_centered,0.07274070009589195,-0.20466973260045052,0.27741043269634247,True
codecontests_java_360,l2h14_lead_k,0.8966465592384338,0.9999952614307404,-0.10334870219230652,False
codecontests_java_360,l2h14_z,0.9499468207359314,0.9965111613273621,-0.046564340591430664,False
codecontests_java_360,mlp11_out,0.9925607740879059,0.9864636957645416,0.006097078323364258,True
codecontests_java_360,l2h14_lead_k_centered,-0.9999528527259827,0.9999015033245087,-1.9998543560504913,False
codecontests_java_360,l2h14_z_centered,-0.9019242823123932,0.8954421281814575,-1.7973664104938507,False
codecontests_java_360,mlp11_out_centered,0.28062092512845993,-0.3938485234975815,0.6744694486260414,True
apps_python_361,l2h14_lead_k,0.8967868685722351,0.9999926090240479,-0.10320574045181274,False
apps_python_361,l2h14_z,0.9513098299503326,0.9954412579536438,-0.04413142800331116,False
apps_python_361,mlp11_out,0.9908986687660217,0.9886833429336548,0.0022153258323669434,True
apps_python_361,l2h14_lead_k_centered,-0.9999180734157562,0.9998252391815186,-1.9997433125972748,False
apps_python_361,l2h14_z_centered,-0.8532034158706665,0.8458865582942963,-1.6990899741649628,False
apps_python_361,mlp11_out_centered,0.09436153341084719,-0.21029165387153625,0.30465318728238344,True
codecontests_cpp_361,l2h14_lead_k,0.8966465592384338,0.9999952614307404,-0.10334870219230652,False
codecontests_cpp_361,l2h14_z,0.9406506419181824,0.9939030408859253,-0.05325239896774292,False
codecontests_cpp_361,mlp11_out,0.9923531115055084,0.990513265132904,0.0018398463726043701,True
codecontests_cpp_361,l2h14_lead_k_centered,-0.9999528527259827,0.9999015033245087,-1.9998543560504913,False
codecontests_cpp_361,l2h14_z_centered,-0.854398787021637,0.8457515239715576,-1.7001503109931946,False
codecontests_cpp_361,mlp11_out_centered,0.05067318119108677,-0.19145813584327698,0.24213131703436375,True
codecontests_java_361,l2h14_lead_k,0.8965784907341003,1.0000000298023224,-0.10342153906822205,False
codecontests_java_361,l2h14_z,0.9512282311916351,0.9970157146453857,-0.04578748345375061,False
codecontests_java_361,mlp11_out,0.9909992516040802,0.9877337515354156,0.0032655000686645508,True
codecontests_java_361,l2h14_lead_k_centered,-1.0000001192092896,1.0000001192092896,-2.000000238418579,False
codecontests_java_361,l2h14_z_centered,-0.9138672053813934,0.9047329127788544,-1.8186001181602478,False
codecontests_java_361,mlp11_out_centered,0.11628784984350204,-0.26657330989837646,0.3828611597418785,True
apps_python_362,l2h14_lead_k,0.8965784907341003,1.0000000298023224,-0.10342153906822205,False
apps_python_362,l2h14_z,0.9484232366085052,0.9954562783241272,-0.04703304171562195,False
apps_python_362,mlp11_out,0.9914885461330414,0.9883842468261719,0.003104299306869507,True
apps_python_362,l2h14_lead_k_centered,-1.0000001192092896,1.0000001192092896,-2.000000238418579,False
apps_python_362,l2h14_z_centered,-0.8831446766853333,0.8762262463569641,-1.7593709230422974,False
apps_python_362,mlp11_out_centered,0.09580458141863346,-0.22904492169618607,0.3248495031148195,True
codecontests_cpp_362,l2h14_lead_k,0.8966465592384338,0.9999952614307404,-0.10334870219230652,False
codecontests_cpp_362,l2h14_z,0.9515709280967712,0.9949700832366943,-0.043399155139923096,False
codecontests_cpp_362,mlp11_out,0.9934359788894653,0.9918026328086853,0.0016333460807800293,True
codecontests_cpp_362,l2h14_lead_k_centered,-0.9999528527259827,0.9999015033245087,-1.9998543560504913,False
codecontests_cpp_362,l2h14_z_centered,-0.8489761054515839,0.8409607112407684,-1.6899368166923523,False
codecontests_cpp_362,mlp11_out_centered,0.0352065060287714,-0.151545450091362,0.1867519561201334,True
codecontests_java_362,l2h14_lead_k,0.8972925841808319,0.9999977946281433,-0.1027052104473114,False
codecontests_java_362,l2h14_z,0.9510113298892975,0.9921217858791351,-0.041110455989837646,False
codecontests_java_362,mlp11_out,0.9931425750255585,0.9914427995681763,0.0016997754573822021,True
codecontests_java_362,l2h14_lead_k_centered,-0.9999766647815704,0.9999558925628662,-1.9999325573444366,False
codecontests_java_362,l2h14_z_centered,-0.7816149592399597,0.7610840797424316,-1.5426990389823914,False
codecontests_java_362,mlp11_out_centered,0.03768048621714115,-0.18869633600115776,0.2263768222182989,True
apps_python_363,l2h14_lead_k,0.8968513011932373,0.9999943673610687,-0.10314306616783142,False
apps_python_363,l2h14_z,0.9322769939899445,0.9915447533130646,-0.05926775932312012,False
apps_python_363,mlp11_out,0.9927264750003815,0.9897467494010925,0.0029797255992889404,True
apps_python_363,l2h14_lead_k_centered,-0.9999384582042694,0.9998914003372192,-1.9998298585414886,False
apps_python_363,l2h14_z_centered,-0.8293537199497223,0.8209913671016693,-1.6503450870513916,False
apps_python_363,mlp11_out_centered,0.1406799852848053,-0.26543982326984406,0.40611980855464935,True
