sample_id,clean_lead,corrupt_lead,shared_suffix
codecontests_cpp_1,Write,Build, out the function body in solve.cpp based on the function definition and docstring below:
codecontests_java_1,Save,Design, the function body in solve.java based on the function definition and docstring below:
codecontests_java_2,Finaliz,Devis,e the function body in solve.java based on the function definition and docstring below:
codecontests_cpp_3,Prepare,Implement, the function body in solve.cpp based on the function definition and docstring below:
codecontests_java_3,Save,Design, the function body in solve.java based on the function definition and docstring below:
mbpp_python_4,Write,Build, out the function body in solve.py based on the function definition and docstring below:
apps_python_5,Directly build,Independently develop, the function body in solve.py based on the function definition and docstring below:
codecontests_java_6,Edit,Design, the function body in solve.java based on the function definition and docstring below:
codecontests_java_7,Properly add,Properly develop, the function body in solve.java based on the function definition and docstring below:
apps_python_8,Directly build,Manually develop, the function body in solve.py based on the function definition and docstring below:
apps_python_9,Manually build,Manually develop, the function body in solve.py based on the function definition and docstring below:
codecontests_cpp_9,Write,Implement, the function body in solve.cpp based on the function definition and docstring below:
codecontests_java_9,Insert,Design, the function body in solve.java based on the function definition and docstring below:
apps_python_10,Prepare,Author, the function body in solve.py based on the function definition and docstring below:
codecontests_java_11,Finaliz,Devis,e the function body in solve.java based on the function definition and docstring below:
humaneval_python_11,Write,Implement, the function body in solve.py based on the function definition and docstring below:
mbpp_python_11,Manually build,Independently develop, the function body in solve.py based on the function definition and docstring below:
codecontests_cpp_12,Create,Develop, the function body in solve.cpp based on the function definition and docstring below:
codecontests_java_13,Edit,Supply, the function body in solve.java based on the function definition and docstring below:
apps_python_14,Write,Build, out the function body in solve.py based on the function definition and docstring below:
codecontests_cpp_14,Direct,Careful,ly implement the function body in solve.cpp based on the function definition and docstring below:
codecontests_java_14,Inser,Craf,t the function body in solve.java based on the function definition and docstring below:
codecontests_cpp_15,Create,Develop, the function body in solve.cpp based on the function definition and docstring below:
codecontests_cpp_16,Properly add,Properly develop, the function body in solve.cpp based on the function definition and docstring below:
codecontests_java_16,Past,Compos,e the function body in solve.java based on the function definition and docstring below:
codecontests_cpp_17,Insert,Design, the function body in solve.cpp based on the function definition and docstring below:
codecontests_java_17,Appen,Buil,d the function body in solve.java based on the function definition and docstring below:
codecontests_java_18,Writ,Compos,e the function body in solve.java based on the function definition and docstring below:
humaneval_python_18,Directly build,Independently develop, the function body in solve.py based on the function definition and docstring below:
codecontests_java_19,Save,Build, the function body in solve.java based on the function definition and docstring below:
apps_python_20,Prepare,Author, the function body in solve.py based on the function definition and docstring below:
codecontests_cpp_20,Write,Develop, the function body in solve.cpp based on the function definition and docstring below:
humaneval_python_21,Manually build,Independently develop, the function body in solve.py based on the function definition and docstring below:
apps_python_22,Directly build,Independently develop, the function body in solve.py based on the function definition and docstring below:
codecontests_java_22,Edit,Compose, the function body in solve.java based on the function definition and docstring below:
codecontests_java_23,Paste,Craft, the function body in solve.java based on the function definition and docstring below:
codecontests_java_24,Finaliz,Devis,e the function body in solve.java based on the function definition and docstring below:
codecontests_java_25,Edi,Craf,t the function body in solve.java based on the function definition and docstring below:
codecontests_cpp_26,Prepare,Implement, the function body in solve.cpp based on the function definition and docstring below:
humaneval_python_26,Direct,Careful,ly implement the function body in solve.py based on the function definition and docstring below:
codecontests_cpp_27,Write,Develop, the function body in solve.cpp based on the function definition and docstring below:
codecontests_java_27,Write,Build, out the function body in solve.java based on the function definition and docstring below:
codecontests_cpp_28,Directly implement,Manually develop, the function body in solve.cpp based on the function definition and docstring below:
codecontests_java_28,Directly implement,Independently develop, the function body in solve.java based on the function definition and docstring below:
apps_python_29,Manually build,Independently develop, the function body in solve.py based on the function definition and docstring below:
codecontests_cpp_29,Write,Develop, the function body in solve.cpp based on the function definition and docstring below:
apps_python_30,Directly build,Independently develop, the function body in solve.py based on the function definition and docstring below:
codecontests_cpp_30,Properly add,Properly develop, the function body in solve.cpp based on the function definition and docstring below:
codecontests_java_30,Edi,Craf,t the function body in solve.java based on the function definition and docstring below:
mbpp_python_32,Write,Build, out the function body in solve.py based on the function definition and docstring below:
codecontests_cpp_33,Prepare,Author, the function body in solve.cpp based on the function definition and docstring below:
codecontests_java_33,Prefill,Formulate, the function body in solve.java based on the function definition and docstring below:
humaneval_python_33,Save,Supply, the function body in solve.py based on the function definition and docstring below:
apps_python_35,Directly build,Independently develop, the function body in solve.py based on the function definition and docstring below:
codecontests_cpp_35,Manually build,Carefully implement, the function body in solve.cpp based on the function definition and docstring below:
codecontests_java_35,Paste,Craft, the function body in solve.java based on the function definition and docstring below:
mbpp_python_35,Edit,Supply, the function body in solve.py based on the function definition and docstring below:
codecontests_java_36,Past,Compos,e the function body in solve.java based on the function definition and docstring below:
mbpp_python_36,Manually build,Manually develop, the function body in solve.py based on the function definition and docstring below:
apps_python_37,Manually build,Manually develop, the function body in solve.py based on the function definition and docstring below:
codecontests_java_37,Prefill,Formulate, the function body in solve.java based on the function definition and docstring below:
codecontests_cpp_39,Create,Implement, the function body in solve.cpp based on the function definition and docstring below:
humaneval_python_39,Directly build,Carefully implement, the function body in solve.py based on the function definition and docstring below:
apps_python_40,Prepare,Author, the function body in solve.py based on the function definition and docstring below:
codecontests_cpp_40,Properly add,Properly develop, the function body in solve.cpp based on the function definition and docstring below:
codecontests_java_40,Paste,Design, the function body in solve.java based on the function definition and docstring below:
codecontests_cpp_41,Properly add,Properly develop, the function body in solve.cpp based on the function definition and docstring below:
codecontests_java_41,Finaliz,Devis,e the function body in solve.java based on the function definition and docstring below:
codecontests_cpp_42,Properly add,Properly develop, the function body in solve.cpp based on the function definition and docstring below:
mbpp_python_42,Directly build,Independently develop, the function body in solve.py based on the function definition and docstring below:
apps_python_43,Write,Build, out the function body in solve.py based on the function definition and docstring below:
codecontests_cpp_43,Prefill,Formulate, the function body in solve.cpp based on the function definition and docstring below:
codecontests_java_43,Save,Supply, the function body in solve.java based on the function definition and docstring below:
apps_python_44,Directly implement,Manually develop, the function body in solve.py based on the function definition and docstring below:
codecontests_java_44,Prefill,Formulate, the function body in solve.java based on the function definition and docstring below:
humaneval_python_44,Directly build,Independently develop, the function body in solve.py based on the function definition and docstring below:
codecontests_cpp_45,Properly add,Properly develop, the function body in solve.cpp based on the function definition and docstring below:
codecontests_java_45,Append,Supply, the function body in solve.java based on the function definition and docstring below:
apps_python_46,Directly build,Manually develop, the function body in solve.py based on the function definition and docstring below:
codecontests_cpp_46,Insert,Author, the function body in solve.cpp based on the function definition and docstring below:
codecontests_java_46,Appen,Buil,d the function body in solve.java based on the function definition and docstring below:
humaneval_python_47,Manually build,Manually develop, the function body in solve.py based on the function definition and docstring below:
apps_python_48,Write,Build, out the function body in solve.py based on the function definition and docstring below:
codecontests_cpp_48,Paste,Author, the function body in solve.cpp based on the function definition and docstring below:
codecontests_java_48,Append,Design, the function body in solve.java based on the function definition and docstring below:
apps_python_49,Directly implement,Independently develop, the function body in solve.py based on the function definition and docstring below:
codecontests_cpp_49,Properly add,Properly develop, the function body in solve.cpp based on the function definition and docstring below:
codecontests_java_49,Prefill,Formulate, the function body in solve.java based on the function definition and docstring below:
codecontests_cpp_50,Prepare,Develop, the function body in solve.cpp based on the function definition and docstring below:
codecontests_java_50,Edit,Compose, the function body in solve.java based on the function definition and docstring below:
apps_python_51,Directly build,Independently develop, the function body in solve.py based on the function definition and docstring below:
codecontests_java_52,Paste,Craft, the function body in solve.java based on the function definition and docstring below:
apps_python_53,Paste,Author, the function body in solve.py based on the function definition and docstring below:
codecontests_cpp_53,Write,Develop, the function body in solve.cpp based on the function definition and docstring below:
codecontests_java_53,Paste,Design, the function body in solve.java based on the function definition and docstring below:
codecontests_java_55,Save,Design, the function body in solve.java based on the function definition and docstring below:
mbpp_python_55,Write,Build, out the function body in solve.py based on the function definition and docstring below:
codecontests_cpp_56,Properly add,Properly develop, the function body in solve.cpp based on the function definition and docstring below:
codecontests_java_56,Save,Supply, the function body in solve.java based on the function definition and docstring below:
codecontests_cpp_57,Paste,Author, the function body in solve.cpp based on the function definition and docstring below:
codecontests_java_57,Save,Build, the function body in solve.java based on the function definition and docstring below:
apps_python_58,Directly build,Independently develop, the function body in solve.py based on the function definition and docstring below:
codecontests_java_58,Edit,Compose, the function body in solve.java based on the function definition and docstring below:
apps_python_59,Directly build,Independently develop, the function body in solve.py based on the function definition and docstring below:
apps_python_60,Write,Build, out the function body in solve.py based on the function definition and docstring below:
codecontests_java_60,Edit,Compose, the function body in solve.java based on the function definition and docstring below:
humaneval_python_60,Directly build,Carefully implement, the function body in solve.py based on the function definition and docstring below:
codecontests_java_61,Finaliz,Devis,e the function body in solve.java based on the function definition and docstring below:
mbpp_python_61,Directly build,Manually develop, the function body in solve.py based on the function definition and docstring below:
codecontests_cpp_62,Write,Develop, the function body in solve.cpp based on the function definition and docstring below:
codecontests_java_62,Edit,Supply, the function body in solve.java based on the function definition and docstring below:
codecontests_java_63,Appen,Buil,d the function body in solve.java based on the function definition and docstring below:
apps_python_64,Insert,Author, the function body in solve.py based on the function definition and docstring below:
codecontests_cpp_64,Properly add,Properly develop, the function body in solve.cpp based on the function definition and docstring below:
codecontests_cpp_66,Create,Develop, the function body in solve.cpp based on the function definition and docstring below:
codecontests_java_67,Directly implement,Independently develop, the function body in solve.java based on the function definition and docstring below:
codecontests_cpp_68,Inser,Craf,t the function body in solve.cpp based on the function definition and docstring below:
apps_python_69,Manually build,Independently develop, the function body in solve.py based on the function definition and docstring below:
codecontests_cpp_70,Create,Implement, the function body in solve.cpp based on the function definition and docstring below:
codecontests_java_70,Inser,Craf,t the function body in solve.java based on the function definition and docstring below:
codecontests_cpp_72,Write,Develop, the function body in solve.cpp based on the function definition and docstring below:
codecontests_java_72,Edit,Compose, the function body in solve.java based on the function definition and docstring below:
codecontests_cpp_73,Append,Supply, the function body in solve.cpp based on the function definition and docstring below:
codecontests_cpp_74,Insert,Author, the function body in solve.cpp based on the function definition and docstring below:
codecontests_java_74,Insert,Supply, the function body in solve.java based on the function definition and docstring below:
apps_python_75,Directly build,Manually develop, the function body in solve.py based on the function definition and docstring below:
codecontests_cpp_75,Paste,Craft, the function body in solve.cpp based on the function definition and docstring below:
codecontests_java_75,Appen,Buil,d the function body in solve.java based on the function definition and docstring below:
codecontests_java_76,Paste,Craft, the function body in solve.java based on the function definition and docstring below:
humaneval_python_76,Save,Design, the function body in solve.py based on the function definition and docstring below:
apps_python_77,Write,Build, out the function body in solve.py based on the function definition and docstring below:
codecontests_cpp_77,Paste,Build, the function body in solve.cpp based on the function definition and docstring below:
apps_python_79,Write,Build, out the function body in solve.py based on the function definition and docstring below:
codecontests_java_79,Save,Supply, the function body in solve.java based on the function definition and docstring below:
mbpp_python_79,Directly build,Manually develop, the function body in solve.py based on the function definition and docstring below:
apps_python_80,Paste,Author, the function body in solve.py based on the function definition and docstring below:
codecontests_cpp_80,Write,Build, out the function body in solve.cpp based on the function definition and docstring below:
codecontests_java_80,Append,Supply, the function body in solve.java based on the function definition and docstring below:
apps_python_82,Paste,Design, the function body in solve.py based on the function definition and docstring below:
codecontests_cpp_83,Create,Implement, the function body in solve.cpp based on the function definition and docstring below:
codecontests_java_83,Finaliz,Devis,e the function body in solve.java based on the function definition and docstring below:
codecontests_java_84,Edit,Author, the function body in solve.java based on the function definition and docstring below:
humaneval_python_84,Directly implement,Manually develop, the function body in solve.py based on the function definition and docstring below:
apps_python_85,Directly build,Independently develop, the function body in solve.py based on the function definition and docstring below:
codecontests_java_85,Edi,Craf,t the function body in solve.java based on the function definition and docstring below:
apps_python_87,Directly build,Manually develop, the function body in solve.py based on the function definition and docstring below:
codecontests_cpp_87,Prepare,Implement, the function body in solve.cpp based on the function definition and docstring below:
apps_python_88,Properly add,Properly develop, the function body in solve.py based on the function definition and docstring below:
codecontests_java_88,Prefill,Formulate, the function body in solve.java based on the function definition and docstring below:
codecontests_java_89,Save,Design, the function body in solve.java based on the function definition and docstring below:
apps_python_91,Directly build,Manually develop, the function body in solve.py based on the function definition and docstring below:
apps_python_92,Create,Implement, the function body in solve.py based on the function definition and docstring below:
apps_python_93,Directly build,Independently develop, the function body in solve.py based on the function definition and docstring below:
codecontests_cpp_93,Create,Develop, the function body in solve.cpp based on the function definition and docstring below:
codecontests_java_93,Appen,Buil,d the function body in solve.java based on the function definition and docstring below:
apps_python_94,Write,Build, out the function body in solve.py based on the function definition and docstring below:
codecontests_cpp_94,Prepare,Implement, the function body in solve.cpp based on the function definition and docstring below:
codecontests_java_94,Appen,Buil,d the function body in solve.java based on the function definition and docstring below:
codecontests_cpp_95,Directly implement,Manually develop, the function body in solve.cpp based on the function definition and docstring below:
codecontests_java_95,Prepare,Craft, the function body in solve.java based on the function definition and docstring below:
apps_python_96,Manually build,Manually develop, the function body in solve.py based on the function definition and docstring below:
codecontests_java_96,Manually build,Carefully implement, the function body in solve.java based on the function definition and docstring below:
mbpp_python_96,Create,Implement, the function body in solve.py based on the function definition and docstring below:
apps_python_97,Directly build,Independently develop, the function body in solve.py based on the function definition and docstring below:
apps_python_98,Properly add,Properly develop, the function body in solve.py based on the function definition and docstring below:
codecontests_cpp_98,Insert,Author, the function body in solve.cpp based on the function definition and docstring below:
codecontests_java_98,Finaliz,Devis,e the function body in solve.java based on the function definition and docstring below:
apps_python_99,Paste,Supply, the function body in solve.py based on the function definition and docstring below:
codecontests_java_99,Past,Compos,e the function body in solve.java based on the function definition and docstring below:
apps_python_100,Write,Build, out the function body in solve.py based on the function definition and docstring below:
codecontests_cpp_100,Properly add,Properly develop, the function body in solve.cpp based on the function definition and docstring below:
codecontests_java_100,Prefill,Formulate, the function body in solve.java based on the function definition and docstring below:
codecontests_java_101,Finaliz,Devis,e the function body in solve.java based on the function definition and docstring below:
apps_python_102,Directly build,Independently develop, the function body in solve.py based on the function definition and docstring below:
apps_python_103,Directly build,Manually develop, the function body in solve.py based on the function definition and docstring below:
mbpp_python_103,Manually build,Carefully implement, the function body in solve.py based on the function definition and docstring below:
apps_python_104,Directly build,Manually develop, the function body in solve.py based on the function definition and docstring below:
codecontests_java_105,Manually build,Manually develop, the function body in solve.java based on the function definition and docstring below:
apps_python_106,Save,Supply, the function body in solve.py based on the function definition and docstring below:
codecontests_java_106,Prefill,Formulate, the function body in solve.java based on the function definition and docstring below:
apps_python_107,Directly build,Independently develop, the function body in solve.py based on the function definition and docstring below:
codecontests_cpp_108,Prepare,Implement, the function body in solve.cpp based on the function definition and docstring below:
codecontests_java_108,Past,Compos,e the function body in solve.java based on the function definition and docstring below:
humaneval_python_108,Write,Build, out the function body in solve.py based on the function definition and docstring below:
codecontests_java_109,Insert,Build, the function body in solve.java based on the function definition and docstring below:
humaneval_python_109,Directly build,Carefully implement, the function body in solve.py based on the function definition and docstring below:
apps_python_110,Directly build,Independently develop, the function body in solve.py based on the function definition and docstring below:
codecontests_java_110,Insert,Compose, the function body in solve.java based on the function definition and docstring below:
apps_python_111,Paste,Author, the function body in solve.py based on the function definition and docstring below:
codecontests_java_112,Append,Supply, the function body in solve.java based on the function definition and docstring below:
humaneval_python_112,Directly implement,Manually develop, the function body in solve.py based on the function definition and docstring below:
mbpp_python_112,Prepare,Supply, the function body in solve.py based on the function definition and docstring below:
apps_python_113,Save,Design, the function body in solve.py based on the function definition and docstring below:
codecontests_cpp_113,Write,Develop, the function body in solve.cpp based on the function definition and docstring below:
codecontests_java_113,Inser,Craf,t the function body in solve.java based on the function definition and docstring below:
codecontests_cpp_114,Write,Develop, the function body in solve.cpp based on the function definition and docstring below:
codecontests_cpp_115,Manually build,Manually develop, the function body in solve.cpp based on the function definition and docstring below:
codecontests_java_115,Save,Build, the function body in solve.java based on the function definition and docstring below:
humaneval_python_115,Paste,Author, the function body in solve.py based on the function definition and docstring below:
mbpp_python_115,Directly build,Independently develop, the function body in solve.py based on the function definition and docstring below:
apps_python_116,Manually build,Independently develop, the function body in solve.py based on the function definition and docstring below:
codecontests_cpp_116,Write,Build, out the function body in solve.cpp based on the function definition and docstring below:
codecontests_java_116,Appen,Buil,d the function body in solve.java based on the function definition and docstring below:
humaneval_python_116,Write,Implement, the function body in solve.py based on the function definition and docstring below:
codecontests_cpp_117,Direct,Careful,ly implement the function body in solve.cpp based on the function definition and docstring below:
codecontests_java_117,Finaliz,Devis,e the function body in solve.java based on the function definition and docstring below:
mbpp_python_117,Directly build,Carefully implement, the function body in solve.py based on the function definition and docstring below:
apps_python_118,Save,Supply, the function body in solve.py based on the function definition and docstring below:
codecontests_cpp_118,Create,Develop, the function body in solve.cpp based on the function definition and docstring below:
codecontests_java_118,Insert,Compose, the function body in solve.java based on the function definition and docstring below:
apps_python_119,Write,Build, out the function body in solve.py based on the function definition and docstring below:
humaneval_python_119,Directly build,Independently develop, the function body in solve.py based on the function definition and docstring below:
apps_python_120,Prepare,Implement, the function body in solve.py based on the function definition and docstring below:
codecontests_java_120,Manually build,Manually develop, the function body in solve.java based on the function definition and docstring below:
apps_python_121,Directly build,Manually develop, the function body in solve.py based on the function definition and docstring below:
humaneval_python_121,Prepare,Supply, the function body in solve.py based on the function definition and docstring below:
codecontests_java_122,Edit,Design, the function body in solve.java based on the function definition and docstring below:
codecontests_cpp_123,Create,Develop, the function body in solve.cpp based on the function definition and docstring below:
codecontests_java_123,Prefill,Formulate, the function body in solve.java based on the function definition and docstring below:
codecontests_cpp_124,Create,Author, the function body in solve.cpp based on the function definition and docstring below:
humaneval_python_124,Directly build,Manually develop, the function body in solve.py based on the function definition and docstring below:
apps_python_125,Directly build,Carefully implement, the function body in solve.py based on the function definition and docstring below:
codecontests_cpp_125,Write,Build, out the function body in solve.cpp based on the function definition and docstring below:
apps_python_126,Write,Build, out the function body in solve.py based on the function definition and docstring below:
codecontests_cpp_126,Properly add,Properly develop, the function body in solve.cpp based on the function definition and docstring below:
codecontests_java_126,Finaliz,Devis,e the function body in solve.java based on the function definition and docstring below:
apps_python_128,Manually build,Carefully implement, the function body in solve.py based on the function definition and docstring below:
apps_python_129,Directly build,Carefully implement, the function body in solve.py based on the function definition and docstring below:
codecontests_java_129,Write,Craft, the function body in solve.java based on the function definition and docstring below:
apps_python_130,Manually build,Manually develop, the function body in solve.py based on the function definition and docstring below:
codecontests_cpp_130,Inser,Craf,t the function body in solve.cpp based on the function definition and docstring below:
codecontests_java_130,Prefill,Formulate, the function body in solve.java based on the function definition and docstring below:
mbpp_python_130,Directly build,Independently develop, the function body in solve.py based on the function definition and docstring below:
apps_python_131,Write,Build, out the function body in solve.py based on the function definition and docstring below:
codecontests_cpp_131,Write,Build, out the function body in solve.cpp based on the function definition and docstring below:
codecontests_java_131,Prefill,Formulate, the function body in solve.java based on the function definition and docstring below:
humaneval_python_131,Paste,Design, the function body in solve.py based on the function definition and docstring below:
apps_python_132,Write,Build, out the function body in solve.py based on the function definition and docstring below:
codecontests_cpp_132,Create,Implement, the function body in solve.cpp based on the function definition and docstring below:
codecontests_java_132,Append,Supply, the function body in solve.java based on the function definition and docstring below:
codecontests_java_133,Paste,Craft, the function body in solve.java based on the function definition and docstring below:
mbpp_python_133,Directly build,Carefully implement, the function body in solve.py based on the function definition and docstring below:
apps_python_134,Properly add,Properly develop, the function body in solve.py based on the function definition and docstring below:
codecontests_java_134,Past,Compos,e the function body in solve.java based on the function definition and docstring below:
apps_python_135,Directly build,Carefully implement, the function body in solve.py based on the function definition and docstring below:
codecontests_cpp_136,Prepare,Craft, the function body in solve.cpp based on the function definition and docstring below:
codecontests_cpp_137,Edit,Author, the function body in solve.cpp based on the function definition and docstring below:
codecontests_java_137,Prefill,Formulate, the function body in solve.java based on the function definition and docstring below:
humaneval_python_137,Manually build,Manually develop, the function body in solve.py based on the function definition and docstring below:
codecontests_java_138,Finaliz,Devis,e the function body in solve.java based on the function definition and docstring below:
apps_python_140,Save,Design, the function body in solve.py based on the function definition and docstring below:
codecontests_java_140,Append,Design, the function body in solve.java based on the function definition and docstring below:
mbpp_python_140,Write,Build, out the function body in solve.py based on the function definition and docstring below:
apps_python_141,Properly add,Properly develop, the function body in solve.py based on the function definition and docstring below:
codecontests_java_141,Manually build,Independently develop, the function body in solve.java based on the function definition and docstring below:
apps_python_142,Manually build,Carefully implement, the function body in solve.py based on the function definition and docstring below:
codecontests_cpp_142,Prepare,Author, the function body in solve.cpp based on the function definition and docstring below:
codecontests_java_142,Save,Build, the function body in solve.java based on the function definition and docstring below:
codecontests_java_143,Prefill,Formulate, the function body in solve.java based on the function definition and docstring below:
codecontests_java_144,Directly implement,Independently develop, the function body in solve.java based on the function definition and docstring below:
mbpp_python_144,Directly implement,Manually develop, the function body in solve.py based on the function definition and docstring below:
codecontests_cpp_145,Write,Build, out the function body in solve.cpp based on the function definition and docstring below:
codecontests_java_145,Appen,Buil,d the function body in solve.java based on the function definition and docstring below:
apps_python_146,Write,Build, out the function body in solve.py based on the function definition and docstring below:
codecontests_java_146,Edit,Supply, the function body in solve.java based on the function definition and docstring below:
codecontests_cpp_147,Insert,Author, the function body in solve.cpp based on the function definition and docstring below:
mbpp_python_147,Directly build,Carefully implement, the function body in solve.py based on the function definition and docstring below:
apps_python_148,Write,Build, out the function body in solve.py based on the function definition and docstring below:
codecontests_java_148,Save,Design, the function body in solve.java based on the function definition and docstring below:
humaneval_python_148,Directly build,Independently develop, the function body in solve.py based on the function definition and docstring below:
mbpp_python_148,Direct,Careful,ly implement the function body in solve.py based on the function definition and docstring below:
codecontests_cpp_149,Write,Develop, the function body in solve.cpp based on the function definition and docstring below:
codecontests_java_149,Finaliz,Devis,e the function body in solve.java based on the function definition and docstring below:
humaneval_python_149,Manually build,Carefully implement, the function body in solve.py based on the function definition and docstring below:
mbpp_python_149,Properly add,Properly develop, the function body in solve.py based on the function definition and docstring below:
apps_python_150,Finaliz,Formulat,e the function body in solve.py based on the function definition and docstring below:
apps_python_151,Finaliz,Devis,e the function body in solve.py based on the function definition and docstring below:
humaneval_python_151,Directly build,Manually develop, the function body in solve.py based on the function definition and docstring below:
apps_python_152,Paste,Supply, the function body in solve.py based on the function definition and docstring below:
codecontests_cpp_152,Write,Build, out the function body in solve.cpp based on the function definition and docstring below:
codecontests_java_152,Write,Build, out the function body in solve.java based on the function definition and docstring below:
codecontests_cpp_153,Write,Develop, the function body in solve.cpp based on the function definition and docstring below:
apps_python_154,Finaliz,Devis,e the function body in solve.py based on the function definition and docstring below:
codecontests_cpp_154,Prepare,Author, the function body in solve.cpp based on the function definition and docstring below:
codecontests_java_154,Save,Supply, the function body in solve.java based on the function definition and docstring below:
humaneval_python_154,Manually build,Carefully implement, the function body in solve.py based on the function definition and docstring below:
apps_python_155,Directly build,Independently develop, the function body in solve.py based on the function definition and docstring below:
apps_python_156,Properly add,Properly develop, the function body in solve.py based on the function definition and docstring below:
codecontests_cpp_156,Insert,Author, the function body in solve.cpp based on the function definition and docstring below:
codecontests_java_156,Save,Design, the function body in solve.java based on the function definition and docstring below:
apps_python_157,Insert,Supply, the function body in solve.py based on the function definition and docstring below:
codecontests_java_157,Save,Supply, the function body in solve.java based on the function definition and docstring below:
apps_python_158,Manually build,Independently develop, the function body in solve.py based on the function definition and docstring below:
codecontests_cpp_158,Prepare,Author, the function body in solve.cpp based on the function definition and docstring below:
codecontests_cpp_159,Write,Build, out the function body in solve.cpp based on the function definition and docstring below:
apps_python_160,Manually build,Carefully implement, the function body in solve.py based on the function definition and docstring below:
apps_python_161,Direct,Careful,ly implement the function body in solve.py based on the function definition and docstring below:
codecontests_cpp_161,Properly add,Properly develop, the function body in solve.cpp based on the function definition and docstring below:
humaneval_python_161,Manually build,Carefully implement, the function body in solve.py based on the function definition and docstring below:
apps_python_163,Directly build,Independently develop, the function body in solve.py based on the function definition and docstring below:
codecontests_java_163,Append,Design, the function body in solve.java based on the function definition and docstring below:
codecontests_cpp_165,Prepare,Implement, the function body in solve.cpp based on the function definition and docstring below:
codecontests_java_165,Past,Compos,e the function body in solve.java based on the function definition and docstring below:
mbpp_python_165,Directly build,Independently develop, the function body in solve.py based on the function definition and docstring below:
apps_python_166,Directly build,Independently develop, the function body in solve.py based on the function definition and docstring below:
codecontests_java_166,Prepare,Craft, the function body in solve.java based on the function definition and docstring below:
apps_python_167,Manually build,Independently develop, the function body in solve.py based on the function definition and docstring below:
codecontests_java_167,Write,Develop, the function body in solve.java based on the function definition and docstring below:
mbpp_python_167,Insert,Author, the function body in solve.py based on the function definition and docstring below:
codecontests_java_168,Edit,Compose, the function body in solve.java based on the function definition and docstring below:
codecontests_java_169,Manually build,Independently develop, the function body in solve.java based on the function definition and docstring below:
apps_python_170,Directly build,Carefully implement, the function body in solve.py based on the function definition and docstring below:
codecontests_cpp_170,Paste,Author, the function body in solve.cpp based on the function definition and docstring below:
codecontests_java_171,Prefill,Formulate, the function body in solve.java based on the function definition and docstring below:
apps_python_172,Directly build,Manually develop, the function body in solve.py based on the function definition and docstring below:
codecontests_java_172,Write,Develop, the function body in solve.java based on the function definition and docstring below:
codecontests_java_173,Insert,Supply, the function body in solve.java based on the function definition and docstring below:
apps_python_174,Save,Craft, the function body in solve.py based on the function definition and docstring below:
codecontests_java_174,Finaliz,Devis,e the function body in solve.java based on the function definition and docstring below:
apps_python_175,Directly implement,Manually develop, the function body in solve.py based on the function definition and docstring below:
codecontests_java_175,Finaliz,Devis,e the function body in solve.java based on the function definition and docstring below:
mbpp_python_175,Create,Implement, the function body in solve.py based on the function definition and docstring below:
codecontests_java_176,Prefill,Formulate, the function body in solve.java based on the function definition and docstring below:
codecontests_java_177,Properly add,Properly develop, the function body in solve.java based on the function definition and docstring below:
mbpp_python_177,Directly build,Carefully implement, the function body in solve.py based on the function definition and docstring below:
codecontests_cpp_178,Edit,Author, the function body in solve.cpp based on the function definition and docstring below:
codecontests_java_178,Insert,Design, the function body in solve.java based on the function definition and docstring below:
apps_python_179,Finaliz,Devis,e the function body in solve.py based on the function definition and docstring below:
codecontests_java_179,Finaliz,Devis,e the function body in solve.java based on the function definition and docstring below:
apps_python_181,Prepare,Develop, the function body in solve.py based on the function definition and docstring below:
codecontests_cpp_181,Manually build,Carefully implement, the function body in solve.cpp based on the function definition and docstring below:
codecontests_java_181,Prefill,Formulate, the function body in solve.java based on the function definition and docstring below:
codecontests_cpp_182,Prepare,Develop, the function body in solve.cpp based on the function definition and docstring below:
codecontests_java_182,Finaliz,Devis,e the function body in solve.java based on the function definition and docstring below:
apps_python_183,Directly build,Independently develop, the function body in solve.py based on the function definition and docstring below:
codecontests_java_183,Edit,Compose, the function body in solve.java based on the function definition and docstring below:
apps_python_184,Edit,Supply, the function body in solve.py based on the function definition and docstring below:
codecontests_cpp_185,Properly add,Properly develop, the function body in solve.cpp based on the function definition and docstring below:
mbpp_python_185,Directly build,Independently develop, the function body in solve.py based on the function definition and docstring below:
apps_python_186,Manually build,Independently develop, the function body in solve.py based on the function definition and docstring below:
codecontests_java_186,Save,Build, the function body in solve.java based on the function definition and docstring below:
apps_python_187,Directly implement,Manually develop, the function body in solve.py based on the function definition and docstring below:
apps_python_188,Write,Implement, the function body in solve.py based on the function definition and docstring below:
codecontests_cpp_188,Prepare,Author, the function body in solve.cpp based on the function definition and docstring below:
codecontests_cpp_189,Write,Develop, the function body in solve.cpp based on the function definition and docstring below:
apps_python_190,Write,Implement, the function body in solve.py based on the function definition and docstring below:
codecontests_java_190,Insert,Compose, the function body in solve.java based on the function definition and docstring below:
apps_python_191,Create,Implement, the function body in solve.py based on the function definition and docstring below:
codecontests_cpp_191,Properly add,Properly develop, the function body in solve.cpp based on the function definition and docstring below:
codecontests_java_191,Append,Design, the function body in solve.java based on the function definition and docstring below:
apps_python_192,Edit,Design, the function body in solve.py based on the function definition and docstring below:
codecontests_java_192,Inser,Craf,t the function body in solve.java based on the function definition and docstring below:
codecontests_java_193,Properly add,Properly develop, the function body in solve.java based on the function definition and docstring below:
apps_python_194,Finaliz,Devis,e the function body in solve.py based on the function definition and docstring below:
codecontests_cpp_194,Paste,Author, the function body in solve.cpp based on the function definition and docstring below:
codecontests_java_194,Insert,Build, the function body in solve.java based on the function definition and docstring below:
mbpp_python_194,Properly add,Properly develop, the function body in solve.py based on the function definition and docstring below:
apps_python_195,Directly build,Independently develop, the function body in solve.py based on the function definition and docstring below:
codecontests_cpp_195,Prepare,Author, the function body in solve.cpp based on the function definition and docstring below:
apps_python_196,Write,Implement, the function body in solve.py based on the function definition and docstring below:
codecontests_java_196,Write,Develop, the function body in solve.java based on the function definition and docstring below:
codecontests_cpp_197,Manually build,Manually develop, the function body in solve.cpp based on the function definition and docstring below:
codecontests_java_197,Past,Compos,e the function body in solve.java based on the function definition and docstring below:
apps_python_198,Directly implement,Manually develop, the function body in solve.py based on the function definition and docstring below:
codecontests_java_198,Edit,Compose, the function body in solve.java based on the function definition and docstring below:
apps_python_199,Write,Supply, the function body in solve.py based on the function definition and docstring below:
codecontests_java_199,Edi,Craf,t the function body in solve.java based on the function definition and docstring below:
apps_python_200,Manually build,Manually develop, the function body in solve.py based on the function definition and docstring below:
codecontests_cpp_200,Write,Build, out the function body in solve.cpp based on the function definition and docstring below:
apps_python_201,Prepare,Supply, the function body in solve.py based on the function definition and docstring below:
codecontests_java_201,Finaliz,Devis,e the function body in solve.java based on the function definition and docstring below:
apps_python_202,Directly build,Independently develop, the function body in solve.py based on the function definition and docstring below:
codecontests_cpp_202,Write,Develop, the function body in solve.cpp based on the function definition and docstring below:
codecontests_java_202,Paste,Craft, the function body in solve.java based on the function definition and docstring below:
apps_python_203,Finaliz,Devis,e the function body in solve.py based on the function definition and docstring below:
codecontests_cpp_203,Manually build,Carefully implement, the function body in solve.cpp based on the function definition and docstring below:
codecontests_java_203,Manually build,Carefully implement, the function body in solve.java based on the function definition and docstring below:
apps_python_204,Properly add,Properly develop, the function body in solve.py based on the function definition and docstring below:
codecontests_cpp_204,Properly add,Properly develop, the function body in solve.cpp based on the function definition and docstring below:
codecontests_java_204,Edi,Craf,t the function body in solve.java based on the function definition and docstring below:
mbpp_python_204,Directly build,Independently develop, the function body in solve.py based on the function definition and docstring below:
apps_python_205,Sav,Compos,e the function body in solve.py based on the function definition and docstring below:
codecontests_java_205,Edit,Compose, the function body in solve.java based on the function definition and docstring below:
apps_python_206,Save,Build, the function body in solve.py based on the function definition and docstring below:
codecontests_cpp_206,Prepare,Author, the function body in solve.cpp based on the function definition and docstring below:
apps_python_207,Write,Build, out the function body in solve.py based on the function definition and docstring below:
codecontests_cpp_207,Directly implement,Manually develop, the function body in solve.cpp based on the function definition and docstring below:
codecontests_java_207,Edit,Design, the function body in solve.java based on the function definition and docstring below:
apps_python_208,Create,Implement, the function body in solve.py based on the function definition and docstring below:
apps_python_209,Write,Build, out the function body in solve.py based on the function definition and docstring below:
codecontests_java_209,Directly implement,Independently develop, the function body in solve.java based on the function definition and docstring below:
apps_python_210,Create,Author, the function body in solve.py based on the function definition and docstring below:
codecontests_java_210,Directly implement,Manually develop, the function body in solve.java based on the function definition and docstring below:
apps_python_211,Direct,Careful,ly implement the function body in solve.py based on the function definition and docstring below:
codecontests_cpp_211,Create,Implement, the function body in solve.cpp based on the function definition and docstring below:
codecontests_java_211,Save,Supply, the function body in solve.java based on the function definition and docstring below:
apps_python_212,Prepare,Supply, the function body in solve.py based on the function definition and docstring below:
codecontests_java_212,Paste,Craft, the function body in solve.java based on the function definition and docstring below:
apps_python_213,Write,Author, the function body in solve.py based on the function definition and docstring below:
codecontests_cpp_213,Write,Implement, the function body in solve.cpp based on the function definition and docstring below:
apps_python_214,Directly implement,Manually develop, the function body in solve.py based on the function definition and docstring below:
codecontests_java_214,Directly implement,Independently develop, the function body in solve.java based on the function definition and docstring below:
apps_python_215,Save,Supply, the function body in solve.py based on the function definition and docstring below:
codecontests_cpp_215,Create,Implement, the function body in solve.cpp based on the function definition and docstring below:
codecontests_java_215,Finaliz,Devis,e the function body in solve.java based on the function definition and docstring below:
apps_python_216,Prefill,Formulate, the function body in solve.py based on the function definition and docstring below:
apps_python_217,Directly build,Carefully implement, the function body in solve.py based on the function definition and docstring below:
codecontests_java_217,Edit,Supply, the function body in solve.java based on the function definition and docstring below:
apps_python_218,Manually build,Manually develop, the function body in solve.py based on the function definition and docstring below:
apps_python_219,Paste,Author, the function body in solve.py based on the function definition and docstring below:
codecontests_java_219,Save,Design, the function body in solve.java based on the function definition and docstring below:
apps_python_220,Finaliz,Formulat,e the function body in solve.py based on the function definition and docstring below:
codecontests_cpp_220,Manually build,Carefully implement, the function body in solve.cpp based on the function definition and docstring below:
codecontests_java_220,Write,Build, out the function body in solve.java based on the function definition and docstring below:
apps_python_221,Write,Build, out the function body in solve.py based on the function definition and docstring below:
codecontests_java_221,Save,Supply, the function body in solve.java based on the function definition and docstring below:
mbpp_python_221,Directly build,Carefully implement, the function body in solve.py based on the function definition and docstring below:
apps_python_222,Directly build,Manually develop, the function body in solve.py based on the function definition and docstring below:
codecontests_java_222,Manually build,Manually develop, the function body in solve.java based on the function definition and docstring below:
apps_python_223,Paste,Design, the function body in solve.py based on the function definition and docstring below:
codecontests_cpp_223,Properly add,Properly develop, the function body in solve.cpp based on the function definition and docstring below:
codecontests_java_223,Finaliz,Devis,e the function body in solve.java based on the function definition and docstring below:
codecontests_java_224,Manually build,Manually develop, the function body in solve.java based on the function definition and docstring below:
mbpp_python_224,Save,Design, the function body in solve.py based on the function definition and docstring below:
apps_python_225,Prepare,Implement, the function body in solve.py based on the function definition and docstring below:
codecontests_cpp_225,Direct,Careful,ly implement the function body in solve.cpp based on the function definition and docstring below:
codecontests_java_226,Edi,Implemen,t the function body in solve.java based on the function definition and docstring below:
apps_python_227,Save,Supply, the function body in solve.py based on the function definition and docstring below:
codecontests_java_227,Past,Compos,e the function body in solve.java based on the function definition and docstring below:
codecontests_java_228,Finaliz,Devis,e the function body in solve.java based on the function definition and docstring below:
apps_python_229,Manually build,Carefully implement, the function body in solve.py based on the function definition and docstring below:
apps_python_230,Direct,Careful,ly implement the function body in solve.py based on the function definition and docstring below:
codecontests_java_230,Prepare,Craft, the function body in solve.java based on the function definition and docstring below:
mbpp_python_230,Write,Build, out the function body in solve.py based on the function definition and docstring below:
apps_python_231,Directly implement,Manually develop, the function body in solve.py based on the function definition and docstring below:
codecontests_java_231,Prepare,Craft, the function body in solve.java based on the function definition and docstring below:
apps_python_232,Insert,Supply, the function body in solve.py based on the function definition and docstring below:
apps_python_233,Insert,Design, the function body in solve.py based on the function definition and docstring below:
codecontests_java_233,Insert,Compose, the function body in solve.java based on the function definition and docstring below:
codecontests_cpp_235,Create,Develop, the function body in solve.cpp based on the function definition and docstring below:
codecontests_java_235,Prefill,Formulate, the function body in solve.java based on the function definition and docstring below:
apps_python_236,Manually build,Carefully implement, the function body in solve.py based on the function definition and docstring below:
codecontests_cpp_236,Manually build,Carefully implement, the function body in solve.cpp based on the function definition and docstring below:
codecontests_java_236,Save,Build, the function body in solve.java based on the function definition and docstring below:
codecontests_java_237,Edi,Craf,t the function body in solve.java based on the function definition and docstring below:
apps_python_238,Directly build,Independently develop, the function body in solve.py based on the function definition and docstring below:
codecontests_java_238,Edi,Craf,t the function body in solve.java based on the function definition and docstring below:
apps_python_239,Write,Build, out the function body in solve.py based on the function definition and docstring below:
codecontests_java_239,Write,Develop, the function body in solve.java based on the function definition and docstring below:
apps_python_240,Paste,Design, the function body in solve.py based on the function definition and docstring below:
codecontests_java_240,Appen,Buil,d the function body in solve.java based on the function definition and docstring below:
codecontests_java_241,Edi,Craf,t the function body in solve.java based on the function definition and docstring below:
apps_python_242,Properly add,Properly develop, the function body in solve.py based on the function definition and docstring below:
codecontests_cpp_242,Write,Implement, the function body in solve.cpp based on the function definition and docstring below:
codecontests_java_243,Write,Develop, the function body in solve.java based on the function definition and docstring below:
apps_python_245,Write,Build, out the function body in solve.py based on the function definition and docstring below:
codecontests_cpp_245,Write,Develop, the function body in solve.cpp based on the function definition and docstring below:
mbpp_python_245,Insert,Design, the function body in solve.py based on the function definition and docstring below:
codecontests_cpp_246,Properly add,Properly develop, the function body in solve.cpp based on the function definition and docstring below:
codecontests_java_246,Appen,Buil,d the function body in solve.java based on the function definition and docstring below:
codecontests_java_247,Paste,Craft, the function body in solve.java based on the function definition and docstring below:
codecontests_cpp_248,Write,Develop, the function body in solve.cpp based on the function definition and docstring below:
codecontests_java_248,Finaliz,Devis,e the function body in solve.java based on the function definition and docstring below:
apps_python_249,Manually build,Carefully implement, the function body in solve.py based on the function definition and docstring below:
codecontests_java_249,Prefill,Formulate, the function body in solve.java based on the function definition and docstring below:
codecontests_java_250,Edit,Compose, the function body in solve.java based on the function definition and docstring below:
apps_python_251,Write,Implement, the function body in solve.py based on the function definition and docstring below:
codecontests_java_251,Finaliz,Devis,e the function body in solve.java based on the function definition and docstring below:
apps_python_252,Save,Author, the function body in solve.py based on the function definition and docstring below:
codecontests_java_252,Past,Compos,e the function body in solve.java based on the function definition and docstring below:
apps_python_253,Write,Supply, the function body in solve.py based on the function definition and docstring below:
codecontests_cpp_253,Create,Implement, the function body in solve.cpp based on the function definition and docstring below:
codecontests_java_253,Prefill,Formulate, the function body in solve.java based on the function definition and docstring below:
apps_python_254,Insert,Supply, the function body in solve.py based on the function definition and docstring below:
codecontests_cpp_254,Write,Build, out the function body in solve.cpp based on the function definition and docstring below:
codecontests_cpp_255,Properly add,Properly develop, the function body in solve.cpp based on the function definition and docstring below:
codecontests_java_255,Write,Build, out the function body in solve.java based on the function definition and docstring below:
apps_python_256,Directly build,Independently develop, the function body in solve.py based on the function definition and docstring below:
codecontests_cpp_256,Directly implement,Manually develop, the function body in solve.cpp based on the function definition and docstring below:
codecontests_java_256,Save,Design, the function body in solve.java based on the function definition and docstring below:
codecontests_cpp_257,Create,Develop, the function body in solve.cpp based on the function definition and docstring below:
apps_python_258,Directly build,Carefully implement, the function body in solve.py based on the function definition and docstring below:
codecontests_cpp_258,Prepare,Author, the function body in solve.cpp based on the function definition and docstring below:
apps_python_259,Directly build,Carefully implement, the function body in solve.py based on the function definition and docstring below:
codecontests_java_259,Appen,Buil,d the function body in solve.java based on the function definition and docstring below:
apps_python_260,Insert,Design, the function body in solve.py based on the function definition and docstring below:
apps_python_261,Manually build,Carefully implement, the function body in solve.py based on the function definition and docstring below:
codecontests_cpp_261,Create,Develop, the function body in solve.cpp based on the function definition and docstring below:
codecontests_java_261,Finaliz,Devis,e the function body in solve.java based on the function definition and docstring below:
codecontests_cpp_262,Manually build,Carefully implement, the function body in solve.cpp based on the function definition and docstring below:
codecontests_java_262,Manually build,Carefully implement, the function body in solve.java based on the function definition and docstring below:
apps_python_263,Create,Supply, the function body in solve.py based on the function definition and docstring below:
codecontests_cpp_263,Create,Implement, the function body in solve.cpp based on the function definition and docstring below:
codecontests_java_263,Save,Supply, the function body in solve.java based on the function definition and docstring below:
codecontests_cpp_264,Properly add,Properly develop, the function body in solve.cpp based on the function definition and docstring below:
codecontests_cpp_265,Write,Build, out the function body in solve.cpp based on the function definition and docstring below:
apps_python_266,Insert,Design, the function body in solve.py based on the function definition and docstring below:
apps_python_267,Directly implement,Manually develop, the function body in solve.py based on the function definition and docstring below:
codecontests_java_267,Manually build,Manually develop, the function body in solve.java based on the function definition and docstring below:
codecontests_java_268,Prefill,Formulate, the function body in solve.java based on the function definition and docstring below:
apps_python_270,Directly build,Independently develop, the function body in solve.py based on the function definition and docstring below:
mbpp_python_271,Write,Build, out the function body in solve.py based on the function definition and docstring below:
codecontests_cpp_272,Write,Author, the function body in solve.cpp based on the function definition and docstring below:
codecontests_java_272,Save,Build, the function body in solve.java based on the function definition and docstring below:
apps_python_273,Directly implement,Manually develop, the function body in solve.py based on the function definition and docstring below:
mbpp_python_273,Manually build,Carefully implement, the function body in solve.py based on the function definition and docstring below:
codecontests_cpp_274,Prepare,Develop, the function body in solve.cpp based on the function definition and docstring below:
codecontests_java_274,Insert,Supply, the function body in solve.java based on the function definition and docstring below:
codecontests_java_275,Creat,Compos,e the function body in solve.java based on the function definition and docstring below:
codecontests_cpp_276,Properly add,Properly develop, the function body in solve.cpp based on the function definition and docstring below:
codecontests_java_276,Insert,Compose, the function body in solve.java based on the function definition and docstring below:
mbpp_python_276,Write,Build, out the function body in solve.py based on the function definition and docstring below:
apps_python_277,Paste,Design, the function body in solve.py based on the function definition and docstring below:
codecontests_java_277,Prefill,Formulate, the function body in solve.java based on the function definition and docstring below:
codecontests_java_278,Prepare,Craft, the function body in solve.java based on the function definition and docstring below:
apps_python_279,Save,Supply, the function body in solve.py based on the function definition and docstring below:
codecontests_cpp_279,Properly add,Properly develop, the function body in solve.cpp based on the function definition and docstring below:
codecontests_java_279,Appen,Buil,d the function body in solve.java based on the function definition and docstring below:
apps_python_280,Properly add,Properly develop, the function body in solve.py based on the function definition and docstring below:
codecontests_java_280,Finaliz,Devis,e the function body in solve.java based on the function definition and docstring below:
codecontests_cpp_281,Direct,Careful,ly implement the function body in solve.cpp based on the function definition and docstring below:
codecontests_java_283,Prefill,Formulate, the function body in solve.java based on the function definition and docstring below:
apps_python_284,Prepare,Implement, the function body in solve.py based on the function definition and docstring below:
codecontests_cpp_284,Append,Supply, the function body in solve.cpp based on the function definition and docstring below:
codecontests_java_284,Appen,Buil,d the function body in solve.java based on the function definition and docstring below:
apps_python_285,Edit,Author, the function body in solve.py based on the function definition and docstring below:
codecontests_cpp_285,Prepare,Author, the function body in solve.cpp based on the function definition and docstring below:
mbpp_python_285,Properly add,Properly develop, the function body in solve.py based on the function definition and docstring below:
codecontests_java_286,Edi,Craf,t the function body in solve.java based on the function definition and docstring below:
codecontests_java_287,Edit,Build, the function body in solve.java based on the function definition and docstring below:
apps_python_288,Directly implement,Independently develop, the function body in solve.py based on the function definition and docstring below:
codecontests_cpp_288,Properly add,Properly develop, the function body in solve.cpp based on the function definition and docstring below:
codecontests_java_288,Prefill,Formulate, the function body in solve.java based on the function definition and docstring below:
codecontests_java_289,Finaliz,Devis,e the function body in solve.java based on the function definition and docstring below:
codecontests_java_290,Properly add,Properly develop, the function body in solve.java based on the function definition and docstring below:
apps_python_291,Properly add,Properly develop, the function body in solve.py based on the function definition and docstring below:
codecontests_java_291,Edit,Compose, the function body in solve.java based on the function definition and docstring below:
mbpp_python_291,Properly add,Properly develop, the function body in solve.py based on the function definition and docstring below:
codecontests_cpp_292,Prepare,Craft, the function body in solve.cpp based on the function definition and docstring below:
codecontests_java_292,Save,Supply, the function body in solve.java based on the function definition and docstring below:
apps_python_293,Manually build,Independently develop, the function body in solve.py based on the function definition and docstring below:
apps_python_294,Finaliz,Devis,e the function body in solve.py based on the function definition and docstring below:
codecontests_cpp_294,Prepare,Implement, the function body in solve.cpp based on the function definition and docstring below:
codecontests_java_294,Insert,Compose, the function body in solve.java based on the function definition and docstring below:
apps_python_295,Paste,Supply, the function body in solve.py based on the function definition and docstring below:
apps_python_296,Write,Build, out the function body in solve.py based on the function definition and docstring below:
codecontests_cpp_296,Create,Author, the function body in solve.cpp based on the function definition and docstring below:
apps_python_297,Save,Build, the function body in solve.py based on the function definition and docstring below:
codecontests_cpp_297,Prepare,Develop, the function body in solve.cpp based on the function definition and docstring below:
codecontests_java_297,Insert,Compose, the function body in solve.java based on the function definition and docstring below:
apps_python_298,Save,Supply, the function body in solve.py based on the function definition and docstring below:
codecontests_java_298,Finaliz,Devis,e the function body in solve.java based on the function definition and docstring below:
codecontests_java_299,Manually build,Independently develop, the function body in solve.java based on the function definition and docstring below:
mbpp_python_299,Write,Build, out the function body in solve.py based on the function definition and docstring below:
apps_python_300,Write,Build, out the function body in solve.py based on the function definition and docstring below:
apps_python_301,Manually build,Manually develop, the function body in solve.py based on the function definition and docstring below:
codecontests_cpp_301,Write,Develop, the function body in solve.cpp based on the function definition and docstring below:
codecontests_java_301,Save,Build, the function body in solve.java based on the function definition and docstring below:
codecontests_java_302,Insert,Compose, the function body in solve.java based on the function definition and docstring below:
mbpp_python_302,Direct,Careful,ly implement the function body in solve.py based on the function definition and docstring below:
apps_python_303,Paste,Supply, the function body in solve.py based on the function definition and docstring below:
codecontests_java_303,Paste,Craft, the function body in solve.java based on the function definition and docstring below:
codecontests_cpp_304,Directly implement,Manually develop, the function body in solve.cpp based on the function definition and docstring below:
codecontests_java_304,Inser,Craf,t the function body in solve.java based on the function definition and docstring below:
mbpp_python_305,Directly build,Independently develop, the function body in solve.py based on the function definition and docstring below:
apps_python_306,Sav,Compos,e the function body in solve.py based on the function definition and docstring below:
codecontests_java_307,Manually build,Independently develop, the function body in solve.java based on the function definition and docstring below:
apps_python_308,Write,Build, out the function body in solve.py based on the function definition and docstring below:
codecontests_java_308,Past,Compos,e the function body in solve.java based on the function definition and docstring below:
mbpp_python_308,Directly build,Independently develop, the function body in solve.py based on the function definition and docstring below:
apps_python_309,Prepare,Design, the function body in solve.py based on the function definition and docstring below:
codecontests_java_309,Properly add,Properly develop, the function body in solve.java based on the function definition and docstring below:
apps_python_310,Write,Implement, the function body in solve.py based on the function definition and docstring below:
codecontests_cpp_310,Create,Implement, the function body in solve.cpp based on the function definition and docstring below:
codecontests_java_310,Appen,Buil,d the function body in solve.java based on the function definition and docstring below:
apps_python_311,Directly implement,Independently develop, the function body in solve.py based on the function definition and docstring below:
apps_python_312,Write,Build, out the function body in solve.py based on the function definition and docstring below:
codecontests_cpp_312,Write,Develop, the function body in solve.cpp based on the function definition and docstring below:
codecontests_java_312,Insert,Supply, the function body in solve.java based on the function definition and docstring below:
apps_python_313,Write,Design, the function body in solve.py based on the function definition and docstring below:
codecontests_java_313,Appen,Buil,d the function body in solve.java based on the function definition and docstring below:
apps_python_314,Finaliz,Formulat,e the function body in solve.py based on the function definition and docstring below:
codecontests_cpp_314,Properly add,Properly develop, the function body in solve.cpp based on the function definition and docstring below:
codecontests_java_314,Finaliz,Devis,e the function body in solve.java based on the function definition and docstring below:
codecontests_cpp_315,Prepare,Implement, the function body in solve.cpp based on the function definition and docstring below:
codecontests_java_315,Finaliz,Devis,e the function body in solve.java based on the function definition and docstring below:
apps_python_316,Directly build,Independently develop, the function body in solve.py based on the function definition and docstring below:
apps_python_317,Properly add,Properly develop, the function body in solve.py based on the function definition and docstring below:
codecontests_cpp_317,Prepare,Develop, the function body in solve.cpp based on the function definition and docstring below:
codecontests_java_317,Paste,Craft, the function body in solve.java based on the function definition and docstring below:
codecontests_java_318,Creat,Compos,e the function body in solve.java based on the function definition and docstring below:
apps_python_319,Manually build,Independently develop, the function body in solve.py based on the function definition and docstring below:
codecontests_java_319,Edit,Build, the function body in solve.java based on the function definition and docstring below:
codecontests_cpp_320,Properly add,Properly develop, the function body in solve.cpp based on the function definition and docstring below:
codecontests_java_320,Prefill,Formulate, the function body in solve.java based on the function definition and docstring below:
apps_python_321,Directly build,Independently develop, the function body in solve.py based on the function definition and docstring below:
codecontests_java_321,Finaliz,Devis,e the function body in solve.java based on the function definition and docstring below:
mbpp_python_321,Manually build,Carefully implement, the function body in solve.py based on the function definition and docstring below:
apps_python_322,Properly add,Properly develop, the function body in solve.py based on the function definition and docstring below:
codecontests_cpp_322,Directly implement,Independently develop, the function body in solve.cpp based on the function definition and docstring below:
apps_python_323,Properly add,Properly develop, the function body in solve.py based on the function definition and docstring below:
codecontests_java_323,Finaliz,Devis,e the function body in solve.java based on the function definition and docstring below:
apps_python_324,Properly add,Properly develop, the function body in solve.py based on the function definition and docstring below:
apps_python_325,Prefill,Formulate, the function body in solve.py based on the function definition and docstring below:
apps_python_326,Edi,Craf,t the function body in solve.py based on the function definition and docstring below:
codecontests_java_326,Save,Design, the function body in solve.java based on the function definition and docstring below:
codecontests_cpp_327,Create,Implement, the function body in solve.cpp based on the function definition and docstring below:
mbpp_python_327,Prepare,Implement, the function body in solve.py based on the function definition and docstring below:
apps_python_328,Write,Build, out the function body in solve.py based on the function definition and docstring below:
codecontests_cpp_328,Prepare,Develop, the function body in solve.cpp based on the function definition and docstring below:
codecontests_cpp_329,Write,Develop, the function body in solve.cpp based on the function definition and docstring below:
apps_python_330,Write,Build, out the function body in solve.py based on the function definition and docstring below:
codecontests_cpp_330,Prepare,Implement, the function body in solve.cpp based on the function definition and docstring below:
codecontests_java_330,Directly build,Independently develop, the function body in solve.java based on the function definition and docstring below:
apps_python_331,Prepare,Design, the function body in solve.py based on the function definition and docstring below:
codecontests_java_331,Edit,Compose, the function body in solve.java based on the function definition and docstring below:
codecontests_cpp_332,Create,Implement, the function body in solve.cpp based on the function definition and docstring below:
codecontests_java_332,Save,Supply, the function body in solve.java based on the function definition and docstring below:
apps_python_333,Directly build,Manually develop, the function body in solve.py based on the function definition and docstring below:
codecontests_java_333,Insert,Supply, the function body in solve.java based on the function definition and docstring below:
codecontests_java_334,Append,Design, the function body in solve.java based on the function definition and docstring below:
codecontests_cpp_335,Prepare,Develop, the function body in solve.cpp based on the function definition and docstring below:
mbpp_python_335,Direct,Careful,ly implement the function body in solve.py based on the function definition and docstring below:
apps_python_336,Prepare,Craft, the function body in solve.py based on the function definition and docstring below:
codecontests_java_336,Prepar,Compos,e the function body in solve.java based on the function definition and docstring below:
codecontests_cpp_337,Manually build,Carefully implement, the function body in solve.cpp based on the function definition and docstring below:
apps_python_338,Paste,Author, the function body in solve.py based on the function definition and docstring below:
codecontests_java_338,Properly add,Properly develop, the function body in solve.java based on the function definition and docstring below:
apps_python_339,Paste,Supply, the function body in solve.py based on the function definition and docstring below:
codecontests_cpp_339,Create,Develop, the function body in solve.cpp based on the function definition and docstring below:
codecontests_java_339,Edit,Supply, the function body in solve.java based on the function definition and docstring below:
codecontests_cpp_340,Properly add,Properly develop, the function body in solve.cpp based on the function definition and docstring below:
codecontests_java_340,Finaliz,Devis,e the function body in solve.java based on the function definition and docstring below:
apps_python_341,Directly build,Independently develop, the function body in solve.py based on the function definition and docstring below:
codecontests_cpp_341,Prepare,Develop, the function body in solve.cpp based on the function definition and docstring below:
codecontests_java_341,Edit,Compose, the function body in solve.java based on the function definition and docstring below:
codecontests_cpp_342,Create,Implement, the function body in solve.cpp based on the function definition and docstring below:
codecontests_java_343,Directly implement,Independently develop, the function body in solve.java based on the function definition and docstring below:
codecontests_cpp_344,Create,Develop, the function body in solve.cpp based on the function definition and docstring below:
codecontests_java_344,Paste,Supply, the function body in solve.java based on the function definition and docstring below:
apps_python_345,Write,Implement, the function body in solve.py based on the function definition and docstring below:
codecontests_java_345,Edi,Craf,t the function body in solve.java based on the function definition and docstring below:
apps_python_346,Prepare,Author, the function body in solve.py based on the function definition and docstring below:
codecontests_cpp_346,Write,Develop, the function body in solve.cpp based on the function definition and docstring below:
codecontests_java_346,Properly add,Properly develop, the function body in solve.java based on the function definition and docstring below:
apps_python_347,Properly add,Properly develop, the function body in solve.py based on the function definition and docstring below:
codecontests_cpp_347,Manually build,Carefully implement, the function body in solve.cpp based on the function definition and docstring below:
codecontests_java_347,Finaliz,Devis,e the function body in solve.java based on the function definition and docstring below:
codecontests_java_348,Properly add,Properly develop, the function body in solve.java based on the function definition and docstring below:
codecontests_cpp_349,Create,Implement, the function body in solve.cpp based on the function definition and docstring below:
codecontests_java_349,Prepare,Craft, the function body in solve.java based on the function definition and docstring below:
codecontests_java_350,Edit,Compose, the function body in solve.java based on the function definition and docstring below:
apps_python_351,Prefill,Formulate, the function body in solve.py based on the function definition and docstring below:
apps_python_352,Directly implement,Manually develop, the function body in solve.py based on the function definition and docstring below:
codecontests_java_353,Appen,Buil,d the function body in solve.java based on the function definition and docstring below:
codecontests_cpp_354,Write,Implement, the function body in solve.cpp based on the function definition and docstring below:
apps_python_355,Paste,Implement, the function body in solve.py based on the function definition and docstring below:
codecontests_java_355,Write,Develop, the function body in solve.java based on the function definition and docstring below:
apps_python_356,Prefill,Formulate, the function body in solve.py based on the function definition and docstring below:
apps_python_357,Manually build,Carefully implement, the function body in solve.py based on the function definition and docstring below:
codecontests_cpp_357,Create,Implement, the function body in solve.cpp based on the function definition and docstring below:
codecontests_java_357,Prefill,Formulate, the function body in solve.java based on the function definition and docstring below:
codecontests_cpp_358,Direct,Careful,ly implement the function body in solve.cpp based on the function definition and docstring below:
codecontests_java_358,Prefill,Formulate, the function body in solve.java based on the function definition and docstring below:
apps_python_359,Prefill,Devise, the function body in solve.py based on the function definition and docstring below:
codecontests_java_359,Write,Develop, the function body in solve.java based on the function definition and docstring below:
apps_python_360,Create,Implement, the function body in solve.py based on the function definition and docstring below:
codecontests_cpp_360,Manually build,Manually develop, the function body in solve.cpp based on the function definition and docstring below:
codecontests_java_360,Manually build,Independently develop, the function body in solve.java based on the function definition and docstring below:
apps_python_361,Create,Supply, the function body in solve.py based on the function definition and docstring below:
codecontests_cpp_361,Create,Implement, the function body in solve.cpp based on the function definition and docstring below:
codecontests_java_361,Finaliz,Devis,e the function body in solve.java based on the function definition and docstring below:
codecontests_cpp_362,Write,Build, out the function body in solve.cpp based on the function definition and docstring below:
apps_python_363,Write,Build, out the function body in solve.py based on the function definition and docstring below:
codecontests_java_363,Create,Develop, the function body in solve.java based on the function definition and docstring below:
codecontests_java_364,Directly implement,Independently develop, the function body in solve.java based on the function definition and docstring below:
mbpp_python_364,Write,Build, out the function body in solve.py based on the function definition and docstring below:
apps_python_365,Manually build,Carefully implement, the function body in solve.py based on the function definition and docstring below:
codecontests_cpp_365,Paste,Implement, the function body in solve.cpp based on the function definition and docstring below:
codecontests_java_365,Append,Supply, the function body in solve.java based on the function definition and docstring below:
apps_python_366,Prefill,Devise, the function body in solve.py based on the function definition and docstring below:
codecontests_cpp_366,Properly add,Properly develop, the function body in solve.cpp based on the function definition and docstring below:
apps_python_367,Directly implement,Independently develop, the function body in solve.py based on the function definition and docstring below:
codecontests_cpp_367,Properly add,Properly develop, the function body in solve.cpp based on the function definition and docstring below:
codecontests_java_367,Paste,Craft, the function body in solve.java based on the function definition and docstring below:
apps_python_368,Edi,Craf,t the function body in solve.py based on the function definition and docstring below:
codecontests_cpp_368,Create,Implement, the function body in solve.cpp based on the function definition and docstring below:
codecontests_java_368,Save,Design, the function body in solve.java based on the function definition and docstring below:
apps_python_369,Sav,Compos,e the function body in solve.py based on the function definition and docstring below:
codecontests_cpp_369,Properly add,Properly develop, the function body in solve.cpp based on the function definition and docstring below:
apps_python_370,Properly add,Properly develop, the function body in solve.py based on the function definition and docstring below:
codecontests_cpp_370,Save,Supply, the function body in solve.cpp based on the function definition and docstring below:
apps_python_371,Edit,Design, the function body in solve.py based on the function definition and docstring below:
codecontests_cpp_371,Create,Implement, the function body in solve.cpp based on the function definition and docstring below:
codecontests_java_371,Finaliz,Devis,e the function body in solve.java based on the function definition and docstring below:
apps_python_372,Save,Design, the function body in solve.py based on the function definition and docstring below:
codecontests_cpp_372,Create,Implement, the function body in solve.cpp based on the function definition and docstring below:
codecontests_java_372,Save,Design, the function body in solve.java based on the function definition and docstring below:
apps_python_373,Sav,Compos,e the function body in solve.py based on the function definition and docstring below:
codecontests_cpp_373,Paste,Implement, the function body in solve.cpp based on the function definition and docstring below:
codecontests_java_373,Insert,Compose, the function body in solve.java based on the function definition and docstring below:
apps_python_374,Prefill,Devise, the function body in solve.py based on the function definition and docstring below:
codecontests_java_374,Edit,Design, the function body in solve.java based on the function definition and docstring below:
apps_python_375,Direct,Careful,ly implement the function body in solve.py based on the function definition and docstring below:
codecontests_cpp_375,Write,Develop, the function body in solve.cpp based on the function definition and docstring below:
codecontests_java_375,Prefill,Formulate, the function body in solve.java based on the function definition and docstring below:
apps_python_376,Write,Build, out the function body in solve.py based on the function definition and docstring below:
codecontests_java_376,Write,Develop, the function body in solve.java based on the function definition and docstring below:
apps_python_378,Finaliz,Devis,e the function body in solve.py based on the function definition and docstring below:
codecontests_java_378,Append,Supply, the function body in solve.java based on the function definition and docstring below:
apps_python_379,Manually build,Independently develop, the function body in solve.py based on the function definition and docstring below:
apps_python_380,Prefill,Devise, the function body in solve.py based on the function definition and docstring below:
codecontests_cpp_380,Inser,Craf,t the function body in solve.cpp based on the function definition and docstring below:
mbpp_python_380,Directly build,Independently develop, the function body in solve.py based on the function definition and docstring below:
apps_python_381,Write,Build, out the function body in solve.py based on the function definition and docstring below:
apps_python_382,Manually build,Independently develop, the function body in solve.py based on the function definition and docstring below:
apps_python_383,Directly build,Manually develop, the function body in solve.py based on the function definition and docstring below:
codecontests_cpp_383,Create,Develop, the function body in solve.cpp based on the function definition and docstring below:
apps_python_384,Prefill,Formulate, the function body in solve.py based on the function definition and docstring below:
apps_python_385,Paste,Design, the function body in solve.py based on the function definition and docstring below:
codecontests_java_385,Edit,Compose, the function body in solve.java based on the function definition and docstring below:
apps_python_386,Prefill,Formulate, the function body in solve.py based on the function definition and docstring below:
codecontests_cpp_386,Properly add,Properly develop, the function body in solve.cpp based on the function definition and docstring below:
codecontests_java_386,Edit,Compose, the function body in solve.java based on the function definition and docstring below:
apps_python_387,Direct,Careful,ly implement the function body in solve.py based on the function definition and docstring below:
codecontests_java_388,Directly implement,Manually develop, the function body in solve.java based on the function definition and docstring below:
codecontests_cpp_390,Create,Develop, the function body in solve.cpp based on the function definition and docstring below:
codecontests_java_390,Paste,Author, the function body in solve.java based on the function definition and docstring below:
codecontests_cpp_391,Write,Author, the function body in solve.cpp based on the function definition and docstring below:
codecontests_java_391,Insert,Compose, the function body in solve.java based on the function definition and docstring below:
apps_python_392,Directly build,Independently develop, the function body in solve.py based on the function definition and docstring below:
codecontests_java_392,Finaliz,Devis,e the function body in solve.java based on the function definition and docstring below:
apps_python_393,Properly add,Properly develop, the function body in solve.py based on the function definition and docstring below:
codecontests_cpp_393,Write,Develop, the function body in solve.cpp based on the function definition and docstring below:
apps_python_394,Write,Build, out the function body in solve.py based on the function definition and docstring below:
codecontests_java_394,Properly add,Properly develop, the function body in solve.java based on the function definition and docstring below:
apps_python_395,Properly add,Properly develop, the function body in solve.py based on the function definition and docstring below:
codecontests_cpp_395,Write,Develop, the function body in solve.cpp based on the function definition and docstring below:
apps_python_396,Write,Build, out the function body in solve.py based on the function definition and docstring below:
codecontests_java_396,Write,Author, the function body in solve.java based on the function definition and docstring below:
codecontests_cpp_397,Direct,Careful,ly implement the function body in solve.cpp based on the function definition and docstring below:
codecontests_java_398,Write,Craft, the function body in solve.java based on the function definition and docstring below:
mbpp_python_399,Directly build,Manually develop, the function body in solve.py based on the function definition and docstring below:
codecontests_java_400,Paste,Craft, the function body in solve.java based on the function definition and docstring below:
codecontests_java_401,Edi,Craf,t the function body in solve.java based on the function definition and docstring below:
apps_python_402,Prefill,Formulate, the function body in solve.py based on the function definition and docstring below:
codecontests_cpp_402,Write,Build, out the function body in solve.cpp based on the function definition and docstring below:
codecontests_java_402,Save,Design, the function body in solve.java based on the function definition and docstring below:
apps_python_403,Manually build,Manually develop, the function body in solve.py based on the function definition and docstring below:
mbpp_python_404,Manually build,Carefully implement, the function body in solve.py based on the function definition and docstring below:
apps_python_405,Properly add,Properly develop, the function body in solve.py based on the function definition and docstring below:
apps_python_406,Directly implement,Independently develop, the function body in solve.py based on the function definition and docstring below:
mbpp_python_406,Directly build,Carefully implement, the function body in solve.py based on the function definition and docstring below:
apps_python_407,Paste,Author, the function body in solve.py based on the function definition and docstring below:
apps_python_408,Properly add,Properly develop, the function body in solve.py based on the function definition and docstring below:
codecontests_cpp_408,Insert,Author, the function body in solve.cpp based on the function definition and docstring below:
codecontests_java_408,Append,Supply, the function body in solve.java based on the function definition and docstring below:
mbpp_python_408,Directly build,Carefully implement, the function body in solve.py based on the function definition and docstring below:
apps_python_409,Directly implement,Manually develop, the function body in solve.py based on the function definition and docstring below:
codecontests_cpp_409,Prepare,Implement, the function body in solve.cpp based on the function definition and docstring below:
apps_python_410,Write,Build, out the function body in solve.py based on the function definition and docstring below:
codecontests_cpp_411,Properly add,Properly develop, the function body in solve.cpp based on the function definition and docstring below:
codecontests_java_411,Prefill,Formulate, the function body in solve.java based on the function definition and docstring below:
apps_python_412,Save,Author, the function body in solve.py based on the function definition and docstring below:
codecontests_java_412,Save,Supply, the function body in solve.java based on the function definition and docstring below:
codecontests_cpp_414,Create,Develop, the function body in solve.cpp based on the function definition and docstring below:
codecontests_java_414,Properly add,Properly develop, the function body in solve.java based on the function definition and docstring below:
apps_python_415,Write,Author, the function body in solve.py based on the function definition and docstring below:
codecontests_cpp_416,Prepare,Develop, the function body in solve.cpp based on the function definition and docstring below:
codecontests_java_416,Write,Build, out the function body in solve.java based on the function definition and docstring below:
mbpp_python_416,Directly build,Manually develop, the function body in solve.py based on the function definition and docstring below:
apps_python_417,Manually build,Manually develop, the function body in solve.py based on the function definition and docstring below:
codecontests_cpp_417,Properly add,Properly develop, the function body in solve.cpp based on the function definition and docstring below:
apps_python_419,Prefill,Formulate, the function body in solve.py based on the function definition and docstring below:
mbpp_python_419,Directly implement,Manually develop, the function body in solve.py based on the function definition and docstring below:
codecontests_cpp_420,Manually build,Carefully implement, the function body in solve.cpp based on the function definition and docstring below:
codecontests_java_420,Prefill,Formulate, the function body in solve.java based on the function definition and docstring below:
mbpp_python_420,Direct,Careful,ly implement the function body in solve.py based on the function definition and docstring below:
apps_python_421,Edi,Craf,t the function body in solve.py based on the function definition and docstring below:
mbpp_python_421,Write,Build, out the function body in solve.py based on the function definition and docstring below:
codecontests_cpp_422,Insert,Author, the function body in solve.cpp based on the function definition and docstring below:
mbpp_python_422,Manually build,Carefully implement, the function body in solve.py based on the function definition and docstring below:
codecontests_cpp_423,Prefill,Formulate, the function body in solve.cpp based on the function definition and docstring below:
codecontests_java_423,Prefill,Formulate, the function body in solve.java based on the function definition and docstring below:
codecontests_cpp_424,Prepare,Develop, the function body in solve.cpp based on the function definition and docstring below:
mbpp_python_424,Manually build,Carefully implement, the function body in solve.py based on the function definition and docstring below:
apps_python_425,Prepare,Design, the function body in solve.py based on the function definition and docstring below:
mbpp_python_425,Manually build,Carefully implement, the function body in solve.py based on the function definition and docstring below:
codecontests_cpp_426,Direct,Careful,ly implement the function body in solve.cpp based on the function definition and docstring below:
codecontests_java_426,Appen,Buil,d the function body in solve.java based on the function definition and docstring below:
codecontests_cpp_427,Insert,Author, the function body in solve.cpp based on the function definition and docstring below:
codecontests_java_427,Prefill,Formulate, the function body in solve.java based on the function definition and docstring below:
mbpp_python_427,Insert,Supply, the function body in solve.py based on the function definition and docstring below:
codecontests_cpp_428,Create,Implement, the function body in solve.cpp based on the function definition and docstring below:
codecontests_java_428,Append,Design, the function body in solve.java based on the function definition and docstring below:
apps_python_429,Insert,Compose, the function body in solve.py based on the function definition and docstring below:
codecontests_cpp_429,Write,Build, out the function body in solve.cpp based on the function definition and docstring below:
codecontests_java_429,Appen,Buil,d the function body in solve.java based on the function definition and docstring below:
apps_python_430,Prefill,Devise, the function body in solve.py based on the function definition and docstring below:
codecontests_cpp_430,Write,Develop, the function body in solve.cpp based on the function definition and docstring below:
codecontests_java_430,Directly implement,Manually develop, the function body in solve.java based on the function definition and docstring below:
apps_python_431,Prefill,Devise, the function body in solve.py based on the function definition and docstring below:
apps_python_432,Create,Implement, the function body in solve.py based on the function definition and docstring below:
codecontests_cpp_432,Prepare,Implement, the function body in solve.cpp based on the function definition and docstring below:
codecontests_java_433,Manually build,Manually develop, the function body in solve.java based on the function definition and docstring below:
mbpp_python_433,Insert,Author, the function body in solve.py based on the function definition and docstring below:
codecontests_java_434,Appen,Buil,d the function body in solve.java based on the function definition and docstring below:
mbpp_python_434,Finaliz,Devis,e the function body in solve.py based on the function definition and docstring below:
apps_python_435,Manually build,Manually develop, the function body in solve.py based on the function definition and docstring below:
codecontests_java_435,Insert,Design, the function body in solve.java based on the function definition and docstring below:
apps_python_436,Write,Implement, the function body in solve.py based on the function definition and docstring below:
codecontests_cpp_436,Paste,Author, the function body in solve.cpp based on the function definition and docstring below:
codecontests_java_436,Save,Design, the function body in solve.java based on the function definition and docstring below:
apps_python_437,Properly add,Properly develop, the function body in solve.py based on the function definition and docstring below:
codecontests_java_437,Save,Design, the function body in solve.java based on the function definition and docstring below:
mbpp_python_437,Directly build,Carefully implement, the function body in solve.py based on the function definition and docstring below:
codecontests_cpp_438,Prepare,Implement, the function body in solve.cpp based on the function definition and docstring below:
codecontests_java_438,Direct,Careful,ly implement the function body in solve.java based on the function definition and docstring below:
mbpp_python_438,Direct,Careful,ly implement the function body in solve.py based on the function definition and docstring below:
apps_python_439,Write,Build, out the function body in solve.py based on the function definition and docstring below:
codecontests_cpp_439,Write,Develop, the function body in solve.cpp based on the function definition and docstring below:
codecontests_java_440,Save,Design, the function body in solve.java based on the function definition and docstring below:
apps_python_441,Prepare,Implement, the function body in solve.py based on the function definition and docstring below:
codecontests_cpp_441,Insert,Author, the function body in solve.cpp based on the function definition and docstring below:
mbpp_python_442,Insert,Supply, the function body in solve.py based on the function definition and docstring below:
codecontests_java_443,Direct,Careful,ly implement the function body in solve.java based on the function definition and docstring below:
mbpp_python_443,Manually build,Independently develop, the function body in solve.py based on the function definition and docstring below:
apps_python_444,Write,Build, out the function body in solve.py based on the function definition and docstring below:
codecontests_java_444,Finaliz,Devis,e the function body in solve.java based on the function definition and docstring below:
apps_python_445,Sav,Compos,e the function body in solve.py based on the function definition and docstring below:
codecontests_java_445,Append,Supply, the function body in solve.java based on the function definition and docstring below:
mbpp_python_445,Directly implement,Independently develop, the function body in solve.py based on the function definition and docstring below:
apps_python_446,Save,Build, the function body in solve.py based on the function definition and docstring below:
codecontests_cpp_446,Append,Supply, the function body in solve.cpp based on the function definition and docstring below:
codecontests_java_446,Prefill,Formulate, the function body in solve.java based on the function definition and docstring below:
mbpp_python_446,Direct,Careful,ly implement the function body in solve.py based on the function definition and docstring below:
codecontests_cpp_447,Write,Build, out the function body in solve.cpp based on the function definition and docstring below:
codecontests_java_447,Save,Build, the function body in solve.java based on the function definition and docstring below:
apps_python_448,Paste,Design, the function body in solve.py based on the function definition and docstring below:
codecontests_java_448,Paste,Craft, the function body in solve.java based on the function definition and docstring below:
mbpp_python_448,Manually build,Carefully implement, the function body in solve.py based on the function definition and docstring below:
mbpp_python_449,Create,Implement, the function body in solve.py based on the function definition and docstring below:
mbpp_python_450,Properly add,Properly develop, the function body in solve.py based on the function definition and docstring below:
codecontests_cpp_451,Directly build,Carefully implement, the function body in solve.cpp based on the function definition and docstring below:
codecontests_java_451,Insert,Compose, the function body in solve.java based on the function definition and docstring below:
mbpp_python_451,Directly build,Independently develop, the function body in solve.py based on the function definition and docstring below:
codecontests_cpp_452,Direct,Careful,ly implement the function body in solve.cpp based on the function definition and docstring below:
codecontests_java_452,Append,Supply, the function body in solve.java based on the function definition and docstring below:
apps_python_453,Edit,Author, the function body in solve.py based on the function definition and docstring below:
codecontests_java_453,Append,Supply, the function body in solve.java based on the function definition and docstring below:
mbpp_python_453,Manually build,Manually develop, the function body in solve.py based on the function definition and docstring below:
apps_python_454,Finaliz,Formulat,e the function body in solve.py based on the function definition and docstring below:
codecontests_cpp_454,Manually build,Manually develop, the function body in solve.cpp based on the function definition and docstring below:
codecontests_java_454,Edi,Craf,t the function body in solve.java based on the function definition and docstring below:
apps_python_455,Write,Design, the function body in solve.py based on the function definition and docstring below:
codecontests_java_455,Directly implement,Manually develop, the function body in solve.java based on the function definition and docstring below:
mbpp_python_455,Directly build,Carefully implement, the function body in solve.py based on the function definition and docstring below:
codecontests_java_456,Edit,Build, the function body in solve.java based on the function definition and docstring below:
mbpp_python_456,Write,Build, out the function body in solve.py based on the function definition and docstring below:
codecontests_cpp_457,Write,Develop, the function body in solve.cpp based on the function definition and docstring below:
codecontests_java_457,Prefill,Formulate, the function body in solve.java based on the function definition and docstring below:
mbpp_python_457,Prepare,Develop, the function body in solve.py based on the function definition and docstring below:
apps_python_458,Edit,Author, the function body in solve.py based on the function definition and docstring below:
codecontests_cpp_458,Create,Author, the function body in solve.cpp based on the function definition and docstring below:
apps_python_459,Paste,Build, the function body in solve.py based on the function definition and docstring below:
codecontests_java_459,Edi,Craf,t the function body in solve.java based on the function definition and docstring below:
codecontests_java_461,Write,Craft, the function body in solve.java based on the function definition and docstring below:
apps_python_463,Prefill,Devise, the function body in solve.py based on the function definition and docstring below:
codecontests_cpp_463,Insert,Author, the function body in solve.cpp based on the function definition and docstring below:
apps_python_464,Direct,Careful,ly implement the function body in solve.py based on the function definition and docstring below:
codecontests_java_464,Directly implement,Independently develop, the function body in solve.java based on the function definition and docstring below:
codecontests_java_465,Finaliz,Devis,e the function body in solve.java based on the function definition and docstring below:
apps_python_466,Write,Build, out the function body in solve.py based on the function definition and docstring below:
codecontests_java_466,Directly implement,Manually develop, the function body in solve.java based on the function definition and docstring below:
apps_python_468,Manually build,Carefully implement, the function body in solve.py based on the function definition and docstring below:
codecontests_cpp_468,Manually build,Manually develop, the function body in solve.cpp based on the function definition and docstring below:
apps_python_469,Direct,Careful,ly implement the function body in solve.py based on the function definition and docstring below:
apps_python_470,Properly add,Properly develop, the function body in solve.py based on the function definition and docstring below:
codecontests_cpp_470,Write,Build, out the function body in solve.cpp based on the function definition and docstring below:
codecontests_java_470,Appen,Buil,d the function body in solve.java based on the function definition and docstring below:
apps_python_472,Sav,Compos,e the function body in solve.py based on the function definition and docstring below:
codecontests_java_472,Edit,Supply, the function body in solve.java based on the function definition and docstring below:
apps_python_473,Paste,Design, the function body in solve.py based on the function definition and docstring below:
apps_python_474,Write,Build, out the function body in solve.py based on the function definition and docstring below:
apps_python_475,Edit,Design, the function body in solve.py based on the function definition and docstring below:
codecontests_java_475,Save,Design, the function body in solve.java based on the function definition and docstring below:
apps_python_476,Directly implement,Manually develop, the function body in solve.py based on the function definition and docstring below:
codecontests_cpp_476,Prepare,Implement, the function body in solve.cpp based on the function definition and docstring below:
codecontests_java_476,Finaliz,Devis,e the function body in solve.java based on the function definition and docstring below:
apps_python_477,Prefill,Devise, the function body in solve.py based on the function definition and docstring below:
codecontests_cpp_477,Direct,Careful,ly implement the function body in solve.cpp based on the function definition and docstring below:
codecontests_cpp_479,Direct,Careful,ly implement the function body in solve.cpp based on the function definition and docstring below:
codecontests_java_479,Appen,Buil,d the function body in solve.java based on the function definition and docstring below:
apps_python_480,Directly build,Manually develop, the function body in solve.py based on the function definition and docstring below:
apps_python_481,Directly build,Independently develop, the function body in solve.py based on the function definition and docstring below:
codecontests_cpp_481,Direct,Careful,ly implement the function body in solve.cpp based on the function definition and docstring below:
apps_python_482,Prefill,Devise, the function body in solve.py based on the function definition and docstring below:
codecontests_java_482,Edi,Craf,t the function body in solve.java based on the function definition and docstring below:
apps_python_483,Directly implement,Manually develop, the function body in solve.py based on the function definition and docstring below:
codecontests_cpp_483,Properly add,Properly develop, the function body in solve.cpp based on the function definition and docstring below:
codecontests_java_483,Append,Design, the function body in solve.java based on the function definition and docstring below:
apps_python_484,Write,Build, out the function body in solve.py based on the function definition and docstring below:
codecontests_cpp_485,Write,Develop, the function body in solve.cpp based on the function definition and docstring below:
codecontests_java_485,Prefill,Formulate, the function body in solve.java based on the function definition and docstring below:
apps_python_486,Write,Develop, the function body in solve.py based on the function definition and docstring below:
codecontests_cpp_486,Direct,Careful,ly implement the function body in solve.cpp based on the function definition and docstring below:
codecontests_java_486,Append,Supply, the function body in solve.java based on the function definition and docstring below:
apps_python_487,Create,Develop, the function body in solve.py based on the function definition and docstring below:
codecontests_java_487,Past,Compos,e the function body in solve.java based on the function definition and docstring below:
codecontests_cpp_488,Prepare,Implement, the function body in solve.cpp based on the function definition and docstring below:
codecontests_java_488,Finaliz,Devis,e the function body in solve.java based on the function definition and docstring below:
apps_python_489,Paste,Supply, the function body in solve.py based on the function definition and docstring below:
apps_python_490,Paste,Implement, the function body in solve.py based on the function definition and docstring below:
codecontests_cpp_490,Prepare,Implement, the function body in solve.cpp based on the function definition and docstring below:
codecontests_java_490,Finaliz,Devis,e the function body in solve.java based on the function definition and docstring below:
apps_python_491,Write,Implement, the function body in solve.py based on the function definition and docstring below:
codecontests_java_491,Finaliz,Devis,e the function body in solve.java based on the function definition and docstring below:
codecontests_cpp_492,Write,Build, out the function body in solve.cpp based on the function definition and docstring below:
codecontests_java_492,Save,Supply, the function body in solve.java based on the function definition and docstring below:
codecontests_cpp_493,Properly add,Properly develop, the function body in solve.cpp based on the function definition and docstring below:
apps_python_494,Prefill,Formulate, the function body in solve.py based on the function definition and docstring below:
apps_python_495,Directly implement,Independently develop, the function body in solve.py based on the function definition and docstring below:
codecontests_java_495,Directly implement,Independently develop, the function body in solve.java based on the function definition and docstring below:
codecontests_java_496,Appen,Buil,d the function body in solve.java based on the function definition and docstring below:
apps_python_498,Write,Build, out the function body in solve.py based on the function definition and docstring below:
apps_python_499,Insert,Supply, the function body in solve.py based on the function definition and docstring below:
codecontests_java_499,Prepar,Compos,e the function body in solve.java based on the function definition and docstring below:
apps_python_500,Manually build,Manually develop, the function body in solve.py based on the function definition and docstring below:
codecontests_java_500,Save,Design, the function body in solve.java based on the function definition and docstring below:
apps_python_501,Prepare,Design, the function body in solve.py based on the function definition and docstring below:
codecontests_cpp_502,Write,Build, out the function body in solve.cpp based on the function definition and docstring below:
codecontests_java_502,Appen,Buil,d the function body in solve.java based on the function definition and docstring below:
apps_python_503,Directly build,Manually develop, the function body in solve.py based on the function definition and docstring below:
codecontests_cpp_503,Write,Build, out the function body in solve.cpp based on the function definition and docstring below:
apps_python_504,Manually build,Manually develop, the function body in solve.py based on the function definition and docstring below:
codecontests_cpp_504,Properly add,Properly develop, the function body in solve.cpp based on the function definition and docstring below:
codecontests_java_505,Finaliz,Devis,e the function body in solve.java based on the function definition and docstring below:
codecontests_cpp_508,Paste,Craft, the function body in solve.cpp based on the function definition and docstring below:
codecontests_java_508,Prefill,Formulate, the function body in solve.java based on the function definition and docstring below:
codecontests_java_509,Prefill,Formulate, the function body in solve.java based on the function definition and docstring below:
codecontests_cpp_510,Direct,Careful,ly implement the function body in solve.cpp based on the function definition and docstring below:
codecontests_java_510,Finaliz,Devis,e the function body in solve.java based on the function definition and docstring below:
codecontests_cpp_511,Inser,Implemen,t the function body in solve.cpp based on the function definition and docstring below:
codecontests_java_511,Append,Supply, the function body in solve.java based on the function definition and docstring below:
codecontests_cpp_512,Write,Build, out the function body in solve.cpp based on the function definition and docstring below:
codecontests_java_512,Prefill,Formulate, the function body in solve.java based on the function definition and docstring below:
codecontests_java_513,Finaliz,Devis,e the function body in solve.java based on the function definition and docstring below:
codecontests_cpp_515,Create,Develop, the function body in solve.cpp based on the function definition and docstring below:
codecontests_java_515,Past,Compos,e the function body in solve.java based on the function definition and docstring below:
codecontests_cpp_516,Prepare,Implement, the function body in solve.cpp based on the function definition and docstring below:
codecontests_java_516,Insert,Compose, the function body in solve.java based on the function definition and docstring below:
codecontests_cpp_517,Paste,Author, the function body in solve.cpp based on the function definition and docstring below:
codecontests_java_519,Finaliz,Devis,e the function body in solve.java based on the function definition and docstring below:
codecontests_cpp_520,Create,Implement, the function body in solve.cpp based on the function definition and docstring below:
codecontests_java_520,Prefill,Formulate, the function body in solve.java based on the function definition and docstring below:
codecontests_java_521,Write,Design, the function body in solve.java based on the function definition and docstring below:
codecontests_java_522,Insert,Compose, the function body in solve.java based on the function definition and docstring below:
codecontests_cpp_524,Write,Build, out the function body in solve.cpp based on the function definition and docstring below:
codecontests_java_524,Insert,Compose, the function body in solve.java based on the function definition and docstring below:
codecontests_cpp_526,Write,Develop, the function body in solve.cpp based on the function definition and docstring below:
codecontests_java_526,Directly implement,Independently develop, the function body in solve.java based on the function definition and docstring below:
codecontests_cpp_527,Direct,Careful,ly implement the function body in solve.cpp based on the function definition and docstring below:
codecontests_java_527,Prefill,Formulate, the function body in solve.java based on the function definition and docstring below:
codecontests_cpp_529,Paste,Author, the function body in solve.cpp based on the function definition and docstring below:
codecontests_java_530,Directly implement,Manually develop, the function body in solve.java based on the function definition and docstring below:
codecontests_cpp_531,Insert,Author, the function body in solve.cpp based on the function definition and docstring below:
codecontests_java_531,Prefill,Formulate, the function body in solve.java based on the function definition and docstring below:
codecontests_java_532,Manually build,Manually develop, the function body in solve.java based on the function definition and docstring below:
codecontests_cpp_534,Write,Develop, the function body in solve.cpp based on the function definition and docstring below:
codecontests_java_534,Save,Design, the function body in solve.java based on the function definition and docstring below:
codecontests_cpp_535,Prepare,Develop, the function body in solve.cpp based on the function definition and docstring below:
codecontests_java_535,Appen,Buil,d the function body in solve.java based on the function definition and docstring below:
codecontests_cpp_536,Paste,Build, the function body in solve.cpp based on the function definition and docstring below:
codecontests_java_536,Append,Supply, the function body in solve.java based on the function definition and docstring below:
codecontests_cpp_538,Direct,Careful,ly implement the function body in solve.cpp based on the function definition and docstring below:
codecontests_java_538,Finaliz,Devis,e the function body in solve.java based on the function definition and docstring below:
codecontests_cpp_540,Create,Author, the function body in solve.cpp based on the function definition and docstring below:
codecontests_java_540,Prefill,Formulate, the function body in solve.java based on the function definition and docstring below:
codecontests_cpp_541,Create,Implement, the function body in solve.cpp based on the function definition and docstring below:
codecontests_cpp_542,Write,Develop, the function body in solve.cpp based on the function definition and docstring below:
codecontests_java_544,Save,Design, the function body in solve.java based on the function definition and docstring below:
codecontests_java_545,Edit,Compose, the function body in solve.java based on the function definition and docstring below:
codecontests_java_546,Prefill,Formulate, the function body in solve.java based on the function definition and docstring below:
codecontests_java_547,Write,Develop, the function body in solve.java based on the function definition and docstring below:
codecontests_cpp_550,Insert,Author, the function body in solve.cpp based on the function definition and docstring below:
codecontests_java_550,Paste,Supply, the function body in solve.java based on the function definition and docstring below:
codecontests_java_552,Appen,Buil,d the function body in solve.java based on the function definition and docstring below:
codecontests_java_553,Prepar,Compos,e the function body in solve.java based on the function definition and docstring below:
codecontests_cpp_554,Manually build,Manually develop, the function body in solve.cpp based on the function definition and docstring below:
codecontests_java_554,Save,Design, the function body in solve.java based on the function definition and docstring below:
codecontests_java_555,Writ,Compos,e the function body in solve.java based on the function definition and docstring below:
codecontests_java_556,Append,Supply, the function body in solve.java based on the function definition and docstring below:
codecontests_cpp_557,Write,Build, out the function body in solve.cpp based on the function definition and docstring below:
codecontests_java_557,Edit,Supply, the function body in solve.java based on the function definition and docstring below:
codecontests_cpp_558,Properly add,Properly develop, the function body in solve.cpp based on the function definition and docstring below:
codecontests_java_558,Save,Supply, the function body in solve.java based on the function definition and docstring below:
codecontests_java_559,Finaliz,Devis,e the function body in solve.java based on the function definition and docstring below:
codecontests_cpp_560,Create,Author, the function body in solve.cpp based on the function definition and docstring below:
codecontests_java_560,Appen,Buil,d the function body in solve.java based on the function definition and docstring below:
codecontests_java_561,Directly implement,Manually develop, the function body in solve.java based on the function definition and docstring below:
codecontests_java_562,Save,Supply, the function body in solve.java based on the function definition and docstring below:
codecontests_java_563,Finaliz,Devis,e the function body in solve.java based on the function definition and docstring below:
codecontests_java_564,Finaliz,Devis,e the function body in solve.java based on the function definition and docstring below:
codecontests_cpp_565,Paste,Author, the function body in solve.cpp based on the function definition and docstring below:
codecontests_java_565,Save,Supply, the function body in solve.java based on the function definition and docstring below:
codecontests_cpp_566,Write,Build, out the function body in solve.cpp based on the function definition and docstring below:
codecontests_java_566,Save,Build, the function body in solve.java based on the function definition and docstring below:
codecontests_cpp_567,Directly build,Carefully implement, the function body in solve.cpp based on the function definition and docstring below:
codecontests_java_567,Save,Design, the function body in solve.java based on the function definition and docstring below:
codecontests_java_570,Save,Build, the function body in solve.java based on the function definition and docstring below:
codecontests_java_571,Edit,Compose, the function body in solve.java based on the function definition and docstring below:
codecontests_java_572,Manually build,Independently develop, the function body in solve.java based on the function definition and docstring below:
codecontests_cpp_573,Prefill,Formulate, the function body in solve.cpp based on the function definition and docstring below:
codecontests_java_573,Prefill,Formulate, the function body in solve.java based on the function definition and docstring below:
codecontests_cpp_574,Manually build,Carefully implement, the function body in solve.cpp based on the function definition and docstring below:
codecontests_java_574,Inser,Craf,t the function body in solve.java based on the function definition and docstring below:
codecontests_java_575,Finaliz,Devis,e the function body in solve.java based on the function definition and docstring below:
codecontests_cpp_576,Create,Develop, the function body in solve.cpp based on the function definition and docstring below:
codecontests_java_576,Directly implement,Manually develop, the function body in solve.java based on the function definition and docstring below:
codecontests_java_577,Appen,Buil,d the function body in solve.java based on the function definition and docstring below:
codecontests_java_578,Edit,Compose, the function body in solve.java based on the function definition and docstring below:
codecontests_cpp_579,Create,Develop, the function body in solve.cpp based on the function definition and docstring below:
codecontests_java_580,Paste,Author, the function body in solve.java based on the function definition and docstring below:
codecontests_java_581,Past,Compos,e the function body in solve.java based on the function definition and docstring below:
codecontests_cpp_582,Insert,Author, the function body in solve.cpp based on the function definition and docstring below:
codecontests_java_583,Write,Develop, the function body in solve.java based on the function definition and docstring below:
codecontests_java_584,Prepare,Craft, the function body in solve.java based on the function definition and docstring below:
codecontests_cpp_586,Prepare,Implement, the function body in solve.cpp based on the function definition and docstring below:
codecontests_cpp_588,Append,Supply, the function body in solve.cpp based on the function definition and docstring below:
codecontests_java_588,Prefill,Formulate, the function body in solve.java based on the function definition and docstring below:
codecontests_cpp_589,Directly build,Carefully implement, the function body in solve.cpp based on the function definition and docstring below:
codecontests_java_589,Past,Compos,e the function body in solve.java based on the function definition and docstring below:
codecontests_cpp_590,Properly add,Properly develop, the function body in solve.cpp based on the function definition and docstring below:
codecontests_java_590,Edi,Craf,t the function body in solve.java based on the function definition and docstring below:
codecontests_java_591,Prefill,Formulate, the function body in solve.java based on the function definition and docstring below:
codecontests_cpp_592,Paste,Build, the function body in solve.cpp based on the function definition and docstring below:
codecontests_java_592,Paste,Build, the function body in solve.java based on the function definition and docstring below:
codecontests_cpp_593,Create,Author, the function body in solve.cpp based on the function definition and docstring below:
codecontests_java_593,Finaliz,Devis,e the function body in solve.java based on the function definition and docstring below:
codecontests_cpp_595,Insert,Author, the function body in solve.cpp based on the function definition and docstring below:
codecontests_java_595,Save,Design, the function body in solve.java based on the function definition and docstring below:
codecontests_java_596,Save,Design, the function body in solve.java based on the function definition and docstring below:
codecontests_cpp_598,Write,Implement, the function body in solve.cpp based on the function definition and docstring below:
codecontests_java_599,Insert,Compose, the function body in solve.java based on the function definition and docstring below:
codecontests_java_600,Prefill,Formulate, the function body in solve.java based on the function definition and docstring below:
codecontests_cpp_601,Write,Build, out the function body in solve.cpp based on the function definition and docstring below:
codecontests_java_601,Appen,Buil,d the function body in solve.java based on the function definition and docstring below:
codecontests_java_602,Edi,Craf,t the function body in solve.java based on the function definition and docstring below:
codecontests_java_603,Save,Supply, the function body in solve.java based on the function definition and docstring below:
codecontests_java_604,Insert,Compose, the function body in solve.java based on the function definition and docstring below:
codecontests_cpp_605,Prepare,Implement, the function body in solve.cpp based on the function definition and docstring below:
codecontests_java_605,Insert,Compose, the function body in solve.java based on the function definition and docstring below:
codecontests_cpp_606,Create,Build, the function body in solve.cpp based on the function definition and docstring below:
codecontests_java_606,Save,Supply, the function body in solve.java based on the function definition and docstring below:
codecontests_cpp_608,Create,Author, the function body in solve.cpp based on the function definition and docstring below:
codecontests_java_608,Prefill,Formulate, the function body in solve.java based on the function definition and docstring below:
codecontests_cpp_610,Write,Develop, the function body in solve.cpp based on the function definition and docstring below:
codecontests_java_610,Finaliz,Devis,e the function body in solve.java based on the function definition and docstring below:
codecontests_java_611,Prefill,Formulate, the function body in solve.java based on the function definition and docstring below:
codecontests_cpp_612,Create,Develop, the function body in solve.cpp based on the function definition and docstring below:
codecontests_java_612,Edit,Build, the function body in solve.java based on the function definition and docstring below:
codecontests_cpp_613,Directly implement,Independently develop, the function body in solve.cpp based on the function definition and docstring below:
codecontests_java_613,Edit,Design, the function body in solve.java based on the function definition and docstring below:
codecontests_cpp_614,Write,Build, out the function body in solve.cpp based on the function definition and docstring below:
codecontests_java_614,Prefill,Formulate, the function body in solve.java based on the function definition and docstring below:
codecontests_cpp_615,Direct,Careful,ly implement the function body in solve.cpp based on the function definition and docstring below:
codecontests_java_615,Prefill,Formulate, the function body in solve.java based on the function definition and docstring below:
codecontests_cpp_616,Create,Author, the function body in solve.cpp based on the function definition and docstring below:
codecontests_java_616,Append,Design, the function body in solve.java based on the function definition and docstring below:
codecontests_cpp_617,Directly implement,Manually develop, the function body in solve.cpp based on the function definition and docstring below:
codecontests_java_617,Prefill,Formulate, the function body in solve.java based on the function definition and docstring below:
codecontests_cpp_618,Insert,Author, the function body in solve.cpp based on the function definition and docstring below:
codecontests_java_618,Appen,Buil,d the function body in solve.java based on the function definition and docstring below:
codecontests_java_619,Appen,Buil,d the function body in solve.java based on the function definition and docstring below:
codecontests_java_620,Edi,Craf,t the function body in solve.java based on the function definition and docstring below:
codecontests_java_622,Properly add,Properly develop, the function body in solve.java based on the function definition and docstring below:
codecontests_java_623,Directly implement,Independently develop, the function body in solve.java based on the function definition and docstring below:
codecontests_cpp_624,Write,Author, the function body in solve.cpp based on the function definition and docstring below:
codecontests_java_625,Appen,Buil,d the function body in solve.java based on the function definition and docstring below:
codecontests_java_626,Paste,Supply, the function body in solve.java based on the function definition and docstring below:
codecontests_java_627,Prefill,Formulate, the function body in solve.java based on the function definition and docstring below:
codecontests_cpp_629,Create,Implement, the function body in solve.cpp based on the function definition and docstring below:
codecontests_java_629,Prefill,Formulate, the function body in solve.java based on the function definition and docstring below:
codecontests_cpp_631,Finaliz,Formulat,e the function body in solve.cpp based on the function definition and docstring below:
codecontests_cpp_632,Create,Develop, the function body in solve.cpp based on the function definition and docstring below:
codecontests_cpp_633,Prepare,Craft, the function body in solve.cpp based on the function definition and docstring below:
codecontests_cpp_634,Append,Compose, the function body in solve.cpp based on the function definition and docstring below:
codecontests_cpp_635,Edit,Design, the function body in solve.cpp based on the function definition and docstring below:
codecontests_cpp_638,Insert,Author, the function body in solve.cpp based on the function definition and docstring below:
codecontests_cpp_639,Save,Craft, the function body in solve.cpp based on the function definition and docstring below:
codecontests_cpp_640,Write,Build, the function body in solve.cpp based on the function definition and docstring below:
codecontests_cpp_641,Save,Build, the function body in solve.cpp based on the function definition and docstring below:
codecontests_cpp_642,Prepare,Craft, the function body in solve.cpp based on the function definition and docstring below:
codecontests_cpp_643,Prepare,Develop, the function body in solve.cpp based on the function definition and docstring below:
codecontests_cpp_644,Append,Compose, the function body in solve.cpp based on the function definition and docstring below:
codecontests_cpp_645,Append,Craft, the function body in solve.cpp based on the function definition and docstring below:
codecontests_cpp_647,Create,Design, the function body in solve.cpp based on the function definition and docstring below:
codecontests_cpp_648,Edit,Develop, the function body in solve.cpp based on the function definition and docstring below:
codecontests_cpp_649,Create,Implement, the function body in solve.cpp based on the function definition and docstring below:
codecontests_cpp_652,Prefill,Formulate, the function body in solve.cpp based on the function definition and docstring below:
codecontests_cpp_655,Inser,Craf,t the function body in solve.cpp based on the function definition and docstring below:
codecontests_cpp_656,Edit,Build, the function body in solve.cpp based on the function definition and docstring below:
codecontests_cpp_657,Insert,Build, the function body in solve.cpp based on the function definition and docstring below:
codecontests_cpp_658,Write,Build, the function body in solve.cpp based on the function definition and docstring below:
codecontests_cpp_660,Write,Author, the function body in solve.cpp based on the function definition and docstring below:
codecontests_cpp_661,Write,Build, out the function body in solve.cpp based on the function definition and docstring below:
codecontests_cpp_665,Prefill,Devise, the function body in solve.cpp based on the function definition and docstring below:
codecontests_cpp_666,Paste,Author, the function body in solve.cpp based on the function definition and docstring below:
codecontests_cpp_667,Finaliz,Formulat,e the function body in solve.cpp based on the function definition and docstring below:
codecontests_cpp_669,Finaliz,Devis,e the function body in solve.cpp based on the function definition and docstring below:
codecontests_cpp_670,Save,Build, the function body in solve.cpp based on the function definition and docstring below:
codecontests_cpp_671,Prepare,Build, the function body in solve.cpp based on the function definition and docstring below:
codecontests_cpp_672,Prefill,Formulate, the function body in solve.cpp based on the function definition and docstring below:
codecontests_cpp_673,Sav,Compos,e the function body in solve.cpp based on the function definition and docstring below:
codecontests_cpp_674,Finaliz,Formulat,e the function body in solve.cpp based on the function definition and docstring below:
codecontests_cpp_676,Create,Implement, the function body in solve.cpp based on the function definition and docstring below:
codecontests_cpp_677,Edit,Design, the function body in solve.cpp based on the function definition and docstring below:
codecontests_cpp_678,Write,Author, the function body in solve.cpp based on the function definition and docstring below:
codecontests_cpp_679,Prepare,Develop, the function body in solve.cpp based on the function definition and docstring below:
codecontests_cpp_682,Properly add,Properly develop, the function body in solve.cpp based on the function definition and docstring below:
codecontests_cpp_683,Properly add,Properly develop, the function body in solve.cpp based on the function definition and docstring below:
codecontests_cpp_685,Prefill,Devise, the function body in solve.cpp based on the function definition and docstring below:
codecontests_cpp_687,Insert,Build, the function body in solve.cpp based on the function definition and docstring below:
codecontests_cpp_689,Edit,Build, the function body in solve.cpp based on the function definition and docstring below:
codecontests_cpp_690,Finaliz,Formulat,e the function body in solve.cpp based on the function definition and docstring below:
codecontests_cpp_692,Append,Compose, the function body in solve.cpp based on the function definition and docstring below:
codecontests_cpp_693,Create,Implement, the function body in solve.cpp based on the function definition and docstring below:
codecontests_cpp_694,Create,Build, the function body in solve.cpp based on the function definition and docstring below:
codecontests_cpp_697,Finaliz,Devis,e the function body in solve.cpp based on the function definition and docstring below:
codecontests_cpp_698,Prefill,Devise, the function body in solve.cpp based on the function definition and docstring below:
codecontests_cpp_699,Append,Compose, the function body in solve.cpp based on the function definition and docstring below:
codecontests_cpp_700,Insert,Compose, the function body in solve.cpp based on the function definition and docstring below:
codecontests_cpp_701,Prepare,Author, the function body in solve.cpp based on the function definition and docstring below:
codecontests_cpp_702,Append,Craft, the function body in solve.cpp based on the function definition and docstring below:
codecontests_cpp_705,Paste,Craft, the function body in solve.cpp based on the function definition and docstring below:
codecontests_cpp_707,Create,Craft, the function body in solve.cpp based on the function definition and docstring below:
codecontests_cpp_708,Prefill,Devise, the function body in solve.cpp based on the function definition and docstring below:
codecontests_cpp_709,Insert,Design, the function body in solve.cpp based on the function definition and docstring below:
codecontests_cpp_710,Paste,Author, the function body in solve.cpp based on the function definition and docstring below:
codecontests_cpp_711,Appen,Buil,d the function body in solve.cpp based on the function definition and docstring below:
codecontests_cpp_713,Append,Compose, the function body in solve.cpp based on the function definition and docstring below:
codecontests_cpp_714,Appen,Buil,d the function body in solve.cpp based on the function definition and docstring below:
codecontests_cpp_717,Create,Author, the function body in solve.cpp based on the function definition and docstring below:
codecontests_cpp_719,Insert,Build, the function body in solve.cpp based on the function definition and docstring below:
codecontests_cpp_721,Save,Build, the function body in solve.cpp based on the function definition and docstring below:
codecontests_cpp_722,Edit,Build, the function body in solve.cpp based on the function definition and docstring below:
codecontests_cpp_724,Finaliz,Devis,e the function body in solve.cpp based on the function definition and docstring below:
codecontests_cpp_725,Paste,Build, the function body in solve.cpp based on the function definition and docstring below:
codecontests_cpp_728,Append,Craft, the function body in solve.cpp based on the function definition and docstring below:
codecontests_cpp_729,Properly add,Properly develop, the function body in solve.cpp based on the function definition and docstring below:
codecontests_cpp_730,Paste,Build, the function body in solve.cpp based on the function definition and docstring below:
codecontests_cpp_731,Append,Craft, the function body in solve.cpp based on the function definition and docstring below:
codecontests_cpp_736,Finaliz,Devis,e the function body in solve.cpp based on the function definition and docstring below:
codecontests_cpp_737,Write,Build, out the function body in solve.cpp based on the function definition and docstring below:
codecontests_cpp_739,Finaliz,Devis,e the function body in solve.cpp based on the function definition and docstring below:
codecontests_cpp_740,Append,Compose, the function body in solve.cpp based on the function definition and docstring below:
codecontests_cpp_741,Append,Compose, the function body in solve.cpp based on the function definition and docstring below:
codecontests_cpp_742,Prefill,Formulate, the function body in solve.cpp based on the function definition and docstring below:
codecontests_cpp_743,Finaliz,Devis,e the function body in solve.cpp based on the function definition and docstring below:
codecontests_cpp_745,Write,Develop, the function body in solve.cpp based on the function definition and docstring below:
codecontests_cpp_747,Create,Implement, the function body in solve.cpp based on the function definition and docstring below:
codecontests_cpp_749,Insert,Compose, the function body in solve.cpp based on the function definition and docstring below:
codecontests_cpp_750,Inser,Implemen,t the function body in solve.cpp based on the function definition and docstring below:
codecontests_cpp_752,Save,Build, the function body in solve.cpp based on the function definition and docstring below:
codecontests_cpp_753,Save,Craft, the function body in solve.cpp based on the function definition and docstring below:
codecontests_cpp_754,Write,Build, out the function body in solve.cpp based on the function definition and docstring below:
codecontests_cpp_755,Finaliz,Devis,e the function body in solve.cpp based on the function definition and docstring below:
codecontests_cpp_756,Appen,Buil,d the function body in solve.cpp based on the function definition and docstring below:
codecontests_cpp_757,Save,Craft, the function body in solve.cpp based on the function definition and docstring below:
codecontests_cpp_758,Appen,Buil,d the function body in solve.cpp based on the function definition and docstring below:
codecontests_cpp_760,Prefill,Devise, the function body in solve.cpp based on the function definition and docstring below:
codecontests_cpp_762,Append,Compose, the function body in solve.cpp based on the function definition and docstring below:
codecontests_cpp_764,Append,Craft, the function body in solve.cpp based on the function definition and docstring below:
codecontests_cpp_765,Append,Compose, the function body in solve.cpp based on the function definition and docstring below:
codecontests_cpp_766,Insert,Design, the function body in solve.cpp based on the function definition and docstring below:
codecontests_cpp_767,Inser,Craf,t the function body in solve.cpp based on the function definition and docstring below:
codecontests_cpp_769,Edit,Compose, the function body in solve.cpp based on the function definition and docstring below:
codecontests_cpp_770,Paste,Implement, the function body in solve.cpp based on the function definition and docstring below:
codecontests_cpp_772,Edit,Author, the function body in solve.cpp based on the function definition and docstring below:
codecontests_cpp_773,Finaliz,Devis,e the function body in solve.cpp based on the function definition and docstring below:
codecontests_cpp_776,Properly add,Properly develop, the function body in solve.cpp based on the function definition and docstring below:
codecontests_cpp_778,Write,Develop, the function body in solve.cpp based on the function definition and docstring below:
codecontests_cpp_781,Finaliz,Devis,e the function body in solve.cpp based on the function definition and docstring below:
codecontests_cpp_782,Finaliz,Devis,e the function body in solve.cpp based on the function definition and docstring below:
codecontests_cpp_783,Properly add,Properly develop, the function body in solve.cpp based on the function definition and docstring below:
codecontests_cpp_785,Append,Compose, the function body in solve.cpp based on the function definition and docstring below:
codecontests_cpp_786,Edit,Build, the function body in solve.cpp based on the function definition and docstring below:
codecontests_cpp_787,Prepare,Implement, the function body in solve.cpp based on the function definition and docstring below:
codecontests_cpp_789,Prefill,Formulate, the function body in solve.cpp based on the function definition and docstring below:
codecontests_cpp_790,Create,Implement, the function body in solve.cpp based on the function definition and docstring below:
codecontests_cpp_791,Append,Supply, the function body in solve.cpp based on the function definition and docstring below:
codecontests_cpp_793,Edit,Compose, the function body in solve.cpp based on the function definition and docstring below:
codecontests_cpp_795,Prefill,Devise, the function body in solve.cpp based on the function definition and docstring below:
codecontests_cpp_797,Prepare,Author, the function body in solve.cpp based on the function definition and docstring below:
codecontests_cpp_798,Write,Implement, the function body in solve.cpp based on the function definition and docstring below:
codecontests_cpp_799,Append,Craft, the function body in solve.cpp based on the function definition and docstring below:
codecontests_cpp_800,Edit,Author, the function body in solve.cpp based on the function definition and docstring below:
codecontests_cpp_801,Append,Compose, the function body in solve.cpp based on the function definition and docstring below:
codecontests_cpp_802,Edit,Develop, the function body in solve.cpp based on the function definition and docstring below:
codecontests_cpp_803,Inser,Craf,t the function body in solve.cpp based on the function definition and docstring below:
codecontests_cpp_804,Prepare,Build, the function body in solve.cpp based on the function definition and docstring below:
codecontests_cpp_805,Write,Implement, the function body in solve.cpp based on the function definition and docstring below:
codecontests_cpp_806,Append,Compose, the function body in solve.cpp based on the function definition and docstring below:
codecontests_cpp_807,Edi,Craf,t the function body in solve.cpp based on the function definition and docstring below:
codecontests_cpp_808,Insert,Compose, the function body in solve.cpp based on the function definition and docstring below:
codecontests_cpp_810,Properly add,Properly develop, the function body in solve.cpp based on the function definition and docstring below:
codecontests_cpp_813,Write,Author, the function body in solve.cpp based on the function definition and docstring below:
codecontests_cpp_814,Edit,Author, the function body in solve.cpp based on the function definition and docstring below:
codecontests_cpp_815,Append,Compose, the function body in solve.cpp based on the function definition and docstring below:
codecontests_cpp_816,Create,Develop, the function body in solve.cpp based on the function definition and docstring below:
codecontests_cpp_817,Paste,Author, the function body in solve.cpp based on the function definition and docstring below:
codecontests_cpp_818,Edi,Craf,t the function body in solve.cpp based on the function definition and docstring below:
codecontests_cpp_819,Inser,Craf,t the function body in solve.cpp based on the function definition and docstring below:
codecontests_cpp_820,Write,Author, the function body in solve.cpp based on the function definition and docstring below:
codecontests_cpp_821,Inser,Craf,t the function body in solve.cpp based on the function definition and docstring below:
codecontests_cpp_822,Append,Compose, the function body in solve.cpp based on the function definition and docstring below:
codecontests_cpp_823,Append,Compose, the function body in solve.cpp based on the function definition and docstring below:
codecontests_cpp_824,Inser,Implemen,t the function body in solve.cpp based on the function definition and docstring below:
codecontests_cpp_825,Properly add,Properly develop, the function body in solve.cpp based on the function definition and docstring below:
codecontests_cpp_826,Append,Compose, the function body in solve.cpp based on the function definition and docstring below:
codecontests_cpp_828,Save,Build, the function body in solve.cpp based on the function definition and docstring below:
codecontests_cpp_829,Create,Implement, the function body in solve.cpp based on the function definition and docstring below:
codecontests_cpp_830,Properly add,Properly develop, the function body in solve.cpp based on the function definition and docstring below:
