sample_id,stage,tool_token_delta,distractor_delta
apps_python_1,resid_mid,-0.15625,0.419921875
apps_python_1,resid_post,-0.09375,0.22265625
codecontests_cpp_1,resid_mid,-0.0625,-0.066650390625
codecontests_cpp_1,resid_post,-0.09375,0.03515625
codecontests_java_1,resid_mid,0.0,0.0625
codecontests_java_1,resid_post,-0.03125,-0.04296875
mbpp_python_1,resid_mid,0.03125,0.216461181640625
mbpp_python_1,resid_post,0.0,-0.0234375
codecontests_java_2,resid_mid,0.15625,0.13671875
codecontests_java_2,resid_post,0.03125,0.435546875
codecontests_cpp_3,resid_mid,0.0625,0.15576171875
codecontests_cpp_3,resid_post,0.0625,0.1484375
codecontests_java_3,resid_mid,-0.09375,0.1865234375
codecontests_java_3,resid_post,-0.15625,0.109375
apps_python_4,resid_mid,0.03125,-0.09765625
apps_python_4,resid_post,-0.09375,0.203125
codecontests_cpp_4,resid_mid,0.09375,0.0791015625
codecontests_cpp_4,resid_post,0.0625,0.052734375
codecontests_java_4,resid_mid,-0.03125,0.1260986328125
codecontests_java_4,resid_post,-0.0625,0.078125
mbpp_python_4,resid_mid,-0.09375,-0.1331787109375
mbpp_python_4,resid_post,-0.15625,0.0625
apps_python_5,resid_mid,-0.03125,0.581787109375
apps_python_5,resid_post,0.0,0.046875
codecontests_cpp_5,resid_mid,0.03125,-0.04736328125
codecontests_cpp_5,resid_post,-0.03125,-0.01171875
codecontests_java_5,resid_mid,0.0625,0.2548828125
codecontests_java_5,resid_post,-0.03125,0.03125
codecontests_cpp_6,resid_mid,0.0,0.2529296875
codecontests_cpp_6,resid_post,0.0,0.212890625
codecontests_java_6,resid_mid,0.0625,0.037109375
codecontests_java_6,resid_post,-0.03125,-0.1455078125
codecontests_java_7,resid_mid,0.09375,0.3486328125
codecontests_java_7,resid_post,0.125,0.0625
apps_python_8,resid_mid,-0.0625,0.38818359375
apps_python_8,resid_post,0.0625,0.0390625
apps_python_9,resid_mid,0.0625,0.326171875
apps_python_9,resid_post,0.125,-0.015625
codecontests_cpp_9,resid_mid,-0.0625,0.0146484375
codecontests_cpp_9,resid_post,0.0,0.07421875
codecontests_java_9,resid_mid,0.09375,-0.00537109375
codecontests_java_9,resid_post,0.0625,-0.1328125
apps_python_10,resid_mid,0.03125,-0.087890625
apps_python_10,resid_post,0.03125,-0.2109375
codecontests_cpp_11,resid_mid,0.15625,-0.033203125
codecontests_cpp_11,resid_post,0.0625,-0.005859375
codecontests_java_11,resid_mid,0.09375,0.0908203125
codecontests_java_11,resid_post,-0.03125,0.2562255859375
humaneval_python_11,resid_mid,-0.09375,0.12213134765625
humaneval_python_11,resid_post,-0.09375,0.1015625
mbpp_python_11,resid_mid,0.03125,0.2529296875
mbpp_python_11,resid_post,0.03125,-0.10546875
codecontests_cpp_12,resid_mid,0.03125,0.16015625
codecontests_cpp_12,resid_post,0.03125,0.068359375
codecontests_java_12,resid_mid,0.125,0.0595703125
codecontests_java_12,resid_post,0.0,0.1484375
apps_python_13,resid_mid,0.03125,0.36962890625
apps_python_13,resid_post,0.0,0.2265625
codecontests_java_13,resid_mid,0.03125,-0.03125
codecontests_java_13,resid_post,0.0,-0.0869140625
apps_python_14,resid_mid,0.0,-0.046875
apps_python_14,resid_post,-0.09375,0.0234375
codecontests_cpp_14,resid_mid,-0.03125,0.015625
codecontests_cpp_14,resid_post,0.0,0.015625
codecontests_java_14,resid_mid,0.125,0.236328125
codecontests_java_14,resid_post,0.09375,0.19921875
codecontests_cpp_15,resid_mid,0.0625,0.1845703125
codecontests_cpp_15,resid_post,-0.03125,0.080078125
codecontests_java_15,resid_mid,-0.0625,0.197265625
codecontests_java_15,resid_post,-0.0625,0.140625
apps_python_16,resid_mid,0.0625,0.4501953125
apps_python_16,resid_post,0.03125,0.015625
codecontests_cpp_16,resid_mid,0.0,0.45947265625
codecontests_cpp_16,resid_post,0.0,0.185546875
codecontests_java_16,resid_mid,0.0625,0.13671875
codecontests_java_16,resid_post,0.03125,0.28863525390625
apps_python_17,resid_mid,-0.09375,0.1904296875
apps_python_17,resid_post,-0.03125,0.1171875
codecontests_cpp_17,resid_mid,0.1875,0.0556640625
codecontests_cpp_17,resid_post,0.03125,0.08984375
codecontests_java_17,resid_mid,0.0625,0.061279296875
codecontests_java_17,resid_post,-0.0625,0.10546875
mbpp_python_17,resid_mid,-0.125,0.5126953125
mbpp_python_17,resid_post,-0.125,0.21484375
codecontests_cpp_18,resid_mid,0.0,-0.11572265625
codecontests_cpp_18,resid_post,-0.0625,-0.0859375
codecontests_java_18,resid_mid,-0.0625,0.0544891357421875
codecontests_java_18,resid_post,-0.09375,0.07421875
humaneval_python_18,resid_mid,0.0,0.429443359375
humaneval_python_18,resid_post,0.0625,-0.15234375
codecontests_java_19,resid_mid,0.0,0.0107421875
codecontests_java_19,resid_post,-0.09375,0.1220703125
apps_python_20,resid_mid,0.15625,-0.15283203125
apps_python_20,resid_post,0.15625,-0.0390625
codecontests_cpp_20,resid_mid,0.03125,-0.0693359375
codecontests_cpp_20,resid_post,-0.0625,0.033203125
codecontests_java_20,resid_mid,0.03125,0.045166015625
codecontests_java_20,resid_post,-0.03125,0.212890625
humaneval_python_21,resid_mid,-0.03125,0.4619140625
humaneval_python_21,resid_post,0.0,0.1640625
apps_python_22,resid_mid,-0.125,0.416015625
apps_python_22,resid_post,-0.03125,-0.12109375
codecontests_cpp_22,resid_mid,0.03125,-0.03515625
codecontests_cpp_22,resid_post,-0.03125,-0.015625
codecontests_java_22,resid_mid,0.15625,0.1142578125
codecontests_java_22,resid_post,0.0625,0.06640625
apps_python_23,resid_mid,-0.03125,0.2603759765625
apps_python_23,resid_post,0.0625,-0.015625
codecontests_cpp_23,resid_mid,0.0,0.587646484375
codecontests_cpp_23,resid_post,0.0,0.3212890625
codecontests_java_23,resid_mid,0.0,0.091796875
codecontests_java_23,resid_post,-0.0625,0.17578125
codecontests_cpp_24,resid_mid,0.125,0.205078125
codecontests_cpp_24,resid_post,0.0625,-0.0859375
codecontests_java_24,resid_mid,0.0,0.15234375
codecontests_java_24,resid_post,-0.09375,0.37890625
apps_python_25,resid_mid,-0.03125,-0.14306640625
apps_python_25,resid_post,-0.1875,0.09375
codecontests_java_25,resid_mid,0.0625,0.255859375
codecontests_java_25,resid_post,0.03125,0.1142578125
codecontests_cpp_26,resid_mid,0.03125,0.13153076171875
codecontests_cpp_26,resid_post,0.09375,0.11328125
codecontests_java_26,resid_mid,0.0,-0.1083984375
codecontests_java_26,resid_post,-0.03125,-0.0703125
humaneval_python_26,resid_mid,-0.0625,0.1494140625
humaneval_python_26,resid_post,-0.0625,0.15625
codecontests_cpp_27,resid_mid,-0.03125,-0.033203125
codecontests_cpp_27,resid_post,-0.09375,-0.0703125
codecontests_java_27,resid_mid,-0.1875,-0.109375
codecontests_java_27,resid_post,-0.25,-0.0703125
codecontests_cpp_28,resid_mid,0.03125,0.27197265625
codecontests_cpp_28,resid_post,0.0,0.025390625
codecontests_java_28,resid_mid,-0.03125,0.087890625
codecontests_java_28,resid_post,-0.15625,-0.080078125
apps_python_29,resid_mid,-0.03125,0.412353515625
apps_python_29,resid_post,-0.03125,-0.01953125
codecontests_cpp_29,resid_mid,0.03125,-0.0244140625
codecontests_cpp_29,resid_post,0.0,0.087890625
codecontests_java_29,resid_mid,0.03125,0.166015625
codecontests_java_29,resid_post,-0.09375,0.3642578125
apps_python_30,resid_mid,0.03125,0.35009765625
apps_python_30,resid_post,0.09375,-0.1875
codecontests_cpp_30,resid_mid,0.03125,0.419921875
codecontests_cpp_30,resid_post,0.0625,0.13671875
codecontests_java_30,resid_mid,0.0625,0.1591796875
codecontests_java_30,resid_post,-0.03125,-0.13671875
codecontests_cpp_32,resid_mid,0.0625,0.5625
codecontests_cpp_32,resid_post,-0.03125,0.22265625
codecontests_java_32,resid_mid,0.03125,0.04296875
codecontests_java_32,resid_post,-0.125,0.142578125
mbpp_python_32,resid_mid,-0.15625,-0.12109375
mbpp_python_32,resid_post,-0.28125,0.0546875
codecontests_cpp_33,resid_mid,0.0625,-0.1337890625
codecontests_cpp_33,resid_post,0.03125,0.0078125
codecontests_java_33,resid_mid,0.0625,-0.08905029296875
codecontests_java_33,resid_post,0.0,0.015625
humaneval_python_33,resid_mid,0.03125,0.2421875
humaneval_python_33,resid_post,0.03125,0.0390625
apps_python_34,resid_mid,-0.09375,0.26171875
apps_python_34,resid_post,-0.0625,0.015625
apps_python_35,resid_mid,0.03125,0.498046875
apps_python_35,resid_post,0.0625,-0.0859375
codecontests_cpp_35,resid_mid,-0.03125,0.3798828125
codecontests_cpp_35,resid_post,0.03125,0.26953125
codecontests_java_35,resid_mid,0.09375,-0.05419921875
codecontests_java_35,resid_post,0.03125,0.07421875
mbpp_python_35,resid_mid,0.09375,0.277801513671875
mbpp_python_35,resid_post,0.03125,0.046875
apps_python_36,resid_mid,0.09375,-0.03857421875
apps_python_36,resid_post,0.0625,-0.0234375
codecontests_java_36,resid_mid,0.03125,-0.08447265625
codecontests_java_36,resid_post,0.03125,0.109375
mbpp_python_36,resid_mid,0.0,0.2919921875
mbpp_python_36,resid_post,0.125,0.03515625
apps_python_37,resid_mid,-0.09375,0.24399375915527344
apps_python_37,resid_post,-0.03125,0.0703125
codecontests_java_37,resid_mid,0.0625,0.02734375
codecontests_java_37,resid_post,0.03125,0.2197265625
codecontests_java_38,resid_mid,0.03125,0.095703125
codecontests_java_38,resid_post,0.0,0.1728515625
codecontests_cpp_39,resid_mid,-0.125,0.3582763671875
codecontests_cpp_39,resid_post,-0.09375,0.263671875
codecontests_java_39,resid_mid,0.0,-0.155029296875
codecontests_java_39,resid_post,-0.03125,-0.123046875
humaneval_python_39,resid_mid,-0.15625,0.88671875
humaneval_python_39,resid_post,0.03125,0.296875
apps_python_40,resid_mid,0.0625,-0.133056640625
apps_python_40,resid_post,0.0625,0.0390625
codecontests_cpp_40,resid_mid,0.0,0.4794921875
codecontests_cpp_40,resid_post,-0.03125,0.08203125
codecontests_java_40,resid_mid,0.09375,-0.1455078125
codecontests_java_40,resid_post,0.0625,-0.033203125
codecontests_cpp_41,resid_mid,0.09375,0.4755859375
codecontests_cpp_41,resid_post,0.0625,0.08203125
codecontests_java_41,resid_mid,0.125,0.037109375
codecontests_java_41,resid_post,-0.0625,0.259765625
humaneval_python_41,resid_mid,0.03125,0.494140625
humaneval_python_41,resid_post,0.09375,-0.015625
codecontests_cpp_42,resid_mid,0.0,0.564453125
codecontests_cpp_42,resid_post,-0.0625,0.1640625
codecontests_java_42,resid_mid,0.0,0.1256103515625
codecontests_java_42,resid_post,0.0,-0.033203125
humaneval_python_42,resid_mid,-0.0625,-0.1572265625
humaneval_python_42,resid_post,-0.09375,0.0078125
mbpp_python_42,resid_mid,0.09375,0.552734375
mbpp_python_42,resid_post,0.09375,0.1484375
apps_python_43,resid_mid,0.0625,-0.22900390625
apps_python_43,resid_post,-0.09375,0.046875
codecontests_cpp_43,resid_mid,0.125,0.0916748046875
codecontests_cpp_43,resid_post,0.0,0.080078125
codecontests_java_43,resid_mid,0.03125,0.027587890625
codecontests_java_43,resid_post,-0.125,0.015625
apps_python_44,resid_mid,-0.0625,-0.0546875
apps_python_44,resid_post,-0.03125,0.0078125
codecontests_cpp_44,resid_mid,-0.09375,0.259765625
codecontests_cpp_44,resid_post,-0.09375,0.26171875
codecontests_java_44,resid_mid,0.03125,0.0234375
codecontests_java_44,resid_post,0.03125,-0.04296875
humaneval_python_44,resid_mid,-0.0625,0.5185546875
humaneval_python_44,resid_post,0.03125,-0.0625
codecontests_cpp_45,resid_mid,0.0625,0.5439453125
codecontests_cpp_45,resid_post,0.0,0.19140625
codecontests_java_45,resid_mid,0.0,0.0595703125
codecontests_java_45,resid_post,-0.03125,0.029296875
apps_python_46,resid_mid,-0.09375,0.39658451080322266
apps_python_46,resid_post,0.0625,-0.0234375
codecontests_cpp_46,resid_mid,0.1875,0.053955078125
codecontests_cpp_46,resid_post,0.09375,0.0703125
codecontests_java_46,resid_mid,0.0625,0.1181640625
codecontests_java_46,resid_post,-0.03125,0.0234375
apps_python_47,resid_mid,-0.09375,0.5126953125
apps_python_47,resid_post,-0.03125,0.0
codecontests_cpp_47,resid_mid,0.0,0.09716796875
codecontests_cpp_47,resid_post,0.0,-0.03125
codecontests_java_47,resid_mid,0.09375,0.06005859375
codecontests_java_47,resid_post,0.09375,0.0546875
humaneval_python_47,resid_mid,-0.125,0.3271484375
humaneval_python_47,resid_post,0.0,-0.03125
apps_python_48,resid_mid,-0.03125,-0.23046875
apps_python_48,resid_post,-0.125,0.078125
codecontests_cpp_48,resid_mid,0.1875,-0.166015625
codecontests_cpp_48,resid_post,0.125,-0.080078125
codecontests_java_48,resid_mid,-0.03125,0.0732421875
codecontests_java_48,resid_post,-0.09375,0.0234375
apps_python_49,resid_mid,-0.03125,0.10546875
apps_python_49,resid_post,-0.0625,-0.125
codecontests_cpp_49,resid_mid,0.125,0.40234375
codecontests_cpp_49,resid_post,0.03125,0.046875
codecontests_java_49,resid_mid,0.15625,0.0146484375
codecontests_java_49,resid_post,0.125,-0.0234375
codecontests_cpp_50,resid_mid,-0.03125,0.12548828125
codecontests_cpp_50,resid_post,-0.03125,0.05859375
codecontests_java_50,resid_mid,0.0,0.3017578125
codecontests_java_50,resid_post,-0.125,0.171875
apps_python_51,resid_mid,-0.125,0.468505859375
apps_python_51,resid_post,-0.09375,0.0859375
codecontests_java_51,resid_mid,0.09375,0.043701171875
codecontests_java_51,resid_post,0.03125,0.068359375
codecontests_cpp_52,resid_mid,-0.0625,0.14276123046875
codecontests_cpp_52,resid_post,-0.0625,0.1171875
codecontests_java_52,resid_mid,0.125,0.17578125
codecontests_java_52,resid_post,0.0,0.185546875
apps_python_53,resid_mid,0.125,0.03533935546875
apps_python_53,resid_post,0.21875,0.15625
codecontests_cpp_53,resid_mid,-0.03125,-0.17578125
codecontests_cpp_53,resid_post,-0.0625,0.00390625
codecontests_java_53,resid_mid,0.15625,-0.1907958984375
codecontests_java_53,resid_post,0.125,-0.0078125
apps_python_54,resid_mid,0.0625,0.025390625
apps_python_54,resid_post,0.09375,0.015625
codecontests_java_54,resid_mid,0.0625,0.0439453125
codecontests_java_54,resid_post,-0.09375,0.3642578125
mbpp_python_54,resid_mid,-0.03125,0.4052734375
mbpp_python_54,resid_post,0.03125,-0.03125
codecontests_java_55,resid_mid,0.0625,-0.00244140625
codecontests_java_55,resid_post,-0.03125,0.037109375
mbpp_python_55,resid_mid,-0.125,-0.2109375
mbpp_python_55,resid_post,-0.15625,-0.0234375
codecontests_cpp_56,resid_mid,0.0,0.5615234375
codecontests_cpp_56,resid_post,-0.0625,0.28515625
codecontests_java_56,resid_mid,0.0625,0.08203125
codecontests_java_56,resid_post,-0.03125,0.17578125
codecontests_cpp_57,resid_mid,0.25,-0.1234130859375
codecontests_cpp_57,resid_post,0.1875,0.037109375
codecontests_java_57,resid_mid,0.0625,0.0966796875
codecontests_java_57,resid_post,0.03125,0.076171875
apps_python_58,resid_mid,-0.03125,0.537109375
apps_python_58,resid_post,-0.03125,-0.0703125
codecontests_java_58,resid_mid,0.125,0.2275390625
codecontests_java_58,resid_post,0.03125,0.037109375
apps_python_59,resid_mid,0.0625,0.4765625
apps_python_59,resid_post,0.0,0.0234375
apps_python_60,resid_mid,-0.125,-0.171875
apps_python_60,resid_post,-0.1875,-0.0703125
codecontests_java_60,resid_mid,0.15625,0.072265625
codecontests_java_60,resid_post,0.0625,-0.15234375
humaneval_python_60,resid_mid,0.03125,0.703125
humaneval_python_60,resid_post,0.15625,0.328125
codecontests_java_61,resid_mid,-0.15625,0.21484375
codecontests_java_61,resid_post,-0.21875,0.376953125
mbpp_python_61,resid_mid,-0.21875,0.404296875
mbpp_python_61,resid_post,0.0625,-0.01953125
codecontests_cpp_62,resid_mid,0.0,-0.118896484375
codecontests_cpp_62,resid_post,-0.03125,-0.1484375
codecontests_java_62,resid_mid,0.0625,0.06103515625
codecontests_java_62,resid_post,0.0,-0.109375
codecontests_cpp_63,resid_mid,0.1875,-0.23046875
codecontests_cpp_63,resid_post,0.21875,-0.1171875
codecontests_java_63,resid_mid,0.0625,-0.05718994140625
codecontests_java_63,resid_post,-0.0625,-0.12109375
apps_python_64,resid_mid,0.0625,0.2705841064453125
apps_python_64,resid_post,0.0,0.28125
codecontests_cpp_64,resid_mid,0.0625,0.5166015625
codecontests_cpp_64,resid_post,0.03125,0.15234375
codecontests_java_64,resid_mid,0.21875,-0.0048828125
codecontests_java_64,resid_post,0.03125,-0.0078125
humaneval_python_64,resid_mid,-0.09375,0.327392578125
humaneval_python_64,resid_post,-0.03125,0.044921875
codecontests_cpp_65,resid_mid,0.0,0.4287109375
codecontests_cpp_65,resid_post,0.0,0.140625
codecontests_java_65,resid_mid,-0.0625,0.08740234375
codecontests_java_65,resid_post,-0.1875,0.380859375
codecontests_cpp_66,resid_mid,0.03125,0.15234375
codecontests_cpp_66,resid_post,0.0,0.119140625
codecontests_java_66,resid_mid,0.15625,-0.0302734375
codecontests_java_66,resid_post,0.0,0.06640625
codecontests_java_67,resid_mid,0.03125,0.0693359375
codecontests_java_67,resid_post,0.03125,0.1171875
codecontests_cpp_68,resid_mid,0.09375,0.21337890625
codecontests_cpp_68,resid_post,0.0,-0.015625
apps_python_69,resid_mid,-0.03125,0.25244140625
apps_python_69,resid_post,-0.03125,-0.03125
codecontests_cpp_69,resid_mid,-0.0625,-0.076171875
codecontests_cpp_69,resid_post,-0.03125,0.03125
codecontests_java_69,resid_mid,0.0,0.064453125
codecontests_java_69,resid_post,-0.03125,-0.005859375
codecontests_cpp_70,resid_mid,0.0625,0.27783203125
codecontests_cpp_70,resid_post,0.0625,0.1953125
codecontests_java_70,resid_mid,0.03125,0.150390625
codecontests_java_70,resid_post,-0.0625,0.0625
codecontests_cpp_72,resid_mid,0.0,-0.1268310546875
codecontests_cpp_72,resid_post,0.0,0.09375
codecontests_java_72,resid_mid,0.0625,0.228515625
codecontests_java_72,resid_post,0.0,0.0390625
codecontests_cpp_73,resid_mid,0.0,0.23681640625
codecontests_cpp_73,resid_post,-0.03125,0.037109375
codecontests_java_73,resid_mid,0.03125,0.068359375
codecontests_java_73,resid_post,-0.03125,0.18994140625
apps_python_74,resid_mid,0.125,0.16015625
apps_python_74,resid_post,0.09375,0.1171875
codecontests_cpp_74,resid_mid,0.09375,0.0068359375
codecontests_cpp_74,resid_post,0.15625,0.015625
codecontests_java_74,resid_mid,-0.03125,0.07470703125
codecontests_java_74,resid_post,-0.15625,-0.01171875
humaneval_python_74,resid_mid,0.0,-0.126953125
humaneval_python_74,resid_post,-0.15625,0.078125
apps_python_75,resid_mid,0.09375,0.38818359375
apps_python_75,resid_post,0.15625,0.03125
codecontests_cpp_75,resid_mid,0.03125,0.0859375
codecontests_cpp_75,resid_post,0.03125,0.091796875
codecontests_java_75,resid_mid,0.03125,0.0185546875
codecontests_java_75,resid_post,-0.125,0.1259765625
apps_python_76,resid_mid,-0.09375,0.240234375
apps_python_76,resid_post,-0.03125,0.0
codecontests_java_76,resid_mid,0.1875,-0.009765625
codecontests_java_76,resid_post,0.1875,0.140625
humaneval_python_76,resid_mid,-0.03125,0.1640625
humaneval_python_76,resid_post,-0.0625,0.078125
apps_python_77,resid_mid,-0.0625,-0.0986328125
apps_python_77,resid_post,-0.125,0.03125
codecontests_cpp_77,resid_mid,0.09375,-0.0390625
codecontests_cpp_77,resid_post,0.15625,0.041015625
codecontests_java_77,resid_mid,0.125,0.209716796875
codecontests_java_77,resid_post,-0.03125,0.0390625
humaneval_python_78,resid_mid,-0.09375,0.5537109375
humaneval_python_78,resid_post,-0.125,0.359375
apps_python_79,resid_mid,0.03125,0.0078125
apps_python_79,resid_post,-0.0625,0.2109375
codecontests_cpp_79,resid_mid,0.03125,0.168701171875
codecontests_cpp_79,resid_post,0.03125,0.08984375
codecontests_java_79,resid_mid,0.0,0.190185546875
codecontests_java_79,resid_post,0.0,0.01171875
mbpp_python_79,resid_mid,-0.1875,0.3154296875
mbpp_python_79,resid_post,0.03125,0.078125
apps_python_80,resid_mid,0.21875,0.04296875
apps_python_80,resid_post,0.15625,0.1796875
codecontests_cpp_80,resid_mid,0.03125,-0.060546875
codecontests_cpp_80,resid_post,-0.09375,0.15625
codecontests_java_80,resid_mid,-0.03125,0.14960861206054688
codecontests_java_80,resid_post,-0.09375,0.09765625
apps_python_81,resid_mid,-0.0625,0.025390625
apps_python_81,resid_post,-0.1875,0.140625
codecontests_java_81,resid_mid,0.0,0.0537109375
codecontests_java_81,resid_post,-0.0625,-0.001953125
mbpp_python_81,resid_mid,0.03125,0.046875
mbpp_python_81,resid_post,0.03125,0.1015625
apps_python_82,resid_mid,0.0625,-0.005859375
apps_python_82,resid_post,0.03125,0.125
codecontests_java_82,resid_mid,0.0625,0.0
codecontests_java_82,resid_post,-0.09375,0.125
apps_python_83,resid_mid,0.0,0.51953125
apps_python_83,resid_post,0.03125,0.109375
codecontests_cpp_83,resid_mid,-0.0625,0.403564453125
codecontests_cpp_83,resid_post,0.0,0.27734375
codecontests_java_83,resid_mid,0.15625,0.060546875
codecontests_java_83,resid_post,0.0,0.34918212890625
apps_python_84,resid_mid,-0.125,-0.0817718505859375
apps_python_84,resid_post,-0.1875,0.0703125
codecontests_java_84,resid_mid,0.15625,0.05621337890625
codecontests_java_84,resid_post,0.09375,-0.08984375
humaneval_python_84,resid_mid,-0.09375,-0.0078125
humaneval_python_84,resid_post,-0.0625,-0.1796875
apps_python_85,resid_mid,-0.15625,0.68115234375
apps_python_85,resid_post,-0.1875,0.1640625
codecontests_cpp_85,resid_mid,-0.125,0.0234375
codecontests_cpp_85,resid_post,-0.15625,0.0302734375
codecontests_java_85,resid_mid,0.09375,0.2412109375
codecontests_java_85,resid_post,-0.0625,-0.052734375
humaneval_python_85,resid_mid,0.0,0.42041015625
humaneval_python_85,resid_post,0.0,0.14453125
apps_python_86,resid_mid,-0.09375,0.498046875
apps_python_86,resid_post,0.03125,0.109375
codecontests_java_86,resid_mid,0.0625,0.115234375
codecontests_java_86,resid_post,0.0625,-0.052734375
apps_python_87,resid_mid,-0.03125,0.3212890625
apps_python_87,resid_post,0.125,0.07421875
codecontests_cpp_87,resid_mid,-0.03125,0.162109375
codecontests_cpp_87,resid_post,-0.03125,0.14453125
codecontests_java_87,resid_mid,0.0625,0.013671875
codecontests_java_87,resid_post,-0.03125,0.04296875
apps_python_88,resid_mid,0.0625,0.375
apps_python_88,resid_post,0.0,0.23828125
codecontests_java_88,resid_mid,0.125,0.036376953125
codecontests_java_88,resid_post,0.0625,0.28515625
codecontests_cpp_89,resid_mid,0.09375,0.177734375
codecontests_cpp_89,resid_post,0.0625,0.09375
codecontests_java_89,resid_mid,0.09375,0.0670166015625
codecontests_java_89,resid_post,0.03125,0.19921875
codecontests_java_90,resid_mid,0.125,0.16064453125
codecontests_java_90,resid_post,-0.09375,0.4130859375
apps_python_91,resid_mid,-0.0625,0.1044921875
apps_python_91,resid_post,-0.03125,-0.078125
codecontests_cpp_91,resid_mid,-0.03125,-0.117919921875
codecontests_cpp_91,resid_post,-0.125,-0.11328125
codecontests_java_91,resid_mid,-0.0625,0.128173828125
codecontests_java_91,resid_post,0.0,0.06640625
apps_python_92,resid_mid,-0.09375,0.34130859375
apps_python_92,resid_post,-0.0625,0.2578125
codecontests_java_92,resid_mid,-0.09375,0.1494140625
codecontests_java_92,resid_post,0.0,-0.00390625
apps_python_93,resid_mid,-0.0625,0.396484375
apps_python_93,resid_post,-0.0625,0.0234375
codecontests_cpp_93,resid_mid,0.03125,0.2890625
codecontests_cpp_93,resid_post,-0.03125,0.2216796875
codecontests_java_93,resid_mid,0.09375,-0.03857421875
codecontests_java_93,resid_post,0.03125,0.013671875
apps_python_94,resid_mid,-0.125,-0.166015625
apps_python_94,resid_post,-0.1875,0.09375
codecontests_cpp_94,resid_mid,0.0,0.11083984375
codecontests_cpp_94,resid_post,-0.03125,0.205078125
codecontests_java_94,resid_mid,-0.03125,0.0087890625
codecontests_java_94,resid_post,-0.09375,0.076171875
apps_python_95,resid_mid,-0.125,0.54296875
apps_python_95,resid_post,-0.0625,0.0625
codecontests_cpp_95,resid_mid,0.03125,0.12255859375
codecontests_cpp_95,resid_post,0.03125,0.005859375
codecontests_java_95,resid_mid,0.03125,-0.033203125
codecontests_java_95,resid_post,-0.03125,-0.064453125
humaneval_python_95,resid_mid,0.0,0.39892578125
humaneval_python_95,resid_post,0.0625,-0.0546875
apps_python_96,resid_mid,-0.0625,0.2900390625
apps_python_96,resid_post,0.03125,-0.0546875
codecontests_java_96,resid_mid,0.03125,0.322265625
codecontests_java_96,resid_post,0.15625,0.1015625
mbpp_python_96,resid_mid,0.03125,0.458984375
mbpp_python_96,resid_post,0.0,0.2421875
apps_python_97,resid_mid,-0.09375,0.5732421875
apps_python_97,resid_post,-0.03125,0.0859375
humaneval_python_97,resid_mid,-0.0625,0.6005859375
humaneval_python_97,resid_post,0.0,0.06640625
apps_python_98,resid_mid,0.125,0.479095458984375
apps_python_98,resid_post,0.03125,0.2734375
codecontests_cpp_98,resid_mid,0.03125,0.1279296875
codecontests_cpp_98,resid_post,0.03125,0.03125
codecontests_java_98,resid_mid,0.03125,0.0361328125
codecontests_java_98,resid_post,-0.03125,0.2509765625
apps_python_99,resid_mid,0.0625,0.05859375
apps_python_99,resid_post,0.0625,-0.1171875
codecontests_cpp_99,resid_mid,0.0,0.5166015625
codecontests_cpp_99,resid_post,0.0,0.19140625
codecontests_java_99,resid_mid,0.03125,0.111328125
codecontests_java_99,resid_post,-0.03125,0.2109375
apps_python_100,resid_mid,0.0625,-0.25927734375
apps_python_100,resid_post,-0.0625,0.09375
codecontests_cpp_100,resid_mid,0.0625,0.375
codecontests_cpp_100,resid_post,0.0625,0.12109375
codecontests_java_100,resid_mid,0.0,0.0205078125
codecontests_java_100,resid_post,0.03125,-0.015625
humaneval_python_100,resid_mid,-0.1875,0.71484375
humaneval_python_100,resid_post,-0.0625,0.15625
apps_python_101,resid_mid,-0.125,0.52294921875
apps_python_101,resid_post,0.0,0.171875
codecontests_java_101,resid_mid,0.03125,-0.0078125
codecontests_java_101,resid_post,-0.0625,0.21875
apps_python_102,resid_mid,-0.125,0.490234375
apps_python_102,resid_post,-0.125,-0.015625
apps_python_103,resid_mid,-0.15625,0.3115234375
apps_python_103,resid_post,-0.09375,0.03125
mbpp_python_103,resid_mid,0.0,0.439453125
mbpp_python_103,resid_post,0.0,0.265625
apps_python_104,resid_mid,-0.15625,0.322265625
apps_python_104,resid_post,0.03125,-0.0703125
apps_python_105,resid_mid,0.09375,-0.123046875
apps_python_105,resid_post,0.0,0.015625
codecontests_java_105,resid_mid,0.09375,0.1689453125
codecontests_java_105,resid_post,0.0625,-0.03515625
apps_python_106,resid_mid,0.0,0.302734375
apps_python_106,resid_post,-0.03125,0.1953125
codecontests_cpp_106,resid_mid,0.0625,0.4130859375
codecontests_cpp_106,resid_post,0.0,0.1015625
codecontests_java_106,resid_mid,0.09375,0.061767578125
codecontests_java_106,resid_post,0.0625,0.025390625
apps_python_107,resid_mid,0.03125,0.5107421875
apps_python_107,resid_post,0.0,0.109375
codecontests_java_107,resid_mid,-0.15625,0.184326171875
codecontests_java_107,resid_post,-0.125,0.083984375
apps_python_108,resid_mid,-0.0625,0.44482421875
apps_python_108,resid_post,-0.0625,0.19921875
codecontests_cpp_108,resid_mid,-0.15625,0.197265625
codecontests_cpp_108,resid_post,0.0,0.12109375
codecontests_java_108,resid_mid,-0.0625,0.091796875
codecontests_java_108,resid_post,-0.03125,0.216796875
humaneval_python_108,resid_mid,-0.09375,-0.1328125
humaneval_python_108,resid_post,-0.15625,0.109375
apps_python_109,resid_mid,0.03125,0.259765625
apps_python_109,resid_post,-0.0625,0.1171875
codecontests_cpp_109,resid_mid,0.09375,-0.09765625
codecontests_cpp_109,resid_post,0.125,-0.126953125
codecontests_java_109,resid_mid,0.03125,0.0078125
codecontests_java_109,resid_post,-0.0625,-0.02734375
humaneval_python_109,resid_mid,-0.125,0.57275390625
humaneval_python_109,resid_post,-0.03125,0.19921875
apps_python_110,resid_mid,-0.0625,0.4140625
apps_python_110,resid_post,-0.03125,-0.0234375
codecontests_cpp_110,resid_mid,0.1875,-0.021484375
codecontests_cpp_110,resid_post,0.03125,-0.0146484375
codecontests_java_110,resid_mid,-0.0625,0.28125
codecontests_java_110,resid_post,-0.03125,0.1005859375
apps_python_111,resid_mid,0.15625,-0.078643798828125
apps_python_111,resid_post,0.0625,0.0859375
apps_python_112,resid_mid,0.125,0.1357421875
apps_python_112,resid_post,0.03125,0.109375
codecontests_cpp_112,resid_mid,0.15625,0.3017578125
codecontests_cpp_112,resid_post,0.0625,0.296875
codecontests_java_112,resid_mid,0.0,0.10107421875
codecontests_java_112,resid_post,0.0,0.087890625
humaneval_python_112,resid_mid,0.03125,0.068115234375
humaneval_python_112,resid_post,-0.03125,0.14453125
mbpp_python_112,resid_mid,0.0,0.12689208984375
mbpp_python_112,resid_post,-0.0625,-0.0078125
apps_python_113,resid_mid,-0.03125,0.22265625
apps_python_113,resid_post,-0.09375,0.1171875
codecontests_cpp_113,resid_mid,0.0625,-0.150634765625
codecontests_cpp_113,resid_post,0.0,0.00390625
codecontests_java_113,resid_mid,0.0625,0.353515625
codecontests_java_113,resid_post,0.03125,0.2080078125
apps_python_114,resid_mid,0.09375,0.0153350830078125
apps_python_114,resid_post,0.03125,0.046875
codecontests_cpp_114,resid_mid,0.03125,-0.25927734375
codecontests_cpp_114,resid_post,-0.03125,-0.134765625
codecontests_java_114,resid_mid,0.09375,0.0439453125
codecontests_java_114,resid_post,0.0,0.072265625
codecontests_cpp_115,resid_mid,-0.03125,0.22265625
codecontests_cpp_115,resid_post,-0.03125,0.05078125
codecontests_java_115,resid_mid,-0.03125,0.2099609375
codecontests_java_115,resid_post,-0.15625,0.1953125
humaneval_python_115,resid_mid,0.1875,-0.21240234375
humaneval_python_115,resid_post,0.09375,0.0625
mbpp_python_115,resid_mid,-0.09375,0.56640625
mbpp_python_115,resid_post,-0.03125,0.0625
apps_python_116,resid_mid,-0.0625,0.51416015625
apps_python_116,resid_post,-0.09375,-0.015625
codecontests_cpp_116,resid_mid,-0.03125,-0.1427001953125
codecontests_cpp_116,resid_post,-0.15625,-0.02734375
codecontests_java_116,resid_mid,-0.03125,0.177734375
codecontests_java_116,resid_post,0.03125,-0.072265625
humaneval_python_116,resid_mid,-0.15625,0.19140625
humaneval_python_116,resid_post,-0.15625,0.15625
apps_python_117,resid_mid,-0.0625,-0.0654296875
apps_python_117,resid_post,-0.1875,0.25
codecontests_cpp_117,resid_mid,-0.03125,0.08702850341796875
codecontests_cpp_117,resid_post,0.03125,0.0078125
codecontests_java_117,resid_mid,-0.0625,0.0830078125
codecontests_java_117,resid_post,-0.1875,0.26318359375
mbpp_python_117,resid_mid,-0.1875,0.556640625
mbpp_python_117,resid_post,0.03125,0.1015625
apps_python_118,resid_mid,-0.1875,0.26708984375
apps_python_118,resid_post,-0.15625,0.0390625
codecontests_cpp_118,resid_mid,0.0,0.228515625
codecontests_cpp_118,resid_post,0.03125,0.1328125
codecontests_java_118,resid_mid,0.0,0.1982421875
codecontests_java_118,resid_post,-0.03125,0.041015625
apps_python_119,resid_mid,0.0,-0.119384765625
apps_python_119,resid_post,-0.09375,0.09375
humaneval_python_119,resid_mid,-0.03125,0.5791015625
humaneval_python_119,resid_post,0.09375,0.0078125
apps_python_120,resid_mid,0.0,0.279296875
apps_python_120,resid_post,-0.03125,0.015625
codecontests_java_120,resid_mid,0.03125,0.3154296875
codecontests_java_120,resid_post,0.03125,0.06298828125
humaneval_python_120,resid_mid,0.03125,0.15264892578125
humaneval_python_120,resid_post,-0.09375,0.015625
apps_python_121,resid_mid,-0.03125,0.28125
apps_python_121,resid_post,0.03125,-0.0703125
codecontests_java_121,resid_mid,0.125,-0.049163818359375
codecontests_java_121,resid_post,-0.0625,0.15234375
humaneval_python_121,resid_mid,0.03125,0.1533203125
humaneval_python_121,resid_post,0.03125,-0.0625
apps_python_122,resid_mid,0.03125,-0.24267578125
apps_python_122,resid_post,-0.0625,-0.109375
codecontests_java_122,resid_mid,0.03125,-0.063323974609375
codecontests_java_122,resid_post,-0.0625,-0.0703125
apps_python_123,resid_mid,-0.0625,0.4591064453125
apps_python_123,resid_post,-0.0625,0.328125
codecontests_cpp_123,resid_mid,0.0625,0.208984375
codecontests_cpp_123,resid_post,-0.0625,0.162109375
codecontests_java_123,resid_mid,0.09375,0.0009765625
codecontests_java_123,resid_post,0.0625,0.107421875
apps_python_124,resid_mid,-0.0625,0.3876953125
apps_python_124,resid_post,-0.09375,0.140625
codecontests_cpp_124,resid_mid,0.21875,0.1025390625
codecontests_cpp_124,resid_post,0.15625,0.140625
codecontests_java_124,resid_mid,0.0625,0.00390625
codecontests_java_124,resid_post,-0.0625,0.0625
humaneval_python_124,resid_mid,0.03125,0.244873046875
humaneval_python_124,resid_post,0.15625,-0.06640625
apps_python_125,resid_mid,-0.125,0.7392578125
apps_python_125,resid_post,-0.09375,0.265625
codecontests_cpp_125,resid_mid,0.0625,-0.159912109375
codecontests_cpp_125,resid_post,-0.0625,0.078125
codecontests_java_125,resid_mid,0.09375,0.068359375
codecontests_java_125,resid_post,-0.09375,0.033203125
humaneval_python_125,resid_mid,-0.09375,0.5751953125
humaneval_python_125,resid_post,-0.03125,0.359375
apps_python_126,resid_mid,0.0,-0.0283203125
apps_python_126,resid_post,-0.09375,0.0625
codecontests_cpp_126,resid_mid,0.03125,0.4013671875
codecontests_cpp_126,resid_post,0.0,0.140625
codecontests_java_126,resid_mid,-0.03125,0.0263671875
codecontests_java_126,resid_post,-0.15625,0.1953125
apps_python_127,resid_mid,-0.0625,0.3096923828125
apps_python_127,resid_post,0.0,0.015625
codecontests_cpp_127,resid_mid,0.0625,0.213134765625
codecontests_cpp_127,resid_post,0.03125,0.12890625
codecontests_java_127,resid_mid,-0.03125,0.26806640625
codecontests_java_127,resid_post,-0.09375,0.0341796875
apps_python_128,resid_mid,-0.09375,0.4716796875
apps_python_128,resid_post,-0.0625,0.20703125
apps_python_129,resid_mid,-0.0625,0.6669921875
apps_python_129,resid_post,0.0625,0.328125
codecontests_java_129,resid_mid,0.0,0.048828125
codecontests_java_129,resid_post,-0.09375,0.00390625
apps_python_130,resid_mid,-0.125,0.3417794704437256
apps_python_130,resid_post,-0.03125,-0.0546875
codecontests_cpp_130,resid_mid,0.09375,0.221435546875
codecontests_cpp_130,resid_post,0.0,0.15234375
codecontests_java_130,resid_mid,0.125,0.018310546875
codecontests_java_130,resid_post,0.09375,0.0859375
humaneval_python_130,resid_mid,-0.125,0.30078125
humaneval_python_130,resid_post,-0.03125,0.1484375
mbpp_python_130,resid_mid,-0.03125,0.6064453125
mbpp_python_130,resid_post,0.03125,0.109375
apps_python_131,resid_mid,-0.03125,-0.21942138671875
apps_python_131,resid_post,-0.15625,-0.0390625
codecontests_cpp_131,resid_mid,0.03125,-0.250732421875
codecontests_cpp_131,resid_post,-0.125,-0.111328125
codecontests_java_131,resid_mid,0.1875,-0.0546875
codecontests_java_131,resid_post,0.0625,0.07421875
humaneval_python_131,resid_mid,0.125,0.0704345703125
humaneval_python_131,resid_post,0.125,0.203125
apps_python_132,resid_mid,-0.09375,0.0380859375
apps_python_132,resid_post,-0.21875,0.1328125
codecontests_cpp_132,resid_mid,0.0,0.1907958984375
codecontests_cpp_132,resid_post,-0.03125,0.14453125
codecontests_java_132,resid_mid,0.0625,-0.06640625
codecontests_java_132,resid_post,0.0625,-0.0390625
apps_python_133,resid_mid,-0.03125,-0.125
apps_python_133,resid_post,-0.125,0.0546875
codecontests_java_133,resid_mid,0.03125,0.013671875
codecontests_java_133,resid_post,-0.03125,0.185546875
mbpp_python_133,resid_mid,-0.09375,0.57421875
mbpp_python_133,resid_post,0.0,0.234375
apps_python_134,resid_mid,0.03125,0.478515625
apps_python_134,resid_post,-0.03125,0.3203125
codecontests_cpp_134,resid_mid,0.125,0.3349609375
codecontests_cpp_134,resid_post,0.0625,0.1953125
codecontests_java_134,resid_mid,0.125,0.1005859375
codecontests_java_134,resid_post,0.125,0.0703125
apps_python_135,resid_mid,-0.25,0.57208251953125
apps_python_135,resid_post,-0.125,0.0625
apps_python_136,resid_mid,-0.125,0.5449295043945312
apps_python_136,resid_post,0.0,0.1640625
codecontests_cpp_136,resid_mid,-0.0625,-0.021240234375
codecontests_cpp_136,resid_post,-0.0625,-0.10546875
codecontests_java_136,resid_mid,0.09375,-0.0283203125
codecontests_java_136,resid_post,0.125,-0.00390625
codecontests_cpp_137,resid_mid,0.125,-0.03369140625
codecontests_cpp_137,resid_post,0.0625,-0.177734375
codecontests_java_137,resid_mid,0.03125,-0.0400390625
codecontests_java_137,resid_post,0.03125,-0.005859375
humaneval_python_137,resid_mid,-0.125,0.406494140625
humaneval_python_137,resid_post,-0.09375,-0.01171875
apps_python_138,resid_mid,-0.03125,0.470703125
apps_python_138,resid_post,0.03125,0.0390625
codecontests_cpp_138,resid_mid,-0.03125,0.4033203125
codecontests_cpp_138,resid_post,-0.03125,0.076171875
codecontests_java_138,resid_mid,0.125,0.0
codecontests_java_138,resid_post,-0.0625,0.3642578125
codecontests_cpp_139,resid_mid,-0.0625,0.6025390625
codecontests_cpp_139,resid_post,0.0,0.150390625
codecontests_java_139,resid_mid,0.15625,-0.056640625
codecontests_java_139,resid_post,0.0625,0.03515625
humaneval_python_139,resid_mid,0.03125,-0.18798828125
humaneval_python_139,resid_post,-0.15625,0.1328125
apps_python_140,resid_mid,-0.03125,0.245361328125
apps_python_140,resid_post,-0.09375,0.1796875
codecontests_cpp_140,resid_mid,0.03125,0.091796875
codecontests_cpp_140,resid_post,0.0,0.20703125
codecontests_java_140,resid_mid,-0.0625,0.0849609375
codecontests_java_140,resid_post,-0.15625,0.0234375
mbpp_python_140,resid_mid,0.09375,0.033203125
mbpp_python_140,resid_post,-0.0625,0.1171875
apps_python_141,resid_mid,0.1875,0.4599609375
apps_python_141,resid_post,0.125,0.2265625
codecontests_cpp_141,resid_mid,-0.0625,-0.05078125
codecontests_cpp_141,resid_post,-0.0625,-0.078125
codecontests_java_141,resid_mid,0.0625,0.236328125
codecontests_java_141,resid_post,0.09375,0.0390625
apps_python_142,resid_mid,-0.0625,0.57421875
apps_python_142,resid_post,-0.03125,0.37109375
codecontests_cpp_142,resid_mid,0.09375,-0.09765625
codecontests_cpp_142,resid_post,0.0,-0.1064453125
codecontests_java_142,resid_mid,0.0625,0.056640625
codecontests_java_142,resid_post,0.0,0.181640625
apps_python_143,resid_mid,-0.0625,-0.06494140625
apps_python_143,resid_post,-0.15625,0.109375
codecontests_cpp_143,resid_mid,0.09375,0.20556640625
codecontests_cpp_143,resid_post,0.0625,0.2421875
codecontests_java_143,resid_mid,0.125,0.1484375
codecontests_java_143,resid_post,0.15625,0.0791015625
apps_python_144,resid_mid,-0.03125,-0.0675048828125
apps_python_144,resid_post,-0.1875,0.1484375
codecontests_java_144,resid_mid,0.0625,0.07421875
codecontests_java_144,resid_post,0.0,-0.091796875
mbpp_python_144,resid_mid,0.03125,-0.1767578125
mbpp_python_144,resid_post,0.0625,-0.046875
codecontests_cpp_145,resid_mid,-0.125,-0.0498046875
codecontests_cpp_145,resid_post,-0.1875,0.05859375
codecontests_java_145,resid_mid,0.09375,-0.1259765625
codecontests_java_145,resid_post,0.0,-0.048828125
humaneval_python_145,resid_mid,0.0,0.131103515625
humaneval_python_145,resid_post,0.03125,0.09375
apps_python_146,resid_mid,-0.1875,-0.070556640625
apps_python_146,resid_post,-0.25,0.0546875
codecontests_java_146,resid_mid,0.21875,0.10546875
codecontests_java_146,resid_post,0.125,-0.0908203125
codecontests_cpp_147,resid_mid,0.1875,0.0244140625
codecontests_cpp_147,resid_post,0.0625,0.01171875
codecontests_java_147,resid_mid,0.0625,-0.04345703125
codecontests_java_147,resid_post,-0.03125,-0.125
mbpp_python_147,resid_mid,-0.15625,0.576171875
mbpp_python_147,resid_post,0.0,0.3203125
apps_python_148,resid_mid,-0.0625,-0.08416748046875
apps_python_148,resid_post,-0.15625,0.0390625
codecontests_cpp_148,resid_mid,0.0,-0.20703125
codecontests_cpp_148,resid_post,-0.03125,-0.12109375
codecontests_java_148,resid_mid,0.1875,0.048828125
codecontests_java_148,resid_post,0.03125,0.14453125
humaneval_python_148,resid_mid,0.0,0.494384765625
humaneval_python_148,resid_post,-0.03125,-0.0234375
mbpp_python_148,resid_mid,-0.0625,0.130218505859375
mbpp_python_148,resid_post,-0.09375,0.0625
codecontests_cpp_149,resid_mid,-0.0625,-0.10546875
codecontests_cpp_149,resid_post,-0.09375,-0.0859375
codecontests_java_149,resid_mid,0.0625,0.177734375
codecontests_java_149,resid_post,0.0625,0.33984375
humaneval_python_149,resid_mid,-0.09375,0.44140625
humaneval_python_149,resid_post,-0.0625,0.4033203125
mbpp_python_149,resid_mid,0.0625,0.49609375
mbpp_python_149,resid_post,0.03125,0.2109375
apps_python_150,resid_mid,0.03125,0.19873046875
apps_python_150,resid_post,-0.15625,0.41796875
apps_python_151,resid_mid,0.03125,0.218505859375
apps_python_151,resid_post,-0.125,0.4296875
codecontests_java_151,resid_mid,-0.0625,0.080078125
codecontests_java_151,resid_post,-0.15625,0.388671875
humaneval_python_151,resid_mid,-0.09375,0.3671875
humaneval_python_151,resid_post,0.03125,0.015625
apps_python_152,resid_mid,0.03125,0.170684814453125
apps_python_152,resid_post,0.03125,0.1796875
codecontests_cpp_152,resid_mid,0.0,-0.1274261474609375
codecontests_cpp_152,resid_post,-0.03125,0.140625
codecontests_java_152,resid_mid,-0.125,-0.25
codecontests_java_152,resid_post,-0.25,-0.05078125
apps_python_153,resid_mid,-0.0625,0.425933837890625
apps_python_153,resid_post,0.0,-0.0703125
codecontests_cpp_153,resid_mid,0.09375,-0.09765625
codecontests_cpp_153,resid_post,0.0625,-0.015625
codecontests_java_153,resid_mid,0.125,0.046875
codecontests_java_153,resid_post,0.03125,-0.017578125
apps_python_154,resid_mid,0.03125,0.3466796875
apps_python_154,resid_post,-0.1875,0.59765625
codecontests_cpp_154,resid_mid,0.03125,-0.162109375
codecontests_cpp_154,resid_post,0.09375,-0.09765625
codecontests_java_154,resid_mid,-0.0625,0.1728515625
codecontests_java_154,resid_post,-0.125,0.123046875
humaneval_python_154,resid_mid,-0.0625,0.5589599609375
humaneval_python_154,resid_post,0.03125,0.3984375
apps_python_155,resid_mid,0.0,0.5244140625
apps_python_155,resid_post,-0.03125,-0.04296875
apps_python_156,resid_mid,-0.03125,-0.046875
apps_python_156,resid_post,-0.0625,-0.1875
codecontests_cpp_156,resid_mid,0.125,-0.041015625
codecontests_cpp_156,resid_post,0.125,0.05078125
codecontests_java_156,resid_mid,0.09375,0.1015625
codecontests_java_156,resid_post,0.0625,0.14453125
apps_python_157,resid_mid,0.09375,0.3935546875
apps_python_157,resid_post,-0.03125,0.140625
codecontests_java_157,resid_mid,0.15625,0.060546875
codecontests_java_157,resid_post,0.09375,0.05859375
apps_python_158,resid_mid,0.03125,0.3720703125
apps_python_158,resid_post,-0.03125,0.16015625
codecontests_cpp_158,resid_mid,0.09375,-0.029296875
codecontests_cpp_158,resid_post,0.0625,-0.01953125
codecontests_java_158,resid_mid,0.0,0.25
codecontests_java_158,resid_post,-0.09375,0.126953125
codecontests_cpp_159,resid_mid,0.0,-0.1630859375
codecontests_cpp_159,resid_post,-0.125,-0.06640625
codecontests_java_159,resid_mid,0.0625,0.087646484375
codecontests_java_159,resid_post,0.0625,0.07421875
apps_python_160,resid_mid,-0.03125,0.5244140625
apps_python_160,resid_post,0.0,0.1875
codecontests_java_160,resid_mid,0.09375,-0.12890625
codecontests_java_160,resid_post,-0.03125,-0.001953125
apps_python_161,resid_mid,-0.125,0.2234344482421875
apps_python_161,resid_post,-0.09375,0.1640625
codecontests_cpp_161,resid_mid,0.125,0.4140625
codecontests_cpp_161,resid_post,0.125,0.125
codecontests_java_161,resid_mid,0.0,0.009765625
codecontests_java_161,resid_post,-0.1875,0.255859375
humaneval_python_161,resid_mid,-0.0625,0.5751953125
humaneval_python_161,resid_post,0.03125,0.3125
apps_python_162,resid_mid,-0.03125,0.400390625
apps_python_162,resid_post,-0.03125,0.125
codecontests_cpp_162,resid_mid,0.03125,-0.15576171875
codecontests_cpp_162,resid_post,-0.09375,0.0390625
codecontests_java_162,resid_mid,-0.09375,-0.142578125
codecontests_java_162,resid_post,-0.1875,0.005859375
apps_python_163,resid_mid,-0.03125,0.483642578125
apps_python_163,resid_post,-0.03125,-0.1875
codecontests_cpp_163,resid_mid,-0.125,0.27392578125
codecontests_cpp_163,resid_post,-0.03125,0.19921875
codecontests_java_163,resid_mid,0.0625,-0.046875
codecontests_java_163,resid_post,0.03125,0.005859375
apps_python_164,resid_mid,-0.0625,0.42626953125
apps_python_164,resid_post,-0.0625,-0.046875
codecontests_cpp_165,resid_mid,-0.09375,0.16650390625
codecontests_cpp_165,resid_post,0.0,0.19921875
codecontests_java_165,resid_mid,0.0625,0.069580078125
codecontests_java_165,resid_post,0.0,-0.015625
mbpp_python_165,resid_mid,0.0,0.525390625
mbpp_python_165,resid_post,0.0625,-0.0234375
apps_python_166,resid_mid,0.0,0.4185791015625
apps_python_166,resid_post,0.09375,-0.171875
codecontests_java_166,resid_mid,0.09375,0.1724853515625
codecontests_java_166,resid_post,0.0,0.177734375
apps_python_167,resid_mid,-0.03125,0.30859375
apps_python_167,resid_post,-0.125,-0.0078125
codecontests_java_167,resid_mid,-0.0625,-0.16259765625
codecontests_java_167,resid_post,-0.125,-0.123046875
mbpp_python_167,resid_mid,0.15625,0.27392578125
mbpp_python_167,resid_post,0.09375,0.44921875
codecontests_java_168,resid_mid,0.09375,0.306640625
codecontests_java_168,resid_post,-0.03125,-0.103515625
apps_python_169,resid_mid,-0.03125,0.246826171875
apps_python_169,resid_post,0.03125,-0.03125
codecontests_java_169,resid_mid,0.03125,0.09765625
codecontests_java_169,resid_post,-0.03125,-0.04296875
apps_python_170,resid_mid,-0.09375,0.529296875
apps_python_170,resid_post,0.0625,0.296875
codecontests_cpp_170,resid_mid,0.15625,-0.1083984375
codecontests_cpp_170,resid_post,0.1875,-0.056640625
codecontests_java_170,resid_mid,0.0625,0.09521484375
codecontests_java_170,resid_post,0.03125,0.068359375
apps_python_171,resid_mid,-0.03125,-0.11767578125
apps_python_171,resid_post,-0.125,0.1328125
codecontests_cpp_171,resid_mid,0.125,0.48681640625
codecontests_cpp_171,resid_post,0.125,0.16015625
codecontests_java_171,resid_mid,0.03125,-0.087890625
codecontests_java_171,resid_post,-0.03125,0.08203125
apps_python_172,resid_mid,-0.09375,0.34228515625
apps_python_172,resid_post,0.0,-0.08203125
codecontests_java_172,resid_mid,-0.03125,-0.13671875
codecontests_java_172,resid_post,-0.0625,-0.076171875
apps_python_173,resid_mid,-0.0625,0.423828125
apps_python_173,resid_post,-0.0625,0.234375
codecontests_cpp_173,resid_mid,0.0,-0.1552734375
codecontests_cpp_173,resid_post,-0.0625,-0.01953125
codecontests_java_173,resid_mid,0.125,0.07611083984375
codecontests_java_173,resid_post,0.0625,0.1015625
apps_python_174,resid_mid,0.15625,0.19775390625
apps_python_174,resid_post,0.09375,0.1328125
codecontests_cpp_174,resid_mid,0.09375,0.19873046875
codecontests_cpp_174,resid_post,0.03125,0.1171875
codecontests_java_174,resid_mid,0.09375,-0.067138671875
codecontests_java_174,resid_post,-0.09375,0.220703125
apps_python_175,resid_mid,0.0,-0.00390625
apps_python_175,resid_post,0.0,-0.0703125
codecontests_cpp_175,resid_mid,0.0,0.1025390625
codecontests_cpp_175,resid_post,-0.125,0.25146484375
codecontests_java_175,resid_mid,0.125,0.005859375
codecontests_java_175,resid_post,0.03125,0.20361328125
mbpp_python_175,resid_mid,0.03125,0.41796875
mbpp_python_175,resid_post,0.0,0.19921875
apps_python_176,resid_mid,-0.125,0.5380859375
apps_python_176,resid_post,0.0,0.16015625
codecontests_java_176,resid_mid,-0.0625,0.015625
codecontests_java_176,resid_post,0.03125,-0.09130859375
codecontests_cpp_177,resid_mid,0.0,-0.04150390625
codecontests_cpp_177,resid_post,0.03125,-0.03125
codecontests_java_177,resid_mid,0.0,0.4091796875
codecontests_java_177,resid_post,-0.09375,0.08984375
mbpp_python_177,resid_mid,-0.15625,0.5498046875
mbpp_python_177,resid_post,-0.09375,0.1875
apps_python_178,resid_mid,-0.1875,0.591796875
apps_python_178,resid_post,0.0,0.25
codecontests_cpp_178,resid_mid,0.15625,0.041015625
codecontests_cpp_178,resid_post,0.0,-0.1650390625
codecontests_java_178,resid_mid,0.15625,-0.0517578125
codecontests_java_178,resid_post,0.0625,-0.037109375
apps_python_179,resid_mid,-0.03125,0.236328125
apps_python_179,resid_post,-0.15625,0.614013671875
codecontests_java_179,resid_mid,0.0,0.056640625
codecontests_java_179,resid_post,-0.125,0.28125
apps_python_180,resid_mid,0.15625,-0.0960693359375
apps_python_180,resid_post,0.0,0.1171875
codecontests_java_180,resid_mid,0.03125,-0.01904296875
codecontests_java_180,resid_post,-0.09375,0.1953125
apps_python_181,resid_mid,0.0,-0.0147705078125
apps_python_181,resid_post,0.03125,-0.015625
codecontests_cpp_181,resid_mid,0.0,0.3076171875
codecontests_cpp_181,resid_post,0.03125,0.265625
codecontests_java_181,resid_mid,0.03125,0.182373046875
codecontests_java_181,resid_post,0.0,0.125
apps_python_182,resid_mid,-0.03125,0.464111328125
apps_python_182,resid_post,-0.03125,0.0
codecontests_cpp_182,resid_mid,0.125,0.0859375
codecontests_cpp_182,resid_post,0.09375,-0.01171875
codecontests_java_182,resid_mid,0.0625,0.0782470703125
codecontests_java_182,resid_post,0.0,0.12890625
apps_python_183,resid_mid,-0.0625,0.625
apps_python_183,resid_post,0.03125,-0.03125
codecontests_java_183,resid_mid,0.0,0.30810546875
codecontests_java_183,resid_post,-0.0625,-0.037109375
apps_python_184,resid_mid,0.125,0.3359375
apps_python_184,resid_post,-0.03125,0.16015625
apps_python_185,resid_mid,-0.09375,0.552734375
apps_python_185,resid_post,-0.09375,0.2578125
codecontests_cpp_185,resid_mid,-0.03125,0.5166015625
codecontests_cpp_185,resid_post,-0.0625,0.20703125
codecontests_java_185,resid_mid,0.0,0.10546875
codecontests_java_185,resid_post,-0.03125,-0.138671875
mbpp_python_185,resid_mid,-0.0625,0.51220703125
mbpp_python_185,resid_post,0.0,0.1328125
apps_python_186,resid_mid,-0.125,-0.09375
apps_python_186,resid_post,-0.0625,-0.53125
codecontests_cpp_186,resid_mid,-0.125,0.31396484375
codecontests_cpp_186,resid_post,-0.03125,-0.046875
codecontests_java_186,resid_mid,0.03125,0.03515625
codecontests_java_186,resid_post,0.03125,0.060546875
apps_python_187,resid_mid,0.03125,-0.091796875
apps_python_187,resid_post,-0.0625,0.0625
codecontests_java_187,resid_mid,-0.03125,-0.12109375
codecontests_java_187,resid_post,0.03125,-0.05078125
apps_python_188,resid_mid,-0.0625,0.14404296875
apps_python_188,resid_post,-0.0625,-0.1484375
codecontests_cpp_188,resid_mid,0.15625,-0.046875
codecontests_cpp_188,resid_post,0.0625,-0.068359375
codecontests_java_188,resid_mid,0.0625,0.0849609375
codecontests_java_188,resid_post,0.0,0.056640625
codecontests_cpp_189,resid_mid,0.0,-0.052734375
codecontests_cpp_189,resid_post,0.0,-0.00390625
codecontests_java_189,resid_mid,0.0,-0.06884765625
codecontests_java_189,resid_post,-0.0625,-0.0390625
apps_python_190,resid_mid,-0.25,0.208984375
apps_python_190,resid_post,-0.1875,-0.015625
codecontests_cpp_190,resid_mid,-0.03125,0.27734375
codecontests_cpp_190,resid_post,-0.125,0.380859375
codecontests_java_190,resid_mid,0.0,0.314453125
codecontests_java_190,resid_post,-0.09375,0.12890625
apps_python_191,resid_mid,-0.125,0.244140625
apps_python_191,resid_post,-0.0625,0.046875
codecontests_cpp_191,resid_mid,0.0,0.5517578125
codecontests_cpp_191,resid_post,-0.03125,0.189453125
codecontests_java_191,resid_mid,-0.125,-0.03125
codecontests_java_191,resid_post,-0.15625,0.044921875
apps_python_192,resid_mid,0.09375,0.197265625
apps_python_192,resid_post,-0.03125,0.0
codecontests_cpp_192,resid_mid,0.03125,0.0234375
codecontests_cpp_192,resid_post,0.0,-0.078125
codecontests_java_192,resid_mid,0.0625,0.17138671875
codecontests_java_192,resid_post,-0.03125,0.119140625
apps_python_193,resid_mid,0.0,-0.01220703125
apps_python_193,resid_post,-0.03125,-0.0859375
codecontests_java_193,resid_mid,0.09375,0.2890625
codecontests_java_193,resid_post,0.03125,0.19254302978515625
apps_python_194,resid_mid,0.03125,0.193359375
apps_python_194,resid_post,-0.1875,0.5
codecontests_cpp_194,resid_mid,0.15625,-0.113525390625
codecontests_cpp_194,resid_post,0.0625,-0.0625
codecontests_java_194,resid_mid,0.1875,0.10791015625
codecontests_java_194,resid_post,0.09375,0.115234375
mbpp_python_194,resid_mid,0.0,0.4501953125
mbpp_python_194,resid_post,0.03125,0.1875
apps_python_195,resid_mid,0.0,0.48486328125
apps_python_195,resid_post,0.09375,-0.265625
codecontests_cpp_195,resid_mid,0.0625,-0.05322265625
codecontests_cpp_195,resid_post,0.0625,0.0234375
codecontests_java_195,resid_mid,0.09375,0.01953125
codecontests_java_195,resid_post,0.0,0.0400390625
apps_python_196,resid_mid,-0.1875,0.1593017578125
apps_python_196,resid_post,-0.15625,0.0390625
codecontests_java_196,resid_mid,0.0,-0.029296875
codecontests_java_196,resid_post,-0.03125,0.060546875
apps_python_197,resid_mid,0.03125,0.1767578125
apps_python_197,resid_post,0.125,0.015625
codecontests_cpp_197,resid_mid,-0.09375,0.15625
codecontests_cpp_197,resid_post,0.0,-0.04296875
codecontests_java_197,resid_mid,0.15625,0.0703125
codecontests_java_197,resid_post,0.15625,0.068359375
apps_python_198,resid_mid,0.0,-0.05712890625
apps_python_198,resid_post,0.03125,-0.11328125
codecontests_java_198,resid_mid,0.0625,0.25390625
codecontests_java_198,resid_post,0.0,0.009765625
apps_python_199,resid_mid,-0.0625,0.153564453125
apps_python_199,resid_post,-0.0625,-0.03125
codecontests_cpp_199,resid_mid,0.09375,0.22216796875
codecontests_cpp_199,resid_post,0.09375,0.037109375
codecontests_java_199,resid_mid,0.09375,0.1796875
codecontests_java_199,resid_post,-0.0625,0.0703125
apps_python_200,resid_mid,0.03125,0.3095703125
apps_python_200,resid_post,0.0,-0.00390625
codecontests_cpp_200,resid_mid,-0.09375,-0.1640625
codecontests_cpp_200,resid_post,-0.15625,0.01953125
codecontests_java_200,resid_mid,0.09375,-0.0283203125
codecontests_java_200,resid_post,0.09375,-0.029296875
apps_python_201,resid_mid,0.03125,0.029296875
apps_python_201,resid_post,0.0,-0.0390625
codecontests_cpp_201,resid_mid,0.0,0.369720458984375
codecontests_cpp_201,resid_post,-0.0625,0.21484375
codecontests_java_201,resid_mid,0.0625,0.129638671875
codecontests_java_201,resid_post,-0.03125,0.349609375
apps_python_202,resid_mid,0.0625,0.6201171875
apps_python_202,resid_post,0.09375,-0.1328125
codecontests_cpp_202,resid_mid,0.0,-0.05615234375
codecontests_cpp_202,resid_post,0.0,-0.08984375
codecontests_java_202,resid_mid,0.1875,-0.12744140625
codecontests_java_202,resid_post,0.15625,0.0234375
apps_python_203,resid_mid,-0.0625,0.3408203125
apps_python_203,resid_post,-0.21875,0.5
codecontests_cpp_203,resid_mid,-0.0625,0.259765625
codecontests_cpp_203,resid_post,0.0,0.02734375
codecontests_java_203,resid_mid,-0.09375,0.3291015625
codecontests_java_203,resid_post,0.03125,0.162109375
apps_python_204,resid_mid,0.03125,0.5
apps_python_204,resid_post,0.0,0.234375
codecontests_cpp_204,resid_mid,-0.03125,0.568359375
codecontests_cpp_204,resid_post,0.03125,0.212890625
codecontests_java_204,resid_mid,0.0625,0.1865234375
codecontests_java_204,resid_post,0.03125,0.080078125
mbpp_python_204,resid_mid,0.0,0.578125
mbpp_python_204,resid_post,0.0625,0.09375
apps_python_205,resid_mid,-0.0625,0.2127685546875
apps_python_205,resid_post,-0.0625,0.09375
codecontests_java_205,resid_mid,0.09375,0.27880859375
codecontests_java_205,resid_post,0.0,0.10546875
apps_python_206,resid_mid,-0.03125,0.15478515625
apps_python_206,resid_post,-0.0625,0.19921875
codecontests_cpp_206,resid_mid,0.09375,-0.076171875
codecontests_cpp_206,resid_post,0.0625,-0.1328125
codecontests_java_206,resid_mid,0.09375,0.2275390625
codecontests_java_206,resid_post,0.0625,0.1171875
apps_python_207,resid_mid,-0.03125,-0.1358642578125
apps_python_207,resid_post,-0.125,0.046875
codecontests_cpp_207,resid_mid,0.15625,0.203125
codecontests_cpp_207,resid_post,0.1875,0.0859375
codecontests_java_207,resid_mid,0.1875,-0.00244140625
codecontests_java_207,resid_post,0.03125,-0.05078125
apps_python_208,resid_mid,-0.0625,0.4013671875
apps_python_208,resid_post,0.0625,0.1484375
codecontests_java_208,resid_mid,0.03125,0.08251953125
codecontests_java_208,resid_post,-0.03125,-0.03125
apps_python_209,resid_mid,-0.15625,-0.044921875
apps_python_209,resid_post,-0.1875,0.125
codecontests_java_209,resid_mid,0.0,0.108154296875
codecontests_java_209,resid_post,-0.0625,-0.08984375
apps_python_210,resid_mid,0.15625,0.09423828125
apps_python_210,resid_post,0.03125,0.1328125
codecontests_java_210,resid_mid,-0.09375,0.15771484375
codecontests_java_210,resid_post,-0.125,-0.017578125
apps_python_211,resid_mid,-0.03125,0.13702392578125
apps_python_211,resid_post,-0.03125,0.078125
codecontests_cpp_211,resid_mid,0.0625,0.2578125
codecontests_cpp_211,resid_post,-0.03125,0.23046875
codecontests_java_211,resid_mid,0.03125,0.103759765625
codecontests_java_211,resid_post,0.09375,0.015625
apps_python_212,resid_mid,0.0,0.17919921875
apps_python_212,resid_post,-0.03125,-0.0234375
codecontests_java_212,resid_mid,0.125,0.134002685546875
codecontests_java_212,resid_post,0.09375,0.119140625
apps_python_213,resid_mid,0.0625,0.02734375
apps_python_213,resid_post,0.0,0.1015625
codecontests_cpp_213,resid_mid,0.0,0.0426025390625
codecontests_cpp_213,resid_post,-0.03125,0.220703125
codecontests_java_213,resid_mid,-0.09375,-0.046875
codecontests_java_213,resid_post,-0.125,-0.01953125
apps_python_214,resid_mid,0.03125,-0.03515625
apps_python_214,resid_post,0.125,-0.1015625
codecontests_java_214,resid_mid,0.03125,0.0888671875
codecontests_java_214,resid_post,-0.0625,-0.09765625
apps_python_215,resid_mid,-0.125,0.3193359375
apps_python_215,resid_post,-0.15625,0.11328125
codecontests_cpp_215,resid_mid,0.03125,0.192626953125
codecontests_cpp_215,resid_post,0.03125,0.21484375
codecontests_java_215,resid_mid,-0.0625,0.054443359375
codecontests_java_215,resid_post,-0.1875,0.314453125
apps_python_216,resid_mid,-0.03125,0.07470703125
apps_python_216,resid_post,-0.15625,0.19921875
codecontests_cpp_216,resid_mid,0.03125,-0.0390625
codecontests_cpp_216,resid_post,-0.03125,-0.0390625
codecontests_java_216,resid_mid,0.0,0.1397705078125
codecontests_java_216,resid_post,-0.125,0.2021484375
apps_python_217,resid_mid,-0.125,0.5361328125
apps_python_217,resid_post,0.0,0.1640625
codecontests_java_217,resid_mid,0.15625,0.1328125
codecontests_java_217,resid_post,0.0625,0.08203125
apps_python_218,resid_mid,-0.15625,0.2919921875
apps_python_218,resid_post,-0.09375,0.1875
codecontests_cpp_218,resid_mid,0.21875,0.1671142578125
codecontests_cpp_218,resid_post,0.09375,0.134765625
codecontests_java_218,resid_mid,0.09375,0.0419921875
codecontests_java_218,resid_post,0.0625,0.0751953125
apps_python_219,resid_mid,0.21875,0.05859375
apps_python_219,resid_post,0.125,0.203125
codecontests_cpp_219,resid_mid,0.0625,0.58203125
codecontests_cpp_219,resid_post,-0.03125,0.228515625
codecontests_java_219,resid_mid,0.0625,0.1015625
codecontests_java_219,resid_post,-0.03125,0.103759765625
apps_python_220,resid_mid,-0.0625,0.0712890625
apps_python_220,resid_post,-0.21875,0.3203125
codecontests_cpp_220,resid_mid,-0.09375,0.31298828125
codecontests_cpp_220,resid_post,-0.0625,0.29296875
codecontests_java_220,resid_mid,-0.0625,-0.26806640625
codecontests_java_220,resid_post,-0.125,-0.0546875
apps_python_221,resid_mid,-0.09375,-0.102783203125
apps_python_221,resid_post,-0.25,0.03125
codecontests_java_221,resid_mid,0.03125,0.06640625
codecontests_java_221,resid_post,0.03125,-0.0234375
mbpp_python_221,resid_mid,-0.0625,0.6513671875
mbpp_python_221,resid_post,0.0,0.3203125
apps_python_222,resid_mid,-0.125,0.37109375
apps_python_222,resid_post,0.03125,0.03125
codecontests_java_222,resid_mid,0.0,0.20703125
codecontests_java_222,resid_post,0.09375,0.123046875
apps_python_223,resid_mid,0.09375,0.0615234375
apps_python_223,resid_post,0.03125,-0.00390625
codecontests_cpp_223,resid_mid,-0.0625,0.4368896484375
codecontests_cpp_223,resid_post,-0.03125,0.12109375
codecontests_java_223,resid_mid,0.15625,0.03515625
codecontests_java_223,resid_post,0.0,0.33740234375
apps_python_224,resid_mid,-0.03125,0.0859375
apps_python_224,resid_post,-0.125,-0.34375
codecontests_cpp_224,resid_mid,-0.125,0.206298828125
codecontests_cpp_224,resid_post,-0.15625,0.166015625
codecontests_java_224,resid_mid,0.0,0.24169921875
codecontests_java_224,resid_post,0.0625,0.013671875
mbpp_python_224,resid_mid,-0.0625,0.248046875
mbpp_python_224,resid_post,-0.0625,0.078125
apps_python_225,resid_mid,-0.0625,0.1328125
apps_python_225,resid_post,0.0,-0.0390625
codecontests_cpp_225,resid_mid,0.0625,0.15380859375
codecontests_cpp_225,resid_post,0.03125,0.24609375
codecontests_java_225,resid_mid,0.125,0.13671875
codecontests_java_225,resid_post,0.09375,0.2109375
codecontests_java_226,resid_mid,-0.03125,0.30859375
codecontests_java_226,resid_post,0.0,0.05078125
apps_python_227,resid_mid,-0.09375,0.357421875
apps_python_227,resid_post,-0.125,0.171875
codecontests_cpp_227,resid_mid,0.0,0.18280029296875
codecontests_cpp_227,resid_post,0.03125,0.166015625
codecontests_java_227,resid_mid,0.0625,0.140625
codecontests_java_227,resid_post,0.0625,0.09765625
codecontests_cpp_228,resid_mid,0.0625,0.0772247314453125
codecontests_cpp_228,resid_post,0.0625,0.12890625
codecontests_java_228,resid_mid,0.0625,-0.0504150390625
codecontests_java_228,resid_post,-0.15625,0.2421875
apps_python_229,resid_mid,-0.03125,0.51171875
apps_python_229,resid_post,-0.03125,0.3671875
codecontests_cpp_229,resid_mid,0.0625,0.0224609375
codecontests_cpp_229,resid_post,0.0,0.072265625
codecontests_java_229,resid_mid,0.0625,0.0390625
codecontests_java_229,resid_post,0.0,-0.029296875
apps_python_230,resid_mid,-0.09375,0.1328125
apps_python_230,resid_post,-0.0625,0.1953125
codecontests_java_230,resid_mid,0.03125,0.1669921875
codecontests_java_230,resid_post,0.03125,0.06640625
mbpp_python_230,resid_mid,-0.03125,-0.1123046875
mbpp_python_230,resid_post,-0.09375,0.1015625
apps_python_231,resid_mid,-0.09375,-0.08203125
apps_python_231,resid_post,-0.125,-0.125
codecontests_java_231,resid_mid,-0.09375,0.14697265625
codecontests_java_231,resid_post,-0.0625,0.04296875
apps_python_232,resid_mid,0.0,0.400390625
apps_python_232,resid_post,-0.09375,0.1171875
apps_python_233,resid_mid,0.0,0.2158203125
apps_python_233,resid_post,-0.09375,0.1328125
codecontests_java_233,resid_mid,0.0625,0.185546875
codecontests_java_233,resid_post,0.03125,0.12890625
mbpp_python_233,resid_mid,0.03125,0.484375
mbpp_python_233,resid_post,0.1875,-0.078125
apps_python_234,resid_mid,0.0625,0.16845703125
apps_python_234,resid_post,-0.09375,0.3515625
codecontests_java_234,resid_mid,0.21875,-0.09375
codecontests_java_234,resid_post,0.125,0.10546875
apps_python_235,resid_mid,0.125,0.052734375
apps_python_235,resid_post,0.09375,-0.015625
codecontests_cpp_235,resid_mid,0.0625,0.119140625
codecontests_cpp_235,resid_post,0.0,0.1484375
codecontests_java_235,resid_mid,0.0625,-0.078125
codecontests_java_235,resid_post,-0.03125,-0.091796875
mbpp_python_235,resid_mid,-0.125,0.5498046875
mbpp_python_235,resid_post,-0.09375,0.36328125
apps_python_236,resid_mid,-0.0625,0.5830078125
apps_python_236,resid_post,-0.03125,0.265625
codecontests_cpp_236,resid_mid,0.0,0.37939453125
codecontests_cpp_236,resid_post,-0.03125,0.33984375
codecontests_java_236,resid_mid,0.09375,-0.03125
codecontests_java_236,resid_post,0.0,0.1787109375
apps_python_237,resid_mid,-0.09375,0.1588134765625
apps_python_237,resid_post,-0.0625,0.234375
codecontests_java_237,resid_mid,0.15625,0.23828125
codecontests_java_237,resid_post,0.03125,0.02734375
apps_python_238,resid_mid,-0.03125,0.548828125
apps_python_238,resid_post,0.125,0.06640625
codecontests_java_238,resid_mid,0.125,0.33349609375
codecontests_java_238,resid_post,0.03125,0.2470703125
apps_python_239,resid_mid,-0.03125,-0.1005859375
apps_python_239,resid_post,-0.0625,0.1328125
codecontests_java_239,resid_mid,-0.03125,-0.0810546875
codecontests_java_239,resid_post,-0.09375,-0.05078125
apps_python_240,resid_mid,0.03125,0.083984375
apps_python_240,resid_post,0.03125,0.0234375
codecontests_java_240,resid_mid,0.0625,-0.00537109375
codecontests_java_240,resid_post,0.0,-0.00390625
apps_python_241,resid_mid,0.0625,0.019775390625
apps_python_241,resid_post,0.0,-0.015625
codecontests_java_241,resid_mid,-0.03125,0.244140625
codecontests_java_241,resid_post,-0.0625,-0.076171875
apps_python_242,resid_mid,-0.03125,0.474609375
apps_python_242,resid_post,0.0,0.171875
codecontests_cpp_242,resid_mid,-0.09375,-0.041015625
codecontests_cpp_242,resid_post,-0.0625,-0.0234375
codecontests_java_242,resid_mid,0.0625,-0.0390625
codecontests_java_242,resid_post,0.0625,-0.12109375
apps_python_243,resid_mid,-0.1875,0.146484375
apps_python_243,resid_post,-0.15625,-0.046875
codecontests_java_243,resid_mid,-0.0625,-0.06634521484375
codecontests_java_243,resid_post,-0.09375,0.06640625
apps_python_244,resid_mid,-0.03125,0.328125
apps_python_244,resid_post,-0.0625,0.0703125
apps_python_245,resid_mid,-0.09375,-0.26611328125
apps_python_245,resid_post,-0.1875,0.078125
codecontests_cpp_245,resid_mid,0.03125,-0.116455078125
codecontests_cpp_245,resid_post,0.03125,-0.0078125
codecontests_java_245,resid_mid,0.03125,-0.064453125
codecontests_java_245,resid_post,0.0,-0.017578125
mbpp_python_245,resid_mid,0.0625,0.38037109375
mbpp_python_245,resid_post,-0.03125,0.24609375
apps_python_246,resid_mid,0.0,-0.089111328125
apps_python_246,resid_post,-0.125,0.1953125
codecontests_cpp_246,resid_mid,-0.03125,0.583984375
codecontests_cpp_246,resid_post,0.03125,0.2041015625
codecontests_java_246,resid_mid,0.09375,0.099609375
codecontests_java_246,resid_post,0.0625,-0.0048828125
codecontests_java_247,resid_mid,0.09375,-0.005859375
codecontests_java_247,resid_post,0.0,0.12109375
apps_python_248,resid_mid,-0.09375,0.349609375
apps_python_248,resid_post,-0.0625,0.0703125
codecontests_cpp_248,resid_mid,0.0,-0.0478515625
codecontests_cpp_248,resid_post,-0.03125,0.080078125
codecontests_java_248,resid_mid,0.03125,-0.049560546875
codecontests_java_248,resid_post,-0.0625,0.16796875
apps_python_249,resid_mid,-0.0625,0.326171875
apps_python_249,resid_post,0.0,0.21875
codecontests_cpp_249,resid_mid,0.0625,0.04296875
codecontests_cpp_249,resid_post,0.03125,-0.14453125
codecontests_java_249,resid_mid,0.125,-0.048828125
codecontests_java_249,resid_post,0.125,0.05859375
apps_python_250,resid_mid,0.0,0.056640625
apps_python_250,resid_post,-0.03125,0.01953125
codecontests_java_250,resid_mid,0.0625,0.17578125
codecontests_java_250,resid_post,0.03125,-0.12890625
apps_python_251,resid_mid,-0.1875,0.0703125
apps_python_251,resid_post,-0.09375,-0.05078125
codecontests_java_251,resid_mid,0.03125,0.12872314453125
codecontests_java_251,resid_post,-0.09375,0.392578125
apps_python_252,resid_mid,0.03125,0.051300048828125
apps_python_252,resid_post,0.0,-0.046875
codecontests_cpp_252,resid_mid,0.0625,-0.041015625
codecontests_cpp_252,resid_post,0.03125,0.07421875
codecontests_java_252,resid_mid,0.15625,-0.0906982421875
codecontests_java_252,resid_post,0.125,0.001953125
apps_python_253,resid_mid,0.0,0.1328125
apps_python_253,resid_post,0.0,-0.1796875
codecontests_cpp_253,resid_mid,0.0625,0.39501953125
codecontests_cpp_253,resid_post,-0.03125,0.3603515625
codecontests_java_253,resid_mid,0.125,0.0357666015625
codecontests_java_253,resid_post,0.03125,0.10546875
apps_python_254,resid_mid,0.0,0.1767578125
apps_python_254,resid_post,0.03125,-0.015625
codecontests_cpp_254,resid_mid,-0.03125,-0.0355224609375
codecontests_cpp_254,resid_post,-0.15625,0.10546875
codecontests_java_254,resid_mid,0.0625,-0.083984375
codecontests_java_254,resid_post,0.03125,-0.1171875
apps_python_255,resid_mid,0.0625,0.06536865234375
apps_python_255,resid_post,0.0625,0.21484375
codecontests_cpp_255,resid_mid,-0.0625,0.5546875
codecontests_cpp_255,resid_post,-0.0625,0.19140625
codecontests_java_255,resid_mid,-0.0625,-0.1435546875
codecontests_java_255,resid_post,-0.0625,0.00390625
apps_python_256,resid_mid,-0.0625,0.490234375
apps_python_256,resid_post,0.0,0.13671875
codecontests_cpp_256,resid_mid,0.09375,0.1126708984375
codecontests_cpp_256,resid_post,0.09375,-0.05859375
codecontests_java_256,resid_mid,0.09375,0.0848388671875
codecontests_java_256,resid_post,0.1875,-0.005859375
apps_python_257,resid_mid,0.125,0.509765625
apps_python_257,resid_post,0.0625,0.1796875
codecontests_cpp_257,resid_mid,0.125,0.22265625
codecontests_cpp_257,resid_post,0.03125,0.1142578125
codecontests_java_257,resid_mid,0.09375,0.064453125
codecontests_java_257,resid_post,0.03125,-0.15234375
apps_python_258,resid_mid,-0.15625,0.4718017578125
apps_python_258,resid_post,-0.03125,0.16015625
codecontests_cpp_258,resid_mid,0.125,-0.1044921875
codecontests_cpp_258,resid_post,0.09375,-0.0625
codecontests_java_258,resid_mid,0.0625,-0.105224609375
codecontests_java_258,resid_post,0.0,-0.09765625
apps_python_259,resid_mid,0.0625,0.541015625
apps_python_259,resid_post,0.1875,0.234375
codecontests_cpp_259,resid_mid,0.15625,-0.017578125
codecontests_cpp_259,resid_post,0.09375,0.0390625
codecontests_java_259,resid_mid,0.0,-0.012420654296875
codecontests_java_259,resid_post,-0.09375,-0.06640625
apps_python_260,resid_mid,-0.0625,0.28125
apps_python_260,resid_post,-0.09375,0.2109375
codecontests_java_260,resid_mid,0.0625,0.370513916015625
codecontests_java_260,resid_post,-0.03125,0.048828125
apps_python_261,resid_mid,-0.0625,0.634765625
apps_python_261,resid_post,-0.0625,0.31640625
codecontests_cpp_261,resid_mid,0.0,0.1220703125
codecontests_cpp_261,resid_post,0.03125,0.03125
codecontests_java_261,resid_mid,0.09375,0.003662109375
codecontests_java_261,resid_post,0.03125,0.36328125
apps_python_262,resid_mid,0.09375,-0.01171875
apps_python_262,resid_post,0.0625,0.125
codecontests_cpp_262,resid_mid,0.0,0.195068359375
codecontests_cpp_262,resid_post,-0.03125,0.2734375
codecontests_java_262,resid_mid,-0.03125,0.2568359375
codecontests_java_262,resid_post,0.0,0.166015625
apps_python_263,resid_mid,0.0625,0.195526123046875
apps_python_263,resid_post,0.03125,-0.02734375
codecontests_cpp_263,resid_mid,-0.03125,0.351318359375
codecontests_cpp_263,resid_post,0.03125,0.283203125
codecontests_java_263,resid_mid,0.03125,0.15869140625
codecontests_java_263,resid_post,-0.0625,0.109375
codecontests_cpp_264,resid_mid,0.09375,0.45751953125
codecontests_cpp_264,resid_post,0.0,0.19921875
codecontests_java_264,resid_mid,0.0625,0.0465087890625
codecontests_java_264,resid_post,-0.03125,0.01953125
apps_python_265,resid_mid,-0.03125,0.224609375
apps_python_265,resid_post,0.03125,0.0234375
codecontests_cpp_265,resid_mid,-0.03125,-0.15625
codecontests_cpp_265,resid_post,-0.125,0.015625
codecontests_java_265,resid_mid,0.125,0.119140625
codecontests_java_265,resid_post,0.0,0.416015625
apps_python_266,resid_mid,0.0625,0.2880859375
apps_python_266,resid_post,0.03125,0.1328125
codecontests_java_266,resid_mid,0.125,0.251953125
codecontests_java_266,resid_post,0.03125,0.0078125
apps_python_267,resid_mid,0.0625,-0.0712890625
apps_python_267,resid_post,0.0625,-0.0078125
codecontests_java_267,resid_mid,-0.125,0.1484375
codecontests_java_267,resid_post,-0.09375,-0.025390625
apps_python_268,resid_mid,-0.03125,0.22625732421875
apps_python_268,resid_post,-0.0625,0.0546875
codecontests_cpp_268,resid_mid,0.03125,0.15625
codecontests_cpp_268,resid_post,0.0,0.1015625
codecontests_java_268,resid_mid,0.0,0.08154296875
codecontests_java_268,resid_post,-0.03125,0.1796875
apps_python_270,resid_mid,-0.03125,0.5537109375
apps_python_270,resid_post,0.0,0.0625
codecontests_java_270,resid_mid,-0.0625,0.03125
codecontests_java_270,resid_post,-0.0625,-0.14453125
codecontests_java_271,resid_mid,0.03125,0.172119140625
codecontests_java_271,resid_post,0.0625,0.205078125
mbpp_python_271,resid_mid,-0.09375,-0.125
mbpp_python_271,resid_post,-0.15625,-0.0234375
apps_python_272,resid_mid,-0.03125,0.0775146484375
apps_python_272,resid_post,-0.0625,0.23828125
codecontests_cpp_272,resid_mid,0.125,-0.2060546875
codecontests_cpp_272,resid_post,0.03125,-0.140625
codecontests_java_272,resid_mid,0.03125,0.074462890625
codecontests_java_272,resid_post,-0.0625,0.1171875
apps_python_273,resid_mid,-0.03125,-0.015625
apps_python_273,resid_post,0.09375,-0.1484375
codecontests_java_273,resid_mid,0.0625,-0.07421875
codecontests_java_273,resid_post,-0.03125,-0.001953125
mbpp_python_273,resid_mid,-0.15625,0.54296875
mbpp_python_273,resid_post,-0.09375,0.328125
apps_python_274,resid_mid,0.0,0.466796875
apps_python_274,resid_post,-0.0625,0.3203125
codecontests_cpp_274,resid_mid,0.15625,-0.0908203125
codecontests_cpp_274,resid_post,0.125,-0.07421875
codecontests_java_274,resid_mid,0.0,0.083984375
codecontests_java_274,resid_post,0.03125,0.01171875
apps_python_275,resid_mid,0.03125,0.34716796875
apps_python_275,resid_post,-0.0625,0.375
codecontests_java_275,resid_mid,-0.09375,0.283203125
codecontests_java_275,resid_post,-0.15625,0.11083984375
codecontests_cpp_276,resid_mid,0.125,0.48828125
codecontests_cpp_276,resid_post,0.09375,0.326171875
codecontests_java_276,resid_mid,-0.03125,0.27734375
codecontests_java_276,resid_post,-0.125,0.09765625
mbpp_python_276,resid_mid,0.0625,-0.079345703125
mbpp_python_276,resid_post,-0.0625,0.0859375
apps_python_277,resid_mid,0.0625,-0.02734375
apps_python_277,resid_post,0.03125,0.0703125
codecontests_cpp_277,resid_mid,0.0625,0.111328125
codecontests_cpp_277,resid_post,0.0,0.18359375
codecontests_java_277,resid_mid,0.21875,-0.013671875
codecontests_java_277,resid_post,0.125,0.1484375
codecontests_java_278,resid_mid,0.0625,0.001953125
codecontests_java_278,resid_post,-0.09375,0.01171875
apps_python_279,resid_mid,-0.03125,0.3056640625
apps_python_279,resid_post,-0.125,0.1171875
codecontests_cpp_279,resid_mid,0.0625,0.435546875
codecontests_cpp_279,resid_post,0.09375,0.09375
codecontests_java_279,resid_mid,0.09375,-0.005859375
codecontests_java_279,resid_post,0.03125,-0.0234375
apps_python_280,resid_mid,0.0,0.555908203125
apps_python_280,resid_post,-0.03125,0.28125
codecontests_java_280,resid_mid,0.0,-0.0390625
codecontests_java_280,resid_post,-0.125,0.23583984375
apps_python_281,resid_mid,-0.09375,-0.00830078125
apps_python_281,resid_post,0.0,-0.015625
codecontests_cpp_281,resid_mid,0.0625,0.14697265625
codecontests_cpp_281,resid_post,0.15625,0.10546875
codecontests_java_281,resid_mid,0.0625,0.009765625
codecontests_java_281,resid_post,0.0625,0.109375
mbpp_python_281,resid_mid,-0.21875,0.625
mbpp_python_281,resid_post,-0.0625,0.40625
apps_python_282,resid_mid,-0.03125,0.0537109375
apps_python_282,resid_post,0.0,0.03125
codecontests_java_282,resid_mid,0.09375,0.215087890625
codecontests_java_282,resid_post,0.0625,0.126953125
apps_python_283,resid_mid,0.09375,0.1015625
apps_python_283,resid_post,0.0625,0.0625
codecontests_cpp_283,resid_mid,0.0,0.18792724609375
codecontests_cpp_283,resid_post,-0.03125,0.12890625
codecontests_java_283,resid_mid,0.1875,-0.03955078125
codecontests_java_283,resid_post,0.0625,0.021484375
apps_python_284,resid_mid,-0.125,0.125
apps_python_284,resid_post,-0.0625,0.0234375
codecontests_cpp_284,resid_mid,0.0,0.16162109375
codecontests_cpp_284,resid_post,0.0,-0.0078125
codecontests_java_284,resid_mid,-0.03125,-0.017578125
codecontests_java_284,resid_post,0.03125,0.0078125
apps_python_285,resid_mid,0.09375,0.033203125
apps_python_285,resid_post,-0.03125,-0.0703125
codecontests_cpp_285,resid_mid,0.0,-0.013671875
codecontests_cpp_285,resid_post,0.03125,-0.08203125
codecontests_java_285,resid_mid,0.0625,0.14807891845703125
codecontests_java_285,resid_post,-0.0625,0.0859375
mbpp_python_285,resid_mid,0.0625,0.423828125
mbpp_python_285,resid_post,0.03125,0.1796875
apps_python_286,resid_mid,0.28125,0.048828125
apps_python_286,resid_post,0.125,-0.1171875
codecontests_java_286,resid_mid,0.0625,0.171875
codecontests_java_286,resid_post,-0.0625,0.07421875
codecontests_java_287,resid_mid,0.125,-0.005859375
codecontests_java_287,resid_post,0.09375,-0.0859375
apps_python_288,resid_mid,-0.125,0.03515625
apps_python_288,resid_post,-0.15625,-0.0546875
codecontests_cpp_288,resid_mid,0.0625,0.361328125
codecontests_cpp_288,resid_post,0.09375,0.0859375
codecontests_java_288,resid_mid,0.09375,0.07373046875
codecontests_java_288,resid_post,0.0625,-0.095703125
apps_python_289,resid_mid,0.0,0.55419921875
apps_python_289,resid_post,0.0625,0.1484375
codecontests_java_289,resid_mid,0.09375,0.2451171875
codecontests_java_289,resid_post,0.0,0.3740234375
codecontests_cpp_290,resid_mid,0.15625,-0.0380859375
codecontests_cpp_290,resid_post,0.21875,-0.0078125
codecontests_java_290,resid_mid,0.0625,0.416015625
codecontests_java_290,resid_post,0.15625,0.203125
apps_python_291,resid_mid,0.125,0.3681640625
apps_python_291,resid_post,0.0,0.2890625
codecontests_cpp_291,resid_mid,0.03125,0.6015625
codecontests_cpp_291,resid_post,0.03125,0.255859375
codecontests_java_291,resid_mid,-0.03125,0.22265625
codecontests_java_291,resid_post,-0.0625,-0.0498046875
mbpp_python_291,resid_mid,0.09375,0.4697265625
mbpp_python_291,resid_post,0.03125,0.328125
apps_python_292,resid_mid,-0.03125,0.19287109375
apps_python_292,resid_post,-0.15625,0.36328125
codecontests_cpp_292,resid_mid,0.0625,0.19134521484375
codecontests_cpp_292,resid_post,0.03125,-0.001953125
codecontests_java_292,resid_mid,0.0625,-0.048828125
codecontests_java_292,resid_post,0.0,0.01171875
apps_python_293,resid_mid,0.03125,0.34375
apps_python_293,resid_post,0.09375,0.0
apps_python_294,resid_mid,0.0,0.1171875
apps_python_294,resid_post,-0.15625,0.4609375
codecontests_cpp_294,resid_mid,0.0,0.138671875
codecontests_cpp_294,resid_post,0.0,0.125
codecontests_java_294,resid_mid,-0.03125,0.408203125
codecontests_java_294,resid_post,-0.0625,0.203125
apps_python_295,resid_mid,-0.03125,0.0078125
apps_python_295,resid_post,0.0,-0.046875
codecontests_cpp_295,resid_mid,0.0,0.5390625
codecontests_cpp_295,resid_post,-0.0625,0.146484375
codecontests_java_295,resid_mid,0.0,0.05078125
codecontests_java_295,resid_post,-0.03125,0.0390625
apps_python_296,resid_mid,-0.0625,-0.21484375
apps_python_296,resid_post,-0.15625,0.0859375
codecontests_cpp_296,resid_mid,0.0625,0.041015625
codecontests_cpp_296,resid_post,0.0,-0.01171875
codecontests_java_296,resid_mid,0.0,-0.001953125
codecontests_java_296,resid_post,0.0,0.029296875
apps_python_297,resid_mid,-0.03125,0.21826171875
apps_python_297,resid_post,-0.15625,0.20703125
codecontests_cpp_297,resid_mid,0.03125,0.00390625
codecontests_cpp_297,resid_post,0.0,0.0791015625
codecontests_java_297,resid_mid,0.03125,0.201171875
codecontests_java_297,resid_post,-0.0625,0.0537109375
apps_python_298,resid_mid,-0.09375,0.3193359375
apps_python_298,resid_post,-0.15625,0.1328125
codecontests_cpp_298,resid_mid,0.03125,0.109375
codecontests_cpp_298,resid_post,0.0625,0.15625
codecontests_java_298,resid_mid,0.03125,0.0390625
codecontests_java_298,resid_post,-0.09375,0.30029296875
apps_python_299,resid_mid,0.0625,0.109375
apps_python_299,resid_post,0.0,-0.015625
codecontests_java_299,resid_mid,-0.0625,0.1298828125
codecontests_java_299,resid_post,-0.125,-0.046875
mbpp_python_299,resid_mid,-0.09375,-0.130859375
mbpp_python_299,resid_post,-0.1875,-0.078125
apps_python_300,resid_mid,-0.0625,-0.2177734375
apps_python_300,resid_post,-0.1875,0.1484375
codecontests_java_300,resid_mid,0.09375,-0.013916015625
codecontests_java_300,resid_post,-0.03125,-0.1484375
apps_python_301,resid_mid,-0.0625,0.3115234375
apps_python_301,resid_post,0.0,0.109375
codecontests_cpp_301,resid_mid,0.03125,-0.07421875
codecontests_cpp_301,resid_post,0.0,-0.02734375
codecontests_java_301,resid_mid,0.03125,0.0390625
codecontests_java_301,resid_post,0.0,0.017578125
apps_python_302,resid_mid,0.125,0.3984375
apps_python_302,resid_post,0.0625,0.21875
codecontests_cpp_302,resid_mid,-0.03125,-0.1484375
codecontests_cpp_302,resid_post,-0.0625,0.015625
codecontests_java_302,resid_mid,0.03125,0.107421875
codecontests_java_302,resid_post,-0.09375,0.0517578125
mbpp_python_302,resid_mid,-0.03125,0.13525390625
mbpp_python_302,resid_post,0.0625,0.1875
apps_python_303,resid_mid,0.0,0.094970703125
apps_python_303,resid_post,0.0,0.1015625
codecontests_cpp_303,resid_mid,0.09375,-0.07598876953125
codecontests_cpp_303,resid_post,0.0625,-0.03125
codecontests_java_303,resid_mid,0.1875,0.0224609375
codecontests_java_303,resid_post,0.15625,0.12890625
apps_python_304,resid_mid,0.0,0.1875
apps_python_304,resid_post,-0.0625,0.203125
codecontests_cpp_304,resid_mid,0.0,0.1650390625
codecontests_cpp_304,resid_post,0.0625,0.12109375
codecontests_java_304,resid_mid,-0.03125,0.27734375
codecontests_java_304,resid_post,-0.09375,0.228515625
mbpp_python_305,resid_mid,-0.0625,0.52197265625
mbpp_python_305,resid_post,-0.0625,-0.1328125
apps_python_306,resid_mid,-0.125,0.2421875
apps_python_306,resid_post,-0.125,0.03125
codecontests_cpp_306,resid_mid,0.09375,0.2822265625
codecontests_cpp_306,resid_post,0.09375,0.2265625
codecontests_java_306,resid_mid,0.125,0.080078125
codecontests_java_306,resid_post,0.125,0.015625
codecontests_java_307,resid_mid,-0.09375,0.19921875
codecontests_java_307,resid_post,-0.0625,-0.001953125
apps_python_308,resid_mid,0.0,-0.1507282257080078
apps_python_308,resid_post,-0.09375,0.0390625
codecontests_java_308,resid_mid,0.0,0.015625
codecontests_java_308,resid_post,0.0,0.021484375
mbpp_python_308,resid_mid,-0.09375,0.60546875
mbpp_python_308,resid_post,-0.0625,-0.02734375
apps_python_309,resid_mid,-0.03125,-0.126953125
apps_python_309,resid_post,0.0,-0.125
codecontests_cpp_309,resid_mid,0.125,0.08203125
codecontests_cpp_309,resid_post,0.03125,0.115234375
codecontests_java_309,resid_mid,-0.03125,0.3984375
codecontests_java_309,resid_post,-0.03125,-0.044921875
apps_python_310,resid_mid,-0.09375,0.22265625
apps_python_310,resid_post,-0.09375,0.125
codecontests_cpp_310,resid_mid,-0.03125,0.37451171875
codecontests_cpp_310,resid_post,-0.03125,0.25390625
codecontests_java_310,resid_mid,0.0,0.0509033203125
codecontests_java_310,resid_post,-0.0625,0.09765625
apps_python_311,resid_mid,0.0625,-0.0078125
apps_python_311,resid_post,0.03125,-0.171875
codecontests_java_311,resid_mid,0.0625,-0.060546875
codecontests_java_311,resid_post,0.03125,0.0
apps_python_312,resid_mid,-0.09375,-0.072265625
apps_python_312,resid_post,-0.125,0.125
codecontests_cpp_312,resid_mid,0.0,-0.221282958984375
codecontests_cpp_312,resid_post,-0.0625,-0.1328125
codecontests_java_312,resid_mid,0.0625,0.10986328125
codecontests_java_312,resid_post,0.0,0.03515625
apps_python_313,resid_mid,-0.125,-0.0869140625
apps_python_313,resid_post,-0.1875,-0.125
codecontests_cpp_313,resid_mid,0.09375,-0.052734375
codecontests_cpp_313,resid_post,0.03125,-0.03125
codecontests_java_313,resid_mid,0.0,0.105712890625
codecontests_java_313,resid_post,-0.03125,0.15234375
apps_python_314,resid_mid,-0.03125,0.3818359375
apps_python_314,resid_post,-0.15625,0.4375
codecontests_cpp_314,resid_mid,0.0625,0.5791015625
codecontests_cpp_314,resid_post,-0.03125,0.283203125
codecontests_java_314,resid_mid,0.03125,0.15234375
codecontests_java_314,resid_post,-0.15625,0.3271484375
apps_python_315,resid_mid,-0.0625,0.427734375
apps_python_315,resid_post,-0.0625,0.1640625
codecontests_cpp_315,resid_mid,0.03125,0.0159912109375
codecontests_cpp_315,resid_post,0.0625,0.05859375
codecontests_java_315,resid_mid,0.125,-0.068359375
codecontests_java_315,resid_post,-0.03125,0.150390625
apps_python_316,resid_mid,-0.125,0.4921875
apps_python_316,resid_post,-0.0625,-0.015625
apps_python_317,resid_mid,0.03125,0.484375
apps_python_317,resid_post,0.03125,0.3359375
codecontests_cpp_317,resid_mid,0.125,0.044921875
codecontests_cpp_317,resid_post,0.0625,0.041015625
codecontests_java_317,resid_mid,0.03125,-0.0087890625
codecontests_java_317,resid_post,0.0625,0.0625
apps_python_318,resid_mid,0.0,0.33544921875
apps_python_318,resid_post,0.0625,0.171875
codecontests_cpp_318,resid_mid,0.125,0.0546875
codecontests_cpp_318,resid_post,0.125,-0.078125
codecontests_java_318,resid_mid,-0.03125,0.1298828125
codecontests_java_318,resid_post,-0.03125,0.05078125
apps_python_319,resid_mid,0.03125,0.4501953125
apps_python_319,resid_post,-0.0625,0.0546875
codecontests_cpp_319,resid_mid,-0.03125,0.3916015625
codecontests_cpp_319,resid_post,-0.03125,0.236328125
codecontests_java_319,resid_mid,0.09375,0.0849609375
codecontests_java_319,resid_post,0.09375,-0.01171875
codecontests_cpp_320,resid_mid,0.03125,0.470703125
codecontests_cpp_320,resid_post,0.09375,0.15625
codecontests_java_320,resid_mid,0.0625,0.0625
codecontests_java_320,resid_post,0.03125,0.103515625
apps_python_321,resid_mid,-0.0625,0.466796875
apps_python_321,resid_post,0.0,-0.09375
codecontests_java_321,resid_mid,0.0625,-0.150390625
codecontests_java_321,resid_post,0.0,0.173828125
mbpp_python_321,resid_mid,-0.15625,0.626953125
mbpp_python_321,resid_post,-0.0625,0.265625
apps_python_322,resid_mid,0.0,0.357421875
apps_python_322,resid_post,0.0,0.0625
codecontests_cpp_322,resid_mid,0.1875,0.166259765625
codecontests_cpp_322,resid_post,0.09375,0.00390625
codecontests_java_322,resid_mid,0.09375,0.01953125
codecontests_java_322,resid_post,0.03125,-0.103515625
apps_python_323,resid_mid,-0.03125,0.3931884765625
apps_python_323,resid_post,0.0625,0.234375
codecontests_cpp_323,resid_mid,0.0,-0.047119140625
codecontests_cpp_323,resid_post,-0.03125,-0.02734375
codecontests_java_323,resid_mid,0.09375,-0.103515625
codecontests_java_323,resid_post,-0.09375,0.140625
apps_python_324,resid_mid,-0.09375,0.5341796875
apps_python_324,resid_post,-0.125,0.2265625
codecontests_java_324,resid_mid,0.0625,-0.12744140625
codecontests_java_324,resid_post,0.03125,-0.1171875
apps_python_325,resid_mid,0.0,0.140625
apps_python_325,resid_post,-0.03125,0.1640625
codecontests_java_325,resid_mid,0.1875,0.0576171875
codecontests_java_325,resid_post,0.0625,-0.0546875
mbpp_python_325,resid_mid,-0.03125,0.6064453125
mbpp_python_325,resid_post,-0.03125,-0.09375
apps_python_326,resid_mid,0.09375,0.1904296875
apps_python_326,resid_post,0.03125,0.1171875
codecontests_cpp_326,resid_mid,0.1875,-0.17626953125
codecontests_cpp_326,resid_post,0.15625,-0.03125
codecontests_java_326,resid_mid,0.03125,0.099609375
codecontests_java_326,resid_post,0.03125,0.009765625
apps_python_327,resid_mid,0.09375,-0.060546875
apps_python_327,resid_post,-0.09375,0.1796875
codecontests_cpp_327,resid_mid,-0.09375,0.291015625
codecontests_cpp_327,resid_post,0.0,0.240234375
codecontests_java_327,resid_mid,0.03125,-0.08984375
codecontests_java_327,resid_post,-0.09375,0.2578125
mbpp_python_327,resid_mid,0.0625,0.2890625
mbpp_python_327,resid_post,-0.03125,0.15625
apps_python_328,resid_mid,-0.03125,-0.041015625
apps_python_328,resid_post,-0.15625,0.09375
codecontests_cpp_328,resid_mid,0.09375,0.0789794921875
codecontests_cpp_328,resid_post,0.0625,0.0234375
codecontests_java_328,resid_mid,0.0,0.03515625
codecontests_java_328,resid_post,0.0,-0.078125
apps_python_329,resid_mid,-0.03125,0.54150390625
apps_python_329,resid_post,0.125,0.2109375
codecontests_cpp_329,resid_mid,-0.0625,-0.017578125
codecontests_cpp_329,resid_post,-0.0625,-0.01953125
codecontests_java_329,resid_mid,0.09375,0.264404296875
codecontests_java_329,resid_post,0.0,0.095703125
apps_python_330,resid_mid,-0.15625,-0.1494140625
apps_python_330,resid_post,-0.28125,0.0859375
codecontests_cpp_330,resid_mid,-0.125,0.0537109375
codecontests_cpp_330,resid_post,-0.0625,0.0625
codecontests_java_330,resid_mid,0.0625,0.3935546875
codecontests_java_330,resid_post,0.09375,-0.029296875
apps_python_331,resid_mid,0.0625,0.04296875
apps_python_331,resid_post,0.0,0.0859375
codecontests_java_331,resid_mid,0.09375,0.2099609375
codecontests_java_331,resid_post,-0.0625,-0.0546875
apps_python_332,resid_mid,-0.09375,0.47265625
apps_python_332,resid_post,-0.03125,0.0390625
codecontests_cpp_332,resid_mid,0.0,0.33984375
codecontests_cpp_332,resid_post,-0.03125,0.3203125
codecontests_java_332,resid_mid,0.0625,-0.013671875
codecontests_java_332,resid_post,0.0625,-0.021484375
apps_python_333,resid_mid,-0.09375,0.35980224609375
apps_python_333,resid_post,0.03125,0.0546875
codecontests_cpp_333,resid_mid,0.125,0.09716796875
codecontests_cpp_333,resid_post,0.09375,0.07421875
codecontests_java_333,resid_mid,0.03125,0.103515625
codecontests_java_333,resid_post,0.09375,-0.04296875
codecontests_cpp_334,resid_mid,-0.0625,0.47802734375
codecontests_cpp_334,resid_post,-0.09375,0.17578125
codecontests_java_334,resid_mid,0.125,-0.02294921875
codecontests_java_334,resid_post,0.125,0.03125
codecontests_cpp_335,resid_mid,0.03125,-0.0126953125
codecontests_cpp_335,resid_post,0.03125,-0.109375
codecontests_java_335,resid_mid,0.0,0.2578125
codecontests_java_335,resid_post,-0.0625,0.0234375
mbpp_python_335,resid_mid,-0.09375,0.1923828125
mbpp_python_335,resid_post,-0.03125,0.15625
apps_python_336,resid_mid,-0.03125,0.36376953125
apps_python_336,resid_post,-0.0625,0.2265625
codecontests_java_336,resid_mid,0.0625,0.11376953125
codecontests_java_336,resid_post,-0.03125,0.09765625
apps_python_337,resid_mid,-0.03125,0.416015625
apps_python_337,resid_post,0.0,0.109375
codecontests_cpp_337,resid_mid,0.0625,0.3243408203125
codecontests_cpp_337,resid_post,0.0625,0.392578125
codecontests_java_337,resid_mid,0.125,-0.07421875
codecontests_java_337,resid_post,0.0,-0.02734375
apps_python_338,resid_mid,0.03125,-0.0029296875
apps_python_338,resid_post,0.09375,0.125
codecontests_java_338,resid_mid,0.09375,0.4365234375
codecontests_java_338,resid_post,0.0625,0.11328125
apps_python_339,resid_mid,0.0,0.310546875
apps_python_339,resid_post,0.0625,0.09375
codecontests_cpp_339,resid_mid,0.125,0.15625
codecontests_cpp_339,resid_post,0.0625,0.111328125
codecontests_java_339,resid_mid,0.03125,0.21875
codecontests_java_339,resid_post,0.0,0.128173828125
apps_python_340,resid_mid,-0.09375,0.39501953125
apps_python_340,resid_post,0.03125,0.09375
codecontests_cpp_340,resid_mid,-0.09375,0.5341796875
codecontests_cpp_340,resid_post,-0.0625,0.2265625
codecontests_java_340,resid_mid,0.0625,0.0078125
codecontests_java_340,resid_post,-0.0625,0.2490234375
apps_python_341,resid_mid,-0.09375,0.42578125
apps_python_341,resid_post,-0.03125,0.0
codecontests_cpp_341,resid_mid,0.09375,0.07318115234375
codecontests_cpp_341,resid_post,0.0625,0.140625
codecontests_java_341,resid_mid,0.28125,0.1640625
codecontests_java_341,resid_post,0.15625,0.001953125
apps_python_342,resid_mid,0.0,0.3515625
apps_python_342,resid_post,0.03125,-0.0078125
codecontests_cpp_342,resid_mid,0.09375,0.2109375
codecontests_cpp_342,resid_post,0.0625,0.287109375
codecontests_java_342,resid_mid,0.09375,0.166015625
codecontests_java_342,resid_post,-0.0625,0.01953125
apps_python_343,resid_mid,0.09375,-0.107421875
apps_python_343,resid_post,-0.09375,0.1640625
codecontests_cpp_343,resid_mid,0.1875,0.22216796875
codecontests_cpp_343,resid_post,0.03125,0.197265625
codecontests_java_343,resid_mid,0.125,0.0546875
codecontests_java_343,resid_post,0.03125,-0.037109375
apps_python_344,resid_mid,-0.09375,0.322509765625
apps_python_344,resid_post,-0.125,0.1328125
codecontests_cpp_344,resid_mid,0.03125,0.2548828125
codecontests_cpp_344,resid_post,0.03125,0.05078125
codecontests_java_344,resid_mid,0.09375,-0.2138671875
codecontests_java_344,resid_post,0.15625,-0.0546875
apps_python_345,resid_mid,-0.125,0.3271484375
apps_python_345,resid_post,-0.09375,0.1484375
codecontests_java_345,resid_mid,0.125,0.2041015625
codecontests_java_345,resid_post,-0.03125,0.09375
apps_python_346,resid_mid,0.09375,-0.1669921875
apps_python_346,resid_post,0.0625,-0.078125
codecontests_cpp_346,resid_mid,0.0,-0.03857421875
codecontests_cpp_346,resid_post,0.0,0.02734375
codecontests_java_346,resid_mid,0.125,0.25537109375
codecontests_java_346,resid_post,0.0625,0.044921875
apps_python_347,resid_mid,0.03125,0.4912109375
apps_python_347,resid_post,-0.0625,0.171875
codecontests_cpp_347,resid_mid,0.0625,0.5777587890625
codecontests_cpp_347,resid_post,0.09375,0.574951171875
codecontests_java_347,resid_mid,0.03125,0.1181640625
codecontests_java_347,resid_post,-0.0625,0.36669921875
apps_python_348,resid_mid,-0.03125,0.193359375
apps_python_348,resid_post,-0.03125,0.28125
codecontests_java_348,resid_mid,0.0,0.24200439453125
codecontests_java_348,resid_post,-0.03125,0.048828125
apps_python_349,resid_mid,-0.0625,0.233642578125
apps_python_349,resid_post,-0.09375,0.2734375
codecontests_cpp_349,resid_mid,-0.0625,0.1845703125
codecontests_cpp_349,resid_post,-0.09375,0.1796875
codecontests_java_349,resid_mid,-0.03125,0.088134765625
codecontests_java_349,resid_post,-0.09375,0.052734375
apps_python_350,resid_mid,0.1875,-0.1171875
apps_python_350,resid_post,0.125,0.0390625
codecontests_java_350,resid_mid,0.03125,0.201416015625
codecontests_java_350,resid_post,-0.03125,-0.244140625
apps_python_351,resid_mid,0.03125,-0.0205078125
apps_python_351,resid_post,0.0,0.0390625
apps_python_352,resid_mid,0.0625,-0.068359375
apps_python_352,resid_post,0.0,0.1171875
apps_python_353,resid_mid,0.125,0.134765625
apps_python_353,resid_post,-0.0625,-0.015625
codecontests_java_353,resid_mid,0.09375,0.095458984375
codecontests_java_353,resid_post,0.0,0.08984375
apps_python_354,resid_mid,0.21875,0.0506591796875
apps_python_354,resid_post,0.0625,-0.0078125
codecontests_cpp_354,resid_mid,0.0,0.0439453125
codecontests_cpp_354,resid_post,0.0625,0.11328125
codecontests_java_354,resid_mid,-0.09375,0.0185546875
codecontests_java_354,resid_post,0.0,-0.0546875
apps_python_355,resid_mid,-0.0625,0.2236328125
apps_python_355,resid_post,0.03125,0.3203125
codecontests_java_355,resid_mid,0.03125,-0.126953125
codecontests_java_355,resid_post,0.0,-0.06640625
apps_python_356,resid_mid,0.15625,-0.111328125
apps_python_356,resid_post,0.0,-0.046875
codecontests_java_356,resid_mid,0.03125,0.0341796875
codecontests_java_356,resid_post,-0.03125,0.34765625
apps_python_357,resid_mid,-0.0625,0.267578125
apps_python_357,resid_post,-0.03125,0.1171875
codecontests_cpp_357,resid_mid,-0.0625,0.3037109375
codecontests_cpp_357,resid_post,-0.0625,0.23046875
codecontests_java_357,resid_mid,0.15625,0.03271484375
codecontests_java_357,resid_post,0.0625,0.05078125
codecontests_cpp_358,resid_mid,0.0625,0.166259765625
codecontests_cpp_358,resid_post,0.0,0.125
codecontests_java_358,resid_mid,0.09375,-0.11962890625
codecontests_java_358,resid_post,0.15625,-0.095703125
apps_python_359,resid_mid,0.09375,-0.1171875
apps_python_359,resid_post,-0.0625,0.09375
codecontests_java_359,resid_mid,0.0,-0.14794921875
codecontests_java_359,resid_post,-0.09375,-0.056640625
apps_python_360,resid_mid,0.0,0.454833984375
apps_python_360,resid_post,0.03125,0.0859375
codecontests_cpp_360,resid_mid,-0.0625,0.323974609375
codecontests_cpp_360,resid_post,-0.0625,-0.0390625
codecontests_java_360,resid_mid,0.0625,0.2177734375
codecontests_java_360,resid_post,0.09375,-0.0830078125
apps_python_361,resid_mid,-0.125,0.3037109375
apps_python_361,resid_post,-0.0625,-0.015625
codecontests_cpp_361,resid_mid,0.0625,0.23486328125
codecontests_cpp_361,resid_post,0.03125,0.21875
codecontests_java_361,resid_mid,0.0,0.1259765625
codecontests_java_361,resid_post,-0.125,0.251953125
apps_python_362,resid_mid,0.0625,0.107421875
apps_python_362,resid_post,-0.0625,0.109375
codecontests_cpp_362,resid_mid,-0.0625,-0.060546875
codecontests_cpp_362,resid_post,-0.1875,0.091796875
codecontests_java_362,resid_mid,0.0,-0.017578125
codecontests_java_362,resid_post,-0.0625,-0.19140625
apps_python_363,resid_mid,-0.09375,-0.234375
apps_python_363,resid_post,-0.125,-0.0078125
codecontests_java_363,resid_mid,0.0625,0.03125
codecontests_java_363,resid_post,0.03125,-0.015625
apps_python_364,resid_mid,-0.0625,0.180419921875
apps_python_364,resid_post,0.03125,0.0390625
codecontests_java_364,resid_mid,0.125,-0.072509765625
codecontests_java_364,resid_post,0.0,-0.103515625
mbpp_python_364,resid_mid,-0.09375,-0.1002197265625
mbpp_python_364,resid_post,-0.21875,0.15625
apps_python_365,resid_mid,-0.09375,0.4873046875
apps_python_365,resid_post,0.03125,0.203125
codecontests_cpp_365,resid_mid,0.03125,0.11083984375
codecontests_cpp_365,resid_post,0.09375,0.23828125
codecontests_java_365,resid_mid,0.03125,0.0234375
codecontests_java_365,resid_post,-0.03125,0.03125
apps_python_366,resid_mid,0.15625,0.0386962890625
apps_python_366,resid_post,-0.0625,0.3671875
codecontests_cpp_366,resid_mid,0.125,0.4404296875
codecontests_cpp_366,resid_post,0.125,0.14453125
codecontests_java_366,resid_mid,0.0,0.06640625
codecontests_java_366,resid_post,-0.0625,0.068359375
apps_python_367,resid_mid,-0.0625,0.05859375
apps_python_367,resid_post,-0.15625,-0.1328125
codecontests_cpp_367,resid_mid,-0.125,0.63671875
codecontests_cpp_367,resid_post,-0.0625,0.2958984375
codecontests_java_367,resid_mid,0.09375,0.13671875
codecontests_java_367,resid_post,0.03125,0.3046875
apps_python_368,resid_mid,0.09375,0.26318359375
apps_python_368,resid_post,-0.09375,0.15625
codecontests_cpp_368,resid_mid,-0.0625,0.30078125
codecontests_cpp_368,resid_post,-0.0625,0.173828125
codecontests_java_368,resid_mid,0.0,0.126953125
codecontests_java_368,resid_post,-0.0625,0.177734375
apps_python_369,resid_mid,-0.0625,0.056640625
apps_python_369,resid_post,-0.21875,-0.0625
codecontests_cpp_369,resid_mid,0.0,0.568359375
codecontests_cpp_369,resid_post,-0.0625,0.2734375
codecontests_java_369,resid_mid,0.0625,-0.01171875
codecontests_java_369,resid_post,-0.125,0.2939453125
apps_python_370,resid_mid,0.09375,0.42578125
apps_python_370,resid_post,0.0,0.21875
codecontests_cpp_370,resid_mid,0.03125,0.201171875
codecontests_cpp_370,resid_post,0.0,0.09375
codecontests_java_370,resid_mid,0.03125,-0.0302734375
codecontests_java_370,resid_post,-0.03125,-0.021484375
mbpp_python_370,resid_mid,0.03125,0.400146484375
mbpp_python_370,resid_post,0.03125,0.09765625
apps_python_371,resid_mid,0.0625,0.03125
apps_python_371,resid_post,-0.0625,-0.015625
codecontests_cpp_371,resid_mid,-0.03125,0.423583984375
codecontests_cpp_371,resid_post,-0.09375,0.3359375
codecontests_java_371,resid_mid,0.0625,0.017578125
codecontests_java_371,resid_post,-0.0625,0.20849609375
apps_python_372,resid_mid,0.03125,0.04638671875
apps_python_372,resid_post,-0.125,0.0625
codecontests_cpp_372,resid_mid,0.0,0.2037353515625
codecontests_cpp_372,resid_post,-0.03125,0.326171875
codecontests_java_372,resid_mid,0.03125,0.060546875
codecontests_java_372,resid_post,0.0,-0.015625
apps_python_373,resid_mid,-0.03125,0.142578125
apps_python_373,resid_post,-0.09375,0.1171875
codecontests_cpp_373,resid_mid,0.09375,0.10662841796875
codecontests_cpp_373,resid_post,0.0625,0.26171875
codecontests_java_373,resid_mid,-0.0625,0.412109375
codecontests_java_373,resid_post,-0.1875,0.1591796875
apps_python_374,resid_mid,0.0625,-0.115234375
apps_python_374,resid_post,-0.15625,0.09375
codecontests_cpp_374,resid_mid,0.0,0.068359375
codecontests_cpp_374,resid_post,0.09375,0.17578125
codecontests_java_374,resid_mid,0.15625,0.09765625
codecontests_java_374,resid_post,0.0625,-0.0625
apps_python_375,resid_mid,-0.03125,0.113555908203125
apps_python_375,resid_post,0.0,0.0546875
codecontests_cpp_375,resid_mid,0.09375,-0.0830078125
codecontests_cpp_375,resid_post,0.0625,0.015625
codecontests_java_375,resid_mid,0.0625,-0.133544921875
codecontests_java_375,resid_post,0.03125,-0.20703125
apps_python_376,resid_mid,-0.125,0.009765625
apps_python_376,resid_post,-0.21875,0.125
codecontests_java_376,resid_mid,-0.0625,-0.091796875
codecontests_java_376,resid_post,0.0,-0.11328125
apps_python_377,resid_mid,-0.0625,-0.18359375
apps_python_377,resid_post,-0.125,0.015625
apps_python_378,resid_mid,0.03125,0.23044836521148682
apps_python_378,resid_post,-0.15625,0.57421875
codecontests_cpp_378,resid_mid,0.125,0.07666015625
codecontests_cpp_378,resid_post,0.0,-0.109375
codecontests_java_378,resid_mid,0.03125,0.0732421875
codecontests_java_378,resid_post,-0.0625,0.0703125
apps_python_379,resid_mid,0.03125,0.3798828125
apps_python_379,resid_post,-0.03125,0.0
codecontests_cpp_379,resid_mid,0.0,0.580078125
codecontests_cpp_379,resid_post,-0.03125,0.173828125
codecontests_java_379,resid_mid,0.09375,-0.0126953125
codecontests_java_379,resid_post,-0.0625,0.240234375
apps_python_380,resid_mid,0.09375,0.126953125
apps_python_380,resid_post,-0.125,0.265625
codecontests_cpp_380,resid_mid,0.15625,0.350341796875
codecontests_cpp_380,resid_post,0.125,0.25390625
codecontests_java_380,resid_mid,0.0625,0.052734375
codecontests_java_380,resid_post,0.03125,-0.1875
mbpp_python_380,resid_mid,0.15625,0.494873046875
mbpp_python_380,resid_post,0.09375,0.0703125
apps_python_381,resid_mid,0.0,-0.120361328125
apps_python_381,resid_post,-0.09375,0.15625
codecontests_java_381,resid_mid,0.0,-0.158203125
codecontests_java_381,resid_post,0.0,-0.1982421875
apps_python_382,resid_mid,0.0625,0.2724609375
apps_python_382,resid_post,-0.03125,0.015625
codecontests_java_382,resid_mid,0.125,0.0361328125
codecontests_java_382,resid_post,0.09375,0.0703125
apps_python_383,resid_mid,-0.09375,0.26171875
apps_python_383,resid_post,0.0625,-0.015625
codecontests_cpp_383,resid_mid,0.0,0.2255859375
codecontests_cpp_383,resid_post,0.03125,0.06640625
codecontests_java_383,resid_mid,0.0,-0.118896484375
codecontests_java_383,resid_post,-0.125,-0.0234375
apps_python_384,resid_mid,0.03125,0.1484375
apps_python_384,resid_post,0.0,0.171875
codecontests_cpp_384,resid_mid,0.0,0.0614013671875
codecontests_cpp_384,resid_post,0.0625,0.28125
codecontests_java_384,resid_mid,-0.0625,0.291015625
codecontests_java_384,resid_post,0.03125,0.059051513671875
apps_python_385,resid_mid,0.0625,0.056640625
apps_python_385,resid_post,0.03125,-0.078125
codecontests_java_385,resid_mid,0.0,0.240234375
codecontests_java_385,resid_post,-0.09375,-0.060546875
apps_python_386,resid_mid,0.0,0.0869140625
apps_python_386,resid_post,-0.0625,0.0859375
codecontests_cpp_386,resid_mid,0.09375,0.488037109375
codecontests_cpp_386,resid_post,0.0625,0.2265625
codecontests_java_386,resid_mid,0.09375,0.16015625
codecontests_java_386,resid_post,0.09375,-0.12890625
apps_python_387,resid_mid,-0.0625,0.16015625
apps_python_387,resid_post,-0.0625,0.1875
codecontests_java_387,resid_mid,-0.03125,-0.2392578125
codecontests_java_387,resid_post,0.0,-0.15234375
apps_python_388,resid_mid,0.0625,0.0126953125
apps_python_388,resid_post,-0.09375,0.1796875
codecontests_java_388,resid_mid,0.03125,0.078125
codecontests_java_388,resid_post,0.03125,-0.05327606201171875
apps_python_389,resid_mid,0.0,0.109375
apps_python_389,resid_post,-0.09375,0.0859375
codecontests_cpp_389,resid_mid,0.03125,0.3974609375
codecontests_cpp_389,resid_post,0.0,0.00390625
codecontests_java_389,resid_mid,0.03125,0.4697265625
codecontests_java_389,resid_post,0.09375,0.1953125
apps_python_390,resid_mid,-0.09375,0.4990234375
apps_python_390,resid_post,-0.03125,0.37109375
codecontests_cpp_390,resid_mid,-0.03125,0.17578125
codecontests_cpp_390,resid_post,0.0,0.08203125
codecontests_java_390,resid_mid,0.125,0.005859375
codecontests_java_390,resid_post,0.0625,0.05859375
apps_python_391,resid_mid,-0.03125,-0.158203125
apps_python_391,resid_post,-0.15625,0.1015625
codecontests_cpp_391,resid_mid,0.09375,-0.258056640625
codecontests_cpp_391,resid_post,0.0,-0.1640625
codecontests_java_391,resid_mid,0.0625,0.1591796875
codecontests_java_391,resid_post,0.03125,-0.037109375
apps_python_392,resid_mid,-0.03125,0.47607421875
apps_python_392,resid_post,0.0,0.03125
codecontests_java_392,resid_mid,0.03125,0.09814453125
codecontests_java_392,resid_post,-0.09375,0.3740234375
apps_python_393,resid_mid,-0.0625,0.486328125
apps_python_393,resid_post,-0.09375,0.2734375
codecontests_cpp_393,resid_mid,-0.03125,-0.0927734375
codecontests_cpp_393,resid_post,0.0,-0.04296875
codecontests_java_393,resid_mid,0.125,0.0
codecontests_java_393,resid_post,0.03125,0.009765625
apps_python_394,resid_mid,-0.09375,-0.2109375
apps_python_394,resid_post,-0.15625,0.0703125
codecontests_java_394,resid_mid,0.0625,-0.125
codecontests_java_394,resid_post,0.0625,-0.140625
apps_python_395,resid_mid,0.0625,0.4169921875
apps_python_395,resid_post,-0.0625,0.13671875
codecontests_cpp_395,resid_mid,0.0625,-0.1650390625
codecontests_cpp_395,resid_post,0.03125,-0.16796875
codecontests_java_395,resid_mid,0.125,0.0615234375
codecontests_java_395,resid_post,0.09375,0.0830078125
apps_python_396,resid_mid,0.0,-0.07373046875
apps_python_396,resid_post,-0.09375,0.1640625
codecontests_java_396,resid_mid,-0.03125,-0.130859375
codecontests_java_396,resid_post,-0.03125,-0.09765625
apps_python_397,resid_mid,0.125,0.046142578125
apps_python_397,resid_post,-0.09375,0.28125
codecontests_cpp_397,resid_mid,0.0,0.14453125
codecontests_cpp_397,resid_post,-0.0625,0.203125
codecontests_java_397,resid_mid,0.03125,-0.0234375
codecontests_java_397,resid_post,-0.0625,0.169921875
codecontests_cpp_398,resid_mid,0.03125,0.07861328125
codecontests_cpp_398,resid_post,0.03125,0.04296875
codecontests_java_398,resid_mid,-0.0625,-0.109375
codecontests_java_398,resid_post,-0.125,0.0
apps_python_399,resid_mid,-0.21875,0.0
apps_python_399,resid_post,-0.21875,-0.0390625
codecontests_java_399,resid_mid,0.09375,0.00390625
codecontests_java_399,resid_post,0.0625,-0.025390625
mbpp_python_399,resid_mid,-0.03125,0.5009765625
mbpp_python_399,resid_post,0.09375,-0.046875
codecontests_java_400,resid_mid,0.0625,0.00390625
codecontests_java_400,resid_post,-0.03125,0.025390625
apps_python_401,resid_mid,-0.09375,0.20947265625
apps_python_401,resid_post,-0.03125,0.0
codecontests_cpp_401,resid_mid,0.09375,0.095703125
codecontests_cpp_401,resid_post,0.0625,0.0625
codecontests_java_401,resid_mid,0.09375,0.162109375
codecontests_java_401,resid_post,0.0,0.01953125
apps_python_402,resid_mid,0.0,0.05859375
apps_python_402,resid_post,0.0,0.03125
codecontests_cpp_402,resid_mid,-0.09375,-0.10546875
codecontests_cpp_402,resid_post,-0.1875,0.08203125
codecontests_java_402,resid_mid,0.0625,0.0546875
codecontests_java_402,resid_post,-0.03125,0.076171875
apps_python_403,resid_mid,-0.03125,0.202392578125
apps_python_403,resid_post,-0.03125,-0.046875
apps_python_404,resid_mid,0.15625,0.02593994140625
apps_python_404,resid_post,-0.0625,0.078125
mbpp_python_404,resid_mid,-0.09375,0.5009765625
mbpp_python_404,resid_post,-0.03125,0.37109375
apps_python_405,resid_mid,-0.03125,0.3984375
apps_python_405,resid_post,-0.125,0.21875
apps_python_406,resid_mid,0.0625,0.03515625
apps_python_406,resid_post,-0.03125,-0.0078125
codecontests_java_406,resid_mid,0.03125,0.033203125
codecontests_java_406,resid_post,-0.125,0.171875
mbpp_python_406,resid_mid,0.0,0.5732421875
mbpp_python_406,resid_post,0.03125,0.22265625
apps_python_407,resid_mid,0.0625,-0.1376953125
apps_python_407,resid_post,0.0,0.0546875
codecontests_cpp_407,resid_mid,-0.03125,0.0625
codecontests_cpp_407,resid_post,-0.03125,-0.05712890625
codecontests_java_407,resid_mid,-0.03125,0.1494140625
codecontests_java_407,resid_post,-0.125,-0.017578125
apps_python_408,resid_mid,-0.0625,0.6044921875
apps_python_408,resid_post,-0.09375,0.3359375
codecontests_cpp_408,resid_mid,0.0,0.1220703125
codecontests_cpp_408,resid_post,0.0625,0.01171875
codecontests_java_408,resid_mid,0.09375,0.029296875
codecontests_java_408,resid_post,-0.03125,0.0078125
mbpp_python_408,resid_mid,-0.125,0.62841796875
mbpp_python_408,resid_post,-0.09375,0.296875
apps_python_409,resid_mid,-0.03125,0.037353515625
apps_python_409,resid_post,0.0,-0.1875
codecontests_cpp_409,resid_mid,-0.03125,0.1005859375
codecontests_cpp_409,resid_post,0.0,0.19140625
codecontests_java_409,resid_mid,0.21875,0.2021484375
codecontests_java_409,resid_post,0.0625,0.037109375
apps_python_410,resid_mid,-0.0625,-0.28076171875
apps_python_410,resid_post,-0.0625,-0.0625
codecontests_cpp_411,resid_mid,0.0625,0.3671875
codecontests_cpp_411,resid_post,0.0,0.04296875
codecontests_java_411,resid_mid,0.125,0.087158203125
codecontests_java_411,resid_post,-0.03125,0.18896484375
apps_python_412,resid_mid,0.03125,0.1435546875
apps_python_412,resid_post,0.0,0.265625
codecontests_cpp_412,resid_mid,0.03125,0.076171875
codecontests_cpp_412,resid_post,0.0,0.04296875
codecontests_java_412,resid_mid,0.0,0.158203125
codecontests_java_412,resid_post,-0.03125,0.16796875
apps_python_413,resid_mid,-0.03125,-0.16796875
apps_python_413,resid_post,-0.03125,-0.09375
codecontests_java_413,resid_mid,-0.0625,0.0501708984375
codecontests_java_413,resid_post,-0.09375,0.060546875
codecontests_cpp_414,resid_mid,-0.03125,0.22119140625
codecontests_cpp_414,resid_post,-0.0625,0.12890625
codecontests_java_414,resid_mid,0.0,0.37890625
codecontests_java_414,resid_post,0.0625,0.072265625
apps_python_415,resid_mid,-0.09375,-0.0625
apps_python_415,resid_post,-0.09375,0.0859375
codecontests_cpp_416,resid_mid,0.15625,-0.1298828125
codecontests_cpp_416,resid_post,0.09375,-0.107421875
codecontests_java_416,resid_mid,-0.125,-0.198974609375
codecontests_java_416,resid_post,-0.15625,-0.0859375
mbpp_python_416,resid_mid,-0.125,0.3531494140625
mbpp_python_416,resid_post,0.0,-0.00390625
apps_python_417,resid_mid,-0.09375,0.25434112548828125
apps_python_417,resid_post,-0.03125,0.0625
codecontests_cpp_417,resid_mid,0.03125,0.296875
codecontests_cpp_417,resid_post,0.03125,0.05078125
codecontests_java_417,resid_mid,0.0625,-0.1064453125
codecontests_java_417,resid_post,-0.0625,-0.056640625
apps_python_418,resid_mid,0.0625,0.580078125
apps_python_418,resid_post,0.0,0.3125
codecontests_cpp_418,resid_mid,-0.0625,0.12969970703125
codecontests_cpp_418,resid_post,-0.0625,0.1484375
codecontests_java_418,resid_mid,0.0625,0.4296875
codecontests_java_418,resid_post,0.03125,0.294921875
mbpp_python_418,resid_mid,-0.125,0.4453125
mbpp_python_418,resid_post,-0.0625,0.01171875
apps_python_419,resid_mid,0.0,0.05712890625
apps_python_419,resid_post,-0.15625,0.1640625
codecontests_cpp_419,resid_mid,-0.0625,0.265380859375
codecontests_cpp_419,resid_post,-0.0625,0.2734375
codecontests_java_419,resid_mid,0.09375,-0.01171875
codecontests_java_419,resid_post,0.0,0.11328125
mbpp_python_419,resid_mid,0.03125,-0.01953125
mbpp_python_419,resid_post,0.03125,-0.03125
apps_python_420,resid_mid,-0.1875,0.015625
apps_python_420,resid_post,-0.125,0.0234375
codecontests_cpp_420,resid_mid,-0.09375,0.412109375
codecontests_cpp_420,resid_post,-0.03125,0.23046875
codecontests_java_420,resid_mid,-0.03125,0.056640625
codecontests_java_420,resid_post,-0.0625,0.072265625
mbpp_python_420,resid_mid,0.03125,0.15234375
mbpp_python_420,resid_post,0.0,0.1328125
apps_python_421,resid_mid,0.0625,0.17236328125
apps_python_421,resid_post,-0.0625,0.078125
codecontests_cpp_421,resid_mid,0.03125,-0.15625
codecontests_cpp_421,resid_post,0.125,-0.0107421875
codecontests_java_421,resid_mid,0.09375,-0.0390625
codecontests_java_421,resid_post,-0.03125,-0.009765625
mbpp_python_421,resid_mid,-0.15625,-0.113037109375
mbpp_python_421,resid_post,-0.25,0.21875
apps_python_422,resid_mid,-0.0625,0.30517578125
apps_python_422,resid_post,-0.125,0.29296875
codecontests_cpp_422,resid_mid,0.3125,-0.0224609375
codecontests_cpp_422,resid_post,0.1875,-0.0390625
codecontests_java_422,resid_mid,0.09375,0.14599609375
codecontests_java_422,resid_post,0.03125,0.048828125
mbpp_python_422,resid_mid,-0.125,0.51416015625
mbpp_python_422,resid_post,-0.03125,0.28125
codecontests_cpp_423,resid_mid,-0.0625,0.11474609375
codecontests_cpp_423,resid_post,-0.0625,-0.06640625
codecontests_java_423,resid_mid,0.125,0.02001953125
codecontests_java_423,resid_post,0.15625,-0.041015625
mbpp_python_423,resid_mid,-0.03125,0.388671875
mbpp_python_423,resid_post,0.03125,0.2265625
codecontests_cpp_424,resid_mid,0.0625,0.04296875
codecontests_cpp_424,resid_post,0.0625,0.0078125
codecontests_java_424,resid_mid,0.03125,-0.0546875
codecontests_java_424,resid_post,0.03125,0.072265625
mbpp_python_424,resid_mid,-0.125,0.41015625
mbpp_python_424,resid_post,-0.09375,0.2734375
apps_python_425,resid_mid,0.0625,-0.0859375
apps_python_425,resid_post,0.03125,-0.03125
codecontests_java_425,resid_mid,0.21875,0.216796875
codecontests_java_425,resid_post,0.09375,0.06640625
mbpp_python_425,resid_mid,-0.1875,0.484527587890625
mbpp_python_425,resid_post,-0.09375,0.1796875
apps_python_426,resid_mid,0.09375,0.044921875
apps_python_426,resid_post,-0.03125,0.125
codecontests_cpp_426,resid_mid,-0.03125,0.180908203125
codecontests_cpp_426,resid_post,-0.03125,0.16015625
codecontests_java_426,resid_mid,0.0,0.025390625
codecontests_java_426,resid_post,-0.03125,-0.015625
apps_python_427,resid_mid,0.0625,0.29833984375
apps_python_427,resid_post,0.0,0.1328125
codecontests_cpp_427,resid_mid,0.1875,0.1025390625
codecontests_cpp_427,resid_post,0.09375,0.0078125
codecontests_java_427,resid_mid,0.0625,0.021484375
codecontests_java_427,resid_post,0.0,0.09375
mbpp_python_427,resid_mid,0.03125,0.382568359375
mbpp_python_427,resid_post,-0.03125,0.1328125
apps_python_428,resid_mid,-0.0625,0.09765625
apps_python_428,resid_post,0.0625,0.0859375
codecontests_cpp_428,resid_mid,-0.0625,0.33203125
codecontests_cpp_428,resid_post,0.03125,0.13671875
codecontests_java_428,resid_mid,0.0,-0.125
codecontests_java_428,resid_post,0.0,-0.1171875
mbpp_python_428,resid_mid,0.0,0.0830078125
mbpp_python_428,resid_post,0.0,-0.21875
apps_python_429,resid_mid,0.09375,0.0595703125
apps_python_429,resid_post,-0.0625,0.078125
codecontests_cpp_429,resid_mid,-0.0625,-0.141845703125
codecontests_cpp_429,resid_post,-0.15625,0.03515625
codecontests_java_429,resid_mid,0.0,-0.11865234375
codecontests_java_429,resid_post,-0.03125,0.033203125
apps_python_430,resid_mid,0.15625,0.087890625
apps_python_430,resid_post,-0.09375,0.3125
codecontests_cpp_430,resid_mid,-0.0625,-0.093597412109375
codecontests_cpp_430,resid_post,-0.0625,-0.103515625
codecontests_java_430,resid_mid,-0.03125,0.046875
codecontests_java_430,resid_post,0.0,-0.126953125
mbpp_python_430,resid_mid,-0.0625,-0.046875
mbpp_python_430,resid_post,0.0,-0.375
apps_python_431,resid_mid,0.125,0.0087890625
apps_python_431,resid_post,-0.09375,0.1953125
codecontests_java_431,resid_mid,-0.0625,0.21484375
codecontests_java_431,resid_post,-0.03125,-0.03125
apps_python_432,resid_mid,-0.15625,0.3447265625
apps_python_432,resid_post,-0.09375,0.1171875
codecontests_cpp_432,resid_mid,0.03125,-0.015625
codecontests_cpp_432,resid_post,0.0,-0.078125
codecontests_java_432,resid_mid,0.0625,-0.130859375
codecontests_java_432,resid_post,-0.03125,0.060546875
codecontests_java_433,resid_mid,0.0,0.140625
codecontests_java_433,resid_post,0.0,0.029296875
mbpp_python_433,resid_mid,0.09375,0.2490234375
mbpp_python_433,resid_post,0.0,0.35546875
apps_python_434,resid_mid,0.0625,0.20654296875
apps_python_434,resid_post,0.0625,0.234375
codecontests_java_434,resid_mid,-0.03125,0.091552734375
codecontests_java_434,resid_post,-0.0625,0.0859375
mbpp_python_434,resid_mid,-0.0625,0.169921875
mbpp_python_434,resid_post,-0.25,0.4921875
apps_python_435,resid_mid,-0.03125,0.3798828125
apps_python_435,resid_post,-0.03125,0.09375
codecontests_cpp_435,resid_mid,0.0,0.0068359375
codecontests_cpp_435,resid_post,-0.03125,0.0859375
codecontests_java_435,resid_mid,0.03125,0.083984375
codecontests_java_435,resid_post,0.0,0.0234375
apps_python_436,resid_mid,-0.1875,-0.04296875
apps_python_436,resid_post,-0.25,-0.03125
codecontests_cpp_436,resid_mid,0.21875,-0.0703125
codecontests_cpp_436,resid_post,0.25,0.0634765625
codecontests_java_436,resid_mid,0.03125,0.076171875
codecontests_java_436,resid_post,-0.125,0.2509765625
apps_python_437,resid_mid,0.03125,0.5048828125
apps_python_437,resid_post,0.0,0.25
codecontests_cpp_437,resid_mid,0.03125,0.28515625
codecontests_cpp_437,resid_post,0.0,0.228515625
codecontests_java_437,resid_mid,-0.03125,0.18072509765625
codecontests_java_437,resid_post,0.0,0.125
mbpp_python_437,resid_mid,-0.0625,0.61083984375
mbpp_python_437,resid_post,0.09375,0.25
apps_python_438,resid_mid,-0.0625,0.1689453125
apps_python_438,resid_post,-0.09375,0.15625
codecontests_cpp_438,resid_mid,-0.03125,0.1307373046875
codecontests_cpp_438,resid_post,0.0,0.13671875
codecontests_java_438,resid_mid,-0.09375,0.22412109375
codecontests_java_438,resid_post,0.0,0.177734375
mbpp_python_438,resid_mid,-0.09375,0.136962890625
mbpp_python_438,resid_post,-0.09375,0.0234375
apps_python_439,resid_mid,-0.0625,-0.05859375
apps_python_439,resid_post,-0.21875,0.2109375
codecontests_cpp_439,resid_mid,0.0,0.017578125
codecontests_cpp_439,resid_post,-0.0625,0.015625
codecontests_java_439,resid_mid,-0.03125,0.0078125
codecontests_java_439,resid_post,-0.03125,0.05859375
apps_python_440,resid_mid,-0.03125,0.1041259765625
apps_python_440,resid_post,-0.0625,0.15234375
codecontests_cpp_440,resid_mid,-0.03125,-0.23876953125
codecontests_cpp_440,resid_post,-0.09375,0.04296875
codecontests_java_440,resid_mid,0.09375,0.005859375
codecontests_java_440,resid_post,0.0625,0.013671875
mbpp_python_440,resid_mid,-0.03125,-0.050048828125
mbpp_python_440,resid_post,-0.125,0.25
apps_python_441,resid_mid,-0.03125,0.260009765625
apps_python_441,resid_post,0.09375,0.03125
codecontests_cpp_441,resid_mid,0.125,0.0625
codecontests_cpp_441,resid_post,0.03125,-0.05078125
codecontests_java_441,resid_mid,0.03125,0.0087890625
codecontests_java_441,resid_post,-0.0625,0.0703125
apps_python_442,resid_mid,-0.09375,-0.10302734375
apps_python_442,resid_post,-0.15625,0.1171875
codecontests_java_442,resid_mid,0.03125,0.3291015625
codecontests_java_442,resid_post,-0.09375,0.05078125
mbpp_python_442,resid_mid,0.0,0.44580078125
mbpp_python_442,resid_post,-0.03125,0.08984375
codecontests_java_443,resid_mid,0.15625,0.103515625
codecontests_java_443,resid_post,0.0625,0.169921875
mbpp_python_443,resid_mid,0.0,0.43359375
mbpp_python_443,resid_post,0.0,0.0234375
apps_python_444,resid_mid,-0.03125,-0.1551513671875
apps_python_444,resid_post,-0.125,0.0625
codecontests_cpp_444,resid_mid,0.09375,0.1484375
codecontests_cpp_444,resid_post,0.09375,0.1640625
codecontests_java_444,resid_mid,0.0,-0.09033203125
codecontests_java_444,resid_post,-0.0625,0.130859375
mbpp_python_444,resid_mid,0.0,0.392578125
mbpp_python_444,resid_post,-0.03125,0.171875
apps_python_445,resid_mid,-0.0625,0.19140625
apps_python_445,resid_post,-0.1875,0.15625
codecontests_java_445,resid_mid,-0.03125,0.098846435546875
codecontests_java_445,resid_post,-0.03125,0.10546875
mbpp_python_445,resid_mid,-0.09375,0.08984375
mbpp_python_445,resid_post,-0.0625,-0.0546875
apps_python_446,resid_mid,-0.03125,0.1796875
apps_python_446,resid_post,-0.125,0.09375
codecontests_cpp_446,resid_mid,-0.125,0.27587890625
codecontests_cpp_446,resid_post,-0.0625,0.056640625
codecontests_java_446,resid_mid,0.09375,0.046875
codecontests_java_446,resid_post,0.125,-0.07421875
mbpp_python_446,resid_mid,-0.1875,0.21875
mbpp_python_446,resid_post,-0.15625,0.125
apps_python_447,resid_mid,-0.0625,0.150390625
apps_python_447,resid_post,-0.0625,0.0078125
codecontests_cpp_447,resid_mid,0.0,-0.255859375
codecontests_cpp_447,resid_post,-0.0625,-0.041015625
codecontests_java_447,resid_mid,0.03125,-0.05810546875
codecontests_java_447,resid_post,-0.03125,0.0625
apps_python_448,resid_mid,-0.0625,0.123779296875
apps_python_448,resid_post,0.09375,0.1953125
codecontests_java_448,resid_mid,0.09375,-0.068359375
codecontests_java_448,resid_post,0.0625,0.166015625
mbpp_python_448,resid_mid,-0.09375,0.50390625
mbpp_python_448,resid_post,0.0,0.203125
apps_python_449,resid_mid,0.03125,0.085479736328125
apps_python_449,resid_post,-0.0625,-0.0625
codecontests_cpp_449,resid_mid,0.09375,0.17578125
codecontests_cpp_449,resid_post,0.0,0.119140625
codecontests_java_449,resid_mid,0.0625,0.039794921875
codecontests_java_449,resid_post,-0.03125,0.31494140625
mbpp_python_449,resid_mid,-0.03125,0.339599609375
mbpp_python_449,resid_post,-0.0625,0.15625
codecontests_java_450,resid_mid,0.09375,0.0877685546875
codecontests_java_450,resid_post,0.0625,-0.029296875
mbpp_python_450,resid_mid,0.09375,0.447265625
mbpp_python_450,resid_post,0.0625,0.203125
apps_python_451,resid_mid,0.09375,0.0390625
apps_python_451,resid_post,0.0,0.1171875
codecontests_cpp_451,resid_mid,0.03125,0.5390625
codecontests_cpp_451,resid_post,0.09375,0.341796875
codecontests_java_451,resid_mid,0.09375,0.078125
codecontests_java_451,resid_post,0.0,0.087890625
mbpp_python_451,resid_mid,0.03125,0.54931640625
mbpp_python_451,resid_post,0.0625,0.0703125
apps_python_452,resid_mid,0.0,-0.046875
apps_python_452,resid_post,0.0,-0.015625
codecontests_cpp_452,resid_mid,0.09375,0.09228515625
codecontests_cpp_452,resid_post,0.0625,0.177734375
codecontests_java_452,resid_mid,0.0,0.074951171875
codecontests_java_452,resid_post,0.03125,-0.076171875
mbpp_python_452,resid_mid,0.15625,0.1005859375
mbpp_python_452,resid_post,0.03125,0.46875
apps_python_453,resid_mid,0.25,-0.034637451171875
apps_python_453,resid_post,0.09375,0.03125
codecontests_java_453,resid_mid,0.0625,0.111328125
codecontests_java_453,resid_post,0.03125,0.0078125
mbpp_python_453,resid_mid,-0.03125,0.2919921875
mbpp_python_453,resid_post,0.125,0.03125
apps_python_454,resid_mid,-0.125,0.24908447265625
apps_python_454,resid_post,-0.21875,0.46875
codecontests_cpp_454,resid_mid,-0.0625,0.337890625
codecontests_cpp_454,resid_post,0.0,0.16015625
codecontests_java_454,resid_mid,0.09375,0.3984375
codecontests_java_454,resid_post,0.0625,0.4150390625
apps_python_455,resid_mid,-0.125,0.017578125
apps_python_455,resid_post,-0.21875,0.046875
codecontests_java_455,resid_mid,0.09375,-0.13671875
codecontests_java_455,resid_post,0.03125,0.0322265625
mbpp_python_455,resid_mid,-0.03125,0.533203125
mbpp_python_455,resid_post,0.125,0.3203125
apps_python_456,resid_mid,-0.03125,0.47021484375
apps_python_456,resid_post,-0.03125,0.046875
codecontests_java_456,resid_mid,0.125,0.028564453125
codecontests_java_456,resid_post,0.09375,0.00390625
mbpp_python_456,resid_mid,0.0,-0.00146484375
mbpp_python_456,resid_post,-0.09375,0.078125
codecontests_cpp_457,resid_mid,0.0625,-0.126953125
codecontests_cpp_457,resid_post,0.0625,-0.05078125
codecontests_java_457,resid_mid,0.0625,0.10223388671875
codecontests_java_457,resid_post,0.0,0.1015625
mbpp_python_457,resid_mid,0.03125,0.087158203125
mbpp_python_457,resid_post,0.0,0.03125
apps_python_458,resid_mid,0.125,-0.1259765625
apps_python_458,resid_post,-0.03125,-0.15625
codecontests_cpp_458,resid_mid,0.125,0.00048828125
codecontests_cpp_458,resid_post,0.09375,-0.07421875
codecontests_java_458,resid_mid,0.09375,-0.02734375
codecontests_java_458,resid_post,0.0625,0.138671875
mbpp_python_458,resid_mid,0.0625,-0.15771484375
mbpp_python_458,resid_post,0.03125,0.0390625
apps_python_459,resid_mid,0.09375,0.033203125
apps_python_459,resid_post,0.09375,0.125
codecontests_java_459,resid_mid,0.0625,0.275390625
codecontests_java_459,resid_post,-0.03125,0.03515625
mbpp_python_459,resid_mid,-0.09375,0.431640625
mbpp_python_459,resid_post,0.0,0.09375
mbpp_python_460,resid_mid,-0.125,0.16851806640625
mbpp_python_460,resid_post,-0.34375,0.2890625
apps_python_461,resid_mid,-0.0625,0.375244140625
apps_python_461,resid_post,0.03125,0.15625
codecontests_java_461,resid_mid,0.03125,-0.009765625
codecontests_java_461,resid_post,0.0,0.0
apps_python_462,resid_mid,0.0,0.46142578125
apps_python_462,resid_post,-0.09375,0.2578125
codecontests_java_462,resid_mid,0.125,0.052734375
codecontests_java_462,resid_post,0.0625,0.0234375
apps_python_463,resid_mid,0.09375,0.1533203125
apps_python_463,resid_post,0.03125,0.21875
codecontests_cpp_463,resid_mid,0.1875,0.052734375
codecontests_cpp_463,resid_post,0.125,-0.0751953125
codecontests_java_463,resid_mid,0.0625,-0.05078125
codecontests_java_463,resid_post,-0.0625,-0.05224609375
apps_python_464,resid_mid,-0.0625,0.275390625
apps_python_464,resid_post,0.0,0.265625
codecontests_java_464,resid_mid,0.09375,0.0498046875
codecontests_java_464,resid_post,0.0,-0.025390625
codecontests_java_465,resid_mid,0.15625,0.015625
codecontests_java_465,resid_post,0.0,0.26031494140625
apps_python_466,resid_mid,0.0,-0.209442138671875
apps_python_466,resid_post,-0.15625,0.1484375
codecontests_java_466,resid_mid,0.03125,0.001953125
codecontests_java_466,resid_post,0.0,0.099609375
codecontests_java_467,resid_mid,0.125,0.017578125
codecontests_java_467,resid_post,0.09375,-0.0498046875
apps_python_468,resid_mid,-0.21875,0.458984375
apps_python_468,resid_post,-0.125,0.1875
codecontests_cpp_468,resid_mid,0.0,0.177978515625
codecontests_cpp_468,resid_post,0.0625,0.0078125
codecontests_java_468,resid_mid,0.09375,0.27734375
codecontests_java_468,resid_post,-0.03125,0.078125
apps_python_469,resid_mid,-0.03125,0.155517578125
apps_python_469,resid_post,-0.0625,0.109375
codecontests_cpp_469,resid_mid,-0.0625,0.410400390625
codecontests_cpp_469,resid_post,0.0,0.375
codecontests_java_469,resid_mid,0.125,0.287109375
codecontests_java_469,resid_post,0.0,0.15625
apps_python_470,resid_mid,0.03125,0.5908203125
apps_python_470,resid_post,0.03125,0.3671875
codecontests_cpp_470,resid_mid,-0.03125,-0.12786865234375
codecontests_cpp_470,resid_post,-0.125,0.05859375
codecontests_java_470,resid_mid,0.0625,-0.0093994140625
codecontests_java_470,resid_post,-0.03125,0.015625
codecontests_java_471,resid_mid,0.125,-0.013671875
codecontests_java_471,resid_post,-0.03125,0.2255859375
apps_python_472,resid_mid,-0.03125,0.232421875
apps_python_472,resid_post,-0.125,0.17578125
codecontests_cpp_472,resid_mid,0.0625,0.15625
codecontests_cpp_472,resid_post,0.0,0.2421875
codecontests_java_472,resid_mid,0.0625,0.09765625
codecontests_java_472,resid_post,-0.03125,-0.01171875
apps_python_473,resid_mid,0.09375,-0.111328125
apps_python_473,resid_post,0.03125,0.1328125
codecontests_cpp_473,resid_mid,0.09375,0.01806640625
codecontests_cpp_473,resid_post,0.0625,-0.08203125
codecontests_java_473,resid_mid,0.125,-0.103515625
codecontests_java_473,resid_post,0.0,-0.10546875
apps_python_474,resid_mid,0.03125,-0.0943603515625
apps_python_474,resid_post,-0.03125,0.2109375
codecontests_java_474,resid_mid,0.0625,0.0087890625
codecontests_java_474,resid_post,-0.0625,0.21875
apps_python_475,resid_mid,0.03125,0.091796875
apps_python_475,resid_post,-0.03125,-0.09375
codecontests_cpp_475,resid_mid,0.03125,-0.0048828125
codecontests_cpp_475,resid_post,-0.09375,0.015625
codecontests_java_475,resid_mid,0.09375,0.00390625
codecontests_java_475,resid_post,0.0625,0.0859375
apps_python_476,resid_mid,0.0,0.063232421875
apps_python_476,resid_post,-0.03125,-0.0078125
codecontests_cpp_476,resid_mid,-0.09375,0.0234375
codecontests_cpp_476,resid_post,0.03125,0.0625
codecontests_java_476,resid_mid,0.0625,0.134765625
codecontests_java_476,resid_post,-0.0625,0.3828125
apps_python_477,resid_mid,0.125,-0.050048828125
apps_python_477,resid_post,-0.125,0.1328125
codecontests_cpp_477,resid_mid,0.09375,0.0355224609375
codecontests_cpp_477,resid_post,0.09375,0.06640625
codecontests_java_477,resid_mid,0.15625,-0.01953125
codecontests_java_477,resid_post,0.03125,0.029296875
apps_python_478,resid_mid,-0.0625,-0.0888671875
apps_python_478,resid_post,-0.21875,0.1796875
apps_python_479,resid_mid,0.0,0.09375
apps_python_479,resid_post,-0.0625,0.1015625
codecontests_cpp_479,resid_mid,0.0625,0.31787109375
codecontests_cpp_479,resid_post,0.09375,0.21875
codecontests_java_479,resid_mid,-0.03125,-0.0625
codecontests_java_479,resid_post,-0.09375,0.0078125
apps_python_480,resid_mid,-0.0625,0.33209228515625
apps_python_480,resid_post,-0.03125,0.0078125
apps_python_481,resid_mid,-0.09375,0.513671875
apps_python_481,resid_post,0.03125,0.0078125
codecontests_cpp_481,resid_mid,0.03125,0.12109375
codecontests_cpp_481,resid_post,0.03125,0.00390625
codecontests_java_481,resid_mid,0.25,-0.20654296875
codecontests_java_481,resid_post,0.1875,0.03125
apps_python_482,resid_mid,0.1875,-0.16796875
apps_python_482,resid_post,-0.09375,0.0546875
codecontests_java_482,resid_mid,0.09375,0.240234375
codecontests_java_482,resid_post,0.03125,-0.02734375
apps_python_483,resid_mid,-0.0625,0.080078125
apps_python_483,resid_post,-0.09375,-0.0625
codecontests_cpp_483,resid_mid,0.03125,0.610595703125
codecontests_cpp_483,resid_post,-0.0625,0.2587890625
codecontests_java_483,resid_mid,0.09375,-0.0546875
codecontests_java_483,resid_post,-0.03125,0.109375
apps_python_484,resid_mid,0.0,-0.063720703125
apps_python_484,resid_post,-0.15625,0.1484375
codecontests_java_484,resid_mid,0.15625,0.0673828125
codecontests_java_484,resid_post,0.09375,-0.13671875
apps_python_485,resid_mid,0.09375,0.11572265625
apps_python_485,resid_post,0.03125,0.0859375
codecontests_cpp_485,resid_mid,0.09375,-0.24951171875
codecontests_cpp_485,resid_post,0.0625,-0.068359375
codecontests_java_485,resid_mid,-0.03125,0.005859375
codecontests_java_485,resid_post,-0.03125,0.0771484375
apps_python_486,resid_mid,-0.125,0.0078125
apps_python_486,resid_post,-0.1875,-0.0078125
codecontests_cpp_486,resid_mid,-0.0625,0.1953125
codecontests_cpp_486,resid_post,0.0,0.12109375
codecontests_java_486,resid_mid,-0.03125,0.1630859375
codecontests_java_486,resid_post,-0.0625,0.1171875
apps_python_487,resid_mid,-0.03125,0.151123046875
apps_python_487,resid_post,-0.09375,0.1484375
codecontests_java_487,resid_mid,0.09375,0.052337646484375
codecontests_java_487,resid_post,0.0625,-0.0390625
apps_python_488,resid_mid,-0.03125,-0.0107421875
apps_python_488,resid_post,0.0,-0.0703125
codecontests_cpp_488,resid_mid,-0.0625,-0.0400390625
codecontests_cpp_488,resid_post,0.0,-0.01171875
codecontests_java_488,resid_mid,0.09375,0.0595703125
codecontests_java_488,resid_post,0.0,0.2451171875
apps_python_489,resid_mid,0.0625,0.10174560546875
apps_python_489,resid_post,0.0625,0.0078125
codecontests_java_489,resid_mid,0.25,-0.119140625
codecontests_java_489,resid_post,0.09375,-0.10546875
apps_python_490,resid_mid,0.125,0.3125
apps_python_490,resid_post,0.1875,0.203125
codecontests_cpp_490,resid_mid,-0.03125,0.053375244140625
codecontests_cpp_490,resid_post,-0.03125,0.203125
codecontests_java_490,resid_mid,-0.03125,0.0733642578125
codecontests_java_490,resid_post,-0.125,0.2734375
apps_python_491,resid_mid,-0.09375,-0.015625
apps_python_491,resid_post,-0.0625,-0.09375
codecontests_java_491,resid_mid,-0.0625,0.0517578125
codecontests_java_491,resid_post,-0.15625,0.2734375
apps_python_492,resid_mid,0.1875,0.26318359375
apps_python_492,resid_post,0.03125,0.4140625
codecontests_cpp_492,resid_mid,-0.1875,-0.0819091796875
codecontests_cpp_492,resid_post,-0.21875,0.01171875
codecontests_java_492,resid_mid,-0.09375,0.103515625
codecontests_java_492,resid_post,-0.03125,-0.02734375
codecontests_cpp_493,resid_mid,0.0,0.468017578125
codecontests_cpp_493,resid_post,-0.09375,0.1953125
codecontests_java_493,resid_mid,0.0625,-0.01953125
codecontests_java_493,resid_post,-0.03125,0.17578125
apps_python_494,resid_mid,0.03125,-0.083984375
apps_python_494,resid_post,-0.09375,0.078125
codecontests_cpp_494,resid_mid,0.0,-0.2177734375
codecontests_cpp_494,resid_post,-0.0625,-0.00390625
codecontests_java_494,resid_mid,0.0,0.00390625
codecontests_java_494,resid_post,0.0,0.037109375
apps_python_495,resid_mid,-0.09375,0.208984375
apps_python_495,resid_post,-0.125,-0.0390625
codecontests_java_495,resid_mid,0.15625,0.029296875
codecontests_java_495,resid_post,0.0625,0.048828125
apps_python_496,resid_mid,-0.03125,0.0234375
apps_python_496,resid_post,0.0,-0.40625
codecontests_java_496,resid_mid,0.0625,0.255859375
codecontests_java_496,resid_post,0.0,0.26953125
apps_python_497,resid_mid,0.03125,0.310546875
apps_python_497,resid_post,-0.03125,0.03125
apps_python_498,resid_mid,-0.03125,0.010498046875
apps_python_498,resid_post,-0.1875,0.2109375
codecontests_java_498,resid_mid,0.0625,-0.0830078125
codecontests_java_498,resid_post,0.0625,-0.107421875
apps_python_499,resid_mid,0.0625,0.3515625
apps_python_499,resid_post,0.0,0.171875
codecontests_java_499,resid_mid,-0.09375,-0.00390625
codecontests_java_499,resid_post,-0.125,-0.1953125
apps_python_500,resid_mid,-0.09375,0.248046875
apps_python_500,resid_post,-0.09375,0.046875
codecontests_cpp_500,resid_mid,0.125,0.037109375
codecontests_cpp_500,resid_post,0.03125,0.015625
codecontests_java_500,resid_mid,0.0625,0.12744140625
codecontests_java_500,resid_post,0.0625,0.078125
apps_python_501,resid_mid,-0.03125,-0.02734375
apps_python_501,resid_post,-0.03125,-0.03125
apps_python_502,resid_mid,-0.1875,0.2412109375
apps_python_502,resid_post,-0.03125,-0.0390625
codecontests_cpp_502,resid_mid,0.03125,-0.0625
codecontests_cpp_502,resid_post,-0.09375,0.2265625
codecontests_java_502,resid_mid,0.0625,-0.03125
codecontests_java_502,resid_post,0.0,0.078125
apps_python_503,resid_mid,-0.1875,0.55224609375
apps_python_503,resid_post,-0.03125,0.0546875
codecontests_cpp_503,resid_mid,0.0,-0.0634765625
codecontests_cpp_503,resid_post,-0.03125,0.115234375
codecontests_java_503,resid_mid,0.125,0.265625
codecontests_java_503,resid_post,0.0,0.1826171875
apps_python_504,resid_mid,-0.09375,0.4248046875
apps_python_504,resid_post,-0.03125,0.04296875
codecontests_cpp_504,resid_mid,0.0625,0.52783203125
codecontests_cpp_504,resid_post,0.03125,0.2783203125
codecontests_java_504,resid_mid,0.0625,0.10546875
codecontests_java_504,resid_post,0.0625,0.1875
apps_python_505,resid_mid,-0.09375,0.29736328125
apps_python_505,resid_post,-0.09375,0.0546875
codecontests_cpp_505,resid_mid,-0.09375,-0.185546875
codecontests_cpp_505,resid_post,-0.1875,-0.078125
codecontests_java_505,resid_mid,0.03125,-0.0048828125
codecontests_java_505,resid_post,-0.0625,0.29345703125
apps_python_506,resid_mid,-0.03125,0.275390625
apps_python_506,resid_post,0.125,0.0
codecontests_java_507,resid_mid,0.0625,0.0576171875
codecontests_java_507,resid_post,0.0,0.07421875
codecontests_cpp_508,resid_mid,-0.03125,0.2529296875
codecontests_cpp_508,resid_post,-0.09375,0.19384765625
codecontests_java_508,resid_mid,0.0,0.107421875
codecontests_java_508,resid_post,-0.09375,0.18994140625
codecontests_cpp_509,resid_mid,-0.125,0.22442626953125
codecontests_cpp_509,resid_post,-0.15625,0.01953125
codecontests_java_509,resid_mid,-0.03125,-0.01953125
codecontests_java_509,resid_post,-0.0625,-0.03125
codecontests_cpp_510,resid_mid,0.03125,0.15380859375
codecontests_cpp_510,resid_post,0.0,0.1796875
codecontests_java_510,resid_mid,-0.03125,0.07421875
codecontests_java_510,resid_post,-0.09375,0.30908203125
codecontests_cpp_511,resid_mid,0.03125,0.1953125
codecontests_cpp_511,resid_post,0.0625,0.189453125
codecontests_java_511,resid_mid,-0.03125,-0.01171875
codecontests_java_511,resid_post,-0.0625,0.02734375
codecontests_cpp_512,resid_mid,-0.03125,-0.05743408203125
codecontests_cpp_512,resid_post,-0.1875,0.109375
codecontests_java_512,resid_mid,0.09375,0.009765625
codecontests_java_512,resid_post,-0.03125,-0.060546875
codecontests_java_513,resid_mid,0.0625,0.08203125
codecontests_java_513,resid_post,0.03125,0.3876953125
codecontests_java_514,resid_mid,0.125,-0.0078125
codecontests_java_514,resid_post,0.09375,0.107421875
codecontests_cpp_515,resid_mid,-0.03125,0.168212890625
codecontests_cpp_515,resid_post,-0.09375,-0.017578125
codecontests_java_515,resid_mid,0.03125,-0.01171875
codecontests_java_515,resid_post,-0.09375,0.087890625
codecontests_cpp_516,resid_mid,-0.03125,0.1513671875
codecontests_cpp_516,resid_post,0.0,0.3203125
codecontests_java_516,resid_mid,0.0,0.239990234375
codecontests_java_516,resid_post,-0.0625,0.205078125
codecontests_cpp_517,resid_mid,0.25,-0.0439453125
codecontests_cpp_517,resid_post,0.125,0.044921875
codecontests_java_517,resid_mid,0.0,0.232421875
codecontests_java_517,resid_post,-0.09375,0.091796875
codecontests_java_518,resid_mid,0.125,0.21484375
codecontests_java_518,resid_post,0.0,0.095703125
codecontests_java_519,resid_mid,0.0,0.111328125
codecontests_java_519,resid_post,-0.15625,0.26513671875
codecontests_cpp_520,resid_mid,0.0,0.255859375
codecontests_cpp_520,resid_post,0.03125,0.193359375
codecontests_java_520,resid_mid,0.09375,0.0625
codecontests_java_520,resid_post,0.03125,0.12109375
codecontests_java_521,resid_mid,-0.0625,-0.1650390625
codecontests_java_521,resid_post,-0.0625,-0.1328125
codecontests_cpp_522,resid_mid,-0.0625,-0.0625
codecontests_cpp_522,resid_post,0.0,-0.078125
codecontests_java_522,resid_mid,0.0,0.2744140625
codecontests_java_522,resid_post,-0.125,0.048828125
codecontests_java_523,resid_mid,0.1875,0.080078125
codecontests_java_523,resid_post,0.09375,0.1767578125
codecontests_cpp_524,resid_mid,-0.03125,-0.262451171875
codecontests_cpp_524,resid_post,-0.09375,-0.02734375
codecontests_java_524,resid_mid,0.0625,0.307373046875
codecontests_java_524,resid_post,0.0,0.095703125
codecontests_java_525,resid_mid,-0.03125,0.34765625
codecontests_java_525,resid_post,0.0,0.0693359375
codecontests_cpp_526,resid_mid,-0.0625,-0.170654296875
codecontests_cpp_526,resid_post,-0.09375,-0.123046875
codecontests_java_526,resid_mid,0.03125,-0.10546875
codecontests_java_526,resid_post,-0.0625,-0.107421875
codecontests_cpp_527,resid_mid,0.0,0.110321044921875
codecontests_cpp_527,resid_post,0.0625,0.09765625
codecontests_java_527,resid_mid,0.0625,0.0245361328125
codecontests_java_527,resid_post,0.03125,0.060546875
codecontests_cpp_528,resid_mid,0.0,0.09765625
codecontests_cpp_528,resid_post,-0.03125,0.0498046875
codecontests_java_528,resid_mid,0.03125,-0.0360107421875
codecontests_java_528,resid_post,-0.0625,0.060546875
codecontests_cpp_529,resid_mid,0.28125,-0.13623046875
codecontests_cpp_529,resid_post,0.15625,-0.06640625
codecontests_java_529,resid_mid,0.0,0.03515625
codecontests_java_529,resid_post,0.0625,0.10498046875
codecontests_java_530,resid_mid,0.0625,-0.0048828125
codecontests_java_530,resid_post,0.0625,-0.00390625
codecontests_cpp_531,resid_mid,0.1875,0.037109375
codecontests_cpp_531,resid_post,0.09375,0.029296875
codecontests_java_531,resid_mid,0.125,-0.18359375
codecontests_java_531,resid_post,0.0625,-0.025390625
codecontests_java_532,resid_mid,0.03125,0.2255859375
codecontests_java_532,resid_post,0.09375,-0.001953125
codecontests_java_533,resid_mid,0.03125,0.14697265625
codecontests_java_533,resid_post,-0.125,0.2783203125
codecontests_cpp_534,resid_mid,0.03125,-0.017578125
codecontests_cpp_534,resid_post,-0.03125,0.001953125
codecontests_java_534,resid_mid,0.09375,0.185546875
codecontests_java_534,resid_post,0.03125,0.2705078125
codecontests_cpp_535,resid_mid,0.125,-0.013671875
codecontests_cpp_535,resid_post,0.125,-0.111328125
codecontests_java_535,resid_mid,-0.03125,-0.0693359375
codecontests_java_535,resid_post,-0.15625,-0.01953125
codecontests_cpp_536,resid_mid,0.21875,-0.05615234375
codecontests_cpp_536,resid_post,0.21875,0.107421875
codecontests_java_536,resid_mid,0.03125,0.0948486328125
codecontests_java_536,resid_post,-0.03125,0.029296875
codecontests_cpp_538,resid_mid,-0.03125,0.1328125
codecontests_cpp_538,resid_post,0.0,0.201171875
codecontests_java_538,resid_mid,0.0625,0.07421875
codecontests_java_538,resid_post,-0.0625,0.412109375
codecontests_cpp_540,resid_mid,0.09375,0.18359375
codecontests_cpp_540,resid_post,0.09375,0.169921875
codecontests_java_540,resid_mid,0.125,-0.1220703125
codecontests_java_540,resid_post,0.0625,0.0234375
codecontests_cpp_541,resid_mid,-0.09375,0.347900390625
codecontests_cpp_541,resid_post,-0.03125,0.18994140625
codecontests_java_541,resid_mid,0.0625,-0.046875
codecontests_java_541,resid_post,0.09375,-0.09765625
codecontests_cpp_542,resid_mid,0.09375,-0.11669921875
codecontests_cpp_542,resid_post,0.03125,-0.169921875
codecontests_java_542,resid_mid,0.0,0.201171875
codecontests_java_542,resid_post,-0.0625,-0.181640625
codecontests_cpp_544,resid_mid,0.03125,-0.1083984375
codecontests_cpp_544,resid_post,0.0,0.1015625
codecontests_java_544,resid_mid,-0.03125,0.1123046875
codecontests_java_544,resid_post,-0.09375,0.126953125
codecontests_java_545,resid_mid,0.0,0.26171875
codecontests_java_545,resid_post,-0.0625,-0.103515625
codecontests_cpp_546,resid_mid,0.0,-0.1268310546875
codecontests_cpp_546,resid_post,-0.15625,0.0
codecontests_java_546,resid_mid,0.15625,-0.07421875
codecontests_java_546,resid_post,0.09375,0.02734375
codecontests_java_547,resid_mid,-0.03125,-0.20654296875
codecontests_java_547,resid_post,0.0,-0.1953125
codecontests_cpp_548,resid_mid,-0.0625,-0.1015625
codecontests_cpp_548,resid_post,-0.125,0.1796875
codecontests_java_548,resid_mid,-0.03125,-0.0234375
codecontests_java_548,resid_post,-0.09375,0.146484375
codecontests_java_549,resid_mid,0.0625,0.3056640625
codecontests_java_549,resid_post,-0.0625,0.140625
codecontests_cpp_550,resid_mid,0.1875,0.21484375
codecontests_cpp_550,resid_post,0.09375,0.18359375
codecontests_java_550,resid_mid,0.15625,-0.1455078125
codecontests_java_550,resid_post,0.1875,0.1044921875
codecontests_java_551,resid_mid,0.03125,-0.023681640625
codecontests_java_551,resid_post,0.03125,0.09375
codecontests_cpp_552,resid_mid,0.03125,0.044921875
codecontests_cpp_552,resid_post,0.0,0.078125
codecontests_java_552,resid_mid,0.15625,-0.0689697265625
codecontests_java_552,resid_post,0.0625,0.046875
codecontests_java_553,resid_mid,-0.03125,0.15582275390625
codecontests_java_553,resid_post,-0.09375,0.064453125
codecontests_cpp_554,resid_mid,-0.1875,0.259765625
codecontests_cpp_554,resid_post,-0.09375,0.091796875
codecontests_java_554,resid_mid,0.09375,0.12109375
codecontests_java_554,resid_post,0.09375,0.1109619140625
codecontests_java_555,resid_mid,-0.0625,0.1142578125
codecontests_java_555,resid_post,-0.15625,0.015625
codecontests_cpp_556,resid_mid,0.0,0.5
codecontests_cpp_556,resid_post,-0.09375,0.2529296875
codecontests_java_556,resid_mid,0.0,-0.009765625
codecontests_java_556,resid_post,0.0,0.017578125
codecontests_cpp_557,resid_mid,-0.0625,-0.01171875
codecontests_cpp_557,resid_post,-0.1875,0.07421875
codecontests_java_557,resid_mid,0.1875,-0.009765625
codecontests_java_557,resid_post,0.125,-0.1875
codecontests_cpp_558,resid_mid,0.03125,0.42138671875
codecontests_cpp_558,resid_post,-0.03125,0.06640625
codecontests_java_558,resid_mid,-0.0625,0.185791015625
codecontests_java_558,resid_post,-0.09375,0.03515625
codecontests_java_559,resid_mid,0.15625,-0.04296875
codecontests_java_559,resid_post,0.03125,0.193359375
codecontests_cpp_560,resid_mid,0.03125,0.162353515625
codecontests_cpp_560,resid_post,-0.03125,0.046875
codecontests_java_560,resid_mid,0.0625,-0.07415771484375
codecontests_java_560,resid_post,-0.0625,-0.0078125
codecontests_java_561,resid_mid,0.03125,0.02734375
codecontests_java_561,resid_post,0.03125,-0.0166015625
codecontests_cpp_562,resid_mid,0.1875,-0.0107421875
codecontests_cpp_562,resid_post,0.0625,0.01171875
codecontests_java_562,resid_mid,-0.09375,0.189453125
codecontests_java_562,resid_post,0.0,0.1328125
codecontests_cpp_563,resid_mid,-0.0625,-0.015625
codecontests_cpp_563,resid_post,-0.0625,0.017578125
codecontests_java_563,resid_mid,0.0,-0.005859375
codecontests_java_563,resid_post,-0.125,0.162109375
codecontests_cpp_564,resid_mid,-0.03125,0.15234375
codecontests_cpp_564,resid_post,0.03125,-0.005859375
codecontests_java_564,resid_mid,0.0625,-0.076171875
codecontests_java_564,resid_post,-0.09375,0.173828125
codecontests_cpp_565,resid_mid,0.1875,-0.0736083984375
codecontests_cpp_565,resid_post,0.1875,-0.03515625
codecontests_java_565,resid_mid,-0.03125,0.1865234375
codecontests_java_565,resid_post,-0.0625,0.13671875
codecontests_cpp_566,resid_mid,-0.0625,-0.0913848876953125
codecontests_cpp_566,resid_post,-0.125,0.0859375
codecontests_java_566,resid_mid,0.1875,0.0654296875
codecontests_java_566,resid_post,0.09375,0.033203125
codecontests_cpp_567,resid_mid,-0.09375,0.48828125
codecontests_cpp_567,resid_post,0.0625,0.3115234375
codecontests_java_567,resid_mid,-0.03125,0.1328125
codecontests_java_567,resid_post,-0.15625,0.232421875
codecontests_cpp_568,resid_mid,-0.09375,0.27734375
codecontests_cpp_568,resid_post,-0.03125,0.019287109375
codecontests_java_568,resid_mid,0.03125,0.029296875
codecontests_java_568,resid_post,0.0,0.0
codecontests_cpp_570,resid_mid,0.09375,-0.07421875
codecontests_cpp_570,resid_post,0.125,0.1279296875
codecontests_java_570,resid_mid,0.03125,0.1494140625
codecontests_java_570,resid_post,-0.03125,0.25
codecontests_java_571,resid_mid,0.09375,0.11572265625
codecontests_java_571,resid_post,-0.03125,-0.109375
codecontests_java_572,resid_mid,-0.0625,0.1015625
codecontests_java_572,resid_post,-0.03125,-0.157562255859375
codecontests_cpp_573,resid_mid,0.0,0.041015625
codecontests_cpp_573,resid_post,-0.09375,-0.06640625
codecontests_java_573,resid_mid,0.15625,0.05224609375
codecontests_java_573,resid_post,0.09375,0.05078125
codecontests_cpp_574,resid_mid,0.125,0.210693359375
codecontests_cpp_574,resid_post,0.15625,0.203125
codecontests_java_574,resid_mid,0.09375,0.22265625
codecontests_java_574,resid_post,-0.03125,0.162109375
codecontests_cpp_575,resid_mid,0.0625,-0.11181640625
codecontests_cpp_575,resid_post,0.0625,-0.0390625
codecontests_java_575,resid_mid,0.03125,-0.09765625
codecontests_java_575,resid_post,0.0,0.099609375
codecontests_cpp_576,resid_mid,0.0625,0.025390625
codecontests_cpp_576,resid_post,0.03125,-0.06640625
codecontests_java_576,resid_mid,0.09375,-0.046875
codecontests_java_576,resid_post,-0.03125,0.1015625
codecontests_cpp_577,resid_mid,0.0625,0.16650390625
codecontests_cpp_577,resid_post,-0.03125,0.14453125
codecontests_java_577,resid_mid,0.0,-0.01953125
codecontests_java_577,resid_post,0.03125,0.0
codecontests_java_578,resid_mid,0.125,0.065185546875
codecontests_java_578,resid_post,-0.0625,-0.06640625
codecontests_cpp_579,resid_mid,0.0,0.10693359375
codecontests_cpp_579,resid_post,-0.03125,0.060546875
codecontests_java_579,resid_mid,-0.15625,-0.0020751953125
codecontests_java_579,resid_post,-0.15625,0.03515625
codecontests_cpp_580,resid_mid,0.03125,0.00244140625
codecontests_cpp_580,resid_post,0.09375,0.1640625
codecontests_java_580,resid_mid,0.21875,-0.1142578125
codecontests_java_580,resid_post,0.125,0.0234375
codecontests_cpp_581,resid_mid,-0.0625,0.302734375
codecontests_cpp_581,resid_post,-0.09375,0.24609375
codecontests_java_581,resid_mid,-0.03125,0.1669921875
codecontests_java_581,resid_post,0.0625,0.17578125
codecontests_cpp_582,resid_mid,0.125,0.12890625
codecontests_cpp_582,resid_post,0.15625,0.003173828125
codecontests_java_582,resid_mid,-0.03125,0.23828125
codecontests_java_582,resid_post,-0.0625,0.09765625
codecontests_java_583,resid_mid,0.09375,-0.171875
codecontests_java_583,resid_post,0.09375,-0.0546875
codecontests_java_584,resid_mid,0.0,-0.056640625
codecontests_java_584,resid_post,-0.0625,-0.0078125
codecontests_cpp_585,resid_mid,-0.03125,-0.1884765625
codecontests_cpp_585,resid_post,0.0,-0.11328125
codecontests_java_585,resid_mid,-0.09375,-0.0361328125
codecontests_java_585,resid_post,-0.0625,0.029296875
codecontests_cpp_586,resid_mid,-0.0625,0.2099609375
codecontests_cpp_586,resid_post,-0.03125,0.15234375
codecontests_java_586,resid_mid,0.125,0.04229736328125
codecontests_java_586,resid_post,-0.03125,0.3359375
codecontests_java_587,resid_mid,0.09375,0.04931640625
codecontests_java_587,resid_post,-0.09375,0.3037109375
codecontests_cpp_588,resid_mid,0.0,0.1708984375
codecontests_cpp_588,resid_post,-0.0625,0.0966796875
codecontests_java_588,resid_mid,0.0625,-0.2333984375
codecontests_java_588,resid_post,-0.03125,-0.0859375
codecontests_cpp_589,resid_mid,-0.03125,0.36474609375
codecontests_cpp_589,resid_post,0.09375,0.173828125
codecontests_java_589,resid_mid,-0.03125,-0.119384765625
codecontests_java_589,resid_post,0.0625,-0.076171875
codecontests_cpp_590,resid_mid,-0.03125,0.650390625
codecontests_cpp_590,resid_post,0.0,0.390625
codecontests_java_590,resid_mid,0.15625,0.052734375
codecontests_java_590,resid_post,0.03125,-0.05859375
codecontests_cpp_591,resid_mid,0.0625,0.09375
codecontests_cpp_591,resid_post,0.09375,0.125
codecontests_java_591,resid_mid,0.0,-0.04833984375
codecontests_java_591,resid_post,-0.03125,-0.029296875
codecontests_cpp_592,resid_mid,0.0,-0.0328369140625
codecontests_cpp_592,resid_post,-0.0625,0.056640625
codecontests_java_592,resid_mid,0.09375,-0.14404296875
codecontests_java_592,resid_post,0.125,-0.1171875
codecontests_cpp_593,resid_mid,0.09375,0.0302734375
codecontests_cpp_593,resid_post,0.0,0.01171875
codecontests_java_593,resid_mid,0.09375,-0.00341796875
codecontests_java_593,resid_post,-0.09375,0.197265625
codecontests_java_594,resid_mid,0.15625,-0.029296875
codecontests_java_594,resid_post,0.125,0.0166015625
codecontests_cpp_595,resid_mid,0.21875,0.03125
codecontests_cpp_595,resid_post,0.09375,0.0
codecontests_java_595,resid_mid,0.09375,0.03125
codecontests_java_595,resid_post,0.03125,0.125
codecontests_cpp_596,resid_mid,-0.09375,0.302734375
codecontests_cpp_596,resid_post,-0.03125,0.21875
codecontests_java_596,resid_mid,-0.0625,-0.041015625
codecontests_java_596,resid_post,-0.125,0.025390625
codecontests_java_597,resid_mid,0.0,0.2802734375
codecontests_java_597,resid_post,0.03125,0.0439453125
codecontests_cpp_598,resid_mid,-0.125,0.0589599609375
codecontests_cpp_598,resid_post,-0.0625,0.01953125
codecontests_java_598,resid_mid,0.09375,0.0413818359375
codecontests_java_598,resid_post,-0.09375,0.27734375
codecontests_cpp_599,resid_mid,0.0625,-0.12109375
codecontests_cpp_599,resid_post,0.0625,-0.107421875
codecontests_java_599,resid_mid,0.15625,0.2919921875
codecontests_java_599,resid_post,-0.03125,0.1728515625
codecontests_java_600,resid_mid,0.1875,-0.0234375
codecontests_java_600,resid_post,0.09375,0.212890625
codecontests_cpp_601,resid_mid,-0.09375,-0.1806640625
codecontests_cpp_601,resid_post,-0.21875,0.12109375
codecontests_java_601,resid_mid,0.03125,0.001953125
codecontests_java_601,resid_post,-0.0625,-0.029296875
codecontests_java_602,resid_mid,0.03125,0.2606201171875
codecontests_java_602,resid_post,-0.0625,0.01953125
codecontests_cpp_603,resid_mid,-0.03125,0.11328125
codecontests_cpp_603,resid_post,0.0,-0.078125
codecontests_java_603,resid_mid,-0.0625,0.0986328125
codecontests_java_603,resid_post,-0.125,0.109375
codecontests_cpp_604,resid_mid,0.03125,0.16510009765625
codecontests_cpp_604,resid_post,0.125,0.15234375
codecontests_java_604,resid_mid,0.0,0.1796875
codecontests_java_604,resid_post,-0.0625,-0.06640625
codecontests_cpp_605,resid_mid,-0.09375,0.015625
codecontests_cpp_605,resid_post,0.0625,-0.03125
codecontests_java_605,resid_mid,-0.03125,-0.234375
codecontests_java_605,resid_post,-0.15625,-0.046875
codecontests_cpp_606,resid_mid,0.03125,0.162109375
codecontests_cpp_606,resid_post,-0.03125,0.099609375
codecontests_java_606,resid_mid,0.0,0.0029296875
codecontests_java_606,resid_post,0.0,0.09375
codecontests_java_607,resid_mid,0.0,0.083984375
codecontests_java_607,resid_post,0.0,-0.0390625
codecontests_cpp_608,resid_mid,0.09375,0.1123046875
codecontests_cpp_608,resid_post,0.0,0.046875
codecontests_java_608,resid_mid,0.09375,-0.03515625
codecontests_java_608,resid_post,0.0625,0.10009765625
codecontests_java_609,resid_mid,0.15625,-0.0107421875
codecontests_java_609,resid_post,0.0625,-0.06640625
codecontests_cpp_610,resid_mid,0.09375,-0.1015625
codecontests_cpp_610,resid_post,0.0,-0.06640625
codecontests_java_610,resid_mid,0.03125,0.15625
codecontests_java_610,resid_post,-0.03125,0.296875
codecontests_cpp_611,resid_mid,0.0,-0.015625
codecontests_cpp_611,resid_post,-0.125,0.125
codecontests_java_611,resid_mid,0.125,-0.09375
codecontests_java_611,resid_post,0.09375,-0.08203125
codecontests_cpp_612,resid_mid,0.15625,0.263427734375
codecontests_cpp_612,resid_post,0.0625,0.0390625
codecontests_java_612,resid_mid,0.125,0.1357421875
codecontests_java_612,resid_post,0.03125,0.0703125
codecontests_cpp_613,resid_mid,0.03125,0.138671875
codecontests_cpp_613,resid_post,-0.03125,-0.1484375
codecontests_java_613,resid_mid,0.09375,0.119384765625
codecontests_java_613,resid_post,-0.03125,0.06640625
codecontests_cpp_614,resid_mid,-0.03125,-0.0615234375
codecontests_cpp_614,resid_post,-0.03125,0.03125
codecontests_java_614,resid_mid,0.03125,0.10888671875
codecontests_java_614,resid_post,0.0,0.142578125
codecontests_cpp_615,resid_mid,0.03125,0.12109375
codecontests_cpp_615,resid_post,0.03125,0.06640625
codecontests_java_615,resid_mid,0.125,-0.1436767578125
codecontests_java_615,resid_post,0.03125,-0.15234375
codecontests_cpp_616,resid_mid,0.0625,0.07666015625
codecontests_cpp_616,resid_post,-0.03125,0.0078125
codecontests_java_616,resid_mid,0.03125,0.142578125
codecontests_java_616,resid_post,0.03125,0.0859375
codecontests_cpp_617,resid_mid,-0.03125,0.29736328125
codecontests_cpp_617,resid_post,0.09375,-0.00390625
codecontests_java_617,resid_mid,0.03125,-0.056640625
codecontests_java_617,resid_post,0.09375,0.02734375
codecontests_cpp_618,resid_mid,0.1875,0.05419921875
codecontests_cpp_618,resid_post,0.125,0.07421875
codecontests_java_618,resid_mid,0.15625,-0.0068359375
codecontests_java_618,resid_post,0.0625,0.111328125
codecontests_cpp_619,resid_mid,0.09375,0.17578125
codecontests_cpp_619,resid_post,0.0,-0.01953125
codecontests_java_619,resid_mid,0.0625,0.0244140625
codecontests_java_619,resid_post,0.03125,0.048828125
codecontests_java_620,resid_mid,0.0,0.0771484375
codecontests_java_620,resid_post,0.03125,0.015625
codecontests_cpp_621,resid_mid,-0.0625,0.4755859375
codecontests_cpp_621,resid_post,0.03125,0.126953125
codecontests_java_621,resid_mid,0.03125,-0.01171875
codecontests_java_621,resid_post,0.03125,-0.076171875
codecontests_java_622,resid_mid,-0.03125,0.36328125
codecontests_java_622,resid_post,0.0,0.10137939453125
codecontests_java_623,resid_mid,0.09375,0.037109375
codecontests_java_623,resid_post,-0.03125,0.029296875
codecontests_cpp_624,resid_mid,0.0,-0.195556640625
codecontests_cpp_624,resid_post,-0.0625,-0.228515625
codecontests_java_624,resid_mid,0.09375,0.181640625
codecontests_java_624,resid_post,0.0,0.0595703125
codecontests_cpp_625,resid_mid,0.0625,-0.2119140625
codecontests_cpp_625,resid_post,-0.125,0.02734375
codecontests_java_625,resid_mid,0.09375,-0.0732421875
codecontests_java_625,resid_post,-0.03125,0.0546875
codecontests_cpp_626,resid_mid,0.03125,0.263671875
codecontests_cpp_626,resid_post,-0.03125,0.2412109375
codecontests_java_626,resid_mid,0.09375,-0.142578125
codecontests_java_626,resid_post,0.15625,0.044677734375
codecontests_cpp_627,resid_mid,-0.03125,-0.093780517578125
codecontests_cpp_627,resid_post,-0.09375,0.05078125
codecontests_java_627,resid_mid,0.09375,0.03125
codecontests_java_627,resid_post,0.09375,0.2255859375
codecontests_java_628,resid_mid,0.03125,-0.0213623046875
codecontests_java_628,resid_post,0.0625,0.00390625
codecontests_cpp_629,resid_mid,0.0,0.3447265625
codecontests_cpp_629,resid_post,0.0,0.296875
codecontests_java_629,resid_mid,-0.03125,0.00390625
codecontests_java_629,resid_post,0.0,-0.107421875
codecontests_cpp_630,resid_mid,0.0625,-0.07421875
codecontests_cpp_630,resid_post,0.03125,0.08203125
codecontests_cpp_631,resid_mid,-0.09375,0.113037109375
codecontests_cpp_631,resid_post,-0.09375,0.03515625
codecontests_cpp_632,resid_mid,-0.0625,0.111328125
codecontests_cpp_632,resid_post,0.0,-0.05859375
codecontests_cpp_633,resid_mid,-0.03125,0.1103515625
codecontests_cpp_633,resid_post,-0.0625,-0.046875
codecontests_cpp_634,resid_mid,0.09375,0.2490234375
codecontests_cpp_634,resid_post,-0.0625,0.15234375
codecontests_cpp_635,resid_mid,0.0625,0.154541015625
codecontests_cpp_635,resid_post,-0.0625,-0.046875
codecontests_cpp_636,resid_mid,0.125,0.073089599609375
codecontests_cpp_636,resid_post,0.125,0.0625
codecontests_cpp_637,resid_mid,0.03125,-0.2421875
codecontests_cpp_637,resid_post,0.0625,-0.0234375
codecontests_cpp_638,resid_mid,0.15625,0.01171875
codecontests_cpp_638,resid_post,0.0625,0.046875
codecontests_cpp_639,resid_mid,-0.03125,0.39990234375
codecontests_cpp_639,resid_post,-0.0625,0.263671875
codecontests_cpp_640,resid_mid,-0.0625,-0.17333984375
codecontests_cpp_640,resid_post,-0.125,-0.0859375
codecontests_cpp_641,resid_mid,0.0,0.11328125
codecontests_cpp_641,resid_post,-0.09375,0.140625
codecontests_cpp_642,resid_mid,0.0625,0.075439453125
codecontests_cpp_642,resid_post,0.03125,0.0390625
codecontests_cpp_643,resid_mid,0.0625,0.01953125
codecontests_cpp_643,resid_post,0.0,0.0078125
codecontests_cpp_644,resid_mid,-0.09375,0.208740234375
codecontests_cpp_644,resid_post,-0.1875,-0.11328125
codecontests_cpp_645,resid_mid,0.0,0.33984375
codecontests_cpp_645,resid_post,-0.03125,0.2890625
codecontests_cpp_646,resid_mid,0.0625,0.37548828125
codecontests_cpp_646,resid_post,0.03125,0.28125
codecontests_cpp_647,resid_mid,0.09375,0.208984375
codecontests_cpp_647,resid_post,0.03125,0.02734375
codecontests_cpp_648,resid_mid,0.09375,0.138671875
codecontests_cpp_648,resid_post,0.03125,-0.0078125
codecontests_cpp_649,resid_mid,-0.0625,0.263671875
codecontests_cpp_649,resid_post,-0.03125,0.1328125
codecontests_cpp_650,resid_mid,0.21875,-0.1591796875
codecontests_cpp_650,resid_post,0.15625,0.0234375
codecontests_cpp_652,resid_mid,0.03125,0.075439453125
codecontests_cpp_652,resid_post,-0.03125,-0.0234375
codecontests_cpp_653,resid_mid,0.0625,-0.16796875
codecontests_cpp_653,resid_post,0.0625,-0.11328125
codecontests_cpp_654,resid_mid,-0.0625,0.326171875
codecontests_cpp_654,resid_post,-0.125,0.265625
codecontests_cpp_655,resid_mid,-0.03125,0.2734375
codecontests_cpp_655,resid_post,-0.0625,0.10546875
codecontests_cpp_656,resid_mid,0.09375,0.0546875
codecontests_cpp_656,resid_post,0.03125,-0.115234375
codecontests_cpp_657,resid_mid,0.0625,0.18463134765625
codecontests_cpp_657,resid_post,0.0,0.1640625
codecontests_cpp_658,resid_mid,0.03125,-0.199462890625
codecontests_cpp_658,resid_post,0.0,-0.2265625
codecontests_cpp_659,resid_mid,0.21875,-0.0576171875
codecontests_cpp_659,resid_post,0.1875,-0.21484375
codecontests_cpp_660,resid_mid,0.0,-0.072265625
codecontests_cpp_660,resid_post,-0.03125,-0.046875
codecontests_cpp_661,resid_mid,0.03125,-0.15765380859375
codecontests_cpp_661,resid_post,-0.125,0.0078125
codecontests_cpp_662,resid_mid,-0.0625,0.16259765625
codecontests_cpp_662,resid_post,-0.09375,0.0078125
codecontests_cpp_664,resid_mid,0.09375,0.1298828125
codecontests_cpp_664,resid_post,0.03125,-0.1162109375
codecontests_cpp_665,resid_mid,-0.0625,0.337890625
codecontests_cpp_665,resid_post,-0.15625,0.12890625
codecontests_cpp_666,resid_mid,0.1875,-0.1318359375
codecontests_cpp_666,resid_post,0.09375,-0.06640625
codecontests_cpp_667,resid_mid,-0.15625,0.123046875
codecontests_cpp_667,resid_post,-0.125,0.109375
codecontests_cpp_668,resid_mid,0.0,0.169921875
codecontests_cpp_668,resid_post,-0.03125,0.23828125
codecontests_cpp_669,resid_mid,0.03125,0.1474609375
codecontests_cpp_669,resid_post,-0.15625,0.310546875
codecontests_cpp_670,resid_mid,0.0,0.0888671875
codecontests_cpp_670,resid_post,0.0,0.029296875
codecontests_cpp_671,resid_mid,0.09375,0.08001708984375
codecontests_cpp_671,resid_post,0.09375,0.03125
codecontests_cpp_672,resid_mid,0.0,0.13671875
codecontests_cpp_672,resid_post,0.03125,-0.017578125
codecontests_cpp_673,resid_mid,-0.0625,0.3369140625
codecontests_cpp_673,resid_post,-0.03125,0.095703125
codecontests_cpp_674,resid_mid,-0.03125,0.096099853515625
codecontests_cpp_674,resid_post,-0.0625,0.0859375
codecontests_cpp_675,resid_mid,0.0,0.0986328125
codecontests_cpp_675,resid_post,-0.09375,-0.15625
codecontests_cpp_676,resid_mid,0.0625,0.177734375
codecontests_cpp_676,resid_post,0.0625,0.01171875
codecontests_cpp_677,resid_mid,0.09375,0.08154296875
codecontests_cpp_677,resid_post,0.03125,-0.087890625
codecontests_cpp_678,resid_mid,-0.0625,-0.21630859375
codecontests_cpp_678,resid_post,-0.03125,-0.224609375
codecontests_cpp_679,resid_mid,0.0625,-0.01953125
codecontests_cpp_679,resid_post,0.03125,0.03125
codecontests_cpp_680,resid_mid,-0.03125,0.26220703125
codecontests_cpp_680,resid_post,-0.15625,0.353515625
codecontests_cpp_681,resid_mid,-0.0625,0.23828125
codecontests_cpp_681,resid_post,-0.1875,0.134765625
codecontests_cpp_682,resid_mid,-0.03125,-0.1328125
codecontests_cpp_682,resid_post,0.0,-0.21875
codecontests_cpp_683,resid_mid,0.0,0.5
codecontests_cpp_683,resid_post,0.03125,0.220703125
codecontests_cpp_684,resid_mid,0.09375,-0.0341796875
codecontests_cpp_684,resid_post,0.0625,0.0546875
codecontests_cpp_685,resid_mid,0.09375,0.160400390625
codecontests_cpp_685,resid_post,0.0,0.1259765625
codecontests_cpp_687,resid_mid,0.125,0.068359375
codecontests_cpp_687,resid_post,0.0,0.103515625
codecontests_cpp_689,resid_mid,0.1875,0.14306640625
codecontests_cpp_689,resid_post,0.125,-0.00390625
codecontests_cpp_690,resid_mid,-0.03125,-0.01171875
codecontests_cpp_690,resid_post,0.0,0.0914306640625
codecontests_cpp_691,resid_mid,0.03125,0.15057373046875
codecontests_cpp_691,resid_post,0.03125,0.08203125
codecontests_cpp_692,resid_mid,-0.0625,0.2734375
codecontests_cpp_692,resid_post,-0.21875,0.26611328125
codecontests_cpp_693,resid_mid,0.0,0.1572265625
codecontests_cpp_693,resid_post,0.0,0.14453125
codecontests_cpp_694,resid_mid,0.03125,0.001953125
codecontests_cpp_694,resid_post,-0.0625,0.046875
codecontests_cpp_697,resid_mid,-0.0625,0.08544921875
codecontests_cpp_697,resid_post,-0.15625,0.11328125
codecontests_cpp_698,resid_mid,0.15625,0.19873046875
codecontests_cpp_698,resid_post,-0.0625,0.2734375
codecontests_cpp_699,resid_mid,-0.125,0.286376953125
codecontests_cpp_699,resid_post,-0.21875,0.033203125
codecontests_cpp_700,resid_mid,0.0,0.23779296875
codecontests_cpp_700,resid_post,-0.03125,0.16015625
codecontests_cpp_701,resid_mid,0.15625,0.00390625
codecontests_cpp_701,resid_post,0.09375,0.1015625
codecontests_cpp_702,resid_mid,-0.125,0.28369140625
codecontests_cpp_702,resid_post,-0.125,0.060546875
codecontests_cpp_705,resid_mid,0.0,0.0263671875
codecontests_cpp_705,resid_post,-0.0625,0.0078125
codecontests_cpp_706,resid_mid,-0.03125,0.0859375
codecontests_cpp_706,resid_post,-0.0625,0.01953125
codecontests_cpp_707,resid_mid,-0.03125,0.345947265625
codecontests_cpp_707,resid_post,-0.0625,0.03125
codecontests_cpp_708,resid_mid,0.03125,0.204345703125
codecontests_cpp_708,resid_post,-0.09375,0.0234375
codecontests_cpp_709,resid_mid,0.03125,0.244140625
codecontests_cpp_709,resid_post,0.0625,0.09375
codecontests_cpp_710,resid_mid,0.09375,0.017578125
codecontests_cpp_710,resid_post,0.125,-0.03125
codecontests_cpp_711,resid_mid,0.0,0.10357666015625
codecontests_cpp_711,resid_post,-0.09375,0.064453125
codecontests_cpp_713,resid_mid,0.0,0.146484375
codecontests_cpp_713,resid_post,0.03125,-0.09375
codecontests_cpp_714,resid_mid,0.03125,0.099853515625
codecontests_cpp_714,resid_post,0.0,0.0703125
codecontests_cpp_716,resid_mid,0.03125,0.168212890625
codecontests_cpp_716,resid_post,-0.0625,-0.09765625
codecontests_cpp_717,resid_mid,0.125,0.1083984375
codecontests_cpp_717,resid_post,0.0,0.0390625
codecontests_cpp_718,resid_mid,0.0,0.25885009765625
codecontests_cpp_718,resid_post,-0.0625,0.083984375
codecontests_cpp_719,resid_mid,0.0,0.037109375
codecontests_cpp_719,resid_post,-0.03125,0.140625
codecontests_cpp_720,resid_mid,0.0625,-0.02734375
codecontests_cpp_720,resid_post,0.0,-0.017578125
codecontests_cpp_721,resid_mid,0.0,0.125
codecontests_cpp_721,resid_post,-0.03125,0.1455078125
codecontests_cpp_722,resid_mid,0.0625,0.0882568359375
codecontests_cpp_722,resid_post,-0.03125,0.01953125
codecontests_cpp_724,resid_mid,0.0625,0.09619140625
codecontests_cpp_724,resid_post,-0.0625,0.220703125
codecontests_cpp_725,resid_mid,0.125,-0.177734375
codecontests_cpp_725,resid_post,0.0625,0.072265625
codecontests_cpp_726,resid_mid,0.0,0.3857421875
codecontests_cpp_726,resid_post,-0.03125,0.064453125
codecontests_cpp_727,resid_mid,0.0,0.14581298828125
codecontests_cpp_727,resid_post,0.09375,0.15625
codecontests_cpp_728,resid_mid,0.09375,0.10858154296875
codecontests_cpp_728,resid_post,-0.03125,-0.05078125
codecontests_cpp_729,resid_mid,-0.0625,0.5458984375
codecontests_cpp_729,resid_post,-0.09375,0.2373046875
codecontests_cpp_730,resid_mid,0.15625,-0.1943359375
codecontests_cpp_730,resid_post,0.15625,-0.04296875
codecontests_cpp_731,resid_mid,-0.03125,0.35546875
codecontests_cpp_731,resid_post,-0.0625,0.16015625
codecontests_cpp_733,resid_mid,0.0625,-0.052520751953125
codecontests_cpp_733,resid_post,-0.03125,-0.22265625
codecontests_cpp_734,resid_mid,-0.09375,0.09619140625
codecontests_cpp_734,resid_post,-0.125,0.0546875
codecontests_cpp_736,resid_mid,0.03125,0.255859375
codecontests_cpp_736,resid_post,-0.03125,0.3583984375
codecontests_cpp_737,resid_mid,-0.09375,-0.15087890625
codecontests_cpp_737,resid_post,-0.125,-0.05859375
codecontests_cpp_738,resid_mid,0.03125,0.0966796875
codecontests_cpp_738,resid_post,-0.0625,0.07421875
codecontests_cpp_739,resid_mid,0.0625,0.19873046875
codecontests_cpp_739,resid_post,-0.125,0.3681640625
codecontests_cpp_740,resid_mid,0.0,0.1123046875
codecontests_cpp_740,resid_post,-0.09375,-0.029296875
codecontests_cpp_741,resid_mid,-0.21875,0.19384765625
codecontests_cpp_741,resid_post,-0.25,-0.1015625
codecontests_cpp_742,resid_mid,0.0625,0.161376953125
codecontests_cpp_742,resid_post,-0.0625,0.12890625
codecontests_cpp_743,resid_mid,-0.0625,0.22265625
codecontests_cpp_743,resid_post,-0.03125,0.41015625
codecontests_cpp_745,resid_mid,-0.03125,-0.1558837890625
codecontests_cpp_745,resid_post,0.0,-0.0546875
codecontests_cpp_747,resid_mid,-0.03125,0.19140625
codecontests_cpp_747,resid_post,-0.0625,0.14453125
codecontests_cpp_748,resid_mid,-0.03125,-0.00146484375
codecontests_cpp_748,resid_post,-0.03125,-0.15234375
codecontests_cpp_749,resid_mid,0.03125,0.30126953125
codecontests_cpp_749,resid_post,0.0,0.1015625
codecontests_cpp_750,resid_mid,-0.03125,0.30859375
codecontests_cpp_750,resid_post,-0.09375,0.1875
codecontests_cpp_751,resid_mid,-0.09375,0.23046875
codecontests_cpp_751,resid_post,-0.0625,-0.02734375
codecontests_cpp_752,resid_mid,0.03125,0.203125
codecontests_cpp_752,resid_post,-0.0625,0.140625
codecontests_cpp_753,resid_mid,0.03125,0.38671875
codecontests_cpp_753,resid_post,0.03125,0.20703125
codecontests_cpp_754,resid_mid,-0.03125,-0.224609375
codecontests_cpp_754,resid_post,-0.09375,-0.0126953125
codecontests_cpp_755,resid_mid,-0.03125,0.09765625
codecontests_cpp_755,resid_post,-0.1875,0.27734375
codecontests_cpp_756,resid_mid,0.0625,0.08154296875
codecontests_cpp_756,resid_post,0.03125,0.00390625
codecontests_cpp_757,resid_mid,0.03125,0.306640625
codecontests_cpp_757,resid_post,0.03125,0.2265625
codecontests_cpp_758,resid_mid,0.0625,0.119140625
codecontests_cpp_758,resid_post,0.0,0.11328125
codecontests_cpp_759,resid_mid,0.03125,0.12109375
codecontests_cpp_759,resid_post,-0.03125,0.103515625
codecontests_cpp_760,resid_mid,0.15625,-0.03955078125
codecontests_cpp_760,resid_post,0.0,-0.01171875
codecontests_cpp_761,resid_mid,0.09375,0.111328125
codecontests_cpp_761,resid_post,0.09375,0.123046875
codecontests_cpp_762,resid_mid,-0.0625,0.229248046875
codecontests_cpp_762,resid_post,-0.21875,0.109375
codecontests_cpp_763,resid_mid,0.0,-0.021484375
codecontests_cpp_763,resid_post,-0.03125,0.044921875
codecontests_cpp_764,resid_mid,0.0,0.21533203125
codecontests_cpp_764,resid_post,-0.0625,-0.015625
codecontests_cpp_765,resid_mid,-0.0625,0.3271484375
codecontests_cpp_765,resid_post,-0.09375,0.052734375
codecontests_cpp_766,resid_mid,0.0625,0.032958984375
codecontests_cpp_766,resid_post,0.03125,-0.03515625
codecontests_cpp_767,resid_mid,0.03125,0.3505859375
codecontests_cpp_767,resid_post,-0.03125,0.1640625
codecontests_cpp_769,resid_mid,0.09375,0.267578125
codecontests_cpp_769,resid_post,-0.0625,0.029296875
codecontests_cpp_770,resid_mid,0.15625,-0.0338134765625
codecontests_cpp_770,resid_post,0.125,0.09375
codecontests_cpp_771,resid_mid,0.0,0.150390625
codecontests_cpp_771,resid_post,0.0,-0.009765625
codecontests_cpp_772,resid_mid,0.21875,-0.0498046875
codecontests_cpp_772,resid_post,0.1875,-0.162109375
codecontests_cpp_773,resid_mid,-0.03125,0.16796875
codecontests_cpp_773,resid_post,-0.15625,0.3515625
codecontests_cpp_774,resid_mid,-0.0625,0.291748046875
codecontests_cpp_774,resid_post,-0.09375,0.04296875
codecontests_cpp_775,resid_mid,0.09375,-0.1181640625
codecontests_cpp_775,resid_post,0.0,-0.03125
codecontests_cpp_776,resid_mid,0.09375,0.431640625
codecontests_cpp_776,resid_post,0.03125,0.138671875
codecontests_cpp_777,resid_mid,0.0,-0.0753173828125
codecontests_cpp_777,resid_post,-0.03125,-0.01171875
codecontests_cpp_778,resid_mid,-0.09375,-0.052001953125
codecontests_cpp_778,resid_post,-0.0625,0.06640625
codecontests_cpp_779,resid_mid,-0.03125,0.08203125
codecontests_cpp_779,resid_post,-0.125,0.0634765625
codecontests_cpp_780,resid_mid,0.0625,0.137939453125
codecontests_cpp_780,resid_post,0.03125,0.1181640625
codecontests_cpp_781,resid_mid,-0.03125,0.3193359375
codecontests_cpp_781,resid_post,-0.125,0.3505859375
codecontests_cpp_782,resid_mid,0.03125,0.30078125
codecontests_cpp_782,resid_post,0.03125,0.2890625
codecontests_cpp_783,resid_mid,0.0625,0.4033203125
codecontests_cpp_783,resid_post,0.0625,0.078125
codecontests_cpp_785,resid_mid,0.03125,0.2265625
codecontests_cpp_785,resid_post,-0.03125,0.009765625
codecontests_cpp_786,resid_mid,0.125,0.03173828125
codecontests_cpp_786,resid_post,0.0,-0.19140625
codecontests_cpp_787,resid_mid,-0.03125,0.10498046875
codecontests_cpp_787,resid_post,-0.03125,0.1484375
codecontests_cpp_788,resid_mid,0.0,0.267578125
codecontests_cpp_788,resid_post,0.0625,0.14453125
codecontests_cpp_789,resid_mid,0.0625,0.142578125
codecontests_cpp_789,resid_post,-0.03125,0.060546875
codecontests_cpp_790,resid_mid,0.0,0.3017578125
codecontests_cpp_790,resid_post,0.03125,0.2578125
codecontests_cpp_791,resid_mid,0.03125,0.1943359375
codecontests_cpp_791,resid_post,0.03125,0.0859375
codecontests_cpp_792,resid_mid,-0.09375,0.2265625
codecontests_cpp_792,resid_post,-0.21875,-0.02734375
codecontests_cpp_793,resid_mid,0.125,0.23876953125
codecontests_cpp_793,resid_post,-0.0625,0.140625
codecontests_cpp_794,resid_mid,0.09375,-0.04296875
codecontests_cpp_794,resid_post,0.0625,-0.1875
codecontests_cpp_795,resid_mid,0.03125,0.24786376953125
codecontests_cpp_795,resid_post,-0.125,0.10546875
codecontests_cpp_796,resid_mid,-0.03125,0.09033203125
codecontests_cpp_796,resid_post,-0.09375,-0.095703125
codecontests_cpp_797,resid_mid,0.09375,-0.039306640625
codecontests_cpp_797,resid_post,0.09375,-0.00390625
codecontests_cpp_798,resid_mid,-0.15625,0.08935546875
codecontests_cpp_798,resid_post,-0.15625,0.1328125
codecontests_cpp_799,resid_mid,0.0625,0.2669219970703125
codecontests_cpp_799,resid_post,-0.03125,0.13671875
codecontests_cpp_800,resid_mid,0.21875,0.091796875
codecontests_cpp_800,resid_post,0.1875,-0.0078125
codecontests_cpp_801,resid_mid,0.0,0.1796875
codecontests_cpp_801,resid_post,-0.03125,0.0234375
codecontests_cpp_802,resid_mid,0.21875,0.125
codecontests_cpp_802,resid_post,0.125,0.046875
codecontests_cpp_803,resid_mid,0.09375,0.232421875
codecontests_cpp_803,resid_post,0.09375,0.05859375
codecontests_cpp_804,resid_mid,0.03125,0.0303955078125
codecontests_cpp_804,resid_post,-0.0625,0.126953125
codecontests_cpp_805,resid_mid,-0.0625,0.0578155517578125
codecontests_cpp_805,resid_post,-0.03125,0.16015625
codecontests_cpp_806,resid_mid,-0.0625,0.083984375
codecontests_cpp_806,resid_post,-0.0625,-0.06640625
codecontests_cpp_807,resid_mid,0.0625,0.283447265625
codecontests_cpp_807,resid_post,0.0,-0.0078125
codecontests_cpp_808,resid_mid,0.0,0.1748046875
codecontests_cpp_808,resid_post,-0.15625,0.126953125
codecontests_cpp_810,resid_mid,-0.0625,0.51171875
codecontests_cpp_810,resid_post,-0.0625,0.216796875
codecontests_cpp_812,resid_mid,-0.125,0.325439453125
codecontests_cpp_812,resid_post,-0.09375,0.015625
codecontests_cpp_813,resid_mid,0.15625,0.046875
codecontests_cpp_813,resid_post,0.0,0.125
codecontests_cpp_814,resid_mid,0.15625,0.07275390625
codecontests_cpp_814,resid_post,0.0625,-0.048828125
codecontests_cpp_815,resid_mid,-0.0625,0.1640625
codecontests_cpp_815,resid_post,-0.09375,-0.021484375
codecontests_cpp_816,resid_mid,0.0625,0.18017578125
codecontests_cpp_816,resid_post,0.0,0.091796875
codecontests_cpp_817,resid_mid,0.125,-0.125
codecontests_cpp_817,resid_post,0.15625,0.04296875
codecontests_cpp_818,resid_mid,0.0,0.296142578125
codecontests_cpp_818,resid_post,-0.0625,0.109375
codecontests_cpp_819,resid_mid,0.09375,0.3017578125
codecontests_cpp_819,resid_post,0.0,0.150390625
codecontests_cpp_820,resid_mid,0.0,-0.17822265625
codecontests_cpp_820,resid_post,-0.0625,-0.05859375
codecontests_cpp_821,resid_mid,0.09375,0.078857421875
codecontests_cpp_821,resid_post,0.09375,-0.015625
codecontests_cpp_822,resid_mid,0.03125,0.2978515625
codecontests_cpp_822,resid_post,-0.0625,0.1484375
codecontests_cpp_823,resid_mid,0.0,0.26025390625
codecontests_cpp_823,resid_post,0.0,0.01953125
codecontests_cpp_824,resid_mid,-0.03125,0.353515625
codecontests_cpp_824,resid_post,0.03125,0.2265625
codecontests_cpp_825,resid_mid,-0.09375,0.423828125
codecontests_cpp_825,resid_post,-0.1875,0.095703125
codecontests_cpp_826,resid_mid,-0.0625,0.2685546875
codecontests_cpp_826,resid_post,-0.15625,0.00390625
codecontests_cpp_827,resid_mid,0.0625,0.107177734375
codecontests_cpp_827,resid_post,-0.03125,-0.03515625
codecontests_cpp_828,resid_mid,-0.0625,0.2158203125
codecontests_cpp_828,resid_post,-0.125,0.236328125
codecontests_cpp_829,resid_mid,0.0,0.3759765625
codecontests_cpp_829,resid_post,-0.0625,0.314453125
codecontests_cpp_830,resid_mid,-0.03125,0.5615234375
codecontests_cpp_830,resid_post,0.03125,0.166015625
