sample_id,component,source_rescue_ratio,blocked_rescue_ratio,mediated_ratio,source_decision_score,blocked_decision_score,source_top1,blocked_top1
apps_python_1,q,0.20361990950226244,-0.1583710407239819,0.36199095022624433,-2.74188232421875,-3.995941162109375,False,False
apps_python_1,k,0.03619909502262444,-0.22171945701357465,0.2579185520361991,-3.3263626098632812,-4.212371826171875,False,False
apps_python_1,v,0.09954751131221719,-0.06787330316742081,0.167420814479638,-3.1064605712890625,-3.68341064453125,False,False
apps_python_1,z,0.3031674208144796,-0.06787330316742081,0.37104072398190047,-2.3819580078125,-3.6856002807617188,False,False
codecontests_cpp_1,q,0.08018867924528301,0.1179245283018868,-0.03773584905660377,-6.09271240234375,-5.8428802490234375,False,False
codecontests_cpp_1,k,0.21226415094339623,0.07547169811320754,0.13679245283018868,-5.213897705078125,-6.125222206115723,False,False
codecontests_cpp_1,v,0.25943396226415094,0.14622641509433962,0.11320754716981132,-4.89691162109375,-5.64910888671875,False,False
codecontests_cpp_1,z,0.0047169811320754715,0.05660377358490566,-0.05188679245283019,-6.591766357421875,-6.249704360961914,False,False
codecontests_java_1,q,0.0049261083743842365,0.054187192118226604,-0.04926108374384237,-12.617919921875,-11.9949951171875,False,False
codecontests_java_1,k,0.06403940886699508,0.054187192118226604,0.009852216748768473,-11.873046875,-11.998519897460938,False,False
codecontests_java_1,v,0.029556650246305417,0.08866995073891626,-0.059113300492610835,-12.31170654296875,-11.56121826171875,False,False
codecontests_java_1,z,0.1330049261083744,0.12315270935960591,0.009852216748768473,-10.994598388671875,-11.120758056640625,False,False
mbpp_python_1,q,-0.03431372549019608,-0.09803921568627451,0.06372549019607843,-3.2967710494995117,-3.4983367919921875,False,False
mbpp_python_1,k,-0.03431372549019608,-0.1323529411764706,0.09803921568627451,-3.297055244445801,-3.6075057983398438,False,False
mbpp_python_1,v,0.13725490196078433,0.03431372549019608,0.10294117647058823,-2.7466888427734375,-3.0777359008789062,False,False
mbpp_python_1,z,-0.09803921568627451,-0.09803921568627451,0.0,-3.49871826171875,-3.4988021850585938,False,False
codecontests_java_2,q,0.05092592592592592,-0.06944444444444445,0.12037037037037036,-6.4030303955078125,-7.216804504394531,False,False
codecontests_java_2,k,0.10648148148148148,0.018518518518518517,0.08796296296296297,-6.0284576416015625,-6.6247758865356445,False,False
codecontests_java_2,v,0.09259259259259259,-0.1111111111111111,0.2037037037037037,-6.124427795410156,-7.499976277351379,False,False
codecontests_java_2,z,0.12962962962962962,-0.05092592592592592,0.18055555555555555,-5.874574661254883,-7.0917816162109375,False,False
codecontests_cpp_3,q,-0.04918032786885246,0.06967213114754098,-0.11885245901639344,-3.995330810546875,-3.5416259765625,False,False
codecontests_cpp_3,k,0.20491803278688525,0.11065573770491803,0.0942622950819672,-3.0203857421875,-3.382080078125,False,False
codecontests_cpp_3,v,0.06147540983606557,0.29508196721311475,-0.2336065573770492,-3.5768203735351562,-2.6678466796875,False,False
codecontests_cpp_3,z,0.22540983606557377,0.036885245901639344,0.1885245901639344,-2.9317626953125,-3.667449951171875,False,False
codecontests_java_3,q,0.07432432432432433,0.06756756756756757,0.006756756756756757,-8.561660766601562,-8.622711181640625,False,False
codecontests_java_3,k,0.10810810810810811,0.15202702702702703,-0.04391891891891892,-8.249775886535645,-7.839263916015625,False,False
codecontests_java_3,v,-0.10810810810810811,0.05405405405405406,-0.16216216216216217,-10.24627685546875,-8.73565673828125,False,False
codecontests_java_3,z,0.06756756756756757,0.0945945945945946,-0.02702702702702703,-8.622695922851562,-8.375162124633789,False,False
apps_python_4,q,0.007518796992481203,-0.05263157894736842,0.06015037593984962,-4.1156005859375,-4.3712310791015625,False,False
apps_python_4,k,-0.17293233082706766,-0.05263157894736842,-0.12030075187969924,-4.86846923828125,-4.3731689453125,False,False
apps_python_4,v,-0.16541353383458646,0.07142857142857142,-0.23684210526315788,-4.83441162109375,-3.85028076171875,False,False
apps_python_4,z,-0.08270676691729323,-0.07518796992481203,-0.007518796992481203,-4.49456787109375,-4.4635009765625,False,False
codecontests_cpp_4,q,0.043795620437956206,-0.08759124087591241,0.13138686131386862,-4.08929443359375,-4.6539306640625,False,False
codecontests_cpp_4,k,0.043795620437956206,-0.0072992700729927005,0.051094890510948905,-4.0908966064453125,-4.307037353515625,False,False
codecontests_cpp_4,v,0.12043795620437957,0.12773722627737227,-0.0072992700729927005,-3.7632293701171875,-3.726715087890625,False,False
codecontests_cpp_4,z,0.17153284671532848,0.06934306569343066,0.10218978102189781,-3.543731689453125,-3.982208251953125,False,False
codecontests_java_4,q,-0.011049723756906077,-0.022099447513812154,0.011049723756906077,-11.435806274414062,-11.561347961425781,False,False
codecontests_java_4,k,0.055248618784530384,0.04419889502762431,0.011049723756906077,-10.6697998046875,-10.811279296875,False,False
codecontests_java_4,v,0.08839779005524862,0.14917127071823205,-0.06077348066298342,-10.306732177734375,-9.61883544921875,False,False
codecontests_java_4,z,-0.022099447513812154,0.06629834254143646,-0.08839779005524862,-11.557891845703125,-10.560394287109375,False,False
mbpp_python_4,q,0.10967741935483871,0.025806451612903226,0.08387096774193549,-4.3111724853515625,-4.718355178833008,False,False
mbpp_python_4,k,0.10967741935483871,0.17419354838709677,-0.06451612903225806,-4.3095703125,-3.9976348876953125,False,False
mbpp_python_4,v,0.10967741935483871,0.01935483870967742,0.09032258064516129,-4.3109588623046875,-4.749673843383789,False,False
mbpp_python_4,z,0.10967741935483871,-0.03870967741935484,0.14838709677419354,-4.30999755859375,-5.029747009277344,False,False
apps_python_5,q,0.1695906432748538,0.11695906432748537,0.05263157894736842,-4.436622619628906,-4.717964172363281,False,False
apps_python_5,k,0.30994152046783624,0.26900584795321636,0.04093567251461988,-3.6840057373046875,-3.9040069580078125,False,False
apps_python_5,v,0.07017543859649122,0.2222222222222222,-0.15204678362573099,-4.9665069580078125,-4.148651123046875,False,False
apps_python_5,z,0.21637426900584794,0.1871345029239766,0.029239766081871343,-4.186042785644531,-4.34173583984375,False,False
codecontests_cpp_5,q,-0.033783783783783786,0.08108108108108109,-0.11486486486486487,-4.780097961425781,-4.2465972900390625,False,False
codecontests_cpp_5,k,0.08108108108108109,-0.006756756756756757,0.08783783783783784,-4.2452392578125,-4.656261622905731,False,False
codecontests_cpp_5,v,0.11486486486486487,0.10810810810810811,0.006756756756756757,-4.0872802734375,-4.123382568359375,False,False
codecontests_cpp_5,z,-0.02702702702702703,0.0,-0.02702702702702703,-4.747955322265625,-4.6236419677734375,False,False
codecontests_java_5,q,0.171875,0.0234375,0.1484375,-6.623237609863281,-7.811271667480469,False,False
codecontests_java_5,k,0.27734375,0.18359375,0.09375,-5.77685546875,-6.529571533203125,False,False
codecontests_java_5,v,0.15625,0.140625,0.015625,-6.7474822998046875,-6.872467041015625,False,False
codecontests_java_5,z,0.16015625,0.09765625,0.0625,-6.71307373046875,-7.216278076171875,False,False
codecontests_cpp_6,q,-0.4787234042553192,-0.24468085106382978,-0.23404255319148937,-4.3128662109375,-3.64599609375,False,False
codecontests_cpp_6,k,0.03723404255319149,-0.20212765957446807,0.2393617021276596,-2.8270950317382812,-3.52288818359375,False,False
codecontests_cpp_6,v,0.0797872340425532,-0.03723404255319149,0.11702127659574468,-2.702617645263672,-3.0474624633789062,False,False
codecontests_cpp_6,z,-0.648936170212766,-0.3191489361702128,-0.32978723404255317,-4.794921875,-3.8597412109375,False,False
codecontests_java_6,q,-0.03896103896103896,-0.012987012987012988,-0.025974025974025976,-9.999777793884277,-9.748001098632812,False,False
codecontests_java_6,k,-0.12337662337662338,0.012987012987012988,-0.13636363636363635,-10.805572509765625,-9.498855590820312,False,False
codecontests_java_6,v,0.045454545454545456,0.08441558441558442,-0.03896103896103896,-9.18072509765625,-8.809768676757812,False,False
codecontests_java_6,z,0.012987012987012988,0.05194805194805195,-0.03896103896103896,-9.4947509765625,-9.123321533203125,False,False
codecontests_java_7,q,0.06372549019607843,0.19117647058823528,-0.12745098039215685,-5.968469619750977,-5.1514892578125,False,False
codecontests_java_7,k,0.19117647058823528,0.28431372549019607,-0.09313725490196079,-5.155923843383789,-4.554840087890625,False,False
codecontests_java_7,v,0.1568627450980392,0.1323529411764706,0.024509803921568627,-5.370025634765625,-5.526580810546875,False,False
codecontests_java_7,z,0.14705882352941177,0.1323529411764706,0.014705882352941176,-5.438835144042969,-5.529266357421875,False,False
apps_python_8,q,-0.03349282296650718,0.03349282296650718,-0.06698564593301436,-3.3728179931640625,-3.15509033203125,False,False
apps_python_8,k,-0.07177033492822966,0.03349282296650718,-0.10526315789473684,-3.495452880859375,-3.15264892578125,False,False
apps_python_8,v,0.03349282296650718,0.10526315789473684,-0.07177033492822966,-3.1547775268554688,-2.9191131591796875,False,False
apps_python_8,z,0.11004784688995216,0.11004784688995216,0.0,-2.90093994140625,-2.902313232421875,False,False
apps_python_9,q,-0.36492890995260663,-0.15165876777251186,-0.2132701421800948,-4.48388671875,-3.792694091796875,False,False
apps_python_9,k,0.07109004739336493,0.06635071090047394,0.004739336492890996,-3.060546875,-3.07574462890625,False,False
apps_python_9,v,0.17535545023696683,0.2037914691943128,-0.02843601895734597,-2.7093505859375,-2.61328125,False,False
apps_python_9,z,-0.33649289099526064,-0.10900473933649289,-0.22748815165876776,-4.3909912109375,-3.652374267578125,False,False
codecontests_cpp_9,q,0.36936936936936937,0.2702702702702703,0.0990990990990991,-2.15380859375,-2.514404296875,False,False
codecontests_cpp_9,k,0.3783783783783784,0.23873873873873874,0.13963963963963963,-2.115966796875,-2.62811279296875,False,False
codecontests_cpp_9,v,0.20270270270270271,0.0945945945945946,0.10810810810810811,-2.757843017578125,-3.1391220092773438,False,False
codecontests_cpp_9,z,0.22522522522522523,0.21621621621621623,0.009009009009009009,-2.67620849609375,-2.7081298828125,False,False
codecontests_java_9,q,0.12244897959183673,0.11564625850340136,0.006802721088435374,-8.061500549316406,-8.119476318359375,False,False
codecontests_java_9,k,0.1598639455782313,0.09523809523809523,0.06462585034013606,-7.7155914306640625,-8.296630859375,False,False
codecontests_java_9,v,0.08163265306122448,0.2687074829931973,-0.1870748299319728,-8.434158325195312,-6.7164306640625,False,False
codecontests_java_9,z,0.1564625850340136,0.09523809523809523,0.061224489795918366,-7.73748779296875,-8.3096923828125,False,False
apps_python_10,q,-0.14728682170542637,-0.10852713178294573,-0.03875968992248062,-2.306060791015625,-2.2294921875,False,False
apps_python_10,k,0.011627906976744186,0.11627906976744186,-0.10465116279069768,-1.993743896484375,-1.778106689453125,False,False
apps_python_10,v,0.26744186046511625,0.05813953488372093,0.20930232558139536,-1.45361328125,-1.8979263305664062,False,False
apps_python_10,z,0.05813953488372093,-0.3798449612403101,0.437984496124031,-1.8980121612548828,-2.7520751953125,False,False
codecontests_cpp_11,q,-0.08092485549132948,-0.2138728323699422,0.1329479768786127,-2.919403076171875,-3.2716064453125,False,False
codecontests_cpp_11,k,0.21965317919075145,0.1676300578034682,0.05202312138728324,-2.087158203125,-2.2392578125,False,False
codecontests_cpp_11,v,-0.07514450867052024,0.04046242774566474,-0.11560693641618497,-2.9027252197265625,-2.593520164489746,False,False
codecontests_cpp_11,z,0.1791907514450867,0.09248554913294797,0.08670520231213873,-2.20819091796875,-2.43975830078125,False,False
codecontests_java_11,q,0.04807692307692308,0.04807692307692308,0.0,-6.186779022216797,-6.185600280761719,False,False
codecontests_java_11,k,0.11538461538461539,0.10096153846153846,0.014423076923076924,-5.7483062744140625,-5.83953857421875,False,False
codecontests_java_11,v,0.10096153846153846,-0.004807692307692308,0.10576923076923077,-5.839080810546875,-6.527069091796875,False,False
codecontests_java_11,z,0.14903846153846154,0.08173076923076923,0.0673076923076923,-5.52801513671875,-5.9675445556640625,False,False
humaneval_python_11,q,0.36451612903225805,0.18387096774193548,0.18064516129032257,-3.063232421875,-3.950775146484375,False,False
humaneval_python_11,k,0.13548387096774195,0.11612903225806452,0.01935483870967742,-4.1847991943359375,-4.26898193359375,False,False
humaneval_python_11,v,0.01935483870967742,0.04516129032258064,-0.025806451612903226,-4.7476043701171875,-4.622894287109375,False,False
humaneval_python_11,z,0.27741935483870966,0.1774193548387097,0.1,-3.492645263671875,-3.980316162109375,False,False
mbpp_python_11,q,0.03535353535353535,0.0,0.03535353535353535,-2.9835777282714844,-3.0929718017578125,False,False
mbpp_python_11,k,0.16161616161616163,0.09595959595959595,0.06565656565656566,-2.590423583984375,-2.795501708984375,False,False
mbpp_python_11,v,0.22727272727272727,0.16161616161616163,0.06565656565656566,-2.38299560546875,-2.590240478515625,False,False
mbpp_python_11,z,-0.13131313131313133,0.0,-0.13131313131313133,-3.4983139038085938,-3.093381881713867,False,False
codecontests_cpp_12,q,-0.5492957746478874,0.0,-0.5492957746478874,-3.390625,-2.2182350158691406,False,False
codecontests_cpp_12,k,0.007042253521126761,-0.23943661971830985,0.24647887323943662,-2.203540802001953,-2.7388916015625,False,False
codecontests_cpp_12,v,-0.23943661971830985,0.04929577464788732,-0.2887323943661972,-2.73712158203125,-2.1081314086914062,False,False
codecontests_cpp_12,z,0.007042253521126761,0.10211267605633803,-0.09507042253521127,-2.2035179138183594,-1.989532470703125,False,False
codecontests_java_12,q,0.060810810810810814,0.060810810810810814,0.0,-8.688064575195312,-8.685317993164062,False,False
codecontests_java_12,k,0.0,0.02702702702702703,-0.02702702702702703,-9.2406005859375,-8.9830322265625,False,False
codecontests_java_12,v,0.05405405405405406,0.08783783783783784,-0.033783783783783786,-8.745758056640625,-8.435768127441406,False,False
codecontests_java_12,z,0.04054054054054054,0.0,0.04054054054054054,-8.86260986328125,-9.239990234375,False,False
apps_python_13,q,-0.058333333333333334,-0.0375,-0.020833333333333332,-3.968870162963867,-3.889312744140625,False,False
apps_python_13,k,0.19166666666666668,-0.004166666666666667,0.19583333333333333,-3.0233154296875,-3.7631988525390625,False,False
apps_python_13,v,0.22083333333333333,0.2791666666666667,-0.058333333333333334,-2.90972900390625,-2.685791015625,False,False
apps_python_13,z,0.09583333333333334,0.22083333333333333,-0.125,-3.3891830444335938,-2.91180419921875,False,False
codecontests_java_13,q,-0.020491803278688523,-0.03278688524590164,0.012295081967213115,-7.7783660888671875,-7.875092506408691,False,False
codecontests_java_13,k,0.06967213114754098,0.036885245901639344,0.03278688524590164,-7.08953857421875,-7.34259033203125,False,False
codecontests_java_13,v,-0.04918032786885246,0.01639344262295082,-0.06557377049180328,-7.999928951263428,-7.498199462890625,False,False
codecontests_java_13,z,0.12704918032786885,0.03278688524590164,0.0942622950819672,-6.656532287597656,-7.373779296875,False,False
apps_python_14,q,-0.11594202898550725,-0.028985507246376812,-0.08695652173913043,-4.810028076171875,-4.436302185058594,False,False
apps_python_14,k,-0.16666666666666666,-0.16666666666666666,0.0,-5.0255126953125,-5.02777099609375,False,False
apps_python_14,v,-0.3333333333333333,-0.18840579710144928,-0.14492753623188406,-5.7408447265625,-5.1212005615234375,False,False
apps_python_14,z,-0.1956521739130435,-0.34057971014492755,0.14492753623188406,-5.152008056640625,-5.7713623046875,False,False
codecontests_cpp_14,q,0.1956521739130435,0.043478260869565216,0.15217391304347827,-4.6197509765625,-5.499570846557617,False,False
codecontests_cpp_14,k,0.07065217391304347,0.16847826086956522,-0.09782608695652174,-5.342071533203125,-4.780448913574219,False,False
codecontests_cpp_14,v,0.2608695652173913,0.2717391304347826,-0.010869565217391304,-4.2296142578125,-4.1837615966796875,False,False
codecontests_cpp_14,z,0.2717391304347826,0.15760869565217392,0.11413043478260869,-4.1812744140625,-4.8399200439453125,False,False
codecontests_java_14,q,-0.15384615384615385,-0.07692307692307693,-0.07692307692307693,-9.37054443359375,-8.74968147277832,False,False
codecontests_java_14,k,0.06538461538461539,0.07692307692307693,-0.011538461538461539,-7.594295501708984,-7.499711990356445,False,False
codecontests_java_14,v,0.019230769230769232,0.06538461538461539,-0.046153846153846156,-7.968029022216797,-7.592010498046875,False,False
codecontests_java_14,z,0.015384615384615385,0.05,-0.03461538461538462,-7.9884033203125,-7.7167510986328125,False,False
codecontests_cpp_15,q,-0.03626943005181347,-0.17616580310880828,0.13989637305699482,-3.120941162109375,-3.54388427734375,False,False
codecontests_cpp_15,k,-0.06735751295336788,-0.06735751295336788,0.0,-3.21484375,-3.2164306640625,False,False
codecontests_cpp_15,v,-0.12435233160621761,0.10362694300518134,-0.22797927461139897,-3.387481689453125,-2.7001953125,False,False
codecontests_cpp_15,z,-0.02072538860103627,-0.08808290155440414,0.06735751295336788,-3.0769500732421875,-3.2813055515289307,False,False
codecontests_java_15,q,-0.043795620437956206,0.08759124087591241,-0.13138686131386862,-8.934005737304688,-7.8101348876953125,False,False
codecontests_java_15,k,0.051094890510948905,-0.0364963503649635,0.08759124087591241,-8.11175537109375,-8.86737060546875,False,False
codecontests_java_15,v,-0.058394160583941604,-0.0072992700729927005,-0.051094890510948905,-9.062080383300781,-8.617645263671875,False,False
codecontests_java_15,z,-0.0072992700729927005,-0.06569343065693431,0.058394160583941604,-8.617950439453125,-9.120941162109375,False,False
apps_python_16,q,0.09854014598540146,0.0364963503649635,0.06204379562043796,-3.8595991134643555,-4.125226974487305,False,False
apps_python_16,k,0.24817518248175183,0.2737226277372263,-0.025547445255474453,-3.1884765625,-3.0782470703125,False,False
apps_python_16,v,0.058394160583941604,0.043795620437956206,0.014598540145985401,-4.005126953125,-4.088348388671875,False,False
apps_python_16,z,-0.014598540145985401,0.0364963503649635,-0.051094890510948905,-4.343862533569336,-4.124593734741211,False,False
codecontests_cpp_16,q,0.06837606837606838,-0.021367521367521368,0.08974358974358974,-3.4056243896484375,-3.733715057373047,False,False
codecontests_cpp_16,k,0.1623931623931624,0.2222222222222222,-0.05982905982905983,-3.057586669921875,-2.83343505859375,False,False
codecontests_cpp_16,v,0.042735042735042736,0.038461538461538464,0.004273504273504274,-3.4988784790039062,-3.5160865783691406,False,False
codecontests_cpp_16,z,0.10256410256410256,0.008547008547008548,0.09401709401709402,-3.2785491943359375,-3.62176513671875,False,False
codecontests_java_16,q,-0.007518796992481203,0.14661654135338345,-0.15413533834586465,-4.182403564453125,-3.542816162109375,False,False
codecontests_java_16,k,0.3157894736842105,0.2631578947368421,0.05263157894736842,-2.825927734375,-3.050048828125,False,False
codecontests_java_16,v,0.14661654135338345,0.022556390977443608,0.12406015037593984,-3.542694091796875,-4.05853271484375,False,False
codecontests_java_16,z,-0.03007518796992481,0.0,-0.03007518796992481,-4.280120849609375,-4.155067443847656,False,False
apps_python_17,q,0.12105263157894737,0.07894736842105263,0.042105263157894736,-2.6067657470703125,-2.7319793701171875,False,False
apps_python_17,k,0.042105263157894736,-0.07368421052631578,0.11578947368421053,-2.8428993225097656,-3.185302734375,False,False
apps_python_17,v,0.22631578947368422,0.15263157894736842,0.07368421052631578,-2.2855224609375,-2.511077880859375,False,False
apps_python_17,z,0.15263157894736842,0.22631578947368422,-0.07368421052631578,-2.510345458984375,-2.28472900390625,False,False
codecontests_cpp_17,q,0.20168067226890757,0.07142857142857142,0.13025210084033614,-2.9530029296875,-3.4464111328125,False,False
codecontests_cpp_17,k,0.28991596638655465,0.5042016806722689,-0.21428571428571427,-2.6207275390625,-1.751953125,False,False
codecontests_cpp_17,v,0.02100840336134454,0.01680672268907563,0.004201680672268907,-3.62518310546875,-3.64202880859375,False,False
codecontests_cpp_17,z,0.10504201680672269,0.2647058823529412,-0.15966386554621848,-3.321807861328125,-2.7095947265625,False,False
codecontests_java_17,q,0.0,0.009478672985781991,-0.009478672985781991,-13.185409545898438,-13.05841064453125,False,False
codecontests_java_17,k,0.0995260663507109,-0.02843601895734597,0.12796208530805686,-11.874244689941406,-13.562078475952148,False,False
codecontests_java_17,v,-0.05687203791469194,0.018957345971563982,-0.07582938388625593,-13.935844421386719,-12.937210083007812,False,False
codecontests_java_17,z,0.10426540284360189,0.0995260663507109,0.004739336492890996,-11.811141967773438,-11.873146057128906,False,False
mbpp_python_17,q,-0.14864864864864866,-0.13513513513513514,-0.013513513513513514,-5.3091278076171875,-5.23931884765625,False,False
mbpp_python_17,k,0.013513513513513514,-0.033783783783783786,0.0472972972972973,-4.5460205078125,-4.77093505859375,False,False
mbpp_python_17,v,0.04054054054054054,-0.05405405405405406,0.0945945945945946,-4.429779052734375,-4.873046875,False,False
mbpp_python_17,z,-0.06756756756756757,-0.14189189189189189,0.07432432432432433,-4.937368392944336,-5.26171875,False,False
codecontests_cpp_18,q,-0.04205607476635514,0.08411214953271028,-0.1261682242990654,-3.4829330444335938,-3.058197021484375,False,False
codecontests_cpp_18,k,-0.22429906542056074,-0.2336448598130841,0.009345794392523364,-4.08154296875,-4.11444091796875,False,False
codecontests_cpp_18,v,0.004672897196261682,0.03271028037383177,-0.028037383177570093,-3.32415771484375,-3.2326431274414062,False,False
codecontests_cpp_18,z,0.037383177570093455,-0.03271028037383177,0.07009345794392523,-3.2187537252902985,-3.450927734375,False,False
codecontests_java_18,q,0.008,0.256,-0.248,-3.8738632202148438,-2.89642333984375,False,False
codecontests_java_18,k,-0.288,0.024,-0.312,-5.024993896484375,-3.806732177734375,False,False
codecontests_java_18,v,-0.248,-0.152,-0.096,-4.8656005859375,-4.4814453125,False,False
codecontests_java_18,z,0.104,0.204,-0.1,-3.493408203125,-3.103912353515625,False,False
humaneval_python_18,q,0.11029411764705882,0.051470588235294115,0.058823529411764705,-3.7798995971679688,-4.030460357666016,False,False
humaneval_python_18,k,0.16176470588235295,0.051470588235294115,0.11029411764705882,-3.558807373046875,-4.030387878417969,False,False
humaneval_python_18,v,0.029411764705882353,-0.08088235294117647,0.11029411764705882,-4.1228790283203125,-4.5922698974609375,False,False
humaneval_python_18,z,0.1875,0.11029411764705882,0.07720588235294118,-3.448699951171875,-3.7800750732421875,False,False
codecontests_java_19,q,-0.12209302325581395,-0.046511627906976744,-0.0755813953488372,-6.026336669921875,-5.623832702636719,False,False
codecontests_java_19,k,-0.18604651162790697,-0.3488372093023256,0.16279069767441862,-6.3717498779296875,-7.24237060546875,False,False
codecontests_java_19,v,-0.313953488372093,-0.12790697674418605,-0.18604651162790697,-7.04852294921875,-6.04718017578125,False,False
codecontests_java_19,z,-0.16279069767441862,-0.06976744186046512,-0.09302325581395349,-6.2478485107421875,-5.7477569580078125,False,False
apps_python_20,q,-0.060810810810810814,-0.006756756756756757,-0.05405405405405406,-2.44573974609375,-2.3253173828125,False,False
apps_python_20,k,-0.06756756756756757,0.006756756756756757,-0.07432432432432433,-2.45623779296875,-2.28369140625,False,False
apps_python_20,v,-0.060810810810810814,-0.08783783783783784,0.02702702702702703,-2.4471435546875,-2.5130767822265625,False,False
apps_python_20,z,-0.013513513513513514,-0.013513513513513514,0.0,-2.338043212890625,-2.338897705078125,False,False
codecontests_cpp_20,q,-0.25153374233128833,-0.07975460122699386,-0.17177914110429449,-3.179840087890625,-2.7497520446777344,False,False
codecontests_cpp_20,k,-0.4539877300613497,-0.12883435582822086,-0.32515337423312884,-3.68115234375,-2.8733673095703125,False,False
codecontests_cpp_20,v,-0.8650306748466258,-0.7668711656441718,-0.09815950920245399,-4.689208984375,-4.44873046875,False,False
codecontests_cpp_20,z,-0.3374233128834356,-0.294478527607362,-0.04294478527607362,-3.3931884765625,-3.28765869140625,False,False
codecontests_java_20,q,0.021834061135371178,-0.004366812227074236,0.026200873362445413,-6.995574951171875,-7.186210632324219,False,False
codecontests_java_20,k,0.1703056768558952,0.08733624454148471,0.08296943231441048,-5.92681884765625,-6.526031494140625,False,False
codecontests_java_20,v,0.08296943231441048,0.08296943231441048,0.0,-6.553955078125,-6.5601959228515625,False,False
codecontests_java_20,z,0.1965065502183406,0.021834061135371178,0.17467248908296942,-5.73663330078125,-6.998802185058594,False,False
humaneval_python_21,q,0.03125,-0.03571428571428571,0.06696428571428571,-3.389720916748047,-3.6235733032226562,False,False
humaneval_python_21,k,0.19642857142857142,0.06696428571428571,0.12946428571428573,-2.8031005859375,-3.2648849487304688,False,False
humaneval_python_21,v,0.13392857142857142,-0.03125,0.16517857142857142,-3.0262451171875,-3.6080780029296875,False,False
humaneval_python_21,z,0.03125,-0.10267857142857142,0.13392857142857142,-3.3904199600219727,-3.8571319580078125,False,False
apps_python_22,q,0.03669724770642202,-0.027522935779816515,0.06422018348623854,-3.280384063720703,-3.4995384216308594,False,False
apps_python_22,k,0.10091743119266056,0.05963302752293578,0.04128440366972477,-3.0615577697753906,-3.201385498046875,False,False
apps_python_22,v,-0.1926605504587156,0.027522935779816515,-0.22018348623853212,-4.056732177734375,-3.3112411499023438,False,False
apps_python_22,z,0.07339449541284404,-0.06880733944954129,0.14220183486238533,-3.1545791625976562,-3.636505126953125,False,False
codecontests_cpp_22,q,0.03664921465968586,0.03664921465968586,0.0,-2.8739242553710938,-2.8754196166992188,False,False
codecontests_cpp_22,k,0.11518324607329843,0.07853403141361257,0.03664921465968586,-2.6380462646484375,-2.749612808227539,False,False
codecontests_cpp_22,v,0.1518324607329843,0.2198952879581152,-0.06806282722513089,-2.525848388671875,-2.31573486328125,False,False
codecontests_cpp_22,z,-0.11518324607329843,0.0,-0.11518324607329843,-3.325927734375,-2.9842581748962402,False,False
codecontests_java_22,q,0.04411764705882353,0.0784313725490196,-0.03431372549019608,-6.091033935546875,-5.8726654052734375,False,False
codecontests_java_22,k,0.1323529411764706,0.23039215686274508,-0.09803921568627451,-5.5279998779296875,-4.90191650390625,False,False
codecontests_java_22,v,-0.09313725490196079,0.08333333333333333,-0.17647058823529413,-6.966972351074219,-5.837799072265625,False,False
codecontests_java_22,z,0.08333333333333333,-0.014705882352941176,0.09803921568627451,-5.8367919921875,-6.461517333984375,False,False
apps_python_23,q,-0.10857142857142857,-0.13142857142857142,0.022857142857142857,-3.02069091796875,-3.08892822265625,False,False
apps_python_23,k,-0.2057142857142857,-0.005714285714285714,-0.2,-3.290679931640625,-2.7497310638427734,False,False
apps_python_23,v,-0.005714285714285714,-0.011428571428571429,0.005714285714285714,-2.749126434326172,-2.76361083984375,False,False
apps_python_23,z,-0.1657142857142857,-0.2571428571428571,0.09142857142857143,-3.183074951171875,-3.426025390625,False,False
codecontests_cpp_23,q,0.09722222222222222,0.027777777777777776,0.06944444444444445,-4.0609588623046875,-4.374927043914795,False,False
codecontests_cpp_23,k,0.0763888888888889,0.09027777777777778,-0.013888888888888888,-4.1567535400390625,-4.0901336669921875,False,False
codecontests_cpp_23,v,-0.027777777777777776,-0.0763888888888889,0.04861111111111111,-4.6242523193359375,-4.843231201171875,False,False
codecontests_cpp_23,z,0.04861111111111111,-0.0625,0.1111111111111111,-4.281405448913574,-4.77703857421875,False,False
codecontests_java_23,q,-0.22077922077922077,-0.15151515151515152,-0.06926406926406926,-8.809127807617188,-8.313545227050781,False,False
codecontests_java_23,k,0.13852813852813853,0.17316017316017315,-0.03463203463203463,-6.21563720703125,-5.9656829833984375,False,False
codecontests_java_23,v,0.2077922077922078,0.2077922077922078,0.0,-5.7170562744140625,-5.71502685546875,False,False
codecontests_java_23,z,0.19047619047619047,0.13852813852813853,0.05194805194805195,-5.841583251953125,-6.2164154052734375,False,False
codecontests_cpp_24,q,0.09146341463414634,0.2073170731707317,-0.11585365853658537,-4.654205322265625,-4.057373046875,False,False
codecontests_cpp_24,k,-0.018292682926829267,0.024390243902439025,-0.042682926829268296,-5.218097686767578,-4.999382019042969,False,False
codecontests_cpp_24,v,0.28353658536585363,0.16463414634146342,0.11890243902439024,-3.66192626953125,-4.2785186767578125,False,False
codecontests_cpp_24,z,0.0975609756097561,0.16463414634146342,-0.06707317073170732,-4.624092102050781,-4.27777099609375,False,False
codecontests_java_24,q,0.0,0.03389830508474576,-0.03389830508474576,-7.3714599609375,-7.124034881591797,False,False
codecontests_java_24,k,0.11440677966101695,0.09745762711864407,0.01694915254237288,-6.52679443359375,-6.6546783447265625,False,False
codecontests_java_24,v,0.09745762711864407,-0.029661016949152543,0.1271186440677966,-6.654205322265625,-7.591400146484375,False,False
codecontests_java_24,z,0.09745762711864407,0.05084745762711865,0.046610169491525424,-6.6539459228515625,-6.997650146484375,False,False
apps_python_25,q,-0.03125,0.004464285714285714,-0.03571428571428571,-7.215301513671875,-6.962249755859375,False,False
apps_python_25,k,0.10267857142857142,0.15178571428571427,-0.049107142857142856,-6.265380859375,-5.915771484375,False,False
apps_python_25,v,0.10267857142857142,0.10267857142857142,0.0,-6.2691650390625,-6.271240234375,False,False
apps_python_25,z,0.08482142857142858,0.004464285714285714,0.08035714285714286,-6.39935302734375,-6.968814373016357,False,False
codecontests_java_25,q,0.08846153846153847,-0.14615384615384616,0.23461538461538461,-3.7024612426757812,-4.652923583984375,False,False
codecontests_java_25,k,0.5615384615384615,0.2923076923076923,0.2692307692307692,-1.6630859375,-2.8489990234375,False,False
codecontests_java_25,v,0.4,0.5326923076923077,-0.1326923076923077,-2.394287109375,-1.79833984375,False,False
codecontests_java_25,z,0.3192307692307692,0.17692307692307693,0.1423076923076923,-2.7415771484375,-3.33551025390625,False,False
codecontests_cpp_26,q,0.09205020920502092,0.02510460251046025,0.06694560669456066,-3.3900070190429688,-3.6389007568359375,False,False
codecontests_cpp_26,k,0.301255230125523,0.3138075313807531,-0.012552301255230125,-2.586669921875,-2.5465087890625,False,False
codecontests_cpp_26,v,0.23430962343096234,0.11297071129707113,0.12133891213389121,-2.8482666015625,-3.309234619140625,False,False
codecontests_cpp_26,z,0.3179916317991632,0.06276150627615062,0.25523012552301255,-2.5296630859375,-3.495086669921875,False,False
codecontests_java_26,q,-0.06302521008403361,0.02100840336134454,-0.08403361344537816,-7.89422607421875,-7.2747802734375,False,False
codecontests_java_26,k,-0.09243697478991597,0.008403361344537815,-0.10084033613445378,-8.104736328125,-7.37017822265625,False,False
codecontests_java_26,v,0.14705882352941177,0.13025210084033614,0.01680672268907563,-6.3349609375,-6.46014404296875,False,False
codecontests_java_26,z,0.44537815126050423,0.15126050420168066,0.29411764705882354,-4.0947265625,-6.2841796875,False,False
humaneval_python_26,q,0.11504424778761062,0.1415929203539823,-0.02654867256637168,-3.1234893798828125,-3.0273895263671875,False,False
humaneval_python_26,k,0.2345132743362832,0.17699115044247787,0.05752212389380531,-2.69451904296875,-2.899505615234375,False,False
humaneval_python_26,v,0.1415929203539823,0.2610619469026549,-0.11946902654867257,-3.0275115966796875,-2.5968017578125,False,False
humaneval_python_26,z,0.3230088495575221,0.11504424778761062,0.2079646017699115,-2.3741455078125,-3.1232223510742188,False,False
codecontests_cpp_27,q,-0.11818181818181818,-0.22727272727272727,0.10909090909090909,-1.9189910888671875,-2.09478759765625,False,False
codecontests_cpp_27,k,-0.24545454545454545,-0.7,0.45454545454545453,-2.12713623046875,-2.8447265625,False,False
codecontests_cpp_27,v,-0.7636363636363637,-0.9,0.13636363636363635,-2.9423828125,-3.150390625,False,False
codecontests_cpp_27,z,-0.2545454545454545,-0.5727272727272728,0.3181818181818182,-2.14202880859375,-2.6474609375,False,False
codecontests_java_27,q,0.07272727272727272,-0.06818181818181818,0.1409090909090909,-6.374584197998047,-7.342914581298828,False,False
codecontests_java_27,k,0.05454545454545454,-0.06818181818181818,0.12272727272727273,-6.499692916870117,-7.343297958374023,False,False
codecontests_java_27,v,0.0,0.12727272727272726,-0.12727272727272726,-6.874195098876953,-5.999172210693359,False,False
codecontests_java_27,z,-0.06818181818181818,-0.06818181818181818,0.0,-7.343025207519531,-7.343345642089844,False,False
codecontests_cpp_28,q,0.3630573248407643,0.2802547770700637,0.08280254777070063,-1.5078125,-1.7349853515625,False,False
codecontests_cpp_28,k,0.24203821656050956,0.050955414012738856,0.1910828025477707,-1.8319091796875,-2.323883056640625,False,False
codecontests_cpp_28,v,0.35987261146496813,0.4745222929936306,-0.11464968152866242,-1.5166015625,-1.18017578125,False,False
codecontests_cpp_28,z,0.14012738853503184,0.17834394904458598,-0.03821656050955414,-2.103240966796875,-2.0029296875,False,False
codecontests_java_28,q,-0.08496732026143791,-0.1503267973856209,0.06535947712418301,-5.181915283203125,-5.498435974121094,False,False
codecontests_java_28,k,-0.12418300653594772,-0.22875816993464052,0.10457516339869281,-5.3743438720703125,-5.8712158203125,False,False
codecontests_java_28,v,-0.17647058823529413,-0.12418300653594772,-0.05228758169934641,-5.6211700439453125,-5.375514984130859,False,False
codecontests_java_28,z,-0.20261437908496732,-0.058823529411764705,-0.1437908496732026,-5.74298095703125,-5.05816650390625,False,False
apps_python_29,q,-0.02072538860103627,-0.16580310880829016,0.14507772020725387,-3.0751800537109375,-3.5018310546875,False,False
apps_python_29,k,0.15025906735751296,0.17616580310880828,-0.025906735751295335,-2.55780029296875,-2.476898193359375,False,False
apps_python_29,v,0.05699481865284974,0.05181347150259067,0.0051813471502590676,-2.837493896484375,-2.85699462890625,False,False
apps_python_29,z,-0.02072538860103627,-0.02072538860103627,0.0,-3.0748138427734375,-3.0750274658203125,False,False
codecontests_cpp_29,q,0.109375,-0.0703125,0.1796875,-3.55462646484375,-4.2782440185546875,False,False
codecontests_cpp_29,k,0.2578125,0.05078125,0.20703125,-2.95489501953125,-3.7955703735351562,False,False
codecontests_cpp_29,v,-0.0390625,0.15234375,-0.19140625,-4.1537628173828125,-3.38531494140625,False,False
codecontests_cpp_29,z,0.13671875,0.078125,0.05859375,-3.44427490234375,-3.683074951171875,False,False
codecontests_java_29,q,0.023121387283236993,0.0,0.023121387283236993,-5.28113317489624,-5.405681610107422,False,False
codecontests_java_29,k,-0.14450867052023122,0.12716763005780346,-0.27167630057803466,-6.1790771484375,-4.7149200439453125,False,False
codecontests_java_29,v,-0.06936416184971098,0.028901734104046242,-0.09826589595375723,-5.7822723388671875,-5.2478790283203125,False,False
codecontests_java_29,z,0.0,-0.023121387283236993,0.023121387283236993,-5.405376434326172,-5.531216859817505,False,False
apps_python_30,q,0.023696682464454975,0.03317535545023697,-0.009478672985781991,-3.2137451171875,-3.1884078979492188,False,False
apps_python_30,k,-0.1990521327014218,-0.03317535545023697,-0.16587677725118483,-3.94708251953125,-3.39825439453125,False,False
apps_python_30,v,-0.12796208530805686,0.07109004739336493,-0.1990521327014218,-3.7149505615234375,-3.0491943359375,False,False
apps_python_30,z,-0.0947867298578199,-0.023696682464454975,-0.07109004739336493,-3.6060943603515625,-3.3746261596679688,False,False
codecontests_cpp_30,q,0.004651162790697674,0.027906976744186046,-0.023255813953488372,-1.67095947265625,-1.628265380859375,False,False
codecontests_cpp_30,k,-0.3023255813953488,-0.2186046511627907,-0.08372093023255814,-2.156005859375,-2.030517578125,False,False
codecontests_cpp_30,v,0.09302325581395349,-0.046511627906976744,0.13953488372093023,-1.5142822265625,-1.7556610107421875,False,False
codecontests_cpp_30,z,-0.4325581395348837,-0.15813953488372093,-0.2744186046511628,-2.365966796875,-1.9365234375,False,False
codecontests_java_30,q,0.04678362573099415,0.04678362573099415,0.0,-5.093173980712891,-5.093934059143066,False,False
codecontests_java_30,k,-0.07602339181286549,-0.0935672514619883,0.017543859649122806,-5.74462890625,-5.8434600830078125,False,False
codecontests_java_30,v,0.15204678362573099,0.08771929824561403,0.06432748538011696,-4.525543212890625,-4.874744415283203,False,False
codecontests_java_30,z,0.2719298245614035,0.2953216374269006,-0.023391812865497075,-3.882843017578125,-3.7574462890625,False,False
codecontests_cpp_32,q,0.07142857142857142,-0.12987012987012986,0.2012987012987013,-4.46417236328125,-5.4327392578125,False,False
codecontests_cpp_32,k,0.11688311688311688,0.07792207792207792,0.03896103896103896,-4.243499755859375,-4.4364471435546875,False,False
codecontests_cpp_32,v,0.12987012987012986,0.1038961038961039,0.025974025974025976,-4.185783386230469,-4.310546875,False,False
codecontests_cpp_32,z,0.025974025974025976,-0.006493506493506494,0.032467532467532464,-4.686248779296875,-4.8432159423828125,False,False
codecontests_java_32,q,-0.031007751937984496,-0.03875968992248062,0.007751937984496124,-8.310043334960938,-8.3671875,False,False
codecontests_java_32,k,0.11627906976744186,0.07751937984496124,0.03875968992248062,-7.11895751953125,-7.4346771240234375,False,False
codecontests_java_32,v,0.046511627906976744,0.0,0.046511627906976744,-7.686729431152344,-8.060859680175781,False,False
codecontests_java_32,z,0.17829457364341086,0.10077519379844961,0.07751937984496124,-6.61566162109375,-7.23638916015625,False,False
mbpp_python_32,q,-0.03954802259887006,0.022598870056497175,-0.062146892655367235,-5.749397277832031,-5.4055328369140625,False,False
mbpp_python_32,k,0.022598870056497175,0.03954802259887006,-0.01694915254237288,-5.405361175537109,-5.3114776611328125,False,False
mbpp_python_32,v,-0.03954802259887006,0.0847457627118644,-0.12429378531073447,-5.749317169189453,-5.061618804931641,False,False
mbpp_python_32,z,0.022598870056497175,0.022598870056497175,0.0,-5.405517578125,-5.405757904052734,False,False
codecontests_cpp_33,q,-0.3841059602649007,-0.2582781456953642,-0.12582781456953643,-3.25335693359375,-2.9627685546875,False,False
codecontests_cpp_33,k,-0.2582781456953642,-0.33774834437086093,0.07947019867549669,-2.956298828125,-3.145263671875,False,False
codecontests_cpp_33,v,-0.4503311258278146,-0.2980132450331126,-0.152317880794702,-3.404296875,-3.053955078125,False,False
codecontests_cpp_33,z,-0.37748344370860926,-0.3509933774834437,-0.026490066225165563,-3.236572265625,-3.1763916015625,False,False
codecontests_java_33,q,-0.0196078431372549,0.0392156862745098,-0.058823529411764705,-9.7457275390625,-9.17718505859375,False,False
codecontests_java_33,k,0.06535947712418301,0.0718954248366013,-0.006535947712418301,-8.9259033203125,-8.8682861328125,False,False
codecontests_java_33,v,0.0915032679738562,0.19281045751633988,-0.10130718954248366,-8.67803955078125,-7.7147216796875,False,False
codecontests_java_33,z,0.21895424836601307,0.0718954248366013,0.14705882352941177,-7.461151123046875,-8.873031616210938,False,False
humaneval_python_33,q,-0.039735099337748346,-0.006622516556291391,-0.033112582781456956,-9.812067031860352,-9.495361328125,False,False
humaneval_python_33,k,0.22847682119205298,0.20860927152317882,0.019867549668874173,-7.276641845703125,-7.4666900634765625,False,False
humaneval_python_33,v,-0.026490066225165563,0.06622516556291391,-0.09271523178807947,-9.644287109375,-8.7957763671875,False,False
humaneval_python_33,z,0.019867549668874173,-0.039735099337748346,0.059602649006622516,-9.248550415039062,-9.81242036819458,False,False
apps_python_34,q,-0.026143790849673203,-0.12418300653594772,0.09803921568627451,-4.905250549316406,-5.374736785888672,False,False
apps_python_34,k,-0.12418300653594772,-0.12418300653594772,0.0,-5.3723297119140625,-5.373298645019531,False,False
apps_python_34,v,-0.12418300653594772,-0.10457516339869281,-0.0196078431372549,-5.3732757568359375,-5.278900146484375,False,False
apps_python_34,z,-0.20261437908496732,-0.20261437908496732,0.0,-5.7475128173828125,-5.7473907470703125,False,False
apps_python_35,q,0.34806629834254144,0.24861878453038674,0.09944751381215469,-1.8223876953125,-2.11602783203125,False,False
apps_python_35,k,-0.13812154696132597,-0.13812154696132597,0.0,-3.216644287109375,-3.2163238525390625,False,False
apps_python_35,v,0.11049723756906077,0.0718232044198895,0.03867403314917127,-2.5142364501953125,-2.624237060546875,False,False
apps_python_35,z,0.0718232044198895,0.03867403314917127,0.03314917127071823,-2.6237258911132812,-2.718231201171875,False,False
codecontests_cpp_35,q,-0.24836601307189543,0.032679738562091505,-0.28104575163398693,-2.9708251953125,-2.308929443359375,False,False
codecontests_cpp_35,k,-0.013071895424836602,0.05228758169934641,-0.06535947712418301,-2.4166259765625,-2.264312744140625,False,False
codecontests_cpp_35,v,-0.2679738562091503,-0.17647058823529413,-0.0915032679738562,-3.0137939453125,-2.806304931640625,False,False
codecontests_cpp_35,z,0.0392156862745098,0.1111111111111111,-0.0718954248366013,-2.2954254150390625,-2.118804931640625,False,False
codecontests_java_35,q,-0.2193877551020408,0.07653061224489796,-0.29591836734693877,-7.4651947021484375,-5.65216064453125,False,False
codecontests_java_35,k,0.23979591836734693,0.10204081632653061,0.1377551020408163,-4.65057373046875,-5.4932861328125,False,False
codecontests_java_35,v,-0.061224489795918366,-0.02040816326530612,-0.04081632653061224,-6.499073028564453,-6.2476806640625,False,False
codecontests_java_35,z,0.05102040816326531,0.00510204081632653,0.04591836734693878,-5.80206298828125,-6.0833740234375,False,False
mbpp_python_35,q,0.06321839080459771,0.022988505747126436,0.040229885057471264,-5.092216491699219,-5.30865478515625,False,False
mbpp_python_35,k,0.05747126436781609,0.05747126436781609,0.0,-5.117462158203125,-5.120361328125,False,False
mbpp_python_35,v,0.0,-0.011494252873563218,0.011494252873563218,-5.43585205078125,-5.493865966796875,False,False
mbpp_python_35,z,0.0,0.0,0.0,-5.437166213989258,-5.43560791015625,False,False
apps_python_36,q,-0.04666666666666667,-0.18666666666666668,0.14,-2.4509124755859375,-2.7730712890625,False,False
apps_python_36,k,0.12666666666666668,0.17333333333333334,-0.04666666666666667,-2.040008544921875,-1.92645263671875,False,False
apps_python_36,v,-0.44,-0.14666666666666667,-0.29333333333333333,-3.3427734375,-2.682464599609375,False,False
apps_python_36,z,-0.013333333333333334,0.03333333333333333,-0.04666666666666667,-2.36993408203125,-2.261871337890625,False,False
codecontests_java_36,q,0.0872093023255814,0.0,0.0872093023255814,-4.9023895263671875,-5.370269775390625,False,False
codecontests_java_36,k,0.1511627906976744,0.06976744186046512,0.08139534883720931,-4.55322265625,-4.995697021484375,False,False
codecontests_java_36,v,0.11046511627906977,0.09302325581395349,0.01744186046511628,-4.774261474609375,-4.8709716796875,False,False
codecontests_java_36,z,0.20930232558139536,0.13372093023255813,0.0755813953488372,-4.232666015625,-4.647216796875,False,False
mbpp_python_36,q,0.0,-0.03333333333333333,0.03333333333333333,-3.2808361053466797,-3.389965057373047,False,False
mbpp_python_36,k,0.13333333333333333,0.19047619047619047,-0.05714285714285714,-2.8408966064453125,-2.649993896484375,False,False
mbpp_python_36,v,-0.06666666666666667,0.06666666666666667,-0.13333333333333333,-3.4990577697753906,-3.061431884765625,False,False
mbpp_python_36,z,-0.06666666666666667,0.1,-0.16666666666666666,-3.498931884765625,-2.9511795043945312,False,False
apps_python_37,q,0.24050632911392406,0.17088607594936708,0.06962025316455696,-3.73779296875,-4.089813232421875,False,False
apps_python_37,k,0.3322784810126582,0.3037974683544304,0.028481012658227847,-3.2808837890625,-3.4212646484375,False,False
apps_python_37,v,0.36075949367088606,0.3322784810126582,0.028481012658227847,-3.1358642578125,-3.2794189453125,False,False
apps_python_37,z,0.21518987341772153,0.2911392405063291,-0.0759493670886076,-3.8660888671875,-3.489013671875,False,False
codecontests_java_37,q,-0.00975609756097561,0.04878048780487805,-0.05853658536585366,-6.45794677734375,-6.09002685546875,False,False
codecontests_java_37,k,0.18536585365853658,0.00975609756097561,0.17560975609756097,-5.2071533203125,-6.3406524658203125,False,False
codecontests_java_37,v,0.11707317073170732,0.13170731707317074,-0.014634146341463415,-5.64385986328125,-5.561073303222656,False,False
codecontests_java_37,z,-0.01951219512195122,0.004878048780487805,-0.024390243902439025,-6.5286865234375,-6.36724853515625,False,False
codecontests_java_38,q,-0.025806451612903226,-0.025806451612903226,0.0,-4.9666290283203125,-4.968048095703125,False,False
codecontests_java_38,k,0.12258064516129032,0.06451612903225806,0.05806451612903226,-4.23724365234375,-4.5274658203125,False,False
codecontests_java_38,v,0.03870967741935484,0.0064516129032258064,0.03225806451612903,-4.650604248046875,-4.8122968673706055,False,False
codecontests_java_38,z,0.05806451612903226,0.08387096774193549,-0.025806451612903226,-4.558380126953125,-4.4344024658203125,False,False
codecontests_cpp_39,q,-0.005235602094240838,0.25654450261780104,-0.2617801047120419,-2.9986572265625,-2.205810546875,False,False
codecontests_cpp_39,k,0.16753926701570682,-0.015706806282722512,0.18324607329842932,-2.47015380859375,-3.02587890625,False,False
codecontests_cpp_39,v,-0.015706806282722512,0.193717277486911,-0.2094240837696335,-3.0224609375,-2.3831787109375,False,False
codecontests_cpp_39,z,-0.16753926701570682,-0.03664921465968586,-0.13089005235602094,-3.472412109375,-3.091278076171875,False,False
codecontests_java_39,q,-0.06719367588932806,-0.02766798418972332,-0.039525691699604744,-8.435333251953125,-8.124427795410156,False,False
codecontests_java_39,k,-0.07509881422924901,0.039525691699604744,-0.11462450592885376,-8.479736328125,-7.58953857421875,False,False
codecontests_java_39,v,-0.019762845849802372,0.10276679841897234,-0.1225296442687747,-8.061538696289062,-7.089263916015625,False,False
codecontests_java_39,z,-0.1067193675889328,0.11067193675889328,-0.21739130434782608,-8.749252319335938,-7.0286407470703125,False,False
humaneval_python_39,q,-0.06741573033707865,-0.05056179775280899,-0.016853932584269662,-2.9593505859375,-2.9202194213867188,False,False
humaneval_python_39,k,-0.23595505617977527,-0.28651685393258425,0.05056179775280899,-3.41943359375,-3.56298828125,False,False
humaneval_python_39,v,-0.028089887640449437,-0.21910112359550563,0.19101123595505617,-2.855194091796875,-3.380615234375,False,False
humaneval_python_39,z,-0.11797752808988764,-0.12359550561797752,0.0056179775280898875,-3.10394287109375,-3.12060546875,False,False
apps_python_40,q,0.11678832116788321,0.043795620437956206,0.072992700729927,-3.7794876098632812,-4.09228515625,False,False
apps_python_40,k,0.0948905109489051,0.2518248175182482,-0.15693430656934307,-3.874187469482422,-3.197998046875,False,False
apps_python_40,v,-0.0072992700729927005,0.0364963503649635,-0.043795620437956206,-4.311134338378906,-4.12103271484375,False,False
apps_python_40,z,-0.072992700729927,-0.021897810218978103,-0.051094890510948905,-4.592315673828125,-4.373268127441406,False,False
codecontests_cpp_40,q,0.06808510638297872,-0.16595744680851063,0.23404255319148937,-3.41680908203125,-4.27410888671875,False,False
codecontests_cpp_40,k,0.07234042553191489,0.0,0.07234042553191489,-3.401153564453125,-3.669281005859375,False,False
codecontests_cpp_40,v,0.03829787234042553,0.00851063829787234,0.029787234042553193,-3.52587890625,-3.6381378173828125,False,False
codecontests_cpp_40,z,-0.08936170212765958,-0.1148936170212766,0.02553191489361702,-3.995635986328125,-4.0899658203125,False,False
codecontests_java_40,q,-0.0736196319018405,-0.03067484662576687,-0.04294478527607362,-5.468441009521484,-5.249092102050781,False,False
codecontests_java_40,k,0.07975460122699386,0.018404907975460124,0.06134969325153374,-4.685813903808594,-4.999263763427734,False,False
codecontests_java_40,v,0.07975460122699386,0.17177914110429449,-0.09202453987730061,-4.6845703125,-4.211944580078125,False,False
codecontests_java_40,z,0.17177914110429449,0.2392638036809816,-0.06748466257668712,-4.21343994140625,-3.86724853515625,False,False
codecontests_cpp_41,q,-0.22988505747126436,-0.3160919540229885,0.08620689655172414,-3.33135986328125,-3.535888671875,False,False
codecontests_cpp_41,k,-0.43103448275862066,-0.28160919540229884,-0.14942528735632185,-3.845703125,-3.4630126953125,False,False
codecontests_cpp_41,v,-0.5172413793103449,-0.19540229885057472,-0.3218390804597701,-4.077880859375,-3.23651123046875,False,False
codecontests_cpp_41,z,-0.3735632183908046,-0.5172413793103449,0.14367816091954022,-3.703369140625,-4.076904296875,False,False
codecontests_java_41,q,0.12154696132596685,0.11602209944751381,0.0055248618784530384,-4.968598365783691,-4.998741149902344,False,False
codecontests_java_41,k,0.08839779005524862,0.0,0.08839779005524862,-5.1537628173828125,-5.656639099121094,False,False
codecontests_java_41,v,0.09944751381215469,0.08839779005524862,0.011049723756906077,-5.093400955200195,-5.15350341796875,False,False
codecontests_java_41,z,0.16574585635359115,0.027624309392265192,0.13812154696132597,-4.7166748046875,-5.494903564453125,False,False
humaneval_python_41,q,0.17886178861788618,0.0,0.17886178861788618,-3.1514892578125,-3.8429412841796875,False,False
humaneval_python_41,k,0.09349593495934959,-0.06504065040650407,0.15853658536585366,-3.4835243225097656,-4.093101501464844,False,False
humaneval_python_41,v,0.0,-0.032520325203252036,0.032520325203252036,-3.8428001403808594,-3.9685897827148438,False,False
humaneval_python_41,z,0.08943089430894309,0.09349593495934959,-0.0040650406504065045,-3.4984893798828125,-3.483539581298828,False,False
codecontests_cpp_42,q,-0.2765957446808511,-0.16312056737588654,-0.11347517730496454,-5.6160888671875,-5.1214447021484375,False,False
codecontests_cpp_42,k,-0.11347517730496454,-0.1702127659574468,0.05673758865248227,-4.89892578125,-5.150421142578125,False,False
codecontests_cpp_42,v,-0.05673758865248227,-0.04964539007092199,-0.0070921985815602835,-4.6535797119140625,-4.6236114501953125,False,False
codecontests_cpp_42,z,-0.10638297872340426,-0.0070921985815602835,-0.09929078014184398,-4.873680114746094,-4.434783935546875,False,False
codecontests_java_42,q,0.13989637305699482,0.05699481865284974,0.08290155440414508,-5.18206787109375,-5.688327789306641,False,False
codecontests_java_42,k,-0.03626943005181347,-0.08290155440414508,0.046632124352331605,-6.24285888671875,-6.523712158203125,False,False
codecontests_java_42,v,-0.05699481865284974,-0.19170984455958548,0.13471502590673576,-6.3646240234375,-7.1846466064453125,False,False
codecontests_java_42,z,0.0051813471502590676,0.05699481865284974,-0.05181347150259067,-5.9972076416015625,-5.6875529289245605,False,False
humaneval_python_42,q,0.2342857142857143,0.10857142857142857,0.12571428571428572,-4.183502197265625,-4.8732147216796875,False,False
humaneval_python_42,k,0.14857142857142858,0.10857142857142857,0.04,-4.654335021972656,-4.872039794921875,False,False
humaneval_python_42,v,0.022857142857142857,0.10857142857142857,-0.08571428571428572,-5.342559814453125,-4.8715057373046875,False,False
humaneval_python_42,z,-0.045714285714285714,0.17142857142857143,-0.21714285714285714,-5.717906951904297,-4.527435302734375,False,False
mbpp_python_42,q,-0.33121019108280253,-0.025477707006369428,-0.3057324840764331,-3.2452392578125,-2.5111083984375,False,False
mbpp_python_42,k,-0.20382165605095542,-0.08280254777070063,-0.12101910828025478,-2.9400634765625,-2.655670166015625,False,False
mbpp_python_42,v,-0.18471337579617833,0.025477707006369428,-0.21019108280254778,-2.8765869140625,-2.38531494140625,False,False
mbpp_python_42,z,-0.08280254777070063,-0.050955414012738856,-0.03184713375796178,-2.6543731689453125,-2.575714111328125,False,False
apps_python_43,q,-0.09202453987730061,0.049079754601226995,-0.1411042944785276,-5.5609283447265625,-4.843257904052734,False,False
apps_python_43,k,0.0,0.049079754601226995,-0.049079754601226995,-5.093439102172852,-4.843231201171875,False,False
apps_python_43,v,0.024539877300613498,0.0736196319018405,-0.049079754601226995,-4.968017578125,-4.717002868652344,False,False
apps_python_43,z,-0.20245398773006135,0.0,-0.20245398773006135,-6.122589111328125,-5.093286514282227,False,False
codecontests_cpp_43,q,0.2222222222222222,0.10317460317460317,0.11904761904761904,-3.0479736328125,-3.525115966796875,False,False
codecontests_cpp_43,k,0.1111111111111111,0.15476190476190477,-0.04365079365079365,-3.49505615234375,-3.321807861328125,False,False
codecontests_cpp_43,v,0.2777777777777778,0.15476190476190477,0.12301587301587301,-2.8212890625,-3.320709228515625,False,False
codecontests_cpp_43,z,0.015873015873015872,0.13095238095238096,-0.11507936507936507,-3.86297607421875,-3.4134521484375,False,False
codecontests_java_43,q,-0.1337579617834395,-0.05732484076433121,-0.07643312101910828,-11.11474609375,-10.37298583984375,False,False
codecontests_java_43,k,0.06369426751592357,-0.15286624203821655,0.21656050955414013,-9.18304443359375,-11.30413818359375,False,False
codecontests_java_43,v,-0.10191082802547771,-0.09554140127388536,-0.006369426751592357,-10.806854248046875,-10.745635986328125,False,False
codecontests_java_43,z,-0.044585987261146494,-0.12101910828025478,0.07643312101910828,-10.2381591796875,-10.98193359375,False,False
apps_python_44,q,0.2727272727272727,0.0,0.2727272727272727,-1.86126708984375,-2.5778446197509766,False,False
apps_python_44,k,0.41515151515151516,0.18787878787878787,0.22727272727272727,-1.468017578125,-2.08447265625,False,False
apps_python_44,v,-0.11515151515151516,0.12121212121212122,-0.23636363636363636,-2.87408447265625,-2.262451171875,False,False
apps_python_44,z,0.12121212121212122,-0.2,0.3212121212121212,-2.2633056640625,-3.088958740234375,False,False
codecontests_cpp_44,q,-0.0893854748603352,-0.2569832402234637,0.16759776536312848,-3.0434417724609375,-3.50341796875,False,False
codecontests_cpp_44,k,-0.03910614525139665,-0.08379888268156424,0.0446927374301676,-2.9070358276367188,-3.0310144424438477,False,False
codecontests_cpp_44,v,0.2011173184357542,0.24022346368715083,-0.03910614525139665,-2.2235107421875,-2.10791015625,False,False
codecontests_cpp_44,z,-0.2122905027932961,0.00558659217877095,-0.21787709497206703,-3.381591796875,-2.781940460205078,False,False
codecontests_java_44,q,-0.25833333333333336,-0.13333333333333333,-0.125,-9.436992645263672,-8.497604370117188,False,False
codecontests_java_44,k,0.058333333333333334,-0.0375,0.09583333333333334,-7.05731201171875,-7.77734375,False,False
codecontests_java_44,v,0.04583333333333333,0.09166666666666666,-0.04583333333333333,-7.14434814453125,-6.80596923828125,False,False
codecontests_java_44,z,-0.075,-0.09166666666666666,0.016666666666666666,-8.0538330078125,-8.17657470703125,False,False
humaneval_python_44,q,0.1,0.1565217391304348,-0.05652173913043478,-3.2336158752441406,-3.027618408203125,False,False
humaneval_python_44,k,0.09565217391304348,0.06956521739130435,0.02608695652173913,-3.245025634765625,-3.3413238525390625,False,False
humaneval_python_44,v,-0.06086956521739131,-0.06086956521739131,0.0,-3.81195068359375,-3.8119544982910156,False,False
humaneval_python_44,z,-0.06086956521739131,0.034782608695652174,-0.09565217391304348,-3.8118896484375,-3.4687671661376953,False,False
codecontests_cpp_45,q,0.09803921568627451,0.2679738562091503,-0.16993464052287582,-4.3086700439453125,-3.4908447265625,False,False
codecontests_cpp_45,k,0.13725490196078433,0.08496732026143791,0.05228758169934641,-4.11688232421875,-4.36260986328125,False,False
codecontests_cpp_45,v,0.13071895424836602,0.12418300653594772,0.006535947712418301,-4.15179443359375,-4.186042785644531,False,False
codecontests_cpp_45,z,0.1895424836601307,0.2679738562091503,-0.0784313725490196,-3.868621826171875,-3.4908447265625,False,False
codecontests_java_45,q,-0.13157894736842105,-0.02631578947368421,-0.10526315789473684,-10.747894287109375,-9.748558044433594,False,False
codecontests_java_45,k,0.18092105263157895,0.13815789473684212,0.04276315789473684,-7.775848388671875,-8.184967041015625,False,False
codecontests_java_45,v,0.06578947368421052,0.06578947368421052,0.0,-8.8717041015625,-8.872665405273438,False,False
codecontests_java_45,z,0.039473684210526314,0.09210526315789473,-0.05263157894736842,-9.124563217163086,-8.621917724609375,False,False
apps_python_46,q,-0.005813953488372093,0.023255813953488372,-0.029069767441860465,-5.402252197265625,-5.248680114746094,False,False
apps_python_46,k,0.20348837209302326,0.09883720930232558,0.10465116279069768,-4.270751953125,-4.830810546875,False,False
apps_python_46,v,0.09883720930232558,0.09883720930232558,0.0,-4.83514404296875,-4.8310546875,False,False
apps_python_46,z,-0.040697674418604654,0.11046511627906977,-0.1511627906976744,-5.592868804931641,-4.7801055908203125,False,False
codecontests_cpp_46,q,0.02040816326530612,0.08163265306122448,-0.061224489795918366,-6.000349044799805,-5.623512268066406,False,False
codecontests_cpp_46,k,0.05612244897959184,-0.00510204081632653,0.061224489795918366,-5.776397705078125,-6.151641845703125,False,False
codecontests_cpp_46,v,0.07653061224489796,-0.04591836734693878,0.12244897959183673,-5.6531524658203125,-6.40252685546875,False,False
codecontests_cpp_46,z,-0.10204081632653061,-0.015306122448979591,-0.08673469387755102,-6.748931884765625,-6.218040466308594,False,False
codecontests_java_46,q,-0.03111111111111111,-0.0044444444444444444,-0.02666666666666667,-14.496429443359375,-14.11859130859375,False,False
codecontests_java_46,k,0.12444444444444444,0.12,0.0044444444444444444,-12.311164855957031,-12.37249755859375,False,False
codecontests_java_46,v,0.013333333333333334,0.04888888888888889,-0.035555555555555556,-13.8699951171875,-13.368499755859375,False,False
codecontests_java_46,z,0.03111111111111111,-0.035555555555555556,0.06666666666666667,-13.61358642578125,-14.560134887695312,False,False
apps_python_47,q,0.03496503496503497,0.08391608391608392,-0.04895104895104895,-4.310516357421875,-4.09173583984375,False,False
apps_python_47,k,0.2727272727272727,0.22727272727272727,0.045454545454545456,-3.2447509765625,-3.44537353515625,False,False
apps_python_47,v,0.3181818181818182,0.22727272727272727,0.09090909090909091,-3.0382080078125,-3.4498291015625,False,False
apps_python_47,z,0.23426573426573427,0.18181818181818182,0.05244755244755245,-3.4180450439453125,-3.6536407470703125,False,False
codecontests_cpp_47,q,0.18994413407821228,0.3463687150837989,-0.1564245810055866,-2.257568359375,-1.795166015625,False,False
codecontests_cpp_47,k,0.45251396648044695,0.30726256983240224,0.1452513966480447,-1.466796875,-1.9105224609375,False,False
codecontests_cpp_47,v,0.6452513966480447,0.7011173184357542,-0.055865921787709494,-0.806640625,-0.591796875,False,False
codecontests_cpp_47,z,0.5139664804469274,0.30726256983240224,0.20670391061452514,-1.26806640625,-1.912353515625,False,False
codecontests_java_47,q,0.005813953488372093,-0.06395348837209303,0.06976744186046512,-10.6790771484375,-11.426513671875,False,False
codecontests_java_47,k,0.0755813953488372,0.040697674418604654,0.03488372093023256,-9.92333984375,-10.29974365234375,False,False
codecontests_java_47,v,0.13372093023255813,0.1511627906976744,-0.01744186046511628,-9.30328369140625,-9.117279052734375,False,False
codecontests_java_47,z,0.011627906976744186,-0.0755813953488372,0.0872093023255814,-10.61572265625,-11.553466796875,False,False
humaneval_python_47,q,0.08791208791208792,0.03296703296703297,0.054945054945054944,-5.186603546142578,-5.500063896179199,False,False
humaneval_python_47,k,0.054945054945054944,0.08791208791208792,-0.03296703296703297,-5.3726959228515625,-5.18739128112793,False,False
humaneval_python_47,v,0.14285714285714285,0.21978021978021978,-0.07692307692307693,-4.874198913574219,-4.4351959228515625,False,False
humaneval_python_47,z,0.03296703296703297,0.07142857142857142,-0.038461538461538464,-5.500251770019531,-5.281076431274414,False,False
apps_python_48,q,-0.08287292817679558,-0.04419889502762431,-0.03867403314917127,-6.12310791015625,-5.906000137329102,False,False
apps_python_48,k,-0.14917127071823205,-0.1270718232044199,-0.022099447513812154,-6.4973907470703125,-6.3727264404296875,False,False
apps_python_48,v,-0.2154696132596685,-0.27624309392265195,0.06077348066298342,-6.8623046875,-7.2093505859375,False,False
apps_python_48,z,0.03867403314917127,-0.10497237569060773,0.143646408839779,-5.436225891113281,-6.248527526855469,False,False
codecontests_cpp_48,q,0.17777777777777778,0.05,0.12777777777777777,-4.623046875,-5.344413757324219,False,False
codecontests_cpp_48,k,0.022222222222222223,0.022222222222222223,0.0,-5.500675201416016,-5.500356674194336,False,False
codecontests_cpp_48,v,-0.06111111111111111,-0.016666666666666666,-0.044444444444444446,-5.970436096191406,-5.719749450683594,False,False
codecontests_cpp_48,z,-0.09444444444444444,-0.12222222222222222,0.027777777777777776,-6.155609130859375,-6.312206268310547,False,False
codecontests_java_48,q,0.046875,-0.020833333333333332,0.06770833333333333,-11.436996459960938,-12.247970581054688,False,False
codecontests_java_48,k,-0.015625,0.0,-0.015625,-12.185707092285156,-11.9940185546875,False,False
codecontests_java_48,v,0.0625,0.08854166666666667,-0.026041666666666668,-11.2490234375,-10.933502197265625,False,False
codecontests_java_48,z,0.09375,0.08333333333333333,0.010416666666666666,-10.867950439453125,-10.996322631835938,False,False
apps_python_49,q,0.09554140127388536,0.12738853503184713,-0.03184713375796178,-2.2162017822265625,-2.1385040283203125,False,False
apps_python_49,k,0.16560509554140126,0.10191082802547771,0.06369426751592357,-2.0431671142578125,-2.2018051147460938,False,False
apps_python_49,v,0.006369426751592357,0.07006369426751592,-0.06369426751592357,-2.4347381591796875,-2.2796630859375,False,False
apps_python_49,z,0.025477707006369428,0.06369426751592357,-0.03821656050955414,-2.3885650634765625,-2.2943267822265625,False,False
codecontests_cpp_49,q,0.1164021164021164,0.19047619047619047,-0.07407407407407407,-2.6065826416015625,-2.38031005859375,False,False
codecontests_cpp_49,k,0.031746031746031744,0.25925925925925924,-0.2275132275132275,-2.8581924438476562,-2.1619873046875,False,False
codecontests_cpp_49,v,0.07407407407407407,0.15343915343915343,-0.07936507936507936,-2.7332000732421875,-2.493988037109375,False,False
codecontests_cpp_49,z,0.30158730158730157,0.26455026455026454,0.037037037037037035,-2.0302734375,-2.1483154296875,False,False
codecontests_java_49,q,-0.11538461538461539,0.019230769230769232,-0.1346153846153846,-10.866455078125,-9.56161117553711,False,False
codecontests_java_49,k,0.11538461538461539,0.0,0.11538461538461539,-8.622100830078125,-9.749080657958984,False,False
codecontests_java_49,v,0.038461538461538464,0.02564102564102564,0.01282051282051282,-9.3720703125,-9.499134063720703,False,False
codecontests_java_49,z,0.12179487179487179,0.17307692307692307,-0.05128205128205128,-8.554779052734375,-8.04791259765625,False,False
codecontests_cpp_50,q,0.08609271523178808,-0.013245033112582781,0.09933774834437085,-4.3104248046875,-4.779930114746094,False,False
codecontests_cpp_50,k,0.304635761589404,0.25496688741721857,0.04966887417218543,-3.26654052734375,-3.50860595703125,False,False
codecontests_cpp_50,v,0.26158940397350994,0.16225165562913907,0.09933774834437085,-3.467529296875,-3.947845458984375,False,False
codecontests_cpp_50,z,0.22847682119205298,0.22847682119205298,0.0,-3.634063720703125,-3.63446044921875,False,False
codecontests_java_50,q,-0.023696682464454975,0.0,-0.023696682464454975,-6.748817443847656,-6.59360408782959,False,False
codecontests_java_50,k,0.3127962085308057,0.24170616113744076,0.07109004739336493,-4.525970458984375,-4.99725341796875,False,False
codecontests_java_50,v,0.12796208530805686,0.26066350710900477,-0.13270142180094788,-5.748466491699219,-4.8709716796875,False,False
codecontests_java_50,z,0.13270142180094788,-0.04739336492890995,0.18009478672985782,-5.717521667480469,-6.899078369140625,False,False
apps_python_51,q,0.12751677852348994,-0.04697986577181208,0.174496644295302,-4.059783935546875,-4.873741149902344,False,False
apps_python_51,k,0.12751677852348994,0.053691275167785234,0.0738255033557047,-4.060699462890625,-4.406033515930176,False,False
apps_python_51,v,0.12751677852348994,0.15100671140939598,-0.02348993288590604,-4.059722900390625,-3.9509124755859375,False,False
apps_python_51,z,0.026845637583892617,0.026845637583892617,0.0,-4.530738830566406,-4.5307159423828125,False,False
codecontests_java_51,q,-0.1067193675889328,-0.2015810276679842,0.09486166007905138,-8.748313903808594,-9.498748779296875,False,False
codecontests_java_51,k,0.1225296442687747,0.11067193675889328,0.011857707509881422,-6.935600280761719,-7.030582427978516,False,False
codecontests_java_51,v,-0.05928853754940711,-0.1857707509881423,0.12648221343873517,-8.373954772949219,-9.373420715332031,False,False
codecontests_java_51,z,-0.14624505928853754,-0.1383399209486166,-0.007905138339920948,-9.060150146484375,-8.999137878417969,False,False
codecontests_cpp_52,q,-0.3103448275862069,-0.20689655172413793,-0.10344827586206896,-2.06524658203125,-1.90673828125,False,False
codecontests_cpp_52,k,0.009852216748768473,-0.3399014778325123,0.3497536945812808,-1.56292724609375,-2.104248046875,False,False
codecontests_cpp_52,v,-0.32019704433497537,-0.18719211822660098,-0.1330049261083744,-2.0775146484375,-1.876190185546875,False,False
codecontests_cpp_52,z,-0.4482758620689655,-0.12807881773399016,-0.32019704433497537,-2.2664794921875,-1.7867889404296875,False,False
codecontests_java_52,q,-0.03431372549019608,-0.049019607843137254,0.014705882352941176,-6.589996337890625,-6.681915283203125,False,False
codecontests_java_52,k,0.1715686274509804,0.1568627450980392,0.014705882352941176,-5.279502868652344,-5.359130859375,False,False
codecontests_java_52,v,0.23039215686274508,0.22058823529411764,0.00980392156862745,-4.89434814453125,-4.965728759765625,False,False
codecontests_java_52,z,0.23039215686274508,0.2696078431372549,-0.0392156862745098,-4.890380859375,-4.6348876953125,False,False
apps_python_53,q,0.17708333333333334,0.052083333333333336,0.125,-4.9368438720703125,-5.68341064453125,False,False
apps_python_53,k,0.03125,0.03125,0.0,-5.79949951171875,-5.80023193359375,False,False
apps_python_53,v,0.036458333333333336,0.06770833333333333,-0.03125,-5.7777557373046875,-5.58367919921875,False,False
apps_python_53,z,0.08854166666666667,0.15104166666666666,-0.0625,-5.461273193359375,-5.0887451171875,False,False
codecontests_cpp_53,q,-0.1076923076923077,-0.15384615384615385,0.046153846153846156,-2.24676513671875,-2.33819580078125,False,False
codecontests_cpp_53,k,-0.38461538461538464,-0.6692307692307692,0.2846153846153846,-2.783203125,-3.31884765625,False,False
codecontests_cpp_53,v,-0.7230769230769231,-0.5461538461538461,-0.17692307692307693,-3.42041015625,-3.089599609375,False,False
codecontests_cpp_53,z,-0.1076923076923077,-0.15384615384615385,0.046153846153846156,-2.24725341796875,-2.337493896484375,False,False
codecontests_java_53,q,0.0045871559633027525,-0.03669724770642202,0.04128440366972477,-6.7813873291015625,-7.062875747680664,False,False
codecontests_java_53,k,-0.03669724770642202,0.0779816513761468,-0.11467889908256881,-7.056976318359375,-6.280548095703125,False,False
codecontests_java_53,v,-0.2018348623853211,-0.03211009174311927,-0.16972477064220184,-8.180938720703125,-7.031018257141113,False,False
codecontests_java_53,z,0.14678899082568808,0.12844036697247707,0.01834862385321101,-5.8093109130859375,-5.933990478515625,False,False
apps_python_54,q,0.17989417989417988,0.2275132275132275,-0.047619047619047616,-2.41107177734375,-2.2694091796875,False,False
apps_python_54,k,0.25925925925925924,0.25396825396825395,0.005291005291005291,-2.17041015625,-2.18212890625,False,False
apps_python_54,v,0.291005291005291,0.328042328042328,-0.037037037037037035,-2.0662841796875,-1.9501953125,False,False
apps_python_54,z,0.031746031746031744,-0.08465608465608465,0.1164021164021164,-2.852783203125,-3.198699951171875,False,False
codecontests_java_54,q,0.2803030303030303,0.04924242424242424,0.23106060606060605,-1.4501953125,-1.95855712890625,False,False
codecontests_java_54,k,-0.22727272727272727,0.42045454545454547,-0.6477272727272727,-2.5115966796875,-1.10986328125,False,False
codecontests_java_54,v,0.0946969696969697,0.14393939393939395,-0.04924242424242424,-1.86102294921875,-1.75494384765625,False,False
codecontests_java_54,z,0.2537878787878788,0.2196969696969697,0.03409090909090909,-1.51611328125,-1.5926513671875,False,False
mbpp_python_54,q,0.007352941176470588,0.13602941176470587,-0.12867647058823528,-4.218227386474609,-3.66900634765625,False,False
mbpp_python_54,k,0.029411764705882353,0.058823529411764705,-0.029411764705882353,-4.12408447265625,-3.998077392578125,False,False
mbpp_python_54,v,0.10661764705882353,0.029411764705882353,0.07720588235294118,-3.7952880859375,-4.123893737792969,False,False
mbpp_python_54,z,0.058823529411764705,-0.022058823529411766,0.08088235294117647,-3.9986801147460938,-4.341796875,False,False
codecontests_java_55,q,-0.24691358024691357,-0.22839506172839505,-0.018518518518518517,-6.30023193359375,-6.2113037109375,False,False
codecontests_java_55,k,0.024691358024691357,0.08024691358024691,-0.05555555555555555,-4.93353271484375,-4.650604248046875,False,False
codecontests_java_55,v,-0.24691358024691357,-0.006172839506172839,-0.24074074074074073,-6.2911376953125,-5.0709228515625,False,False
codecontests_java_55,z,-0.08641975308641975,-0.1419753086419753,0.05555555555555555,-5.49139404296875,-5.77166748046875,False,False
mbpp_python_55,q,0.11570247933884298,0.024793388429752067,0.09090909090909091,-3.3388671875,-3.6853485107421875,False,False
mbpp_python_55,k,0.024793388429752067,0.1446280991735537,-0.11983471074380166,-3.684722900390625,-3.22528076171875,False,False
mbpp_python_55,v,-0.05785123966942149,0.0,-0.05785123966942149,-3.9983978271484375,-3.781108856201172,False,False
mbpp_python_55,z,-0.0371900826446281,0.08677685950413223,-0.12396694214876033,-3.9198150634765625,-3.4505767822265625,False,False
codecontests_cpp_56,q,-0.017142857142857144,-0.05714285714285714,0.04,-5.5624812841415405,-5.781059265136719,False,False
codecontests_cpp_56,k,0.045714285714285714,-0.06285714285714286,0.10857142857142857,-5.218132019042969,-5.810569763183594,False,False
codecontests_cpp_56,v,0.06857142857142857,0.04,0.02857142857142857,-5.0908050537109375,-5.248786926269531,False,False
codecontests_cpp_56,z,0.02857142857142857,0.04,-0.011428571428571429,-5.3114776611328125,-5.248931884765625,False,False
codecontests_java_56,q,-0.2108843537414966,-0.11564625850340136,-0.09523809523809523,-11.120880126953125,-10.2413330078125,False,False
codecontests_java_56,k,0.14965986394557823,0.08843537414965986,0.061224489795918366,-7.7906494140625,-8.360107421875,False,False
codecontests_java_56,v,0.22448979591836735,0.18027210884353742,0.04421768707482993,-7.113525390625,-7.5115966796875,False,False
codecontests_java_56,z,-0.04081632653061224,-0.04081632653061224,0.0,-9.555816650390625,-9.560646057128906,False,False
codecontests_cpp_57,q,0.04782608695652174,-0.017391304347826087,0.06521739130434782,-6.84161376953125,-7.310813903808594,False,False
codecontests_cpp_57,k,0.16521739130434782,0.18695652173913044,-0.021739130434782608,-5.9978790283203125,-5.839813232421875,False,False
codecontests_cpp_57,v,-0.021739130434782608,0.08260869565217391,-0.10434782608695652,-7.338958740234375,-6.593650817871094,False,False
codecontests_cpp_57,z,0.0782608695652174,0.030434782608695653,0.04782608695652174,-6.6190185546875,-6.968009948730469,False,False
codecontests_java_57,q,-0.047058823529411764,0.07058823529411765,-0.11764705882352941,-11.123153686523438,-9.873748779296875,False,False
codecontests_java_57,k,0.19411764705882353,0.10588235294117647,0.08823529411764706,-8.55938720703125,-9.495330810546875,False,False
codecontests_java_57,v,0.07058823529411765,0.10588235294117647,-0.03529411764705882,-9.873359680175781,-9.498519897460938,False,False
codecontests_java_57,z,0.1,0.07058823529411765,0.029411764705882353,-9.559234619140625,-9.871932983398438,False,False
apps_python_58,q,0.14102564102564102,0.057692307692307696,0.08333333333333333,-2.087066650390625,-2.291473388671875,False,False
apps_python_58,k,-0.10256410256410256,0.18269230769230768,-0.28525641025641024,-2.68121337890625,-1.97265625,False,False
apps_python_58,v,-0.23076923076923078,0.30128205128205127,-0.532051282051282,-2.994049072265625,-1.66650390625,False,False
apps_python_58,z,-0.3141025641025641,-0.16666666666666666,-0.14743589743589744,-3.19488525390625,-2.8401031494140625,False,False
codecontests_java_58,q,-0.13304721030042918,-0.004291845493562232,-0.12875536480686695,-8.2467041015625,-7.30999755859375,False,False
codecontests_java_58,k,0.24892703862660945,0.33047210300429186,-0.0815450643776824,-5.46441650390625,-4.8623046875,False,False
codecontests_java_58,v,-0.034334763948497854,0.13304721030042918,-0.16738197424892703,-7.5240478515625,-6.30865478515625,False,False
codecontests_java_58,z,0.008583690987124463,0.030042918454935622,-0.02145922746781116,-7.2177886962890625,-7.059661865234375,False,False
apps_python_59,q,0.11170212765957446,-0.18085106382978725,0.2925531914893617,-2.60736083984375,-3.464935302734375,False,False
apps_python_59,k,-0.03723404255319149,0.03723404255319149,-0.07446808510638298,-3.0468748807907104,-2.8279571533203125,False,False
apps_python_59,v,-0.10638297872340426,-0.10638297872340426,0.0,-3.248687744140625,-3.248504638671875,False,False
apps_python_59,z,-0.14361702127659576,0.07446808510638298,-0.21808510638297873,-3.356414794921875,-2.7176055908203125,False,False
apps_python_60,q,0.0,0.0,0.0,-7.55902099609375,-7.558135986328125,False,False
apps_python_60,k,-0.04132231404958678,0.012396694214876033,-0.05371900826446281,-7.873863220214844,-7.466033935546875,False,False
apps_python_60,v,-0.02066115702479339,-0.1487603305785124,0.128099173553719,-7.71173095703125,-8.68109130859375,False,False
apps_python_60,z,0.07851239669421488,-0.10743801652892562,0.1859504132231405,-6.9661712646484375,-8.372314453125,False,False
codecontests_java_60,q,-0.1791907514450867,-0.08092485549132948,-0.09826589595375723,-6.3718109130859375,-5.837646484375,False,False
codecontests_java_60,k,-0.09248554913294797,0.028901734104046242,-0.12138728323699421,-5.90362548828125,-5.244659423828125,False,False
codecontests_java_60,v,-0.06936416184971098,0.20809248554913296,-0.2774566473988439,-5.778594970703125,-4.26513671875,False,False
codecontests_java_60,z,-0.017341040462427744,0.07514450867052024,-0.09248554913294797,-5.4978485107421875,-4.99029541015625,False,False
humaneval_python_60,q,0.34196891191709844,0.14507772020725387,0.19689119170984457,-3.9490966796875,-5.150634765625,False,False
humaneval_python_60,k,0.24352331606217617,0.18134715025906736,0.06217616580310881,-4.54833984375,-4.931396484375,False,False
humaneval_python_60,v,0.29015544041450775,0.10880829015544041,0.18134715025906736,-4.248046875,-5.369842529296875,False,False
humaneval_python_60,z,0.2694300518134715,0.30569948186528495,-0.03626943005181347,-4.37451171875,-4.17041015625,False,False
codecontests_java_61,q,0.028169014084507043,0.035211267605633804,-0.007042253521126761,-4.310859680175781,-4.280323028564453,False,False
codecontests_java_61,k,-0.02112676056338028,-0.028169014084507043,0.007042253521126761,-4.529975891113281,-4.561763763427734,False,False
codecontests_java_61,v,0.16549295774647887,0.16901408450704225,-0.0035211267605633804,-3.697601318359375,-3.682769775390625,False,False
codecontests_java_61,z,0.16901408450704225,0.035211267605633804,0.13380281690140844,-3.6817626953125,-4.2791595458984375,False,False
mbpp_python_61,q,0.06557377049180328,0.12295081967213115,-0.05737704918032787,-3.561767578125,-3.33929443359375,False,False
mbpp_python_61,k,-0.07377049180327869,0.06967213114754098,-0.14344262295081966,-4.088897705078125,-3.546995162963867,False,False
mbpp_python_61,v,-0.22131147540983606,-0.14754098360655737,-0.07377049180327869,-4.651458740234375,-4.37213134765625,False,False
mbpp_python_61,z,-0.02459016393442623,0.09836065573770492,-0.12295081967213115,-3.906618118286133,-3.4357757568359375,False,False
codecontests_cpp_62,q,0.15846994535519127,0.22950819672131148,-0.07103825136612021,-2.39984130859375,-2.186767578125,False,False
codecontests_cpp_62,k,0.0,0.07650273224043716,-0.07650273224043716,-2.8590240478515625,-2.6382904052734375,False,False
codecontests_cpp_62,v,-0.3825136612021858,-0.33879781420765026,-0.04371584699453552,-3.9276123046875,-3.8062744140625,False,False
codecontests_cpp_62,z,-0.2568306010928962,-0.17486338797814208,-0.08196721311475409,-3.577392578125,-3.34844970703125,False,False
codecontests_java_62,q,-0.02962962962962963,0.1,-0.12962962962962962,-8.6851806640625,-7.589630126953125,False,False
codecontests_java_62,k,-0.037037037037037035,0.014814814814814815,-0.05185185185185185,-8.742523193359375,-8.30767822265625,False,False
codecontests_java_62,v,-0.14074074074074075,0.05925925925925926,-0.2,-9.62078857421875,-7.9348907470703125,False,False
codecontests_java_62,z,-0.014814814814814815,-0.014814814814814815,0.0,-8.560348510742188,-8.561477661132812,False,False
codecontests_cpp_63,q,0.10747663551401869,0.10747663551401869,0.0,-5.966766357421875,-5.9667205810546875,False,False
codecontests_cpp_63,k,0.10747663551401869,0.02336448598130841,0.08411214953271028,-5.96551513671875,-6.52520751953125,False,False
codecontests_cpp_63,v,0.1308411214953271,0.0514018691588785,0.0794392523364486,-5.806610107421875,-6.3425140380859375,False,False
codecontests_cpp_63,z,-0.056074766355140186,0.018691588785046728,-0.07476635514018691,-7.062171936035156,-6.562219619750977,False,False
codecontests_java_63,q,-0.020689655172413793,0.04827586206896552,-0.06896551724137931,-9.247329711914062,-8.620758056640625,False,False
codecontests_java_63,k,0.2206896551724138,0.12413793103448276,0.09655172413793103,-7.0576171875,-7.9332275390625,False,False
codecontests_java_63,v,0.1896551724137931,0.19310344827586207,-0.0034482758620689655,-7.3399200439453125,-7.3090972900390625,False,False
codecontests_java_63,z,0.1413793103448276,0.006896551724137931,0.13448275862068965,-7.77093505859375,-8.996063232421875,False,False
apps_python_64,q,0.0967741935483871,0.053763440860215055,0.043010752688172046,-5.2477874755859375,-5.4963836669921875,False,False
apps_python_64,k,0.05913978494623656,-0.07526881720430108,0.13440860215053763,-5.4662933349609375,-6.2459716796875,False,False
apps_python_64,v,-0.05913978494623656,0.026881720430107527,-0.08602150537634409,-6.1538543701171875,-5.64263916015625,False,False
apps_python_64,z,0.11290322580645161,0.03225806451612903,0.08064516129032258,-5.148468017578125,-5.62139892578125,False,False
codecontests_cpp_64,q,-0.20125786163522014,-0.2389937106918239,0.03773584905660377,-2.97308349609375,-3.0643310546875,False,False
codecontests_cpp_64,k,-0.06289308176100629,-0.11320754716981132,0.050314465408805034,-2.63629150390625,-2.7593994140625,False,False
codecontests_cpp_64,v,-0.29559748427672955,-0.031446540880503145,-0.2641509433962264,-3.189697265625,-2.5607681274414062,False,False
codecontests_cpp_64,z,-0.22012578616352202,-0.1069182389937107,-0.11320754716981132,-3.01837158203125,-2.74566650390625,False,False
codecontests_java_64,q,-0.38071065989847713,-0.08121827411167512,-0.29949238578680204,-4.22705078125,-3.324432373046875,False,False
codecontests_java_64,k,0.07614213197969544,0.0,0.07614213197969544,-2.841552734375,-3.0771255493164062,False,False
codecontests_java_64,v,-0.17766497461928935,-0.07106598984771574,-0.1065989847715736,-3.617431640625,-3.2957229614257812,False,False
codecontests_java_64,z,-0.23857868020304568,-0.350253807106599,0.1116751269035533,-3.799560546875,-4.124755859375,False,False
humaneval_python_64,q,-0.08080808080808081,-0.010101010101010102,-0.0707070707070707,-3.3418045043945312,-3.121429443359375,False,False
humaneval_python_64,k,-0.36363636363636365,-0.23737373737373738,-0.12626262626262627,-4.199462890625,-3.8173828125,False,False
humaneval_python_64,v,-0.32323232323232326,-0.2777777777777778,-0.045454545454545456,-4.07867431640625,-3.94140625,False,False
humaneval_python_64,z,-0.12626262626262627,-0.08080808080808081,-0.045454545454545456,-3.47857666015625,-3.3417205810546875,False,False
codecontests_cpp_65,q,0.16447368421052633,0.05263157894736842,0.1118421052631579,-3.9651336669921875,-4.500823974609375,False,False
codecontests_cpp_65,k,0.2598684210526316,0.23684210526315788,0.023026315789473683,-3.5062255859375,-3.6173095703125,False,False
codecontests_cpp_65,v,-0.24342105263157895,-0.05921052631578947,-0.18421052631578946,-5.89239501953125,-5.02142333984375,False,False
codecontests_cpp_65,z,0.06578947368421052,0.013157894736842105,0.05263157894736842,-4.433868408203125,-4.6842498779296875,False,False
codecontests_java_65,q,0.017857142857142856,-0.013392857142857142,0.03125,-6.873741149902344,-7.092010498046875,False,False
codecontests_java_65,k,-0.008928571428571428,-0.11160714285714286,0.10267857142857142,-7.059478759765625,-7.7776947021484375,False,False
codecontests_java_65,v,-0.07142857142857142,-0.16964285714285715,0.09821428571428571,-7.4965362548828125,-8.185104370117188,False,False
codecontests_java_65,z,0.13392857142857142,0.13392857142857142,0.0,-6.058746337890625,-6.054443359375,False,False
codecontests_cpp_66,q,0.16033755274261605,0.189873417721519,-0.029535864978902954,-3.0985107421875,-2.994415283203125,False,False
codecontests_cpp_66,k,0.2869198312236287,0.08016877637130802,0.20675105485232068,-2.6207275390625,-3.396484375,False,False
codecontests_cpp_66,v,0.3459915611814346,0.270042194092827,0.0759493670886076,-2.396484375,-2.6845703125,False,False
codecontests_cpp_66,z,0.18565400843881857,0.2742616033755274,-0.08860759493670886,-3.009735107421875,-2.6722412109375,False,False
codecontests_java_66,q,-0.17117117117117117,-0.02252252252252252,-0.14864864864864866,-8.11700439453125,-7.08642578125,False,False
codecontests_java_66,k,0.4144144144144144,0.21171171171171171,0.20270270270270271,-4.032958984375,-5.43603515625,False,False
codecontests_java_66,v,0.11711711711711711,0.19369369369369369,-0.07657657657657657,-6.123725891113281,-5.58294677734375,False,False
codecontests_java_66,z,0.13963963963963963,0.013513513513513514,0.12612612612612611,-5.9672393798828125,-6.8358154296875,False,False
codecontests_java_67,q,0.11290322580645161,-0.03225806451612903,0.14516129032258066,-5.1531219482421875,-5.9920654296875,False,False
codecontests_java_67,k,-0.053763440860215055,0.05913978494623656,-0.11290322580645161,-6.1065673828125,-5.45947265625,False,False
codecontests_java_67,v,-0.005376344086021506,-0.026881720430107527,0.021505376344086023,-5.842803955078125,-5.968863010406494,False,False
codecontests_java_67,z,0.053763440860215055,-0.03763440860215054,0.0913978494623656,-5.4978179931640625,-6.02374267578125,False,False
codecontests_cpp_68,q,0.04081632653061224,0.1360544217687075,-0.09523809523809523,-4.398193359375,-3.9647216796875,False,False
codecontests_cpp_68,k,0.21428571428571427,0.08163265306122448,0.1326530612244898,-3.59527587890625,-4.2103271484375,False,False
codecontests_cpp_68,v,0.17006802721088435,0.06802721088435375,0.10204081632653061,-3.79949951171875,-4.27374267578125,False,False
codecontests_cpp_68,z,0.06802721088435375,0.013605442176870748,0.05442176870748299,-4.274444580078125,-4.51934814453125,False,False
apps_python_69,q,-0.0048543689320388345,0.07766990291262135,-0.0825242718446602,-3.2330398559570312,-2.963531494140625,False,False
apps_python_69,k,0.11165048543689321,0.1553398058252427,-0.043689320388349516,-2.856964111328125,-2.708740234375,False,False
apps_python_69,v,0.1407766990291262,0.0825242718446602,0.05825242718446602,-2.760772705078125,-2.9508514404296875,False,False
apps_python_69,z,-0.02912621359223301,-0.09223300970873786,0.06310679611650485,-3.3120365142822266,-3.513641357421875,False,False
codecontests_cpp_69,q,0.03553299492385787,0.06091370558375635,-0.025380710659898477,-2.969219207763672,-2.8892440795898438,False,False
codecontests_cpp_69,k,-0.10152284263959391,0.12690355329949238,-0.22842639593908629,-3.386322021484375,-2.683441162109375,False,False
codecontests_cpp_69,v,-0.02030456852791878,0.09644670050761421,-0.116751269035533,-3.136627197265625,-2.779144287109375,False,False
codecontests_cpp_69,z,-0.27411167512690354,0.050761421319796954,-0.3248730964467005,-3.914794921875,-2.9181976318359375,False,False
codecontests_java_69,q,0.06578947368421052,0.1118421052631579,-0.046052631578947366,-8.873565673828125,-8.435745239257812,False,False
codecontests_java_69,k,0.19407894736842105,0.13815789473684212,0.05592105263157895,-7.650115966796875,-8.180816650390625,False,False
codecontests_java_69,v,0.09868421052631579,0.07236842105263158,0.02631578947368421,-8.561538696289062,-8.811111450195312,False,False
codecontests_java_69,z,0.23684210526315788,0.13157894736842105,0.10526315789473684,-7.24554443359375,-8.244964599609375,False,False
codecontests_cpp_70,q,-0.14893617021276595,-0.19148936170212766,0.0425531914893617,-2.0955810546875,-2.17669677734375,False,False
codecontests_cpp_70,k,-0.02127659574468085,0.01702127659574468,-0.03829787234042553,-1.854248046875,-1.798492431640625,False,False
codecontests_cpp_70,v,-0.3021276595744681,-0.17446808510638298,-0.1276595744680851,-2.37109375,-2.1385498046875,False,False
codecontests_cpp_70,z,0.07234042553191489,-0.3276595744680851,0.4,-1.696380615234375,-2.4112548828125,False,False
codecontests_java_70,q,-0.1437125748502994,-0.11976047904191617,-0.023952095808383235,-5.965087890625,-5.843074798583984,False,False
codecontests_java_70,k,0.4281437125748503,0.2694610778443114,0.15868263473053892,-2.95166015625,-3.8017578125,False,False
codecontests_java_70,v,0.023952095808383235,0.1377245508982036,-0.11377245508982035,-5.090850830078125,-4.496551513671875,False,False
codecontests_java_70,z,0.16167664670658682,0.11976047904191617,0.041916167664670656,-4.369964599609375,-4.5880126953125,False,False
codecontests_cpp_72,q,-0.023923444976076555,-0.05741626794258373,0.03349282296650718,-3.33367919921875,-3.4373779296875,False,False
codecontests_cpp_72,k,-0.1339712918660287,-0.14354066985645933,0.009569377990430622,-3.69476318359375,-3.72833251953125,False,False
codecontests_cpp_72,v,-0.37799043062200954,-0.07655502392344497,-0.3014354066985646,-4.4779052734375,-3.513214111328125,False,False
codecontests_cpp_72,z,-0.10526315789473684,-0.023923444976076555,-0.08133971291866028,-3.60369873046875,-3.33355712890625,False,False
codecontests_java_72,q,0.04878048780487805,0.006097560975609756,0.042682926829268296,-4.874217987060547,-5.094226837158203,False,False
codecontests_java_72,k,0.10365853658536585,0.09146341463414634,0.012195121951219513,-4.588958740234375,-4.6396484375,False,False
codecontests_java_72,v,0.11585365853658537,0.17073170731707318,-0.054878048780487805,-4.524566650390625,-4.24481201171875,False,False
codecontests_java_72,z,0.04878048780487805,0.04878048780487805,0.0,-4.869354248046875,-4.870208740234375,False,False
codecontests_cpp_73,q,0.23026315789473684,0.046052631578947366,0.18421052631578946,-3.64776611328125,-4.530544281005859,False,False
codecontests_cpp_73,k,0.25,0.05921052631578947,0.19078947368421054,-3.550537109375,-4.449951171875,False,False
codecontests_cpp_73,v,0.1513157894736842,0.13815789473684212,0.013157894736842105,-4.024078369140625,-4.0750732421875,False,False
codecontests_cpp_73,z,0.18092105263157895,0.18092105263157895,0.0,-3.883026123046875,-3.8800048828125,False,False
codecontests_java_73,q,0.0,-0.05925925925925926,0.05925925925925926,-8.434249877929688,-8.932281494140625,False,False
codecontests_java_73,k,0.1259259259259259,0.07037037037037037,0.05555555555555555,-7.3702392578125,-7.837921142578125,False,False
codecontests_java_73,v,0.17777777777777778,0.14074074074074075,0.037037037037037035,-6.931854248046875,-7.2476806640625,False,False
codecontests_java_73,z,-0.022222222222222223,0.0,-0.022222222222222223,-8.6195068359375,-8.43267822265625,False,False
apps_python_74,q,-0.06951871657754011,-0.10695187165775401,0.0374331550802139,-6.247344970703125,-6.4674835205078125,False,False
apps_python_74,k,0.03208556149732621,0.06951871657754011,-0.0374331550802139,-5.65399169921875,-5.4351348876953125,False,False
apps_python_74,v,0.12834224598930483,0.1497326203208556,-0.0213903743315508,-5.08349609375,-4.9658660888671875,False,False
apps_python_74,z,-0.026737967914438502,-0.10695187165775401,0.08021390374331551,-5.9966888427734375,-6.46575927734375,False,False
codecontests_cpp_74,q,-0.03980099502487562,0.07960199004975124,-0.11940298507462686,-6.529960632324219,-5.779899597167969,False,False
codecontests_cpp_74,k,0.23383084577114427,0.31343283582089554,-0.07960199004975124,-4.80670166015625,-4.30322265625,False,False
codecontests_cpp_74,v,0.05970149253731343,0.09950248756218906,-0.03980099502487562,-5.904914855957031,-5.654853820800781,False,False
codecontests_cpp_74,z,-0.01990049751243781,0.09950248756218906,-0.11940298507462686,-6.4035797119140625,-5.6536712646484375,False,False
codecontests_java_74,q,-0.10344827586206896,-0.03879310344827586,-0.06465517241379311,-7.998603820800781,-7.5273590087890625,False,False
codecontests_java_74,k,0.10344827586206896,-0.034482758620689655,0.13793103448275862,-6.4945068359375,-7.499141693115234,False,False
codecontests_java_74,v,0.05172413793103448,0.08620689655172414,-0.034482758620689655,-6.872406005859375,-6.6217803955078125,False,False
codecontests_java_74,z,0.034482758620689655,-0.1206896551724138,0.15517241379310345,-6.9947509765625,-8.124458312988281,False,False
humaneval_python_74,q,0.02702702702702703,0.06306306306306306,-0.036036036036036036,-6.749871253967285,-6.4988861083984375,False,False
humaneval_python_74,k,-0.08558558558558559,-0.14864864864864866,0.06306306306306306,-7.5288543701171875,-7.965728759765625,False,False
humaneval_python_74,v,0.009009009009009009,-0.04054054054054054,0.04954954954954955,-6.872589111328125,-7.213653564453125,False,False
humaneval_python_74,z,-0.009009009009009009,0.009009009009009009,-0.018018018018018018,-6.9976806640625,-6.86993408203125,False,False
apps_python_75,q,0.1278538812785388,-0.045662100456621,0.1735159817351598,-2.9661865234375,-3.575042724609375,False,False
apps_python_75,k,-0.0136986301369863,0.1598173515981735,-0.1735159817351598,-3.46575927734375,-2.8560791015625,False,False
apps_python_75,v,0.1506849315068493,0.1187214611872146,0.0319634703196347,-2.8966064453125,-3.00677490234375,False,False
apps_python_75,z,-0.0136986301369863,-0.1415525114155251,0.1278538812785388,-3.4656524658203125,-3.900543212890625,False,False
codecontests_cpp_75,q,-0.1411764705882353,-0.18823529411764706,0.047058823529411764,-6.03857421875,-6.308197021484375,False,False
codecontests_cpp_75,k,0.2235294117647059,0.0,0.2235294117647059,-4.117950439453125,-5.311855316162109,False,False
codecontests_cpp_75,v,0.2676470588235294,0.18823529411764706,0.07941176470588235,-3.87823486328125,-4.2904052734375,False,False
codecontests_cpp_75,z,0.4264705882352941,0.011764705882352941,0.4147058823529412,-3.019775390625,-5.244354248046875,False,False
codecontests_java_75,q,0.0673076923076923,0.04326923076923077,0.02403846153846154,-12.123580932617188,-12.436702728271484,False,False
codecontests_java_75,k,0.052884615384615384,0.10096153846153846,-0.04807692307692308,-12.310943603515625,-11.684341430664062,False,False
codecontests_java_75,v,-0.014423076923076924,0.08173076923076923,-0.09615384615384616,-13.184707641601562,-11.934356689453125,False,False
codecontests_java_75,z,0.03365384615384615,0.03365384615384615,0.0,-12.559616088867188,-12.560752868652344,False,False
apps_python_76,q,-0.30120481927710846,-0.22289156626506024,-0.0783132530120482,-3.36273193359375,-3.16326904296875,False,False
apps_python_76,k,-0.16265060240963855,-0.12650602409638553,-0.03614457831325301,-3.004638671875,-2.91986083984375,False,False
apps_python_76,v,-0.25301204819277107,-0.21084337349397592,-0.04216867469879518,-3.2386474609375,-3.134552001953125,False,False
apps_python_76,z,-0.12650602409638553,-0.1686746987951807,0.04216867469879518,-2.9191741943359375,-3.0274658203125,False,False
codecontests_java_76,q,0.06962025316455696,0.012658227848101266,0.056962025316455694,-4.5899810791015625,-4.872467041015625,False,False
codecontests_java_76,k,0.2721518987341772,0.20253164556962025,0.06962025316455696,-3.58074951171875,-3.921875,False,False
codecontests_java_76,v,0.13291139240506328,-0.05063291139240506,0.18354430379746836,-4.2747802734375,-5.186805725097656,False,False
codecontests_java_76,z,0.20253164556962025,0.20253164556962025,0.0,-3.9271240234375,-3.9241943359375,False,False
humaneval_python_76,q,0.05181347150259067,-0.046632124352331605,0.09844559585492228,-5.715576171875,-6.311611175537109,False,False
humaneval_python_76,k,0.15544041450777202,0.07772020725388601,0.07772020725388601,-5.0915374755859375,-5.562283515930176,False,False
humaneval_python_76,v,0.15544041450777202,0.20207253886010362,-0.046632124352331605,-5.0907745361328125,-4.80804443359375,False,False
humaneval_python_76,z,0.16062176165803108,0.13989637305699482,0.02072538860103627,-5.05743408203125,-5.180084228515625,False,False
apps_python_77,q,0.14349775784753363,0.11210762331838565,0.03139013452914798,-5.967658996582031,-6.180419921875,False,False
apps_python_77,k,0.07623318385650224,0.04035874439461883,0.03587443946188341,-6.4263916015625,-6.6840057373046875,False,False
apps_python_77,v,-0.08968609865470852,-0.11659192825112108,0.026905829596412557,-7.5912322998046875,-7.780353546142578,False,False
apps_python_77,z,0.08968609865470852,0.06278026905829596,0.026905829596412557,-6.343006134033203,-6.52508544921875,False,False
codecontests_cpp_77,q,0.2696629213483146,0.15168539325842698,0.11797752808988764,-4.056488037109375,-4.714080810546875,False,False
codecontests_cpp_77,k,0.28370786516853935,0.17415730337078653,0.10955056179775281,-3.9757080078125,-4.57879638671875,False,False
codecontests_cpp_77,v,0.06179775280898876,0.21348314606741572,-0.15168539325842698,-5.218583106994629,-4.372406005859375,False,False
codecontests_cpp_77,z,0.12359550561797752,0.03932584269662921,0.08426966292134831,-4.874214172363281,-5.343389511108398,False,False
codecontests_java_77,q,0.10980392156862745,0.08235294117647059,0.027450980392156862,-7.092315673828125,-7.312411785125732,False,False
codecontests_java_77,k,-0.09019607843137255,-0.07450980392156863,-0.01568627450980392,-8.683502197265625,-8.55133056640625,False,False
codecontests_java_77,v,0.12549019607843137,0.22745098039215686,-0.10196078431372549,-6.966880798339844,-6.156705856323242,False,False
codecontests_java_77,z,0.058823529411764705,-0.027450980392156862,0.08627450980392157,-7.49530029296875,-8.189323425292969,False,False
humaneval_python_78,q,0.24253731343283583,0.16417910447761194,0.07835820895522388,-3.16278076171875,-3.4982528686523438,False,False
humaneval_python_78,k,0.08582089552238806,0.2126865671641791,-0.12686567164179105,-3.8275680541992188,-3.2896728515625,False,False
humaneval_python_78,v,0.13805970149253732,0.09328358208955224,0.04477611940298507,-3.605072021484375,-3.7939300537109375,False,False
humaneval_python_78,z,0.22014925373134328,0.13805970149253732,0.08208955223880597,-3.259521484375,-3.6071929931640625,False,False
apps_python_79,q,-0.06666666666666667,0.03076923076923077,-0.09743589743589744,-6.500223159790039,-5.906210660934448,False,False
apps_python_79,k,-0.06666666666666667,-0.18974358974358974,0.12307692307692308,-6.499172210693359,-7.248710632324219,False,False
apps_python_79,v,0.06666666666666667,0.05128205128205128,0.015384615384615385,-5.687007904052734,-5.780342102050781,False,False
apps_python_79,z,0.05128205128205128,0.06666666666666667,-0.015384615384615385,-5.78089714050293,-5.686424255371094,False,False
codecontests_cpp_79,q,0.06296296296296296,0.08518518518518518,-0.022222222222222223,-3.950164794921875,-3.8571929931640625,False,False
codecontests_cpp_79,k,-0.02962962962962963,0.007407407407407408,-0.037037037037037035,-4.342094421386719,-4.1856842041015625,False,False
codecontests_cpp_79,v,0.05555555555555555,0.02962962962962963,0.025925925925925925,-3.9833602905273438,-4.092529296875,False,False
codecontests_cpp_79,z,-0.16296296296296298,0.06296296296296296,-0.22592592592592592,-4.9029998779296875,-3.9461669921875,False,False
codecontests_java_79,q,0.3076923076923077,0.08846153846153847,0.21923076923076923,-5.620269775390625,-7.40252685546875,False,False
codecontests_java_79,k,0.36153846153846153,0.23846153846153847,0.12307692307692308,-5.17547607421875,-6.1734619140625,False,False
codecontests_java_79,v,0.2230769230769231,-0.015384615384615385,0.23846153846153847,-6.305389404296875,-8.240478515625,False,False
codecontests_java_79,z,0.22692307692307692,-0.015384615384615385,0.2423076923076923,-6.27264404296875,-8.245269775390625,False,False
mbpp_python_79,q,0.08411214953271028,0.21495327102803738,-0.1308411214953271,-3.0600128173828125,-2.6170654296875,False,False
mbpp_python_79,k,-0.1588785046728972,-0.09813084112149532,-0.06074766355140187,-3.8720245361328125,-3.6704025268554688,False,False
mbpp_python_79,v,0.02336448598130841,-0.09813084112149532,0.12149532710280374,-3.2640838623046875,-3.670135498046875,False,False
mbpp_python_79,z,0.08411214953271028,0.21495327102803738,-0.1308411214953271,-3.0604400634765625,-2.6146240234375,False,False
apps_python_80,q,0.09649122807017543,-0.0043859649122807015,0.10087719298245613,-6.4348297119140625,-7.1536712646484375,False,False
apps_python_80,k,0.07894736842105263,-0.017543859649122806,0.09649122807017543,-6.55181884765625,-7.245849609375,False,False
apps_python_80,v,-0.08333333333333333,-0.0043859649122807015,-0.07894736842105263,-7.7175445556640625,-7.1532135009765625,False,False
apps_python_80,z,0.03508771929824561,-0.03070175438596491,0.06578947368421052,-6.8738861083984375,-7.343512535095215,False,False
codecontests_cpp_80,q,-0.11029411764705882,0.0,-0.11029411764705882,-4.717399597167969,-4.250155448913574,False,False
codecontests_cpp_80,k,-0.375,-0.051470588235294115,-0.3235294117647059,-5.83441162109375,-4.4693603515625,False,False
codecontests_cpp_80,v,-0.2867647058823529,-0.16911764705882354,-0.11764705882352941,-5.46270751953125,-4.966522216796875,False,False
codecontests_cpp_80,z,-0.16911764705882354,-0.08088235294117647,-0.08823529411764706,-4.964324951171875,-4.593324661254883,False,False
codecontests_java_80,q,-0.019230769230769232,0.08333333333333333,-0.10256410256410256,-9.936847686767578,-8.933609008789062,False,False
codecontests_java_80,k,0.266025641025641,0.19230769230769232,0.07371794871794872,-7.148529052734375,-7.873512268066406,False,False
codecontests_java_80,v,0.1282051282051282,0.11538461538461539,0.01282051282051282,-8.489990234375,-8.61956787109375,False,False
codecontests_java_80,z,0.1987179487179487,0.21474358974358973,-0.016025641025641024,-7.80584716796875,-7.6375732421875,False,False
apps_python_81,q,0.10989010989010989,0.06043956043956044,0.04945054945054945,-5.06060791015625,-5.341705322265625,False,False
apps_python_81,k,0.2032967032967033,0.24175824175824176,-0.038461538461538464,-4.51800537109375,-4.30352783203125,False,False
apps_python_81,v,0.15384615384615385,0.08791208791208792,0.06593406593406594,-4.80316162109375,-5.1851959228515625,False,False
apps_python_81,z,0.30494505494505497,0.3241758241758242,-0.019230769230769232,-3.9334716796875,-3.821044921875,False,False
codecontests_java_81,q,-0.4370860927152318,-0.5894039735099338,0.152317880794702,-3.350341796875,-3.68798828125,False,False
codecontests_java_81,k,-0.08609271523178808,-0.1456953642384106,0.059602649006622516,-2.55731201171875,-2.6949462890625,False,False
codecontests_java_81,v,-0.3443708609271523,-0.19205298013245034,-0.152317880794702,-3.14599609375,-2.79962158203125,False,False
codecontests_java_81,z,-0.039735099337748346,0.0,-0.039735099337748346,-2.4508514404296875,-2.356903076171875,False,False
mbpp_python_81,q,-0.12429378531073447,0.0,-0.12429378531073447,-3.10528564453125,-2.7649688720703125,False,False
mbpp_python_81,k,-0.24858757062146894,-0.3728813559322034,0.12429378531073447,-3.4376220703125,-3.7730712890625,False,False
mbpp_python_81,v,0.07909604519774012,-0.24858757062146894,0.327683615819209,-2.545135498046875,-3.441650390625,False,False
mbpp_python_81,z,0.0,-0.03954802259887006,0.03954802259887006,-2.7657246589660645,-2.8742408752441406,False,False
apps_python_82,q,0.1210762331838565,0.08520179372197309,0.03587443946188341,-6.124897480010986,-6.375052452087402,False,False
apps_python_82,k,0.18834080717488788,0.2556053811659193,-0.06726457399103139,-5.655303955078125,-5.185302734375,False,False
apps_python_82,v,0.15246636771300448,0.08520179372197309,0.06726457399103139,-5.9046478271484375,-6.373756408691406,False,False
apps_python_82,z,0.053811659192825115,0.08520179372197309,-0.03139013452914798,-6.59374263882637,-6.3727874755859375,False,False
codecontests_java_82,q,0.07251908396946564,-0.05343511450381679,0.12595419847328243,-7.588104248046875,-8.618927001953125,False,False
codecontests_java_82,k,0.38549618320610685,0.2900763358778626,0.09541984732824428,-5.01922607421875,-5.8086700439453125,False,False
codecontests_java_82,v,0.3511450381679389,0.366412213740458,-0.015267175572519083,-5.305938720703125,-5.181549072265625,False,False
codecontests_java_82,z,0.04961832061068702,0.1450381679389313,-0.09541984732824428,-7.774261474609375,-6.98724365234375,False,False
apps_python_83,q,0.06535947712418301,0.16993464052287582,-0.10457516339869281,-4.467002868652344,-3.9652099609375,False,False
apps_python_83,k,-0.09803921568627451,-0.10457516339869281,0.006535947712418301,-5.246307373046875,-5.27215576171875,False,False
apps_python_83,v,-0.026143790849673203,0.1568627450980392,-0.1830065359477124,-4.89947509765625,-4.023956298828125,False,False
apps_python_83,z,0.06535947712418301,-0.013071895424836602,0.0784313725490196,-4.4665374755859375,-4.8404388427734375,False,False
codecontests_cpp_83,q,-0.19327731092436976,0.029411764705882353,-0.22268907563025211,-4.432525634765625,-3.6075515747070312,False,False
codecontests_cpp_83,k,0.06302521008403361,0.004201680672268907,0.058823529411764705,-3.4828720092773438,-3.700653076171875,False,False
codecontests_cpp_83,v,0.004201680672268907,-0.03361344537815126,0.037815126050420166,-3.7006683349609375,-3.8408050537109375,False,False
codecontests_cpp_83,z,0.0,0.09243697478991597,-0.09243697478991597,-3.7177772521972656,-3.3722381591796875,False,False
codecontests_java_83,q,0.2318181818181818,0.17272727272727273,0.05909090909090909,-5.2780914306640625,-5.6844940185546875,False,False
codecontests_java_83,k,0.3,0.05,0.25,-4.80609130859375,-6.5281524658203125,False,False
codecontests_java_83,v,0.06818181818181818,0.21363636363636362,-0.14545454545454545,-6.4046630859375,-5.401947021484375,False,False
codecontests_java_83,z,0.4090909090909091,0.21363636363636362,0.19545454545454546,-4.0482177734375,-5.40350341796875,False,False
apps_python_84,q,0.10052910052910052,-0.021164021164021163,0.12169312169312169,-5.312139511108398,-6.031322002410889,False,False
apps_python_84,k,-0.021164021164021163,0.021164021164021163,-0.042328042328042326,-6.031145095825195,-5.779823303222656,False,False
apps_python_84,v,0.07936507936507936,0.07936507936507936,0.0,-5.4363861083984375,-5.436248779296875,False,False
apps_python_84,z,0.021164021164021163,0.0,0.021164021164021163,-5.780372619628906,-5.906184196472168,False,False
codecontests_java_84,q,-0.10919540229885058,-0.15517241379310345,0.04597701149425287,-6.014892578125,-6.275848388671875,False,False
codecontests_java_84,k,-0.09195402298850575,0.017241379310344827,-0.10919540229885058,-5.933258056640625,-5.33892822265625,False,False
codecontests_java_84,v,0.23563218390804597,0.21839080459770116,0.017241379310344827,-4.1475830078125,-4.244110107421875,False,False
codecontests_java_84,z,-0.11494252873563218,-0.13793103448275862,0.022988505747126436,-6.059356689453125,-6.179443359375,False,False
humaneval_python_84,q,0.08955223880597014,0.05970149253731343,0.029850746268656716,-2.8578720092773438,-2.94873046875,False,False
humaneval_python_84,k,0.14925373134328357,0.05970149253731343,0.08955223880597014,-2.666839599609375,-2.9515838623046875,False,False
humaneval_python_84,v,0.08955223880597014,0.14925373134328357,-0.05970149253731343,-2.8578109741210938,-2.66326904296875,False,False
humaneval_python_84,z,0.08955223880597014,0.05970149253731343,0.029850746268656716,-2.8576736450195312,-2.9522705078125,False,False
apps_python_85,q,-0.17703349282296652,-0.06698564593301436,-0.11004784688995216,-3.839874267578125,-3.483673095703125,False,False
apps_python_85,k,-0.17703349282296652,-0.03827751196172249,-0.13875598086124402,-3.8392333984375,-3.3900718688964844,False,False
apps_python_85,v,-0.14354066985645933,-0.06698564593301436,-0.07655502392344497,-3.7315826416015625,-3.483539581298828,False,False
apps_python_85,z,-0.17703349282296652,-0.2535885167464115,0.07655502392344497,-3.83990478515625,-4.08599853515625,False,False
codecontests_cpp_85,q,0.21610169491525424,0.15254237288135594,0.0635593220338983,-2.87982177734375,-3.117218017578125,False,False
codecontests_cpp_85,k,-0.11016949152542373,0.09322033898305085,-0.2033898305084746,-4.0899810791015625,-3.3419113159179688,False,False
codecontests_cpp_85,v,0.3432203389830508,0.1864406779661017,0.15677966101694915,-2.3929443359375,-2.992523193359375,False,False
codecontests_cpp_85,z,0.059322033898305086,0.1228813559322034,-0.0635593220338983,-3.4674072265625,-3.2305755615234375,False,False
codecontests_java_85,q,-0.13013698630136986,-0.21232876712328766,0.0821917808219178,-5.154571533203125,-5.5274505615234375,False,False
codecontests_java_85,k,0.23972602739726026,0.1917808219178082,0.04794520547945205,-3.46002197265625,-3.6827392578125,False,False
codecontests_java_85,v,0.2636986301369863,0.10273972602739725,0.16095890410958905,-3.34759521484375,-4.0923004150390625,False,False
codecontests_java_85,z,0.06164383561643835,0.0273972602739726,0.03424657534246575,-4.2775115966796875,-4.435791015625,False,False
humaneval_python_85,q,-0.21710526315789475,-0.16447368421052633,-0.05263157894736842,-2.8831787109375,-2.7608642578125,False,False
humaneval_python_85,k,-0.039473684210526314,-0.19736842105263158,0.15789473684210525,-2.467315673828125,-2.839630126953125,False,False
humaneval_python_85,v,-0.4144736842105263,-0.07894736842105263,-0.3355263157894737,-3.3446044921875,-2.5599822998046875,False,False
humaneval_python_85,z,-0.07894736842105263,-0.08552631578947369,0.006578947368421052,-2.5618896484375,-2.577404022216797,False,False
apps_python_86,q,-0.045454545454545456,-0.032467532467532464,-0.012987012987012988,-5.031015396118164,-4.9676513671875,False,False
apps_python_86,k,0.14935064935064934,0.12987012987012986,0.01948051948051948,-4.0921173095703125,-4.186248779296875,False,False
apps_python_86,v,-0.032467532467532464,0.09090909090909091,-0.12337662337662338,-4.9681396484375,-4.374187469482422,False,False
apps_python_86,z,-0.05194805194805195,-0.11688311688311688,0.06493506493506493,-5.060638427734375,-5.371612548828125,False,False
codecontests_java_86,q,0.007575757575757576,0.14015151515151514,-0.13257575757575757,-4.0937424302101135,-3.5438079833984375,False,False
codecontests_java_86,k,-0.10606060606060606,-0.13636363636363635,0.030303030303030304,-4.558807373046875,-4.6848602294921875,False,False
codecontests_java_86,v,0.0,0.007575757575757576,-0.007575757575757576,-4.124408721923828,-4.092124938964844,False,False
codecontests_java_86,z,-0.26515151515151514,-0.22727272727272727,-0.03787878787878788,-5.2120361328125,-5.056427001953125,False,False
apps_python_87,q,0.14720812182741116,0.04060913705583756,0.1065989847715736,-2.621490478515625,-2.9515304565429688,False,False
apps_python_87,k,-0.07106598984771574,-0.2131979695431472,0.14213197969543148,-3.2968006134033203,-3.72906494140625,False,False
apps_python_87,v,-0.2131979695431472,-0.13705583756345177,-0.07614213197969544,-3.726837158203125,-3.49334716796875,False,False
apps_python_87,z,0.04060913705583756,-0.03553299492385787,0.07614213197969544,-2.952944755554199,-3.186878204345703,False,False
codecontests_cpp_87,q,-0.13839285714285715,-0.29464285714285715,0.15625,-3.982269287109375,-4.5211181640625,False,False
codecontests_cpp_87,k,-0.013392857142857142,-0.10267857142857142,0.08928571428571429,-3.53558349609375,-3.8563232421875,False,False
codecontests_cpp_87,v,-0.06696428571428571,-0.30357142857142855,0.23660714285714285,-3.7312774658203125,-4.55145263671875,False,False
codecontests_cpp_87,z,-0.004464285714285714,-0.375,0.3705357142857143,-3.5143203735351562,-4.796630859375,False,False
codecontests_java_87,q,-0.19607843137254902,0.024509803921568627,-0.22058823529411764,-7.620574951171875,-6.2138671875,False,False
codecontests_java_87,k,-0.0196078431372549,-0.04411764705882353,0.024509803921568627,-6.498176574707031,-6.6485595703125,False,False
codecontests_java_87,v,-0.16176470588235295,0.0392156862745098,-0.20098039215686275,-7.4033660888671875,-6.12249755859375,False,False
codecontests_java_87,z,0.23529411764705882,-0.07352941176470588,0.3088235294117647,-4.869903564453125,-6.84063720703125,False,False
apps_python_88,q,0.12217194570135746,0.14027149321266968,-0.01809954751131222,-3.024810791015625,-2.965362548828125,False,False
apps_python_88,k,0.08597285067873303,0.05429864253393665,0.03167420814479638,-3.153411865234375,-3.264690399169922,False,False
apps_python_88,v,0.2986425339366516,0.027149321266968326,0.27149321266968324,-2.408447265625,-3.3586997985839844,False,False
apps_python_88,z,0.03167420814479638,0.11312217194570136,-0.08144796380090498,-3.34100341796875,-3.06005859375,False,False
codecontests_java_88,q,-0.02054794520547945,0.02054794520547945,-0.0410958904109589,-9.307373046875,-8.936149597167969,False,False
codecontests_java_88,k,0.11643835616438356,0.0821917808219178,0.03424657534246575,-8.058700561523438,-8.372787475585938,False,False
codecontests_java_88,v,0.08904109589041095,0.1643835616438356,-0.07534246575342465,-8.312128067016602,-7.62042236328125,False,False
codecontests_java_88,z,-0.0684931506849315,-0.10273972602739725,0.03424657534246575,-9.749187469482422,-10.061195373535156,False,False
codecontests_cpp_89,q,0.19032258064516128,0.21935483870967742,-0.02903225806451613,-3.9141845703125,-3.77667236328125,False,False
codecontests_cpp_89,k,0.3096774193548387,0.24193548387096775,0.06774193548387097,-3.3311767578125,-3.66192626953125,False,False
codecontests_cpp_89,v,0.3419354838709677,0.2032258064516129,0.13870967741935483,-3.16748046875,-3.8419189453125,False,False
codecontests_cpp_89,z,-0.025806451612903226,0.11612903225806452,-0.14193548387096774,-4.9651947021484375,-4.2764892578125,False,False
codecontests_java_89,q,0.05416666666666667,-0.08333333333333333,0.1375,-7.091278076171875,-8.123130798339844,False,False
codecontests_java_89,k,0.020833333333333332,0.0875,-0.06666666666666667,-7.34100341796875,-6.839569091796875,False,False
codecontests_java_89,v,-0.041666666666666664,-0.041666666666666664,0.0,-7.8028564453125,-7.80255126953125,False,False
codecontests_java_89,z,0.0875,0.13333333333333333,-0.04583333333333333,-6.838775634765625,-6.49786376953125,False,False
codecontests_java_90,q,0.06477732793522267,0.004048582995951417,0.06072874493927125,-7.217185974121094,-7.686058044433594,False,False
codecontests_java_90,k,0.1902834008097166,0.2591093117408907,-0.06882591093117409,-6.2474365234375,-5.712554931640625,False,False
codecontests_java_90,v,0.1902834008097166,0.12550607287449392,0.06477732793522267,-6.2461090087890625,-6.749786376953125,False,False
codecontests_java_90,z,0.08097165991902834,0.08502024291497975,-0.004048582995951417,-7.093652725219727,-7.061923980712891,False,False
apps_python_91,q,0.03,-0.175,0.205,-3.029571533203125,-3.66680908203125,False,False
apps_python_91,k,0.0,0.005,-0.005,-3.1234970092773438,-3.1014404296875,False,False
apps_python_91,v,-0.175,-0.2,0.025,-3.666748046875,-3.74041748046875,False,False
apps_python_91,z,-0.215,-0.04,-0.175,-3.791717529296875,-3.2491912841796875,False,False
codecontests_cpp_91,q,0.16083916083916083,-0.20279720279720279,0.36363636363636365,-1.868743896484375,-2.6751708984375,False,False
codecontests_cpp_91,k,0.0979020979020979,-0.16783216783216784,0.26573426573426573,-2.0144882202148438,-2.59814453125,False,False
codecontests_cpp_91,v,-0.02097902097902098,0.2517482517482518,-0.2727272727272727,-2.2652587890625,-1.640625,False,False
codecontests_cpp_91,z,0.07692307692307693,0.013986013986013986,0.06293706293706294,-2.058197021484375,-2.201263427734375,False,False
codecontests_java_91,q,0.13059701492537312,0.05970149253731343,0.0708955223880597,-7.27093505859375,-7.8671875,False,False
codecontests_java_91,k,0.208955223880597,0.14925373134328357,0.05970149253731343,-6.5938720703125,-7.1119384765625,False,False
codecontests_java_91,v,0.34328358208955223,0.3880597014925373,-0.04477611940298507,-5.4837646484375,-5.105224609375,False,False
codecontests_java_91,z,0.21641791044776118,-0.029850746268656716,0.2462686567164179,-6.5433349609375,-8.621429443359375,False,False
apps_python_92,q,-0.33587786259541985,-0.4351145038167939,0.09923664122137404,-2.7137451171875,-2.9107666015625,False,False
apps_python_92,k,0.04580152671755725,-0.33587786259541985,0.3816793893129771,-1.951080322265625,-2.716064453125,False,False
apps_python_92,v,-0.2595419847328244,0.04198473282442748,-0.3015267175572519,-2.55908203125,-1.960719108581543,False,False
apps_python_92,z,-0.4351145038167939,-0.35877862595419846,-0.07633587786259542,-2.9102783203125,-2.762451171875,False,False
codecontests_java_92,q,0.2217573221757322,0.12552301255230125,0.09623430962343096,-2.89678955078125,-3.26312255859375,False,False
codecontests_java_92,k,0.1589958158995816,0.3723849372384937,-0.21338912133891214,-3.135406494140625,-2.307373046875,False,False
codecontests_java_92,v,0.3138075313807531,0.3389121338912134,-0.02510460251046025,-2.5391845703125,-2.43701171875,False,False
codecontests_java_92,z,0.18410041841004185,0.3138075313807531,-0.1297071129707113,-3.039520263671875,-2.5390625,False,False
apps_python_93,q,0.0867579908675799,0.3287671232876712,-0.2420091324200913,-3.1237640380859375,-2.2806396484375,False,False
apps_python_93,k,0.2146118721461187,0.2420091324200913,-0.0273972602739726,-2.680389404296875,-2.588043212890625,False,False
apps_python_93,v,0.3972602739726027,0.3744292237442922,0.0228310502283105,-2.0379638671875,-2.1209716796875,False,False
apps_python_93,z,0.1506849315068493,0.2694063926940639,-0.1187214611872146,-2.90496826171875,-2.4925537109375,False,False
codecontests_cpp_93,q,-0.05426356589147287,-0.12403100775193798,0.06976744186046512,-4.249332427978516,-4.52288818359375,False,False
codecontests_cpp_93,k,-0.11627906976744186,-0.10852713178294573,-0.007751937984496124,-4.496673583984375,-4.447265625,False,False
codecontests_cpp_93,v,-0.031007751937984496,0.15891472868217055,-0.18992248062015504,-4.155921936035156,-3.383544921875,False,False
codecontests_cpp_93,z,0.031007751937984496,-0.09302325581395349,0.12403100775193798,-3.9050064086914062,-4.4041290283203125,False,False
codecontests_java_93,q,0.02092050209205021,0.08786610878661087,-0.06694560669456066,-7.312272071838379,-6.810997009277344,False,False
codecontests_java_93,k,0.1589958158995816,0.16736401673640167,-0.008368200836820083,-6.27203369140625,-6.217914581298828,False,False
codecontests_java_93,v,0.15481171548117154,0.0794979079497908,0.07531380753138076,-6.308624267578125,-6.8724517822265625,False,False
codecontests_java_93,z,0.08786610878661087,-0.029288702928870293,0.11715481171548117,-6.807464599609375,-7.682891845703125,False,False
apps_python_94,q,0.14485981308411214,0.14485981308411214,0.0,-5.71405029296875,-5.7155609130859375,False,False
apps_python_94,k,0.102803738317757,0.19626168224299065,-0.09345794392523364,-5.998687744140625,-5.3725128173828125,False,False
apps_python_94,v,0.06074766355140187,0.1261682242990654,-0.06542056074766354,-6.274688720703125,-5.839111328125,False,False
apps_python_94,z,-0.037383177570093455,-0.056074766355140186,0.018691588785046728,-6.936943054199219,-7.062160491943359,False,False
codecontests_cpp_94,q,0.04184100418410042,-0.15481171548117154,0.19665271966527198,-1.787445068359375,-2.152008056640625,False,False
codecontests_cpp_94,k,0.4476987447698745,0.21338912133891214,0.23430962343096234,-0.969482421875,-1.45916748046875,False,False
codecontests_cpp_94,v,0.008368200836820083,0.3054393305439331,-0.29707112970711297,-1.8490753173828125,-1.2718505859375,False,False
codecontests_cpp_94,z,-0.1297071129707113,0.06276150627615062,-0.19246861924686193,-2.10357666015625,-1.7471771240234375,False,False
codecontests_java_94,q,0.03389830508474576,0.05508474576271186,-0.0211864406779661,-14.2431640625,-13.934295654296875,False,False
codecontests_java_94,k,0.0847457627118644,0.08898305084745763,-0.00423728813559322,-13.49462890625,-13.435501098632812,False,False
codecontests_java_94,v,0.09322033898305085,0.046610169491525424,0.046610169491525424,-13.3704833984375,-14.05450439453125,False,False
codecontests_java_94,z,0.0423728813559322,0.038135593220338986,0.00423728813559322,-14.12430191040039,-14.184524536132812,False,False
apps_python_95,q,-0.21374045801526717,0.0,-0.21374045801526717,-2.47369384765625,-2.0467071533203125,False,False
apps_python_95,k,0.05343511450381679,-0.007633587786259542,0.061068702290076333,-1.936187744140625,-2.060211181640625,False,False
apps_python_95,v,-0.10687022900763359,0.05343511450381679,-0.16030534351145037,-2.2621307373046875,-1.9358367919921875,False,False
apps_python_95,z,-0.05343511450381679,-0.05343511450381679,0.0,-2.15374755859375,-2.1539764404296875,False,False
codecontests_cpp_95,q,0.0944206008583691,-0.06866952789699571,0.1630901287553648,-3.2950363159179688,-3.8894119262695312,False,False
codecontests_cpp_95,k,0.09871244635193133,-0.030042918454935622,0.12875536480686695,-3.2803573608398438,-3.750823974609375,False,False
codecontests_cpp_95,v,0.06437768240343347,0.12446351931330472,-0.060085836909871244,-3.4051742553710938,-3.18212890625,False,False
codecontests_cpp_95,z,0.060085836909871244,0.22317596566523606,-0.1630901287553648,-3.4194183349609375,-2.81768798828125,False,False
codecontests_java_95,q,0.2080745341614907,0.13043478260869565,0.07763975155279502,-3.98052978515625,-4.3738555908203125,False,False
codecontests_java_95,k,0.21428571428571427,0.36645962732919257,-0.15217391304347827,-3.9501495361328125,-3.17266845703125,False,False
codecontests_java_95,v,0.043478260869565216,0.18633540372670807,-0.14285714285714285,-4.812015533447266,-4.090057373046875,False,False
codecontests_java_95,z,0.22981366459627328,0.2732919254658385,-0.043478260869565216,-3.86761474609375,-3.649810791015625,False,False
humaneval_python_95,q,0.0,0.04046242774566474,-0.04046242774566474,-5.4044952392578125,-5.186073303222656,False,False
humaneval_python_95,k,0.08092485549132948,0.12138728323699421,-0.04046242774566474,-4.966835021972656,-4.746551513671875,False,False
humaneval_python_95,v,0.10404624277456648,0.06358381502890173,0.04046242774566474,-4.841796875,-5.053466796875,False,False
humaneval_python_95,z,0.05202312138728324,0.017341040462427744,0.03468208092485549,-5.1237640380859375,-5.311134338378906,False,False
apps_python_96,q,0.31413612565445026,0.2617801047120419,0.05235602094240838,-2.0263671875,-2.1771240234375,False,False
apps_python_96,k,0.28272251308900526,0.18848167539267016,0.09424083769633508,-2.1248779296875,-2.41326904296875,False,False
apps_python_96,v,-0.015706806282722512,-0.06282722513089005,0.04712041884816754,-3.029388427734375,-3.164703369140625,False,False
apps_python_96,z,0.17801047120418848,-0.05759162303664921,0.2356020942408377,-2.44061279296875,-3.15289306640625,False,False
codecontests_java_96,q,-0.2692307692307692,-0.05384615384615385,-0.2153846153846154,-5.149444580078125,-4.278961181640625,False,False
codecontests_java_96,k,0.3423076923076923,0.06923076923076923,0.27307692307692305,-2.63330078125,-3.777801513671875,False,False
codecontests_java_96,v,0.2,0.06538461538461539,0.1346153846153846,-3.2340087890625,-3.79461669921875,False,False
codecontests_java_96,z,0.21923076923076923,-0.1076923076923077,0.3269230769230769,-3.1611328125,-4.495452880859375,False,False
mbpp_python_96,q,0.0,-0.03482587064676617,0.03482587064676617,-3.1404857635498047,-3.249995708465576,False,False
mbpp_python_96,k,0.2935323383084577,0.16417910447761194,0.12935323383084577,-2.19921875,-2.6199951171875,False,False
mbpp_python_96,v,0.06965174129353234,0.1691542288557214,-0.09950248756218906,-2.9212379455566406,-2.605010986328125,False,False
mbpp_python_96,z,0.17412935323383086,0.06965174129353234,0.1044776119402985,-2.58966064453125,-2.9214935302734375,False,False
apps_python_97,q,0.027972027972027972,0.08391608391608392,-0.055944055944055944,-4.342567443847656,-4.092807769775391,False,False
apps_python_97,k,0.3181818181818182,0.1853146853146853,0.13286713286713286,-3.0299072265625,-3.63116455078125,False,False
apps_python_97,v,0.3741258741258741,0.42657342657342656,-0.05244755244755245,-2.7728271484375,-2.527099609375,False,False
apps_python_97,z,0.055944055944055944,0.19230769230769232,-0.13636363636363635,-4.218112945556641,-3.60516357421875,False,False
humaneval_python_97,q,0.06989247311827956,0.021505376344086023,0.04838709677419355,-5.405727386474609,-5.680023193359375,False,False
humaneval_python_97,k,0.1881720430107527,0.1935483870967742,-0.005376344086021506,-4.717369079589844,-4.685981750488281,False,False
humaneval_python_97,v,0.1881720430107527,0.03225806451612903,0.15591397849462366,-4.717975616455078,-5.623771667480469,False,False
humaneval_python_97,z,0.10752688172043011,0.016129032258064516,0.0913978494623656,-5.186779022216797,-5.7180328369140625,False,False
apps_python_98,q,-0.05389221556886228,-0.023952095808383235,-0.029940119760479042,-5.4981536865234375,-5.344268798828125,False,False
apps_python_98,k,0.16167664670658682,0.005988023952095809,0.15568862275449102,-4.373138427734375,-5.18115234375,False,False
apps_python_98,v,0.11976047904191617,0.11377245508982035,0.005988023952095809,-4.58746337890625,-4.6221160888671875,False,False
apps_python_98,z,0.03592814371257485,-0.08982035928143713,0.12574850299401197,-5.029991149902344,-5.688259124755859,False,False
codecontests_cpp_98,q,-0.10273972602739725,-0.07534246575342465,-0.0273972602739726,-5.029388427734375,-4.9029541015625,False,False
codecontests_cpp_98,k,-0.10273972602739725,-0.06164383561643835,-0.0410958904109589,-5.0185546875,-4.83868408203125,False,False
codecontests_cpp_98,v,-0.2191780821917808,-0.0547945205479452,-0.1643835616438356,-5.557525634765625,-4.8097686767578125,False,False
codecontests_cpp_98,z,-0.22602739726027396,-0.0136986301369863,-0.21232876712328766,-5.5855712890625,-4.61334228515625,False,False
codecontests_java_98,q,0.17222222222222222,0.022222222222222223,0.15,-4.6524200439453125,-5.498054504394531,False,False
codecontests_java_98,k,0.0,-0.022222222222222223,0.022222222222222223,-5.6181640625,-5.748283386230469,False,False
codecontests_java_98,v,0.2,0.15,0.05,-4.49249267578125,-4.7790679931640625,False,False
codecontests_java_98,z,0.1111111111111111,0.07222222222222222,0.03888888888888889,-4.994384765625,-5.212799072265625,False,False
apps_python_99,q,0.05527638190954774,-0.05527638190954774,0.11055276381909548,-5.87464714050293,-6.562536716461182,False,False
apps_python_99,k,-0.12060301507537688,-0.1708542713567839,0.05025125628140704,-6.96343994140625,-7.2783660888671875,False,False
apps_python_99,v,0.1708542713567839,0.01507537688442211,0.15577889447236182,-5.1543426513671875,-6.12249755859375,False,False
apps_python_99,z,-0.06030150753768844,0.0,-0.06030150753768844,-6.58563232421875,-6.218208312988281,False,False
codecontests_cpp_99,q,-0.12631578947368421,0.02631578947368421,-0.15263157894736842,-3.3394775390625,-2.88629150390625,False,False
codecontests_cpp_99,k,-0.4105263157894737,-0.24736842105263157,-0.1631578947368421,-4.1612548828125,-3.69122314453125,False,False
codecontests_cpp_99,v,0.30526315789473685,0.15263157894736842,0.15263157894736842,-2.030029296875,-2.50897216796875,False,False
codecontests_cpp_99,z,-0.12631578947368421,-0.07894736842105263,-0.04736842105263158,-3.33843994140625,-3.2020263671875,False,False
codecontests_java_99,q,0.0502283105022831,0.0319634703196347,0.0182648401826484,-6.4980316162109375,-6.6238555908203125,False,False
codecontests_java_99,k,0.3561643835616438,0.2694063926940639,0.0867579908675799,-4.39361572265625,-4.994873046875,False,False
codecontests_java_99,v,0.3242009132420091,0.2648401826484018,0.0593607305936073,-4.61187744140625,-5.02783203125,False,False
codecontests_java_99,z,0.1598173515981735,0.091324200913242,0.0684931506849315,-5.748664855957031,-6.213287353515625,False,False
apps_python_100,q,-0.045454545454545456,0.07792207792207792,-0.12337662337662338,-5.030067443847656,-4.4354095458984375,False,False
apps_python_100,k,-0.2662337662337662,-0.045454545454545456,-0.22077922077922077,-6.0863037109375,-5.0278472900390625,False,False
apps_python_100,v,0.0,0.15584415584415584,-0.15584415584415584,-4.811958312988281,-4.05718994140625,False,False
apps_python_100,z,-0.045454545454545456,0.1038961038961039,-0.14935064935064934,-5.0277252197265625,-4.30682373046875,False,False
codecontests_cpp_100,q,0.0893854748603352,0.0670391061452514,0.0223463687150838,-5.0919189453125,-5.21502685546875,False,False
codecontests_cpp_100,k,-0.0223463687150838,0.0,-0.0223463687150838,-5.717498779296875,-5.592830657958984,False,False
codecontests_cpp_100,v,-0.01675977653631285,0.00558659217877095,-0.0223463687150838,-5.685028076171875,-5.560890197753906,False,False
codecontests_cpp_100,z,-0.10614525139664804,-0.0446927374301676,-0.061452513966480445,-6.1857452392578125,-5.842536926269531,False,False
codecontests_java_100,q,0.08148148148148149,0.08148148148148149,0.0,-7.7494964599609375,-7.7487335205078125,False,False
codecontests_java_100,k,0.2851851851851852,0.26296296296296295,0.022222222222222223,-6.027313232421875,-6.2165985107421875,False,False
codecontests_java_100,v,0.2777777777777778,0.3,-0.022222222222222223,-6.08441162109375,-5.903472900390625,False,False
codecontests_java_100,z,0.15185185185185185,0.1111111111111111,0.040740740740740744,-7.152801513671875,-7.49554443359375,False,False
humaneval_python_100,q,-0.027210884353741496,-0.027210884353741496,0.0,-4.718727111816406,-4.7181396484375,False,False
humaneval_python_100,k,0.047619047619047616,0.047619047619047616,0.0,-4.374408721923828,-4.374996244907379,False,False
humaneval_python_100,v,0.07482993197278912,0.06802721088435375,0.006802721088435374,-4.248725891113281,-4.27734375,False,False
humaneval_python_100,z,0.14965986394557823,0.047619047619047616,0.10204081632653061,-3.9045486450195312,-4.3743133544921875,False,False
apps_python_101,q,-0.11046511627906977,0.05232558139534884,-0.16279069767441862,-2.980133056640625,-2.5423583984375,False,False
apps_python_101,k,-0.6046511627906976,-0.5465116279069767,-0.05813953488372093,-4.26806640625,-4.118408203125,False,False
apps_python_101,v,-0.686046511627907,-0.20348837209302326,-0.48255813953488375,-4.476806640625,-3.22430419921875,False,False
apps_python_101,z,-0.11046511627906977,0.046511627906976744,-0.1569767441860465,-2.97467041015625,-2.5605010986328125,False,False
codecontests_java_101,q,-0.08333333333333333,-0.06111111111111111,-0.022222222222222223,-6.092800140380859,-5.968158721923828,False,False
codecontests_java_101,k,-0.044444444444444446,-0.08333333333333333,0.03888888888888889,-5.874473571777344,-6.092048645019531,False,False
codecontests_java_101,v,-0.43333333333333335,-0.23333333333333334,-0.2,-8.05389404296875,-6.93157958984375,False,False
codecontests_java_101,z,-0.022222222222222223,0.12777777777777777,-0.15,-5.7484130859375,-4.900634765625,False,False
apps_python_102,q,-0.26455026455026454,-0.30687830687830686,0.042328042328042326,-3.72393798828125,-3.84735107421875,False,False
apps_python_102,k,-0.15343915343915343,-0.30687830687830686,0.15343915343915343,-3.4026947021484375,-3.84722900390625,False,False
apps_python_102,v,-0.30687830687830686,-0.3968253968253968,0.08994708994708994,-3.831298828125,-4.1085205078125,False,False
apps_python_102,z,-0.13227513227513227,-0.08465608465608465,-0.047619047619047616,-3.34088134765625,-3.2007904052734375,False,False
apps_python_103,q,0.0,0.1336405529953917,-0.1336405529953917,-3.3901023864746094,-2.9358673095703125,False,False
apps_python_103,k,0.03686635944700461,-0.06451612903225806,0.10138248847926268,-3.265268325805664,-3.6083908081054688,False,False
apps_python_103,v,0.03686635944700461,-0.11981566820276497,0.15668202764976957,-3.2650146484375,-3.7956008911132812,False,False
apps_python_103,z,0.03686635944700461,0.06912442396313365,-0.03225806451612903,-3.265230178833008,-3.1556358337402344,False,False
mbpp_python_103,q,-0.0374331550802139,0.12299465240641712,-0.16042780748663102,-6.062034606933594,-5.124378204345703,False,False
mbpp_python_103,k,0.0,-0.053475935828877004,0.053475935828877004,-5.84361457824707,-6.155731201171875,False,False
mbpp_python_103,v,-0.12299465240641712,-0.0427807486631016,-0.08021390374331551,-6.561798095703125,-6.09271240234375,False,False
mbpp_python_103,z,0.0374331550802139,0.12299465240641712,-0.0855614973262032,-5.624366760253906,-5.122283935546875,False,False
apps_python_104,q,-0.09448818897637795,-0.06299212598425197,-0.031496062992125984,-4.33758544921875,-4.2157440185546875,False,False
apps_python_104,k,0.023622047244094488,0.023622047244094488,0.0,-3.8722381591796875,-3.8718719482421875,False,False
apps_python_104,v,-0.023622047244094488,-0.07874015748031496,0.05511811023622047,-4.0605926513671875,-4.2787628173828125,False,False
apps_python_104,z,-0.06299212598425197,0.14173228346456693,-0.2047244094488189,-4.21356201171875,-3.40179443359375,False,False
apps_python_105,q,0.0,0.08849557522123894,-0.08849557522123894,-7.062412738800049,-6.4375141859054565,False,False
apps_python_105,k,0.1902654867256637,0.10176991150442478,0.08849557522123894,-5.717460632324219,-6.342872619628906,False,False
apps_python_105,v,0.2345132743362832,0.2920353982300885,-0.05752212389380531,-5.401702880859375,-4.9957275390625,False,False
apps_python_105,z,0.11946902654867257,0.17256637168141592,-0.05309734513274336,-6.218654155731201,-5.842437744140625,False,False
codecontests_java_105,q,-0.07142857142857142,-0.09740259740259741,0.025974025974025976,-5.151458740234375,-5.279205322265625,False,False
codecontests_java_105,k,0.2857142857142857,0.36363636363636365,-0.07792207792207792,-3.42303466796875,-3.0350341796875,False,False
codecontests_java_105,v,0.288961038961039,0.2077922077922078,0.08116883116883117,-3.401611328125,-3.8037109375,False,False
codecontests_java_105,z,0.21103896103896103,0.006493506493506494,0.20454545454545456,-3.78875732421875,-4.777252197265625,False,False
apps_python_106,q,0.1141552511415525,0.0958904109589041,0.0182648401826484,-6.05841064453125,-6.18475341796875,False,False
apps_python_106,k,0.2922374429223744,0.182648401826484,0.1095890410958904,-4.836212158203125,-5.587615966796875,False,False
apps_python_106,v,0.2557077625570776,0.3105022831050228,-0.0547945205479452,-5.08734130859375,-4.70904541015625,False,False
apps_python_106,z,0.0045662100456621,-0.0136986301369863,0.0182648401826484,-6.8097991943359375,-6.931915283203125,False,False
codecontests_cpp_106,q,0.14754098360655737,0.14754098360655737,0.0,-4.8721466064453125,-4.8730926513671875,False,False
codecontests_cpp_106,k,0.22950819672131148,0.03825136612021858,0.1912568306010929,-4.401275634765625,-5.494598388671875,False,False
codecontests_cpp_106,v,0.02185792349726776,0.08196721311475409,-0.060109289617486336,-5.593423843383789,-5.248237609863281,False,False
codecontests_cpp_106,z,0.08196721311475409,0.16939890710382513,-0.08743169398907104,-5.249000549316406,-4.7472686767578125,False,False
codecontests_java_106,q,0.0273972602739726,-0.04794520547945205,0.07534246575342465,-8.871307373046875,-9.559280395507812,False,False
codecontests_java_106,k,0.13013698630136986,0.0958904109589041,0.03424657534246575,-7.921630859375,-8.24188232421875,False,False
codecontests_java_106,v,0.0273972602739726,0.0547945205479452,-0.0273972602739726,-8.8660888671875,-8.622482299804688,False,False
codecontests_java_106,z,-0.0136986301369863,-0.02054794520547945,0.00684931506849315,-9.247482299804688,-9.3079833984375,False,False
apps_python_107,q,-0.0546875,-0.0546875,0.0,-4.217414855957031,-4.2173919677734375,False,False
apps_python_107,k,0.0,-0.0859375,0.0859375,-3.9985809326171875,-4.341888427734375,False,False
apps_python_107,v,-0.0234375,-0.140625,0.1171875,-4.0899200439453125,-4.5548095703125,False,False
apps_python_107,z,0.0,0.02734375,-0.02734375,-3.9984588623046875,-3.8888778686523438,False,False
codecontests_java_107,q,0.08148148148148149,0.12222222222222222,-0.040740740740740744,-7.74517822265625,-7.405311584472656,False,False
codecontests_java_107,k,0.337037037037037,0.3037037037037037,0.03333333333333333,-5.566650390625,-5.85791015625,False,False
codecontests_java_107,v,0.11481481481481481,0.1259259259259259,-0.011111111111111112,-7.4652862548828125,-7.3736419677734375,False,False
codecontests_java_107,z,0.022222222222222223,0.08148148148148149,-0.05925925925925926,-8.246749877929688,-7.74462890625,False,False
apps_python_108,q,0.15602836879432624,-0.1702127659574468,0.3262411347517731,-1.852935791015625,-2.5723876953125,False,False
apps_python_108,k,-0.3333333333333333,-0.1702127659574468,-0.16312056737588654,-2.91943359375,-2.57318115234375,False,False
apps_python_108,v,-0.41134751773049644,-0.24113475177304963,-0.1702127659574468,-3.09521484375,-2.727630615234375,False,False
apps_python_108,z,-0.0851063829787234,-0.0851063829787234,0.0,-2.3873443603515625,-2.3886947631835938,False,False
codecontests_cpp_108,q,0.4279475982532751,0.30131004366812225,0.12663755458515283,-1.990966796875,-2.477783203125,False,False
codecontests_cpp_108,k,0.3318777292576419,0.1965065502183406,0.13537117903930132,-2.3602294921875,-2.86602783203125,False,False
codecontests_cpp_108,v,-0.09606986899563319,-0.15283842794759825,0.056768558951965066,-3.918670654296875,-4.1211395263671875,False,False
codecontests_cpp_108,z,0.1703056768558952,0.23580786026200873,-0.06550218340611354,-2.961700439453125,-2.717529296875,False,False
codecontests_java_108,q,-0.15,-0.3333333333333333,0.18333333333333332,-6.4591064453125,-7.49383544921875,False,False
codecontests_java_108,k,-0.2222222222222222,-0.2222222222222222,0.0,-6.857666015625,-6.86419677734375,False,False
codecontests_java_108,v,0.08888888888888889,-0.07222222222222222,0.16111111111111112,-5.121795654296875,-6.01416015625,False,False
codecontests_java_108,z,0.12777777777777777,0.044444444444444446,0.08333333333333333,-4.9033660888671875,-5.3728485107421875,False,False
humaneval_python_108,q,0.09826589595375723,-0.06358381502890173,0.16184971098265896,-4.874061584472656,-5.749034881591797,False,False
humaneval_python_108,k,-0.08670520231213873,-0.12716763005780346,0.04046242774566474,-5.874534606933594,-6.093299865722656,False,False
humaneval_python_108,v,-0.10404624277456648,-0.12716763005780346,0.023121387283236993,-5.968189239501953,-6.092750549316406,False,False
humaneval_python_108,z,0.08092485549132948,0.017341040462427744,0.06358381502890173,-4.9671630859375,-5.311286926269531,False,False
apps_python_109,q,0.024271844660194174,0.019417475728155338,0.0048543689320388345,-3.140648126602173,-3.1557159423828125,False,False
apps_python_109,k,0.05339805825242718,0.05339805825242718,0.0,-3.0464115142822266,-3.046367645263672,False,False
apps_python_109,v,0.05339805825242718,0.0,0.05339805825242718,-3.046731948852539,-3.218435287475586,False,False
apps_python_109,z,0.13106796116504854,-0.02912621359223301,0.16019417475728157,-2.7957687377929688,-3.3125067353248596,False,False
codecontests_cpp_109,q,0.2028985507246377,0.3007246376811594,-0.09782608695652174,-1.70660400390625,-1.47802734375,False,False
codecontests_cpp_109,k,0.17028985507246377,0.06521739130434782,0.10507246376811594,-1.77691650390625,-2.0130462646484375,False,False
codecontests_cpp_109,v,-0.30434782608695654,-0.2608695652173913,-0.043478260869565216,-2.7911376953125,-2.70477294921875,False,False
codecontests_cpp_109,z,0.15579710144927536,0.10507246376811594,0.050724637681159424,-1.813812255859375,-1.927764892578125,False,False
codecontests_java_109,q,-0.22413793103448276,-0.1781609195402299,-0.04597701149425287,-6.65203857421875,-6.402374267578125,False,False
codecontests_java_109,k,-0.017241379310344827,-0.017241379310344827,0.0,-5.5301971435546875,-5.530364990234375,False,False
codecontests_java_109,v,0.07471264367816093,-0.040229885057471264,0.11494252873563218,-5.030933380126953,-5.654449462890625,False,False
codecontests_java_109,z,-0.06321839080459771,0.028735632183908046,-0.09195402298850575,-5.7782135009765625,-5.2808380126953125,False,False
humaneval_python_109,q,0.0364963503649635,-0.029197080291970802,0.06569343065693431,-4.1230926513671875,-4.405628204345703,False,False
humaneval_python_109,k,-0.058394160583941604,-0.08029197080291971,0.021897810218978103,-4.530029296875,-4.624118804931641,False,False
humaneval_python_109,v,-0.145985401459854,-0.19708029197080293,0.051094890510948905,-4.902862548828125,-5.120697021484375,False,False
humaneval_python_109,z,0.058394160583941604,-0.058394160583941604,0.11678832116788321,-4.02301025390625,-4.530204772949219,False,False
apps_python_110,q,-0.0670391061452514,-0.03910614525139665,-0.027932960893854747,-2.9836654663085938,-2.905609130859375,False,False
apps_python_110,k,-0.0782122905027933,-0.0893854748603352,0.0111731843575419,-3.016050338745117,-3.04632568359375,False,False
apps_python_110,v,-0.0111731843575419,-0.0670391061452514,0.055865921787709494,-2.8263320922851562,-2.9833297729492188,False,False
apps_python_110,z,-0.19553072625698323,0.01675977653631285,-0.2122905027932961,-3.3422012329101562,-2.74090576171875,False,False
codecontests_cpp_110,q,0.06748466257668712,0.024539877300613498,0.04294478527607362,-4.749561309814453,-4.961822509765625,False,False
codecontests_cpp_110,k,0.10429447852760736,0.05521472392638037,0.049079754601226995,-4.558258056640625,-4.807159423828125,False,False
codecontests_cpp_110,v,0.0736196319018405,0.2607361963190184,-0.18711656441717792,-4.7088623046875,-3.748291015625,False,False
codecontests_cpp_110,z,-0.03067484662576687,0.04294478527607362,-0.0736196319018405,-5.248863220214844,-4.873138427734375,False,False
codecontests_java_110,q,0.046357615894039736,0.0,0.046357615894039736,-9.001152038574219,-9.435195922851562,False,False
codecontests_java_110,k,0.17880794701986755,0.17880794701986755,0.0,-7.7475433349609375,-7.749305725097656,False,False
codecontests_java_110,v,0.052980132450331126,0.046357615894039736,0.006622516556291391,-8.936294555664062,-8.999748229980469,False,False
codecontests_java_110,z,0.08609271523178808,0.07947019867549669,0.006622516556291391,-8.624244689941406,-8.679901123046875,False,False
apps_python_111,q,0.051643192488262914,0.03286384976525822,0.018779342723004695,-6.311431884765625,-6.4363555908203125,False,False
apps_python_111,k,0.06572769953051644,0.16901408450704225,-0.10328638497652583,-6.218242645263672,-5.529655456542969,False,False
apps_python_111,v,0.06572769953051644,0.13615023474178403,-0.07042253521126761,-6.217720031738281,-5.7489013671875,False,False
apps_python_111,z,-0.06572769953051644,-0.03755868544600939,-0.028169014084507043,-7.092720031738281,-6.9051361083984375,False,False
apps_python_112,q,0.017777777777777778,0.18222222222222223,-0.16444444444444445,-6.906115531921387,-5.748161315917969,False,False
apps_python_112,k,-0.057777777777777775,0.03111111111111111,-0.08888888888888889,-7.4312744140625,-6.810615539550781,False,False
apps_python_112,v,0.035555555555555556,0.035555555555555556,0.0,-6.7810258865356445,-6.781266808509827,False,False
apps_python_112,z,0.06222222222222222,0.008888888888888889,0.05333333333333334,-6.587921142578125,-6.963226318359375,False,False
codecontests_cpp_112,q,0.0,0.0,0.0,-2.9367446899414062,-2.936126708984375,False,False
codecontests_cpp_112,k,0.18617021276595744,0.09574468085106383,0.09042553191489362,-2.38623046875,-2.6543197631835938,False,False
codecontests_cpp_112,v,-0.22872340425531915,0.031914893617021274,-0.26063829787234044,-3.6059112548828125,-2.8431434631347656,False,False
codecontests_cpp_112,z,0.09574468085106383,0.1595744680851064,-0.06382978723404255,-2.6549758911132812,-2.464324951171875,False,False
codecontests_java_112,q,0.05333333333333334,0.022222222222222223,0.03111111111111111,-13.312835693359375,-13.747207641601562,False,False
codecontests_java_112,k,0.12,0.1511111111111111,-0.03111111111111111,-12.353759765625,-11.936771392822266,False,False
codecontests_java_112,v,0.035555555555555556,0.04,-0.0044444444444444444,-13.561965942382812,-13.494537353515625,False,False
codecontests_java_112,z,0.044444444444444446,0.07111111111111111,-0.02666666666666667,-13.437650680541992,-13.060752868652344,False,False
humaneval_python_112,q,-0.10194174757281553,0.05339805825242718,-0.1553398058252427,-1.7710113525390625,-1.5227737426757812,False,False
humaneval_python_112,k,0.21359223300970873,0.10679611650485436,0.10679611650485436,-1.2557373046875,-1.434478759765625,False,False
humaneval_python_112,v,-0.11165048543689321,-0.16990291262135923,0.05825242718446602,-1.7854766845703125,-1.87799072265625,False,False
humaneval_python_112,z,0.05339805825242718,0.16990291262135923,-0.11650485436893204,-1.5221633911132812,-1.330322265625,False,False
mbpp_python_112,q,-0.10824742268041238,0.0979381443298969,-0.20618556701030927,-3.3574600219726562,-2.7318115234375,False,False
mbpp_python_112,k,0.29896907216494845,0.29896907216494845,0.0,-2.1055908203125,-2.104736328125,False,False
mbpp_python_112,v,-0.05670103092783505,0.0,-0.05670103092783505,-3.19482421875,-3.0302200317382812,False,False
mbpp_python_112,z,0.3634020618556701,0.19072164948453607,0.17268041237113402,-1.881103515625,-2.44482421875,False,False
apps_python_113,q,-0.043795620437956206,-0.072992700729927,0.029197080291970802,-8.935928344726562,-9.187403202056885,False,False
apps_python_113,k,-0.06569343065693431,0.058394160583941604,-0.12408759124087591,-9.121856689453125,-8.061485290527344,False,False
apps_python_113,v,0.09854014598540146,0.20437956204379562,-0.10583941605839416,-7.7170867919921875,-6.809661865234375,False,False
apps_python_113,z,-0.043795620437956206,-0.072992700729927,0.029197080291970802,-8.935676574707031,-9.187013626098633,False,False
codecontests_cpp_113,q,-0.1878453038674033,0.011049723756906077,-0.19889502762430938,-3.34881591796875,-2.78668212890625,False,False
codecontests_cpp_113,k,-0.19889502762430938,-0.35359116022099446,0.15469613259668508,-3.38250732421875,-3.806640625,False,False
codecontests_cpp_113,v,-0.027624309392265192,0.0055248618784530384,-0.03314917127071823,-2.8944091796875,-2.8106536865234375,False,False
codecontests_cpp_113,z,-0.03314917127071823,-0.19337016574585636,0.16022099447513813,-2.9202423095703125,-3.367767333984375,False,False
codecontests_java_113,q,0.03375527426160337,0.05907172995780591,-0.02531645569620253,-3.577556610107422,-3.4825286865234375,False,False
codecontests_java_113,k,0.45569620253164556,0.2742616033755274,0.18143459915611815,-1.94287109375,-2.6651611328125,False,False
codecontests_java_113,v,-0.0379746835443038,0.3333333333333333,-0.37130801687763715,-3.8416595458984375,-2.433837890625,False,False
codecontests_java_113,z,0.270042194092827,0.39662447257383965,-0.12658227848101267,-2.67626953125,-2.1826171875,False,False
apps_python_114,q,0.19791666666666666,0.020833333333333332,0.17708333333333334,-4.8096160888671875,-5.8748016357421875,False,False
apps_python_114,k,0.16145833333333334,0.19791666666666666,-0.036458333333333336,-5.0289154052734375,-4.8074951171875,False,False
apps_python_114,v,0.078125,0.16145833333333334,-0.08333333333333333,-5.530677795410156,-5.030067443847656,False,False
apps_python_114,z,0.19791666666666666,0.09895833333333333,0.09895833333333333,-4.8102569580078125,-5.4045257568359375,False,False
codecontests_cpp_114,q,-0.13170731707317074,0.11707317073170732,-0.24878048780487805,-3.622100830078125,-2.81854248046875,False,False
codecontests_cpp_114,k,-0.18536585365853658,-0.07804878048780488,-0.1073170731707317,-3.789306640625,-3.44830322265625,False,False
codecontests_cpp_114,v,-0.3463414634146341,0.04390243902439024,-0.3902439024390244,-4.29638671875,-3.061737060546875,False,False
codecontests_cpp_114,z,-0.03414634146341464,-0.16585365853658537,0.13170731707317074,-3.3110733032226562,-3.7298583984375,False,False
codecontests_java_114,q,-0.05303030303030303,-0.05303030303030303,0.0,-8.680816650390625,-8.679931640625,False,False
codecontests_java_114,k,0.11363636363636363,0.10606060606060606,0.007575757575757576,-7.29345703125,-7.36285400390625,False,False
codecontests_java_114,v,0.022727272727272728,0.10606060606060606,-0.08333333333333333,-8.0421142578125,-7.3715667724609375,False,False
codecontests_java_114,z,0.09090909090909091,0.07575757575757576,0.015151515151515152,-7.48974609375,-7.61859130859375,False,False
codecontests_cpp_115,q,0.006024096385542169,0.23493975903614459,-0.2289156626506024,-2.575439453125,-1.97491455078125,False,False
codecontests_cpp_115,k,0.12048192771084337,0.3463855421686747,-0.22590361445783133,-2.277496337890625,-1.6688232421875,False,False
codecontests_cpp_115,v,-0.2710843373493976,-0.030120481927710843,-0.24096385542168675,-3.290008544921875,-2.670745849609375,False,False
codecontests_cpp_115,z,-0.07228915662650602,0.1566265060240964,-0.2289156626506024,-2.7781982421875,-2.183624267578125,False,False
codecontests_java_115,q,-0.027450980392156862,0.047058823529411764,-0.07450980392156863,-8.186241149902344,-7.593992233276367,False,False
codecontests_java_115,k,0.01568627450980392,0.01568627450980392,0.0,-7.844757080078125,-7.839080810546875,False,False
codecontests_java_115,v,0.12549019607843137,0.1607843137254902,-0.03529411764705882,-6.964569091796875,-6.68096923828125,False,False
codecontests_java_115,z,0.1411764705882353,0.03137254901960784,0.10980392156862745,-6.842475891113281,-7.719524383544922,False,False
humaneval_python_115,q,-0.11731843575418995,0.0446927374301676,-0.16201117318435754,-6.23834228515625,-5.342990875244141,False,False
humaneval_python_115,k,0.07262569832402235,0.07262569832402235,0.0,-5.17462158203125,-5.181427001953125,False,False
humaneval_python_115,v,-0.00558659217877095,0.055865921787709494,-0.061452513966480445,-5.6224212646484375,-5.273712158203125,False,False
humaneval_python_115,z,-0.09497206703910614,-0.0893854748603352,-0.00558659217877095,-6.11712646484375,-6.087432861328125,False,False
mbpp_python_115,q,-0.019736842105263157,-0.02631578947368421,0.006578947368421052,-4.843044281005859,-4.8737640380859375,False,False
mbpp_python_115,k,-0.07236842105263158,-0.039473684210526314,-0.03289473684210526,-5.092002868652344,-4.937250137329102,False,False
mbpp_python_115,v,-0.07894736842105263,-0.16447368421052633,0.08552631578947369,-5.118896484375,-5.5284271240234375,False,False
mbpp_python_115,z,0.05263157894736842,-0.06578947368421052,0.11842105263157894,-4.4910888671875,-5.061729431152344,False,False
apps_python_116,q,0.0056179775280898875,0.0,0.0056179775280898875,-2.765838623046875,-2.7804832458496094,False,False
apps_python_116,k,0.11235955056179775,0.19662921348314608,-0.08426966292134831,-2.466339111328125,-2.226715087890625,False,False
apps_python_116,v,0.03932584269662921,0.11797752808988764,-0.07865168539325842,-2.6717934608459473,-2.450775146484375,False,False
apps_python_116,z,-0.03932584269662921,0.03932584269662921,-0.07865168539325842,-2.891155242919922,-2.6715965270996094,False,False
codecontests_cpp_116,q,0.041884816753926704,-0.06282722513089005,0.10471204188481675,-5.717498779296875,-6.342613220214844,False,False
codecontests_cpp_116,k,0.12041884816753927,0.09947643979057591,0.020942408376963352,-5.248451232910156,-5.373809814453125,False,False
codecontests_cpp_116,v,-0.041884816753926704,0.09947643979057591,-0.14136125654450263,-6.217529296875,-5.3737640380859375,False,False
codecontests_cpp_116,z,-0.041884816753926704,0.020942408376963352,-0.06282722513089005,-6.217002868652344,-5.8417816162109375,False,False
codecontests_java_116,q,0.109375,0.020833333333333332,0.08854166666666667,-10.686515808105469,-11.749929904937744,False,False
codecontests_java_116,k,-0.09375,-0.07291666666666667,-0.020833333333333332,-13.123863220214844,-12.873954772949219,False,False
codecontests_java_116,v,-0.046875,-0.026041666666666668,-0.020833333333333332,-12.562295913696289,-12.312486469745636,False,False
codecontests_java_116,z,0.041666666666666664,0.015625,0.026041666666666668,-11.498786926269531,-11.81158447265625,False,False
humaneval_python_116,q,-0.05220883534136546,-0.10040160642570281,0.04819277108433735,-4.091957092285156,-4.280693054199219,False,False
humaneval_python_116,k,-0.10040160642570281,0.028112449799196786,-0.1285140562248996,-4.27880859375,-3.7799911499023438,False,False
humaneval_python_116,v,-0.12449799196787148,-0.008032128514056224,-0.11646586345381527,-4.373374938964844,-3.91650390625,False,False
humaneval_python_116,z,0.10843373493975904,-0.07630522088353414,0.18473895582329317,-3.46368408203125,-4.1859893798828125,False,False
apps_python_117,q,0.009708737864077669,-0.11650485436893204,0.1262135922330097,-6.374256134033203,-7.185089111328125,False,False
apps_python_117,k,-0.1553398058252427,-0.0970873786407767,-0.05825242718446602,-7.435768127441406,-7.0611572265625,False,False
apps_python_117,v,-0.038834951456310676,0.0,-0.038834951456310676,-6.685882568359375,-6.4359893798828125,False,False
apps_python_117,z,0.05339805825242718,-0.13592233009708737,0.18932038834951456,-6.0928955078125,-7.307464599609375,False,False
codecontests_cpp_117,q,0.1036036036036036,-0.009009009009009009,0.11261261261261261,-3.1083755493164062,-3.4981918334960938,False,False
codecontests_cpp_117,k,0.24324324324324326,0.3063063063063063,-0.06306306306306306,-2.61090087890625,-2.381103515625,False,False
codecontests_cpp_117,v,0.0045045045045045045,0.06756756756756757,-0.06306306306306306,-3.454376220703125,-3.2335357666015625,False,False
codecontests_cpp_117,z,0.03153153153153153,0.04504504504504504,-0.013513513513513514,-3.3569793701171875,-3.3110122680664062,False,False
codecontests_java_117,q,-0.06607929515418502,0.013215859030837005,-0.07929515418502203,-7.557159423828125,-6.998695373535156,False,False
codecontests_java_117,k,0.039647577092511016,0.10572687224669604,-0.06607929515418502,-6.79937744140625,-6.337860107421875,False,False
codecontests_java_117,v,-0.15418502202643172,0.0,-0.15418502202643172,-8.18487548828125,-7.092826843261719,False,False
codecontests_java_117,z,0.0881057268722467,0.07929515418502203,0.00881057268722467,-6.462890625,-6.514892578125,False,False
mbpp_python_117,q,0.0949367088607595,-0.0949367088607595,0.189873417721519,-2.2325439453125,-2.700897216796875,False,False
mbpp_python_117,k,-0.18354430379746836,-0.379746835443038,0.1962025316455696,-2.91473388671875,-3.380859375,False,False
mbpp_python_117,v,-0.18354430379746836,-0.3291139240506329,0.14556962025316456,-2.914794921875,-3.2608642578125,False,False
mbpp_python_117,z,-0.04430379746835443,-0.22784810126582278,0.18354430379746836,-2.5783023834228516,-3.02099609375,False,False
apps_python_118,q,0.004830917874396135,0.0,0.004830917874396135,-12.8646240234375,-12.931671142578125,False,False
apps_python_118,k,0.14009661835748793,0.22705314009661837,-0.08695652173913043,-11.10400390625,-9.983642578125,False,False
apps_python_118,v,0.01932367149758454,0.0,0.01932367149758454,-12.688766479492188,-12.9376802444458,False,False
apps_python_118,z,0.09178743961352658,0.004830917874396135,0.08695652173913043,-11.73834228515625,-12.8590087890625,False,False
codecontests_cpp_118,q,0.08426966292134831,-0.08426966292134831,0.16853932584269662,-2.54400634765625,-3.010406494140625,False,False
codecontests_cpp_118,k,-0.02247191011235955,0.0,-0.02247191011235955,-2.837158203125,-2.778717041015625,False,False
codecontests_cpp_118,v,-0.0056179775280898875,0.0,-0.0056179775280898875,-2.7949066162109375,-2.7807273864746094,False,False
codecontests_cpp_118,z,-0.15168539325842698,-0.0898876404494382,-0.06179775280898876,-3.18902587890625,-3.025634765625,False,False
codecontests_java_118,q,-0.06,0.06666666666666667,-0.12666666666666668,-9.936363220214844,-8.744659423828125,False,False
codecontests_java_118,k,0.27,0.32666666666666666,-0.056666666666666664,-6.8401336669921875,-6.30609130859375,False,False
codecontests_java_118,v,0.14,0.24,-0.1,-8.04888916015625,-7.11798095703125,False,False
codecontests_java_118,z,0.04,0.09333333333333334,-0.05333333333333334,-8.996002197265625,-8.4947509765625,False,False
apps_python_119,q,-0.05785123966942149,-0.09090909090909091,0.03305785123966942,-3.9971771240234375,-4.1224212646484375,False,False
apps_python_119,k,-0.30578512396694213,-0.18181818181818182,-0.12396694214876033,-4.92742919921875,-4.463714599609375,False,False
apps_python_119,v,-0.028925619834710745,0.03305785123966942,-0.06198347107438017,-3.8890380859375,-3.652099609375,False,False
apps_python_119,z,-0.11570247933884298,-0.05785123966942149,-0.05785123966942149,-4.21673583984375,-3.9987869262695312,False,False
humaneval_python_119,q,0.030864197530864196,-0.06172839506172839,0.09259259259259259,-4.901123046875,-5.374446868896484,False,False
humaneval_python_119,k,0.037037037037037035,-0.04938271604938271,0.08641975308641975,-4.86431884765625,-5.307464599609375,False,False
humaneval_python_119,v,0.11728395061728394,0.2037037037037037,-0.08641975308641975,-4.45721435546875,-4.0003662109375,False,False
humaneval_python_119,z,0.030864197530864196,-0.09259259259259259,0.12345679012345678,-4.9048919677734375,-5.5294647216796875,False,False
apps_python_120,q,-0.09166666666666666,-0.15,0.058333333333333334,-4.092815399169922,-4.3104248046875,False,False
apps_python_120,k,-0.05,-0.05,0.0,-3.9382057189941406,-3.9384613037109375,False,False
apps_python_120,v,-0.08333333333333333,-0.11666666666666667,0.03333333333333333,-4.062808990478516,-4.1854400634765625,False,False
apps_python_120,z,-0.10833333333333334,-0.05,-0.058333333333333334,-4.1551513671875,-3.9382553100585938,False,False
codecontests_java_120,q,-0.2111801242236025,-0.14285714285714285,-0.06832298136645963,-6.0912933349609375,-5.74847412109375,False,False
codecontests_java_120,k,-0.21739130434782608,0.018633540372670808,-0.2360248447204969,-6.120361328125,-4.935997009277344,False,False
codecontests_java_120,v,0.2111801242236025,0.13664596273291926,0.07453416149068323,-3.9632568359375,-4.34088134765625,False,False
codecontests_java_120,z,-0.09316770186335403,-0.043478260869565216,-0.049689440993788817,-5.4987945556640625,-5.24945068359375,False,False
humaneval_python_120,q,0.03398058252427184,0.0,0.03398058252427184,-3.108875274658203,-3.218324661254883,False,False
humaneval_python_120,k,0.1262135922330097,0.05825242718446602,0.06796116504854369,-2.8097686767578125,-3.0272216796875,False,False
humaneval_python_120,v,0.09223300970873786,0.1553398058252427,-0.06310679611650485,-2.9197998046875,-2.714508056640625,False,False
humaneval_python_120,z,0.0,0.21359223300970873,-0.21359223300970873,-3.2182579040527344,-2.52239990234375,False,False
apps_python_121,q,-0.07177033492822966,-0.03349282296650718,-0.03827751196172249,-3.4987030029296875,-3.3722991943359375,False,False
apps_python_121,k,-0.1674641148325359,-0.215311004784689,0.04784688995215311,-3.807891845703125,-3.963165283203125,False,False
apps_python_121,v,-0.3397129186602871,-0.37799043062200954,0.03827751196172249,-4.3626708984375,-4.48516845703125,False,False
apps_python_121,z,-0.07177033492822966,-0.2727272727272727,0.20095693779904306,-3.496368408203125,-4.1485595703125,False,False
codecontests_java_121,q,0.03286384976525822,-0.004694835680751174,0.03755868544600939,-6.432952880859375,-6.684967041015625,False,False
codecontests_java_121,k,0.22065727699530516,0.20187793427230047,0.018779342723004695,-5.180694580078125,-5.308929443359375,False,False
codecontests_java_121,v,-0.004694835680751174,0.1267605633802817,-0.13145539906103287,-6.68170166015625,-5.807647705078125,False,False
codecontests_java_121,z,0.19718309859154928,0.06103286384976526,0.13615023474178403,-5.340667724609375,-6.24603271484375,False,False
humaneval_python_121,q,-0.12133891213389121,-0.09623430962343096,-0.02510460251046025,-4.1796875,-4.0905914306640625,False,False
humaneval_python_121,k,0.04184100418410042,0.012552301255230125,0.029288702928870293,-3.570465087890625,-3.68084716796875,False,False
humaneval_python_121,v,-0.15481171548117154,0.07112970711297072,-0.22594142259414227,-4.3056640625,-3.46142578125,False,False
humaneval_python_121,z,0.05439330543933055,-0.13807531380753138,0.19246861924686193,-3.524658203125,-4.24346923828125,False,False
apps_python_122,q,0.08376963350785341,0.020942408376963352,0.06282722513089005,-5.4665069580078125,-5.843296051025391,False,False
apps_python_122,k,-0.020942408376963352,0.041884816753926704,-0.06282722513089005,-6.09417724609375,-5.71871280670166,False,False
apps_python_122,v,0.06282722513089005,0.020942408376963352,0.041884816753926704,-5.591796875,-5.8414764404296875,False,False
apps_python_122,z,0.09947643979057591,-0.07853403141361257,0.17801047120418848,-5.374340057373047,-6.436901092529297,False,False
codecontests_java_122,q,0.039473684210526314,0.1118421052631579,-0.07236842105263158,-9.0941162109375,-8.434173583984375,False,False
codecontests_java_122,k,0.11842105263157894,0.14473684210526316,-0.02631578947368421,-8.36029052734375,-8.1177978515625,False,False
codecontests_java_122,v,0.013157894736842105,0.06578947368421052,-0.05263157894736842,-9.3675537109375,-8.86065673828125,False,False
codecontests_java_122,z,0.125,0.125,0.0,-8.2999267578125,-8.2965087890625,False,False
apps_python_123,q,0.0,-0.037383177570093455,0.037383177570093455,-3.3433914184570312,-3.468120574951172,False,False
apps_python_123,k,-0.004672897196261682,-0.07009345794392523,0.06542056074766354,-3.3589935302734375,-3.5770111083984375,False,False
apps_python_123,v,0.037383177570093455,0.03271028037383177,0.004672897196261682,-3.218324661254883,-3.2336578369140625,False,False
apps_python_123,z,0.0,-0.037383177570093455,0.037383177570093455,-3.3436436653137207,-3.4683094024658203,False,False
codecontests_cpp_123,q,0.0707070707070707,-0.15656565656565657,0.22727272727272727,-2.8721771240234375,-3.571502685546875,False,False
codecontests_cpp_123,k,0.1919191919191919,0.25757575757575757,-0.06565656565656566,-2.492279052734375,-2.2777099609375,False,False
codecontests_cpp_123,v,0.2222222222222222,0.22727272727272727,-0.005050505050505051,-2.392822265625,-2.37884521484375,False,False
codecontests_cpp_123,z,0.14646464646464646,-0.010101010101010102,0.15656565656565657,-2.634674072265625,-3.121673583984375,False,False
codecontests_java_123,q,0.022058823529411766,-0.029411764705882353,0.051470588235294115,-8.309005737304688,-8.74072265625,False,False
codecontests_java_123,k,0.23529411764705882,0.21323529411764705,0.022058823529411766,-6.492767333984375,-6.67138671875,False,False
codecontests_java_123,v,-0.09558823529411764,-0.14705882352941177,0.051470588235294115,-9.2955322265625,-9.7318115234375,False,False
codecontests_java_123,z,0.11397058823529412,0.08455882352941177,0.029411764705882353,-7.5216064453125,-7.76922607421875,False,False
apps_python_124,q,0.04285714285714286,0.04285714285714286,0.0,-4.186332702636719,-4.186302185058594,False,False
apps_python_124,k,-0.02857142857142857,-0.05714285714285714,0.02857142857142857,-4.499183654785156,-4.6233978271484375,False,False
apps_python_124,v,0.10357142857142858,0.16428571428571428,-0.060714285714285714,-3.9188232421875,-3.65130615234375,False,False
apps_python_124,z,-0.02857142857142857,0.0,-0.02857142857142857,-4.4993896484375,-4.375017404556274,False,False
codecontests_cpp_124,q,0.0,0.07462686567164178,-0.07462686567164178,-4.185890197753906,-3.8720245361328125,False,False
codecontests_cpp_124,k,0.06716417910447761,0.2835820895522388,-0.21641791044776118,-3.90240478515625,-2.98785400390625,False,False
codecontests_cpp_124,v,0.17164179104477612,0.24253731343283583,-0.0708955223880597,-3.464447021484375,-3.16314697265625,False,False
codecontests_cpp_124,z,-0.21641791044776118,-0.05223880597014925,-0.16417910447761194,-5.090667724609375,-4.4048004150390625,False,False
codecontests_java_124,q,-0.03875968992248062,0.10465116279069768,-0.1434108527131783,-8.372451782226562,-7.219089508056641,False,False
codecontests_java_124,k,0.13565891472868216,0.11627906976744186,0.01937984496124031,-6.9667816162109375,-7.1211700439453125,False,False
codecontests_java_124,v,0.06201550387596899,0.13565891472868216,-0.07364341085271318,-7.5619354248046875,-6.9665374755859375,False,False
codecontests_java_124,z,0.027131782945736434,0.046511627906976744,-0.01937984496124031,-7.842094421386719,-7.686779022216797,False,False
humaneval_python_124,q,0.03225806451612903,0.07526881720430108,-0.043010752688172046,-2.810882568359375,-2.6869430541992188,False,False
humaneval_python_124,k,-0.11827956989247312,0.0,-0.11827956989247312,-3.245147705078125,-2.9048995971679688,False,False
humaneval_python_124,v,-0.11827956989247312,-0.15591397849462366,0.03763440860215054,-3.245819091796875,-3.350341796875,False,False
humaneval_python_124,z,-0.11827956989247312,-0.16129032258064516,0.043010752688172046,-3.2463226318359375,-3.370574951171875,False,False
apps_python_125,q,0.04666666666666667,0.07333333333333333,-0.02666666666666667,-4.4653472900390625,-4.343341827392578,False,False
apps_python_125,k,0.02666666666666667,0.07333333333333333,-0.04666666666666667,-4.562661170959473,-4.343013763427734,False,False
apps_python_125,v,0.0,-0.05333333333333334,0.05333333333333334,-4.686439514160156,-4.937427997589111,False,False
apps_python_125,z,0.09333333333333334,0.04666666666666667,0.04666666666666667,-4.248504638671875,-4.467952728271484,False,False
codecontests_cpp_125,q,0.021621621621621623,-0.10810810810810811,0.12972972972972974,-5.655242919921875,-6.4045562744140625,False,False
codecontests_cpp_125,k,-0.10270270270270271,-0.08108108108108109,-0.021621621621621623,-6.369720458984375,-6.243865966796875,False,False
codecontests_cpp_125,v,0.21081081081081082,0.14594594594594595,0.06486486486486487,-4.558197021484375,-4.9337921142578125,False,False
codecontests_cpp_125,z,-0.14594594594594595,-0.05945945945945946,-0.08648648648648649,-6.62017822265625,-6.117279052734375,False,False
codecontests_java_125,q,0.013953488372093023,0.013953488372093023,0.0,-13.246429443359375,-13.246444702148438,False,False
codecontests_java_125,k,0.09302325581395349,0.16279069767441862,-0.06976744186046512,-12.184707641601562,-11.248390197753906,False,False
codecontests_java_125,v,0.05581395348837209,0.10232558139534884,-0.046511627906976744,-12.67901611328125,-12.057159423828125,False,False
codecontests_java_125,z,0.06976744186046512,0.12558139534883722,-0.05581395348837209,-12.495697021484375,-11.74273681640625,False,False
humaneval_python_125,q,-0.12903225806451613,-0.12903225806451613,0.0,-2.7316436767578125,-2.7317047119140625,False,False
humaneval_python_125,k,-0.3548387096774194,-0.3548387096774194,0.0,-3.26641845703125,-3.26605224609375,False,False
humaneval_python_125,v,-0.21935483870967742,-0.21935483870967742,0.0,-2.9466552734375,-2.94659423828125,False,False
humaneval_python_125,z,0.12903225806451613,-0.08387096774193549,0.2129032258064516,-2.104949951171875,-2.623992919921875,False,False
apps_python_126,q,-0.0330188679245283,0.05188679245283019,-0.08490566037735849,-6.843067169189453,-6.279632568359375,False,False
apps_python_126,k,-0.20754716981132076,-0.24528301886792453,0.03773584905660377,-7.998161315917969,-8.248374938964844,False,False
apps_python_126,v,-0.330188679245283,0.0,-0.330188679245283,-8.80694580078125,-6.624122619628906,False,False
apps_python_126,z,-0.10849056603773585,-0.07075471698113207,-0.03773584905660377,-7.343181610107422,-7.092845916748047,False,False
codecontests_cpp_126,q,0.13541666666666666,-0.027777777777777776,0.16319444444444445,-3.88702392578125,-4.62091064453125,False,False
codecontests_cpp_126,k,0.08333333333333333,-0.034722222222222224,0.11805555555555555,-4.1221160888671875,-4.651031494140625,False,False
codecontests_cpp_126,v,0.0763888888888889,0.0763888888888889,0.0,-4.1525115966796875,-4.1526336669921875,False,False
codecontests_cpp_126,z,0.1111111111111111,0.0763888888888889,0.034722222222222224,-3.9957275390625,-4.152252197265625,False,False
codecontests_java_126,q,0.043478260869565216,0.08333333333333333,-0.03985507246376811,-4.11517333984375,-3.94744873046875,False,False
codecontests_java_126,k,0.2608695652173913,0.13043478260869565,0.13043478260869565,-3.183624267578125,-3.7499724626541138,False,False
codecontests_java_126,v,0.13768115942028986,0.18115942028985507,-0.043478260869565216,-3.7164154052734375,-3.528717041015625,False,False
codecontests_java_126,z,0.2572463768115942,0.18840579710144928,0.06884057971014493,-3.20098876953125,-3.49786376953125,False,False
apps_python_127,q,0.09433962264150944,0.18867924528301888,-0.09433962264150944,-2.9984664916992188,-2.682830810546875,False,False
apps_python_127,k,0.09905660377358491,0.25,-0.1509433962264151,-2.9823150634765625,-2.47515869140625,False,False
apps_python_127,v,0.3113207547169811,0.22169811320754718,0.08962264150943396,-2.2633056640625,-2.5640869140625,False,False
apps_python_127,z,0.2169811320754717,0.22169811320754718,-0.0047169811320754715,-2.5855712890625,-2.56878662109375,False,False
codecontests_cpp_127,q,-0.20863309352517986,-0.1079136690647482,-0.10071942446043165,-2.6168212890625,-2.4027557373046875,False,False
codecontests_cpp_127,k,-0.4316546762589928,-0.4316546762589928,0.0,-3.072509765625,-3.072509765625,False,False
codecontests_cpp_127,v,-0.09352517985611511,-0.4172661870503597,0.3237410071942446,-2.36956787109375,-3.041748046875,False,False
codecontests_cpp_127,z,-0.2589928057553957,-0.09352517985611511,-0.16546762589928057,-2.72027587890625,-2.3736572265625,False,False
codecontests_java_127,q,-0.028089887640449437,0.02247191011235955,-0.05056179775280899,-5.7177581787109375,-5.4346771240234375,False,False
codecontests_java_127,k,0.2247191011235955,0.03932584269662921,0.1853932584269663,-4.307281494140625,-5.343475341796875,False,False
codecontests_java_127,v,0.20224719101123595,-0.02247191011235955,0.2247191011235955,-4.433868408203125,-5.6863250732421875,False,False
codecontests_java_127,z,0.08426966292134831,0.06179775280898876,0.02247191011235955,-5.093059539794922,-5.216926574707031,False,False
apps_python_128,q,-0.02727272727272727,-0.02727272727272727,0.0,-3.5309410095214844,-3.5306129455566406,False,False
apps_python_128,k,-0.10454545454545454,-0.2,0.09545454545454546,-3.79449462890625,-4.119049072265625,False,False
apps_python_128,v,0.04090909090909091,-0.23636363636363636,0.2772727272727273,-3.296506881713867,-4.2412109375,False,False
apps_python_128,z,-0.23636363636363636,-0.3090909090909091,0.07272727272727272,-4.24127197265625,-4.48699951171875,False,False
apps_python_129,q,0.2222222222222222,0.09333333333333334,0.1288888888888889,-2.72607421875,-3.1863250732421875,False,False
apps_python_129,k,0.37333333333333335,0.31555555555555553,0.057777777777777775,-2.1748046875,-2.3878173828125,False,False
apps_python_129,v,-0.02666666666666667,0.19111111111111112,-0.21777777777777776,-3.6099090576171875,-2.838043212890625,False,False
apps_python_129,z,0.2222222222222222,0.22666666666666666,-0.0044444444444444444,-2.726715087890625,-2.7110595703125,False,False
codecontests_java_129,q,-0.056910569105691054,-0.06504065040650407,0.008130081300813009,-2.0292205810546875,-2.0435333251953125,False,False
codecontests_java_129,k,-0.11382113821138211,0.10569105691056911,-0.21951219512195122,-2.1374359130859375,-1.71563720703125,False,False
codecontests_java_129,v,-0.5609756097560976,0.04878048780487805,-0.6097560975609756,-2.95263671875,-1.82427978515625,False,False
codecontests_java_129,z,0.24796747967479674,0.4878048780487805,-0.23983739837398374,-1.42578125,-0.89697265625,False,False
apps_python_130,q,0.06666666666666667,0.16666666666666666,-0.1,-3.0619468688964844,-2.7305908203125,False,False
apps_python_130,k,0.06666666666666667,0.16666666666666666,-0.1,-3.06195068359375,-2.7312774658203125,False,False
apps_python_130,v,0.07142857142857142,0.1,-0.02857142857142857,-3.046356201171875,-2.9521636962890625,False,False
apps_python_130,z,-0.02857142857142857,-0.02857142857142857,0.0,-3.3751401901245117,-3.3750455379486084,False,False
codecontests_cpp_130,q,0.25471698113207547,-0.09433962264150944,0.3490566037735849,-3.6865234375,-5.43328857421875,False,False
codecontests_cpp_130,k,0.22327044025157233,0.0,0.22327044025157233,-3.850830078125,-4.967845916748047,False,False
codecontests_cpp_130,v,0.4088050314465409,0.22327044025157233,0.18553459119496854,-2.90576171875,-3.852294921875,False,False
codecontests_cpp_130,z,0.05660377358490566,-0.18867924528301888,0.24528301886792453,-4.67767333984375,-5.89630126953125,False,False
codecontests_java_130,q,0.028368794326241134,-0.014184397163120567,0.0425531914893617,-8.562122344970703,-8.93634033203125,False,False
codecontests_java_130,k,0.20567375886524822,0.24468085106382978,-0.03900709219858156,-6.995941162109375,-6.64874267578125,False,False
codecontests_java_130,v,0.3120567375886525,0.1347517730496454,0.1773049645390071,-6.058013916015625,-7.6185302734375,False,False
codecontests_java_130,z,-0.06382978723404255,-0.014184397163120567,-0.04964539007092199,-9.374605178833008,-8.936634063720703,False,False
humaneval_python_130,q,0.0,-0.12258064516129032,0.12258064516129032,-2.42165470123291,-2.7173843383789062,False,False
humaneval_python_130,k,-0.03225806451612903,-0.0967741935483871,0.06451612903225806,-2.4971923828125,-2.6548233032226562,False,False
humaneval_python_130,v,0.03225806451612903,-0.06451612903225806,0.0967741935483871,-2.342681884765625,-2.5763015747070312,False,False
humaneval_python_130,z,0.0,0.0967741935483871,-0.0967741935483871,-2.421344757080078,-2.1868743896484375,False,False
mbpp_python_130,q,-0.07926829268292683,-0.03048780487804878,-0.04878048780487805,-2.7624664306640625,-2.6395339965820312,False,False
mbpp_python_130,k,0.13414634146341464,0.1402439024390244,-0.006097560975609756,-2.2117919921875,-2.1954345703125,False,False
mbpp_python_130,v,-0.25609756097560976,-0.21341463414634146,-0.042682926829268296,-3.2071533203125,-3.10015869140625,False,False
mbpp_python_130,z,-0.13414634146341464,0.006097560975609756,-0.1402439024390244,-2.90216064453125,-2.5458908081054688,False,False
apps_python_131,q,-0.10614525139664804,0.05027932960893855,-0.1564245810055866,-6.17449951171875,-5.3040771484375,False,False
apps_python_131,k,-0.1787709497206704,-0.1340782122905028,-0.0446927374301676,-6.588623046875,-6.339996337890625,False,False
apps_python_131,v,-0.1564245810055866,-0.01675977653631285,-0.13966480446927373,-6.464630126953125,-5.67816162109375,False,False
apps_python_131,z,-0.15083798882681565,-0.10614525139664804,-0.0446927374301676,-6.43316650390625,-6.18194580078125,False,False
codecontests_cpp_131,q,0.12558139534883722,-0.04186046511627907,0.16744186046511628,-5.8729248046875,-6.9986114501953125,False,False
codecontests_cpp_131,k,-0.20930232558139536,-0.11162790697674418,-0.09767441860465116,-8.120758056640625,-7.4654541015625,False,False
codecontests_cpp_131,v,0.009302325581395349,-0.04186046511627907,0.05116279069767442,-6.65093994140625,-6.986083984375,False,False
codecontests_cpp_131,z,0.037209302325581395,0.19069767441860466,-0.15348837209302327,-6.468219757080078,-5.4354400634765625,False,False
codecontests_java_131,q,0.16091954022988506,0.09195402298850575,0.06896551724137931,-9.118133544921875,-9.8485107421875,False,False
codecontests_java_131,k,0.1896551724137931,0.1724137931034483,0.017241379310344827,-8.8076171875,-8.99090576171875,False,False
codecontests_java_131,v,0.16666666666666666,0.22413793103448276,-0.05747126436781609,-9.0579833984375,-8.4215087890625,False,False
codecontests_java_131,z,0.13218390804597702,0.11494252873563218,0.017241379310344827,-9.4322509765625,-9.6170654296875,False,False
humaneval_python_131,q,-0.023255813953488372,-0.06976744186046512,0.046511627906976744,-5.499210357666016,-5.7490997314453125,False,False
humaneval_python_131,k,0.23837209302325582,0.0872093023255814,0.1511627906976744,-4.087066650390625,-4.9042816162109375,False,False
humaneval_python_131,v,0.06395348837209303,0.03488372093023256,0.029069767441860465,-5.029380798339844,-5.18377685546875,False,False
humaneval_python_131,z,-0.046511627906976744,-0.09302325581395349,0.046511627906976744,-5.62139892578125,-5.8727569580078125,False,False
apps_python_132,q,-0.025157232704402517,-0.0440251572327044,0.018867924528301886,-5.0923309326171875,-5.187472939491272,False,False
apps_python_132,k,-0.0440251572327044,-0.06918238993710692,0.025157232704402517,-5.186985015869141,-5.31201171875,False,False
apps_python_132,v,-0.23270440251572327,-0.16352201257861634,-0.06918238993710692,-6.11956787109375,-5.77825927734375,False,False
apps_python_132,z,-0.18867924528301888,-0.11320754716981132,-0.07547169811320754,-5.90130615234375,-5.529930114746094,False,False
codecontests_cpp_132,q,0.20512820512820512,0.015384615384615385,0.18974358974358974,-4.83563232421875,-5.999362945556641,False,False
codecontests_cpp_132,k,0.43333333333333335,0.29743589743589743,0.1358974358974359,-3.43603515625,-4.270263671875,False,False
codecontests_cpp_132,v,0.4153846153846154,0.4717948717948718,-0.05641025641025641,-3.5494384765625,-3.198974609375,False,False
codecontests_cpp_132,z,0.18974358974358974,0.1282051282051282,0.06153846153846154,-4.9337158203125,-5.30364990234375,False,False
codecontests_java_132,q,0.08866995073891626,0.019704433497536946,0.06896551724137931,-11.560104370117188,-12.42669677734375,False,False
codecontests_java_132,k,0.07389162561576355,0.029556650246305417,0.04433497536945813,-11.747390747070312,-12.311508178710938,False,False
codecontests_java_132,v,0.13793103448275862,0.024630541871921183,0.11330049261083744,-10.9267578125,-12.372848510742188,False,False
codecontests_java_132,z,0.014778325123152709,-0.10837438423645321,0.12315270935960591,-12.494842529296875,-14.05108642578125,False,False
apps_python_133,q,-0.08450704225352113,-0.323943661971831,0.23943661971830985,-4.8104400634765625,-5.868408203125,False,False
apps_python_133,k,-0.16901408450704225,-0.08450704225352113,-0.08450704225352113,-5.182159423828125,-4.8096160888671875,False,False
apps_python_133,v,-0.11267605633802817,-0.056338028169014086,-0.056338028169014086,-4.933074951171875,-4.686637878417969,False,False
apps_python_133,z,-0.19014084507042253,-0.1619718309859155,-0.028169014084507043,-5.2786712646484375,-5.154144287109375,False,False
codecontests_java_133,q,-0.20454545454545456,-0.06818181818181818,-0.13636363636363635,-6.61834716796875,-5.8739013671875,False,False
codecontests_java_133,k,0.06818181818181818,0.20454545454545456,-0.13636363636363635,-5.124420166015625,-4.37030029296875,False,False
codecontests_java_133,v,0.0625,0.18181818181818182,-0.11931818181818182,-5.14801025390625,-4.49603271484375,False,False
codecontests_java_133,z,0.19886363636363635,0.09090909090909091,0.10795454545454546,-4.39959716796875,-4.99859619140625,False,False
mbpp_python_133,q,-0.09401709401709402,-0.0641025641025641,-0.029914529914529916,-3.9979705810546875,-3.889556884765625,False,False
mbpp_python_133,k,0.15384615384615385,0.029914529914529916,0.12393162393162394,-3.087799072265625,-3.546062469482422,False,False
mbpp_python_133,v,-0.1282051282051282,-0.1282051282051282,0.0,-4.1218719482421875,-4.121734619140625,False,False
mbpp_python_133,z,0.15384615384615385,0.029914529914529916,0.12393162393162394,-3.088653564453125,-3.5464344024658203,False,False
apps_python_134,q,0.10480349344978165,0.1965065502183406,-0.09170305676855896,-3.1937255859375,-2.87060546875,False,False
apps_python_134,k,0.2838427947598253,0.05240174672489083,0.2314410480349345,-2.552490234375,-3.3880615234375,False,False
apps_python_134,v,0.13973799126637554,0.2576419213973799,-0.11790393013100436,-3.0745697021484375,-2.646484375,False,False
apps_python_134,z,0.07860262008733625,0.0,0.07860262008733625,-3.2953567504882812,-3.5777015686035156,False,False
codecontests_cpp_134,q,-0.1487603305785124,-0.15702479338842976,0.008264462809917356,-4.3405609130859375,-4.372100830078125,False,False
codecontests_cpp_134,k,-0.18181818181818182,0.1322314049586777,-0.3140495867768595,-4.462890625,-3.278411865234375,False,False
codecontests_cpp_134,v,0.34710743801652894,0.10330578512396695,0.24380165289256198,-2.44091796875,-3.387420654296875,False,False
codecontests_cpp_134,z,-0.024793388429752067,-0.12396694214876033,0.09917355371900827,-3.8735122680664062,-4.2477874755859375,False,False
codecontests_java_134,q,-0.12446351931330472,-0.06866952789699571,-0.055793991416309016,-8.184005737304688,-7.777801513671875,False,False
codecontests_java_134,k,-0.14163090128755365,-0.16738197424892703,0.02575107296137339,-8.310409545898438,-8.49560546875,False,False
codecontests_java_134,v,0.07296137339055794,0.13733905579399142,-0.06437768240343347,-6.74188232421875,-6.27435302734375,False,False
codecontests_java_134,z,0.034334763948497854,-0.08583690987124463,0.12017167381974249,-7.02880859375,-7.903533935546875,False,False
apps_python_135,q,-0.17834394904458598,-0.1337579617834395,-0.044585987261146494,-2.883544921875,-2.777557373046875,False,False
apps_python_135,k,0.044585987261146494,-0.050955414012738856,0.09554140127388536,-2.34222412109375,-2.5750579833984375,False,False
apps_python_135,v,-0.1464968152866242,-0.3248407643312102,0.17834394904458598,-2.80279541015625,-3.2313232421875,False,False
apps_python_135,z,-0.22929936305732485,-0.12738853503184713,-0.10191082802547771,-3.00537109375,-2.75982666015625,False,False
apps_python_136,q,-0.19487179487179487,0.03076923076923077,-0.22564102564102564,-3.63214111328125,-2.94805908203125,False,False
apps_python_136,k,0.07179487179487179,-0.005128205128205128,0.07692307692307693,-2.8267059326171875,-3.060791015625,False,False
apps_python_136,v,0.13846153846153847,-0.08205128205128205,0.2205128205128205,-2.61767578125,-3.291595458984375,False,False
apps_python_136,z,-0.14358974358974358,0.041025641025641026,-0.18461538461538463,-3.478179931640625,-2.922292709350586,False,False
codecontests_cpp_136,q,0.09202453987730061,-0.09202453987730061,0.18404907975460122,-2.3035888671875,-2.77606201171875,False,False
codecontests_cpp_136,k,0.07975460122699386,-0.09815950920245399,0.17791411042944785,-2.3355712890625,-2.7918701171875,False,False
codecontests_cpp_136,v,-0.19631901840490798,-0.10429447852760736,-0.09202453987730061,-3.03265380859375,-2.803466796875,False,False
codecontests_cpp_136,z,0.2147239263803681,0.13496932515337423,0.07975460122699386,-1.98773193359375,-2.195068359375,False,False
codecontests_java_136,q,0.14444444444444443,0.05185185185185185,0.09259259259259259,-7.2108154296875,-8.000968933105469,False,False
codecontests_java_136,k,0.21481481481481482,0.16666666666666666,0.04814814814814815,-6.6165771484375,-7.031059265136719,False,False
codecontests_java_136,v,0.3814814814814815,0.24074074074074073,0.14074074074074075,-5.1978759765625,-6.4028472900390625,False,False
codecontests_java_136,z,0.2777777777777778,0.15925925925925927,0.11851851851851852,-6.088531494140625,-7.09136962890625,False,False
codecontests_cpp_137,q,-0.07006369426751592,0.10191082802547771,-0.17197452229299362,-5.249637603759766,-4.405452728271484,False,False
codecontests_cpp_137,k,-0.12101910828025478,-0.025477707006369428,-0.09554140127388536,-5.498878479003906,-5.031162738800049,False,False
codecontests_cpp_137,v,0.07643312101910828,0.17197452229299362,-0.09554140127388536,-4.530801773071289,-4.05975341796875,False,False
codecontests_cpp_137,z,-0.07006369426751592,-0.025477707006369428,-0.044585987261146494,-5.249351501464844,-5.0300140380859375,False,False
codecontests_java_137,q,-0.007042253521126761,-0.014084507042253521,0.007042253521126761,-8.936141967773438,-9.000065803527832,False,False
codecontests_java_137,k,0.18661971830985916,0.18661971830985916,0.0,-7.21478271484375,-7.214599609375,False,False
codecontests_java_137,v,0.1443661971830986,0.22887323943661972,-0.08450704225352113,-7.588836669921875,-6.83544921875,False,False
codecontests_java_137,z,0.04225352112676056,0.07746478873239436,-0.035211267605633804,-8.498825073242188,-8.184921264648438,False,False
humaneval_python_137,q,-0.20187793427230047,0.03286384976525822,-0.2347417840375587,-3.9970550537109375,-3.2150726318359375,False,False
humaneval_python_137,k,-0.4272300469483568,-0.2112676056338028,-0.215962441314554,-4.740478515625,-4.027191162109375,False,False
humaneval_python_137,v,0.03286384976525822,0.09389671361502347,-0.06103286384976526,-3.2163543701171875,-3.0139007568359375,False,False
humaneval_python_137,z,-0.06103286384976526,0.03286384976525822,-0.09389671361502347,-3.5300827026367188,-3.217998504638672,False,False
apps_python_138,q,0.13545816733067728,0.09163346613545817,0.043824701195219126,-3.38787841796875,-3.556640625,False,False
apps_python_138,k,0.10756972111553785,0.0,0.10756972111553785,-3.4984970092773438,-3.9207229614257812,False,False
apps_python_138,v,0.27091633466135456,0.16334661354581673,0.10756972111553785,-2.85174560546875,-3.2783660888671875,False,False
apps_python_138,z,0.1394422310756972,-0.05179282868525897,0.19123505976095617,-3.370025634765625,-4.124555587768555,False,False
codecontests_cpp_138,q,-0.3357664233576642,-0.1386861313868613,-0.19708029197080293,-5.70855712890625,-4.8712005615234375,False,False
codecontests_cpp_138,k,0.1386861313868613,0.10948905109489052,0.029197080291970802,-3.681610107421875,-3.80328369140625,False,False
codecontests_cpp_138,v,0.014598540145985401,0.1386861313868613,-0.12408759124087591,-4.20672607421875,-3.68145751953125,False,False
codecontests_cpp_138,z,0.0,0.09124087591240876,-0.09124087591240876,-4.2804412841796875,-3.8892135620117188,False,False
codecontests_java_138,q,0.0,0.07462686567164178,-0.07462686567164178,-6.279502868652344,-5.810760498046875,False,False
codecontests_java_138,k,0.05970149253731343,0.0845771144278607,-0.024875621890547265,-5.8922119140625,-5.743988037109375,False,False
codecontests_java_138,v,0.07960199004975124,0.03980099502487562,0.03980099502487562,-5.7797393798828125,-6.029022216796875,False,False
codecontests_java_138,z,0.10945273631840796,0.27860696517412936,-0.1691542288557214,-5.5912628173828125,-4.523773193359375,False,False
codecontests_cpp_139,q,-0.4842105263157895,-0.4842105263157895,0.0,-4.36865234375,-4.36865234375,False,False
codecontests_cpp_139,k,-0.2,-0.042105263157894736,-0.15789473684210525,-3.552490234375,-3.0919113159179688,False,False
codecontests_cpp_139,v,-0.23684210526315788,-0.24210526315789474,0.005263157894736842,-3.6568603515625,-3.67413330078125,False,False
codecontests_cpp_139,z,-0.042105263157894736,0.11578947368421053,-0.15789473684210525,-3.09124755859375,-2.618804931640625,False,False
codecontests_java_139,q,-0.0273224043715847,-0.060109289617486336,0.03278688524590164,-11.746994018554688,-12.1156005859375,False,False
codecontests_java_139,k,-0.02185792349726776,0.01092896174863388,-0.03278688524590164,-11.67938232421875,-11.309524536132812,False,False
codecontests_java_139,v,0.01639344262295082,-0.0273224043715847,0.04371584699453552,-11.250350952148438,-11.74737548828125,False,False
codecontests_java_139,z,0.060109289617486336,0.03825136612021858,0.02185792349726776,-10.74810791015625,-10.996185302734375,False,False
humaneval_python_139,q,-0.006060606060606061,0.0,-0.006060606060606061,-5.18524169921875,-5.156131267547607,False,False
humaneval_python_139,k,-0.09696969696969697,-0.006060606060606061,-0.09090909090909091,-5.64739990234375,-5.183013916015625,False,False
humaneval_python_139,v,-0.1393939393939394,-0.048484848484848485,-0.09090909090909091,-5.8687744140625,-5.405036926269531,False,False
humaneval_python_139,z,-0.006060606060606061,0.04242424242424243,-0.048484848484848485,-5.18206787109375,-4.936439514160156,False,False
apps_python_140,q,-0.014285714285714285,-0.04285714285714286,0.02857142857142857,-8.874195098876953,-9.124134063720703,False,False
apps_python_140,k,-0.07857142857142857,0.0,-0.07857142857142857,-9.430145263671875,-8.73193359375,False,False
apps_python_140,v,-0.11428571428571428,-0.02142857142857143,-0.09285714285714286,-9.74310302734375,-8.935440063476562,False,False
apps_python_140,z,0.05714285714285714,0.04285714285714286,0.014285714285714285,-8.248184204101562,-8.372756958007812,False,False
codecontests_cpp_140,q,0.09433962264150944,-0.018867924528301886,0.11320754716981132,-4.4994354248046875,-5.06109619140625,False,False
codecontests_cpp_140,k,0.18867924528301888,0.3113207547169811,-0.12264150943396226,-4.0277557373046875,-3.398681640625,False,False
codecontests_cpp_140,v,-0.1949685534591195,-0.1320754716981132,-0.06289308176100629,-5.93243408203125,-5.6233673095703125,False,False
codecontests_cpp_140,z,0.09433962264150944,-0.006289308176100629,0.10062893081761007,-4.4987030029296875,-4.99102783203125,False,False
codecontests_java_140,q,0.06875,0.13125,-0.0625,-9.311149597167969,-8.68646240234375,False,False
codecontests_java_140,k,0.21875,0.20625,0.0125,-7.810546875,-7.9348297119140625,False,False
codecontests_java_140,v,0.13125,0.25625,-0.125,-8.684051513671875,-7.4349517822265625,False,False
codecontests_java_140,z,0.25625,0.20625,0.05,-7.43402099609375,-7.9347381591796875,False,False
mbpp_python_140,q,-0.029411764705882353,-0.07563025210084033,0.046218487394957986,-7.655006408691406,-7.999271392822266,False,False
mbpp_python_140,k,-0.029411764705882353,0.09663865546218488,-0.12605042016806722,-7.6551666259765625,-6.717838287353516,False,False
mbpp_python_140,v,-0.09243697478991597,-0.029411764705882353,-0.06302521008403361,-8.123298645019531,-7.655750274658203,False,False
mbpp_python_140,z,0.0,-0.01680672268907563,0.01680672268907563,-7.436515808105469,-7.561725616455078,False,False
apps_python_141,q,0.12903225806451613,0.13440860215053763,-0.005376344086021506,-5.061004638671875,-5.030942916870117,False,False
apps_python_141,k,0.21505376344086022,0.21505376344086022,0.0,-4.559417724609375,-4.5598297119140625,False,False
apps_python_141,v,-0.03763440860215054,0.03763440860215054,-0.07526881720430108,-6.0295257568359375,-5.593845367431641,False,False
apps_python_141,z,0.07526881720430108,0.16129032258064516,-0.08602150537634409,-5.3721160888671875,-4.869049072265625,False,False
codecontests_cpp_141,q,0.0,-0.3142857142857143,0.3142857142857143,-2.1861114501953125,-2.8558349609375,False,False
codecontests_cpp_141,k,-0.4928571428571429,-0.007142857142857143,-0.4857142857142857,-3.22216796875,-2.2020111083984375,False,False
codecontests_cpp_141,v,-0.4142857142857143,-0.2571428571428571,-0.15714285714285714,-3.05908203125,-2.732177734375,False,False
codecontests_cpp_141,z,-0.5571428571428572,-0.14285714285714285,-0.4142857142857143,-3.35693359375,-2.495269775390625,False,False
codecontests_java_141,q,0.26291079812206575,0.14084507042253522,0.12206572769953052,-4.89434814453125,-5.711151123046875,False,False
codecontests_java_141,k,0.13615023474178403,0.22065727699530516,-0.08450704225352113,-5.737060546875,-5.18115234375,False,False
codecontests_java_141,v,0.06103286384976526,0.16901408450704225,-0.107981220657277,-6.2352294921875,-5.46875,False,False
codecontests_java_141,z,0.0,0.09859154929577464,-0.09859154929577464,-6.6490478515625,-5.982666015625,False,False
apps_python_142,q,0.0958904109589041,0.0958904109589041,0.0,-2.0607833862304688,-2.06048583984375,False,False
apps_python_142,k,0.21575342465753425,0.136986301369863,0.07876712328767123,-1.7679443359375,-1.96429443359375,False,False
apps_python_142,v,0.08904109589041095,0.13013698630136986,-0.0410958904109589,-2.07525634765625,-1.97808837890625,False,False
apps_python_142,z,0.0,0.04794520547945205,-0.04794520547945205,-2.281158924102783,-2.171844482421875,False,False
codecontests_cpp_142,q,-0.027210884353741496,-0.047619047619047616,0.02040816326530612,-4.717323303222656,-4.8128509521484375,False,False
codecontests_cpp_142,k,0.17006802721088435,0.02040816326530612,0.14965986394557823,-3.80352783203125,-4.49578857421875,False,False
codecontests_cpp_142,v,0.23129251700680273,0.05442176870748299,0.17687074829931973,-3.52081298828125,-4.34398078918457,False,False
codecontests_cpp_142,z,-0.19727891156462585,-0.12244897959183673,-0.07482993197278912,-5.4979400634765625,-5.1556854248046875,False,False
codecontests_java_142,q,0.015957446808510637,-0.03723404255319149,0.05319148936170213,-11.56155014038086,-12.187843322753906,False,False
codecontests_java_142,k,0.015957446808510637,0.12234042553191489,-0.10638297872340426,-11.55474853515625,-10.31167984008789,False,False
codecontests_java_142,v,0.06914893617021277,0.11702127659574468,-0.047872340425531915,-10.936744689941406,-10.374938011169434,False,False
codecontests_java_142,z,0.05319148936170213,0.06382978723404255,-0.010638297872340425,-11.124137878417969,-10.999888896942139,False,False
apps_python_143,q,0.04310344827586207,-0.03879310344827586,0.08189655172413793,-6.936939239501953,-7.530181884765625,False,False
apps_python_143,k,0.01293103448275862,0.04310344827586207,-0.03017241379310345,-7.1544036865234375,-6.937128067016602,False,False
apps_python_143,v,0.01293103448275862,0.0603448275862069,-0.04741379310344827,-7.155067443847656,-6.812328338623047,False,False
apps_python_143,z,0.04310344827586207,-0.008620689655172414,0.05172413793103448,-6.937643051147461,-7.312896728515625,False,False
codecontests_cpp_143,q,0.18928571428571428,-0.02857142857142857,0.21785714285714286,-3.540191650390625,-4.499869346618652,False,False
codecontests_cpp_143,k,-0.02857142857142857,0.05,-0.07857142857142857,-4.498481750488281,-4.1525421142578125,False,False
codecontests_cpp_143,v,0.16428571428571428,-0.05714285714285714,0.22142857142857142,-3.652587890625,-4.6231842041015625,False,False
codecontests_cpp_143,z,-0.02857142857142857,0.02857142857142857,-0.05714285714285714,-4.499727249145508,-4.248115539550781,False,False
codecontests_java_143,q,0.0,-0.012903225806451613,0.012903225806451613,-9.682861328125,-9.809616088867188,False,False
codecontests_java_143,k,-0.03225806451612903,-0.06451612903225806,0.03225806451612903,-9.9903564453125,-10.306304931640625,False,False
codecontests_java_143,v,-0.03870967741935484,-0.07096774193548387,0.03225806451612903,-10.061447143554688,-10.370208740234375,False,False
codecontests_java_143,z,0.1032258064516129,-0.025806451612903226,0.12903225806451613,-8.686134338378906,-9.934799194335938,False,False
apps_python_144,q,-0.016877637130801686,0.03375527426160337,-0.05063291139240506,-7.530021667480469,-7.155582427978516,False,False
apps_python_144,k,0.08016877637130802,0.08438818565400844,-0.004219409282700422,-6.809478759765625,-6.780735015869141,False,False
apps_python_144,v,0.03375527426160337,-0.016877637130801686,0.05063291139240506,-7.151947021484375,-7.530885696411133,False,False
apps_python_144,z,0.0,-0.016877637130801686,0.016877637130801686,-7.405250549316406,-7.53105354309082,False,False
codecontests_java_144,q,-0.045714285714285714,0.022857142857142857,-0.06857142857142857,-5.716217041015625,-5.3418426513671875,False,False
codecontests_java_144,k,0.3057142857142857,0.24571428571428572,0.06,-3.7841796875,-4.11712646484375,False,False
codecontests_java_144,v,0.045714285714285714,0.33714285714285713,-0.2914285714285714,-5.2158203125,-3.60791015625,False,False
codecontests_java_144,z,0.06857142857142857,0.17714285714285713,-0.10857142857142857,-5.090179443359375,-4.4951171875,False,False
mbpp_python_144,q,-0.12432432432432433,0.03783783783783784,-0.16216216216216217,-3.247283935546875,-2.7815628051757812,False,False
mbpp_python_144,k,-0.11351351351351352,0.032432432432432434,-0.14594594594594595,-3.2164154052734375,-2.7952346801757812,False,False
mbpp_python_144,v,0.07027027027027027,0.15135135135135136,-0.08108108108108109,-2.68695068359375,-2.4447021484375,False,False
mbpp_python_144,z,-0.08648648648648649,0.03783783783783784,-0.12432432432432433,-3.1391143798828125,-2.780994415283203,False,False
codecontests_cpp_145,q,-0.05217391304347826,0.06521739130434782,-0.11739130434782609,-7.561271667480469,-6.717826843261719,False,False
codecontests_cpp_145,k,-0.030434782608695653,0.14782608695652175,-0.1782608695652174,-7.40576171875,-6.12371826171875,False,False
codecontests_cpp_145,v,0.030434782608695653,0.11739130434782609,-0.08695652173913043,-6.964874267578125,-6.341987609863281,False,False
codecontests_cpp_145,z,0.0,0.11739130434782609,-0.11739130434782609,-7.187139511108398,-6.3394775390625,False,False
codecontests_java_145,q,0.0,0.0045871559633027525,-0.0045871559633027525,-13.623489379882812,-13.559310913085938,False,False
codecontests_java_145,k,-0.022935779816513763,-0.06422018348623854,0.04128440366972477,-13.936203002929688,-14.498832702636719,False,False
codecontests_java_145,v,0.05963302752293578,-0.0045871559633027525,0.06422018348623854,-12.811164855957031,-13.686885833740234,False,False
codecontests_java_145,z,0.0,0.027522935779816515,-0.027522935779816515,-13.623489379882812,-13.249454498291016,False,False
humaneval_python_145,q,0.14356435643564355,0.10396039603960396,0.039603960396039604,-2.698822021484375,-2.8250732421875,False,False
humaneval_python_145,k,0.039603960396039604,-0.0049504950495049506,0.04455445544554455,-3.0306777954101562,-3.1689910888671875,False,False
humaneval_python_145,v,0.17326732673267325,0.14356435643564355,0.0297029702970297,-2.602447509765625,-2.6983642578125,False,False
humaneval_python_145,z,0.0,0.06930693069306931,-0.06930693069306931,-3.1552658081054688,-2.9345245361328125,False,False
apps_python_146,q,0.10828025477707007,0.08280254777070063,0.025477707006369428,-4.373130798339844,-4.498283386230469,False,False
apps_python_146,k,0.03184713375796178,0.10828025477707007,-0.07643312101910828,-4.750408172607422,-4.374057769775391,False,False
apps_python_146,v,0.050955414012738856,0.025477707006369428,0.025477707006369428,-4.6547393798828125,-4.780858993530273,False,False
apps_python_146,z,0.10828025477707007,0.08280254777070063,0.025477707006369428,-4.3690185546875,-4.498680114746094,False,False
codecontests_java_146,q,-0.043859649122807015,-0.02631578947368421,-0.017543859649122806,-7.4355926513671875,-7.311317443847656,False,False
codecontests_java_146,k,0.2149122807017544,0.043859649122807015,0.17105263157894737,-5.58349609375,-6.80291748046875,False,False
codecontests_java_146,v,-0.16666666666666666,-0.06140350877192982,-0.10526315789473684,-8.30328369140625,-7.5577392578125,False,False
codecontests_java_146,z,0.05701754385964912,0.043859649122807015,0.013157894736842105,-6.717792510986328,-6.80316162109375,False,False
codecontests_cpp_147,q,0.14953271028037382,0.03271028037383177,0.11682242990654206,-5.686286926269531,-6.4673919677734375,False,False
codecontests_cpp_147,k,-0.04205607476635514,-0.018691588785046728,-0.02336448598130841,-6.962310791015625,-6.805419921875,False,False
codecontests_cpp_147,v,0.20093457943925233,0.14485981308411214,0.056074766355140186,-5.341644287109375,-5.7165679931640625,False,False
codecontests_cpp_147,z,0.056074766355140186,-0.04672897196261682,0.102803738317757,-6.30889892578125,-6.994354248046875,False,False
codecontests_java_147,q,0.05641025641025641,0.010256410256410256,0.046153846153846156,-11.4822998046875,-12.057861328125,False,False
codecontests_java_147,k,0.18461538461538463,0.14358974358974358,0.041025641025641026,-9.89892578125,-10.4091796875,False,False
codecontests_java_147,v,0.06666666666666667,0.15897435897435896,-0.09230769230769231,-11.36956787109375,-10.23834228515625,False,False
codecontests_java_147,z,0.14871794871794872,0.10256410256410256,0.046153846153846156,-10.348388671875,-10.9254150390625,False,False
mbpp_python_147,q,-0.035,-0.11,0.075,-6.466926574707031,-6.9361724853515625,False,False
mbpp_python_147,k,0.0,-0.07,0.07,-6.2474365234375,-6.686103820800781,False,False
mbpp_python_147,v,-0.06,-0.175,0.115,-6.6212615966796875,-7.3382568359375,False,False
mbpp_python_147,z,0.04,-0.035,0.075,-5.996490478515625,-6.46612548828125,False,False
apps_python_148,q,-0.06569343065693431,-0.11678832116788321,0.051094890510948905,-4.5605621337890625,-4.77923583984375,False,False
apps_python_148,k,-0.058394160583941604,-0.11678832116788321,0.058394160583941604,-4.529792785644531,-4.7785797119140625,False,False
apps_python_148,v,0.051094890510948905,-0.0364963503649635,0.08759124087591241,-4.060813903808594,-4.4352569580078125,False,False
apps_python_148,z,-0.11678832116788321,-0.058394160583941604,-0.058394160583941604,-4.77813720703125,-4.530204772949219,False,False
codecontests_cpp_148,q,-0.16766467065868262,0.041916167664670656,-0.20958083832335328,-3.042022705078125,-2.5001955032348633,False,False
codecontests_cpp_148,k,-0.2634730538922156,-0.3532934131736527,0.08982035928143713,-3.2822265625,-3.5089111328125,False,False
codecontests_cpp_148,v,-0.08383233532934131,-0.2155688622754491,0.1317365269461078,-2.827259063720703,-3.16473388671875,False,False
codecontests_cpp_148,z,-0.31137724550898205,-0.2275449101796407,-0.08383233532934131,-3.405029296875,-3.1922607421875,False,False
codecontests_java_148,q,0.27586206896551724,0.08275862068965517,0.19310344827586207,-6.5598907470703125,-8.31121826171875,False,False
codecontests_java_148,k,0.041379310344827586,0.1482758620689655,-0.10689655172413794,-8.6822509765625,-7.70947265625,False,False
codecontests_java_148,v,0.16551724137931034,0.05517241379310345,0.1103448275862069,-7.55853271484375,-8.559677124023438,False,False
codecontests_java_148,z,0.20689655172413793,0.1206896551724138,0.08620689655172414,-7.1839752197265625,-7.96270751953125,False,False
humaneval_python_148,q,0.010050251256281407,-0.08040201005025126,0.09045226130653267,-3.0785274505615234,-3.356170654296875,False,False
humaneval_python_148,k,0.10552763819095477,-0.10552763819095477,0.21105527638190955,-2.7773590087890625,-3.437257766723633,False,False
humaneval_python_148,v,0.17587939698492464,-0.04020100502512563,0.21608040201005024,-2.55419921875,-3.2342729568481445,False,False
humaneval_python_148,z,-0.1407035175879397,-0.10050251256281408,-0.04020100502512563,-3.5459632873535156,-3.42179012298584,False,False
mbpp_python_148,q,0.08904109589041095,0.0958904109589041,-0.00684931506849315,-2.07568359375,-2.0599517822265625,False,False
mbpp_python_148,k,0.04794520547945205,-0.18493150684931506,0.2328767123287671,-2.1706695556640625,-2.696044921875,False,False
mbpp_python_148,v,0.18493150684931506,0.18493150684931506,0.0,-1.849365234375,-1.85009765625,False,False
mbpp_python_148,z,-0.04794520547945205,0.04794520547945205,-0.0958904109589041,-2.389617919921875,-2.1710357666015625,False,False
codecontests_cpp_149,q,-0.12222222222222222,0.03888888888888889,-0.16111111111111112,-3.1533966064453125,-2.7019195556640625,False,False
codecontests_cpp_149,k,0.11666666666666667,0.11666666666666667,0.0,-2.477508544921875,-2.478485107421875,False,False
codecontests_cpp_149,v,-0.044444444444444446,0.16111111111111112,-0.20555555555555555,-2.934051513671875,-2.351654052734375,False,False
codecontests_cpp_149,z,-0.17222222222222222,-0.044444444444444446,-0.12777777777777777,-3.289154052734375,-2.934295654296875,False,False
codecontests_java_149,q,0.09352517985611511,0.07194244604316546,0.02158273381294964,-7.8564453125,-8.060798645019531,False,False
codecontests_java_149,k,0.09712230215827339,0.07194244604316546,0.025179856115107913,-7.842620849609375,-8.05780029296875,False,False
codecontests_java_149,v,0.04316546762589928,0.07913669064748201,-0.03597122302158273,-8.30718994140625,-7.9980621337890625,False,False
codecontests_java_149,z,0.09712230215827339,0.11151079136690648,-0.014388489208633094,-7.842582702636719,-7.712738037109375,False,False
humaneval_python_149,q,0.0,-0.03255813953488372,0.03255813953488372,-3.359321117401123,-3.4684085845947266,False,False
humaneval_python_149,k,-0.03255813953488372,-0.03255813953488372,0.0,-3.468446731567383,-3.468564033508301,False,False
humaneval_python_149,v,-0.03255813953488372,-0.19069767441860466,0.15813953488372093,-3.4681472778320312,-3.99591064453125,False,False
humaneval_python_149,z,-0.03255813953488372,-0.12093023255813953,0.08837209302325581,-3.4684696197509766,-3.7643661499023438,False,False
mbpp_python_149,q,0.07792207792207792,0.11688311688311688,-0.03896103896103896,-2.2166595458984375,-2.1228790283203125,False,False
mbpp_python_149,k,0.0,0.11688311688311688,-0.11688311688311688,-2.4038848876953125,-2.1215057373046875,False,False
mbpp_python_149,v,0.07792207792207792,0.0,0.07792207792207792,-2.214385986328125,-2.405315399169922,False,False
mbpp_python_149,z,0.03896103896103896,-0.18831168831168832,0.22727272727272727,-2.3120460510253906,-2.8555145263671875,False,False
apps_python_150,q,-0.04477611940298507,-0.07462686567164178,0.029850746268656716,-4.337890625,-4.4862060546875,False,False
apps_python_150,k,0.16044776119402984,0.029850746268656716,0.13059701492537312,-3.506591796875,-4.0599212646484375,False,False
apps_python_150,v,0.10074626865671642,0.12313432835820895,-0.022388059701492536,-3.76287841796875,-3.664093017578125,False,False
apps_python_150,z,0.08955223880597014,0.16417910447761194,-0.07462686567164178,-3.81048583984375,-3.495452880859375,False,False
apps_python_151,q,-0.6363636363636364,-0.5050505050505051,-0.13131313131313133,-2.4775390625,-2.291259765625,False,False
apps_python_151,k,-0.43434343434343436,-0.37373737373737376,-0.06060606060606061,-2.1900634765625,-2.1019287109375,False,False
apps_python_151,v,-0.1717171717171717,-0.30303030303030304,0.13131313131313133,-1.8062744140625,-1.9991455078125,False,False
apps_python_151,z,-0.30303030303030304,-0.37373737373737376,0.0707070707070707,-1.9991455078125,-2.1031494140625,False,False
codecontests_java_151,q,-0.09740259740259741,-0.09740259740259741,0.0,-5.2798309326171875,-5.2801666259765625,False,False
codecontests_java_151,k,0.01948051948051948,0.1038961038961039,-0.08441558441558442,-4.7166290283203125,-4.3103790283203125,False,False
codecontests_java_151,v,-0.05844155844155844,0.025974025974025976,-0.08441558441558442,-5.0909881591796875,-4.686763763427734,False,False
codecontests_java_151,z,0.2694805194805195,0.17532467532467533,0.09415584415584416,-3.5050048828125,-3.96417236328125,False,False
humaneval_python_151,q,-0.007692307692307693,-0.16153846153846155,0.15384615384615385,-2.0457611083984375,-2.352813720703125,False,False
humaneval_python_151,k,-0.1076923076923077,-0.1076923076923077,0.0,-2.246673583984375,-2.2470703125,False,False
humaneval_python_151,v,-0.05384615384615385,0.15,-0.20384615384615384,-2.1386566162109375,-1.719268798828125,False,False
humaneval_python_151,z,0.1,0.1,0.0,-1.825714111328125,-1.8255767822265625,False,False
apps_python_152,q,-0.15753424657534246,-0.2328767123287671,0.07534246575342465,-5.275604248046875,-5.6201171875,False,False
apps_python_152,k,0.0273972602739726,0.10273972602739725,-0.07534246575342465,-4.43365478515625,-4.089202880859375,False,False
apps_python_152,v,0.0547945205479452,0.13356164383561644,-0.07876712328767123,-4.30999755859375,-3.947906494140625,False,False
apps_python_152,z,-0.10273972602739725,-0.02054794520547945,-0.0821917808219178,-5.0291900634765625,-4.652099609375,False,False
codecontests_cpp_152,q,0.0,-0.03111111111111111,0.03111111111111111,-3.5159530639648438,-3.6247291564941406,False,False
codecontests_cpp_152,k,-0.21777777777777776,-0.37777777777777777,0.16,-4.26947021484375,-4.8248291015625,False,False
codecontests_cpp_152,v,-0.035555555555555556,-0.30666666666666664,0.27111111111111114,-3.6401748657226562,-4.57977294921875,False,False
codecontests_cpp_152,z,-0.06666666666666667,0.0,-0.06666666666666667,-3.7483367919921875,-3.5130462646484375,False,False
codecontests_java_152,q,0.0,0.043795620437956206,-0.043795620437956206,-8.561187744140625,-8.188163757324219,False,False
codecontests_java_152,k,0.08759124087591241,0.058394160583941604,0.029197080291970802,-7.8103485107421875,-8.0589599609375,False,False
codecontests_java_152,v,0.058394160583941604,0.08759124087591241,-0.029197080291970802,-8.05767822265625,-7.806915283203125,False,False
codecontests_java_152,z,0.029197080291970802,0.11678832116788321,-0.08759124087591241,-8.312324523925781,-7.55908203125,False,False
apps_python_153,q,-0.09655172413793103,-0.020689655172413793,-0.07586206896551724,-4.9676971435546875,-4.624446868896484,False,False
apps_python_153,k,0.07586206896551724,0.1482758620689655,-0.07241379310344828,-4.1862945556640625,-3.8560638427734375,False,False
apps_python_153,v,-0.15172413793103448,0.05517241379310345,-0.20689655172413793,-5.2169189453125,-4.280609130859375,False,False
apps_python_153,z,-0.1724137931034483,0.027586206896551724,-0.2,-5.310600280761719,-4.40609073638916,False,False
codecontests_cpp_153,q,-0.03804347826086957,0.0,-0.03804347826086957,-2.983478546142578,-2.8747386932373047,False,False
codecontests_cpp_153,k,-0.24456521739130435,-0.20652173913043478,-0.03804347826086957,-3.56683349609375,-3.46038818359375,False,False
codecontests_cpp_153,v,-0.45652173913043476,-0.005434782608695652,-0.45108695652173914,-4.1568603515625,-2.88922119140625,False,False
codecontests_cpp_153,z,-0.20652173913043478,-0.005434782608695652,-0.20108695652173914,-3.4603271484375,-2.8892745971679688,False,False
codecontests_java_153,q,-0.011049723756906077,-0.011049723756906077,0.0,-11.436264038085938,-11.437164306640625,False,False
codecontests_java_153,k,0.20441988950276244,0.055248618784530384,0.14917127071823205,-8.99737548828125,-10.687032699584961,False,False
codecontests_java_153,v,0.19337016574585636,0.15469613259668508,0.03867403314917127,-9.124962329864502,-9.561527252197266,False,False
codecontests_java_153,z,0.06629834254143646,0.016574585635359115,0.049723756906077346,-10.562664031982422,-11.124256134033203,False,False
apps_python_154,q,-0.01875,-0.06875,0.05,-2.54278564453125,-2.664581298828125,False,False
apps_python_154,k,-0.13125,-0.05625,-0.075,-2.794189453125,-2.6239013671875,False,False
apps_python_154,v,0.04375,0.05,-0.00625,-2.38043212890625,-2.374187469482422,False,False
apps_python_154,z,0.0,-0.18125,0.18125,-2.4995174407958984,-2.9493865966796875,False,False
codecontests_cpp_154,q,0.06751054852320675,0.04219409282700422,0.02531645569620253,-3.453348159790039,-3.546989917755127,False,False
codecontests_cpp_154,k,-0.06329113924050633,0.05907172995780591,-0.12236286919831224,-3.9368820190429688,-3.4835891723632812,False,False
codecontests_cpp_154,v,0.0970464135021097,0.2489451476793249,-0.1518987341772152,-3.3433494567871094,-2.7703857421875,False,False
codecontests_cpp_154,z,-0.08860759493670886,-0.189873417721519,0.10126582278481013,-4.030996322631836,-4.40228271484375,False,False
codecontests_java_154,q,0.02358490566037736,0.1320754716981132,-0.10849056603773585,-12.932342529296875,-11.497100830078125,False,False
codecontests_java_154,k,0.22169811320754718,0.17452830188679244,0.04716981132075472,-10.30792236328125,-10.935775756835938,False,False
codecontests_java_154,v,0.14622641509433962,0.09433962264150944,0.05188679245283019,-11.312004089355469,-11.997039794921875,False,False
codecontests_java_154,z,0.12264150943396226,0.10377358490566038,0.018867924528301886,-11.61456298828125,-11.871841430664062,False,False
humaneval_python_154,q,-0.3416666666666667,-0.2833333333333333,-0.058333333333333334,-2.49462890625,-2.3916015625,False,False
humaneval_python_154,k,0.10833333333333334,-0.175,0.2833333333333333,-1.6681060791015625,-2.195892333984375,False,False
humaneval_python_154,v,0.05416666666666667,-0.11666666666666667,0.17083333333333334,-1.7717666625976562,-2.090362548828125,False,False
humaneval_python_154,z,-0.5083333333333333,-0.225,-0.2833333333333333,-2.78759765625,-2.2867431640625,False,False
apps_python_155,q,-0.02336448598130841,-0.07476635514018691,0.0514018691588785,-3.421677589416504,-3.593303680419922,False,False
apps_python_155,k,-0.02336448598130841,0.07009345794392523,-0.09345794392523364,-3.4219013452529907,-3.107635498046875,False,False
apps_python_155,v,-0.14018691588785046,-0.04205607476635514,-0.09813084112149532,-3.811573028564453,-3.47833251953125,False,False
apps_python_155,z,-0.07009345794392523,-0.02336448598130841,-0.04672897196261682,-3.5776710510253906,-3.4216136932373047,False,False
apps_python_156,q,0.0,0.0163265306122449,-0.0163265306122449,-3.8233642578125,-3.7640533447265625,False,False
apps_python_156,k,-0.15918367346938775,-0.14285714285714285,-0.0163265306122449,-4.42852783203125,-4.358642578125,False,False
apps_python_156,v,-0.2571428571428571,0.0163265306122449,-0.27346938775510204,-4.7802734375,-3.7640533447265625,False,False
apps_python_156,z,0.11836734693877551,0.0,0.11836734693877551,-3.368408203125,-3.823333740234375,False,False
codecontests_cpp_156,q,0.029069767441860465,-0.040697674418604654,0.06976744186046512,-5.2168121337890625,-5.592185974121094,False,False
codecontests_cpp_156,k,-0.05232558139534884,-0.06395348837209303,0.011627906976744186,-5.64923095703125,-5.718311309814453,False,False
codecontests_cpp_156,v,-0.09302325581395349,-0.18023255813953487,0.0872093023255814,-5.8720855712890625,-6.341461181640625,False,False
codecontests_cpp_156,z,-0.1569767441860465,-0.22674418604651161,0.06976744186046512,-6.217231750488281,-6.590301513671875,False,False
codecontests_java_156,q,0.0449438202247191,-0.016853932584269662,0.06179775280898876,-10.623687744140625,-11.313117980957031,False,False
codecontests_java_156,k,0.14606741573033707,0.1404494382022472,0.0056179775280898875,-9.49970817565918,-9.563068389892578,False,False
codecontests_java_156,v,-0.016853932584269662,0.07303370786516854,-0.0898876404494382,-11.310829162597656,-10.31326675415039,False,False
codecontests_java_156,z,0.0449438202247191,0.0449438202247191,0.0,-10.620086669921875,-10.622161865234375,False,False
apps_python_157,q,0.08450704225352113,0.11619718309859155,-0.03169014084507042,-4.060333251953125,-3.917572021484375,False,False
apps_python_157,k,0.2746478873239437,0.1936619718309859,0.08098591549295775,-3.20068359375,-3.56439208984375,False,False
apps_python_157,v,0.2746478873239437,0.3028169014084507,-0.028169014084507043,-3.1993408203125,-3.070556640625,False,False
apps_python_157,z,0.13732394366197184,0.16901408450704225,-0.03169014084507042,-3.824676513671875,-3.67779541015625,False,False
codecontests_java_157,q,0.05389221556886228,-0.023952095808383235,0.07784431137724551,-9.871261596679688,-10.68511962890625,False,False
codecontests_java_157,k,0.27245508982035926,0.19161676646706588,0.08083832335329341,-7.58868408203125,-8.432281494140625,False,False
codecontests_java_157,v,0.19161676646706588,0.0718562874251497,0.11976047904191617,-8.4322509765625,-9.681640625,False,False
codecontests_java_157,z,0.16766467065868262,0.03592814371257485,0.1317365269461078,-8.682281494140625,-10.059890747070312,False,False
apps_python_158,q,-0.164021164021164,0.0,-0.164021164021164,-3.435302734375,-2.953129082918167,False,False
apps_python_158,k,0.12698412698412698,0.2275132275132275,-0.10052910052910052,-2.575469970703125,-2.27239990234375,False,False
apps_python_158,v,0.031746031746031744,0.031746031746031744,0.0,-2.8587074279785156,-2.859435558319092,False,False
apps_python_158,z,0.031746031746031744,0.06349206349206349,-0.031746031746031744,-2.8585166931152344,-2.7644729614257812,False,False
codecontests_cpp_158,q,-0.1005586592178771,0.1452513966480447,-0.24581005586592178,-3.07354736328125,-2.386199951171875,False,False
codecontests_cpp_158,k,-0.10614525139664804,-0.26256983240223464,0.1564245810055866,-3.0770263671875,-3.50048828125,False,False
codecontests_cpp_158,v,0.24581005586592178,0.0335195530726257,0.2122905027932961,-2.09906005859375,-2.6826171875,False,False
codecontests_cpp_158,z,0.0,-0.27932960893854747,0.27932960893854747,-2.7977752685546875,-3.56585693359375,False,False
codecontests_java_158,q,-0.0136986301369863,0.0,-0.0136986301369863,-6.936309814453125,-6.8415374755859375,False,False
codecontests_java_158,k,0.228310502283105,0.1552511415525114,0.0730593607305936,-5.27197265625,-5.77569580078125,False,False
codecontests_java_158,v,0.3013698630136986,0.1643835616438356,0.136986301369863,-4.77215576171875,-5.71478271484375,False,False
codecontests_java_158,z,0.1780821917808219,0.2557077625570776,-0.0776255707762557,-5.6214141845703125,-5.087005615234375,False,False
codecontests_cpp_159,q,-0.025157232704402517,0.050314465408805034,-0.07547169811320754,-5.093328475952148,-4.718223571777344,False,False
codecontests_cpp_159,k,0.025157232704402517,0.14465408805031446,-0.11949685534591195,-4.843454360961914,-4.2463226318359375,False,False
codecontests_cpp_159,v,0.3018867924528302,0.06918238993710692,0.23270440251572327,-3.45538330078125,-4.6232452392578125,False,False
codecontests_cpp_159,z,0.09433962264150944,0.09433962264150944,0.0,-4.4979705810546875,-4.4978790283203125,False,False
codecontests_java_159,q,0.01646090534979424,-0.04938271604938271,0.06584362139917696,-7.46905517578125,-7.967689514160156,False,False
codecontests_java_159,k,0.03292181069958848,0.04938271604938271,-0.01646090534979424,-7.343734622001648,-7.217815399169922,False,False
codecontests_java_159,v,-0.06172839506172839,-0.04938271604938271,-0.012345679012345678,-8.061653137207031,-7.966972351074219,False,False
codecontests_java_159,z,-0.06172839506172839,0.0,-0.06172839506172839,-8.060966491699219,-7.591827392578125,False,False
apps_python_160,q,0.1261682242990654,0.11214953271028037,0.014018691588785047,-2.916595458984375,-2.9653778076171875,False,False
apps_python_160,k,0.028037383177570093,0.014018691588785047,0.014018691588785047,-3.24884033203125,-3.29095458984375,False,False
apps_python_160,v,-0.18691588785046728,-0.0794392523364486,-0.10747663551401869,-3.961700439453125,-3.599609375,False,False
apps_python_160,z,0.004672897196261682,0.102803738317757,-0.09813084112149532,-3.3251953125,-2.994842529296875,False,False
codecontests_java_160,q,-0.7880794701986755,-0.4370860927152318,-0.3509933774834437,-4.1416015625,-3.361328125,False,False
codecontests_java_160,k,-0.3443708609271523,-0.23841059602649006,-0.10596026490066225,-3.150634765625,-2.90960693359375,False,False
codecontests_java_160,v,-0.1986754966887417,0.3079470198675497,-0.5066225165562914,-2.8155517578125,-1.60009765625,False,False
codecontests_java_160,z,0.09271523178807947,-0.09933774834437085,0.19205298013245034,-2.1376800537109375,-2.591766357421875,False,False
apps_python_161,q,-0.012195121951219513,0.06707317073170732,-0.07926829268292683,-2.58880615234375,-2.387847900390625,False,False
apps_python_161,k,-0.08536585365853659,-0.012195121951219513,-0.07317073170731707,-2.7780303955078125,-2.5905609130859375,False,False
apps_python_161,v,0.036585365853658534,0.10975609756097561,-0.07317073170731707,-2.467876434326172,-2.278472900390625,False,False
apps_python_161,z,-0.036585365853658534,-0.07317073170731707,0.036585365853658534,-2.6558074951171875,-2.7489395141601562,False,False
codecontests_cpp_161,q,-0.3807531380753138,-0.18828451882845187,-0.19246861924686193,-2.53857421875,-2.20855712890625,False,False
codecontests_cpp_161,k,0.0794979079497908,0.2594142259414226,-0.1799163179916318,-1.713287353515625,-1.35498046875,False,False
codecontests_cpp_161,v,-0.5899581589958159,-0.26359832635983266,-0.3263598326359833,-2.89697265625,-2.337158203125,False,False
codecontests_cpp_161,z,-0.32217573221757323,-0.04184100418410042,-0.2803347280334728,-2.4400634765625,-1.9441452026367188,False,False
codecontests_java_161,q,-0.023529411764705882,-0.06470588235294118,0.041176470588235294,-5.4350128173828125,-5.654945373535156,False,False
codecontests_java_161,k,0.023529411764705882,0.1588235294117647,-0.13529411764705881,-5.1827392578125,-4.4635009765625,False,False
codecontests_java_161,v,-0.11764705882352941,0.047058823529411764,-0.16470588235294117,-5.93048095703125,-5.060089111328125,False,False
codecontests_java_161,z,-0.01764705882352941,-0.01764705882352941,0.0,-5.406169891357422,-5.406273365020752,False,False
humaneval_python_161,q,0.0,-0.042328042328042326,0.042328042328042326,-2.9532246589660645,-3.0771026611328125,False,False
humaneval_python_161,k,-0.07407407407407407,-0.18518518518518517,0.1111111111111111,-3.1706390380859375,-3.495635986328125,False,False
humaneval_python_161,v,-0.2222222222222222,-0.2222222222222222,0.0,-3.6036376953125,-3.6036376953125,False,False
humaneval_python_161,z,-0.005291005291005291,-0.1111111111111111,0.10582010582010581,-2.9677734375,-3.2789764404296875,False,False
apps_python_162,q,-0.02962962962962963,-0.08888888888888889,0.05925925925925926,-4.343412399291992,-4.5911865234375,False,False
apps_python_162,k,0.10740740740740741,0.07777777777777778,0.02962962962962963,-3.760467529296875,-3.887664794921875,False,False
apps_python_162,v,0.13333333333333333,0.1,0.03333333333333333,-3.64678955078125,-3.7872314453125,False,False
apps_python_162,z,0.0,0.02962962962962963,-0.02962962962962963,-4.219110488891602,-4.092853546142578,False,False
codecontests_cpp_162,q,-0.18064516129032257,-0.025806451612903226,-0.15483870967741936,-5.7162933349609375,-4.968349456787109,False,False
codecontests_cpp_162,k,-0.12903225806451613,-0.025806451612903226,-0.1032258064516129,-5.4672698974609375,-4.968591690063477,False,False
codecontests_cpp_162,v,-0.3032258064516129,-0.2064516129032258,-0.0967741935483871,-6.30645751953125,-5.840606689453125,False,False
codecontests_cpp_162,z,-0.32903225806451614,-0.2064516129032258,-0.12258064516129032,-6.430908203125,-5.8407440185546875,False,False
codecontests_java_162,q,-0.21076233183856502,-0.10762331838565023,-0.1031390134529148,-4.2119140625,-3.8566131591796875,False,False
codecontests_java_162,k,-0.273542600896861,-0.3542600896860987,0.08071748878923767,-4.42572021484375,-4.70166015625,False,False
codecontests_java_162,v,0.10762331838565023,0.07174887892376682,0.03587443946188341,-3.1076278686523438,-3.2323760986328125,False,False
codecontests_java_162,z,-0.10762331838565023,-0.07174887892376682,-0.03587443946188341,-3.856842041015625,-3.7330169677734375,False,False
apps_python_163,q,-0.0457516339869281,-0.16339869281045752,0.11764705882352941,-5.0020294189453125,-5.55584716796875,False,False
apps_python_163,k,0.0457516339869281,-0.27450980392156865,0.3202614379084967,-4.5636138916015625,-6.062255859375,False,False
apps_python_163,v,-0.026143790849673203,-0.2679738562091503,0.24183006535947713,-4.908111572265625,-6.014892578125,False,False
apps_python_163,z,0.09803921568627451,-0.08496732026143791,0.1830065359477124,-4.2852783203125,-5.185752868652344,False,False
codecontests_cpp_163,q,-0.16891891891891891,-0.04054054054054054,-0.12837837837837837,-5.4042510986328125,-4.802001953125,False,False
codecontests_cpp_163,k,0.19594594594594594,0.23310810810810811,-0.037162162162162164,-3.71441650390625,-3.540740966796875,False,False
codecontests_cpp_163,v,0.22297297297297297,0.10810810810810811,0.11486486486486487,-3.588897705078125,-4.118682861328125,False,False
codecontests_cpp_163,z,0.02702702702702703,-0.23648648648648649,0.2635135135135135,-4.4979095458984375,-5.70843505859375,False,False
codecontests_java_163,q,-0.07547169811320754,-0.03773584905660377,-0.03773584905660377,-7.125215530395508,-6.874903202056885,False,False
codecontests_java_163,k,-0.02358490566037736,0.07547169811320754,-0.09905660377358491,-6.7799072265625,-6.1234130859375,False,False
codecontests_java_163,v,-0.05188679245283019,0.0,-0.05188679245283019,-6.96429443359375,-6.623748779296875,False,False
codecontests_java_163,z,-0.0047169811320754715,0.09433962264150944,-0.09905660377358491,-6.654838562011719,-5.999631881713867,False,False
apps_python_164,q,0.2152317880794702,-0.006622516556291391,0.22185430463576158,-3.697235107421875,-4.7462310791015625,False,False
apps_python_164,k,0.16556291390728478,0.039735099337748346,0.12582781456953643,-3.9295654296875,-4.525665283203125,False,False
apps_python_164,v,0.17218543046357615,0.013245033112582781,0.15894039735099338,-3.90399169921875,-4.653533935546875,False,False
apps_python_164,z,0.13245033112582782,0.06622516556291391,0.06622516556291391,-4.092071533203125,-4.406070709228516,False,False
codecontests_cpp_165,q,0.2336065573770492,0.2786885245901639,-0.045081967213114756,-2.8779296875,-2.721435546875,False,False
codecontests_cpp_165,k,0.20081967213114754,0.5061475409836066,-0.305327868852459,-3.03814697265625,-1.79345703125,False,False
codecontests_cpp_165,v,0.14754098360655737,-0.00819672131147541,0.1557377049180328,-3.240234375,-3.8433685302734375,False,False
codecontests_cpp_165,z,0.38524590163934425,0.38934426229508196,-0.004098360655737705,-2.302978515625,-2.287353515625,False,False
codecontests_java_165,q,0.005405405405405406,0.0,0.005405405405405406,-5.74652099609375,-5.781093597412109,False,False
codecontests_java_165,k,0.12972972972972974,0.21621621621621623,-0.08648648648648649,-5.029869079589844,-4.52532958984375,False,False
codecontests_java_165,v,0.1783783783783784,0.15135135135135136,0.02702702702702703,-4.743988037109375,-4.9039154052734375,False,False
codecontests_java_165,z,0.11351351351351352,0.04864864864864865,0.06486486486486487,-5.120849609375,-5.4964447021484375,False,False
mbpp_python_165,q,0.004424778761061947,0.05752212389380531,-0.05309734513274336,-3.51584529876709,-3.327484130859375,False,False
mbpp_python_165,k,0.18141592920353983,0.1504424778761062,0.030973451327433628,-2.886505126953125,-2.9974517822265625,False,False
mbpp_python_165,v,0.11946902654867257,0.05752212389380531,0.061946902654867256,-3.106781005859375,-3.327848434448242,False,False
mbpp_python_165,z,0.21238938053097345,0.08849557522123894,0.12389380530973451,-2.775848388671875,-3.2178573608398438,False,False
apps_python_166,q,0.15079365079365079,0.25793650793650796,-0.10714285714285714,-3.3416290283203125,-2.91259765625,False,False
apps_python_166,k,0.1984126984126984,0.1984126984126984,0.0,-3.149749755859375,-3.14984130859375,False,False
apps_python_166,v,0.051587301587301584,0.1111111111111111,-0.05952380952380952,-3.7323760986328125,-3.497161865234375,False,False
apps_python_166,z,0.0,0.0873015873015873,-0.0873015873015873,-3.9375200271606445,-3.5927505493164062,False,False
codecontests_java_166,q,0.14814814814814814,-0.05925925925925926,0.2074074074074074,-3.58734130859375,-4.4686973094940186,False,False
codecontests_java_166,k,0.26666666666666666,0.014814814814814815,0.2518518518518518,-3.076904296875,-4.15252685546875,False,False
codecontests_java_166,v,0.2777777777777778,0.11481481481481481,0.16296296296296298,-3.03472900390625,-3.7275390625,False,False
codecontests_java_166,z,0.5259259259259259,0.2518518518518518,0.2740740740740741,-1.937744140625,-3.14617919921875,False,False
apps_python_167,q,-0.10204081632653061,-0.044897959183673466,-0.05714285714285714,-4.211883544921875,-3.993072509765625,False,False
apps_python_167,k,-0.2897959183673469,-0.1673469387755102,-0.12244897959183673,-4.92840576171875,-4.462982177734375,False,False
apps_python_167,v,-0.0326530612244898,0.13877551020408163,-0.17142857142857143,-3.9327392578125,-3.27294921875,False,False
apps_python_167,z,-0.053061224489795916,-0.30612244897959184,0.2530612244897959,-4.029441833496094,-4.992523193359375,False,False
codecontests_java_167,q,-0.0163265306122449,0.044897959183673466,-0.061224489795918366,-3.889739990234375,-3.6542510986328125,False,False
codecontests_java_167,k,-0.37142857142857144,-0.30612244897959184,-0.0653061224489796,-5.232421875,-4.9912109375,False,False
codecontests_java_167,v,-0.053061224489795916,-0.17551020408163265,0.12244897959183673,-4.02056884765625,-4.4923095703125,False,False
codecontests_java_167,z,-0.07755102040816327,0.02857142857142857,-0.10612244897959183,-4.1226348876953125,-3.718170166015625,False,False
mbpp_python_167,q,0.10377358490566038,0.08962264150943396,0.014150943396226415,-5.9342498779296875,-6.030803680419922,False,False
mbpp_python_167,k,-0.018867924528301886,-0.0330188679245283,0.014150943396226415,-6.748451232910156,-6.841819763183594,False,False
mbpp_python_167,v,0.08962264150943396,0.014150943396226415,0.07547169811320754,-6.027984619140625,-6.5281982421875,False,False
mbpp_python_167,z,0.0047169811320754715,-0.08018867924528301,0.08490566037735849,-6.591064453125,-7.152191162109375,False,False
codecontests_java_168,q,0.0,-0.07009345794392523,0.07009345794392523,-6.6805419921875,-7.149688720703125,False,False
codecontests_java_168,k,0.2897196261682243,0.2383177570093458,0.0514018691588785,-4.73992919921875,-5.086700439453125,False,False
codecontests_java_168,v,-0.0514018691588785,0.07476635514018691,-0.1261682242990654,-7.02923583984375,-6.1846466064453125,False,False
codecontests_java_168,z,0.308411214953271,0.27102803738317754,0.037383177570093455,-4.61376953125,-4.86468505859375,False,False
apps_python_169,q,0.03529411764705882,0.21176470588235294,-0.17647058823529413,-2.5613784790039062,-2.087554931640625,False,False
apps_python_169,k,0.10588235294117647,0.2735294117647059,-0.1676470588235294,-2.37255859375,-1.9176025390625,False,False
apps_python_169,v,0.21176470588235294,0.03529411764705882,0.17647058823529413,-2.086700439453125,-2.5617713928222656,False,False
apps_python_169,z,0.17058823529411765,-0.1,0.27058823529411763,-2.198455810546875,-2.9202804565429688,False,False
codecontests_java_169,q,0.02531645569620253,0.13291139240506328,-0.10759493670886076,-4.8108367919921875,-4.280204772949219,False,False
codecontests_java_169,k,0.06329113924050633,-0.10759493670886076,0.17088607594936708,-4.6217498779296875,-5.46282958984375,False,False
codecontests_java_169,v,0.25316455696202533,0.18354430379746836,0.06962025316455696,-3.680755615234375,-4.02740478515625,False,False
codecontests_java_169,z,0.0189873417721519,-0.0759493670886076,0.0949367088607595,-4.8434906005859375,-5.311931610107422,False,False
apps_python_170,q,0.03619909502262444,0.04072398190045249,-0.004524886877828055,-3.3280539512634277,-3.3119468688964844,False,False
apps_python_170,k,0.004524886877828055,-0.20361990950226244,0.2081447963800905,-3.437507301568985,-4.151397705078125,False,False
apps_python_170,v,0.13574660633484162,0.07239819004524888,0.06334841628959276,-2.980987548828125,-3.2028427124023438,False,False
apps_python_170,z,0.004524886877828055,0.03619909502262444,-0.03167420814479638,-3.4372615814208984,-3.3284759521484375,False,False
codecontests_cpp_170,q,0.07741935483870968,0.14193548387096774,-0.06451612903225806,-4.468620300292969,-4.153564453125,False,False
codecontests_cpp_170,k,-0.15483870967741936,-0.2,0.04516129032258064,-5.587982177734375,-5.806976318359375,False,False
codecontests_cpp_170,v,0.01935483870967742,-0.012903225806451613,0.03225806451612903,-4.750329971313477,-4.901947021484375,False,False
codecontests_cpp_170,z,-0.07741935483870968,-0.1032258064516129,0.025806451612903226,-5.217384338378906,-5.339141845703125,False,False
codecontests_java_170,q,0.045454545454545456,0.05113636363636364,-0.005681818181818182,-10.499565124511719,-10.438522338867188,False,False
codecontests_java_170,k,0.16477272727272727,0.1534090909090909,0.011363636363636364,-9.187458038330078,-9.315155029296875,False,False
codecontests_java_170,v,0.23295454545454544,0.18181818181818182,0.05113636363636364,-8.439414978027344,-8.999847412109375,False,False
codecontests_java_170,z,0.11363636363636363,0.045454545454545456,0.06818181818181818,-9.748458862304688,-10.500239372253418,False,False
apps_python_171,q,0.12446351931330472,0.12446351931330472,0.0,-3.1847076416015625,-3.1836395263671875,False,False
apps_python_171,k,-0.09871244635193133,-0.09871244635193133,0.0,-3.9975433349609375,-3.9982147216796875,False,False
apps_python_171,v,-0.06437768240343347,0.034334763948497854,-0.09871244635193133,-3.8738632202148438,-3.5148963928222656,False,False
apps_python_171,z,-0.06437768240343347,-0.06437768240343347,0.0,-3.8741798400878906,-3.8737411499023438,False,False
codecontests_cpp_171,q,-0.14615384615384616,-0.12307692307692308,-0.023076923076923078,-4.6528472900390625,-4.560707092285156,False,False
codecontests_cpp_171,k,-0.03076923076923077,-0.1,0.06923076923076923,-4.1865081787109375,-4.46466064453125,False,False
codecontests_cpp_171,v,-0.03076923076923077,-0.13076923076923078,0.1,-4.18597412109375,-4.589752197265625,False,False
codecontests_cpp_171,z,-0.17692307692307693,-0.2076923076923077,0.03076923076923077,-4.777679443359375,-4.9012451171875,False,False
codecontests_java_171,q,-0.09090909090909091,-0.07272727272727272,-0.01818181818181818,-7.495452880859375,-7.3716888427734375,False,False
codecontests_java_171,k,-0.06363636363636363,-0.01818181818181818,-0.045454545454545456,-7.309600830078125,-6.9984893798828125,False,False
codecontests_java_171,v,0.05,0.1318181818181818,-0.08181818181818182,-6.531037330627441,-5.96533203125,False,False
codecontests_java_171,z,-0.3,-0.1409090909090909,-0.1590909090909091,-8.93475341796875,-7.8403778076171875,False,False
apps_python_172,q,-0.1417910447761194,-0.022388059701492536,-0.11940298507462686,-4.77484130859375,-4.27880859375,False,False
apps_python_172,k,0.0,-0.007462686567164179,0.007462686567164179,-4.186870574951172,-4.216796875,False,False
apps_python_172,v,-0.029850746268656716,0.14925373134328357,-0.1791044776119403,-4.30450439453125,-3.5430908203125,False,False
apps_python_172,z,-0.05223880597014925,-0.05223880597014925,0.0,-4.403656005859375,-4.401275634765625,False,False
codecontests_java_172,q,0.32142857142857145,0.15476190476190477,0.16666666666666666,-3.5491943359375,-4.43304443359375,False,False
codecontests_java_172,k,0.20833333333333334,0.1130952380952381,0.09523809523809523,-4.15045166015625,-4.65521240234375,False,False
codecontests_java_172,v,0.2261904761904762,0.2261904761904762,0.0,-4.05340576171875,-4.056640625,False,False
codecontests_java_172,z,0.1130952380952381,0.09523809523809523,0.017857142857142856,-4.6541900634765625,-4.748680114746094,False,False
apps_python_173,q,0.03535353535353535,0.07575757575757576,-0.04040404040404041,-5.967926025390625,-5.717750549316406,False,False
apps_python_173,k,0.32323232323232326,0.25252525252525254,0.0707070707070707,-4.17474365234375,-4.61865234375,False,False
apps_python_173,v,0.23232323232323232,0.2777777777777778,-0.045454545454545456,-4.743743896484375,-4.46044921875,False,False
apps_python_173,z,0.06060606060606061,0.09595959595959595,-0.03535353535353535,-5.8108978271484375,-5.589996337890625,False,False
codecontests_cpp_173,q,0.27181208053691275,-0.08053691275167785,0.3523489932885906,-3.3787841796875,-5.0291748046875,False,False
codecontests_cpp_173,k,-0.08053691275167785,-0.14093959731543623,0.06040268456375839,-5.02923583984375,-5.3098907470703125,False,False
codecontests_cpp_173,v,-0.21476510067114093,-0.1610738255033557,-0.053691275167785234,-5.653076171875,-5.4033966064453125,False,False
codecontests_cpp_173,z,0.23825503355704697,0.08053691275167785,0.15771812080536912,-3.53802490234375,-4.279693603515625,False,False
codecontests_java_173,q,-0.12213740458015267,-0.16793893129770993,0.04580152671755725,-9.18267822265625,-9.559310913085938,False,False
codecontests_java_173,k,0.22519083969465647,0.2595419847328244,-0.03435114503816794,-6.32373046875,-6.049560546875,False,False
codecontests_java_173,v,0.10687022900763359,0.026717557251908396,0.08015267175572519,-7.29638671875,-7.951416015625,False,False
codecontests_java_173,z,0.007633587786259542,0.10687022900763359,-0.09923664122137404,-8.119659423828125,-7.30316162109375,False,False
apps_python_174,q,0.24397590361445784,0.12048192771084337,0.12349397590361445,-3.9119873046875,-4.560752868652344,False,False
apps_python_174,k,0.4759036144578313,0.29518072289156627,0.18072289156626506,-2.661376953125,-3.6295166015625,False,False
apps_python_174,v,0.22289156626506024,0.34036144578313254,-0.11746987951807229,-4.025177001953125,-3.396728515625,False,False
apps_python_174,z,0.286144578313253,0.2921686746987952,-0.006024096385542169,-3.69146728515625,-3.650634765625,False,False
codecontests_cpp_174,q,-0.06763285024154589,-0.0821256038647343,0.014492753623188406,-3.4509429931640625,-3.49114990234375,False,False
codecontests_cpp_174,k,0.16908212560386474,0.057971014492753624,0.1111111111111111,-2.6826171875,-3.03851318359375,False,False
codecontests_cpp_174,v,0.004830917874396135,0.2028985507246377,-0.19806763285024154,-3.220184326171875,-2.57012939453125,False,False
codecontests_cpp_174,z,-0.10144927536231885,0.024154589371980676,-0.12560386473429952,-3.5588836669921875,-3.151947021484375,False,False
codecontests_java_174,q,0.0845771144278607,0.12437810945273632,-0.03980099502487562,-5.7493133544921875,-5.498619079589844,False,False
codecontests_java_174,k,0.04477611940298507,-0.11442786069651742,0.15920398009950248,-5.99102783203125,-6.996612548828125,False,False
codecontests_java_174,v,0.004975124378109453,0.01990049751243781,-0.014925373134328358,-6.244293212890625,-6.157188415527344,False,False
codecontests_java_174,z,0.04975124378109453,0.12935323383084577,-0.07960199004975124,-5.9583740234375,-5.46258544921875,False,False
apps_python_175,q,0.07216494845360824,-0.13402061855670103,0.20618556701030927,-2.8118896484375,-3.4345703125,False,False
apps_python_175,k,0.44072164948453607,0.03608247422680412,0.40463917525773196,-1.648193359375,-2.9211654663085938,False,False
apps_python_175,v,0.07216494845360824,-0.13402061855670103,0.20618556701030927,-2.809783935546875,-3.434234619140625,False,False
apps_python_175,z,0.0,0.0,0.0,-3.030284881591797,-3.0290374755859375,False,False
codecontests_cpp_175,q,-0.4966887417218543,-0.33112582781456956,-0.16556291390728478,-3.48486328125,-3.115966796875,False,False
codecontests_cpp_175,k,-0.059602649006622516,-0.09933774834437085,0.039735099337748346,-2.495880126953125,-2.5912933349609375,False,False
codecontests_cpp_175,v,-0.052980132450331126,0.23178807947019867,-0.2847682119205298,-2.4821319580078125,-1.79248046875,False,False
codecontests_cpp_175,z,0.23841059602649006,0.33774834437086093,-0.09933774834437085,-1.7767333984375,-1.506591796875,False,False
codecontests_java_175,q,0.021621621621621623,0.021621621621621623,0.0,-5.654655456542969,-5.6561126708984375,False,False
codecontests_java_175,k,0.13513513513513514,0.07027027027027027,0.06486486486486487,-4.998390197753906,-5.374538421630859,False,False
codecontests_java_175,v,0.0918918918918919,-0.021621621621621623,0.11351351351351352,-5.249532699584961,-5.906681060791016,False,False
codecontests_java_175,z,-0.021621621621621623,0.04864864864864865,-0.07027027027027027,-5.90618371963501,-5.499589920043945,False,False
mbpp_python_175,q,0.0,-0.08849557522123894,0.08849557522123894,-3.531526565551758,-3.83746337890625,False,False
mbpp_python_175,k,0.07964601769911504,0.035398230088495575,0.04424778761061947,-3.244537353515625,-3.405942916870117,False,False
mbpp_python_175,v,-0.0752212389380531,0.07079646017699115,-0.14601769911504425,-3.7738037109375,-3.2803688049316406,False,False
mbpp_python_175,z,0.1415929203539823,0.1415929203539823,0.0,-3.02276611328125,-3.02301025390625,False,False
apps_python_176,q,0.22869955156950672,-0.004484304932735426,0.23318385650224216,-2.6834716796875,-3.49822998046875,False,False
apps_python_176,k,0.017937219730941704,0.04484304932735426,-0.026905829596412557,-3.4210205078125,-3.325958251953125,False,False
apps_python_176,v,0.017937219730941704,-0.004484304932735426,0.02242152466367713,-3.4211158752441406,-3.4991188049316406,False,False
apps_python_176,z,0.04932735426008968,0.17040358744394618,-0.1210762331838565,-3.311992645263672,-2.88861083984375,False,False
codecontests_java_176,q,0.07894736842105263,0.04887218045112782,0.03007518796992481,-7.6510009765625,-7.907070159912109,False,False
codecontests_java_176,k,0.11654135338345864,0.23308270676691728,-0.11654135338345864,-7.33660888671875,-6.368377685546875,False,False
codecontests_java_176,v,0.12030075187969924,0.17293233082706766,-0.05263157894736842,-7.3052978515625,-6.86968994140625,False,False
codecontests_java_176,z,0.15037593984962405,0.041353383458646614,0.10902255639097744,-7.052978515625,-7.95263671875,False,False
codecontests_cpp_177,q,-0.09302325581395349,-0.40310077519379844,0.31007751937984496,-2.194580078125,-2.79248046875,False,False
codecontests_cpp_177,k,0.2054263565891473,0.046511627906976744,0.15891472868217055,-1.5850830078125,-1.9200286865234375,False,False
codecontests_cpp_177,v,0.046511627906976744,0.03488372093023256,0.011627906976744186,-1.919677734375,-1.9390869140625,False,False
codecontests_cpp_177,z,-0.007751937984496124,-0.11627906976744186,0.10852713178294573,-2.029388427734375,-2.2463226318359375,False,False
codecontests_java_177,q,-0.0392156862745098,-0.058823529411764705,0.0196078431372549,-4.962310791015625,-5.0521240234375,False,False
codecontests_java_177,k,0.16339869281045752,0.013071895424836602,0.1503267973856209,-3.995147705078125,-4.71014404296875,False,False
codecontests_java_177,v,0.1437908496732026,-0.026143790849673203,0.16993464052287582,-4.0909881591796875,-4.901458740234375,False,False
codecontests_java_177,z,-0.0196078431372549,-0.20261437908496732,0.1830065359477124,-4.8712310791015625,-5.732666015625,False,False
mbpp_python_177,q,0.1124031007751938,0.031007751937984496,0.08139534883720931,-3.574554443359375,-3.905120849609375,False,False
mbpp_python_177,k,0.1744186046511628,0.05426356589147287,0.12015503875968993,-3.322662353515625,-3.8097381591796875,False,False
mbpp_python_177,v,0.05426356589147287,0.08527131782945736,-0.031007751937984496,-3.810760498046875,-3.6855316162109375,False,False
mbpp_python_177,z,0.1511627906976744,0.09302325581395349,0.05813953488372093,-3.416473388671875,-3.650146484375,False,False
apps_python_178,q,0.0,-0.06976744186046512,0.06976744186046512,-3.35772705078125,-3.5918350219726562,False,False
apps_python_178,k,0.0,-0.037209302325581395,0.037209302325581395,-3.3578720092773438,-3.4826202392578125,False,False
apps_python_178,v,0.10232558139534884,0.03255813953488372,0.06976744186046512,-3.0121002197265625,-3.2475433349609375,False,False
apps_python_178,z,0.24186046511627907,0.06976744186046512,0.17209302325581396,-2.53302001953125,-3.1230697631835938,False,False
codecontests_cpp_178,q,0.014492753623188406,0.050724637681159424,-0.036231884057971016,-4.24700927734375,-4.091156005859375,False,False
codecontests_cpp_178,k,-0.2971014492753623,-0.15217391304347827,-0.14492753623188406,-5.579345703125,-4.9395751953125,False,False
codecontests_cpp_178,v,-0.007246376811594203,0.028985507246376812,-0.036231884057971016,-4.3413543701171875,-4.17291259765625,False,False
codecontests_cpp_178,z,-0.10869565217391304,-0.21739130434782608,0.10869565217391304,-4.7782440185546875,-5.246307373046875,False,False
codecontests_java_178,q,0.09202453987730061,0.1165644171779141,-0.024539877300613498,-9.248542785644531,-8.998550415039062,False,False
codecontests_java_178,k,0.10429447852760736,0.15337423312883436,-0.049079754601226995,-9.12078857421875,-8.620361328125,False,False
codecontests_java_178,v,0.1411042944785276,0.1411042944785276,0.0,-8.748603820800781,-8.74932861328125,False,False
codecontests_java_178,z,0.05521472392638037,0.05521472392638037,0.0,-9.624183654785156,-9.623466491699219,False,False
apps_python_179,q,0.15384615384615385,0.15384615384615385,0.0,-3.260955810546875,-3.2620697021484375,False,False
apps_python_179,k,0.08906882591093117,0.032388663967611336,0.05668016194331984,-3.5137786865234375,-3.7343814969062805,False,False
apps_python_179,v,0.0931174089068826,0.21862348178137653,-0.12550607287449392,-3.4990577697753906,-3.00677490234375,False,False
apps_python_179,z,0.0931174089068826,0.242914979757085,-0.14979757085020243,-3.4987640380859375,-2.90948486328125,False,False
codecontests_java_179,q,0.19736842105263158,0.15789473684210525,0.039473684210526314,-5.712890625,-5.9992523193359375,False,False
codecontests_java_179,k,0.2412280701754386,0.2412280701754386,0.0,-5.4034881591796875,-5.4023590087890625,False,False
codecontests_java_179,v,0.3201754385964912,0.18421052631578946,0.13596491228070176,-4.84039306640625,-5.8055419921875,False,False
codecontests_java_179,z,0.44956140350877194,0.40350877192982454,0.046052631578947366,-3.8956298828125,-4.2275390625,False,False
apps_python_180,q,0.04060913705583756,0.1116751269035533,-0.07106598984771574,-2.947601318359375,-2.731475830078125,False,False
apps_python_180,k,0.24873096446700507,0.28426395939086296,-0.03553299492385787,-2.2894287109375,-2.1842041015625,False,False
apps_python_180,v,0.2233502538071066,0.116751269035533,0.1065989847715736,-2.37860107421875,-2.676025390625,False,False
apps_python_180,z,0.08629441624365482,0.04060913705583756,0.04568527918781726,-2.813098907470703,-2.946746826171875,False,False
codecontests_java_180,q,0.1782608695652174,0.2782608695652174,-0.1,-1.46380615234375,-1.264404296875,False,False
codecontests_java_180,k,-0.24347826086956523,-0.5043478260869565,0.2608695652173913,-2.21630859375,-2.644775390625,False,False
codecontests_java_180,v,-0.0391304347826087,0.23478260869565218,-0.27391304347826084,-1.861297607421875,-1.3515625,False,False
codecontests_java_180,z,0.2826086956521739,0.2391304347826087,0.043478260869565216,-1.25439453125,-1.339599609375,False,False
apps_python_181,q,0.13744075829383887,0.10426540284360189,0.03317535545023697,-2.8389892578125,-2.9512939453125,False,False
apps_python_181,k,0.0,-0.0995260663507109,0.0995260663507109,-3.2936859130859375,-3.6222686767578125,False,False
apps_python_181,v,0.07582938388625593,0.004739336492890996,0.07109004739336493,-3.0442962646484375,-3.2796859741210938,False,False
apps_python_181,z,0.004739336492890996,0.10426540284360189,-0.0995260663507109,-3.280885696411133,-2.951141357421875,False,False
codecontests_cpp_181,q,0.09913793103448276,0.034482758620689655,0.06465517241379311,-3.265348434448242,-3.499715805053711,False,False
codecontests_cpp_181,k,-0.11206896551724138,0.004310344827586207,-0.11637931034482758,-4.02197265625,-3.6100997924804688,False,False
codecontests_cpp_181,v,0.04310344827586207,-0.14655172413793102,0.1896551724137931,-3.464996337890625,-4.14776611328125,False,False
codecontests_cpp_181,z,0.11637931034482758,0.1853448275862069,-0.06896551724137931,-3.19146728515625,-2.935302734375,False,False
codecontests_java_181,q,-0.13537117903930132,-0.24890829694323144,0.11353711790393013,-8.125797271728516,-8.92889404296875,False,False
codecontests_java_181,k,-0.017467248908296942,-0.08733624454148471,0.06986899563318777,-7.275390625,-7.77630615234375,False,False
codecontests_java_181,v,0.2445414847161572,0.026200873362445413,0.2183406113537118,-5.3929443359375,-6.966339111328125,False,False
codecontests_java_181,z,-0.048034934497816595,0.021834061135371178,-0.06986899563318777,-7.498802185058594,-6.9932861328125,False,False
apps_python_182,q,0.07272727272727272,0.03636363636363636,0.03636363636363636,-3.184783935546875,-3.3109817504882812,False,False
apps_python_182,k,0.06818181818181818,0.0,0.06818181818181818,-3.2017135620117188,-3.4362945556640625,False,False
apps_python_182,v,0.10909090909090909,0.0,0.10909090909090909,-3.056365966796875,-3.4340667724609375,False,False
apps_python_182,z,-0.031818181818181815,0.03636363636363636,-0.06818181818181818,-3.54522705078125,-3.3118972778320312,False,False
codecontests_cpp_182,q,-0.04487179487179487,0.03205128205128205,-0.07692307692307693,-5.0928955078125,-4.71429443359375,False,False
codecontests_cpp_182,k,0.22756410256410256,0.20833333333333334,0.019230769230769232,-3.758056640625,-3.8507080078125,False,False
codecontests_cpp_182,v,0.00641025641025641,0.057692307692307696,-0.05128205128205128,-4.844064712524414,-4.594364166259766,False,False
codecontests_cpp_182,z,0.08333333333333333,0.1346153846153846,-0.05128205128205128,-4.46832275390625,-4.213592529296875,False,False
codecontests_java_182,q,0.0893854748603352,0.0670391061452514,0.0223463687150838,-5.092838287353516,-5.216339111328125,False,False
codecontests_java_182,k,0.3463687150837989,0.18435754189944134,0.16201117318435754,-3.621826171875,-4.557586669921875,False,False
codecontests_java_182,v,0.0782122905027933,0.21787709497206703,-0.13966480446927373,-5.148773193359375,-4.367889404296875,False,False
codecontests_java_182,z,0.17318435754189945,0.12290502793296089,0.05027932960893855,-4.6214447021484375,-4.9038848876953125,False,False
apps_python_183,q,0.028089887640449437,0.0449438202247191,-0.016853932584269662,-5.404327392578125,-5.3092803955078125,False,False
apps_python_183,k,0.016853932584269662,0.033707865168539325,-0.016853932584269662,-5.4648895263671875,-5.36846923828125,False,False
apps_python_183,v,0.10112359550561797,0.21348314606741572,-0.11235955056179775,-4.99810791015625,-4.3713531494140625,False,False
apps_python_183,z,0.16292134831460675,-0.07303370786516854,0.23595505617977527,-4.6524505615234375,-5.968332290649414,False,False
codecontests_java_183,q,-0.3235294117647059,-0.08088235294117647,-0.2426470588235294,-5.61236572265625,-4.584228515625,False,False
codecontests_java_183,k,0.14705882352941177,0.18382352941176472,-0.03676470588235294,-3.6190185546875,-3.4630126953125,False,False
codecontests_java_183,v,0.08088235294117647,0.20955882352941177,-0.12867647058823528,-3.896484375,-3.34747314453125,False,False
codecontests_java_183,z,-0.058823529411764705,-0.029411764705882353,-0.029411764705882353,-4.495025634765625,-4.372894287109375,False,False
apps_python_184,q,-0.07630522088353414,0.0,-0.07630522088353414,-4.185676574707031,-3.890621528029442,False,False
apps_python_184,k,0.10040160642570281,0.008032128514056224,0.09236947791164658,-3.48468017578125,-3.8536376953125,False,False
apps_python_184,v,0.020080321285140562,0.14859437751004015,-0.1285140562248996,-3.7957763671875,-3.309478759765625,False,False
apps_python_184,z,-0.18072289156626506,0.0321285140562249,-0.21285140562248997,-4.5906219482421875,-3.7646827697753906,False,False
apps_python_185,q,-0.30201342281879195,0.087248322147651,-0.38926174496644295,-3.021484375,-2.121490478515625,False,False
apps_python_185,k,-0.12751677852348994,-0.04697986577181208,-0.08053691275167785,-2.621978759765625,-2.436817169189453,False,False
apps_python_185,v,-0.053691275167785234,0.03355704697986577,-0.087248322147651,-2.4503021240234375,-2.2486343383789062,False,False
apps_python_185,z,0.12751677852348994,-0.04697986577181208,0.174496644295302,-2.02728271484375,-2.4368438720703125,False,False
codecontests_cpp_185,q,-0.019801980198019802,-0.0049504950495049506,-0.01485148514851485,-3.2149658203125,-3.1705551147460938,False,False
codecontests_cpp_185,k,0.16831683168316833,0.019801980198019802,0.1485148514851485,-2.593017578125,-3.0655517578125,False,False
codecontests_cpp_185,v,0.12871287128712872,0.10891089108910891,0.019801980198019802,-2.74078369140625,-2.809814453125,False,False
codecontests_cpp_185,z,0.0594059405940594,0.09900990099009901,-0.039603960396039604,-2.963043212890625,-2.839752197265625,False,False
codecontests_java_185,q,0.092,-0.072,0.164,-7.07965087890625,-8.375020384788513,False,False
codecontests_java_185,k,0.072,0.004,0.068,-7.22607421875,-7.76629638671875,False,False
codecontests_java_185,v,0.176,0.152,0.024,-6.38720703125,-6.619171142578125,False,False
codecontests_java_185,z,0.164,0.164,0.0,-6.485595703125,-6.523651123046875,False,False
mbpp_python_185,q,0.14465408805031446,0.0880503144654088,0.05660377358490566,-4.247406005859375,-4.52423095703125,False,False
mbpp_python_185,k,0.18238993710691823,0.1761006289308176,0.006289308176100629,-4.0594482421875,-4.0945281982421875,False,False
mbpp_python_185,v,0.14465408805031446,0.24528301886792453,-0.10062893081761007,-4.249614715576172,-3.7225341796875,False,False
mbpp_python_185,z,0.16981132075471697,0.06289308176100629,0.1069182389937107,-4.116943359375,-4.655181884765625,False,False
apps_python_186,q,0.014814814814814815,0.10740740740740741,-0.09259259259259259,-4.1282958984375,-3.7496337890625,False,False
apps_python_186,k,-0.022222222222222223,0.037037037037037035,-0.05925925925925926,-4.312213897705078,-4.05426025390625,False,False
apps_python_186,v,0.07777777777777778,0.08148148148148149,-0.003703703703703704,-3.873046875,-3.828857421875,False,False
apps_python_186,z,0.02962962962962963,0.044444444444444446,-0.014814814814814815,-4.078125,-4.029022216796875,False,False
codecontests_cpp_186,q,0.12096774193548387,0.06451612903225806,0.056451612903225805,-3.4034271240234375,-3.6240463256835938,False,False
codecontests_cpp_186,k,0.0,0.14919354838709678,-0.14919354838709678,-3.87548828125,-3.292572021484375,False,False
codecontests_cpp_186,v,0.0,-0.0967741935483871,0.0967741935483871,-3.87492036819458,-4.247833251953125,False,False
codecontests_cpp_186,z,0.06048387096774194,0.0,0.06048387096774194,-3.6395645141601562,-3.8747682571411133,False,False
codecontests_java_186,q,-0.10059171597633136,-0.08875739644970414,-0.011834319526627219,-11.61102294921875,-11.4862060546875,False,False
codecontests_java_186,k,0.08284023668639054,0.04142011834319527,0.04142011834319527,-9.68084716796875,-10.122024536132812,False,False
codecontests_java_186,v,-0.07100591715976332,-0.029585798816568046,-0.04142011834319527,-11.309005737304688,-10.8707275390625,False,False
codecontests_java_186,z,0.047337278106508875,-0.011834319526627219,0.05917159763313609,-10.058563232421875,-10.6837158203125,False,False
apps_python_187,q,0.08527131782945736,0.10465116279069768,-0.01937984496124031,-3.6866607666015625,-3.6083831787109375,False,False
apps_python_187,k,0.007751937984496124,0.007751937984496124,0.0,-4.000088691711426,-4.001136779785156,False,False
apps_python_187,v,0.10465116279069768,-0.046511627906976744,0.1511627906976744,-3.6081314086914062,-4.219635009765625,False,False
apps_python_187,z,0.13953488372093023,0.13178294573643412,0.007751937984496124,-3.4675369262695312,-3.4982833862304688,False,False
codecontests_java_187,q,-0.05063291139240506,0.0,-0.05063291139240506,-2.5922317504882812,-2.4675979614257812,False,False
codecontests_java_187,k,-0.620253164556962,-0.14556962025316456,-0.47468354430379744,-3.93798828125,-2.8226318359375,False,False
codecontests_java_187,v,-0.4810126582278481,-0.5253164556962026,0.04430379746835443,-3.6142578125,-3.71630859375,False,False
codecontests_java_187,z,-0.18354430379746836,-0.10759493670886076,-0.0759493670886076,-2.91119384765625,-2.729278564453125,False,False
apps_python_188,q,0.0196078431372549,-0.1568627450980392,0.17647058823529413,-4.686126708984375,-5.52996826171875,False,False
apps_python_188,k,-0.24183006535947713,-0.17647058823529413,-0.06535947712418301,-5.9336090087890625,-5.6213531494140625,False,False
apps_python_188,v,-0.17647058823529413,-0.30718954248366015,0.13071895424836602,-5.62152099609375,-6.247100830078125,False,False
apps_python_188,z,-0.06535947712418301,-0.0457516339869281,-0.0196078431372549,-5.093594551086426,-4.999841690063477,False,False
codecontests_cpp_188,q,-0.0821256038647343,-0.07729468599033816,-0.004830917874396135,-3.494537353515625,-3.48077392578125,False,False
codecontests_cpp_188,k,-0.26570048309178745,-0.23671497584541062,-0.028985507246376812,-4.07666015625,-3.984619140625,False,False
codecontests_cpp_188,v,0.15942028985507245,0.13043478260869565,0.028985507246376812,-2.70751953125,-2.80633544921875,False,False
codecontests_cpp_188,z,-0.15458937198067632,0.05314009661835749,-0.20772946859903382,-3.725830078125,-3.055511474609375,False,False
codecontests_java_188,q,-0.011363636363636364,-0.03977272727272727,0.028409090909090908,-11.122833251953125,-11.433944702148438,False,False
codecontests_java_188,k,0.045454545454545456,0.045454545454545456,0.0,-10.4840087890625,-10.498046875,False,False
codecontests_java_188,v,0.05113636363636364,0.09659090909090909,-0.045454545454545456,-10.430084228515625,-9.9117431640625,False,False
codecontests_java_188,z,0.06818181818181818,0.14204545454545456,-0.07386363636363637,-10.2467041015625,-9.42730712890625,False,False
codecontests_cpp_189,q,-0.015503875968992248,0.007751937984496124,-0.023255813953488372,-2.043670654296875,-1.9981460571289062,False,False
codecontests_cpp_189,k,-0.3333333333333333,-0.17054263565891473,-0.16279069767441862,-2.6661376953125,-2.350830078125,False,False
codecontests_cpp_189,v,-0.2558139534883721,-0.5503875968992248,0.29457364341085274,-2.5076904296875,-3.07275390625,False,False
codecontests_cpp_189,z,-0.06976744186046512,-0.05426356589147287,-0.015503875968992248,-2.149261474609375,-2.1219024658203125,False,False
codecontests_java_189,q,-0.1894273127753304,-0.13656387665198239,-0.05286343612334802,-8.436088562011719,-8.061870574951172,False,False
codecontests_java_189,k,-0.20704845814977973,0.02643171806167401,-0.23348017621145375,-8.561088562011719,-6.9051055908203125,False,False
codecontests_java_189,v,0.05286343612334802,0.00881057268722467,0.04405286343612335,-6.717414855957031,-7.030487060546875,False,False
codecontests_java_189,z,-0.030837004405286344,-0.05726872246696035,0.02643171806167401,-7.311424255371094,-7.4920654296875,False,False
apps_python_190,q,0.07373271889400922,0.0,0.07373271889400922,-3.1400184631347656,-3.390989303588867,False,False
apps_python_190,k,-0.027649769585253458,-0.2073732718894009,0.17972350230414746,-3.4825057983398438,-4.09088134765625,False,False
apps_python_190,v,-0.05069124423963134,-0.17972350230414746,0.12903225806451613,-3.5624356269836426,-3.9989166259765625,False,False
apps_python_190,z,0.14285714285714285,0.06912442396313365,0.07373271889400922,-2.903594970703125,-3.155651092529297,False,False
codecontests_cpp_190,q,0.17012448132780084,0.23651452282157676,-0.06639004149377593,-3.120452880859375,-2.8658447265625,False,False
codecontests_cpp_190,k,0.17427385892116182,0.08298755186721991,0.0912863070539419,-3.1064605712890625,-3.452667236328125,False,False
codecontests_cpp_190,v,-0.05394190871369295,0.04979253112033195,-0.1037344398340249,-3.9680633544921875,-3.5771484375,False,False
codecontests_cpp_190,z,0.11203319502074689,0.14937759336099585,-0.03734439834024896,-3.3427047729492188,-3.19207763671875,False,False
codecontests_java_190,q,0.007575757575757576,-0.06818181818181818,0.07575757575757576,-8.186607360839844,-8.809295654296875,False,False
codecontests_java_190,k,0.22348484848484848,0.15151515151515152,0.07196969696969698,-6.404823303222656,-6.997039794921875,False,False
codecontests_java_190,v,0.06818181818181818,0.16287878787878787,-0.0946969696969697,-7.6853485107421875,-6.9041900634765625,False,False
codecontests_java_190,z,0.07954545454545454,-0.045454545454545456,0.125,-7.593906402587891,-8.625579833984375,False,False
apps_python_191,q,-0.2012987012987013,0.1038961038961039,-0.3051948051948052,-2.885498046875,-2.1532135009765625,False,False
apps_python_191,k,-0.032467532467532464,-0.2012987012987013,0.16883116883116883,-2.4823455810546875,-2.88348388671875,False,False
apps_python_191,v,-0.3181818181818182,-0.032467532467532464,-0.2857142857142857,-3.1588134765625,-2.4817047119140625,False,False
apps_python_191,z,0.09090909090909091,0.1038961038961039,-0.012987012987012988,-2.185516357421875,-2.14715576171875,False,False
codecontests_cpp_191,q,-0.0873015873015873,-0.023809523809523808,-0.06349206349206349,-4.280284881591797,-4.033073425292969,False,False
codecontests_cpp_191,k,-0.015873015873015872,0.11904761904761904,-0.1349206349206349,-4.001258850097656,-3.4683666229248047,False,False
codecontests_cpp_191,v,0.12301587301587301,0.18253968253968253,-0.05952380952380952,-3.4511566162109375,-3.21295166015625,False,False
codecontests_cpp_191,z,0.06349206349206349,0.17857142857142858,-0.11507936507936507,-3.6845550537109375,-3.2294921875,False,False
codecontests_java_191,q,0.1267605633802817,0.028169014084507043,0.09859154929577464,-7.7484588623046875,-8.62496304512024,False,False
codecontests_java_191,k,0.18309859154929578,0.14084507042253522,0.04225352112676056,-7.248374938964844,-7.623199462890625,False,False
codecontests_java_191,v,0.18661971830985916,0.2007042253521127,-0.014084507042253521,-7.21649169921875,-7.090545654296875,False,False
codecontests_java_191,z,0.1443661971830986,0.18309859154929578,-0.03873239436619718,-7.592628479003906,-7.2492523193359375,False,False
apps_python_192,q,-0.14965986394557823,-0.047619047619047616,-0.10204081632653061,-5.2786865234375,-4.812156677246094,False,False
apps_python_192,k,0.027210884353741496,0.07482993197278912,-0.047619047619047616,-4.467506408691406,-4.249355316162109,False,False
apps_python_192,v,-0.027210884353741496,0.2789115646258503,-0.30612244897959184,-4.71649169921875,-3.30126953125,False,False
apps_python_192,z,0.23469387755102042,0.08163265306122448,0.15306122448979592,-3.50506591796875,-4.21466064453125,False,False
codecontests_cpp_192,q,-0.044444444444444446,-0.044444444444444446,0.0,-2.9365386962890625,-2.9366378784179688,False,False
codecontests_cpp_192,k,0.375,0.19444444444444445,0.18055555555555555,-1.715576171875,-2.25738525390625,False,False
codecontests_cpp_192,v,0.38333333333333336,0.2722222222222222,0.1111111111111111,-1.68701171875,-2.0269775390625,False,False
codecontests_cpp_192,z,0.15555555555555556,0.12222222222222222,0.03333333333333333,-2.36700439453125,-2.46099853515625,False,False
codecontests_java_192,q,0.03355704697986577,0.04697986577181208,-0.013422818791946308,-8.998649597167969,-8.873680114746094,False,False
codecontests_java_192,k,0.19463087248322147,0.18120805369127516,0.013422818791946308,-7.4962921142578125,-7.6224517822265625,False,False
codecontests_java_192,v,0.25838926174496646,0.2684563758389262,-0.010067114093959731,-6.90411376953125,-6.808319091796875,False,False
codecontests_java_192,z,0.16778523489932887,0.18120805369127516,-0.013422818791946308,-7.745880126953125,-7.62005615234375,False,False
apps_python_193,q,0.09933774834437085,0.046357615894039736,0.052980132450331126,-4.2462921142578125,-4.499351501464844,False,False
apps_python_193,k,0.11258278145695365,0.13245033112582782,-0.019867549668874173,-4.1837921142578125,-4.08184814453125,False,False
apps_python_193,v,0.019867549668874173,-0.006622516556291391,0.026490066225165563,-4.623741149902344,-4.748451232910156,False,False
apps_python_193,z,0.0,-0.033112582781456956,0.033112582781456956,-4.7160797119140625,-4.8704833984375,False,False
codecontests_java_193,q,-0.027586206896551724,-0.020689655172413793,-0.006896551724137931,-4.655551910400391,-4.624863624572754,False,False
codecontests_java_193,k,-0.07586206896551724,-0.10344827586206896,0.027586206896551724,-4.874835968017578,-4.999519348144531,False,False
codecontests_java_193,v,-0.2689655172413793,-0.21379310344827587,-0.05517241379310345,-5.74591064453125,-5.49212646484375,False,False
codecontests_java_193,z,-0.2206896551724138,-0.1310344827586207,-0.0896551724137931,-5.529052734375,-5.123420715332031,False,False
apps_python_194,q,0.056338028169014086,-0.056338028169014086,0.11267605633802817,-4.186195373535156,-4.682830810546875,False,False
apps_python_194,k,-0.21830985915492956,-0.04929577464788732,-0.16901408450704225,-5.3896484375,-4.654754638671875,False,False
apps_python_194,v,-0.15492957746478872,0.028169014084507043,-0.18309859154929578,-5.12109375,-4.3093719482421875,False,False
apps_python_194,z,0.12323943661971831,0.028169014084507043,0.09507042253521127,-3.8787841796875,-4.3100128173828125,False,False
codecontests_cpp_194,q,0.05063291139240506,0.05063291139240506,0.0,-4.6844482421875,-4.686309814453125,False,False
codecontests_cpp_194,k,0.0949367088607595,-0.06329113924050633,0.15822784810126583,-4.464752197265625,-5.23577880859375,False,False
codecontests_cpp_194,v,0.012658227848101266,-0.189873417721519,0.20253164556962025,-4.8718414306640625,-5.8634033203125,False,False
codecontests_cpp_194,z,-0.04430379746835443,-0.0759493670886076,0.03164556962025317,-5.1537017822265625,-5.310394287109375,False,False
codecontests_java_194,q,0.2,0.1,0.1,-9.497390747070312,-10.685577392578125,False,False
codecontests_java_194,k,0.14736842105263157,0.14210526315789473,0.005263157894736842,-10.121185302734375,-10.18389892578125,False,False
codecontests_java_194,v,0.1368421052631579,0.12631578947368421,0.010526315789473684,-10.248825073242188,-10.374069213867188,False,False
codecontests_java_194,z,0.09473684210526316,0.05789473684210526,0.03684210526315789,-10.747283935546875,-11.186309814453125,False,False
mbpp_python_194,q,-0.38345864661654133,-0.14285714285714285,-0.24060150375939848,-2.86370849609375,-2.36822509765625,False,False
mbpp_python_194,k,-0.6090225563909775,-0.44360902255639095,-0.16541353383458646,-3.3223876953125,-2.98773193359375,False,False
mbpp_python_194,v,-0.10526315789473684,-0.07518796992481203,-0.03007518796992481,-2.2940826416015625,-2.2333221435546875,False,False
mbpp_python_194,z,-0.18796992481203006,-0.07518796992481203,-0.11278195488721804,-2.46044921875,-2.2316436767578125,False,False
apps_python_195,q,-0.07784431137724551,-0.08383233532934131,0.005988023952095809,-5.623725891113281,-5.654754638671875,False,False
apps_python_195,k,0.041916167664670656,-0.03592814371257485,0.07784431137724551,-4.999838829040527,-5.39727783203125,False,False
apps_python_195,v,0.005988023952095809,0.0,0.005988023952095809,-5.173583984375,-5.21148681640625,False,False
apps_python_195,z,-0.0658682634730539,0.059880239520958084,-0.12574850299401197,-5.5594635009765625,-4.900360107421875,False,False
codecontests_cpp_195,q,-0.12605042016806722,-0.029411764705882353,-0.09663865546218488,-4.182464599609375,-3.8274192810058594,False,False
codecontests_cpp_195,k,-0.18487394957983194,-0.36134453781512604,0.17647058823529413,-4.3975830078125,-5.0478515625,False,False
codecontests_cpp_195,v,-0.029411764705882353,-0.029411764705882353,0.0,-3.828754425048828,-3.828221321105957,False,False
codecontests_cpp_195,z,-0.42857142857142855,-0.24369747899159663,-0.18487394957983194,-5.2952880859375,-4.609619140625,False,False
codecontests_java_195,q,-0.07142857142857142,0.04081632653061224,-0.11224489795918367,-13.11761474609375,-11.750242233276367,False,False
codecontests_java_195,k,0.09183673469387756,0.05612244897959184,0.03571428571428571,-11.122482299804688,-11.557861328125,False,False
codecontests_java_195,v,0.015306122448979591,0.0663265306122449,-0.05102040816326531,-12.058822631835938,-11.432373046875,False,False
codecontests_java_195,z,0.01020408163265306,0.07142857142857142,-0.061224489795918366,-12.123550415039062,-11.373947143554688,False,False
apps_python_196,q,0.09375,0.125,-0.03125,-3.1699600219726562,-3.0588226318359375,False,False
apps_python_196,k,0.0625,-0.16964285714285715,0.23214285714285715,-3.2797698974609375,-4.0902557373046875,False,False
apps_python_196,v,0.09375,-0.013392857142857142,0.10714285714285714,-3.169219970703125,-3.54461669921875,False,False
apps_python_196,z,0.08928571428571429,0.0625,0.026785714285714284,-3.18365478515625,-3.2794113159179688,False,False
codecontests_java_196,q,0.17424242424242425,0.12121212121212122,0.05303030303030303,-3.40081787109375,-3.62103271484375,False,False
codecontests_java_196,k,-0.06060606060606061,-0.030303030303030304,-0.030303030303030304,-4.3729705810546875,-4.2468719482421875,False,False
codecontests_java_196,v,-0.2878787878787879,-0.17424242424242425,-0.11363636363636363,-5.3033447265625,-4.837982177734375,False,False
codecontests_java_196,z,-0.11363636363636363,0.20833333333333334,-0.32196969696969696,-4.590240478515625,-3.257080078125,False,False
apps_python_197,q,-0.18072289156626506,-0.060240963855421686,-0.12048192771084337,-4.59033203125,-4.120849609375,False,False
apps_python_197,k,-0.20481927710843373,-0.3092369477911647,0.10441767068273092,-4.683013916015625,-5.0704345703125,False,False
apps_python_197,v,-0.3333333333333333,-0.3333333333333333,0.0,-5.1719970703125,-5.171630859375,False,False
apps_python_197,z,-0.024096385542168676,-0.11646586345381527,0.09236947791164658,-3.9813079833984375,-4.342899322509766,False,False
codecontests_cpp_197,q,-0.0783132530120482,0.12048192771084337,-0.19879518072289157,-2.795562744140625,-2.278106689453125,False,False
codecontests_cpp_197,k,-0.3373493975903614,-0.20481927710843373,-0.13253012048192772,-3.4544677734375,-3.118194580078125,False,False
codecontests_cpp_197,v,-0.12048192771084337,-0.3373493975903614,0.21686746987951808,-2.903839111328125,-3.45379638671875,False,False
codecontests_cpp_197,z,-0.3373493975903614,-0.3373493975903614,0.0,-3.45458984375,-3.4544677734375,False,False
codecontests_java_197,q,-0.135678391959799,-0.035175879396984924,-0.10050251256281408,-7.054443359375,-6.437046051025391,False,False
codecontests_java_197,k,0.11557788944723618,0.21105527638190955,-0.09547738693467336,-5.4963531494140625,-4.8829345703125,False,False
codecontests_java_197,v,0.01507537688442211,0.07537688442211055,-0.06030150753768844,-6.12017822265625,-5.749664306640625,False,False
codecontests_java_197,z,0.22613065326633167,0.020100502512562814,0.20603015075376885,-4.80279541015625,-6.0903778076171875,False,False
apps_python_198,q,0.033707865168539325,-0.011235955056179775,0.0449438202247191,-2.686859130859375,-2.8105010986328125,False,False
apps_python_198,k,-0.29775280898876405,-0.11797752808988764,-0.1797752808988764,-3.5987548828125,-3.10528564453125,False,False
apps_python_198,v,-0.3258426966292135,-0.07303370786516854,-0.25280898876404495,-3.677978515625,-2.981201171875,False,False
apps_python_198,z,0.0,0.07303370786516854,-0.07303370786516854,-2.7776947021484375,-2.5770950317382812,False,False
codecontests_java_198,q,0.04979253112033195,0.06224066390041494,-0.012448132780082987,-7.154716491699219,-7.061134338378906,False,False
codecontests_java_198,k,0.02074688796680498,0.012448132780082987,0.008298755186721992,-7.3723297119140625,-7.437472462654114,False,False
codecontests_java_198,v,-0.07053941908713693,-0.024896265560165973,-0.04564315352697095,-8.04876708984375,-7.7171173095703125,False,False
codecontests_java_198,z,0.16182572614107885,0.03734439834024896,0.12448132780082988,-6.30303955078125,-7.24261474609375,False,False
apps_python_199,q,0.03125,-0.041666666666666664,0.07291666666666667,-2.9050750732421875,-3.1244735717773438,False,False
apps_python_199,k,-0.041666666666666664,0.09375,-0.13541666666666666,-3.1246871948242188,-2.71466064453125,False,False
apps_python_199,v,-0.3229166666666667,-0.109375,-0.21354166666666666,-3.95947265625,-3.3262100219726562,False,False
apps_python_199,z,-0.25,-0.3229166666666667,0.07291666666666667,-3.74273681640625,-3.95843505859375,False,False
codecontests_cpp_199,q,-0.09333333333333334,-0.18,0.08666666666666667,-2.5602264404296875,-2.759002685546875,False,False
codecontests_cpp_199,k,-0.5733333333333334,-0.42,-0.15333333333333332,-3.64013671875,-3.2984619140625,False,False
codecontests_cpp_199,v,-0.6266666666666667,-0.32,-0.30666666666666664,-3.7607421875,-3.07421875,False,False
codecontests_cpp_199,z,-0.37333333333333335,-0.4666666666666667,0.09333333333333334,-3.19384765625,-3.40185546875,False,False
codecontests_java_199,q,-0.032520325203252036,-0.11382113821138211,0.08130081300813008,-7.93741512298584,-8.560676574707031,False,False
codecontests_java_199,k,0.24796747967479674,0.2073170731707317,0.04065040650406504,-5.77252197265625,-6.092247009277344,False,False
codecontests_java_199,v,0.24796747967479674,0.13414634146341464,0.11382113821138211,-5.77301025390625,-6.64617919921875,False,False
codecontests_java_199,z,0.13821138211382114,0.10975609756097561,0.028455284552845527,-6.621429443359375,-6.843009948730469,False,False
apps_python_200,q,0.1875,0.1,0.0875,-4.059722900390625,-4.493896484375,False,False
apps_python_200,k,0.10625,0.11875,-0.0125,-4.4679412841796875,-4.40167236328125,False,False
apps_python_200,v,0.175,0.0375,0.1375,-4.123176574707031,-4.811786651611328,False,False
apps_python_200,z,0.025,0.05625,-0.03125,-4.874671936035156,-4.7174835205078125,False,False
codecontests_cpp_200,q,-0.006802721088435374,-0.027210884353741496,0.02040816326530612,-4.6234283447265625,-4.718572616577148,False,False
codecontests_cpp_200,k,0.02040816326530612,-0.027210884353741496,0.047619047619047616,-4.49713134765625,-4.718324661254883,False,False
codecontests_cpp_200,v,-0.14285714285714285,-0.19047619047619047,0.047619047619047616,-5.24468994140625,-5.4650421142578125,False,False
codecontests_cpp_200,z,0.14965986394557823,-0.027210884353741496,0.17687074829931973,-3.902191162109375,-4.718177795410156,False,False
codecontests_java_200,q,0.061452513966480445,0.0446927374301676,0.01675977653631285,-10.496414184570312,-10.6868896484375,False,False
codecontests_java_200,k,0.12849162011173185,0.16759776536312848,-0.03910614525139665,-9.746292114257812,-9.30889892578125,False,False
codecontests_java_200,v,0.16201117318435754,0.09497206703910614,0.0670391061452514,-9.36053466796875,-10.11224365234375,False,False
codecontests_java_200,z,0.1452513966480447,0.01675977653631285,0.12849162011173185,-9.558731079101562,-10.9942626953125,False,False
apps_python_201,q,-0.05426356589147287,0.023255813953488372,-0.07751937984496124,-4.2486572265625,-3.937666893005371,False,False
apps_python_201,k,0.14728682170542637,0.05426356589147287,0.09302325581395349,-3.4302978515625,-3.81011962890625,False,False
apps_python_201,v,0.13565891472868216,0.0,0.13565891472868216,-3.479400634765625,-4.0305633544921875,False,False
apps_python_201,z,-0.023255813953488372,-0.023255813953488372,0.0,-4.124605178833008,-4.125942230224609,False,False
codecontests_cpp_201,q,-0.18579234972677597,-0.00546448087431694,-0.18032786885245902,-6.77044677734375,-5.7466888427734375,False,False
codecontests_cpp_201,k,0.03825136612021858,0.03825136612021858,0.0,-5.4969329833984375,-5.499610900878906,False,False
codecontests_cpp_201,v,-0.0273224043715847,0.09836065573770492,-0.12568306010928962,-5.8747406005859375,-5.155265808105469,False,False
codecontests_cpp_201,z,0.14207650273224043,-0.13114754098360656,0.273224043715847,-4.9027252197265625,-6.467735290527344,False,False
codecontests_java_201,q,-0.11347517730496454,-0.06382978723404255,-0.04964539007092199,-9.8101806640625,-9.3726806640625,False,False
codecontests_java_201,k,0.0425531914893617,0.07801418439716312,-0.03546099290780142,-8.43194580078125,-8.11566162109375,False,False
codecontests_java_201,v,0.02127659574468085,0.12056737588652482,-0.09929078014184398,-8.621139526367188,-7.74444580078125,False,False
codecontests_java_201,z,0.014184397163120567,0.0070921985815602835,0.0070921985815602835,-8.6771240234375,-8.74273681640625,False,False
apps_python_202,q,0.0912863070539419,-0.08713692946058091,0.17842323651452283,-3.4210166931152344,-4.092247009277344,False,False
apps_python_202,k,0.17012448132780084,0.17842323651452283,-0.008298755186721992,-3.1212005615234375,-3.087310791015625,False,False
apps_python_202,v,-0.04979253112033195,0.04149377593360996,-0.0912863070539419,-3.9527111053466797,-3.601318359375,False,False
apps_python_202,z,0.058091286307053944,-0.03319502074688797,0.0912863070539419,-3.5462722778320312,-3.887054443359375,False,False
codecontests_cpp_202,q,-0.12105263157894737,-0.03684210526315789,-0.08421052631578947,-3.32122802734375,-3.0773277282714844,False,False
codecontests_cpp_202,k,0.12105263157894737,0.3684210526315789,-0.24736842105263157,-2.606964111328125,-1.826904296875,False,False
codecontests_cpp_202,v,0.15263157894736842,0.19473684210526315,-0.042105263157894736,-2.508880615234375,-2.38226318359375,False,False
codecontests_cpp_202,z,-0.11578947368421053,0.07368421052631578,-0.18947368421052632,-3.3088836669921875,-2.7471923828125,False,False
codecontests_java_202,q,-0.07738095238095238,0.18452380952380953,-0.2619047619047619,-5.652008056640625,-4.2757568359375,False,False
codecontests_java_202,k,0.37202380952380953,0.35714285714285715,0.01488095238095238,-3.2735595703125,-3.356689453125,False,False
codecontests_java_202,v,0.13690476190476192,0.25892857142857145,-0.12202380952380952,-4.527008056640625,-3.88055419921875,False,False
codecontests_java_202,z,0.35119047619047616,0.33035714285714285,0.020833333333333332,-3.3875732421875,-3.50054931640625,False,False
apps_python_203,q,0.05179282868525897,0.0,0.05179282868525897,-3.718402862548828,-3.9205245971679688,False,False
apps_python_203,k,0.07171314741035857,0.04780876494023904,0.02390438247011952,-3.633056640625,-3.726318359375,False,False
apps_python_203,v,0.14342629482071714,0.12350597609561753,0.0199203187250996,-3.351959228515625,-3.43304443359375,False,False
apps_python_203,z,0.16334661354581673,0.15139442231075698,0.01195219123505976,-3.2794876098632812,-3.320068359375,False,False
codecontests_cpp_203,q,0.07317073170731707,-0.04878048780487805,0.12195121951219512,-2.9682693481445312,-3.3570709228515625,False,False
codecontests_cpp_203,k,0.11219512195121951,0.024390243902439025,0.08780487804878048,-2.840789794921875,-3.1241722106933594,False,False
codecontests_cpp_203,v,0.3121951219512195,0.06341463414634146,0.24878048780487805,-2.171142578125,-2.99658203125,False,False
codecontests_cpp_203,z,0.0,0.03414634146341464,-0.03414634146341464,-3.2032370567321777,-3.093547821044922,False,False
codecontests_java_203,q,0.06951871657754011,-0.1711229946524064,0.24064171122994651,-2.7174606323242188,-3.41583251953125,False,False
codecontests_java_203,k,-0.12299465240641712,-0.0481283422459893,-0.0748663101604278,-3.278564453125,-3.0609893798828125,False,False
codecontests_java_203,v,-0.45454545454545453,-0.5721925133689839,0.11764705882352941,-4.209716796875,-4.547607421875,False,False
codecontests_java_203,z,0.058823529411764705,0.10695187165775401,-0.0481283422459893,-2.744781494140625,-2.6054840087890625,False,False
apps_python_204,q,0.0,0.17277486910994763,-0.17277486910994763,-2.9839935302734375,-2.462860107421875,False,False
apps_python_204,k,-0.1256544502617801,-0.1518324607329843,0.02617801047120419,-3.3502197265625,-3.431854248046875,False,False
apps_python_204,v,-0.010471204188481676,-0.18848167539267016,0.17801047120418848,-3.0086669921875,-3.5399169921875,False,False
apps_python_204,z,0.06806282722513089,-0.11518324607329843,0.18324607329842932,-2.78009033203125,-3.326171875,False,False
codecontests_cpp_204,q,0.029069767441860465,0.10465116279069768,-0.0755813953488372,-5.216827392578125,-4.811149597167969,False,False
codecontests_cpp_204,k,0.1511627906976744,0.14534883720930233,0.005813953488372093,-4.556915283203125,-4.592155456542969,False,False
codecontests_cpp_204,v,0.11046511627906977,0.19186046511627908,-0.08139534883720931,-4.776580810546875,-4.337249755859375,False,False
codecontests_cpp_204,z,0.13372093023255813,0.10465116279069768,0.029069767441860465,-4.6531524658203125,-4.810707092285156,False,False
codecontests_java_204,q,-0.12269938650306748,-0.1411042944785276,0.018404907975460124,-5.717689514160156,-5.8115234375,False,False
codecontests_java_204,k,0.13496932515337423,0.04294478527607362,0.09202453987730061,-4.399993896484375,-4.870758056640625,False,False
codecontests_java_204,v,0.1165644171779141,0.018404907975460124,0.09815950920245399,-4.49481201171875,-4.999370574951172,False,False
codecontests_java_204,z,0.06748466257668712,-0.0736196319018405,0.1411042944785276,-4.7474517822265625,-5.4656982421875,False,False
mbpp_python_204,q,-0.22529644268774704,-0.043478260869565216,-0.18181818181818182,-4.8155517578125,-4.117767333984375,False,False
mbpp_python_204,k,0.09881422924901186,0.03557312252964427,0.06324110671936758,-3.559661865234375,-3.80511474609375,False,False
mbpp_python_204,v,-0.05138339920948617,0.003952569169960474,-0.05533596837944664,-4.14141845703125,-3.923583984375,False,False
mbpp_python_204,z,-0.2015810276679842,-0.019762845849802372,-0.18181818181818182,-4.7227783203125,-4.024322509765625,False,False
apps_python_205,q,0.05555555555555555,0.2,-0.14444444444444443,-3.9827423095703125,-3.3653564453125,False,False
apps_python_205,k,0.14814814814814814,0.15185185185185185,-0.003703703703703704,-3.5830078125,-3.5670166015625,False,False
apps_python_205,v,0.4,0.17407407407407408,0.22592592592592592,-2.48486328125,-3.4752197265625,False,False
apps_python_205,z,0.06666666666666667,0.1814814814814815,-0.11481481481481481,-3.93505859375,-3.44476318359375,False,False
codecontests_java_205,q,-0.1079136690647482,-0.04316546762589928,-0.06474820143884892,-9.624317169189453,-9.061492919921875,False,False
codecontests_java_205,k,0.24100719424460432,0.1618705035971223,0.07913669064748201,-6.5814208984375,-7.27020263671875,False,False
codecontests_java_205,v,0.17266187050359713,0.24100719424460432,-0.0683453237410072,-7.18115234375,-6.58392333984375,False,False
codecontests_java_205,z,0.07913669064748201,0.02877697841726619,0.050359712230215826,-7.994049072265625,-8.435272216796875,False,False
apps_python_206,q,-0.06282722513089005,-0.08376963350785341,0.020942408376963352,-6.342369079589844,-6.467437744140625,False,False
apps_python_206,k,0.1256544502617801,0.041884816753926704,0.08376963350785341,-5.217254638671875,-5.718204498291016,False,False
apps_python_206,v,0.06282722513089005,0.10471204188481675,-0.041884816753926704,-5.5930938720703125,-5.342552185058594,False,False
apps_python_206,z,0.020942408376963352,0.020942408376963352,0.0,-5.84355354309082,-5.8436949253082275,False,False
codecontests_cpp_206,q,0.16981132075471697,-0.0440251572327044,0.2138364779874214,-4.1228790283203125,-5.187343597412109,False,False
codecontests_cpp_206,k,0.018867924528301886,-0.025157232704402517,0.0440251572327044,-4.875312805175781,-5.093017578125,False,False
codecontests_cpp_206,v,0.06289308176100629,0.0440251572327044,0.018867924528301886,-4.6551971435546875,-4.749244689941406,False,False
codecontests_cpp_206,z,-0.0440251572327044,-0.20125786163522014,0.15723270440251572,-5.186847686767578,-5.966522216796875,False,False
codecontests_java_206,q,0.032520325203252036,0.10569105691056911,-0.07317073170731707,-7.436992645263672,-6.8733062744140625,False,False
codecontests_java_206,k,0.32926829268292684,0.2886178861788618,0.04065040650406504,-5.149139404296875,-5.4649200439453125,False,False
codecontests_java_206,v,0.17479674796747968,0.2845528455284553,-0.10975609756097561,-6.339752197265625,-5.493682861328125,False,False
codecontests_java_206,z,0.15853658536585366,0.10975609756097561,0.04878048780487805,-6.467781066894531,-6.842010498046875,False,False
apps_python_207,q,-0.030534351145038167,-0.061068702290076333,0.030534351145038167,-4.218536376953125,-4.3430938720703125,False,False
apps_python_207,k,0.061068702290076333,-0.08396946564885496,0.1450381679389313,-3.8402099609375,-4.4345703125,False,False
apps_python_207,v,-0.20610687022900764,-0.061068702290076333,-0.1450381679389313,-4.933074951171875,-4.3428955078125,False,False
apps_python_207,z,-0.11450381679389313,0.03435114503816794,-0.14885496183206107,-4.559844970703125,-3.9524879455566406,False,False
codecontests_cpp_207,q,0.0,-0.027149321266968326,0.027149321266968326,-3.4522247314453125,-3.547435760498047,False,False
codecontests_cpp_207,k,-0.11312217194570136,0.04072398190045249,-0.15384615384615385,-3.8413848876953125,-3.3119354248046875,False,False
codecontests_cpp_207,v,-0.10407239819004525,-0.10407239819004525,0.0,-3.810638427734375,-3.809356689453125,False,False
codecontests_cpp_207,z,0.10407239819004525,0.03167420814479638,0.07239819004524888,-3.090240478515625,-3.3408660888671875,False,False
codecontests_java_207,q,0.07792207792207792,0.032467532467532464,0.045454545454545456,-8.874761581420898,-9.313148498535156,False,False
codecontests_java_207,k,0.07142857142857142,0.15584415584415584,-0.08441558441558442,-8.93353271484375,-8.11822509765625,False,False
codecontests_java_207,v,0.09090909090909091,0.14935064935064934,-0.05844155844155844,-8.74615478515625,-8.184616088867188,False,False
codecontests_java_207,z,0.08441558441558442,0.12337662337662338,-0.03896103896103896,-8.8070068359375,-8.433990478515625,False,False
apps_python_208,q,0.0457516339869281,0.058823529411764705,-0.013071895424836602,-4.561649322509766,-4.499347686767578,False,False
apps_python_208,k,0.19281045751633988,0.13725490196078433,0.05555555555555555,-3.85498046875,-4.117889404296875,False,False
apps_python_208,v,0.11764705882352941,0.12418300653594772,-0.006535947712418301,-4.2017822265625,-4.157958984375,False,False
apps_python_208,z,0.0784313725490196,0.10457516339869281,-0.026143790849673203,-4.3905029296875,-4.2537841796875,False,False
codecontests_java_208,q,0.20502092050209206,0.04184100418410042,0.16317991631799164,-5.932037353515625,-7.14459228515625,False,False
codecontests_java_208,k,0.016736401673640166,0.12133891213389121,-0.10460251046025104,-7.33551025390625,-6.5457763671875,False,False
codecontests_java_208,v,0.14225941422594143,0.10460251046025104,0.03765690376569038,-6.402069091796875,-6.67498779296875,False,False
codecontests_java_208,z,0.11715481171548117,0.05439330543933055,0.06276150627615062,-6.58013916015625,-7.05560302734375,False,False
apps_python_209,q,-0.058823529411764705,-0.032679738562091505,-0.026143790849673203,-5.0608673095703125,-4.935874938964844,False,False
apps_python_209,k,0.0784313725490196,0.05228758169934641,0.026143790849673203,-4.406032562255859,-4.531476974487305,False,False
apps_python_209,v,0.17320261437908496,0.0457516339869281,0.12745098039215685,-3.949127197265625,-4.5603485107421875,False,False
apps_python_209,z,-0.13071895424836602,-0.08496732026143791,-0.0457516339869281,-5.401458740234375,-5.182861328125,False,False
codecontests_java_209,q,-0.011764705882352941,0.08823529411764706,-0.1,-5.36456298828125,-4.841835021972656,False,False
codecontests_java_209,k,0.052941176470588235,0.052941176470588235,0.0,-5.0262451171875,-5.029541015625,False,False
codecontests_java_209,v,-0.023529411764705882,0.12352941176470589,-0.14705882352941177,-5.41748046875,-4.649810791015625,False,False
codecontests_java_209,z,-0.25882352941176473,0.09411764705882353,-0.35294117647058826,-6.6848907470703125,-4.80743408203125,False,False
apps_python_210,q,-0.2746478873239437,-0.028169014084507043,-0.24647887323943662,-2.81475830078125,-2.2804183959960938,False,False
apps_python_210,k,-0.4788732394366197,-0.4084507042253521,-0.07042253521126761,-3.2587890625,-3.1025390625,False,False
apps_python_210,v,-0.19014084507042253,-0.14788732394366197,-0.04225352112676056,-2.62640380859375,-2.533203125,False,False
apps_python_210,z,-0.08450704225352113,-0.09154929577464789,0.007042253521126761,-2.4061031341552734,-2.419403076171875,False,False
codecontests_java_210,q,-0.18493150684931506,-0.13013698630136986,-0.0547945205479452,-5.404510498046875,-5.1552276611328125,False,False
codecontests_java_210,k,-0.07534246575342465,-0.363013698630137,0.2876712328767123,-4.9037017822265625,-6.211334228515625,False,False
codecontests_java_210,v,-0.0547945205479452,0.00684931506849315,-0.06164383561643835,-4.81048583984375,-4.529571533203125,False,False
codecontests_java_210,z,-0.23972602739726026,-0.13013698630136986,-0.1095890410958904,-5.651611328125,-5.154670715332031,False,False
apps_python_211,q,0.0,0.17647058823529413,-0.17647058823529413,-3.451934814453125,-2.839447021484375,False,False
apps_python_211,k,0.2398190045248869,0.09049773755656108,0.1493212669683258,-2.61517333984375,-3.1367340087890625,False,False
apps_python_211,v,-0.06334841628959276,0.08597285067873303,-0.1493212669683258,-3.6699752807617188,-3.15411376953125,False,False
apps_python_211,z,0.03167420814479638,0.09049773755656108,-0.058823529411764705,-3.3404998779296875,-3.137969970703125,False,False
codecontests_cpp_211,q,0.02072538860103627,0.03626943005181347,-0.015544041450777202,-5.9029541015625,-5.808685302734375,False,False
codecontests_cpp_211,k,0.07772020725388601,0.04145077720207254,0.03626943005181347,-5.5600128173828125,-5.7786712646484375,False,False
codecontests_cpp_211,v,-0.10880829015544041,-0.03626943005181347,-0.07253886010362694,-6.6845245361328125,-6.2476806640625,False,False
codecontests_cpp_211,z,0.04145077720207254,0.05699481865284974,-0.015544041450777202,-5.780311584472656,-5.687329292297363,False,False
codecontests_java_211,q,0.13756613756613756,-0.010582010582010581,0.14814814814814814,-10.185577392578125,-11.935897827148438,False,False
codecontests_java_211,k,0.042328042328042326,-0.026455026455026454,0.06878306878306878,-11.310775756835938,-12.093505859375,False,False
codecontests_java_211,v,0.09523809523809523,0.07936507936507936,0.015873015873015872,-10.686668395996094,-10.866943359375,False,False
codecontests_java_211,z,0.1111111111111111,0.026455026455026454,0.08465608465608465,-10.496246337890625,-11.49359130859375,False,False
apps_python_212,q,0.009900990099009901,0.0891089108910891,-0.07920792079207921,-3.1245288848876953,-2.8753299713134766,False,False
apps_python_212,k,0.04455445544554455,0.18811881188118812,-0.14356435643564355,-3.010009765625,-2.559234619140625,False,False
apps_python_212,v,-0.25742574257425743,-0.2623762376237624,0.0049504950495049506,-3.95916748046875,-3.980804443359375,False,False
apps_python_212,z,0.0297029702970297,0.009900990099009901,0.019801980198019802,-3.0633316040039062,-3.1228179931640625,False,False
codecontests_java_212,q,-0.06382978723404255,-0.028368794326241134,-0.03546099290780142,-4.68414306640625,-4.530555725097656,False,False
codecontests_java_212,k,0.3262411347517731,0.3475177304964539,-0.02127659574468085,-2.94775390625,-2.84521484375,False,False
codecontests_java_212,v,-0.2198581560283688,-0.03546099290780142,-0.18439716312056736,-5.368438720703125,-4.555999755859375,False,False
codecontests_java_212,z,0.1347517730496454,0.10638297872340426,0.028368794326241134,-3.808197021484375,-3.9347381591796875,False,False
apps_python_213,q,0.1148936170212766,0.14468085106382977,-0.029787234042553193,-3.2474822998046875,-3.137298583984375,False,False
apps_python_213,k,0.2851063829787234,0.16595744680851063,0.11914893617021277,-2.612548828125,-3.0591583251953125,False,False
apps_python_213,v,-0.16595744680851063,0.09361702127659574,-0.25957446808510637,-4.2781524658203125,-3.31854248046875,False,False
apps_python_213,z,-0.029787234042553193,-0.2851063829787234,0.2553191489361702,-3.781003952026367,-4.7130126953125,False,False
codecontests_cpp_213,q,0.06802721088435375,-0.14965986394557823,0.21768707482993196,-2.134918212890625,-2.6370086669921875,False,False
codecontests_cpp_213,k,-0.06802721088435375,-0.2585034013605442,0.19047619047619047,-2.4494781494140625,-2.874755859375,False,False
codecontests_cpp_213,v,0.19047619047619047,0.14285714285714285,0.047619047619047616,-1.8480224609375,-1.962860107421875,False,False
codecontests_cpp_213,z,0.09523809523809523,0.1360544217687075,-0.04081632653061224,-2.077117919921875,-1.978851318359375,False,False
codecontests_java_213,q,0.13793103448275862,-0.12413793103448276,0.2620689655172414,-3.901580810546875,-5.0916595458984375,False,False
codecontests_java_213,k,0.08275862068965517,0.1310344827586207,-0.04827586206896552,-4.1536102294921875,-3.931793212890625,False,False
codecontests_java_213,v,-0.04827586206896552,-0.1103448275862069,0.06206896551724138,-4.7480316162109375,-5.029472351074219,False,False
codecontests_java_213,z,0.1310344827586207,-0.013793103448275862,0.14482758620689656,-3.934967041015625,-4.5838623046875,False,False
apps_python_214,q,0.036036036036036036,-0.05855855855855856,0.0945945945945946,-3.343637466430664,-3.6724853515625,False,False
apps_python_214,k,-0.036036036036036036,0.0,-0.036036036036036036,-3.5933570861816406,-3.4682979583740234,False,False
apps_python_214,v,-0.1891891891891892,-0.2882882882882883,0.0990990990990991,-4.122467041015625,-4.46240234375,False,False
apps_python_214,z,-0.09009009009009009,-0.2882882882882883,0.1981981981981982,-3.7812708616256714,-4.4625244140625,False,False
codecontests_java_214,q,0.043859649122807015,-0.11403508771929824,0.15789473684210525,-3.4033660888671875,-3.96356201171875,False,False
codecontests_java_214,k,-0.20175438596491227,-0.37719298245614036,0.17543859649122806,-4.271484375,-4.883056640625,False,False
codecontests_java_214,v,-0.07894736842105263,-0.17543859649122806,0.09649122807017543,-3.836639404296875,-4.17559814453125,False,False
codecontests_java_214,z,0.2631578947368421,-0.23684210526315788,0.5,-2.6097412109375,-4.39581298828125,False,False
apps_python_215,q,0.0,0.023529411764705882,-0.023529411764705882,-5.311763763427734,-5.185752868652344,False,False
apps_python_215,k,0.3235294117647059,0.34705882352941175,-0.023529411764705882,-3.5738525390625,-3.4459228515625,False,False
apps_python_215,v,0.3911764705882353,0.2529411764705882,0.13823529411764707,-3.203857421875,-3.9593505859375,False,False
apps_python_215,z,0.11764705882352941,0.18235294117647058,-0.06470588235294118,-4.683319091796875,-4.3375244140625,False,False
codecontests_cpp_215,q,0.0,-0.03070175438596491,0.03070175438596491,-3.558624267578125,-3.66973876953125,False,False
codecontests_cpp_215,k,0.11842105263157894,0.05701754385964912,0.06140350877192982,-3.134735107421875,-3.3567962646484375,False,False
codecontests_cpp_215,v,0.09649122807017543,0.2543859649122807,-0.15789473684210525,-3.21435546875,-2.641357421875,False,False
codecontests_cpp_215,z,-0.03070175438596491,-0.14912280701754385,0.11842105263157894,-3.6695098876953125,-4.08905029296875,False,False
codecontests_java_215,q,-0.10526315789473684,0.06390977443609022,-0.16917293233082706,-9.18603515625,-7.7767333984375,False,False
codecontests_java_215,k,-0.03007518796992481,0.05263157894736842,-0.08270676691729323,-8.560806274414062,-7.8720245361328125,False,False
codecontests_java_215,v,-0.06015037593984962,0.07894736842105263,-0.13909774436090225,-8.80548095703125,-7.65020751953125,False,False
codecontests_java_215,z,0.08646616541353383,0.14661654135338345,-0.06015037593984962,-7.576171875,-7.08416748046875,False,False
apps_python_216,q,-0.06299212598425197,-0.023622047244094488,-0.03937007874015748,-4.2169647216796875,-4.061851501464844,False,False
apps_python_216,k,0.2795275590551181,0.30708661417322836,-0.027559055118110236,-2.83984375,-2.72265625,False,False
apps_python_216,v,0.10236220472440945,0.15354330708661418,-0.051181102362204724,-3.55340576171875,-3.354248046875,False,False
apps_python_216,z,0.17716535433070865,0.18110236220472442,-0.003937007874015748,-3.25579833984375,-3.226318359375,False,False
codecontests_cpp_216,q,-0.16891891891891891,0.0472972972972973,-0.21621621621621623,-5.401947021484375,-4.405902862548828,False,False
codecontests_cpp_216,k,0.060810810810810814,-0.006756756756756757,0.06756756756756757,-4.3245849609375,-4.653167724609375,False,False
codecontests_cpp_216,v,0.2195945945945946,0.11486486486486487,0.10472972972972973,-3.59747314453125,-4.076904296875,False,False
codecontests_cpp_216,z,-0.08108108108108109,0.013513513513513514,-0.0945945945945946,-4.999031066894531,-4.55999755859375,False,False
codecontests_java_216,q,0.03333333333333333,0.05416666666666667,-0.020833333333333332,-14.499458312988281,-14.187488734722137,False,False
codecontests_java_216,k,0.0125,0.020833333333333332,-0.008333333333333333,-14.811370849609375,-14.687361717224121,False,False
codecontests_java_216,v,-0.03333333333333333,0.020833333333333332,-0.05416666666666667,-15.499244689941406,-14.685699462890625,False,False
codecontests_java_216,z,0.09583333333333334,0.0125,0.08333333333333333,-13.55316162109375,-14.7884521484375,False,False
apps_python_217,q,0.0658682634730539,0.10778443113772455,-0.041916167664670656,-4.8737640380859375,-4.654365539550781,False,False
apps_python_217,k,0.10778443113772455,0.0658682634730539,0.041916167664670656,-4.6554107666015625,-4.874176025390625,False,False
apps_python_217,v,0.10778443113772455,0.1317365269461078,-0.023952095808383235,-4.655113220214844,-4.52996826171875,False,False
apps_python_217,z,0.08982035928143713,0.1317365269461078,-0.041916167664670656,-4.74871826171875,-4.529510498046875,False,False
codecontests_java_217,q,0.09947643979057591,0.23036649214659685,-0.13089005235602094,-5.3726654052734375,-4.587432861328125,False,False
codecontests_java_217,k,0.42408376963350786,0.12041884816753927,0.3036649214659686,-3.4130859375,-5.246185302734375,False,False
codecontests_java_217,v,0.08376963350785341,0.34293193717277487,-0.2591623036649215,-5.459228515625,-3.903076171875,False,False
codecontests_java_217,z,0.24607329842931938,0.2879581151832461,-0.041884816753926704,-4.4798583984375,-4.232177734375,False,False
apps_python_218,q,0.047244094488188976,0.16141732283464566,-0.1141732283464567,-3.77899169921875,-3.313232421875,False,False
apps_python_218,k,0.047244094488188976,0.11811023622047244,-0.07086614173228346,-3.7760009765625,-3.494354248046875,False,False
apps_python_218,v,0.14173228346456693,0.07086614173228346,0.07086614173228346,-3.396484375,-3.6728515625,False,False
apps_python_218,z,0.047244094488188976,0.023622047244094488,0.023622047244094488,-3.7793960571289062,-3.8719329833984375,False,False
codecontests_cpp_218,q,-0.12949640287769784,0.19784172661870503,-0.3273381294964029,-4.900421142578125,-3.478729248046875,False,False
codecontests_cpp_218,k,-0.1510791366906475,-0.007194244604316547,-0.14388489208633093,-4.9866943359375,-4.372039794921875,False,False
codecontests_cpp_218,v,0.05755395683453238,0.08633093525179857,-0.02877697841726619,-4.093120574951172,-3.9673614501953125,False,False
codecontests_cpp_218,z,0.08633093525179857,0.10431654676258993,-0.017985611510791366,-3.9671478271484375,-3.8871612548828125,False,False
codecontests_java_218,q,0.06432748538011696,0.12280701754385964,-0.05847953216374269,-9.994781494140625,-9.374160766601562,False,False
codecontests_java_218,k,0.32748538011695905,0.21637426900584794,0.1111111111111111,-7.17364501953125,-8.3626708984375,False,False
codecontests_java_218,v,0.28362573099415206,0.14035087719298245,0.14327485380116958,-7.649383544921875,-9.17718505859375,False,False
codecontests_java_218,z,0.0935672514619883,0.15204678362573099,-0.05847953216374269,-9.6807861328125,-9.058670043945312,False,False
apps_python_219,q,0.017857142857142856,0.017857142857142856,0.0,-5.155643463134766,-5.156458854675293,False,False
apps_python_219,k,-0.047619047619047616,-0.09523809523809523,0.047619047619047616,-5.497283935546875,-5.748138427734375,False,False
apps_python_219,v,-0.047619047619047616,-0.07142857142857142,0.023809523809523808,-5.498374938964844,-5.624187469482422,False,False
apps_python_219,z,0.06547619047619048,0.1130952380952381,-0.047619047619047616,-4.906026840209961,-4.655525207519531,False,False
codecontests_cpp_219,q,0.2318181818181818,0.20454545454545456,0.02727272727272727,-2.62542724609375,-2.72259521484375,False,False
codecontests_cpp_219,k,0.4090909090909091,0.37727272727272726,0.031818181818181815,-1.96875,-2.0927734375,False,False
codecontests_cpp_219,v,0.33181818181818185,0.3,0.031818181818181815,-2.263427734375,-2.3792724609375,False,False
codecontests_cpp_219,z,0.23636363636363636,0.20454545454545456,0.031818181818181815,-2.61041259765625,-2.72283935546875,False,False
codecontests_java_219,q,-0.14772727272727273,-0.08522727272727272,-0.0625,-12.615966796875,-11.92706298828125,False,False
codecontests_java_219,k,0.07954545454545454,0.10227272727272728,-0.022727272727272728,-10.1207275390625,-9.873237609863281,False,False
codecontests_java_219,v,-0.09090909090909091,-0.0625,-0.028409090909090908,-11.995635986328125,-11.6790771484375,False,False
codecontests_java_219,z,0.0625,-0.045454545454545456,0.10795454545454546,-10.308731079101562,-11.500450134277344,False,False
apps_python_220,q,0.015,-0.08,0.095,-6.15374755859375,-6.7471466064453125,False,False
apps_python_220,k,0.15,0.175,-0.025,-5.30914306640625,-5.1480712890625,False,False
apps_python_220,v,0.09,0.11,-0.02,-5.687300682067871,-5.5601959228515625,False,False
apps_python_220,z,0.065,0.02,0.045,-5.83538818359375,-6.12103271484375,False,False
codecontests_cpp_220,q,-0.14450867052023122,-0.16184971098265896,0.017341040462427744,-3.0850830078125,-3.1371917724609375,False,False
codecontests_cpp_220,k,0.057803468208092484,-0.046242774566473986,0.10404624277456648,-2.5440216064453125,-2.821136474609375,False,False
codecontests_cpp_220,v,0.10404624277456648,-0.023121387283236993,0.12716763005780346,-2.417388916015625,-2.764728546142578,False,False
codecontests_cpp_220,z,-0.023121387283236993,-0.2023121387283237,0.1791907514450867,-2.7641448974609375,-3.24212646484375,False,False
codecontests_java_220,q,0.14705882352941177,0.058823529411764705,0.08823529411764706,-5.42791748046875,-6.000881195068359,False,False
codecontests_java_220,k,0.14705882352941177,0.004901960784313725,0.14215686274509803,-5.42852783203125,-6.3417510986328125,False,False
codecontests_java_220,v,0.024509803921568627,0.004901960784313725,0.0196078431372549,-6.218135833740234,-6.343360900878906,False,False
codecontests_java_220,z,0.06862745098039216,0.12254901960784313,-0.05392156862745098,-5.931549072265625,-5.5911102294921875,False,False
apps_python_221,q,0.1722488038277512,-0.03349282296650718,0.20574162679425836,-2.696197509765625,-3.3735275268554688,False,False
apps_python_221,k,-0.06220095693779904,0.10047846889952153,-0.16267942583732056,-3.4662628173828125,-2.93353271484375,False,False
apps_python_221,v,-0.09569377990430622,-0.03349282296650718,-0.06220095693779904,-3.57476806640625,-3.3724822998046875,False,False
apps_python_221,z,-0.06220095693779904,-0.09569377990430622,0.03349282296650718,-3.467376708984375,-3.5753631591796875,False,False
codecontests_java_221,q,0.1103448275862069,0.05517241379310345,0.05517241379310345,-8.0565185546875,-8.561908721923828,False,False
codecontests_java_221,k,0.2,0.22758620689655173,-0.027586206896551724,-7.24005126953125,-6.996429443359375,False,False
codecontests_java_221,v,0.1103448275862069,0.1103448275862069,0.0,-8.057281494140625,-8.060302734375,False,False
codecontests_java_221,z,0.17586206896551723,0.09655172413793103,0.07931034482758621,-7.464019775390625,-8.185653686523438,False,False
mbpp_python_221,q,-0.4342857142857143,-0.12,-0.3142857142857143,-3.9033203125,-3.0601348876953125,False,False
mbpp_python_221,k,-0.17142857142857143,-0.08,-0.09142857142857143,-3.195831298828125,-2.9521102905273438,False,False
mbpp_python_221,v,-0.28,-0.32,0.04,-3.49151611328125,-3.5982666015625,False,False
mbpp_python_221,z,-0.11428571428571428,-0.06857142857142857,-0.045714285714285714,-3.04327392578125,-2.91864013671875,False,False
apps_python_222,q,0.0967741935483871,0.0,0.0967741935483871,-3.0611190795898438,-3.3898696899414062,False,False
apps_python_222,k,-0.03225806451612903,-0.11981566820276497,0.08755760368663594,-3.499195098876953,-3.7955474853515625,False,False
apps_python_222,v,-0.03225806451612903,-0.06451612903225806,0.03225806451612903,-3.4995689392089844,-3.6079254150390625,False,False
apps_python_222,z,0.03225806451612903,0.06451612903225806,-0.03225806451612903,-3.2809715270996094,-3.1711959838867188,False,False
codecontests_java_222,q,0.1945945945945946,0.15675675675675677,0.03783783783783784,-2.31671142578125,-2.428955078125,False,False
codecontests_java_222,k,0.1945945945945946,0.043243243243243246,0.15135135135135136,-2.31488037109375,-2.76434326171875,False,False
codecontests_java_222,v,0.4243243243243243,0.3108108108108108,0.11351351351351352,-1.591796875,-1.958740234375,False,False
codecontests_java_222,z,0.11891891891891893,0.3837837837837838,-0.2648648648648649,-2.54266357421875,-1.7265625,False,False
apps_python_223,q,0.10144927536231885,0.10628019323671498,-0.004830917874396135,-2.902130126953125,-2.8875885009765625,False,False
apps_python_223,k,0.24154589371980675,0.13526570048309178,0.10628019323671498,-2.43798828125,-2.791961669921875,False,False
apps_python_223,v,0.10628019323671498,0.28019323671497587,-0.17391304347826086,-2.886993408203125,-2.308837890625,False,False
apps_python_223,z,0.033816425120772944,0.033816425120772944,0.0,-3.1232986450195312,-3.124176025390625,False,False
codecontests_cpp_223,q,0.21052631578947367,-0.30364372469635625,0.5141700404858299,-3.03741455078125,-5.017822265625,False,False
codecontests_cpp_223,k,0.29554655870445345,0.21052631578947367,0.08502024291497975,-2.69873046875,-3.03668212890625,False,False
codecontests_cpp_223,v,0.1700404858299595,-0.016194331983805668,0.1862348178137652,-3.18841552734375,-3.9124755859375,False,False
codecontests_cpp_223,z,0.1417004048582996,-0.032388663967611336,0.17408906882591094,-3.30426025390625,-3.9831619262695312,False,False
codecontests_java_223,q,0.08235294117647059,0.09411764705882353,-0.011764705882352941,-7.311065673828125,-7.2174224853515625,False,False
codecontests_java_223,k,0.12549019607843137,0.10980392156862745,0.01568627450980392,-6.9627685546875,-7.086639404296875,False,False
codecontests_java_223,v,0.1607843137254902,0.0196078431372549,0.1411764705882353,-6.6836090087890625,-7.811187744140625,False,False
codecontests_java_223,z,0.18823529411764706,0.1607843137254902,0.027450980392156862,-6.467742919921875,-6.686424255371094,False,False
apps_python_224,q,-0.021164021164021163,-0.12169312169312169,0.10052910052910052,-3.0158958435058594,-3.310028076171875,False,False
apps_python_224,k,-0.08465608465608465,-0.05291005291005291,-0.031746031746031744,-3.19085693359375,-3.10333251953125,False,False
apps_python_224,v,-0.08994708994708994,0.005291005291005291,-0.09523809523809523,-3.217071533203125,-2.933502197265625,False,False
apps_python_224,z,-0.12169312169312169,-0.026455026455026454,-0.09523809523809523,-3.3096466064453125,-3.030284881591797,False,False
codecontests_cpp_224,q,-0.02824858757062147,0.03389830508474576,-0.062146892655367235,-2.839111328125,-2.66790771484375,False,False
codecontests_cpp_224,k,0.0847457627118644,0.12429378531073447,-0.03954802259887006,-2.52783203125,-2.41162109375,False,False
codecontests_cpp_224,v,-0.11299435028248588,-0.15254237288135594,0.03954802259887006,-3.0653076171875,-3.1785888671875,False,False
codecontests_cpp_224,z,0.11864406779661017,0.12429378531073447,-0.005649717514124294,-2.4285888671875,-2.41546630859375,False,False
codecontests_java_224,q,-0.08284023668639054,-0.2603550295857988,0.17751479289940827,-2.8572235107421875,-3.3121337890625,False,False
codecontests_java_224,k,0.21893491124260356,0.08875739644970414,0.1301775147928994,-2.0450439453125,-2.4026031494140625,False,False
codecontests_java_224,v,-0.17159763313609466,0.0,-0.17159763313609466,-3.086669921875,-2.637542724609375,False,False
codecontests_java_224,z,0.047337278106508875,0.09467455621301775,-0.047337278106508875,-2.5139617919921875,-2.385406494140625,False,False
mbpp_python_224,q,-0.07488986784140969,0.0,-0.07488986784140969,-7.62225341796875,-7.092906951904297,False,False
mbpp_python_224,k,0.0,-0.16299559471365638,0.16299559471365638,-7.093021392822266,-8.2454833984375,False,False
mbpp_python_224,v,-0.01762114537444934,0.039647577092511016,-0.05726872246696035,-7.2176971435546875,-6.81036376953125,False,False
mbpp_python_224,z,0.09251101321585903,0.01762114537444934,0.07488986784140969,-6.436470031738281,-6.968626976013184,False,False
apps_python_225,q,-0.007633587786259542,0.08778625954198473,-0.09541984732824428,-4.118682861328125,-3.7315673828125,False,False
apps_python_225,k,-0.007633587786259542,0.08778625954198473,-0.09541984732824428,-4.121002197265625,-3.7327804565429688,False,False
apps_python_225,v,0.1450381679389313,0.0648854961832061,0.08015267175572519,-3.4981918334960938,-3.827167510986328,False,False
apps_python_225,z,0.0,-0.04580152671755725,0.04580152671755725,-4.093036651611328,-4.2808837890625,False,False
codecontests_cpp_225,q,-0.35353535353535354,-0.42424242424242425,0.0707070707070707,-4.1727294921875,-4.3843994140625,False,False
codecontests_cpp_225,k,-0.40404040404040403,-0.45454545454545453,0.050505050505050504,-4.3155517578125,-4.4814453125,False,False
codecontests_cpp_225,v,-0.16666666666666666,-0.31313131313131315,0.14646464646464646,-3.600341796875,-4.05096435546875,False,False
codecontests_cpp_225,z,-0.11616161616161616,-0.1919191919191919,0.07575757575757576,-3.4496307373046875,-3.681427001953125,False,False
codecontests_java_225,q,0.1308411214953271,0.16822429906542055,-0.037383177570093455,-5.8094024658203125,-5.5613555908203125,False,False
codecontests_java_225,k,0.24766355140186916,0.24299065420560748,0.004672897196261682,-5.024932861328125,-5.0557861328125,False,False
codecontests_java_225,v,0.14953271028037382,0.24299065420560748,-0.09345794392523364,-5.6855316162109375,-5.056793212890625,False,False
codecontests_java_225,z,0.18691588785046728,0.22897196261682243,-0.04205607476635514,-5.43243408203125,-5.15228271484375,False,False
codecontests_java_226,q,-0.08333333333333333,-0.041666666666666664,-0.041666666666666664,-6.496337890625,-6.2466583251953125,False,False
codecontests_java_226,k,0.2916666666666667,0.2708333333333333,0.020833333333333332,-4.228515625,-4.3582763671875,False,False
codecontests_java_226,v,0.125,0.2708333333333333,-0.14583333333333334,-5.24127197265625,-4.364013671875,False,False
codecontests_java_226,z,0.020833333333333332,-0.020833333333333332,0.041666666666666664,-5.8673095703125,-6.123954772949219,False,False
apps_python_227,q,0.14,0.185,-0.045,-5.37255859375,-5.0911865234375,False,False
apps_python_227,k,0.24,0.32,-0.08,-4.74554443359375,-4.24005126953125,False,False
apps_python_227,v,0.14,0.16,-0.02,-5.37359619140625,-5.247894287109375,False,False
apps_python_227,z,0.06,0.2,-0.14,-5.874736785888672,-4.9964752197265625,False,False
codecontests_cpp_227,q,-0.06779661016949153,-0.14124293785310735,0.07344632768361582,-2.950042724609375,-3.151031494140625,False,False
codecontests_cpp_227,k,-0.0847457627118644,-0.3107344632768362,0.22598870056497175,-2.997528076171875,-3.6116943359375,False,False
codecontests_cpp_227,v,0.011299435028248588,-0.3954802259887006,0.4067796610169492,-2.731719970703125,-3.84130859375,False,False
codecontests_cpp_227,z,-0.02824858757062147,-0.2598870056497175,0.23163841807909605,-2.8406829833984375,-3.4730224609375,False,False
codecontests_java_227,q,0.007633587786259542,0.030534351145038167,-0.022900763358778626,-4.0600738525390625,-3.9690475463867188,False,False
codecontests_java_227,k,0.4122137404580153,0.4083969465648855,0.003816793893129771,-2.361328125,-2.37841796875,False,False
codecontests_java_227,v,0.5133587786259542,0.3969465648854962,0.11641221374045801,-1.9033203125,-2.420166015625,False,False
codecontests_java_227,z,0.3282442748091603,0.2748091603053435,0.05343511450381679,-2.72119140625,-2.9510498046875,False,False
codecontests_cpp_228,q,-0.15,-0.26666666666666666,0.11666666666666667,-4.30865478515625,-4.74188232421875,False,False
codecontests_cpp_228,k,0.2625,-0.05416666666666667,0.31666666666666665,-2.752685546875,-3.9514694213867188,False,False
codecontests_cpp_228,v,0.20416666666666666,0.20416666666666666,0.0,-2.9725341796875,-2.97406005859375,False,False
codecontests_cpp_228,z,0.20416666666666666,-0.09166666666666666,0.29583333333333334,-2.977691650390625,-4.089752197265625,False,False
codecontests_java_228,q,-0.039603960396039604,-0.07920792079207921,0.039603960396039604,-6.5611114501953125,-6.8104705810546875,False,False
codecontests_java_228,k,0.09405940594059406,-0.07920792079207921,0.17326732673267325,-5.718450546264648,-6.812476754188538,False,False
codecontests_java_228,v,-0.039603960396039604,-0.0594059405940594,0.019801980198019802,-6.5608062744140625,-6.6859283447265625,False,False
codecontests_java_228,z,-0.0049504950495049506,-0.039603960396039604,0.034653465346534656,-6.34075927734375,-6.5609893798828125,False,False
apps_python_229,q,-0.13013698630136986,-0.00684931506849315,-0.1232876712328767,-2.575592041015625,-2.2957305908203125,False,False
apps_python_229,k,-0.1780821917808219,-0.22602739726027396,0.04794520547945205,-2.682891845703125,-2.79071044921875,False,False
apps_python_229,v,0.0,0.08904109589041095,-0.08904109589041095,-2.280670166015625,-2.075927734375,False,False
apps_python_229,z,0.0,-0.0410958904109589,0.0410958904109589,-2.2816314697265625,-2.3740501403808594,False,False
codecontests_cpp_229,q,0.15306122448979592,0.047619047619047616,0.1054421768707483,-3.88427734375,-4.3722381591796875,False,False
codecontests_cpp_229,k,0.1836734693877551,0.20068027210884354,-0.017006802721088437,-3.7462158203125,-3.666473388671875,False,False
codecontests_cpp_229,v,0.12244897959183673,0.02040816326530612,0.10204081632653061,-4.0282745361328125,-4.499237060546875,False,False
codecontests_cpp_229,z,0.20748299319727892,0.22789115646258504,-0.02040816326530612,-3.634521484375,-3.5389404296875,False,False
codecontests_java_229,q,-0.041666666666666664,-0.02976190476190476,-0.011904761904761904,-10.934234619140625,-10.80816650390625,False,False
codecontests_java_229,k,0.13095238095238096,0.03571428571428571,0.09523809523809523,-9.122817993164062,-10.122940063476562,False,False
codecontests_java_229,v,0.0,0.011904761904761904,-0.011904761904761904,-10.49935531616211,-10.373092651367188,False,False
codecontests_java_229,z,0.03571428571428571,-0.09523809523809523,0.13095238095238096,-10.1217041015625,-11.49853515625,False,False
apps_python_230,q,0.03783783783783784,0.07567567567567568,-0.03783783783783784,-2.7807464599609375,-2.6709632873535156,False,False
apps_python_230,k,0.0,-0.08108108108108109,0.08108108108108109,-2.8894500732421875,-3.1226959228515625,False,False
apps_python_230,v,-0.11351351351351352,-0.07567567567567568,-0.03783783783783784,-3.2162322998046875,-3.10821533203125,False,False
apps_python_230,z,0.03783783783783784,0.07567567567567568,-0.03783783783783784,-2.7805938720703125,-2.6711578369140625,False,False
codecontests_java_230,q,-0.4642857142857143,0.05357142857142857,-0.5178571428571429,-3.80859375,-2.478973388671875,False,False
codecontests_java_230,k,-0.19642857142857142,-0.07142857142857142,-0.125,-3.120361328125,-2.805084228515625,False,False
codecontests_java_230,v,0.02976190476190476,-0.3273809523809524,0.35714285714285715,-2.5166015625,-3.461669921875,False,False
codecontests_java_230,z,0.11904761904761904,0.023809523809523808,0.09523809523809523,-2.28125,-2.542724609375,False,False
mbpp_python_230,q,0.026143790849673203,0.0,0.026143790849673203,-4.6552581787109375,-4.780494689941406,False,False
mbpp_python_230,k,-0.0718954248366013,-0.0784313725490196,0.006535947712418301,-5.125518798828125,-5.152130126953125,False,False
mbpp_python_230,v,0.0,-0.0718954248366013,0.0718954248366013,-4.781230568885803,-5.125701904296875,False,False
mbpp_python_230,z,-0.13071895424836602,0.026143790849673203,-0.1568627450980392,-5.4039459228515625,-4.656652450561523,False,False
apps_python_231,q,0.0593607305936073,0.1506849315068493,-0.091324200913242,-3.2183303833007812,-2.9038238525390625,False,False
apps_python_231,k,-0.0958904109589041,0.0593607305936073,-0.1552511415525114,-3.749095916748047,-3.218280792236328,False,False
apps_python_231,v,-0.0319634703196347,0.0593607305936073,-0.091324200913242,-3.531033515930176,-3.2181243896484375,False,False
apps_python_231,z,0.0593607305936073,0.0273972602739726,0.0319634703196347,-3.2181434631347656,-3.327787399291992,False,False
codecontests_java_231,q,0.19480519480519481,0.1038961038961039,0.09090909090909091,-3.867889404296875,-4.306884765625,False,False
codecontests_java_231,k,0.4253246753246753,0.4025974025974026,0.022727272727272728,-2.734375,-2.8458251953125,False,False
codecontests_java_231,v,0.36038961038961037,0.37987012987012986,-0.01948051948051948,-3.0484619140625,-2.962158203125,False,False
codecontests_java_231,z,0.3116883116883117,0.36038961038961037,-0.048701298701298704,-3.2923583984375,-3.05224609375,False,False
apps_python_232,q,0.24899598393574296,0.27710843373493976,-0.028112449799196786,-2.9039306640625,-2.7933349609375,False,False
apps_python_232,k,0.21285140562248997,0.09236947791164658,0.12048192771084337,-3.05084228515625,-3.5284423828125,False,False
apps_python_232,v,0.21285140562248997,0.08835341365461848,0.12449799196787148,-3.05322265625,-3.541748046875,False,False
apps_python_232,z,0.27710843373493976,0.1566265060240964,0.12048192771084337,-2.792724609375,-3.276336669921875,False,False
apps_python_233,q,0.057692307692307696,0.15384615384615385,-0.09615384615384616,-3.8251495361328125,-3.432281494140625,False,False
apps_python_233,k,0.12307692307692308,0.023076923076923078,0.1,-3.5590362548828125,-3.9667510986328125,False,False
apps_python_233,v,0.06153846153846154,0.15384615384615385,-0.09230769230769231,-3.8105545043945312,-3.432830810546875,False,False
apps_python_233,z,0.03076923076923077,0.09230769230769231,-0.06153846153846154,-3.937497302889824,-3.6846466064453125,False,False
codecontests_java_233,q,-0.12650602409638553,0.018072289156626505,-0.14457831325301204,-11.67999267578125,-10.185348510742188,False,False
codecontests_java_233,k,0.04819277108433735,0.1566265060240964,-0.10843373493975904,-9.872665405273438,-8.746856689453125,False,False
codecontests_java_233,v,0.006024096385542169,0.06626506024096386,-0.060240963855421686,-10.30902099609375,-9.67938232421875,False,False
codecontests_java_233,z,-0.024096385542168676,0.1144578313253012,-0.13855421686746988,-10.62103271484375,-9.182525634765625,False,False
mbpp_python_233,q,0.026490066225165563,-0.019867549668874173,0.046357615894039736,-4.593655586242676,-4.812536954879761,False,False
mbpp_python_233,k,0.006622516556291391,-0.0728476821192053,0.07947019867549669,-4.687487781047821,-5.061134338378906,False,False
mbpp_python_233,v,-0.06622516556291391,0.006622516556291391,-0.0728476821192053,-5.030181884765625,-4.687491714954376,False,False
mbpp_python_233,z,-0.0728476821192053,0.006622516556291391,-0.07947019867549669,-5.062007904052734,-4.687835693359375,False,False
apps_python_234,q,-0.059880239520958084,-0.059880239520958084,0.0,-2.7650909423828125,-2.7646522521972656,False,False
apps_python_234,k,0.1377245508982036,0.19760479041916168,-0.059880239520958084,-2.2459716796875,-2.08404541015625,False,False
apps_python_234,v,0.0,0.1437125748502994,-0.1437125748502994,-2.6074981689453125,-2.2255859375,False,False
apps_python_234,z,0.19760479041916168,0.059880239520958084,0.1377245508982036,-2.087158203125,-2.44805908203125,False,False
codecontests_java_234,q,0.05138339920948617,0.11462450592885376,-0.06324110671936758,-7.499628067016602,-6.996978759765625,False,False
codecontests_java_234,k,0.015810276679841896,0.06719367588932806,-0.05138339920948617,-7.780235290527344,-7.37286376953125,False,False
codecontests_java_234,v,0.06719367588932806,0.05138339920948617,0.015810276679841896,-7.3712310791015625,-7.4979400634765625,False,False
codecontests_java_234,z,0.16600790513833993,0.17786561264822134,-0.011857707509881422,-6.58563232421875,-6.493011474609375,False,False
apps_python_235,q,0.11870503597122302,0.30935251798561153,-0.1906474820143885,-1.9125823974609375,-1.48602294921875,False,False
apps_python_235,k,0.08273381294964029,0.22302158273381295,-0.14028776978417265,-1.9908905029296875,-1.681549072265625,False,False
apps_python_235,v,0.11870503597122302,0.09352517985611511,0.025179856115107913,-1.9123916625976562,-1.963714599609375,False,False
apps_python_235,z,0.2158273381294964,0.302158273381295,-0.08633093525179857,-1.6949462890625,-1.50390625,False,False
codecontests_cpp_235,q,0.045714285714285714,0.08571428571428572,-0.04,-2.6082916259765625,-2.495391845703125,False,False
codecontests_cpp_235,k,0.045714285714285714,0.3142857142857143,-0.26857142857142857,-2.60858154296875,-1.84228515625,False,False
codecontests_cpp_235,v,-0.03428571428571429,-0.29714285714285715,0.26285714285714284,-2.825042724609375,-3.531494140625,False,False
codecontests_cpp_235,z,0.17142857142857143,0.09142857142857143,0.08,-2.25628662109375,-2.47821044921875,False,False
codecontests_java_235,q,0.08796296296296297,0.06481481481481481,0.023148148148148147,-6.155693054199219,-6.310707092285156,False,False
codecontests_java_235,k,0.37962962962962965,0.26851851851851855,0.1111111111111111,-4.1737060546875,-4.93133544921875,False,False
codecontests_java_235,v,0.11574074074074074,0.2638888888888889,-0.14814814814814814,-5.96295166015625,-4.96014404296875,False,False
codecontests_java_235,z,0.027777777777777776,0.0,0.027777777777777776,-6.561553955078125,-6.7493743896484375,False,False
mbpp_python_235,q,0.24031007751937986,0.24031007751937986,0.0,-1.51171875,-1.512939453125,False,False
mbpp_python_235,k,-0.3488372093023256,-0.07751937984496124,-0.2713178294573643,-2.6890869140625,-2.16180419921875,False,False
mbpp_python_235,v,-0.17054263565891473,-0.17829457364341086,0.007751937984496124,-2.352508544921875,-2.36578369140625,False,False
mbpp_python_235,z,0.03875968992248062,0.29069767441860467,-0.25193798449612403,-1.9350433349609375,-1.401611328125,False,False
apps_python_236,q,-0.016260162601626018,0.06910569105691057,-0.08536585365853659,-3.9031829833984375,-3.5750732421875,False,False
apps_python_236,k,0.1951219512195122,0.028455284552845527,0.16666666666666666,-3.0743408203125,-3.71942138671875,False,False
apps_python_236,v,-0.024390243902439025,0.0,-0.024390243902439025,-3.9371166229248047,-3.8412017822265625,False,False
apps_python_236,z,-0.08130081300813008,-0.02032520325203252,-0.06097560975609756,-4.1309814453125,-3.897705078125,False,False
codecontests_cpp_236,q,0.008849557522123894,-0.1504424778761062,0.1592920353982301,-3.499095916748047,-4.0597991943359375,False,False
codecontests_cpp_236,k,0.18141592920353983,-0.061946902654867256,0.24336283185840707,-2.8795166015625,-3.749317169189453,False,False
codecontests_cpp_236,v,0.030973451327433628,-0.061946902654867256,0.09292035398230089,-3.4198150634765625,-3.7491798400878906,False,False
codecontests_cpp_236,z,0.12831858407079647,0.10176991150442478,0.02654867256637168,-3.073333740234375,-3.1700592041015625,False,False
codecontests_java_236,q,-0.16,-0.115,-0.045,-14.499046325683594,-13.93499755859375,False,False
codecontests_java_236,k,-0.01,-0.035,0.025,-12.621902465820312,-12.935569763183594,False,False
codecontests_java_236,v,-0.015,0.005,-0.02,-12.685317993164062,-12.434539794921875,False,False
codecontests_java_236,z,-0.055,-0.07,0.015,-13.18692398071289,-13.373649597167969,False,False
apps_python_237,q,0.13068181818181818,0.11363636363636363,0.017045454545454544,-2.3879852294921875,-2.435943603515625,False,False
apps_python_237,k,0.19886363636363635,0.09659090909090909,0.10227272727272728,-2.198760986328125,-2.480255126953125,False,False
apps_python_237,v,0.3409090909090909,0.26136363636363635,0.07954545454545454,-1.796875,-2.0218505859375,False,False
apps_python_237,z,0.056818181818181816,0.14204545454545456,-0.08522727272727272,-2.5922622680664062,-2.357666015625,False,False
codecontests_java_237,q,0.08050847457627118,-0.01694915254237288,0.09745762711864407,-6.780570983886719,-7.499691009521484,False,False
codecontests_java_237,k,0.2457627118644068,0.11440677966101695,0.13135593220338984,-5.5598602294921875,-6.530403137207031,False,False
codecontests_java_237,v,0.01694915254237288,0.2245762711864407,-0.2076271186440678,-7.2486572265625,-5.712158203125,False,False
codecontests_java_237,z,0.211864406779661,0.13559322033898305,0.07627118644067797,-5.8103790283203125,-6.3733978271484375,False,False
apps_python_238,q,-0.04225352112676056,-0.13380281690140844,0.09154929577464789,-4.625160217285156,-5.0294036865234375,False,False
apps_python_238,k,0.13732394366197184,-0.11267605633802817,0.25,-3.826019287109375,-4.93115234375,False,False
apps_python_238,v,-0.06338028169014084,-0.09154929577464789,0.028169014084507043,-4.717967987060547,-4.842155456542969,False,False
apps_python_238,z,-0.04929577464788732,-0.04225352112676056,-0.007042253521126761,-4.656337738037109,-4.625058889389038,False,False
codecontests_java_238,q,0.11538461538461539,0.11538461538461539,0.0,-4.3104095458984375,-4.311058044433594,False,False
codecontests_java_238,k,-0.17307692307692307,0.08974358974358974,-0.26282051282051283,-5.715911865234375,-4.435211181640625,False,False
codecontests_java_238,v,-0.02564102564102564,0.02564102564102564,-0.05128205128205128,-4.9986419677734375,-4.749553680419922,False,False
codecontests_java_238,z,-0.10256410256410256,-0.12179487179487179,0.019230769230769232,-5.374616622924805,-5.467720031738281,False,False
apps_python_239,q,0.13013698630136986,0.10273972602739725,0.0273972602739726,-3.9670791625976562,-4.0929412841796875,False,False
apps_python_239,k,-0.136986301369863,-0.0821917808219178,-0.0547945205479452,-5.185302734375,-4.936195373535156,False,False
apps_python_239,v,0.04794520547945205,-0.136986301369863,0.18493150684931506,-4.343040466308594,-5.1852264404296875,False,False
apps_python_239,z,0.13013698630136986,0.02054794520547945,0.1095890410958904,-3.9669342041015625,-4.468059539794922,False,False
codecontests_java_239,q,0.0954356846473029,-0.15352697095435686,0.24896265560165975,-3.4025421142578125,-4.341156005859375,False,False
codecontests_java_239,k,0.03734439834024896,-0.029045643153526972,0.06639004149377593,-3.620941162109375,-3.8734664916992188,False,False
codecontests_java_239,v,0.12448132780082988,-0.08713692946058091,0.21161825726141079,-3.29388427734375,-4.0923919677734375,False,False
codecontests_java_239,z,-0.06224066390041494,0.008298755186721992,-0.07053941908713693,-3.9990882873535156,-3.73187255859375,False,False
apps_python_240,q,0.022388059701492536,0.14925373134328357,-0.12686567164179105,-4.089324951171875,-3.5595855712890625,False,False
apps_python_240,k,0.029850746268656716,0.12313432835820895,-0.09328358208955224,-4.062346458435059,-3.6702651977539062,False,False
apps_python_240,v,0.11940298507462686,0.31343283582089554,-0.19402985074626866,-3.684356689453125,-2.8558349609375,False,False
apps_python_240,z,0.0,0.1791044776119403,-0.1791044776119403,-4.186946868896484,-3.432891845703125,False,False
codecontests_java_240,q,0.08,0.08,0.0,-8.620849609375,-8.621063232421875,False,False
codecontests_java_240,k,0.09333333333333334,0.16333333333333333,-0.07,-8.497512817382812,-7.8265380859375,False,False
codecontests_java_240,v,0.05333333333333334,0.17333333333333334,-0.12,-8.871810913085938,-7.7041015625,False,False
codecontests_java_240,z,0.13333333333333333,0.14,-0.006666666666666667,-8.120391845703125,-8.043212890625,False,False
apps_python_241,q,0.025974025974025976,0.21212121212121213,-0.18614718614718614,-3.514251708984375,-2.83087158203125,False,False
apps_python_241,k,0.09090909090909091,0.12121212121212122,-0.030303030303030304,-3.275665283203125,-3.16339111328125,False,False
apps_python_241,v,-0.012987012987012988,0.08658008658008658,-0.09956709956709957,-3.6475830078125,-3.290771484375,False,False
apps_python_241,z,-0.06926406926406926,-0.008658008658008658,-0.06060606060606061,-3.8555755615234375,-3.6365966796875,False,False
codecontests_java_241,q,0.07960199004975124,0.01990049751243781,0.05970149253731343,-5.77618408203125,-6.152557373046875,False,False
codecontests_java_241,k,0.21393034825870647,0.19402985074626866,0.01990049751243781,-4.9338531494140625,-5.057037353515625,False,False
codecontests_java_241,v,0.35323383084577115,0.15920398009950248,0.19402985074626866,-4.0491943359375,-5.279266357421875,False,False
codecontests_java_241,z,0.3582089552238806,0.01990049751243781,0.3383084577114428,-4.01416015625,-6.1494140625,False,False
apps_python_242,q,0.08928571428571429,0.10714285714285714,-0.017857142857142856,-4.780422210693359,-4.6847381591796875,False,False
apps_python_242,k,-0.023809523809523808,0.06547619047619048,-0.08928571428571429,-5.373908996582031,-4.90484619140625,False,False
apps_python_242,v,0.15476190476190477,0.15476190476190477,0.0,-4.4350433349609375,-4.435394287109375,False,False
apps_python_242,z,0.15476190476190477,0.21428571428571427,-0.05952380952380952,-4.436279296875,-4.120025634765625,False,False
codecontests_cpp_242,q,-0.0199203187250996,-0.1553784860557769,0.13545816733067728,-1.99847412109375,-2.25811767578125,False,False
codecontests_cpp_242,k,-0.5059760956175299,-0.8326693227091634,0.32669322709163345,-2.9013671875,-3.47900390625,False,False
codecontests_cpp_242,v,-0.5298804780876494,-0.24302788844621515,-0.2868525896414343,-2.95654296875,-2.4251708984375,False,False
codecontests_cpp_242,z,0.16334661354581673,-0.099601593625498,0.26294820717131473,-1.6302490234375,-2.15264892578125,False,False
codecontests_java_242,q,-0.09523809523809523,-0.012987012987012988,-0.08225108225108226,-15.811882019042969,-14.622772216796875,False,False
codecontests_java_242,k,0.021645021645021644,0.09523809523809523,-0.0735930735930736,-14.121719360351562,-13.0579833984375,False,False
codecontests_java_242,v,0.030303030303030304,0.1038961038961039,-0.0735930735930736,-13.996810913085938,-12.926513671875,False,False
codecontests_java_242,z,0.004329004329004329,0.021645021645021644,-0.017316017316017316,-14.3707275390625,-14.123031616210938,False,False
apps_python_243,q,0.05511811023622047,0.07874015748031496,-0.023622047244094488,-3.74407958984375,-3.650115966796875,False,False
apps_python_243,k,0.05511811023622047,0.10236220472440945,-0.047244094488188976,-3.749420166015625,-3.5587005615234375,False,False
apps_python_243,v,-0.06299212598425197,0.031496062992125984,-0.09448818897637795,-4.20953369140625,-3.839752197265625,False,False
apps_python_243,z,0.14960629921259844,0.12598425196850394,0.023622047244094488,-3.371063232421875,-3.4593505859375,False,False
codecontests_java_243,q,-0.07534246575342465,0.03424657534246575,-0.1095890410958904,-4.906829833984375,-4.405487060546875,False,False
codecontests_java_243,k,-0.0273972602739726,0.0547945205479452,-0.0821917808219178,-4.688560485839844,-4.312753677368164,False,False
codecontests_java_243,v,-0.0273972602739726,0.16095890410958905,-0.18835616438356165,-4.6880645751953125,-3.8256988525390625,False,False
codecontests_java_243,z,-0.2671232876712329,-0.0547945205479452,-0.21232876712328766,-5.7762451171875,-4.813472747802734,False,False
apps_python_244,q,-0.09433962264150944,-0.031446540880503145,-0.06289308176100629,-2.7184104919433594,-2.5608749389648438,False,False
apps_python_244,k,0.0,0.09433962264150944,-0.09433962264150944,-2.479522705078125,-2.24609375,False,False
apps_python_244,v,0.15723270440251572,0.12578616352201258,0.031446540880503145,-2.088897705078125,-2.165069580078125,False,False
apps_python_244,z,0.050314465408805034,0.19811320754716982,-0.14779874213836477,-2.3575668334960938,-1.986968994140625,False,False
apps_python_245,q,-0.1784037558685446,-0.18309859154929578,0.004694835680751174,-3.91168212890625,-3.9281005859375,False,False
apps_python_245,k,-0.3615023474178404,-0.4272300469483568,0.06572769953051644,-4.50732421875,-4.718994140625,False,False
apps_python_245,v,-0.2863849765258216,-0.323943661971831,0.03755868544600939,-4.2655029296875,-4.38623046875,False,False
apps_python_245,z,-0.24882629107981222,-0.2863849765258216,0.03755868544600939,-4.14404296875,-4.2615966796875,False,False
codecontests_cpp_245,q,-0.08571428571428572,0.1357142857142857,-0.22142857142857142,-4.748908996582031,-3.77880859375,False,False
codecontests_cpp_245,k,0.1357142857142857,0.10714285714285714,0.02857142857142857,-3.7786712646484375,-3.9040679931640625,False,False
codecontests_cpp_245,v,0.375,0.2714285714285714,0.10357142857142858,-2.70849609375,-3.17633056640625,False,False
codecontests_cpp_245,z,0.0,-0.05714285714285714,0.05714285714285714,-4.374565124511719,-4.6232452392578125,False,False
codecontests_java_245,q,-0.0892018779342723,-0.15492957746478872,0.06572769953051644,-7.249122619628906,-7.685676574707031,False,False
codecontests_java_245,k,0.22535211267605634,0.3427230046948357,-0.11737089201877934,-5.14495849609375,-4.36456298828125,False,False
codecontests_java_245,v,0.20657276995305165,0.3051643192488263,-0.09859154929577464,-5.279083251953125,-4.616943359375,False,False
codecontests_java_245,z,0.2863849765258216,0.29577464788732394,-0.009389671361502348,-4.743682861328125,-4.67578125,False,False
mbpp_python_245,q,0.125,0.16071428571428573,-0.03571428571428571,-6.12310791015625,-5.873191833496094,False,False
mbpp_python_245,k,-0.004464285714285714,0.013392857142857142,-0.017857142857142856,-7.026580810546875,-6.9039154052734375,False,False
mbpp_python_245,v,0.017857142857142856,0.14285714285714285,-0.125,-6.874332427978516,-5.999301910400391,False,False
mbpp_python_245,z,0.12946428571428573,0.07589285714285714,0.05357142857142857,-6.0899505615234375,-6.468090057373047,False,False
apps_python_246,q,0.040160642570281124,-0.03614457831325301,0.07630522088353414,-3.7341995239257812,-4.031614303588867,False,False
apps_python_246,k,-0.18072289156626506,-0.08433734939759036,-0.0963855421686747,-4.5899200439453125,-4.218976974487305,False,False
apps_python_246,v,-0.08433734939759036,-0.09236947791164658,0.008032128514056224,-4.216911315917969,-4.24609375,False,False
apps_python_246,z,-0.08433734939759036,-0.24497991967871485,0.1606425702811245,-4.21575927734375,-4.839019775390625,False,False
codecontests_cpp_246,q,0.07222222222222222,0.17777777777777778,-0.10555555555555556,-5.218132019042969,-4.6215667724609375,False,False
codecontests_cpp_246,k,0.027777777777777776,0.06666666666666667,-0.03888888888888889,-5.468303680419922,-5.2489013671875,False,False
codecontests_cpp_246,v,0.005555555555555556,0.09444444444444444,-0.08888888888888889,-5.593025207519531,-5.093029022216797,False,False
codecontests_cpp_246,z,0.15555555555555556,0.1111111111111111,0.044444444444444446,-4.7474517822265625,-4.998260498046875,False,False
codecontests_java_246,q,-0.16326530612244897,-0.05102040816326531,-0.11224489795918367,-14.2484130859375,-12.873153686523438,False,False
codecontests_java_246,k,-0.0663265306122449,-0.10204081632653061,0.03571428571428571,-13.05853271484375,-13.496368408203125,False,False
codecontests_java_246,v,-0.15816326530612246,-0.11734693877551021,-0.04081632653061224,-14.185928344726562,-13.684219360351562,False,False
codecontests_java_246,z,-0.030612244897959183,-0.061224489795918366,0.030612244897959183,-12.62286376953125,-12.994049072265625,False,False
codecontests_java_247,q,-0.05649717514124294,0.12994350282485875,-0.1864406779661017,-5.839447021484375,-4.808258056640625,False,False
codecontests_java_247,k,0.2655367231638418,0.2853107344632768,-0.01977401129943503,-4.05242919921875,-3.9324951171875,False,False
codecontests_java_247,v,0.2824858757062147,0.2598870056497175,0.022598870056497175,-3.9583740234375,-4.070556640625,False,False
codecontests_java_247,z,0.24293785310734464,0.2966101694915254,-0.05367231638418079,-4.17803955078125,-3.86083984375,False,False
apps_python_248,q,-0.013157894736842105,-0.08771929824561403,0.07456140350877193,-7.217979431152344,-7.749753952026367,False,False
apps_python_248,k,0.07894736842105263,0.11403508771929824,-0.03508771929824561,-6.560333251953125,-6.311973571777344,False,False
apps_python_248,v,0.0,0.04824561403508772,-0.04824561403508772,-7.124507904052734,-6.780632019042969,False,False
apps_python_248,z,-0.06140350877192982,-0.06140350877192982,0.0,-7.56182861328125,-7.562065124511719,False,False
codecontests_cpp_248,q,0.09821428571428571,-0.09821428571428571,0.19642857142857142,-3.1533355712890625,-3.843402862548828,False,False
codecontests_cpp_248,k,0.026785714285714284,0.03571428571428571,-0.008928571428571428,-3.4044723510742188,-3.3752098083496094,False,False
codecontests_cpp_248,v,-0.13839285714285715,0.07142857142857142,-0.20982142857142858,-3.98095703125,-3.250396728515625,False,False
codecontests_cpp_248,z,-0.19642857142857142,-0.10714285714285714,-0.08928571428571429,-4.180511474609375,-3.8729400634765625,False,False
codecontests_java_248,q,-0.21844660194174756,-0.07281553398058252,-0.14563106796116504,-7.842384338378906,-6.90228271484375,False,False
codecontests_java_248,k,0.10679611650485436,0.0,0.10679611650485436,-5.747314453125,-6.436557769775391,False,False
codecontests_java_248,v,0.11165048543689321,0.03398058252427184,0.07766990291262135,-5.717811584472656,-6.217899322509766,False,False
codecontests_java_248,z,-0.038834951456310676,-0.07281553398058252,0.03398058252427184,-6.687044143676758,-6.90234375,False,False
apps_python_249,q,-0.10869565217391304,-0.028985507246376812,-0.07971014492753623,-4.778106689453125,-4.437282562255859,False,False
apps_python_249,k,0.0,0.050724637681159424,-0.050724637681159424,-4.312246322631836,-4.0937618017196655,False,False
apps_python_249,v,0.11956521739130435,-0.036231884057971016,0.15579710144927536,-3.7867431640625,-4.46429443359375,False,False
apps_python_249,z,0.028985507246376812,-0.07971014492753623,0.10869565217391304,-4.187158584594727,-4.6539764404296875,False,False
codecontests_cpp_249,q,0.030534351145038167,0.22137404580152673,-0.19083969465648856,-3.9673843383789062,-3.1806640625,False,False
codecontests_cpp_249,k,-0.21374045801526717,-0.05343511450381679,-0.16030534351145037,-4.9670257568359375,-4.312782287597656,False,False
codecontests_cpp_249,v,0.11068702290076336,0.15648854961832062,-0.04580152671755725,-3.6392822265625,-3.4509124755859375,False,False
codecontests_cpp_249,z,-0.13740458015267176,0.030534351145038167,-0.16793893129770993,-4.656044960021973,-3.968714714050293,False,False
codecontests_java_249,q,0.08095238095238096,-0.09047619047619047,0.17142857142857143,-6.031320571899414,-7.154823303222656,False,False
codecontests_java_249,k,-0.09523809523809523,-0.11428571428571428,0.01904761904761905,-7.185722351074219,-7.308746337890625,False,False
codecontests_java_249,v,-0.1523809523809524,-0.16666666666666666,0.014285714285714285,-7.559783935546875,-7.6540069580078125,False,False
codecontests_java_249,z,0.11428571428571428,-0.05238095238095238,0.16666666666666666,-5.8131103515625,-6.905143737792969,False,False
apps_python_250,q,-0.02976190476190476,-0.15476190476190477,0.125,-2.7029333114624023,-3.026092529296875,False,False
apps_python_250,k,0.15476190476190477,0.08333333333333333,0.07142857142857142,-2.2153167724609375,-2.4051895141601562,False,False
apps_python_250,v,0.005952380952380952,-0.18452380952380953,0.19047619047619047,-2.6081924438476562,-3.105224609375,False,False
apps_python_250,z,0.041666666666666664,-0.19047619047619047,0.23214285714285715,-2.5152034759521484,-3.12030029296875,False,False
codecontests_java_250,q,-0.046218487394957986,0.06302521008403361,-0.1092436974789916,-7.780464172363281,-6.96624755859375,False,False
codecontests_java_250,k,0.15966386554621848,0.14285714285714285,0.01680672268907563,-6.244232177734375,-6.3723297119140625,False,False
codecontests_java_250,v,0.05042016806722689,0.19327731092436976,-0.14285714285714285,-7.05047607421875,-5.9921875,False,False
codecontests_java_250,z,0.1092436974789916,0.06302521008403361,0.046218487394957986,-6.6222991943359375,-6.9664764404296875,False,False
apps_python_251,q,-0.05741626794258373,-0.0861244019138756,0.028708133971291867,-3.4513778686523438,-3.5451736450195312,False,False
apps_python_251,k,0.11004784688995216,0.13875598086124402,-0.028708133971291867,-2.9051284790039062,-2.8101959228515625,False,False
apps_python_251,v,0.0,-0.1722488038277512,0.1722488038277512,-3.2639999389648438,-3.824920654296875,False,False
apps_python_251,z,0.05263157894736842,0.08133971291866028,-0.028708133971291867,-3.0920867919921875,-2.99591064453125,False,False
codecontests_java_251,q,0.01904761904761905,0.14761904761904762,-0.12857142857142856,-6.436622619628906,-5.5915679931640625,False,False
codecontests_java_251,k,0.09523809523809523,0.16666666666666666,-0.07142857142857142,-5.935455322265625,-5.465484619140625,False,False
codecontests_java_251,v,0.023809523809523808,0.014285714285714285,0.009523809523809525,-6.4027862548828125,-6.4674530029296875,False,False
codecontests_java_251,z,0.29523809523809524,0.04285714285714286,0.2523809523809524,-4.609375,-6.278289794921875,False,False
apps_python_252,q,0.14035087719298245,0.05263157894736842,0.08771929824561403,-4.5899505615234375,-5.059906005859375,False,False
apps_python_252,k,-0.16374269005847952,-0.13450292397660818,-0.029239766081871343,-6.217071533203125,-6.05584716796875,False,False
apps_python_252,v,0.06432748538011696,-0.0935672514619883,0.15789473684210525,-4.992889404296875,-5.842369079589844,False,False
apps_python_252,z,0.023391812865497075,-0.05263157894736842,0.07602339181286549,-5.2183380126953125,-5.6222076416015625,False,False
codecontests_cpp_252,q,-0.2851063829787234,-0.35319148936170214,0.06808510638297872,-2.3397216796875,-2.4586181640625,False,False
codecontests_cpp_252,k,-0.35319148936170214,-0.4808510638297872,0.1276595744680851,-2.4586181640625,-2.673828125,False,False
codecontests_cpp_252,v,-0.4127659574468085,-0.40425531914893614,-0.00851063829787234,-2.55859375,-2.54541015625,False,False
codecontests_cpp_252,z,-0.2170212765957447,-0.4127659574468085,0.19574468085106383,-2.22210693359375,-2.55810546875,False,False
codecontests_java_252,q,-0.25157232704402516,-0.20754716981132076,-0.0440251572327044,-6.21466064453125,-5.994476318359375,False,False
codecontests_java_252,k,0.1949685534591195,0.12578616352201258,0.06918238993710692,-3.99151611328125,-4.336944580078125,False,False
codecontests_java_252,v,0.050314465408805034,0.11320754716981132,-0.06289308176100629,-4.7160491943359375,-4.40216064453125,False,False
codecontests_java_252,z,0.10062893081761007,0.09433962264150944,0.006289308176100629,-4.46533203125,-4.49847412109375,False,False
apps_python_253,q,0.05263157894736842,0.04784688995215311,0.004784688995215311,-1.54254150390625,-1.5519866943359375,False,False
apps_python_253,k,0.04784688995215311,-0.0861244019138756,0.1339712918660287,-1.552276611328125,-1.771270751953125,False,False
apps_python_253,v,-0.12440191387559808,-0.17703349282296652,0.05263157894736842,-1.8325653076171875,-1.9187164306640625,False,False
apps_python_253,z,-0.03827751196172249,-0.20095693779904306,0.16267942583732056,-1.6924285888671875,-1.956695556640625,False,False
codecontests_cpp_253,q,0.26717557251908397,0.09541984732824428,0.1717557251908397,-2.995452880859375,-3.7025909423828125,False,False
codecontests_cpp_253,k,0.2633587786259542,0.2366412213740458,0.026717557251908396,-3.008544921875,-3.117462158203125,False,False
codecontests_cpp_253,v,0.08778625954198473,0.03435114503816794,0.05343511450381679,-3.733945846557617,-3.951904296875,False,False
codecontests_cpp_253,z,0.21755725190839695,0.38549618320610685,-0.16793893129770993,-3.19677734375,-2.4981689453125,False,False
codecontests_java_253,q,0.07878787878787878,0.07878787878787878,0.0,-9.496795654296875,-9.496673583984375,False,False
codecontests_java_253,k,0.3393939393939394,0.22424242424242424,0.11515151515151516,-6.8004150390625,-7.98895263671875,False,False
codecontests_java_253,v,0.1696969696969697,0.1696969696969697,0.0,-8.556365966796875,-8.556488037109375,False,False
codecontests_java_253,z,0.024242424242424242,-0.01818181818181818,0.04242424242424243,-10.057708740234375,-10.4921875,False,False
apps_python_254,q,0.014814814814814815,0.044444444444444446,-0.02962962962962963,-8.310531616210938,-8.062238693237305,False,False
apps_python_254,k,0.35185185185185186,0.32222222222222224,0.02962962962962963,-5.45953369140625,-5.711273193359375,False,False
apps_python_254,v,0.21851851851851853,0.06296296296296296,0.15555555555555556,-6.5906829833984375,-7.903411865234375,False,False
apps_python_254,z,0.08888888888888889,0.0,0.08888888888888889,-7.685333251953125,-8.4356689453125,False,False
codecontests_cpp_254,q,0.0,-0.2727272727272727,0.2727272727272727,-4.465667724609375,-5.67864990234375,False,False
codecontests_cpp_254,k,-0.5174825174825175,-0.11188811188811189,-0.40559440559440557,-6.764404296875,-4.9665679931640625,False,False
codecontests_cpp_254,v,-0.3006993006993007,-0.1258741258741259,-0.17482517482517482,-5.80517578125,-5.02557373046875,False,False
codecontests_cpp_254,z,-0.24475524475524477,0.027972027972027972,-0.2727272727272727,-5.55474853515625,-4.3416595458984375,False,False
codecontests_java_254,q,0.0979020979020979,0.055944055944055944,0.04195804195804196,-8.048583984375,-8.43661880493164,False,False
codecontests_java_254,k,0.23076923076923078,0.19230769230769232,0.038461538461538464,-6.8643798828125,-7.21246337890625,False,False
codecontests_java_254,v,0.15384615384615385,0.1888111888111888,-0.03496503496503497,-7.5600433349609375,-7.246978759765625,False,False
codecontests_java_254,z,0.0979020979020979,0.013986013986013986,0.08391608391608392,-8.06226921081543,-8.814430236816406,False,False
apps_python_255,q,0.006802721088435374,0.006802721088435374,0.0,-4.562749862670898,-4.562152862548828,False,False
apps_python_255,k,0.15306122448979592,0.09523809523809523,0.05782312925170068,-3.8876495361328125,-4.155323028564453,False,False
apps_python_255,v,0.20068027210884354,0.12244897959183673,0.0782312925170068,-3.668304443359375,-4.0287933349609375,False,False
apps_python_255,z,-0.14285714285714285,-0.12244897959183673,-0.02040816326530612,-5.248992919921875,-5.1554412841796875,False,False
codecontests_cpp_255,q,-0.017341040462427744,-0.03468208092485549,0.017341040462427744,-5.4975738525390625,-5.593734383583069,False,False
codecontests_cpp_255,k,0.017341040462427744,0.005780346820809248,0.011560693641618497,-5.312995910644531,-5.370391845703125,False,False
codecontests_cpp_255,v,0.04046242774566474,0.20809248554913296,-0.1676300578034682,-5.18365478515625,-4.279449462890625,False,False
codecontests_cpp_255,z,-0.10404624277456648,-0.11560693641618497,0.011560693641618497,-5.968297958374023,-6.0296630859375,False,False
codecontests_java_255,q,-0.05737704918032787,-0.05737704918032787,0.0,-8.060012817382812,-8.061210632324219,False,False
codecontests_java_255,k,-0.07377049180327869,-0.10655737704918032,0.03278688524590164,-8.185272216796875,-8.43499755859375,False,False
codecontests_java_255,v,-0.09016393442622951,-0.040983606557377046,-0.04918032786885246,-8.310920715332031,-7.93359375,False,False
codecontests_java_255,z,-0.07377049180327869,0.07377049180327869,-0.14754098360655737,-8.182830810546875,-7.0584716796875,False,False
apps_python_256,q,0.0,-0.017964071856287425,0.017964071856287425,-5.218687534332275,-5.312385559082031,False,False
apps_python_256,k,-0.0658682634730539,-0.08982035928143713,0.023952095808383235,-5.561897277832031,-5.687171936035156,False,False
apps_python_256,v,0.2215568862275449,0.023952095808383235,0.19760479041916168,-4.058441162109375,-5.093421936035156,False,False
apps_python_256,z,-0.017964071856287425,-0.0658682634730539,0.04790419161676647,-5.3114013671875,-5.562476277351379,False,False
codecontests_cpp_256,q,0.058394160583941604,0.10583941605839416,-0.04744525547445255,-2.00885009765625,-1.9123764038085938,False,False
codecontests_cpp_256,k,-0.24817518248175183,-0.24817518248175183,0.0,-2.6572265625,-2.65679931640625,False,False
codecontests_cpp_256,v,-0.3722627737226277,-0.21897810218978103,-0.15328467153284672,-2.9117431640625,-2.59814453125,False,False
codecontests_cpp_256,z,-0.0364963503649635,-0.08759124087591241,0.051094890510948905,-2.2174072265625,-2.31793212890625,False,False
codecontests_java_256,q,0.032679738562091505,0.0196078431372549,0.013071895424836602,-9.248222351074219,-9.373878479003906,False,False
codecontests_java_256,k,0.0784313725490196,0.0784313725490196,0.0,-8.80596923828125,-8.80499267578125,False,False
codecontests_java_256,v,0.1503267973856209,0.0457516339869281,0.10457516339869281,-8.118438720703125,-9.120452880859375,False,False
codecontests_java_256,z,0.06535947712418301,0.1437908496732026,-0.0784313725490196,-8.937634468078613,-8.186771392822266,False,False
apps_python_257,q,0.0,0.061946902654867256,-0.061946902654867256,-3.5311012268066406,-3.3119773864746094,False,False
apps_python_257,k,-0.022123893805309734,0.12389380530973451,-0.14601769911504425,-3.6085662841796875,-3.0926513671875,False,False
apps_python_257,v,-0.10619469026548672,-0.10619469026548672,0.0,-3.9058170318603516,-3.904754638671875,False,False
apps_python_257,z,-0.08849557522123894,0.10176991150442478,-0.1902654867256637,-3.8432273864746094,-3.1711273193359375,False,False
codecontests_cpp_257,q,0.20075757575757575,0.2878787878787879,-0.08712121212121213,-3.290191650390625,-2.9212646484375,False,False
codecontests_cpp_257,k,0.056818181818181816,0.3409090909090909,-0.2840909090909091,-3.8905396461486816,-2.694091796875,False,False
codecontests_cpp_257,v,0.056818181818181816,0.10984848484848485,-0.05303030303030303,-3.890256881713867,-3.6676025390625,False,False
codecontests_cpp_257,z,0.19696969696969696,0.17045454545454544,0.026515151515151516,-3.304931640625,-3.41583251953125,False,False
codecontests_java_257,q,-0.032679738562091505,-0.05228758169934641,0.0196078431372549,-9.876426696777344,-10.063285827636719,False,False
codecontests_java_257,k,-0.0784313725490196,-0.0392156862745098,-0.0392156862745098,-10.309341430664062,-9.937579154968262,False,False
codecontests_java_257,v,-0.17647058823529413,-0.0196078431372549,-0.1568627450980392,-11.246490478515625,-9.748634338378906,False,False
codecontests_java_257,z,-0.05228758169934641,0.08496732026143791,-0.13725490196078433,-10.059661865234375,-8.73822021484375,False,False
apps_python_258,q,-0.2589928057553957,-0.06474820143884892,-0.19424460431654678,-5.4662322998046875,-4.624671936035156,False,False
apps_python_258,k,-0.06474820143884892,0.04316546762589928,-0.1079136690647482,-4.624756813049316,-4.155498504638672,False,False
apps_python_258,v,0.16906474820143885,0.1906474820143885,-0.02158273381294964,-3.605804443359375,-3.51116943359375,False,False
apps_python_258,z,0.08992805755395683,-0.04316546762589928,0.13309352517985612,-3.9527950286865234,-4.530813217163086,False,False
codecontests_cpp_258,q,0.11788617886178862,0.11788617886178862,0.0,-3.388427734375,-3.38836669921875,False,False
codecontests_cpp_258,k,0.08536585365853659,0.2032520325203252,-0.11788617886178862,-3.5135650634765625,-3.05535888671875,False,False
codecontests_cpp_258,v,0.22357723577235772,0.25609756097560976,-0.032520325203252036,-2.9700927734375,-2.847412109375,False,False
codecontests_cpp_258,z,0.2926829268292683,0.17479674796747968,0.11788617886178862,-2.70513916015625,-3.165435791015625,False,False
codecontests_java_258,q,-0.05405405405405406,-0.14594594594594595,0.0918918918918919,-12.18697738647461,-13.249770164489746,False,False
codecontests_java_258,k,-0.16216216216216217,-0.03783783783783784,-0.12432432432432433,-13.4344482421875,-11.998992919921875,False,False
codecontests_java_258,v,-0.02702702702702703,-0.032432432432432434,0.005405405405405406,-11.874382019042969,-11.937179565429688,False,False
codecontests_java_258,z,0.005405405405405406,-0.043243243243243246,0.04864864864864865,-11.499839782714844,-12.0582275390625,False,False
apps_python_259,q,-0.02830188679245283,0.0330188679245283,-0.06132075471698113,-3.4037017822265625,-3.202983856201172,False,False
apps_python_259,k,-0.15566037735849056,-0.29245283018867924,0.13679245283018868,-3.821929931640625,-4.273712158203125,False,False
apps_python_259,v,-0.15566037735849056,-0.13679245283018868,-0.018867924528301886,-3.8252410888671875,-3.7628326416015625,False,False
apps_python_259,z,0.03773584905660377,0.03773584905660377,0.0,-3.1861038208007812,-3.18597412109375,False,False
codecontests_cpp_259,q,0.1752988047808765,0.0796812749003984,0.09561752988047809,-6.463470458984375,-7.216926574707031,False,False
codecontests_cpp_259,k,0.18326693227091634,0.250996015936255,-0.06772908366533864,-6.40362548828125,-5.8730010986328125,False,False
codecontests_cpp_259,v,0.13545816733067728,0.13147410358565736,0.00398406374501992,-6.777252197265625,-6.80487060546875,False,False
codecontests_cpp_259,z,0.11155378486055777,0.09561752988047809,0.01593625498007968,-6.96551513671875,-7.090423583984375,False,False
codecontests_java_259,q,-0.029850746268656716,0.03482587064676617,-0.06467661691542288,-12.93402099609375,-12.125144958496094,False,False
codecontests_java_259,k,0.07960199004975124,0.13432835820895522,-0.05472636815920398,-11.557769775390625,-10.870452880859375,False,False
codecontests_java_259,v,0.12935323383084577,0.08955223880597014,0.03980099502487562,-10.937183380126953,-11.43548583984375,False,False
codecontests_java_259,z,0.06965174129353234,0.04477611940298507,0.024875621890547265,-11.686370849609375,-11.999107360839844,False,False
apps_python_260,q,-0.08148148148148149,0.05555555555555555,-0.13703703703703704,-4.5609283447265625,-3.984079360961914,False,False
apps_python_260,k,0.05555555555555555,0.05555555555555555,0.0,-3.9835586547851562,-3.9834442138671875,False,False
apps_python_260,v,0.0,0.02962962962962963,-0.02962962962962963,-4.218615531921387,-4.093074798583984,False,False
apps_python_260,z,0.037037037037037035,0.02962962962962963,0.007407407407407408,-4.060615539550781,-4.093742460012436,False,False
codecontests_java_260,q,0.014084507042253521,-0.014084507042253521,0.028169014084507043,-8.746795654296875,-8.996719360351562,False,False
codecontests_java_260,k,0.22887323943661972,0.176056338028169,0.0528169014084507,-6.83624267578125,-7.3096771240234375,False,False
codecontests_java_260,v,-0.007042253521126761,0.02112676056338028,-0.028169014084507043,-8.92401123046875,-8.669189453125,False,False
codecontests_java_260,z,0.08450704225352113,-0.056338028169014086,0.14084507042253522,-8.11712646484375,-9.36187744140625,False,False
apps_python_261,q,0.13100436681222707,0.11790393013100436,0.013100436681222707,-3.1074295043945312,-3.150787353515625,False,False
apps_python_261,k,0.14847161572052403,0.15283842794759825,-0.004366812227074236,-3.044586181640625,-3.02801513671875,False,False
apps_python_261,v,0.31004366812227074,0.20087336244541484,0.1091703056768559,-2.45989990234375,-2.85247802734375,False,False
apps_python_261,z,0.13537117903930132,0.021834061135371178,0.11353711790393013,-3.0919189453125,-3.4983749389648438,False,False
codecontests_cpp_261,q,-0.014184397163120567,0.1702127659574468,-0.18439716312056736,-4.4677734375,-3.650604248046875,False,False
codecontests_cpp_261,k,0.18085106382978725,0.07092198581560284,0.1099290780141844,-3.6062164306640625,-4.0946044921875,False,False
codecontests_cpp_261,v,-0.0070921985815602835,0.14184397163120568,-0.14893617021276595,-4.437532901763916,-3.7780914306640625,False,False
codecontests_cpp_261,z,0.15602836879432624,-0.0851063829787234,0.24113475177304963,-3.7119140625,-4.779350280761719,False,False
codecontests_java_261,q,-0.21052631578947367,-0.2578947368421053,0.04736842105263158,-7.1781005859375,-7.462493896484375,False,False
codecontests_java_261,k,-0.19473684210526315,-0.18421052631578946,-0.010526315789473684,-7.08770751953125,-7.025634765625,False,False
codecontests_java_261,v,-0.05789473684210526,-0.11578947368421053,0.05789473684210526,-6.2789306640625,-6.62109375,False,False
codecontests_java_261,z,-0.11578947368421053,-0.005263157894736842,-0.11052631578947368,-6.6212615966796875,-5.95819091796875,False,False
apps_python_262,q,0.10135135135135136,0.12837837837837837,-0.02702702702702703,-4.15386962890625,-4.0287933349609375,False,False
apps_python_262,k,0.0945945945945946,0.07432432432432433,0.02027027027027027,-4.186058044433594,-4.279945373535156,False,False
apps_python_262,v,0.24324324324324326,0.19594594594594594,0.0472972972972973,-3.49212646484375,-3.713134765625,False,False
apps_python_262,z,0.10135135135135136,0.08108108108108109,0.02027027027027027,-4.152801513671875,-4.243682861328125,False,False
codecontests_cpp_262,q,-0.25903614457831325,-0.3192771084337349,0.060240963855421686,-3.2476806640625,-3.407470703125,False,False
codecontests_cpp_262,k,0.16265060240963855,0.35240963855421686,-0.1897590361445783,-2.16351318359375,-1.630859375,False,False
codecontests_cpp_262,v,0.006024096385542169,0.0,0.006024096385542169,-2.57196044921875,-2.592681884765625,False,False
codecontests_cpp_262,z,0.4789156626506024,0.03614457831325301,0.4427710843373494,-1.26220703125,-2.499420166015625,False,False
codecontests_java_262,q,0.24242424242424243,0.15757575757575756,0.08484848484848485,-3.902618408203125,-4.344186782836914,False,False
codecontests_java_262,k,0.15757575757575756,0.15757575757575756,0.0,-4.3445281982421875,-4.341911315917969,False,False
codecontests_java_262,v,-0.10909090909090909,0.006060606060606061,-0.11515151515151516,-5.720054626464844,-5.1251420974731445,False,False
codecontests_java_262,z,0.24848484848484848,0.24242424242424243,0.006060606060606061,-3.870391845703125,-3.900848388671875,False,False
apps_python_263,q,0.24603174603174602,0.21825396825396826,0.027777777777777776,-2.95379638671875,-3.071533203125,False,False
apps_python_263,k,0.21428571428571427,0.1626984126984127,0.051587301587301584,-3.088897705078125,-3.292510986328125,False,False
apps_python_263,v,0.376984126984127,0.3253968253968254,0.051587301587301584,-2.4300537109375,-2.64190673828125,False,False
apps_python_263,z,0.14285714285714285,0.1865079365079365,-0.04365079365079365,-3.3714447021484375,-3.1976318359375,False,False
codecontests_cpp_263,q,0.14124293785310735,0.12994350282485875,0.011299435028248588,-2.367340087890625,-2.403167724609375,False,False
codecontests_cpp_263,k,0.03389830508474576,0.07909604519774012,-0.04519774011299435,-2.6684722900390625,-2.53631591796875,False,False
codecontests_cpp_263,v,0.005649717514124294,0.096045197740113,-0.0903954802259887,-2.744842529296875,-2.495941162109375,False,False
codecontests_cpp_263,z,0.005649717514124294,0.0,0.005649717514124294,-2.7474365234375,-2.7651100158691406,False,False
codecontests_java_263,q,-0.034722222222222224,-0.020833333333333332,-0.013888888888888888,-9.312300682067871,-9.1837158203125,False,False
codecontests_java_263,k,0.1909722222222222,0.0,0.1909722222222222,-7.274139404296875,-8.99591064453125,False,False
codecontests_java_263,v,-0.034722222222222224,-0.11805555555555555,0.08333333333333333,-9.294677734375,-10.05078125,False,False
codecontests_java_263,z,0.09027777777777778,-0.05555555555555555,0.14583333333333334,-8.1829833984375,-9.496658325195312,False,False
codecontests_cpp_264,q,-0.07947019867549669,0.019867549668874173,-0.09933774834437085,-5.093673229217529,-4.62298583984375,False,False
codecontests_cpp_264,k,0.046357615894039736,-0.039735099337748346,0.08609271523178808,-4.498146057128906,-4.904449462890625,False,False
codecontests_cpp_264,v,0.026490066225165563,0.20198675496688742,-0.17549668874172186,-4.593406677246094,-3.75726318359375,False,False
codecontests_cpp_264,z,-0.09933774834437085,0.026490066225165563,-0.12582781456953643,-5.186378479003906,-4.5912628173828125,False,False
codecontests_java_264,q,0.0,-0.018957345971563982,0.018957345971563982,-13.184097290039062,-13.429779052734375,False,False
codecontests_java_264,k,0.09004739336492891,0.03317535545023697,0.05687203791469194,-11.99505615234375,-12.746322631835938,False,False
codecontests_java_264,v,-0.014218009478672985,-0.04739336492890995,0.03317535545023697,-13.372268676757812,-13.8016357421875,False,False
codecontests_java_264,z,0.037914691943127965,-0.004739336492890996,0.04265402843601896,-12.6807861328125,-13.24444580078125,False,False
apps_python_265,q,0.08755760368663594,0.08755760368663594,0.0,-3.091705322265625,-3.0916748046875,False,False
apps_python_265,k,0.15207373271889402,-0.09216589861751152,0.24423963133640553,-2.871185302734375,-3.701934814453125,False,False
apps_python_265,v,0.12442396313364056,0.11981566820276497,0.004608294930875576,-2.9658355712890625,-2.9815673828125,False,False
apps_python_265,z,-0.03225806451612903,-0.03225806451612903,0.0,-3.4993743896484375,-3.4997615814208984,False,False
codecontests_cpp_265,q,-0.20279720279720279,-0.14685314685314685,-0.055944055944055944,-2.67767333984375,-2.5560302734375,False,False
codecontests_cpp_265,k,-0.9020979020979021,-0.36363636363636365,-0.5384615384615384,-4.125,-3.0169677734375,False,False
codecontests_cpp_265,v,-0.46853146853146854,-0.4125874125874126,-0.055944055944055944,-3.2373046875,-3.11962890625,False,False
codecontests_cpp_265,z,-0.3076923076923077,0.0979020979020979,-0.40559440559440557,-2.899658203125,-2.011505126953125,False,False
codecontests_java_265,q,0.027777777777777776,0.1388888888888889,-0.1111111111111111,-5.463714599609375,-4.838958740234375,False,False
codecontests_java_265,k,-0.05555555555555555,0.07222222222222222,-0.12777777777777777,-5.9342803955078125,-5.20947265625,False,False
codecontests_java_265,v,-0.1388888888888889,-0.18888888888888888,0.05,-6.39459228515625,-6.685211181640625,False,False
codecontests_java_265,z,0.05555555555555555,0.011111111111111112,0.044444444444444446,-5.294189453125,-5.5438232421875,False,False
apps_python_266,q,0.01775147928994083,0.08875739644970414,-0.07100591715976332,-5.186618804931641,-4.8108978271484375,False,False
apps_python_266,k,0.11242603550295859,0.15976331360946747,-0.047337278106508875,-4.685577392578125,-4.434326171875,False,False
apps_python_266,v,0.23076923076923078,0.27514792899408286,-0.04437869822485207,-4.056396484375,-3.8192138671875,False,False
apps_python_266,z,0.047337278106508875,0.1893491124260355,-0.14201183431952663,-5.030521392822266,-4.27655029296875,False,False
codecontests_java_266,q,0.041916167664670656,0.11377245508982035,-0.0718562874251497,-4.9983978271484375,-4.6234283447265625,False,False
codecontests_java_266,k,0.2215568862275449,0.2994011976047904,-0.07784431137724551,-4.056976318359375,-3.64630126953125,False,False
codecontests_java_266,v,0.20359281437125748,0.2964071856287425,-0.09281437125748503,-4.150909423828125,-3.6566162109375,False,False
codecontests_java_266,z,0.16167664670658682,0.0658682634730539,0.09580838323353294,-4.3728485107421875,-4.873680114746094,False,False
apps_python_267,q,-0.06451612903225806,-0.16774193548387098,0.1032258064516129,-2.5758056640625,-2.8246612548828125,False,False
apps_python_267,k,-0.2064516129032258,-0.13548387096774195,-0.07096774193548387,-2.91522216796875,-2.74493408203125,False,False
apps_python_267,v,-0.0967741935483871,0.05161290322580645,-0.14838709677419354,-2.64813232421875,-2.291900634765625,False,False
apps_python_267,z,-0.03225806451612903,-0.14193548387096774,0.10967741935483871,-2.4987411499023438,-2.7623291015625,False,False
codecontests_java_267,q,-0.03636363636363636,0.006060606060606061,-0.04242424242424243,-2.6705245971679688,-2.5620193481445312,False,False
codecontests_java_267,k,0.13333333333333333,0.3515151515151515,-0.21818181818181817,-2.229095458984375,-1.62548828125,False,False
codecontests_java_267,v,-0.07878787878787878,0.05454545454545454,-0.13333333333333333,-2.780029296875,-2.4361724853515625,False,False
codecontests_java_267,z,-0.07878787878787878,-0.2606060606060606,0.18181818181818182,-2.77789306640625,-3.2366943359375,False,False
apps_python_268,q,-0.09395973154362416,-0.04697986577181208,-0.04697986577181208,-5.0923919677734375,-4.874336242675781,False,False
apps_python_268,k,0.0,0.2080536912751678,-0.2080536912751678,-4.656137466430664,-3.6839599609375,False,False
apps_python_268,v,-0.026845637583892617,-0.04697986577181208,0.020134228187919462,-4.780872344970703,-4.874826431274414,False,False
apps_python_268,z,0.020134228187919462,0.1342281879194631,-0.11409395973154363,-4.560600280761719,-4.0280303955078125,False,False
codecontests_cpp_268,q,-0.1532258064516129,0.0,-0.1532258064516129,-4.466217041015625,-3.874842643737793,False,False
codecontests_cpp_268,k,-0.3225806451612903,-0.1532258064516129,-0.1693548387096774,-5.11322021484375,-4.465667724609375,False,False
codecontests_cpp_268,v,-0.23387096774193547,-0.29838709677419356,0.06451612903225806,-4.7783355712890625,-5.02496337890625,False,False
codecontests_cpp_268,z,-0.008064516129032258,0.06048387096774194,-0.06854838709677419,-3.9050064086914062,-3.6393280029296875,False,False
codecontests_java_268,q,-0.08786610878661087,-0.21338912133891214,0.12552301255230125,-8.124034881591797,-9.058914184570312,False,False
codecontests_java_268,k,0.29707112970711297,0.13807531380753138,0.1589958158995816,-5.2462615966796875,-6.4353179931640625,False,False
codecontests_java_268,v,0.05439330543933055,0.15481171548117154,-0.100418410041841,-7.06244158744812,-6.310272216796875,False,False
codecontests_java_268,z,0.02092050209205021,-0.05439330543933055,0.07531380753138076,-7.30206298828125,-7.8714141845703125,False,False
apps_python_270,q,-0.07534246575342465,-0.03424657534246575,-0.0410958904109589,-4.905483245849609,-4.718364715576172,False,False
apps_python_270,k,-0.0821917808219178,-0.06164383561643835,-0.02054794520547945,-4.92608642578125,-4.83251953125,False,False
apps_python_270,v,-0.22602739726027396,-0.2054794520547945,-0.02054794520547945,-5.593006134033203,-5.488037109375,False,False
apps_python_270,z,-0.07534246575342465,-0.136986301369863,0.06164383561643835,-4.906517028808594,-5.186641693115234,False,False
codecontests_java_270,q,0.17333333333333334,0.022222222222222223,0.1511111111111111,-2.9005126953125,-3.43267822265625,False,False
codecontests_java_270,k,0.08888888888888889,0.31555555555555553,-0.22666666666666666,-3.1995697021484375,-2.3900146484375,False,False
codecontests_java_270,v,0.12,-0.057777777777777775,0.17777777777777778,-3.0898590087890625,-3.7168426513671875,False,False
codecontests_java_270,z,0.31555555555555553,0.29333333333333333,0.022222222222222223,-2.3900146484375,-2.468017578125,False,False
codecontests_java_271,q,-0.1038961038961039,-0.09740259740259741,-0.006493506493506494,-10.625341415405273,-10.562206268310547,False,False
codecontests_java_271,k,0.21428571428571427,0.12337662337662338,0.09090909090909091,-7.5579833984375,-8.434234619140625,False,False
codecontests_java_271,v,0.19805194805194806,0.18506493506493507,0.012987012987012988,-7.71014404296875,-7.842262268066406,False,False
codecontests_java_271,z,0.12987012987012986,0.0,0.12987012987012986,-8.374865531921387,-9.62359619140625,False,False
mbpp_python_271,q,0.0,0.04878048780487805,-0.04878048780487805,-5.124660491943359,-4.8733978271484375,False,False
mbpp_python_271,k,0.07317073170731707,0.16463414634146342,-0.09146341463414634,-4.7476654052734375,-4.2777099609375,False,False
mbpp_python_271,v,-0.09146341463414634,-0.16463414634146342,0.07317073170731707,-5.589599609375,-5.9664764404296875,False,False
mbpp_python_271,z,-0.024390243902439025,0.0,-0.024390243902439025,-5.24560546875,-5.123619079589844,False,False
apps_python_272,q,-0.0379746835443038,-0.12236286919831224,0.08438818565400844,-3.8430404663085938,-4.1536102294921875,False,False
apps_python_272,k,0.08860759493670886,0.08860759493670886,0.0,-3.3716278076171875,-3.371063232421875,False,False
apps_python_272,v,0.03375527426160337,0.16033755274261605,-0.12658227848101267,-3.5773773193359375,-3.104522705078125,False,False
apps_python_272,z,0.0379746835443038,0.16033755274261605,-0.12236286919831224,-3.560516357421875,-3.10443115234375,False,False
codecontests_cpp_272,q,-0.15151515151515152,-0.09956709956709957,-0.05194805194805195,-4.154304504394531,-3.9667205810546875,False,False
codecontests_cpp_272,k,-0.16883116883116883,0.04329004329004329,-0.21212121212121213,-4.217460632324219,-3.4512405395507812,False,False
codecontests_cpp_272,v,0.21212121212121213,0.047619047619047616,0.1645021645021645,-2.839935302734375,-3.4359893798828125,False,False
codecontests_cpp_272,z,-0.12554112554112554,-0.05627705627705628,-0.06926406926406926,-4.060569763183594,-3.8106918334960938,False,False
codecontests_java_272,q,0.03278688524590164,0.01639344262295082,0.01639344262295082,-11.061424255371094,-11.249907493591309,False,False
codecontests_java_272,k,0.15300546448087432,0.09289617486338798,0.060109289617486336,-9.68697738647461,-10.374710083007812,False,False
codecontests_java_272,v,0.00546448087431694,0.01639344262295082,-0.01092896174863388,-11.375120639801025,-11.249717712402344,False,False
codecontests_java_272,z,0.02185792349726776,0.11475409836065574,-0.09289617486338798,-11.185958862304688,-10.122344970703125,False,False
apps_python_273,q,0.03597122302158273,-0.007194244604316547,0.04316546762589928,-2.0927658081054688,-2.1865577697753906,False,False
apps_python_273,k,0.21942446043165467,0.13309352517985612,0.08633093525179857,-1.6781005859375,-1.878814697265625,False,False
apps_python_273,v,0.08992805755395683,0.08992805755395683,0.0,-1.972015380859375,-1.9761180877685547,False,False
apps_python_273,z,-0.1223021582733813,-0.04316546762589928,-0.07913669064748201,-2.4349822998046875,-2.2651214599609375,False,False
codecontests_java_273,q,-0.17699115044247787,-0.4424778761061947,0.26548672566371684,-2.0703125,-2.50732421875,False,False
codecontests_java_273,k,-0.17699115044247787,-0.36283185840707965,0.18584070796460178,-2.0682373046875,-2.3775634765625,False,False
codecontests_java_273,v,-0.048672566371681415,-0.17699115044247787,0.12831858407079647,-1.8472900390625,-2.06787109375,False,False
codecontests_java_273,z,0.008849557522123894,-0.05752212389380531,0.06637168141592921,-1.74664306640625,-1.8662834167480469,False,False
mbpp_python_273,q,0.11949685534591195,-0.06918238993710692,0.18867924528301888,-2.1844329833984375,-2.6553611755371094,False,False
mbpp_python_273,k,-0.031446540880503145,0.03773584905660377,-0.06918238993710692,-2.5595245361328125,-2.3894729614257812,False,False
mbpp_python_273,v,0.006289308176100629,-0.06918238993710692,0.07547169811320754,-2.4630126953125,-2.6539459228515625,False,False
mbpp_python_273,z,-0.06918238993710692,-0.1069182389937107,0.03773584905660377,-2.6528167724609375,-2.7478179931640625,False,False
apps_python_274,q,-0.053691275167785234,-0.16778523489932887,0.11409395973154363,-4.90533447265625,-5.4345703125,False,False
apps_python_274,k,-0.013422818791946308,0.06040268456375839,-0.0738255033557047,-4.717155456542969,-4.3716583251953125,False,False
apps_python_274,v,-0.10067114093959731,-0.020134228187919462,-0.08053691275167785,-5.098388671875,-4.743377685546875,False,False
apps_python_274,z,-0.1476510067114094,-0.19463087248322147,0.04697986577181208,-5.3410491943359375,-5.5587615966796875,False,False
codecontests_cpp_274,q,-0.1116751269035533,0.07106598984771574,-0.18274111675126903,-3.420623779296875,-2.8562469482421875,False,False
codecontests_cpp_274,k,-0.233502538071066,-0.2436548223350254,0.01015228426395939,-3.78424072265625,-3.8114013671875,False,False
codecontests_cpp_274,v,0.0,-0.26903553299492383,0.26903553299492383,-3.078369140625,-3.89434814453125,False,False
codecontests_cpp_274,z,-0.04060913705583756,-0.19796954314720813,0.15736040609137056,-3.2025489807128906,-3.67889404296875,False,False
codecontests_java_274,q,0.14107883817427386,0.06639004149377593,0.07468879668049792,-6.46429443359375,-7.0300140380859375,False,False
codecontests_java_274,k,0.17427385892116182,0.12863070539419086,0.04564315352697095,-6.211639404296875,-6.5594635009765625,False,False
codecontests_java_274,v,0.03319502074688797,0.016597510373443983,0.016597510373443983,-7.278106689453125,-7.404518127441406,False,False
codecontests_java_274,z,0.22406639004149378,0.0,0.22406639004149378,-5.83740234375,-7.531275987625122,False,False
apps_python_275,q,0.09580838323353294,-0.09580838323353294,0.19161676646706588,-4.717720031738281,-5.717891693115234,False,False
apps_python_275,k,0.19161676646706588,0.19161676646706588,0.0,-4.213226318359375,-4.21234130859375,False,False
apps_python_275,v,0.24251497005988024,0.3323353293413174,-0.08982035928143713,-3.9381103515625,-3.4652099609375,False,False
apps_python_275,z,0.19161676646706588,0.2874251497005988,-0.09580838323353294,-4.214385986328125,-3.70660400390625,False,False
codecontests_java_275,q,0.11282051282051282,0.1076923076923077,0.005128205128205128,-2.69342041015625,-2.7164764404296875,False,False
codecontests_java_275,k,0.382051282051282,0.3384615384615385,0.04358974358974359,-1.845947265625,-1.983642578125,False,False
codecontests_java_275,v,0.45897435897435895,0.35128205128205126,0.1076923076923077,-1.58447265625,-1.94775390625,False,False
codecontests_java_275,z,0.46153846153846156,0.5256410256410257,-0.0641025641025641,-1.57275390625,-1.35302734375,False,False
codecontests_cpp_276,q,-0.2342857142857143,-0.13142857142857142,-0.10285714285714286,-3.3563232421875,-3.08807373046875,False,False
codecontests_cpp_276,k,0.07428571428571429,-0.022857142857142857,0.09714285714285714,-2.527252197265625,-2.78863525390625,False,False
codecontests_cpp_276,v,-0.13714285714285715,-0.005714285714285714,-0.13142857142857142,-3.10076904296875,-2.74761962890625,False,False
codecontests_cpp_276,z,0.0,0.08,-0.08,-2.7341575622558594,-2.511566162109375,False,False
codecontests_java_276,q,-0.09090909090909091,-0.04784688995215311,-0.0430622009569378,-7.1220703125,-6.83837890625,False,False
codecontests_java_276,k,0.22966507177033493,0.3014354066985646,-0.07177033492822966,-5.024566650390625,-4.5504150390625,False,False
codecontests_java_276,v,0.24880382775119617,0.11961722488038277,0.1291866028708134,-4.89404296875,-5.74285888671875,False,False
codecontests_java_276,z,0.21052631578947367,0.23444976076555024,-0.023923444976076555,-5.150390625,-4.994049072265625,False,False
mbpp_python_276,q,-0.09259259259259259,-0.13580246913580246,0.043209876543209874,-5.530540466308594,-5.748313903808594,False,False
mbpp_python_276,k,-0.043209876543209874,0.0,-0.043209876543209874,-5.280818939208984,-5.0587921142578125,False,False
mbpp_python_276,v,-0.043209876543209874,0.07407407407407407,-0.11728395061728394,-5.2799530029296875,-4.6865234375,False,False
mbpp_python_276,z,-0.30864197530864196,0.006172839506172839,-0.3148148148148148,-6.61932373046875,-5.031150817871094,False,False
apps_python_277,q,-0.145985401459854,0.058394160583941604,-0.20437956204379562,-4.89581298828125,-4.0291748046875,False,False
apps_python_277,k,-0.051094890510948905,0.021897810218978103,-0.072992700729927,-4.4991607666015625,-4.1827392578125,False,False
apps_python_277,v,0.12043795620437957,0.2591240875912409,-0.1386861313868613,-3.7623748779296875,-3.1602783203125,False,False
apps_python_277,z,0.0364963503649635,0.13138686131386862,-0.0948905109489051,-4.1231231689453125,-3.7049560546875,False,False
codecontests_cpp_277,q,-0.1072961373390558,-0.08583690987124463,-0.02145922746781116,-4.030670166015625,-3.9522705078125,False,False
codecontests_cpp_277,k,-0.16738197424892703,-0.3133047210300429,0.1459227467811159,-4.248176574707031,-4.775726318359375,False,False
codecontests_cpp_277,v,-0.3218884120171674,-0.14163090128755365,-0.18025751072961374,-4.806121826171875,-4.1529388427734375,False,False
codecontests_cpp_277,z,-0.02575107296137339,-0.1072961373390558,0.0815450643776824,-3.7325057983398438,-4.0302276611328125,False,False
codecontests_java_277,q,0.05128205128205128,0.05128205128205128,0.0,-9.248237609863281,-9.249980688095093,False,False
codecontests_java_277,k,0.23076923076923078,0.15384615384615385,0.07692307692307693,-7.4961700439453125,-8.248512268066406,False,False
codecontests_java_277,v,0.12179487179487179,0.11538461538461539,0.00641025641025641,-8.55767822265625,-8.62255859375,False,False
codecontests_java_277,z,0.10256410256410256,0.0,0.10256410256410256,-8.746932983398438,-9.747772216796875,False,False
codecontests_java_278,q,-0.28776978417266186,0.014388489208633094,-0.302158273381295,-5.589813232421875,-4.275543212890625,False,False
codecontests_java_278,k,0.03597122302158273,0.19784172661870503,-0.1618705035971223,-4.186676025390625,-3.4686279296875,False,False
codecontests_java_278,v,-0.12949640287769784,0.05755395683453238,-0.18705035971223022,-4.90411376953125,-4.092979431152344,False,False
codecontests_java_278,z,0.2014388489208633,-0.007194244604316547,0.20863309352517986,-3.462890625,-4.3728790283203125,False,False
apps_python_279,q,0.18503937007874016,0.27165354330708663,-0.08661417322834646,-3.22576904296875,-2.8717041015625,False,False
apps_python_279,k,-0.031496062992125984,0.18110236220472442,-0.2125984251968504,-4.0926055908203125,-3.2432861328125,False,False
apps_python_279,v,-0.1889763779527559,0.027559055118110236,-0.21653543307086615,-4.712982177734375,-3.8567962646484375,False,False
apps_python_279,z,0.14960629921259844,0.09448818897637795,0.05511811023622047,-3.368927001953125,-3.5898895263671875,False,False
codecontests_cpp_279,q,0.06521739130434782,-0.05217391304347826,0.11739130434782609,-6.7153472900390625,-7.561985015869141,False,False
codecontests_cpp_279,k,0.08695652173913043,0.22608695652173913,-0.1391304347826087,-6.5538330078125,-5.55072021484375,False,False
codecontests_cpp_279,v,0.24347826086956523,0.19130434782608696,0.05217391304347826,-5.421875,-5.80078125,False,False
codecontests_cpp_279,z,0.004347826086956522,0.05217391304347826,-0.04782608695652174,-7.14666748046875,-6.80413818359375,False,False
codecontests_java_279,q,-0.009900990099009901,0.01485148514851485,-0.024752475247524754,-12.749465942382812,-12.438041687011719,False,False
codecontests_java_279,k,0.07920792079207921,-0.07425742574257425,0.15346534653465346,-11.622726440429688,-13.561058044433594,False,False
codecontests_java_279,v,-0.09900990099009901,-0.009900990099009901,-0.0891089108910891,-13.871444702148438,-12.748748779296875,False,False
codecontests_java_279,z,0.0594059405940594,0.019801980198019802,0.039603960396039604,-11.873077392578125,-12.373954772949219,False,False
apps_python_280,q,-0.12781954887218044,0.06766917293233082,-0.19548872180451127,-4.6788330078125,-3.87249755859375,False,False
apps_python_280,k,0.022556390977443608,0.07142857142857142,-0.04887218045112782,-4.06072998046875,-3.850830078125,False,False
apps_python_280,v,-0.14285714285714285,-0.20300751879699247,0.06015037593984962,-4.7464447021484375,-4.9974517822265625,False,False
apps_python_280,z,0.09398496240601503,-0.03007518796992481,0.12406015037593984,-3.7640914916992188,-4.27777099609375,False,False
codecontests_java_280,q,0.030120481927710843,0.030120481927710843,0.0,-5.0289306640625,-5.0307769775390625,False,False
codecontests_java_280,k,0.21686746987951808,0.24397590361445784,-0.02710843373493976,-4.0574951171875,-3.91302490234375,False,False
codecontests_java_280,v,-0.13855421686746988,-0.006024096385542169,-0.13253012048192772,-5.89324951171875,-5.20782470703125,False,False
codecontests_java_280,z,0.030120481927710843,0.1144578313253012,-0.08433734939759036,-5.02789306640625,-4.58612060546875,False,False
apps_python_281,q,-0.25806451612903225,-0.03225806451612903,-0.22580645161290322,-3.65093994140625,-2.996002197265625,False,False
apps_python_281,k,-0.12903225806451613,-0.17204301075268819,0.043010752688172046,-3.279144287109375,-3.400543212890625,False,False
apps_python_281,v,0.06451612903225806,0.053763440860215055,0.010752688172043012,-2.7167510986328125,-2.7469329833984375,False,False
apps_python_281,z,-0.06451612903225806,-0.06451612903225806,0.0,-3.0910186767578125,-3.09039306640625,False,False
codecontests_cpp_281,q,0.19375,0.09375,0.1,-4.02777099609375,-4.528228759765625,False,False
codecontests_cpp_281,k,0.05,0.03125,0.01875,-4.74005126953125,-4.8424530029296875,False,False
codecontests_cpp_281,v,-0.0375,-0.0625,0.025,-5.186851501464844,-5.31202507019043,False,False
codecontests_cpp_281,z,0.19375,0.15625,0.0375,-4.01837158203125,-4.2164459228515625,False,False
codecontests_java_281,q,-0.035398230088495575,-0.0752212389380531,0.03982300884955752,-7.311931610107422,-7.593619346618652,False,False
codecontests_java_281,k,0.048672566371681415,0.26548672566371684,-0.2168141592920354,-6.719879150390625,-5.18408203125,False,False
codecontests_java_281,v,0.004424778761061947,0.11504424778761062,-0.11061946902654868,-7.025390625,-6.24652099609375,False,False
codecontests_java_281,z,-0.030973451327433628,-0.04424778761061947,0.01327433628318584,-7.282257080078125,-7.373992919921875,False,False
mbpp_python_281,q,-0.2619047619047619,-0.041666666666666664,-0.22023809523809523,-3.2999267578125,-2.734405755996704,False,False
mbpp_python_281,k,0.08928571428571429,0.08928571428571429,0.0,-2.38800048828125,-2.38763427734375,False,False
mbpp_python_281,v,-0.39285714285714285,-0.2619047619047619,-0.13095238095238096,-3.632080078125,-3.2998046875,False,False
mbpp_python_281,z,0.0,0.17261904761904762,-0.17261904761904762,-2.6249836683273315,-2.1636962890625,False,False
apps_python_282,q,0.030973451327433628,0.035398230088495575,-0.004424778761061947,-3.4178466796875,-3.405384063720703,False,False
apps_python_282,k,0.10176991150442478,0.26548672566371684,-0.16371681415929204,-3.165008544921875,-2.5755615234375,False,False
apps_python_282,v,0.008849557522123894,0.10619469026548672,-0.09734513274336283,-3.4980316162109375,-3.152130126953125,False,False
apps_python_282,z,-0.08849557522123894,-0.01327433628318584,-0.0752212389380531,-3.8343505859375,-3.57025146484375,False,False
codecontests_java_282,q,-0.07692307692307693,-0.16153846153846155,0.08461538461538462,-8.749053955078125,-9.433853149414062,False,False
codecontests_java_282,k,0.24615384615384617,0.21923076923076923,0.026923076923076925,-6.103515625,-6.323974609375,False,False
codecontests_java_282,v,0.22692307692307692,0.15384615384615385,0.07307692307692308,-6.2490234375,-6.826416015625,False,False
codecontests_java_282,z,0.08846153846153847,-0.06923076923076923,0.1576923076923077,-7.373291015625,-8.67041015625,False,False
apps_python_283,q,0.0321285140562249,-0.07630522088353414,0.10843373493975904,-7.531078338623047,-8.3612060546875,False,False
apps_python_283,k,0.1566265060240964,0.12449799196787148,0.0321285140562249,-6.557830810546875,-6.8119964599609375,False,False
apps_python_283,v,0.10843373493975904,0.12449799196787148,-0.01606425702811245,-6.9354095458984375,-6.8082275390625,False,False
apps_python_283,z,0.0,0.10843373493975904,-0.10843373493975904,-7.779945373535156,-6.934234619140625,False,False
codecontests_cpp_283,q,0.0,0.025380710659898477,-0.025380710659898477,-3.0766754150390625,-2.998138427734375,False,False
codecontests_cpp_283,k,-0.01015228426395939,-0.03553299492385787,0.025380710659898477,-3.1081085205078125,-3.1673583984375,False,False
codecontests_cpp_283,v,0.14213197969543148,0.04060913705583756,0.10152284263959391,-2.6401596069335938,-2.948760986328125,False,False
codecontests_cpp_283,z,0.22842639593908629,0.1116751269035533,0.116751269035533,-2.3707275390625,-2.7341079711914062,False,False
codecontests_java_283,q,-0.024390243902439025,0.03048780487804878,-0.054878048780487805,-10.496307373046875,-9.92279052734375,False,False
codecontests_java_283,k,0.17682926829268292,0.10975609756097561,0.06707317073170732,-8.431365966796875,-9.119537353515625,False,False
codecontests_java_283,v,0.14634146341463414,0.1524390243902439,-0.006097560975609756,-8.74334716796875,-8.681304931640625,False,False
codecontests_java_283,z,0.11585365853658537,0.10975609756097561,0.006097560975609756,-9.059036254882812,-9.1044921875,False,False
apps_python_284,q,-0.018691588785046728,0.02336448598130841,-0.04205607476635514,-6.811683654785156,-6.529655456542969,False,False
apps_python_284,k,0.08411214953271028,-0.06074766355140187,0.14485981308411214,-6.1242523193359375,-7.093090057373047,False,False
apps_python_284,v,0.037383177570093455,-0.04205607476635514,0.0794392523364486,-6.42242431640625,-6.95526123046875,False,False
apps_python_284,z,0.028037383177570093,0.12149532710280374,-0.09345794392523364,-6.493072509765625,-5.8721466064453125,False,False
codecontests_cpp_284,q,-0.08695652173913043,0.014492753623188406,-0.10144927536231885,-9.374553680419922,-8.499899864196777,False,False
codecontests_cpp_284,k,0.021739130434782608,-0.021739130434782608,0.043478260869565216,-8.42742919921875,-8.812320709228516,False,False
codecontests_cpp_284,v,-0.15217391304347827,-0.07246376811594203,-0.07971014492753623,-9.937116622924805,-9.246749877929688,False,False
codecontests_cpp_284,z,0.036231884057971016,-0.12318840579710146,0.15942028985507245,-8.311836242675781,-9.685844421386719,False,False
codecontests_java_284,q,0.10552763819095477,0.06532663316582915,0.04020100502512563,-11.1250004414469,-11.625019431114197,False,False
codecontests_java_284,k,0.020100502512562814,-0.035175879396984924,0.05527638190954774,-12.187644004821777,-12.874662399291992,False,False
codecontests_java_284,v,0.010050251256281407,0.11557788944723618,-0.10552763819095477,-12.308319091796875,-10.998313903808594,False,False
codecontests_java_284,z,0.020100502512562814,0.04020100502512563,-0.020100502512562814,-12.187908172607422,-11.93658447265625,False,False
apps_python_285,q,0.027777777777777776,0.09126984126984126,-0.06349206349206349,-3.8275299072265625,-3.5768356323242188,False,False
apps_python_285,k,0.15079365079365079,0.23809523809523808,-0.0873015873015873,-3.3405609130859375,-2.98748779296875,False,False
apps_python_285,v,0.05952380952380952,0.09126984126984126,-0.031746031746031744,-3.70159912109375,-3.5763168334960938,False,False
apps_python_285,z,-0.09523809523809523,-0.06349206349206349,-0.031746031746031744,-4.311126708984375,-4.186565399169922,False,False
codecontests_cpp_285,q,-0.26174496644295303,-0.087248322147651,-0.174496644295302,-2.9283447265625,-2.5298538208007812,False,False
codecontests_cpp_285,k,-0.5369127516778524,-0.26174496644295303,-0.2751677852348993,-3.5479736328125,-2.92828369140625,False,False
codecontests_cpp_285,v,-0.087248322147651,-0.04697986577181208,-0.040268456375838924,-2.5313544273376465,-2.43487548828125,False,False
codecontests_cpp_285,z,-0.4563758389261745,-0.5906040268456376,0.1342281879194631,-3.365966796875,-3.66748046875,False,False
codecontests_java_285,q,-0.02702702702702703,0.02702702702702703,-0.05405405405405406,-14.248191833496094,-13.4957275390625,False,False
codecontests_java_285,k,-0.02252252252252252,0.0,-0.02252252252252252,-14.186286926269531,-13.87286376953125,False,False
codecontests_java_285,v,-0.04054054054054054,0.013513513513513514,-0.05405405405405406,-14.432769775390625,-13.681793212890625,False,False
codecontests_java_285,z,0.0945945945945946,0.08558558558558559,0.009009009009009009,-12.558792114257812,-12.6829833984375,False,False
mbpp_python_285,q,-0.19367588932806323,-0.03557312252964427,-0.15810276679841898,-4.7008056640625,-4.0692138671875,False,False
mbpp_python_285,k,-0.08300395256916997,-0.20948616600790515,0.12648221343873517,-4.274169921875,-4.77593994140625,False,False
mbpp_python_285,v,-0.43873517786561267,-0.30434782608695654,-0.13438735177865613,-5.653076171875,-5.145263671875,False,False
mbpp_python_285,z,-0.1067193675889328,-0.1225296442687747,0.015810276679841896,-4.374412536621094,-4.4341278076171875,False,False
apps_python_286,q,0.05442176870748299,0.10884353741496598,-0.05442176870748299,-4.3428955078125,-4.0899658203125,False,False
apps_python_286,k,0.0,0.0,0.0,-4.5917510986328125,-4.59390926361084,False,False
apps_python_286,v,-0.047619047619047616,0.21428571428571427,-0.2619047619047619,-4.810569763183594,-3.602813720703125,False,False
apps_python_286,z,-0.10204081632653061,-0.08163265306122448,-0.02040816326530612,-5.0616455078125,-4.968393325805664,False,False
codecontests_java_286,q,-0.5379746835443038,-0.44936708860759494,-0.08860759493670886,-3.756591796875,-3.5472412109375,False,False
codecontests_java_286,k,0.20569620253164558,0.0379746835443038,0.16772151898734178,-1.94573974609375,-2.371856689453125,False,False
codecontests_java_286,v,-0.18354430379746836,-0.189873417721519,0.006329113924050633,-2.91162109375,-2.9273681640625,False,False
codecontests_java_286,z,-0.22784810126582278,-0.13291139240506328,-0.0949367088607595,-3.02154541015625,-2.790863037109375,False,False
codecontests_java_287,q,-0.050955414012738856,-0.08280254777070063,0.03184713375796178,-10.310516357421875,-10.62466812133789,False,False
codecontests_java_287,k,0.11464968152866242,0.012738853503184714,0.10191082802547771,-8.685836791992188,-9.682464599609375,False,False
codecontests_java_287,v,0.08917197452229299,0.07006369426751592,0.01910828025477707,-8.932159423828125,-9.12109375,False,False
codecontests_java_287,z,-0.012738853503184714,0.050955414012738856,-0.06369426751592357,-9.935585021972656,-9.310989379882812,False,False
apps_python_288,q,0.2222222222222222,0.03418803418803419,0.18803418803418803,-2.83575439453125,-3.530933380126953,False,False
apps_python_288,k,0.24786324786324787,0.31196581196581197,-0.0641025641025641,-2.73883056640625,-2.496826171875,False,False
apps_python_288,v,0.1581196581196581,0.03418803418803419,0.12393162393162394,-3.0743408203125,-3.5303421020507812,False,False
apps_python_288,z,0.0641025641025641,0.0641025641025641,0.0,-3.421712875366211,-3.421558380126953,False,False
codecontests_cpp_288,q,-0.07547169811320754,0.16981132075471697,-0.24528301886792453,-5.3409423828125,-4.120941162109375,False,False
codecontests_cpp_288,k,-0.06918238993710692,0.07547169811320754,-0.14465408805031446,-5.30780029296875,-4.5905914306640625,False,False
codecontests_cpp_288,v,0.0,0.25157232704402516,-0.25157232704402516,-4.968893051147461,-3.70831298828125,False,False
codecontests_cpp_288,z,0.031446540880503145,0.10062893081761007,-0.06918238993710692,-4.808441162109375,-4.4656524658203125,False,False
codecontests_java_288,q,-0.022727272727272728,0.0,-0.022727272727272728,-11.249907970428467,-11.000911712646484,False,False
codecontests_java_288,k,0.03409090909090909,-0.13636363636363635,0.17045454545454544,-10.619659423828125,-12.500280380249023,False,False
codecontests_java_288,v,0.005681818181818182,0.056818181818181816,-0.05113636363636364,-10.938365936279297,-10.36029052734375,False,False
codecontests_java_288,z,0.022727272727272728,-0.005681818181818182,0.028409090909090908,-10.741455078125,-11.062345504760742,False,False
apps_python_289,q,0.1901840490797546,0.05521472392638037,0.13496932515337423,-4.1212310791015625,-4.811256408691406,False,False
apps_python_289,k,0.1901840490797546,0.22699386503067484,-0.03680981595092025,-4.124317169189453,-3.9350738525390625,False,False
apps_python_289,v,0.1411042944785276,0.26380368098159507,-0.12269938650306748,-4.374431610107422,-3.7473297119140625,False,False
apps_python_289,z,0.1165644171779141,0.17791411042944785,-0.06134969325153374,-4.49310302734375,-4.187110900878906,False,False
codecontests_java_289,q,-0.005263157894736842,-0.13157894736842105,0.12631578947368421,-5.9676055908203125,-6.717643737792969,False,False
codecontests_java_289,k,-0.09473684210526316,-0.13157894736842105,0.03684210526315789,-6.4906005859375,-6.71453857421875,False,False
codecontests_java_289,v,-0.14736842105263157,-0.06842105263157895,-0.07894736842105263,-6.8091278076171875,-6.342323303222656,False,False
codecontests_java_289,z,-0.031578947368421054,0.04736842105263158,-0.07894736842105263,-6.124275207519531,-5.65179443359375,False,False
codecontests_cpp_290,q,0.11904761904761904,-0.09523809523809523,0.21428571428571427,-2.307403564453125,-2.8723602294921875,False,False
codecontests_cpp_290,k,0.07142857142857142,-0.07142857142857142,0.14285714285714285,-2.4346771240234375,-2.805633544921875,False,False
codecontests_cpp_290,v,0.4226190476190476,0.17857142857142858,0.24404761904761904,-1.46240234375,-2.1409912109375,False,False
codecontests_cpp_290,z,-0.20833333333333334,-0.06547619047619048,-0.14285714285714285,-3.16400146484375,-2.791351318359375,False,False
codecontests_java_290,q,-0.2471264367816092,-0.005747126436781609,-0.2413793103448276,-6.7701416015625,-5.4654693603515625,False,False
codecontests_java_290,k,-0.08620689655172414,0.15517241379310345,-0.2413793103448276,-5.8997802734375,-4.590667724609375,False,False
codecontests_java_290,v,0.06896551724137931,-0.040229885057471264,0.10919540229885058,-5.0594329833984375,-5.65289306640625,False,False
codecontests_java_290,z,-0.040229885057471264,-0.08620689655172414,0.04597701149425287,-5.653900146484375,-5.903289794921875,False,False
apps_python_291,q,-0.09554140127388536,-0.09554140127388536,0.0,-5.3743133544921875,-5.373565673828125,False,False
apps_python_291,k,0.07643312101910828,0.07643312101910828,0.0,-4.529960632324219,-4.530784606933594,False,False
apps_python_291,v,0.050955414012738856,0.17197452229299362,-0.12101910828025478,-4.655445098876953,-4.059814453125,False,False
apps_python_291,z,-0.01910828025477707,0.050955414012738856,-0.07006369426751592,-4.999783515930176,-4.655830383300781,False,False
codecontests_cpp_291,q,-0.13333333333333333,0.05333333333333334,-0.18666666666666668,-2.64935302734375,-2.217998504638672,False,False
codecontests_cpp_291,k,-0.1,0.04,-0.14,-2.57305908203125,-2.2477874755859375,False,False
codecontests_cpp_291,v,-0.006666666666666667,0.23333333333333334,-0.24,-2.358631134033203,-1.7791748046875,False,False
codecontests_cpp_291,z,-0.13333333333333333,0.05333333333333334,-0.18666666666666668,-2.6488037109375,-2.218320846557617,False,False
codecontests_java_291,q,0.07471264367816093,-0.08620689655172414,0.16091954022988506,-5.0269775390625,-5.905311584472656,False,False
codecontests_java_291,k,0.22413793103448276,0.26436781609195403,-0.040229885057471264,-4.212738037109375,-3.9913330078125,False,False
codecontests_java_291,v,0.14942528735632185,0.21264367816091953,-0.06321839080459771,-4.61273193359375,-4.26654052734375,False,False
codecontests_java_291,z,0.3160919540229885,0.13793103448275862,0.1781609195402299,-3.7034912109375,-4.686058044433594,False,False
mbpp_python_291,q,-0.14035087719298245,0.10087719298245613,-0.2412280701754386,-4.0596923828125,-3.2010345458984375,False,False
mbpp_python_291,k,0.06578947368421052,0.13157894736842105,-0.06578947368421052,-3.3273582458496094,-3.0902862548828125,False,False
mbpp_python_291,v,0.19736842105263158,0.22807017543859648,-0.03070175438596491,-2.84979248046875,-2.73828125,False,False
mbpp_python_291,z,-0.06578947368421052,-0.03070175438596491,-0.03508771929824561,-3.7962684631347656,-3.671478271484375,False,False
apps_python_292,q,0.09032258064516129,0.0,0.09032258064516129,-4.405265808105469,-4.829345703125,False,False
apps_python_292,k,0.25806451612903225,0.14838709677419354,0.10967741935483871,-3.591522216796875,-4.122802734375,False,False
apps_python_292,v,0.012903225806451613,0.07096774193548387,-0.05806451612903226,-4.780384063720703,-4.499477386474609,False,False
apps_python_292,z,0.0,0.17419354838709677,-0.17419354838709677,-4.82965087890625,-3.994781494140625,False,False
codecontests_cpp_292,q,0.12552301255230125,0.18410041841004185,-0.058577405857740586,-3.261474609375,-3.03900146484375,False,False
codecontests_cpp_292,k,-0.04184100418410042,-0.03347280334728033,-0.008368200836820083,-3.8874664306640625,-3.8580245971679688,False,False
codecontests_cpp_292,v,0.1589958158995816,0.09205020920502092,0.06694560669456066,-3.1326904296875,-3.3879852294921875,False,False
codecontests_cpp_292,z,0.3138075313807531,0.09623430962343096,0.2175732217573222,-2.5406494140625,-3.3737945556640625,False,False
codecontests_java_292,q,0.0,-0.057803468208092484,0.057803468208092484,-10.806396484375,-11.434127807617188,False,False
codecontests_java_292,k,0.2745664739884393,0.14450867052023122,0.13005780346820808,-7.841522216796875,-9.2467041015625,False,False
codecontests_java_292,v,0.023121387283236993,-0.05202312138728324,0.07514450867052024,-10.561286926269531,-11.372314453125,False,False
codecontests_java_292,z,0.07514450867052024,0.04046242774566474,0.03468208092485549,-9.997100830078125,-10.37497866153717,False,False
apps_python_293,q,-0.21025641025641026,0.041025641025641026,-0.2512820512820513,-3.680633544921875,-2.9213600158691406,False,False
apps_python_293,k,-0.15384615384615385,-0.1282051282051282,-0.02564102564102564,-3.5106201171875,-3.4341278076171875,False,False
apps_python_293,v,-0.3435897435897436,-0.23076923076923078,-0.11282051282051282,-4.07763671875,-3.740478515625,False,False
apps_python_293,z,-0.1641025641025641,-0.14871794871794872,-0.015384615384615385,-3.54193115234375,-3.49609375,False,False
apps_python_294,q,-0.0106951871657754,-0.06951871657754011,0.058823529411764705,-2.952056884765625,-3.123046875,False,False
apps_python_294,k,-0.16042780748663102,-0.24064171122994651,0.08021390374331551,-3.385101318359375,-3.61529541015625,False,False
apps_python_294,v,-0.13368983957219252,-0.10695187165775401,-0.026737967914438502,-3.30499267578125,-3.2203369140625,False,False
apps_python_294,z,0.0,-0.058823529411764705,0.058823529411764705,-2.92138671875,-3.0836181640625,False,False
codecontests_cpp_294,q,0.0963302752293578,0.03211009174311927,0.06422018348623854,-3.07354736328125,-3.2936248779296875,False,False
codecontests_cpp_294,k,0.21559633027522937,0.0,0.21559633027522937,-2.6611328125,-3.4030914306640625,False,False
codecontests_cpp_294,v,-0.04128440366972477,-0.13302752293577982,0.09174311926605505,-3.5433349609375,-3.8309326171875,False,False
codecontests_cpp_294,z,0.19724770642201836,0.0,0.19724770642201836,-2.7227783203125,-3.4046554565429688,False,False
codecontests_java_294,q,-0.07511737089201878,-0.004694835680751174,-0.07042253521126761,-7.156709671020508,-6.685691833496094,False,False
codecontests_java_294,k,0.2863849765258216,0.3427230046948357,-0.056338028169014086,-4.74200439453125,-4.36474609375,False,False
codecontests_java_294,v,0.13145539906103287,0.08450704225352113,0.046948356807511735,-5.77044677734375,-6.093177795410156,False,False
codecontests_java_294,z,-0.004694835680751174,0.1596244131455399,-0.1643192488262911,-6.685615539550781,-5.592742919921875,False,False
apps_python_295,q,0.0,-0.21818181818181817,0.21818181818181817,-3.437185287475586,-4.180938720703125,False,False
apps_python_295,k,0.16818181818181818,0.1318181818181818,0.03636363636363636,-2.852081298828125,-2.979248046875,False,False
apps_python_295,v,0.1,0.20454545454545456,-0.10454545454545454,-3.0899200439453125,-2.7247314453125,False,False
apps_python_295,z,0.23636363636363636,0.23636363636363636,0.0,-2.6124267578125,-2.6123046875,False,False
codecontests_cpp_295,q,0.13805970149253732,-0.21641791044776118,0.35447761194029853,-1.798248291015625,-2.53631591796875,False,False
codecontests_cpp_295,k,-0.08208955223880597,-0.06716417910447761,-0.014925373134328358,-2.25872802734375,-2.232513427734375,False,False
codecontests_cpp_295,v,-0.3656716417910448,-0.007462686567164179,-0.3582089552238806,-2.822265625,-2.0894775390625,False,False
codecontests_cpp_295,z,-0.22388059701492538,0.007462686567164179,-0.23134328358208955,-2.5506591796875,-2.078521728515625,False,False
codecontests_java_295,q,-0.10204081632653061,-0.061224489795918366,-0.04081632653061224,-6.7398681640625,-6.495086669921875,False,False
codecontests_java_295,k,0.16326530612244897,0.28061224489795916,-0.11734693877551021,-5.118194580078125,-4.39581298828125,False,False
codecontests_java_295,v,0.015306122448979591,0.11224489795918367,-0.09693877551020408,-6.029144287109375,-5.43023681640625,False,False
codecontests_java_295,z,-0.07653061224489796,-0.05612244897959184,-0.02040816326530612,-6.5899810791015625,-6.462890625,False,False
apps_python_296,q,-0.2542372881355932,-0.1864406779661017,-0.06779661016949153,-4.61578369140625,-4.3701171875,False,False
apps_python_296,k,0.1059322033898305,0.13135593220338984,-0.025423728813559324,-3.2874755859375,-3.197479248046875,False,False
apps_python_296,v,-0.09322033898305085,-0.1016949152542373,0.00847457627118644,-4.030448913574219,-4.0615386962890625,False,False
apps_python_296,z,-0.1864406779661017,-0.13559322033898305,-0.05084745762711865,-4.369781494140625,-4.18402099609375,False,False
codecontests_cpp_296,q,-0.28448275862068967,0.008620689655172414,-0.29310344827586204,-2.3131103515625,-1.7950363159179688,False,False
codecontests_cpp_296,k,-0.0603448275862069,-0.1810344827586207,0.1206896551724138,-1.9197845458984375,-2.133575439453125,False,False
codecontests_cpp_296,v,-0.05172413793103448,0.0603448275862069,-0.11206896551724138,-1.9041290283203125,-1.7002410888671875,False,False
codecontests_cpp_296,z,-0.21551724137931033,-0.1206896551724138,-0.09482758620689655,-2.1903076171875,-2.027313232421875,False,False
codecontests_java_296,q,-0.007462686567164179,0.08582089552238806,-0.09328358208955224,-8.4298095703125,-7.648193359375,False,False
codecontests_java_296,k,0.03731343283582089,0.08582089552238806,-0.048507462686567165,-8.054931640625,-7.64617919921875,False,False
codecontests_java_296,v,0.055970149253731345,0.09328358208955224,-0.03731343283582089,-7.89013671875,-7.58355712890625,False,False
codecontests_java_296,z,0.022388059701492536,0.09328358208955224,-0.0708955223880597,-8.179718017578125,-7.58538818359375,False,False
apps_python_297,q,-0.19708029197080293,-0.08029197080291971,-0.11678832116788321,-5.1212158203125,-4.6253509521484375,False,False
apps_python_297,k,-0.145985401459854,-0.15328467153284672,0.0072992700729927005,-4.90032958984375,-4.9276123046875,False,False
apps_python_297,v,0.0,-0.058394160583941604,0.058394160583941604,-4.2810258865356445,-4.529472351074219,False,False
apps_python_297,z,0.09124087591240876,0.0364963503649635,0.05474452554744526,-3.8890228271484375,-4.12513542175293,False,False
codecontests_cpp_297,q,-0.2808988764044944,-0.06741573033707865,-0.21348314606741572,-3.54949951171875,-2.9660797119140625,False,False
codecontests_cpp_297,k,-0.028089887640449437,-0.10674157303370786,0.07865168539325842,-2.8555908203125,-3.0703125,False,False
codecontests_cpp_297,v,-0.1348314606741573,-0.15730337078651685,0.02247191011235955,-3.136474609375,-3.21429443359375,False,False
codecontests_cpp_297,z,-0.011235955056179775,-0.05056179775280899,0.03932584269662921,-2.79541015625,-2.9114990234375,False,False
codecontests_java_297,q,-0.12403100775193798,0.027131782945736434,-0.1511627906976744,-9.056793212890625,-7.838348388671875,False,False
codecontests_java_297,k,0.38372093023255816,0.32170542635658916,0.06201550387596899,-4.928955078125,-5.432373046875,False,False
codecontests_java_297,v,0.07751937984496124,0.1744186046511628,-0.09689922480620156,-7.4234619140625,-6.64178466796875,False,False
codecontests_java_297,z,0.07751937984496124,0.20155038759689922,-0.12403100775193798,-7.4345703125,-6.42266845703125,False,False
apps_python_298,q,-0.023255813953488372,-0.11046511627906977,0.0872093023255814,-5.499401092529297,-5.965850830078125,False,False
apps_python_298,k,0.046511627906976744,0.0,0.046511627906976744,-5.119903564453125,-5.3690185546875,False,False
apps_python_298,v,0.1686046511627907,0.0755813953488372,0.09302325581395349,-4.461578369140625,-4.963623046875,False,False
apps_python_298,z,0.023255813953488372,0.0755813953488372,-0.05232558139534884,-5.2472991943359375,-4.95343017578125,False,False
codecontests_cpp_298,q,0.0,-0.05142857142857143,0.05142857142857143,-2.7352066040039062,-2.8728485107421875,False,False
codecontests_cpp_298,k,0.017142857142857144,0.15428571428571428,-0.13714285714285715,-2.681060791015625,-2.30499267578125,False,False
codecontests_cpp_298,v,0.3142857142857143,0.3514285714285714,-0.037142857142857144,-1.839599609375,-1.7275390625,False,False
codecontests_cpp_298,z,-0.09714285714285714,0.04,-0.13714285714285715,-2.997589111328125,-2.6244239807128906,False,False
codecontests_java_298,q,0.038834951456310676,-0.05339805825242718,0.09223300970873786,-6.188896179199219,-6.77508544921875,False,False
codecontests_java_298,k,0.12135922330097088,0.17475728155339806,-0.05339805825242718,-5.655754089355469,-5.311195373535156,False,False
codecontests_java_298,v,-0.019417475728155338,0.02912621359223301,-0.04854368932038835,-6.562234878540039,-6.24700927734375,False,False
codecontests_java_298,z,0.1553398058252427,0.19902912621359223,-0.043689320388349516,-5.4354400634765625,-5.1492919921875,False,False
apps_python_299,q,-0.19158878504672897,-0.09345794392523364,-0.09813084112149532,-3.979705810546875,-3.651397705078125,False,False
apps_python_299,k,-0.27102803738317754,-0.3644859813084112,0.09345794392523364,-4.242767333984375,-4.545654296875,False,False
apps_python_299,v,-0.16822429906542055,-0.07476635514018691,-0.09345794392523364,-3.892333984375,-3.5802001953125,False,False
apps_python_299,z,-0.27102803738317754,-0.40186915887850466,0.1308411214953271,-4.2427978515625,-4.67608642578125,False,False
codecontests_java_299,q,0.11494252873563218,0.20114942528735633,-0.08620689655172414,-4.8097381591796875,-4.3392333984375,False,False
codecontests_java_299,k,0.09195402298850575,-0.05747126436781609,0.14942528735632185,-4.9346771240234375,-5.7478485107421875,False,False
codecontests_java_299,v,-0.034482758620689655,0.005747126436781609,-0.040229885057471264,-5.61431884765625,-5.405052185058594,False,False
codecontests_java_299,z,0.0,0.022988505747126436,-0.022988505747126436,-5.4365234375,-5.3116607666015625,False,False
mbpp_python_299,q,-0.04697986577181208,0.087248322147651,-0.1342281879194631,-4.875267028808594,-4.2490081787109375,False,False
mbpp_python_299,k,-0.04697986577181208,-0.1342281879194631,0.087248322147651,-4.875288009643555,-5.275299072265625,False,False
mbpp_python_299,v,0.06040268456375839,0.10738255033557047,-0.04697986577181208,-4.373512268066406,-4.155368804931641,False,False
mbpp_python_299,z,0.053691275167785234,0.026845637583892617,0.026845637583892617,-4.405635833740234,-4.531222343444824,False,False
apps_python_300,q,0.06666666666666667,0.06666666666666667,0.0,-5.24945068359375,-5.249570846557617,False,False
apps_python_300,k,-0.022222222222222223,-0.044444444444444446,0.022222222222222223,-5.7478179931640625,-5.8730926513671875,False,False
apps_python_300,v,-0.06666666666666667,0.12777777777777777,-0.19444444444444445,-5.999431610107422,-4.9040069580078125,False,False
apps_python_300,z,0.08333333333333333,0.12777777777777777,-0.044444444444444446,-5.1541290283203125,-4.905067443847656,False,False
codecontests_java_300,q,0.12727272727272726,0.012121212121212121,0.11515151515151516,-4.47119140625,-5.0888671875,False,False
codecontests_java_300,k,0.09090909090909091,-0.17575757575757575,0.26666666666666666,-4.67718505859375,-6.05615234375,False,False
codecontests_java_300,v,0.09696969696969697,0.09090909090909091,0.006060606060606061,-4.637939453125,-4.6705322265625,False,False
codecontests_java_300,z,-0.22424242424242424,-0.06666666666666667,-0.15757575757575756,-6.299072265625,-5.4992828369140625,False,False
apps_python_301,q,-0.0738255033557047,0.026845637583892617,-0.10067114093959731,-4.99884033203125,-4.52935791015625,False,False
apps_python_301,k,-0.026845637583892617,-0.0738255033557047,0.04697986577181208,-4.779144287109375,-4.999785423278809,False,False
apps_python_301,v,-0.09395973154362416,-0.06711409395973154,-0.026845637583892617,-5.08856201171875,-4.9637451171875,False,False
apps_python_301,z,-0.053691275167785234,-0.06711409395973154,0.013422818791946308,-4.90570068359375,-4.967437744140625,False,False
codecontests_cpp_301,q,-0.3076923076923077,-0.27972027972027974,-0.027972027972027972,-5.83416748046875,-5.71392822265625,False,False
codecontests_cpp_301,k,-0.02097902097902098,-0.15384615384615385,0.13286713286713286,-4.55242919921875,-5.154205322265625,False,False
codecontests_cpp_301,v,-0.21678321678321677,0.07692307692307693,-0.2937062937062937,-5.4338836669921875,-4.123771667480469,False,False
codecontests_cpp_301,z,-0.006993006993006993,-0.07692307692307693,0.06993006993006994,-4.4982147216796875,-4.811241149902344,False,False
codecontests_java_301,q,-0.025477707006369428,0.03184713375796178,-0.05732484076433121,-10.05859375,-9.498062133789062,False,False
codecontests_java_301,k,0.044585987261146494,-0.01910828025477707,0.06369426751592357,-9.371963500976562,-9.9989013671875,False,False
codecontests_java_301,v,0.07006369426751592,-0.006369426751592357,0.07643312101910828,-9.123329162597656,-9.872512817382812,False,False
codecontests_java_301,z,-0.012738853503184714,-0.11464968152866242,0.10191082802547771,-9.92828369140625,-10.935821533203125,False,False
apps_python_302,q,-0.11173184357541899,0.0,-0.11173184357541899,-3.102569580078125,-2.7966251373291016,False,False
apps_python_302,k,-0.03910614525139665,0.00558659217877095,-0.0446927374301676,-2.9038238525390625,-2.77685546875,False,False
apps_python_302,v,-0.10614525139664804,0.00558659217877095,-0.11173184357541899,-3.08270263671875,-2.776641845703125,False,False
apps_python_302,z,-0.027932960893854747,-0.16201117318435754,0.1340782122905028,-2.869964599609375,-3.2451171875,False,False
codecontests_cpp_302,q,0.024793388429752067,-0.04132231404958678,0.06611570247933884,-3.6841278076171875,-3.936595916748047,False,False
codecontests_cpp_302,k,-0.09917355371900827,-0.04132231404958678,-0.05785123966942149,-4.152557373046875,-3.932952880859375,False,False
codecontests_cpp_302,v,-0.04132231404958678,-0.09090909090909091,0.049586776859504134,-3.935333251953125,-4.123138427734375,False,False
codecontests_cpp_302,z,-0.3140495867768595,-0.09917355371900827,-0.21487603305785125,-4.9593505859375,-4.1522216796875,False,False
codecontests_java_302,q,-0.01875,0.05,-0.06875,-10.185943603515625,-9.497573852539062,False,False
codecontests_java_302,k,0.275,0.259375,0.015625,-7.246368408203125,-7.3992919921875,False,False
codecontests_java_302,v,0.01875,0.1125,-0.09375,-9.808685302734375,-8.872512817382812,False,False
codecontests_java_302,z,0.14375,0.1,0.04375,-8.55316162109375,-8.995513916015625,False,False
mbpp_python_302,q,0.041666666666666664,0.029166666666666667,0.0125,-3.58502197265625,-3.6402511596679688,False,False
mbpp_python_302,k,0.1875,-0.04583333333333333,0.23333333333333334,-3.04144287109375,-3.917877197265625,False,False
mbpp_python_302,v,0.19583333333333333,0.3458333333333333,-0.15,-3.0059814453125,-2.419921875,False,False
mbpp_python_302,z,0.13333333333333333,0.0125,0.12083333333333333,-3.247772216796875,-3.699066162109375,False,False
apps_python_303,q,0.07894736842105263,-0.03007518796992481,0.10902255639097744,-3.824127197265625,-4.28009033203125,False,False
apps_python_303,k,0.2556390977443609,0.16917293233082706,0.08646616541353383,-3.0787353515625,-3.44293212890625,False,False
apps_python_303,v,0.17293233082706766,0.20676691729323307,-0.03383458646616541,-3.432220458984375,-3.290771484375,False,False
apps_python_303,z,0.0,0.17669172932330826,-0.17669172932330826,-4.1541595458984375,-3.418060302734375,False,False
codecontests_cpp_303,q,0.28823529411764703,0.1588235294117647,0.12941176470588237,-1.8662109375,-2.22430419921875,False,False
codecontests_cpp_303,k,0.2,0.31470588235294117,-0.11470588235294117,-2.11334228515625,-1.784912109375,False,False
codecontests_cpp_303,v,-0.12941176470588237,0.2411764705882353,-0.37058823529411766,-2.995635986328125,-1.99609375,False,False
codecontests_cpp_303,z,-0.08235294117647059,0.19411764705882353,-0.27647058823529413,-2.8738174438476562,-2.12506103515625,False,False
codecontests_java_303,q,0.06666666666666667,-0.05333333333333334,0.12,-4.3687744140625,-4.936378479003906,False,False
codecontests_java_303,k,0.32666666666666666,0.32666666666666666,0.0,-3.1385498046875,-3.13720703125,False,False
codecontests_java_303,v,0.12666666666666668,0.013333333333333334,0.11333333333333333,-4.091796875,-4.6190185546875,False,False
codecontests_java_303,z,0.2733333333333333,-0.013333333333333334,0.2866666666666667,-3.394775390625,-4.743988037109375,False,False
apps_python_304,q,0.08097165991902834,0.08097165991902834,0.0,-7.093448638916016,-7.093979835510254,False,False
apps_python_304,k,0.16194331983805668,0.09716599190283401,0.06477732793522267,-6.468414306640625,-6.968964576721191,False,False
apps_python_304,v,0.23076923076923078,0.1659919028340081,0.06477732793522267,-5.931915283203125,-6.434722900390625,False,False
apps_python_304,z,0.03643724696356275,0.048582995951417005,-0.012145748987854251,-7.434661865234375,-7.343832015991211,False,False
codecontests_cpp_304,q,-0.3386454183266932,-0.16334661354581673,-0.1752988047808765,-2.6021728515625,-2.275146484375,False,False
codecontests_cpp_304,k,-0.10756972111553785,-0.10756972111553785,0.0,-2.16583251953125,-2.167266845703125,False,False
codecontests_cpp_304,v,-0.21912350597609562,-0.10756972111553785,-0.11155378486055777,-2.377685546875,-2.16815185546875,False,False
codecontests_cpp_304,z,-0.10756972111553785,-0.16334661354581673,0.055776892430278883,-2.1680145263671875,-2.27490234375,False,False
codecontests_java_304,q,0.016666666666666666,0.06111111111111111,-0.044444444444444446,-5.5289459228515625,-5.2810869216918945,False,False
codecontests_java_304,k,0.15,0.06111111111111111,0.08888888888888889,-4.776214599609375,-5.2783203125,False,False
codecontests_java_304,v,0.12777777777777777,0.2722222222222222,-0.14444444444444443,-4.90374755859375,-4.084716796875,False,False
codecontests_java_304,z,0.18888888888888888,0.12777777777777777,0.06111111111111111,-4.55706787109375,-4.9041290283203125,False,False
mbpp_python_305,q,-0.25,-0.034482758620689655,-0.21551724137931033,-4.52593994140625,-3.7499568462371826,False,False
mbpp_python_305,k,0.06465517241379311,0.0,0.06465517241379311,-3.3875732421875,-3.6236572265625,False,False
mbpp_python_305,v,-0.1206896551724138,-0.02586206896551724,-0.09482758620689655,-4.05303955078125,-3.7138671875,False,False
mbpp_python_305,z,0.008620689655172414,-0.034482758620689655,0.04310344827586207,-3.589111328125,-3.749523162841797,False,False
apps_python_306,q,0.0,0.11917098445595854,-0.11917098445595854,-6.0203857421875,-5.30926513671875,False,False
apps_python_306,k,-0.02072538860103627,0.10880829015544041,-0.12953367875647667,-6.156036376953125,-5.372772216796875,False,False
apps_python_306,v,0.25906735751295334,0.19689119170984457,0.06217616580310881,-4.4464111328125,-4.83056640625,False,False
apps_python_306,z,0.13471502590673576,0.17616580310880828,-0.04145077720207254,-5.209228515625,-4.9486083984375,False,False
codecontests_cpp_306,q,-0.42127659574468085,-0.3276595744680851,-0.09361702127659574,-5.207275390625,-4.8675537109375,False,False
codecontests_cpp_306,k,-0.05106382978723404,-0.02127659574468085,-0.029787234042553193,-3.85491943359375,-3.7489471435546875,False,False
codecontests_cpp_306,v,-0.12340425531914893,-0.3021276595744681,0.17872340425531916,-4.123573303222656,-4.77294921875,False,False
codecontests_cpp_306,z,-0.05106382978723404,-0.0851063829787234,0.03404255319148936,-3.858184814453125,-3.98028564453125,False,False
codecontests_java_306,q,0.06040268456375839,-0.08053691275167785,0.14093959731543623,-8.749679565429688,-10.062850952148438,False,False
codecontests_java_306,k,-0.040268456375838924,0.053691275167785234,-0.09395973154362416,-9.685928344726562,-8.81320571899414,False,False
codecontests_java_306,v,-0.06711409395973154,-0.08053691275167785,0.013422818791946308,-9.934844970703125,-10.063091278076172,False,False
codecontests_java_306,z,0.06040268456375839,0.0,0.06040268456375839,-8.747039794921875,-9.3114013671875,False,False
codecontests_java_307,q,-0.13690476190476192,0.023809523809523808,-0.16071428571428573,-5.96630859375,-5.124787330627441,False,False
codecontests_java_307,k,-0.43452380952380953,-0.15476190476190477,-0.27976190476190477,-7.52362060546875,-6.0604095458984375,False,False
codecontests_java_307,v,-0.13095238095238096,0.005952380952380952,-0.13690476190476192,-5.9354400634765625,-5.218442916870117,False,False
codecontests_java_307,z,-0.23214285714285715,-0.10714285714285714,-0.125,-6.462799072265625,-5.811817169189453,False,False
apps_python_308,q,-0.028368794326241134,0.028368794326241134,-0.05673758865248227,-4.531894683837891,-4.28179931640625,False,False
apps_python_308,k,-0.14184397163120568,-0.1347517730496454,-0.0070921985815602835,-5.02252197265625,-4.9966278076171875,False,False
apps_python_308,v,-0.16312056737588654,-0.2198581560283688,0.05673758865248227,-5.11248779296875,-5.367431640625,False,False
apps_python_308,z,-0.10638297872340426,0.02127659574468085,-0.1276595744680851,-4.8747968673706055,-4.309661865234375,False,False
codecontests_java_308,q,0.14798206278026907,0.03587443946188341,0.11210762331838565,-5.932098388671875,-6.71124267578125,False,False
codecontests_java_308,k,0.35874439461883406,0.16591928251121077,0.19282511210762332,-4.448974609375,-5.80633544921875,False,False
codecontests_java_308,v,0.336322869955157,0.3542600896860987,-0.017937219730941704,-4.61492919921875,-4.492340087890625,False,False
codecontests_java_308,z,0.04932735426008968,0.11210762331838565,-0.06278026905829596,-6.61712646484375,-6.1795654296875,False,False
mbpp_python_308,q,-0.022321428571428572,0.03571428571428571,-0.05803571428571429,-3.577434539794922,-3.3746280670166016,False,False
mbpp_python_308,k,-0.04017857142857143,-0.09375,0.05357142857142857,-3.637115478515625,-3.827434539794922,False,False
mbpp_python_308,v,-0.12946428571428573,0.026785714285714284,-0.15625,-3.9515151977539062,-3.402801513671875,False,False
mbpp_python_308,z,-0.09375,0.03571428571428571,-0.12946428571428573,-3.8276824951171875,-3.375314712524414,False,False
apps_python_309,q,0.02262443438914027,0.01809954751131222,0.004524886877828055,-3.374359130859375,-3.389190673828125,False,False
apps_python_309,k,-0.17647058823529413,0.06787330316742081,-0.24434389140271492,-4.061531066894531,-3.2177658081054688,False,False
apps_python_309,v,0.08144796380090498,0.10407239819004525,-0.02262443438914027,-3.16864013671875,-3.086822509765625,False,False
apps_python_309,z,0.08144796380090498,0.12217194570135746,-0.04072398190045249,-3.1690673828125,-3.031129837036133,False,False
codecontests_cpp_309,q,-0.10218978102189781,-0.10218978102189781,0.0,-2.357025146484375,-2.356689453125,False,False
codecontests_cpp_309,k,0.12043795620437957,0.34306569343065696,-0.22262773722627738,-1.877685546875,-1.362060546875,False,False
codecontests_cpp_309,v,0.0,0.043795620437956206,-0.043795620437956206,-2.1403064727783203,-2.0439605712890625,False,False
codecontests_cpp_309,z,-0.1386861313868613,0.10583941605839416,-0.24452554744525548,-2.430694580078125,-1.9106292724609375,False,False
codecontests_java_309,q,0.17408906882591094,-0.03643724696356275,0.21052631578947367,-3.179443359375,-3.999286651611328,False,False
codecontests_java_309,k,0.32793522267206476,0.242914979757085,0.08502024291497975,-2.56787109375,-2.9107666015625,False,False
codecontests_java_309,v,0.4008097165991903,0.24696356275303644,0.15384615384615385,-2.268310546875,-2.89483642578125,False,False
codecontests_java_309,z,0.15789473684210525,0.06882591093117409,0.08906882591093117,-3.2447509765625,-3.589141845703125,False,False
apps_python_310,q,0.0,-0.23577235772357724,0.23577235772357724,-1.9214649200439453,-2.369293212890625,False,False
apps_python_310,k,-0.18699186991869918,-0.5203252032520326,0.3333333333333333,-2.27740478515625,-2.8988037109375,False,False
apps_python_310,v,-0.5691056910569106,-0.42276422764227645,-0.14634146341463414,-2.989013671875,-2.7174072265625,False,False
apps_python_310,z,0.0,-0.13821138211382114,0.13821138211382114,-1.9217510223388672,-2.185455322265625,False,False
codecontests_cpp_310,q,0.1721311475409836,0.12295081967213115,0.04918032786885246,-3.1397705078125,-3.333984375,False,False
codecontests_cpp_310,k,0.1885245901639344,0.20901639344262296,-0.020491803278688523,-3.087982177734375,-3.0068359375,False,False
codecontests_cpp_310,v,0.24180327868852458,0.1885245901639344,0.05327868852459016,-2.88214111328125,-3.088775634765625,False,False
codecontests_cpp_310,z,0.4344262295081967,0.25,0.18442622950819673,-2.12451171875,-2.8507080078125,False,False
codecontests_java_310,q,0.02158273381294964,0.02158273381294964,0.0,-8.498687744140625,-8.499160766601562,False,False
codecontests_java_310,k,0.11510791366906475,0.07913669064748201,0.03597122302158273,-7.685920715332031,-7.99884033203125,False,False
codecontests_java_310,v,0.05755395683453238,0.10071942446043165,-0.04316546762589928,-8.185569763183594,-7.8095703125,False,False
codecontests_java_310,z,0.18705035971223022,0.14388489208633093,0.04316546762589928,-7.057525634765625,-7.4354705810546875,False,False
apps_python_311,q,0.13574660633484162,0.10407239819004525,0.03167420814479638,-2.983715057373047,-3.0929603576660156,False,False
apps_python_311,k,-0.004524886877828055,0.12669683257918551,-0.13122171945701358,-3.4637451171875,-3.01019287109375,False,False
apps_python_311,v,-0.03167420814479638,0.15384615384615385,-0.18552036199095023,-3.5552978515625,-2.921009063720703,False,False
apps_python_311,z,-0.004524886877828055,0.01809954751131222,-0.02262443438914027,-3.468212127685547,-3.3885955810546875,False,False
codecontests_java_311,q,0.3096590909090909,0.10795454545454546,0.20170454545454544,-3.7801513671875,-4.902252197265625,False,False
codecontests_java_311,k,0.26704545454545453,0.4005681818181818,-0.13352272727272727,-4.0191650390625,-3.2777099609375,False,False
codecontests_java_311,v,0.4375,0.36079545454545453,0.07670454545454546,-3.0650634765625,-3.5,False,False
codecontests_java_311,z,0.32954545454545453,0.11363636363636363,0.2159090909090909,-3.670166015625,-4.87261962890625,False,False
apps_python_312,q,0.06832298136645963,-0.043478260869565216,0.11180124223602485,-4.685630798339844,-5.2498979568481445,False,False
apps_python_312,k,-0.06832298136645963,0.12422360248447205,-0.19254658385093168,-5.374469757080078,-4.4039459228515625,False,False
apps_python_312,v,-0.043478260869565216,-0.043478260869565216,0.0,-5.2490234375,-5.249540328979492,False,False
apps_python_312,z,-0.031055900621118012,0.06832298136645963,-0.09937888198757763,-5.1848907470703125,-4.685089111328125,False,False
codecontests_cpp_312,q,0.4,0.3674418604651163,0.03255813953488372,-1.9697265625,-2.08837890625,False,False
codecontests_cpp_312,k,0.43488372093023253,0.3395348837209302,0.09534883720930233,-1.84130859375,-2.1890869140625,False,False
codecontests_cpp_312,v,0.5534883720930233,0.4,0.15348837209302327,-1.38330078125,-1.97021484375,False,False
codecontests_cpp_312,z,0.037209302325581395,0.24186046511627907,-0.20465116279069767,-3.233489990234375,-2.533935546875,False,False
codecontests_java_312,q,0.27876106194690264,-0.030973451327433628,0.30973451327433627,-5.08978271484375,-7.280908584594727,False,False
codecontests_java_312,k,0.3495575221238938,0.2610619469026549,0.08849557522123894,-4.5826416015625,-5.213775634765625,False,False
codecontests_java_312,v,0.29646017699115046,0.1902654867256637,0.10619469026548672,-4.95751953125,-5.714141845703125,False,False
codecontests_java_312,z,0.12831858407079647,0.12831858407079647,0.0,-6.14764404296875,-6.1529541015625,False,False
apps_python_313,q,0.03608247422680412,0.13402061855670103,-0.0979381443298969,-2.921800136566162,-2.622314453125,False,False
apps_python_313,k,-0.20618556701030927,-0.030927835051546393,-0.17525773195876287,-3.651641845703125,-3.124359130859375,False,False
apps_python_313,v,-0.17010309278350516,0.030927835051546393,-0.20103092783505155,-3.542816162109375,-2.9362716674804688,False,False
apps_python_313,z,0.06701030927835051,0.10309278350515463,-0.03608247422680412,-2.8272933959960938,-2.7172088623046875,False,False
codecontests_cpp_313,q,-0.015503875968992248,-0.07751937984496124,0.06201550387596899,-8.187594890594482,-8.685562133789062,False,False
codecontests_cpp_313,k,0.18992248062015504,-0.06201550387596899,0.25193798449612403,-6.531336307525635,-8.561614990234375,False,False
codecontests_cpp_313,v,0.18604651162790697,0.10077519379844961,0.08527131782945736,-6.5602264404296875,-7.247772216796875,False,False
codecontests_cpp_313,z,0.1124031007751938,-0.10852713178294573,0.22093023255813954,-7.1554718017578125,-8.936607360839844,False,False
codecontests_java_313,q,0.05701754385964912,0.07456140350877193,-0.017543859649122806,-13.432037353515625,-13.184112548828125,False,False
codecontests_java_313,k,0.039473684210526314,0.13157894736842105,-0.09210526315789473,-13.683502197265625,-12.36334228515625,False,False
codecontests_java_313,v,0.14912280701754385,0.17543859649122806,-0.02631578947368421,-12.117431640625,-11.745147705078125,False,False
codecontests_java_313,z,0.04824561403508772,0.013157894736842105,0.03508771929824561,-13.557586669921875,-14.060783386230469,False,False
apps_python_314,q,0.17063492063492064,0.03968253968253968,0.13095238095238096,-3.258636474609375,-3.756103515625,False,False
apps_python_314,k,0.10317460317460317,0.08333333333333333,0.01984126984126984,-3.5286865234375,-3.608245849609375,False,False
apps_python_314,v,0.1626984126984127,-0.023809523809523808,0.1865079365079365,-3.2933197021484375,-4.030735015869141,False,False
apps_python_314,z,0.21825396825396826,0.1388888888888889,0.07936507936507936,-3.05224609375,-3.3648681640625,False,False
codecontests_cpp_314,q,-0.10952380952380952,-0.0380952380952381,-0.07142857142857142,-3.637420654296875,-3.4041595458984375,False,False
codecontests_cpp_314,k,-0.009523809523809525,0.09047619047619047,-0.1,-3.3097381591796875,-2.97137451171875,False,False
codecontests_cpp_314,v,-0.22857142857142856,-0.14761904761904762,-0.08095238095238096,-4.0220947265625,-3.760772705078125,False,False
codecontests_cpp_314,z,0.04285714285714286,-0.06666666666666667,0.10952380952380952,-3.13592529296875,-3.4989471435546875,False,False
codecontests_java_314,q,-0.03139013452914798,-0.013452914798206279,-0.017937219730941704,-7.1863861083984375,-7.060798645019531,False,False
codecontests_java_314,k,0.14798206278026907,0.14349775784753363,0.004484304932735426,-5.92950439453125,-5.964569091796875,False,False
codecontests_java_314,v,0.07623318385650224,0.07174887892376682,0.004484304932735426,-6.42352294921875,-6.46319580078125,False,False
codecontests_java_314,z,0.18385650224215247,0.21524663677130046,-0.03139013452914798,-5.67901611328125,-5.46124267578125,False,False
apps_python_315,q,0.004784688995215311,0.03827751196172249,-0.03349282296650718,-3.248046875,-3.1393508911132812,False,False
apps_python_315,k,0.004784688995215311,0.06698564593301436,-0.06220095693779904,-3.24713134765625,-3.04473876953125,False,False
apps_python_315,v,-0.21052631578947367,-0.21052631578947367,0.0,-3.946502685546875,-3.94677734375,False,False
apps_python_315,z,-0.03349282296650718,-0.10047846889952153,0.06698564593301436,-3.3739547729492188,-3.5919570922851562,False,False
codecontests_cpp_315,q,-0.1301775147928994,-0.47337278106508873,0.3431952662721893,-2.9810638427734375,-3.8594970703125,False,False
codecontests_cpp_315,k,-0.10059171597633136,-0.09467455621301775,-0.005917159763313609,-2.89776611328125,-2.885650634765625,False,False
codecontests_cpp_315,v,-0.07100591715976332,-0.20710059171597633,0.13609467455621302,-2.821441650390625,-3.17889404296875,False,False
codecontests_cpp_315,z,-0.44970414201183434,-0.6804733727810651,0.23076923076923078,-3.8037109375,-4.392578125,False,False
codecontests_java_315,q,0.1111111111111111,0.1164021164021164,-0.005291005291005291,-5.2481231689453125,-5.218863487243652,False,False
codecontests_java_315,k,-0.06349206349206349,-0.031746031746031744,-0.031746031746031744,-6.281065940856934,-6.0923309326171875,False,False
codecontests_java_315,v,-0.0582010582010582,0.031746031746031744,-0.08994708994708994,-6.249259948730469,-5.719081878662109,False,False
codecontests_java_315,z,0.15873015873015872,0.042328042328042326,0.1164021164021164,-4.9666748046875,-5.656430244445801,False,False
apps_python_316,q,-0.1934156378600823,-0.16872427983539096,-0.024691358024691357,-4.52978515625,-4.433441162109375,False,False
apps_python_316,k,0.23045267489711935,0.20164609053497942,0.02880658436213992,-2.917144775390625,-3.027069091796875,False,False
apps_python_316,v,0.07818930041152264,0.07407407407407407,0.00411522633744856,-3.4989395141601562,-3.514434814453125,False,False
apps_python_316,z,0.012345679012345678,-0.20164609053497942,0.2139917695473251,-3.74700927734375,-4.5460205078125,False,False
apps_python_317,q,-0.05142857142857143,-0.011428571428571429,-0.04,-2.8734207153320312,-2.762908935546875,False,False
apps_python_317,k,-0.2571428571428571,-0.13142857142857142,-0.12571428571428572,-3.42669677734375,-3.089630126953125,False,False
apps_python_317,v,-0.13142857142857142,0.32,-0.4514285714285714,-3.0898590087890625,-1.8271484375,False,False
apps_python_317,z,-0.05142857142857143,-0.09142857142857143,0.04,-2.8731689453125,-2.97998046875,False,False
codecontests_cpp_317,q,0.049079754601226995,0.006134969325153374,0.04294478527607362,-2.4232254028320312,-2.532024383544922,False,False
codecontests_cpp_317,k,0.22085889570552147,0.1656441717791411,0.05521472392638037,-1.9703369140625,-2.1134033203125,False,False
codecontests_cpp_317,v,0.26380368098159507,-0.1411042944785276,0.4049079754601227,-1.8526611328125,-2.89825439453125,False,False
codecontests_cpp_317,z,0.15950920245398773,0.25766871165644173,-0.09815950920245399,-2.12451171875,-1.8701171875,False,False
codecontests_java_317,q,0.10160427807486631,0.18181818181818182,-0.08021390374331551,-5.249370574951172,-4.7777862548828125,False,False
codecontests_java_317,k,0.3983957219251337,0.3582887700534759,0.040106951871657755,-3.4866943359375,-3.7314453125,False,False
codecontests_java_317,v,0.10160427807486631,0.11764705882352941,-0.016042780748663103,-5.249324798583984,-5.1488037109375,False,False
codecontests_java_317,z,0.28342245989304815,0.24064171122994651,0.0427807486631016,-4.17913818359375,-4.432952880859375,False,False
apps_python_318,q,-0.12682926829268293,-0.15609756097560976,0.02926829268292683,-3.60205078125,-3.700439453125,False,False
apps_python_318,k,0.04390243902439024,0.07317073170731707,-0.02926829268292683,-3.060821533203125,-2.9687952995300293,False,False
apps_python_318,v,0.03414634146341464,-0.024390243902439025,0.05853658536585366,-3.0920867919921875,-3.2799758911132812,False,False
apps_python_318,z,-0.15609756097560976,-0.024390243902439025,-0.13170731707317074,-3.7014846801757812,-3.2764892578125,False,False
codecontests_cpp_318,q,0.10666666666666667,-0.26222222222222225,0.3688888888888889,-3.1367645263671875,-4.42938232421875,False,False
codecontests_cpp_318,k,0.19111111111111112,0.013333333333333334,0.17777777777777778,-2.818359375,-3.46435546875,False,False
codecontests_cpp_318,v,-0.09777777777777778,-0.12444444444444444,0.02666666666666667,-3.8555908203125,-3.948272705078125,False,False
codecontests_cpp_318,z,-0.18222222222222223,-0.16444444444444445,-0.017777777777777778,-4.14727783203125,-4.0887451171875,False,False
codecontests_java_318,q,-0.027777777777777776,-0.14583333333333334,0.11805555555555555,-4.62274169921875,-5.154670715332031,False,False
codecontests_java_318,k,0.11805555555555555,0.0763888888888889,0.041666666666666664,-3.9625244140625,-4.14239501953125,False,False
codecontests_java_318,v,0.2048611111111111,0.16666666666666666,0.03819444444444445,-3.57232666015625,-3.73974609375,False,False
codecontests_java_318,z,0.020833333333333332,0.11805555555555555,-0.09722222222222222,-4.403533935546875,-3.9580078125,False,False
apps_python_319,q,0.04216867469879518,-0.06626506024096386,0.10843373493975904,-2.4814605712890625,-2.764617919921875,False,False
apps_python_319,k,0.09036144578313253,0.10843373493975904,-0.018072289156626505,-2.357147216796875,-2.309356689453125,False,False
apps_python_319,v,0.0,-0.10240963855421686,0.10240963855421686,-2.5932540893554688,-2.8579635620117188,False,False
apps_python_319,z,0.06626506024096386,-0.10240963855421686,0.1686746987951807,-2.4197998046875,-2.8572540283203125,False,False
codecontests_cpp_319,q,0.03783783783783784,-0.08108108108108109,0.11891891891891893,-2.7803993225097656,-3.1231765747070312,False,False
codecontests_cpp_319,k,0.005405405405405406,-0.2,0.20540540540540542,-2.874704360961914,-3.461578369140625,False,False
codecontests_cpp_319,v,0.03783783783783784,0.03783783783783784,0.0,-2.780181884765625,-2.7800827026367188,False,False
codecontests_cpp_319,z,-0.11891891891891893,-0.32432432432432434,0.20540540540540542,-3.23114013671875,-3.81396484375,False,False
codecontests_java_319,q,-0.09655172413793103,-0.04827586206896552,-0.04827586206896552,-4.968271255493164,-4.749172210693359,False,False
codecontests_java_319,k,-0.027586206896551724,0.06896551724137931,-0.09655172413793103,-4.655782699584961,-4.216583251953125,False,False
codecontests_java_319,v,-0.027586206896551724,0.11724137931034483,-0.14482758620689656,-4.655830383300781,-3.9983978271484375,False,False
codecontests_java_319,z,-0.04827586206896552,-0.027586206896551724,-0.020689655172413793,-4.749546051025391,-4.65630030632019,False,False
codecontests_cpp_320,q,0.01639344262295082,-0.04371584699453552,0.060109289617486336,-5.61724853515625,-5.9580078125,False,False
codecontests_cpp_320,k,0.08743169398907104,0.07650273224043716,0.01092896174863388,-5.2159881591796875,-5.271728515625,False,False
codecontests_cpp_320,v,0.1366120218579235,-0.12568306010928962,0.26229508196721313,-4.93017578125,-6.4315185546875,False,False
codecontests_cpp_320,z,-0.3879781420765027,-0.18032786885245902,-0.20765027322404372,-7.931488037109375,-6.74566650390625,False,False
codecontests_java_320,q,0.1588785046728972,0.09813084112149532,0.06074766355140187,-5.6163330078125,-6.029388427734375,False,False
codecontests_java_320,k,0.2523364485981308,0.35514018691588783,-0.102803738317757,-4.993133544921875,-4.2840576171875,False,False
codecontests_java_320,v,0.1308411214953271,0.08411214953271028,0.04672897196261682,-5.7916259765625,-6.115234375,False,False
codecontests_java_320,z,0.19158878504672897,0.2102803738317757,-0.018691588785046728,-5.39776611328125,-5.2716064453125,False,False
apps_python_321,q,0.18674698795180722,-0.06626506024096386,0.25301204819277107,-2.104888916015625,-2.765188217163086,False,False
apps_python_321,k,-0.15060240963855423,-0.15060240963855423,0.0,-2.97528076171875,-2.97528076171875,False,False
apps_python_321,v,-0.29518072289156627,-0.25903614457831325,-0.03614457831325301,-3.3514404296875,-3.261016845703125,False,False
apps_python_321,z,0.0963855421686747,0.07228915662650602,0.024096385542168676,-2.3418045043945312,-2.402587890625,False,False
codecontests_java_321,q,0.05454545454545454,-0.04090909090909091,0.09545454545454546,-3.2412109375,-3.575225830078125,False,False
codecontests_java_321,k,0.05454545454545454,0.01818181818181818,0.03636363636363636,-3.24224853515625,-3.36688232421875,False,False
codecontests_java_321,v,-0.18181818181818182,-0.12272727272727273,-0.05909090909090909,-4.0537109375,-3.8502197265625,False,False
codecontests_java_321,z,-0.03636363636363636,0.21363636363636362,-0.25,-3.56011962890625,-2.68768310546875,False,False
mbpp_python_321,q,0.12962962962962962,0.09876543209876543,0.030864197530864196,-2.19580078125,-2.27587890625,False,False
mbpp_python_321,k,-0.043209876543209874,-0.08641975308641975,0.043209876543209874,-2.6399192810058594,-2.74468994140625,False,False
mbpp_python_321,v,-0.08641975308641975,0.0,-0.08641975308641975,-2.745361328125,-2.5296478271484375,False,False
mbpp_python_321,z,-0.04938271604938271,-0.037037037037037035,-0.012345679012345678,-2.6541748046875,-2.6242103576660156,False,False
apps_python_322,q,0.0851063829787234,0.03404255319148936,0.05106382978723404,-3.357391357421875,-3.5468603372573853,False,False
apps_python_322,k,-0.00425531914893617,-0.251063829787234,0.24680851063829787,-3.66357421875,-4.55224609375,False,False
apps_python_322,v,0.02553191489361702,-0.05531914893617021,0.08085106382978724,-3.5555419921875,-3.868621826171875,False,False
apps_python_322,z,-0.14042553191489363,-0.00851063829787234,-0.13191489361702127,-4.1839141845703125,-3.702707290649414,False,False
codecontests_cpp_322,q,-0.1031390134529148,-0.03139013452914798,-0.07174887892376682,-3.841644287109375,-3.592792510986328,False,False
codecontests_cpp_322,k,-0.07623318385650224,-0.03139013452914798,-0.04484304932735426,-3.7486190795898438,-3.5933895111083984,False,False
codecontests_cpp_322,v,0.17040358744394618,0.20179372197309417,-0.03139013452914798,-2.88446044921875,-2.77349853515625,False,False
codecontests_cpp_322,z,-0.1031390134529148,0.06726457399103139,-0.17040358744394618,-3.842792510986328,-3.2491416931152344,False,False
codecontests_java_322,q,-0.021739130434782608,0.0,-0.021739130434782608,-4.404266357421875,-4.311279296875,False,False
codecontests_java_322,k,0.07971014492753623,-0.043478260869565216,0.12318840579710146,-3.9670562744140625,-4.498779296875,False,False
codecontests_java_322,v,-0.043478260869565216,-0.07246376811594203,0.028985507246376812,-4.4987335205078125,-4.624812126159668,False,False
codecontests_java_322,z,-0.12318840579710146,-0.043478260869565216,-0.07971014492753623,-4.8405303955078125,-4.498451232910156,False,False
apps_python_323,q,-0.2074074074074074,-0.15555555555555556,-0.05185185185185185,-2.537841796875,-2.43194580078125,False,False
apps_python_323,k,-0.2074074074074074,-0.2222222222222222,0.014814814814814815,-2.53753662109375,-2.565185546875,False,False
apps_python_323,v,-0.2,-0.15555555555555556,-0.044444444444444446,-2.5096435546875,-2.432464599609375,False,False
apps_python_323,z,-0.05185185185185185,-0.31851851851851853,0.26666666666666666,-2.2182159423828125,-2.761474609375,False,False
codecontests_cpp_323,q,-0.10948905109489052,0.2956204379562044,-0.4051094890510949,-2.369140625,-1.4794921875,False,False
codecontests_cpp_323,k,0.0364963503649635,0.22627737226277372,-0.1897810218978102,-2.060150146484375,-1.6373291015625,False,False
codecontests_cpp_323,v,-0.0072992700729927005,0.1386861313868613,-0.145985401459854,-2.1541595458984375,-1.83575439453125,False,False
codecontests_cpp_323,z,-0.3284671532846715,-0.058394160583941604,-0.27007299270072993,-2.8179931640625,-2.2623748779296875,False,False
codecontests_java_323,q,-0.10067114093959731,0.0,-0.10067114093959731,-5.112548828125,-4.655235290527344,False,False
codecontests_java_323,k,-0.12080536912751678,-0.11409395973154363,-0.006711409395973154,-5.216766357421875,-5.180328369140625,False,False
codecontests_java_323,v,-0.11409395973154363,0.08053691275167785,-0.19463087248322147,-5.185554504394531,-4.27825927734375,False,False
codecontests_java_323,z,0.24161073825503357,0.17785234899328858,0.06375838926174497,-3.51971435546875,-3.8228759765625,False,False
apps_python_324,q,-0.1072961373390558,-0.08583690987124463,-0.02145922746781116,-4.0289459228515625,-3.94976806640625,False,False
apps_python_324,k,0.15450643776824036,0.15021459227467812,0.004291845493562232,-3.072296142578125,-3.09100341796875,False,False
apps_python_324,v,0.017167381974248927,0.15021459227467812,-0.13304721030042918,-3.56268310546875,-3.08941650390625,False,False
apps_python_324,z,0.008583690987124463,0.008583690987124463,0.0,-3.603851318359375,-3.608814239501953,False,False
codecontests_java_324,q,0.06550218340611354,-0.03056768558951965,0.09606986899563319,-6.6827392578125,-7.373260498046875,False,False
codecontests_java_324,k,0.008733624454148471,0.0611353711790393,-0.05240174672489083,-7.08074951171875,-6.7099609375,False,False
codecontests_java_324,v,0.26200873362445415,0.2183406113537118,0.043668122270742356,-5.26727294921875,-5.5908660888671875,False,False
codecontests_java_324,z,0.2576419213973799,0.17467248908296942,0.08296943231441048,-5.307769775390625,-5.900787353515625,False,False
apps_python_325,q,0.23504273504273504,0.3504273504273504,-0.11538461538461539,-2.7884521484375,-2.349365234375,False,False
apps_python_325,k,0.36324786324786323,0.32051282051282054,0.042735042735042736,-2.302490234375,-2.4625244140625,False,False
apps_python_325,v,0.14957264957264957,0.2905982905982906,-0.14102564102564102,-3.104278564453125,-2.578369140625,False,False
apps_python_325,z,0.08974358974358974,0.18376068376068377,-0.09401709401709402,-3.324676513671875,-2.97113037109375,False,False
codecontests_java_325,q,-0.006060606060606061,-0.11515151515151516,0.10909090909090909,-5.185646057128906,-5.7477264404296875,False,False
codecontests_java_325,k,-0.40606060606060607,-0.5515151515151515,0.14545454545454545,-7.233642578125,-7.98626708984375,False,False
codecontests_java_325,v,0.024242424242424242,-0.11515151515151516,0.1393939393939394,-5.028778076171875,-5.7496795654296875,False,False
codecontests_java_325,z,-0.26666666666666666,-0.23636363636363636,-0.030303030303030304,-6.52435302734375,-6.372039794921875,False,False
mbpp_python_325,q,0.0410958904109589,-0.0684931506849315,0.1095890410958904,-4.36676025390625,-4.8715972900390625,False,False
mbpp_python_325,k,0.1404109589041096,0.0410958904109589,0.09931506849315068,-3.883544921875,-4.36676025390625,False,False
mbpp_python_325,v,0.0821917808219178,-0.0410958904109589,0.1232876712328767,-4.18023681640625,-4.7479705810546875,False,False
mbpp_python_325,z,0.1506849315068493,0.0,0.1506849315068493,-3.8599853515625,-4.55499267578125,False,False
apps_python_326,q,0.007042253521126761,-0.028169014084507043,0.035211267605633804,-4.399749755859375,-4.558868408203125,False,False
apps_python_326,k,0.3485915492957746,0.23943661971830985,0.10915492957746478,-2.851806640625,-3.3521728515625,False,False
apps_python_326,v,0.29225352112676056,0.4471830985915493,-0.15492957746478872,-3.1217041015625,-2.394775390625,False,False
apps_python_326,z,0.2147887323943662,0.1936619718309859,0.02112676056338028,-3.47015380859375,-3.561767578125,False,False
codecontests_cpp_326,q,-0.22560975609756098,0.0,-0.22560975609756098,-6.27239990234375,-5.1249401569366455,False,False
codecontests_cpp_326,k,0.24390243902439024,0.1524390243902439,0.09146341463414634,-3.860107421875,-4.33331298828125,False,False
codecontests_cpp_326,v,0.25,0.28353658536585363,-0.03353658536585366,-3.83001708984375,-3.65948486328125,False,False
codecontests_cpp_326,z,0.024390243902439025,0.0975609756097561,-0.07317073170731707,-4.996978759765625,-4.62261962890625,False,False
codecontests_java_326,q,0.18571428571428572,0.03571428571428571,0.15,-7.12432861328125,-8.435028076171875,False,False
codecontests_java_326,k,0.007142857142857143,-0.007142857142857143,0.014285714285714285,-8.682220458984375,-8.811279296875,False,False
codecontests_java_326,v,0.06428571428571428,0.17142857142857143,-0.10714285714285714,-8.1824951171875,-7.2467193603515625,False,False
codecontests_java_326,z,0.14285714285714285,0.18928571428571428,-0.04642857142857143,-7.498542785644531,-7.090057373046875,False,False
apps_python_327,q,0.06538461538461539,-0.14615384615384616,0.21153846153846154,-3.7954330444335938,-4.650909423828125,False,False
apps_python_327,k,-0.23846153846153847,-0.17692307692307693,-0.06153846153846154,-5.024322509765625,-4.7762451171875,False,False
apps_python_327,v,0.03461538461538462,-0.05384615384615385,0.08846153846153847,-3.9211807250976562,-4.2794952392578125,False,False
apps_python_327,z,0.0,0.0,0.0,-4.061992645263672,-4.061786651611328,False,False
codecontests_cpp_327,q,-0.1076923076923077,0.12307692307692308,-0.23076923076923078,-3.3727874755859375,-2.66729736328125,False,False
codecontests_cpp_327,k,-0.10256410256410256,-0.10256410256410256,0.0,-3.3559722900390625,-3.35418701171875,False,False
codecontests_cpp_327,v,0.21025641025641026,0.3564102564102564,-0.14615384615384616,-2.3961181640625,-1.92724609375,False,False
codecontests_cpp_327,z,0.15384615384615385,0.05128205128205128,0.10256410256410256,-2.573394775390625,-2.88067626953125,False,False
codecontests_java_327,q,0.03723404255319149,0.02127659574468085,0.015957446808510637,-5.6542205810546875,-5.7483978271484375,False,False
codecontests_java_327,k,0.2765957446808511,0.13829787234042554,0.13829787234042554,-4.243743896484375,-5.05908203125,False,False
codecontests_java_327,v,0.13829787234042554,0.0797872340425532,0.05851063829787234,-5.058868408203125,-5.40386962890625,False,False
codecontests_java_327,z,0.11170212765957446,0.0797872340425532,0.031914893617021274,-5.216766357421875,-5.40399169921875,False,False
mbpp_python_327,q,-0.08633093525179857,-0.07913669064748201,-0.007194244604316547,-4.7158355712890625,-4.685882568359375,False,False
mbpp_python_327,k,0.09712230215827339,0.04316546762589928,0.0539568345323741,-3.9202194213867188,-4.154937744140625,False,False
mbpp_python_327,v,-0.03597122302158273,0.03597122302158273,-0.07194244604316546,-4.4974365234375,-4.18499755859375,False,False
mbpp_python_327,z,0.12589928057553956,0.050359712230215826,0.07553956834532374,-3.7942657470703125,-4.124855995178223,False,False
apps_python_328,q,0.09740259740259741,0.05194805194805195,0.045454545454545456,-4.3421783447265625,-4.56212043762207,False,False
apps_python_328,k,0.17532467532467533,0.12337662337662338,0.05194805194805195,-3.9649200439453125,-4.216339111328125,False,False
apps_python_328,v,0.2012987012987013,0.12337662337662338,0.07792207792207792,-3.83917236328125,-4.2167510986328125,False,False
apps_python_328,z,0.14935064935064934,0.14935064935064934,0.0,-4.09051513671875,-4.091552734375,False,False
codecontests_cpp_328,q,-0.09243697478991597,0.0,-0.09243697478991597,-4.0606536865234375,-3.7181167602539062,False,False
codecontests_cpp_328,k,-0.17647058823529413,-0.11764705882352941,-0.058823529411764705,-4.3722076416015625,-4.153594970703125,False,False
codecontests_cpp_328,v,-0.01680672268907563,-0.025210084033613446,0.008403361344537815,-3.7807846069335938,-3.8113937377929688,False,False
codecontests_cpp_328,z,0.09663865546218488,0.12184873949579832,-0.025210084033613446,-3.3580093383789062,-3.26239013671875,False,False
codecontests_java_328,q,0.06629834254143646,-0.04419889502762431,0.11049723756906077,-10.559371948242188,-11.811378479003906,False,False
codecontests_java_328,k,0.0055248618784530384,0.03867403314917127,-0.03314917127071823,-11.24884033203125,-10.872314453125,False,False
codecontests_java_328,v,-0.06077348066298342,-0.027624309392265192,-0.03314917127071823,-11.995452880859375,-11.622512817382812,False,False
codecontests_java_328,z,0.09944751381215469,0.07734806629834254,0.022099447513812154,-10.18402099609375,-10.434066772460938,False,False
apps_python_329,q,-0.36538461538461536,-0.15384615384615385,-0.21153846153846154,-4.4195556640625,-3.7466278076171875,False,False
apps_python_329,k,-0.40384615384615385,-0.1201923076923077,-0.28365384615384615,-4.5361328125,-3.6380615234375,False,False
apps_python_329,v,-0.25961538461538464,-0.1875,-0.07211538461538461,-4.0849609375,-3.854217529296875,False,False
apps_python_329,z,-0.25961538461538464,-0.04326923076923077,-0.21634615384615385,-4.08062744140625,-3.3890304565429688,False,False
codecontests_cpp_329,q,0.04819277108433735,-0.030120481927710843,0.0783132530120482,-2.4666748046875,-2.66705322265625,False,False
codecontests_cpp_329,k,0.25,0.08433734939759036,0.16566265060240964,-1.9224853515625,-2.3702392578125,False,False
codecontests_cpp_329,v,-0.09036144578313253,-0.1927710843373494,0.10240963855421686,-2.823699951171875,-3.08062744140625,False,False
codecontests_cpp_329,z,-0.006024096385542169,-0.09036144578313253,0.08433734939759036,-2.608062744140625,-2.82373046875,False,False
codecontests_java_329,q,0.09259259259259259,0.13580246913580246,-0.043209876543209874,-4.59161376953125,-4.368621826171875,False,False
codecontests_java_329,k,-0.10493827160493827,0.018518518518518517,-0.12345679012345678,-5.58807373046875,-4.9677734375,False,False
codecontests_java_329,v,0.13580246913580246,0.05555555555555555,0.08024691358024691,-4.36749267578125,-4.77239990234375,False,False
codecontests_java_329,z,0.037037037037037035,0.09259259259259259,-0.05555555555555555,-4.87353515625,-4.5897216796875,False,False
apps_python_330,q,0.03333333333333333,0.22666666666666666,-0.19333333333333333,-4.531871795654297,-3.61944580078125,False,False
apps_python_330,k,0.25333333333333335,0.25666666666666665,-0.0033333333333333335,-3.4921875,-3.47552490234375,False,False
apps_python_330,v,0.07333333333333333,0.22666666666666666,-0.15333333333333332,-4.343029022216797,-3.619598388671875,False,False
apps_python_330,z,0.0,-0.05333333333333334,0.05333333333333334,-4.6872100830078125,-4.93707275390625,False,False
codecontests_cpp_330,q,-0.09090909090909091,0.03496503496503497,-0.1258741258741259,-4.86279296875,-4.305999755859375,False,False
codecontests_cpp_330,k,-0.006993006993006993,-0.04895104895104895,0.04195804195804196,-4.469970703125,-4.6722412109375,False,False
codecontests_cpp_330,v,-0.02097902097902098,-0.2517482517482518,0.23076923076923078,-4.545654296875,-5.5728759765625,False,False
codecontests_cpp_330,z,0.03496503496503497,0.12237762237762238,-0.08741258741258741,-4.30029296875,-3.9176025390625,False,False
codecontests_java_330,q,-0.1043956043956044,-0.23626373626373626,0.13186813186813187,-6.2779083251953125,-7.026092529296875,False,False
codecontests_java_330,k,-0.24175824175824176,-0.23076923076923078,-0.01098901098901099,-7.056640625,-6.981201171875,False,False
codecontests_java_330,v,-0.23626373626373626,-0.2087912087912088,-0.027472527472527472,-7.030567169189453,-6.8716888427734375,False,False
codecontests_java_330,z,-0.21978021978021978,-0.24175824175824176,0.02197802197802198,-6.934112548828125,-7.05938720703125,False,False
apps_python_331,q,0.1581196581196581,0.01282051282051282,0.1452991452991453,-3.0751495361328125,-3.604278564453125,False,False
apps_python_331,k,0.16666666666666666,0.0811965811965812,0.08547008547008547,-3.04034423828125,-3.3571624755859375,False,False
apps_python_331,v,0.004273504273504274,-0.07264957264957266,0.07692307692307693,-3.638671875,-3.9211158752441406,False,False
apps_python_331,z,0.16666666666666666,0.18376068376068377,-0.017094017094017096,-3.0338134765625,-2.9766845703125,False,False
codecontests_java_331,q,-0.07142857142857142,-0.054945054945054944,-0.016483516483516484,-6.08770751953125,-5.99420166015625,False,False
codecontests_java_331,k,0.01098901098901099,-0.06593406593406594,0.07692307692307693,-5.619964599609375,-6.056671142578125,False,False
codecontests_java_331,v,0.16483516483516483,0.14285714285714285,0.02197802197802198,-4.7332763671875,-4.869049072265625,False,False
codecontests_java_331,z,0.06043956043956044,0.016483516483516484,0.04395604395604396,-5.337493896484375,-5.592124938964844,False,False
apps_python_332,q,0.17829457364341086,0.23255813953488372,-0.05426356589147287,-3.309722900390625,-3.08648681640625,False,False
apps_python_332,k,0.26744186046511625,0.2054263565891473,0.06201550387596899,-2.941162109375,-3.19598388671875,False,False
apps_python_332,v,-0.20155038759689922,-0.06201550387596899,-0.13953488372093023,-4.84027099609375,-4.281042098999023,False,False
apps_python_332,z,0.07751937984496124,0.09689922480620156,-0.01937984496124031,-3.70733642578125,-3.6378936767578125,False,False
codecontests_cpp_332,q,-0.15384615384615385,0.05325443786982249,-0.20710059171597633,-3.041961669921875,-2.49066162109375,False,False
codecontests_cpp_332,k,-0.4378698224852071,-0.2603550295857988,-0.17751479289940827,-3.761962890625,-3.31878662109375,False,False
codecontests_cpp_332,v,-0.33136094674556216,-0.5266272189349113,0.1952662721893491,-3.4940185546875,-4.0093994140625,False,False
codecontests_cpp_332,z,0.01775147928994083,0.08875739644970414,-0.07100591715976332,-2.58245849609375,-2.4031524658203125,False,False
codecontests_java_332,q,0.0,-0.046153846153846156,0.046153846153846156,-8.124492645263672,-8.499785423278809,False,False
codecontests_java_332,k,0.1423076923076923,0.24615384615384617,-0.10384615384615385,-6.9544677734375,-6.1075439453125,False,False
codecontests_java_332,v,-0.015384615384615385,0.08846153846153847,-0.10384615384615385,-8.247100830078125,-7.406461715698242,False,False
codecontests_java_332,z,0.07307692307692308,-0.007692307692307693,0.08076923076923077,-7.527801513671875,-8.184112548828125,False,False
apps_python_333,q,0.14937759336099585,-0.14522821576763487,0.2946058091286307,-3.19842529296875,-4.30828857421875,False,False
apps_python_333,k,-0.12033195020746888,-0.2033195020746888,0.08298755186721991,-4.2164154052734375,-4.5278167724609375,False,False
apps_python_333,v,-0.03319502074688797,0.0,-0.03319502074688797,-3.8903751373291016,-3.765026092529297,False,False
apps_python_333,z,-0.12033195020746888,-0.03319502074688797,-0.08713692946058091,-4.21392822265625,-3.8873291015625,False,False
codecontests_cpp_333,q,-0.02575107296137339,-0.15021459227467812,0.12446351931330472,-3.7319793701171875,-4.183013916015625,False,False
codecontests_cpp_333,k,-0.21888412017167383,0.030042918454935622,-0.24892703862660945,-4.43157958984375,-3.531052589416504,False,False
codecontests_cpp_333,v,-0.11587982832618025,0.3218884120171674,-0.43776824034334766,-4.0597991943359375,-2.44091796875,False,False
codecontests_cpp_333,z,0.060085836909871244,0.0,0.060085836909871244,-3.4205245971679688,-3.6395721435546875,False,False
codecontests_java_333,q,0.17434210526315788,0.08552631578947369,0.08881578947368421,-7.838653564453125,-8.6873779296875,False,False
codecontests_java_333,k,0.18092105263157895,0.1118421052631579,0.06907894736842106,-7.780866622924805,-8.438026428222656,False,False
codecontests_java_333,v,0.27960526315789475,0.1513157894736842,0.12828947368421054,-6.80224609375,-8.0440673828125,False,False
codecontests_java_333,z,0.21710526315789475,0.1513157894736842,0.06578947368421052,-7.4088134765625,-8.059890747070312,False,False
codecontests_cpp_334,q,-0.29411764705882354,-0.24183006535947713,-0.05228758169934641,-3.0770263671875,-2.957275390625,False,False
codecontests_cpp_334,k,-0.33986928104575165,0.0,-0.33986928104575165,-3.18115234375,-2.390622854232788,False,False
codecontests_cpp_334,v,-0.09803921568627451,-0.1503267973856209,0.05228758169934641,-2.62322998046875,-2.744659423828125,False,False
codecontests_cpp_334,z,-0.2875816993464052,-0.29411764705882354,0.006535947712418301,-3.061767578125,-3.077880859375,False,False
codecontests_java_334,q,-0.06779661016949153,-0.0903954802259887,0.022598870056497175,-11.81264877319336,-12.062502011656761,False,False
codecontests_java_334,k,-0.03389830508474576,-0.0903954802259887,0.05649717514124294,-11.432952880859375,-12.049560546875,False,False
codecontests_java_334,v,-0.02824858757062147,-0.06779661016949153,0.03954802259887006,-11.367584228515625,-11.810134887695312,False,False
codecontests_java_334,z,-0.03954802259887006,-0.0847457627118644,0.04519774011299435,-11.479736328125,-11.9844970703125,False,False
codecontests_cpp_335,q,-0.2751677852348993,-0.19463087248322147,-0.08053691275167785,-2.95343017578125,-2.774017333984375,False,False
codecontests_cpp_335,k,-0.18791946308724833,-0.006711409395973154,-0.18120805369127516,-2.760101318359375,-2.343433380126953,False,False
codecontests_cpp_335,v,-0.174496644295302,0.10738255033557047,-0.28187919463087246,-2.725830078125,-2.06890869140625,False,False
codecontests_cpp_335,z,-0.3422818791946309,-0.10738255033557047,-0.2348993288590604,-3.1051025390625,-2.574737548828125,False,False
codecontests_java_335,q,-0.04145077720207254,-0.15025906735751296,0.10880829015544041,-6.280605316162109,-6.93011474609375,False,False
codecontests_java_335,k,0.19689119170984457,0.11398963730569948,0.08290155440414508,-4.842529296875,-5.342010498046875,False,False
codecontests_java_335,v,-0.09844559585492228,-0.16062176165803108,0.06217616580310881,-6.624748229980469,-7.000467300415039,False,False
codecontests_java_335,z,0.13989637305699482,-0.15544041450777202,0.29533678756476683,-5.1867218017578125,-6.966278076171875,False,False
mbpp_python_335,q,0.04938271604938271,0.024691358024691357,0.024691358024691357,-4.80792236328125,-4.936149597167969,False,False
mbpp_python_335,k,0.38271604938271603,0.24691358024691357,0.13580246913580246,-3.09814453125,-3.80096435546875,False,False
mbpp_python_335,v,0.16049382716049382,0.16049382716049382,0.0,-4.2445068359375,-4.2408447265625,False,False
mbpp_python_335,z,0.13580246913580246,0.13580246913580246,0.0,-4.3726043701171875,-4.373291015625,False,False
apps_python_336,q,0.005681818181818182,0.0625,-0.056818181818181816,-2.7293701171875,-2.578083038330078,False,False
apps_python_336,k,0.375,0.4375,-0.0625,-1.6973876953125,-1.513916015625,False,False
apps_python_336,v,0.5880681818181818,0.5568181818181818,0.03125,-1.05029296875,-1.15087890625,False,False
apps_python_336,z,0.2215909090909091,0.2784090909090909,-0.056818181818181816,-2.1326904296875,-1.97479248046875,False,False
codecontests_java_336,q,-0.039735099337748346,0.09933774834437085,-0.1390728476821192,-2.44439697265625,-2.121063232421875,False,False
codecontests_java_336,k,-0.2251655629139073,-0.152317880794702,-0.0728476821192053,-2.883209228515625,-2.712921142578125,False,False
codecontests_java_336,v,0.27483443708609273,0.12582781456953643,0.1490066225165563,-1.684326171875,-2.056671142578125,False,False
codecontests_java_336,z,0.052980132450331126,0.026490066225165563,0.026490066225165563,-2.2323760986328125,-2.29266357421875,False,False
apps_python_337,q,-0.18181818181818182,-0.14772727272727273,-0.03409090909090909,-3.2487564086914062,-3.1554336547851562,False,False
apps_python_337,k,-0.21022727272727273,-0.09090909090909091,-0.11931818181818182,-3.3260955810546875,-2.9978790283203125,False,False
apps_python_337,v,0.0,-0.1534090909090909,0.1534090909090909,-2.7492713928222656,-3.1693115234375,False,False
apps_python_337,z,-0.0625,-0.25,0.1875,-2.9199066162109375,-3.43304443359375,False,False
codecontests_cpp_337,q,-0.038461538461538464,0.11538461538461539,-0.15384615384615385,-2.95257568359375,-2.511474609375,False,False
codecontests_cpp_337,k,0.15934065934065933,0.15934065934065933,0.0,-2.383453369140625,-2.384429931640625,False,False
codecontests_cpp_337,v,-0.08241758241758242,-0.038461538461538464,-0.04395604395604396,-3.0766754150390625,-2.9527130126953125,False,False
codecontests_cpp_337,z,0.0,0.07692307692307693,-0.07692307692307693,-2.8436992168426514,-2.6238174438476562,False,False
codecontests_java_337,q,-0.0782122905027933,-0.0111731843575419,-0.0670391061452514,-12.059585571289062,-11.30755615234375,False,False
codecontests_java_337,k,0.1564245810055866,0.11731843575418995,0.03910614525139665,-9.4281005859375,-9.8720703125,False,False
codecontests_java_337,v,0.1564245810055866,0.10614525139664804,0.05027932960893855,-9.42138671875,-9.990234375,False,False
codecontests_java_337,z,0.0893854748603352,0.061452513966480445,0.027932960893854747,-10.183685302734375,-10.4969482421875,False,False
apps_python_338,q,-0.06299212598425197,-0.07874015748031496,0.015748031496062992,-4.2181854248046875,-4.2708740234375,False,False
apps_python_338,k,-0.06299212598425197,-0.2125984251968504,0.14960629921259844,-4.2181854248046875,-4.804443359375,False,False
apps_python_338,v,-0.13385826771653545,-0.07874015748031496,-0.05511811023622047,-4.4891357421875,-4.262451171875,False,False
apps_python_338,z,-0.14960629921259844,-0.18110236220472442,0.031496062992125984,-4.560943603515625,-4.684417724609375,False,False
codecontests_java_338,q,-0.0055248618784530384,-0.11602209944751381,0.11049723756906077,-2.84136962890625,-3.1538848876953125,False,False
codecontests_java_338,k,-0.20441988950276244,0.0055248618784530384,-0.20994475138121546,-3.3980712890625,-2.8132057189941406,False,False
codecontests_java_338,v,-0.6464088397790055,-0.425414364640884,-0.22099447513812154,-4.595947265625,-4.000732421875,False,False
codecontests_java_338,z,-0.20441988950276244,-0.20441988950276244,0.0,-3.398773193359375,-3.39837646484375,False,False
apps_python_339,q,-0.2251655629139073,0.052980132450331126,-0.2781456953642384,-5.7782440185546875,-4.468158721923828,False,False
apps_python_339,k,0.2847682119205298,0.3344370860927152,-0.04966887417218543,-3.36279296875,-3.1234130859375,False,False
apps_python_339,v,0.17880794701986755,0.152317880794702,0.026490066225165563,-3.8716583251953125,-3.997802734375,False,False
apps_python_339,z,-0.019867549668874173,0.059602649006622516,-0.07947019867549669,-4.811210632324219,-4.433563232421875,False,False
codecontests_cpp_339,q,0.0738255033557047,-0.10067114093959731,0.174496644295302,-4.312640190124512,-5.124034881591797,False,False
codecontests_cpp_339,k,0.19463087248322147,0.11409395973154363,0.08053691275167785,-3.74505615234375,-4.121246337890625,False,False
codecontests_cpp_339,v,0.16778523489932887,0.2181208053691275,-0.050335570469798654,-3.8723602294921875,-3.6348876953125,False,False
codecontests_cpp_339,z,0.040268456375838924,-0.026845637583892617,0.06711409395973154,-4.468341827392578,-4.78173828125,False,False
codecontests_java_339,q,-0.11764705882352941,-0.0748663101604278,-0.0427807486631016,-6.530704498291016,-6.280189514160156,False,False
codecontests_java_339,k,-0.11229946524064172,-0.09090909090909091,-0.0213903743315508,-6.499217987060547,-6.374513626098633,False,False
codecontests_java_339,v,-0.0748663101604278,0.026737967914438502,-0.10160427807486631,-6.280727386474609,-5.6854248046875,False,False
codecontests_java_339,z,-0.0962566844919786,0.0374331550802139,-0.13368983957219252,-6.405635833740234,-5.623649597167969,False,False
apps_python_340,q,0.06147540983606557,-0.12295081967213115,0.18442622950819673,-3.5764312744140625,-4.277862548828125,False,False
apps_python_340,k,-0.028688524590163935,0.03278688524590164,-0.06147540983606557,-3.9213829040527344,-3.6846160888671875,False,False
apps_python_340,v,-0.09016393442622951,0.09016393442622951,-0.18032786885245902,-4.154350280761719,-3.4665069580078125,False,False
apps_python_340,z,-0.1557377049180328,-0.06557377049180328,-0.09016393442622951,-4.402130126953125,-4.059356689453125,False,False
codecontests_cpp_340,q,-0.10784313725490197,-0.11274509803921569,0.004901960784313725,-3.5288543701171875,-3.544189453125,False,False
codecontests_cpp_340,k,-0.08333333333333333,-0.014705882352941176,-0.06862745098039216,-3.4500885009765625,-3.228363037109375,False,False
codecontests_cpp_340,v,0.06862745098039216,0.13725490196078433,-0.06862745098039216,-2.9674758911132812,-2.74359130859375,False,False
codecontests_cpp_340,z,-0.07352941176470588,0.09803921568627451,-0.1715686274509804,-3.420318603515625,-2.869842529296875,False,False
codecontests_java_340,q,0.015544041450777202,0.05181347150259067,-0.03626943005181347,-5.9344024658203125,-5.715301513671875,False,False
codecontests_java_340,k,0.09844559585492228,0.19170984455958548,-0.09326424870466321,-5.413330078125,-4.86334228515625,False,False
codecontests_java_340,v,0.14507772020725387,-0.03626943005181347,0.18134715025906736,-5.142333984375,-6.230224609375,False,False
codecontests_java_340,z,0.18652849740932642,0.2694300518134715,-0.08290155440414508,-4.88525390625,-4.396484375,False,False
apps_python_341,q,0.013157894736842105,0.006578947368421052,0.006578947368421052,-4.685546875,-4.712799072265625,False,False
apps_python_341,k,0.013157894736842105,-0.20394736842105263,0.21710526315789475,-4.686149597167969,-5.71087646484375,False,False
apps_python_341,v,0.013157894736842105,-0.17763157894736842,0.19078947368421054,-4.6860809326171875,-5.586212158203125,False,False
apps_python_341,z,0.13157894736842105,-0.006578947368421052,0.13815789473684212,-4.120849609375,-4.7780609130859375,False,False
codecontests_cpp_341,q,0.2948717948717949,0.21794871794871795,0.07692307692307693,-3.42547607421875,-3.80548095703125,False,False
codecontests_cpp_341,k,-0.07051282051282051,0.02564102564102564,-0.09615384615384616,-5.218204498291016,-4.749481201171875,False,False
codecontests_cpp_341,v,0.20512820512820512,0.10256410256410256,0.10256410256410256,-3.868255615234375,-4.3724517822265625,False,False
codecontests_cpp_341,z,0.09615384615384616,0.12179487179487179,-0.02564102564102564,-4.4046173095703125,-4.279487609863281,False,False
codecontests_java_341,q,-0.07058823529411765,-0.07058823529411765,0.0,-5.6853790283203125,-5.6884918212890625,False,False
codecontests_java_341,k,-0.12941176470588237,0.09411764705882353,-0.2235294117647059,-5.9975128173828125,-4.812644958496094,False,False
codecontests_java_341,v,-0.31176470588235294,0.023529411764705882,-0.3352941176470588,-6.95697021484375,-5.1848602294921875,False,False
codecontests_java_341,z,0.09411764705882353,0.047058823529411764,0.047058823529411764,-4.812168121337891,-5.056915283203125,False,False
apps_python_342,q,0.20901639344262296,0.15163934426229508,0.05737704918032787,-3.00909423828125,-3.23004150390625,False,False
apps_python_342,k,-0.06557377049180328,-0.036885245901639344,-0.028688524590163935,-4.0597076416015625,-3.950714111328125,False,False
apps_python_342,v,-0.09016393442622951,0.06557377049180328,-0.1557377049180328,-4.1542510986328125,-3.559906005859375,False,False
apps_python_342,z,0.0942622950819672,-0.004098360655737705,0.09836065573770492,-3.4514617919921875,-3.8267822265625,False,False
codecontests_cpp_342,q,0.16538461538461538,0.023076923076923078,0.1423076923076923,-3.3868865966796875,-3.966400146484375,False,False
codecontests_cpp_342,k,0.03076923076923077,0.08076923076923077,-0.05,-3.9355010986328125,-3.7274169921875,False,False
codecontests_cpp_342,v,0.2230769230769231,0.03076923076923077,0.19230769230769232,-3.1478271484375,-3.9349365234375,False,False
codecontests_cpp_342,z,0.13846153846153847,0.023076923076923078,0.11538461538461539,-3.494110107421875,-3.9684600830078125,False,False
codecontests_java_342,q,-0.19672131147540983,-0.16393442622950818,-0.03278688524590164,-9.07666015625,-8.8594970703125,False,False
codecontests_java_342,k,0.05737704918032787,-0.11475409836065574,0.1721311475409836,-7.17041015625,-8.4815673828125,False,False
codecontests_java_342,v,0.028688524590163935,0.16393442622950818,-0.13524590163934427,-7.3775634765625,-6.3563232421875,False,False
codecontests_java_342,z,-0.00819672131147541,0.012295081967213115,-0.020491803278688523,-7.641845703125,-7.525054931640625,False,False
apps_python_343,q,-0.07425742574257425,-0.27722772277227725,0.20297029702970298,-3.38726806640625,-4.01727294921875,False,False
apps_python_343,k,-0.3564356435643564,-0.39603960396039606,0.039603960396039604,-4.261962890625,-4.3839111328125,False,False
apps_python_343,v,-0.39603960396039606,-0.4752475247524752,0.07920792079207921,-4.3817138671875,-4.624267578125,False,False
apps_python_343,z,-0.034653465346534656,-0.31683168316831684,0.28217821782178215,-3.26263427734375,-4.13818359375,False,False
codecontests_cpp_343,q,-0.28870292887029286,-0.008368200836820083,-0.2803347280334728,-2.3895263671875,-1.8832759857177734,False,False
codecontests_cpp_343,k,0.17573221757322174,-0.10460251046025104,0.2803347280334728,-1.5301513671875,-2.062457799911499,False,False
codecontests_cpp_343,v,-0.28870292887029286,0.1799163179916318,-0.4686192468619247,-2.3902587890625,-1.52020263671875,False,False
codecontests_cpp_343,z,0.10460251046025104,0.008368200836820083,0.09623430962343096,-1.66937255859375,-1.8542938232421875,False,False
codecontests_java_343,q,0.10059171597633136,0.14792899408284024,-0.047337278106508875,-2.372222900390625,-2.243621826171875,False,False
codecontests_java_343,k,-0.13609467455621302,-0.09467455621301775,-0.04142011834319527,-2.992950439453125,-2.888946533203125,False,False
codecontests_java_343,v,-0.4378698224852071,-0.39644970414201186,-0.04142011834319527,-3.76025390625,-3.6590576171875,False,False
codecontests_java_343,z,0.005917159763313609,-0.05917159763313609,0.0650887573964497,-2.6262130737304688,-2.7930908203125,False,False
apps_python_344,q,-0.029661016949152543,-0.03389830508474576,0.00423728813559322,-7.592018127441406,-7.625066757202148,False,False
apps_python_344,k,0.2330508474576271,0.09745762711864407,0.13559322033898305,-5.62841796875,-6.6387939453125,False,False
apps_python_344,v,0.16101694915254236,0.15677966101694915,0.00423728813559322,-6.18218994140625,-6.217033386230469,False,False
apps_python_344,z,-0.0635593220338983,-0.012711864406779662,-0.05084745762711865,-7.84259033203125,-7.4664154052734375,False,False
codecontests_cpp_344,q,-0.0603448275862069,0.03879310344827586,-0.09913793103448276,-3.838134765625,-3.4837417602539062,False,False
codecontests_cpp_344,k,0.12931034482758622,-0.07327586206896551,0.2025862068965517,-3.1298828125,-3.888336181640625,False,False
codecontests_cpp_344,v,0.03879310344827586,-0.15517241379310345,0.1939655172413793,-3.4825668334960938,-4.1846160888671875,False,False
codecontests_cpp_344,z,0.2543103448275862,0.08189655172413793,0.1724137931034483,-2.6815185546875,-3.3216552734375,False,False
codecontests_java_344,q,-0.029787234042553193,0.10212765957446808,-0.13191489361702127,-7.55120849609375,-6.58294677734375,False,False
codecontests_java_344,k,0.2425531914893617,0.11914893617021277,0.12340425531914893,-5.5126953125,-6.418212890625,False,False
codecontests_java_344,v,0.23829787234042554,0.23829787234042554,0.0,-5.529296875,-5.5728759765625,False,False
codecontests_java_344,z,0.2297872340425532,0.2170212765957447,0.01276595744680851,-5.651611328125,-5.7476806640625,False,False
apps_python_345,q,-0.1694915254237288,-0.2711864406779661,0.1016949152542373,-4.3091583251953125,-4.67999267578125,False,False
apps_python_345,k,-0.059322033898305086,0.025423728813559324,-0.0847457627118644,-3.901580810546875,-3.592041015625,False,False
apps_python_345,v,-0.19491525423728814,-0.00847457627118644,-0.1864406779661017,-4.402679443359375,-3.7163543701171875,False,False
apps_python_345,z,0.00423728813559322,-0.11016949152542373,0.11440677966101695,-3.66888427734375,-4.0912322998046875,False,False
codecontests_java_345,q,-0.1134020618556701,-0.0979381443298969,-0.015463917525773196,-6.748931884765625,-6.64227294921875,False,False
codecontests_java_345,k,0.10309278350515463,0.07731958762886598,0.02577319587628866,-5.42840576171875,-5.587127685546875,False,False
codecontests_java_345,v,0.0,0.07731958762886598,-0.07731958762886598,-6.06121826171875,-5.5917816162109375,False,False
codecontests_java_345,z,-0.07731958762886598,-0.12371134020618557,0.04639175257731959,-6.531109809875488,-6.80279541015625,False,False
apps_python_346,q,-0.0990990990990991,-0.22522522522522523,0.12612612612612611,-3.8101806640625,-4.244110107421875,False,False
apps_python_346,k,-0.17117117117117117,-0.17117117117117117,0.0,-4.052490234375,-4.0531005859375,False,False
apps_python_346,v,0.15765765765765766,-0.16216216216216217,0.31981981981981983,-2.916656494140625,-4.026702880859375,False,False
apps_python_346,z,-0.0990990990990991,-0.10810810810810811,0.009009009009009009,-3.8090057373046875,-3.837738037109375,False,False
codecontests_cpp_346,q,0.27555555555555555,0.27111111111111114,0.0044444444444444444,-2.5211181640625,-2.5396728515625,False,False
codecontests_cpp_346,k,0.12444444444444444,0.08888888888888889,0.035555555555555556,-3.0540771484375,-3.1788330078125,False,False
codecontests_cpp_346,v,0.17777777777777778,0.28888888888888886,-0.1111111111111111,-2.87646484375,-2.455322265625,False,False
codecontests_cpp_346,z,0.21777777777777776,0.24444444444444444,-0.02666666666666667,-2.7220458984375,-2.632568359375,False,False
codecontests_java_346,q,0.0625,0.009615384615384616,0.052884615384615384,-6.07763671875,-6.4391632080078125,False,False
codecontests_java_346,k,0.25,0.09134615384615384,0.15865384615384615,-4.876335144042969,-5.906380653381348,False,False
codecontests_java_346,v,0.15384615384615385,0.038461538461538464,0.11538461538461539,-5.4988250732421875,-6.243377685546875,False,False
codecontests_java_346,z,0.1875,0.11538461538461539,0.07211538461538461,-5.280529022216797,-5.748527526855469,False,False
apps_python_347,q,-0.031007751937984496,0.01937984496124031,-0.050387596899224806,-4.155300140380859,-3.951141357421875,False,False
apps_python_347,k,0.1434108527131783,0.2131782945736434,-0.06976744186046512,-3.452564239501953,-3.167724609375,False,False
apps_python_347,v,-0.07751937984496124,-0.023255813953488372,-0.05426356589147287,-4.3331298828125,-4.125216484069824,False,False
apps_python_347,z,0.04263565891472868,0.09302325581395349,-0.050387596899224806,-3.8582916259765625,-3.6546783447265625,False,False
codecontests_cpp_347,q,0.07511737089201878,-0.14084507042253522,0.215962441314554,-3.075042724609375,-3.790130615234375,False,False
codecontests_cpp_347,k,0.107981220657277,0.03755868544600939,0.07042253521126761,-2.963653564453125,-3.2015533447265625,False,False
codecontests_cpp_347,v,0.06572769953051644,0.07042253521126761,-0.004694835680751174,-3.1074371337890625,-3.089263916015625,False,False
codecontests_cpp_347,z,0.16901408450704225,-0.2112676056338028,0.38028169014084506,-2.757568359375,-4.023834228515625,False,False
codecontests_java_347,q,0.07142857142857142,0.046218487394957986,0.025210084033613446,-6.9047088623046875,-7.0922088623046875,False,False
codecontests_java_347,k,0.18487394957983194,0.19747899159663865,-0.012605042016806723,-6.0603485107421875,-5.964752197265625,False,False
codecontests_java_347,v,0.11764705882352941,0.12184873949579832,-0.004201680672268907,-6.559417724609375,-6.529533386230469,False,False
codecontests_java_347,z,0.029411764705882353,-0.01680672268907563,0.046218487394957986,-7.217597961425781,-7.560981750488281,False,False
apps_python_348,q,-0.03398058252427184,0.06796116504854369,-0.10194174757281553,-3.3273658752441406,-2.9993896484375,False,False
apps_python_348,k,-0.03398058252427184,0.0,-0.03398058252427184,-3.328155040740967,-3.218313217163086,False,False
apps_python_348,v,-0.1262135922330097,-0.06796116504854369,-0.05825242718446602,-3.6241836547851562,-3.4370346069335938,False,False
apps_python_348,z,-0.024271844660194174,-0.1262135922330097,0.10194174757281553,-3.2973060607910156,-3.6245555877685547,False,False
codecontests_java_348,q,0.11764705882352941,0.052941176470588235,0.06470588235294118,-4.6849517822265625,-5.02716064453125,False,False
codecontests_java_348,k,0.08235294117647059,-0.06470588235294118,0.14705882352941177,-4.86541748046875,-5.6527252197265625,False,False
codecontests_java_348,v,0.01764705882352941,0.08235294117647059,-0.06470588235294118,-5.2095947265625,-4.8685302734375,False,False
codecontests_java_348,z,-0.041176470588235294,0.029411764705882353,-0.07058823529411765,-5.51763916015625,-5.154548645019531,False,False
apps_python_349,q,-0.10576923076923077,-0.10576923076923077,0.0,-3.5920257568359375,-3.5924835205078125,False,False
apps_python_349,k,0.1201923076923077,0.04326923076923077,0.07692307692307693,-2.854034423828125,-3.1080322265625,False,False
apps_python_349,v,-0.03365384615384615,-0.10096153846153846,0.0673076923076923,-3.3580703735351562,-3.5746002197265625,False,False
apps_python_349,z,-0.03365384615384615,0.04807692307692308,-0.08173076923076923,-3.3574066162109375,-3.08795166015625,False,False
codecontests_cpp_349,q,-0.16793893129770993,-0.2748091603053435,0.10687022900763359,-2.384490966796875,-2.59649658203125,False,False
codecontests_cpp_349,k,-0.3816793893129771,-0.2748091603053435,-0.10687022900763359,-2.8035888671875,-2.59576416015625,False,False
codecontests_cpp_349,v,0.05343511450381679,-0.2748091603053435,0.3282442748091603,-1.93975830078125,-2.596923828125,False,False
codecontests_cpp_349,z,0.05343511450381679,-0.0916030534351145,0.1450381679389313,-1.935638427734375,-2.230682373046875,False,False
codecontests_java_349,q,-0.21951219512195122,-0.0975609756097561,-0.12195121951219512,-2.33111572265625,-2.10369873046875,False,False
codecontests_java_349,k,-0.3252032520325203,-0.2682926829268293,-0.056910569105691054,-2.5179443359375,-2.418701171875,False,False
codecontests_java_349,v,0.17886178861788618,0.06910569105691057,0.10975609756097561,-1.56475830078125,-1.7852783203125,False,False
codecontests_java_349,z,0.4186991869918699,0.22357723577235772,0.1951219512195122,-1.0517578125,-1.4754638671875,False,False
apps_python_350,q,-0.19047619047619047,0.023809523809523808,-0.21428571428571427,-4.682159423828125,-3.8431320190429688,False,False
apps_python_350,k,-0.19047619047619047,-0.06349206349206349,-0.12698412698412698,-4.68310546875,-4.18414306640625,False,False
apps_python_350,v,0.023809523809523808,0.0,0.023809523809523808,-3.842803955078125,-3.9364013671875,False,False
apps_python_350,z,0.18253968253968253,-0.09523809523809523,0.2777777777777778,-3.20733642578125,-4.3072509765625,False,False
codecontests_java_350,q,-0.0661764705882353,-0.022058823529411766,-0.04411764705882353,-9.059432983398438,-8.684829711914062,False,False
codecontests_java_350,k,0.051470588235294115,0.10294117647058823,-0.051470588235294115,-8.060394287109375,-7.62225341796875,False,False
codecontests_java_350,v,-0.014705882352941176,0.16911764705882354,-0.18382352941176472,-8.622299194335938,-7.05999755859375,False,False
codecontests_java_350,z,-0.08823529411764706,0.04411764705882353,-0.1323529411764706,-9.2435302734375,-8.096923828125,False,False
apps_python_351,q,-0.022900763358778626,-0.12213740458015267,0.09923664122137404,-4.1864471435546875,-4.5916748046875,False,False
apps_python_351,k,0.007633587786259542,0.061068702290076333,-0.05343511450381679,-4.0604400634765625,-3.840667724609375,False,False
apps_python_351,v,-0.030534351145038167,0.0,-0.030534351145038167,-4.209716796875,-4.0843505859375,False,False
apps_python_351,z,-0.17557251908396945,0.08778625954198473,-0.2633587786259542,-4.8101959228515625,-3.7336044311523438,False,False
apps_python_352,q,0.1686746987951807,0.1686746987951807,0.0,-2.1492919921875,-2.149566650390625,False,False
apps_python_352,k,-0.04216867469879518,0.1686746987951807,-0.21084337349397592,-2.702159881591797,-2.14715576171875,False,False
apps_python_352,v,-0.1686746987951807,-0.04216867469879518,-0.12650602409638553,-3.02685546875,-2.7020797729492188,False,False
apps_python_352,z,0.12650602409638553,0.04216867469879518,0.08433734939759036,-2.2606201171875,-2.4825592041015625,False,False
apps_python_353,q,0.27816901408450706,0.22535211267605634,0.0528169014084507,-3.19317626953125,-3.42791748046875,False,False
apps_python_353,k,0.12323943661971831,0.07746478873239436,0.045774647887323945,-3.88409423828125,-4.0919342041015625,False,False
apps_python_353,v,0.16901408450704225,0.09859154929577464,0.07042253521126761,-3.6773681640625,-3.9990997314453125,False,False
apps_python_353,z,0.1795774647887324,0.1795774647887324,0.0,-3.63751220703125,-3.637054443359375,False,False
codecontests_java_353,q,-0.030303030303030304,-0.025252525252525252,-0.005050505050505051,-12.743011474609375,-12.67962646484375,False,False
codecontests_java_353,k,0.17676767676767677,0.06565656565656566,0.1111111111111111,-10.17303466796875,-11.5491943359375,False,False
codecontests_java_353,v,0.010101010101010102,0.06060606060606061,-0.050505050505050504,-12.23785400390625,-11.61932373046875,False,False
codecontests_java_353,z,0.12121212121212122,0.09595959595959595,0.025252525252525252,-10.871414184570312,-11.185745239257812,False,False
apps_python_354,q,0.13028169014084506,0.07746478873239436,0.0528169014084507,-3.8569793701171875,-4.0927581787109375,False,False
apps_python_354,k,-0.07746478873239436,0.028169014084507043,-0.1056338028169014,-4.77911376953125,-4.311550140380859,False,False
apps_python_354,v,-0.28169014084507044,-0.15492957746478872,-0.1267605633802817,-5.682830810546875,-5.1227264404296875,False,False
apps_python_354,z,-0.13380281690140844,-0.15492957746478872,0.02112676056338028,-5.0294036865234375,-5.1241455078125,False,False
codecontests_cpp_354,q,0.33,0.26,0.07,-2.06201171875,-2.290771484375,False,False
codecontests_cpp_354,k,-0.31,-0.075,-0.235,-4.08074951171875,-3.35675048828125,False,False
codecontests_cpp_354,v,-0.025,0.3,-0.325,-3.1944580078125,-2.1639404296875,False,False
codecontests_cpp_354,z,0.255,0.48,-0.225,-2.31280517578125,-1.55322265625,False,False
codecontests_java_354,q,-0.03398058252427184,-0.043689320388349516,0.009708737864077669,-13.31011962890625,-13.435256958007812,False,False
codecontests_java_354,k,0.07766990291262135,0.07281553398058252,0.0048543689320388345,-11.86761474609375,-11.93341064453125,False,False
codecontests_java_354,v,0.07766990291262135,0.09223300970873786,-0.014563106796116505,-11.872268676757812,-11.685028076171875,False,False
codecontests_java_354,z,0.09223300970873786,0.06310679611650485,0.02912621359223301,-11.68781852722168,-12.061702728271484,False,False
apps_python_355,q,-0.09844559585492228,-0.015544041450777202,-0.08290155440414508,-6.624876976013184,-6.123321533203125,False,False
apps_python_355,k,0.11917098445595854,0.08290155440414508,0.03626943005181347,-5.310455322265625,-5.5281524658203125,False,False
apps_python_355,v,0.15544041450777202,-0.03626943005181347,0.19170984455958548,-5.091888427734375,-6.248451232910156,False,False
apps_python_355,z,0.12435233160621761,0.10362694300518134,0.02072538860103627,-5.277923583984375,-5.403167724609375,False,False
codecontests_java_355,q,-0.05194805194805195,-0.1341991341991342,0.08225108225108226,-1.8929443359375,-2.042633056640625,False,False
codecontests_java_355,k,-0.6103896103896104,-0.4458874458874459,-0.1645021645021645,-2.84375,-2.56982421875,False,False
codecontests_java_355,v,-0.7056277056277056,-0.37662337662337664,-0.329004329004329,-2.99853515625,-2.44921875,False,False
codecontests_java_355,z,-0.29004329004329005,-0.1774891774891775,-0.11255411255411256,-2.3077392578125,-2.115478515625,False,False
apps_python_356,q,0.15165876777251186,-0.02843601895734597,0.18009478672985782,-2.78350830078125,-3.38812255859375,False,False
apps_python_356,k,0.3033175355450237,-0.04265402843601896,0.3459715639810427,-2.2696533203125,-3.4346466064453125,False,False
apps_python_356,v,0.03317535545023697,-0.02843601895734597,0.061611374407582936,-3.1857376098632812,-3.3881072998046875,False,False
apps_python_356,z,0.18009478672985782,0.11374407582938388,0.06635071090047394,-2.69561767578125,-2.91015625,False,False
codecontests_java_356,q,-0.023668639053254437,-0.21301775147928995,0.1893491124260355,-5.406000137329102,-6.401275634765625,False,False
codecontests_java_356,k,0.23668639053254437,0.1834319526627219,0.05325443786982249,-4.014404296875,-4.306640625,False,False
codecontests_java_356,v,0.03550295857988166,0.07692307692307693,-0.04142011834319527,-5.08294677734375,-4.8685302734375,False,False
codecontests_java_356,z,0.08875739644970414,-0.029585798816568046,0.11834319526627218,-4.807891845703125,-5.436561584472656,False,False
apps_python_357,q,-0.1588235294117647,-0.041176470588235294,-0.11764705882352941,-3.07342529296875,-2.7643585205078125,False,False
apps_python_357,k,-0.24705882352941178,-0.27647058823529413,0.029411764705882353,-3.30487060546875,-3.38128662109375,False,False
apps_python_357,v,-0.2,-0.2,0.0,-3.1807861328125,-3.1815185546875,False,False
apps_python_357,z,-0.3588235294117647,-0.2,-0.1588235294117647,-3.59515380859375,-3.181793212890625,False,False
codecontests_cpp_357,q,0.2976190476190476,0.03571428571428571,0.2619047619047619,-1.815673828125,-2.526092529296875,False,False
codecontests_cpp_357,k,0.23809523809523808,-0.17261904761904762,0.4107142857142857,-1.9835205078125,-3.071624755859375,False,False
codecontests_cpp_357,v,0.3273809523809524,0.005952380952380952,0.32142857142857145,-1.729248046875,-2.60760498046875,False,False
codecontests_cpp_357,z,0.36904761904761907,0.17261904761904762,0.19642857142857142,-1.61083984375,-2.16082763671875,False,False
codecontests_java_357,q,0.09787234042553192,0.05106382978723404,0.04680851063829787,-6.6227569580078125,-6.9660797119140625,False,False
codecontests_java_357,k,0.14893617021276595,0.02553191489361702,0.12340425531914893,-6.248138427734375,-7.155052185058594,False,False
codecontests_java_357,v,-0.03404255319148936,0.0,-0.03404255319148936,-7.5928802490234375,-7.342979431152344,False,False
codecontests_java_357,z,0.05106382978723404,0.0,0.05106382978723404,-6.961578369140625,-7.34014892578125,False,False
codecontests_cpp_358,q,0.0,0.125,-0.125,-2.1851654052734375,-1.9078369140625,False,False
codecontests_cpp_358,k,0.09285714285714286,0.21428571428571427,-0.12142857142857143,-1.98004150390625,-1.7030029296875,False,False
codecontests_cpp_358,v,-0.007142857142857143,0.2,-0.20714285714285716,-2.2022018432617188,-1.7384033203125,False,False
codecontests_cpp_358,z,0.11785714285714285,0.0,0.11785714285714285,-1.922515869140625,-2.1876354217529297,False,False
codecontests_java_358,q,0.125,0.06818181818181818,0.056818181818181816,-4.8094482421875,-5.1240081787109375,False,False
codecontests_java_358,k,0.36363636363636365,0.3409090909090909,0.022727272727272728,-3.47900390625,-3.60302734375,False,False
codecontests_java_358,v,0.09090909090909091,0.09659090909090909,-0.005681818181818182,-4.9901123046875,-4.96173095703125,False,False
codecontests_java_358,z,0.07386363636363637,0.125,-0.05113636363636364,-5.086273193359375,-4.809478759765625,False,False
apps_python_359,q,-0.02824858757062147,-0.03389830508474576,0.005649717514124294,-2.843656063079834,-2.8583908081054688,False,False
apps_python_359,k,0.24293785310734464,0.307909604519774,-0.06497175141242938,-2.0830078125,-1.8983154296875,False,False
apps_python_359,v,0.3418079096045198,0.307909604519774,0.03389830508474576,-1.798828125,-1.89404296875,False,False
apps_python_359,z,0.07344632768361582,-0.03389830508474576,0.10734463276836158,-2.55767822265625,-2.8558807373046875,False,False
codecontests_java_359,q,0.0,0.21942446043165467,-0.21942446043165467,-4.343510627746582,-3.38232421875,False,False
codecontests_java_359,k,0.3489208633093525,0.2446043165467626,0.10431654676258993,-2.80078125,-3.26934814453125,False,False
codecontests_java_359,v,0.1079136690647482,0.02877697841726619,0.07913669064748201,-3.8712005615234375,-4.2176513671875,False,False
codecontests_java_359,z,-0.08633093525179857,0.07913669064748201,-0.16546762589928057,-4.717807769775391,-3.99798583984375,False,False
apps_python_360,q,-0.18181818181818182,-0.2857142857142857,0.1038961038961039,-2.84130859375,-3.087921142578125,False,False
apps_python_360,k,0.14935064935064934,-0.05844155844155844,0.2077922077922078,-2.044647216796875,-2.5465736389160156,False,False
apps_python_360,v,-0.18831168831168832,-0.2987012987012987,0.11038961038961038,-2.853057861328125,-3.11529541015625,False,False
apps_python_360,z,-0.22727272727272727,0.012987012987012988,-0.24025974025974026,-2.945404052734375,-2.3745384216308594,False,False
codecontests_cpp_360,q,-0.03626943005181347,-0.11917098445595854,0.08290155440414508,-3.120941162109375,-3.371551513671875,False,False
codecontests_cpp_360,k,0.0,-0.04145077720207254,0.04145077720207254,-3.0153045654296875,-3.1389999389648438,False,False
codecontests_cpp_360,v,-0.07772020725388601,0.22279792746113988,-0.3005181347150259,-3.247100830078125,-2.32861328125,False,False
codecontests_cpp_360,z,-0.08290155440414508,-0.31088082901554404,0.22797927461139897,-3.2631378173828125,-3.9378662109375,False,False
codecontests_java_360,q,0.0,-0.016260162601626018,0.016260162601626018,-7.684722900390625,-7.807647705078125,False,False
codecontests_java_360,k,-0.07317073170731707,-0.04065040650406504,-0.032520325203252036,-8.246475219726562,-7.999637603759766,False,False
codecontests_java_360,v,0.07723577235772358,0.13008130081300814,-0.052845528455284556,-7.08270263671875,-6.686985015869141,False,False
codecontests_java_360,z,-0.032520325203252036,0.07317073170731707,-0.10569105691056911,-7.937347412109375,-7.121612548828125,False,False
apps_python_361,q,-0.05504587155963303,-0.0871559633027523,0.03211009174311927,-3.5903472900390625,-3.7015457153320312,False,False
apps_python_361,k,0.1559633027522936,0.20642201834862386,-0.05045871559633028,-2.869232177734375,-2.69549560546875,False,False
apps_python_361,v,-0.1559633027522936,0.027522935779816515,-0.1834862385321101,-3.93505859375,-3.310028076171875,False,False
apps_python_361,z,-0.05504587155963303,-0.05504587155963303,0.0,-3.58447265625,-3.59149169921875,False,False
codecontests_cpp_361,q,-0.08256880733944955,0.08256880733944955,-0.1651376146788991,-3.686534881591797,-3.1222991943359375,False,False
codecontests_cpp_361,k,0.0779816513761468,0.3302752293577982,-0.25229357798165136,-3.136260986328125,-2.2620849609375,False,False
codecontests_cpp_361,v,0.1834862385321101,0.10550458715596331,0.0779816513761468,-2.771484375,-3.0447235107421875,False,False
codecontests_cpp_361,z,0.01834862385321101,-0.08256880733944955,0.10091743119266056,-3.3417205810546875,-3.683868408203125,False,False
codecontests_java_361,q,0.0,-0.014018691588785047,0.014018691588785047,-6.687776565551758,-6.781003952026367,False,False
codecontests_java_361,k,0.0,0.07009345794392523,-0.07009345794392523,-6.6853179931640625,-6.2167510986328125,False,False
codecontests_java_361,v,-0.07009345794392523,-0.08411214953271028,0.014018691588785047,-7.157234191894531,-7.2477264404296875,False,False
codecontests_java_361,z,0.16355140186915887,0.1261682242990654,0.037383177570093455,-5.5920867919921875,-5.8424530029296875,False,False
apps_python_362,q,-0.02962962962962963,-0.037037037037037035,0.007407407407407408,-4.341400146484375,-4.3714599609375,False,False
apps_python_362,k,0.11481481481481481,0.02962962962962963,0.08518518518518518,-3.730072021484375,-4.093364715576172,False,False
apps_python_362,v,0.14444444444444443,0.1111111111111111,0.03333333333333333,-3.6054840087890625,-3.748504638671875,False,False
apps_python_362,z,0.0,0.14074074074074075,-0.14074074074074075,-4.219097137451172,-3.620758056640625,False,False
codecontests_cpp_362,q,-0.007633587786259542,0.14885496183206107,-0.15648854961832062,-4.123138427734375,-3.47906494140625,False,False
codecontests_cpp_362,k,0.030534351145038167,0.12213740458015267,-0.0916030534351145,-3.9654541015625,-3.58538818359375,False,False
codecontests_cpp_362,v,-0.21374045801526717,-0.09923664122137404,-0.11450381679389313,-4.962432861328125,-4.498344421386719,False,False
codecontests_cpp_362,z,0.0,0.0,0.0,-4.093658447265625,-4.093511581420898,False,False
codecontests_java_362,q,0.06666666666666667,0.022222222222222223,0.044444444444444446,-10.497909545898438,-10.997222900390625,False,False
codecontests_java_362,k,0.09444444444444444,0.14444444444444443,-0.05,-10.184814453125,-9.61468505859375,False,False
codecontests_java_362,v,0.12222222222222222,0.12777777777777777,-0.005555555555555556,-9.873893737792969,-9.810722351074219,False,False
codecontests_java_362,z,0.09444444444444444,0.12777777777777777,-0.03333333333333333,-10.185623168945312,-9.810089111328125,False,False
apps_python_363,q,-0.08839779005524862,-0.11602209944751381,0.027624309392265192,-6.150177001953125,-6.30133056640625,False,False
apps_python_363,k,-0.0718232044198895,-0.0055248618784530384,-0.06629834254143646,-6.059844970703125,-5.685935974121094,False,False
apps_python_363,v,0.06077348066298342,-0.13259668508287292,0.19337016574585636,-5.311664581298828,-6.4026031494140625,False,False
apps_python_363,z,0.07734806629834254,0.09392265193370165,-0.016574585635359115,-5.2153167724609375,-5.1138916015625,False,False
codecontests_java_363,q,-0.029411764705882353,-0.11764705882352941,0.08823529411764706,-3.825927734375,-4.1547393798828125,False,False
codecontests_java_363,k,0.0,-0.23529411764705882,0.23529411764705882,-3.7177772521972656,-4.58770751953125,False,False
codecontests_java_363,v,0.0,0.09663865546218488,-0.09663865546218488,-3.7171554565429688,-3.356353759765625,False,False
codecontests_java_363,z,0.18487394957983194,0.0,0.18487394957983194,-3.0245361328125,-3.7176742553710938,False,False
apps_python_364,q,-0.011764705882352941,-0.1607843137254902,0.14901960784313725,-4.031764984130859,-4.618804931640625,False,False
apps_python_364,k,0.07450980392156863,0.07450980392156863,0.0,-3.68206787109375,-3.68072509765625,False,False
apps_python_364,v,-0.19215686274509805,-0.08235294117647059,-0.10980392156862745,-4.740478515625,-4.310951232910156,False,False
apps_python_364,z,0.09411764705882353,0.1803921568627451,-0.08627450980392157,-3.6082992553710938,-3.25958251953125,False,False
codecontests_java_364,q,0.1859504132231405,0.2190082644628099,-0.03305785123966942,-6.155006408691406,-5.904541015625,False,False
codecontests_java_364,k,0.2024793388429752,0.0743801652892562,0.128099173553719,-6.029747009277344,-6.9965667724609375,False,False
codecontests_java_364,v,0.0743801652892562,0.049586776859504134,0.024793388429752067,-6.998435974121094,-7.185737609863281,False,False
codecontests_java_364,z,0.049586776859504134,0.07851239669421488,-0.028925619834710745,-7.18194580078125,-6.96435546875,False,False
mbpp_python_364,q,-0.24324324324324326,-0.02702702702702703,-0.21621621621621623,-4.3026123046875,-3.5599517822265625,False,False
mbpp_python_364,k,0.06306306306306306,0.02252252252252252,0.04054054054054054,-3.2469635009765625,-3.38134765625,False,False
mbpp_python_364,v,-0.23423423423423423,-0.036036036036036036,-0.1981981981981982,-4.27349853515625,-3.5916595458984375,False,False
mbpp_python_364,z,-0.13513513513513514,0.06756756756756757,-0.20270270270270271,-3.9334716796875,-3.2326126098632812,False,False
apps_python_365,q,-0.14624505928853754,-0.14624505928853754,0.0,-4.527740478515625,-4.527984619140625,False,False
apps_python_365,k,0.06324110671936758,0.1541501976284585,-0.09090909090909091,-3.7015151977539062,-3.33953857421875,False,False
apps_python_365,v,0.09881422924901186,0.09881422924901186,0.0,-3.560211181640625,-3.560791015625,False,False
apps_python_365,z,0.09881422924901186,0.03162055335968379,0.06719367588932806,-3.558441162109375,-3.8271827697753906,False,False
codecontests_cpp_365,q,0.11794871794871795,0.07692307692307693,0.041025641025641026,-5.3732147216796875,-5.623649597167969,False,False
codecontests_cpp_365,k,0.43333333333333335,0.2717948717948718,0.16153846153846155,-3.435546875,-4.4293212890625,False,False
codecontests_cpp_365,v,0.11282051282051282,0.22564102564102564,-0.11282051282051282,-5.4047088623046875,-4.712738037109375,False,False
codecontests_cpp_365,z,0.09743589743589744,0.09743589743589744,0.0,-5.498237609863281,-5.4982452392578125,False,False
codecontests_java_365,q,-0.10625,-0.0125,-0.09375,-11.0606689453125,-10.123878479003906,False,False
codecontests_java_365,k,0.01875,-0.00625,0.025,-9.808349609375,-10.05560302734375,False,False
codecontests_java_365,v,-0.08125,-0.01875,-0.0625,-10.811111450195312,-10.183349609375,False,False
codecontests_java_365,z,-0.01875,0.03125,-0.05,-10.18353271484375,-9.684173583984375,False,False
apps_python_366,q,0.1522633744855967,0.12757201646090535,0.024691358024691357,-3.215240478515625,-3.311931610107422,False,False
apps_python_366,k,0.02880658436213992,0.04938271604938271,-0.0205761316872428,-3.6871070861816406,-3.6073455810546875,False,False
apps_python_366,v,0.13168724279835392,0.15637860082304528,-0.024691358024691357,-3.296100616455078,-3.2023239135742188,False,False
apps_python_366,z,0.024691358024691357,-0.04938271604938271,0.07407407407407407,-3.703134775161743,-3.981903076171875,False,False
codecontests_cpp_366,q,0.039603960396039604,0.04950495049504951,-0.009900990099009901,-6.062681198120117,-5.9990234375,False,False
codecontests_cpp_366,k,0.009900990099009901,0.04950495049504951,-0.039603960396039604,-6.2415771484375,-5.99560546875,False,False
codecontests_cpp_366,v,0.054455445544554455,-0.0049504950495049506,0.0594059405940594,-5.968263626098633,-6.343989372253418,False,False
codecontests_cpp_366,z,-0.1188118811881188,0.019801980198019802,-0.13861386138613863,-7.0602569580078125,-6.186500549316406,False,False
codecontests_java_366,q,0.07947019867549669,-0.039735099337748346,0.11920529801324503,-8.687546014785767,-9.812498144805431,False,False
codecontests_java_366,k,0.0,0.039735099337748346,-0.039735099337748346,-9.433319091796875,-9.060943603515625,False,False
codecontests_java_366,v,0.013245033112582781,-0.033112582781456956,0.046357615894039736,-9.312206268310547,-9.748580932617188,False,False
codecontests_java_366,z,0.17218543046357615,0.052980132450331126,0.11920529801324503,-7.809173583984375,-8.933258056640625,False,False
apps_python_367,q,0.14556962025316456,0.39556962025316456,-0.25,-4.217247009277344,-2.9632568359375,False,False
apps_python_367,k,0.0759493670886076,0.12025316455696203,-0.04430379746835443,-4.562417984008789,-4.3411407470703125,False,False
apps_python_367,v,0.0,0.16455696202531644,-0.16455696202531644,-4.9341278076171875,-4.117767333984375,False,False
apps_python_367,z,0.05063291139240506,0.0949367088607595,-0.04430379746835443,-4.685935974121094,-4.4672698974609375,False,False
codecontests_cpp_367,q,-0.15555555555555556,-0.06666666666666667,-0.08888888888888889,-4.86676025390625,-4.4981842041015625,False,False
codecontests_cpp_367,k,-0.11851851851851852,0.1037037037037037,-0.2222222222222222,-4.715484619140625,-3.7797164916992188,False,False
codecontests_cpp_367,v,-0.13333333333333333,-0.08148148148148149,-0.05185185185185185,-4.777618408203125,-4.5601654052734375,False,False
codecontests_cpp_367,z,-0.31851851851851853,-0.17777777777777778,-0.14074074074074075,-5.54949951171875,-4.960205078125,False,False
codecontests_java_367,q,0.06018518518518518,0.08333333333333333,-0.023148148148148147,-6.33966064453125,-6.17596435546875,False,False
codecontests_java_367,k,0.39814814814814814,0.18981481481481483,0.20833333333333334,-4.04248046875,-5.45660400390625,False,False
codecontests_java_367,v,0.24537037037037038,0.16203703703703703,0.08333333333333333,-5.09027099609375,-5.6512451171875,False,False
codecontests_java_367,z,0.39351851851851855,0.3148148148148148,0.0787037037037037,-4.0753173828125,-4.61077880859375,False,False
apps_python_368,q,0.19337016574585636,-0.03867403314917127,0.23204419889502761,-2.2720947265625,-2.9347076416015625,False,False
apps_python_368,k,0.0,-0.16022099447513813,0.16022099447513813,-2.8256072998046875,-3.27447509765625,False,False
apps_python_368,v,-0.12154696132596685,0.19889502762430938,-0.32044198895027626,-3.167144775390625,-2.246826171875,False,False
apps_python_368,z,0.0,-0.07734806629834254,0.07734806629834254,-2.8267822265625,-3.0454483032226562,False,False
codecontests_cpp_368,q,0.05454545454545454,0.23030303030303031,-0.17575757575757575,-4.87225341796875,-3.9591064453125,False,False
codecontests_cpp_368,k,0.23030303030303031,0.006060606060606061,0.22424242424242424,-3.95965576171875,-5.1214599609375,False,False
codecontests_cpp_368,v,0.05454545454545454,0.0,0.05454545454545454,-4.8717041015625,-5.155128479003906,False,False
codecontests_cpp_368,z,0.3151515151515151,0.23030303030303031,0.08484848484848485,-3.52215576171875,-3.95965576171875,False,False
codecontests_java_368,q,0.0053475935828877,0.0374331550802139,-0.03208556149732621,-11.624225616455078,-11.2489013671875,False,False
codecontests_java_368,k,-0.0213903743315508,0.0106951871657754,-0.03208556149732621,-11.934539794921875,-11.560737609863281,False,False
codecontests_java_368,v,0.06417112299465241,0.13903743315508021,-0.0748663101604278,-10.934738159179688,-10.06249624490738,False,False
codecontests_java_368,z,0.15508021390374332,0.0855614973262032,0.06951871657754011,-9.8726806640625,-10.685302734375,False,False
apps_python_369,q,0.18181818181818182,0.10101010101010101,0.08080808080808081,-5.0602569580078125,-5.562497153878212,False,False
apps_python_369,k,0.10101010101010101,0.2222222222222222,-0.12121212121212122,-5.562204360961914,-4.81072998046875,False,False
apps_python_369,v,0.16161616161616163,0.3181818181818182,-0.15656565656565657,-5.1846771240234375,-4.20947265625,False,False
apps_python_369,z,0.20202020202020202,0.16666666666666666,0.03535353535353535,-4.9350738525390625,-5.1529388427734375,False,False
codecontests_cpp_369,q,0.01282051282051282,-0.04487179487179487,0.057692307692307696,-4.812164306640625,-5.082275390625,False,False
codecontests_cpp_369,k,0.1794871794871795,0.07051282051282051,0.10897435897435898,-3.9961395263671875,-4.513427734375,False,False
codecontests_cpp_369,v,0.14102564102564102,0.019230769230769232,0.12179487179487179,-4.180999755859375,-4.7804412841796875,False,False
codecontests_cpp_369,z,0.0641025641025641,-0.057692307692307696,0.12179487179487179,-4.56146240234375,-5.154701232910156,False,False
codecontests_java_369,q,0.016,0.032,-0.016,-7.68231201171875,-7.5589599609375,False,False
codecontests_java_369,k,0.116,0.108,0.008,-6.903594970703125,-6.947265625,False,False
codecontests_java_369,v,-0.016,0.004,-0.02,-7.934539794921875,-7.779838562011719,False,False
codecontests_java_369,z,0.0,0.012,-0.012,-7.8118133544921875,-7.697021484375,False,False
apps_python_370,q,0.0,0.03827751196172249,-0.03827751196172249,-3.2656075954437256,-3.1404552459716797,False,False
apps_python_370,k,-0.12440191387559808,-0.06220095693779904,-0.06220095693779904,-3.66156005859375,-3.4675827026367188,False,False
apps_python_370,v,0.20574162679425836,0.27751196172248804,-0.07177033492822966,-2.5850830078125,-2.3421630859375,False,False
apps_python_370,z,-0.028708133971291867,-0.03349282296650718,0.004784688995215311,-3.358734130859375,-3.3754043579101562,False,False
codecontests_cpp_370,q,0.15862068965517243,-0.05517241379310345,0.21379310344827587,-3.808441162109375,-4.781062126159668,False,False
codecontests_cpp_370,k,0.28620689655172415,0.11724137931034483,0.16896551724137931,-3.2161865234375,-3.98492431640625,False,False
codecontests_cpp_370,v,0.21379310344827587,-0.1103448275862069,0.32413793103448274,-3.5341796875,-5.0062255859375,False,False
codecontests_cpp_370,z,0.3413793103448276,0.24482758620689654,0.09655172413793103,-2.95947265625,-3.411376953125,False,False
codecontests_java_370,q,-0.021621621621621623,0.021621621621621623,-0.043243243243243246,-11.812047958374023,-11.310691833496094,False,False
codecontests_java_370,k,0.043243243243243246,0.14594594594594595,-0.10270270270270271,-11.060104370117188,-9.872970581054688,False,False
codecontests_java_370,v,0.04864864864864865,0.05945945945945946,-0.010810810810810811,-10.997467041015625,-10.873085021972656,False,False
codecontests_java_370,z,0.11351351351351352,0.07027027027027027,0.043243243243243246,-10.248558044433594,-10.748153686523438,False,False
mbpp_python_370,q,-0.248,0.056,-0.304,-2.4285888671875,-1.8432655334472656,False,False
mbpp_python_370,k,-0.048,0.096,-0.144,-2.0458984375,-1.7640609741210938,False,False
mbpp_python_370,v,0.196,0.148,0.048,-1.5625,-1.6595458984375,False,False
mbpp_python_370,z,0.048,-0.008,0.056,-1.8585586547851562,-1.966461181640625,False,False
apps_python_371,q,-0.1,-0.24545454545454545,0.14545454545454545,-3.7800140380859375,-4.273468017578125,False,False
apps_python_371,k,-0.23636363636363636,-0.05909090909090909,-0.17727272727272728,-4.243072509765625,-3.6361083984375,False,False
apps_python_371,v,-0.2818181818181818,-0.2,-0.08181818181818182,-4.397216796875,-4.118804931640625,False,False
apps_python_371,z,-0.3090909090909091,-0.16363636363636364,-0.14545454545454545,-4.48858642578125,-3.9859619140625,False,False
codecontests_cpp_371,q,-0.1073170731707317,0.08292682926829269,-0.1902439024390244,-3.5433197021484375,-2.931610107421875,False,False
codecontests_cpp_371,k,0.16097560975609757,-0.004878048780487805,0.16585365853658537,-2.67987060546875,-3.2160186767578125,False,False
codecontests_cpp_371,v,0.1024390243902439,0.17560975609756097,-0.07317073170731707,-2.87127685546875,-2.63507080078125,False,False
codecontests_cpp_371,z,0.2048780487804878,0.004878048780487805,0.2,-2.5362548828125,-3.184356689453125,False,False
codecontests_java_371,q,-0.15508021390374332,-0.29411764705882354,0.13903743315508021,-6.7467193603515625,-7.55743408203125,False,False
codecontests_java_371,k,-0.0374331550802139,-0.20855614973262032,0.1711229946524064,-6.061439514160156,-7.05914306640625,False,False
codecontests_java_371,v,-0.1497326203208556,-0.12834224598930483,-0.0213903743315508,-6.71270751953125,-6.5850830078125,False,False
codecontests_java_371,z,-0.0374331550802139,-0.06951871657754011,0.03208556149732621,-6.063575744628906,-6.246612548828125,False,False
apps_python_372,q,-0.271356783919598,-0.04522613065326633,-0.22613065326633167,-3.9398193359375,-3.2482681274414062,False,False
apps_python_372,k,-0.271356783919598,0.11557788944723618,-0.3869346733668342,-3.9398193359375,-2.745635986328125,False,False
apps_python_372,v,0.18592964824120603,0.22613065326633167,-0.04020100502512563,-2.52154541015625,-2.39208984375,False,False
apps_python_372,z,-0.07035175879396985,0.08040201005025126,-0.1507537688442211,-3.32025146484375,-2.8565521240234375,False,False
codecontests_cpp_372,q,0.0041841004184100415,0.03347280334728033,-0.029288702928870293,-3.719064712524414,-3.609100341796875,False,False
codecontests_cpp_372,k,0.03347280334728033,-0.03347280334728033,0.06694560669456066,-3.6079864501953125,-3.853240966796875,False,False
codecontests_cpp_372,v,0.19246861924686193,0.13807531380753138,0.05439330543933055,-3.0074462890625,-3.210968017578125,False,False
codecontests_cpp_372,z,0.11297071129707113,0.012552301255230125,0.100418410041841,-3.31085205078125,-3.6858291625976562,False,False
codecontests_java_372,q,0.054945054945054944,0.0,0.054945054945054944,-10.748764038085938,-11.374857902526855,False,False
codecontests_java_372,k,0.08241758241758242,0.0989010989010989,-0.016483516483516484,-10.432891845703125,-10.246307373046875,False,False
codecontests_java_372,v,0.04945054945054945,0.054945054945054944,-0.005494505494505495,-10.80938720703125,-10.748161315917969,False,False
codecontests_java_372,z,0.08791208791208792,0.1043956043956044,-0.016483516483516484,-10.369171142578125,-10.185409545898438,False,False
apps_python_373,q,-0.061068702290076333,-0.1450381679389313,0.08396946564885496,-4.342864990234375,-4.6844482421875,False,False
apps_python_373,k,-0.1450381679389313,-0.12213740458015267,-0.022900763358778626,-4.68487548828125,-4.591033935546875,False,False
apps_python_373,v,-0.21374045801526717,-0.183206106870229,-0.030534351145038167,-4.963470458984375,-4.8369140625,False,False
apps_python_373,z,-0.05343511450381679,0.08778625954198473,-0.14122137404580154,-4.3109893798828125,-3.7320709228515625,False,False
codecontests_cpp_373,q,0.11627906976744186,-0.16279069767441862,0.27906976744186046,-3.5599212646484375,-4.681793212890625,False,False
codecontests_cpp_373,k,0.12015503875968993,-0.023255813953488372,0.1434108527131783,-3.542022705078125,-4.125568389892578,False,False
codecontests_cpp_373,v,-0.06201550387596899,0.0,-0.06201550387596899,-4.281393051147461,-4.027862548828125,False,False
codecontests_cpp_373,z,-0.031007751937984496,-0.05426356589147287,0.023255813953488372,-4.156711578369141,-4.246795654296875,False,False
codecontests_java_373,q,-0.11934156378600823,-0.0411522633744856,-0.07818930041152264,-8.497955322265625,-7.904624938964844,False,False
codecontests_java_373,k,-0.0411522633744856,0.18930041152263374,-0.23045267489711935,-7.9044647216796875,-6.1539306640625,False,False
codecontests_java_373,v,-0.08641975308641975,-0.06995884773662552,-0.01646090534979424,-8.248237609863281,-8.123878479003906,False,False
codecontests_java_373,z,0.0,0.04938271604938271,-0.04938271604938271,-7.591644287109375,-7.218768358230591,False,False
apps_python_374,q,-0.10526315789473684,-0.13157894736842105,0.02631578947368421,-5.248504638671875,-5.37420654296875,False,False
apps_python_374,k,0.07236842105263158,0.24671052631578946,-0.17434210526315788,-4.399658203125,-3.571441650390625,False,False
apps_python_374,v,0.125,0.16447368421052633,-0.039473684210526314,-4.1336669921875,-3.953125,False,False
apps_python_374,z,0.2894736842105263,0.1611842105263158,0.12828947368421054,-3.3671875,-3.9796142578125,False,False
codecontests_cpp_374,q,-0.1278538812785388,-0.1643835616438356,0.0365296803652968,-3.85626220703125,-3.98162841796875,False,False
codecontests_cpp_374,k,0.0547945205479452,0.0273972602739726,0.0273972602739726,-3.22906494140625,-3.3249969482421875,False,False
codecontests_cpp_374,v,-0.1004566210045662,-0.1004566210045662,0.0,-3.7644119262695312,-3.7620391845703125,False,False
codecontests_cpp_374,z,-0.0684931506849315,-0.1963470319634703,0.1278538812785388,-3.6548614501953125,-4.0903778076171875,False,False
codecontests_java_374,q,0.0,0.04296875,-0.04296875,-7.9981231689453125,-7.654441833496094,False,False
codecontests_java_374,k,-0.171875,-0.046875,-0.125,-9.368988037109375,-8.373924255371094,False,False
codecontests_java_374,v,-0.0546875,0.11328125,-0.16796875,-8.435760498046875,-7.0907440185546875,False,False
codecontests_java_374,z,0.0078125,0.0234375,-0.015625,-7.932861328125,-7.80328369140625,False,False
apps_python_375,q,0.0,0.06363636363636363,-0.06363636363636363,-3.4363784790039062,-3.216827392578125,False,False
apps_python_375,k,0.06363636363636363,0.08636363636363636,-0.022727272727272728,-3.217742919921875,-3.1368560791015625,False,False
apps_python_375,v,-0.04090909090909091,0.21818181818181817,-0.2590909090909091,-3.575103759765625,-2.67950439453125,False,False
apps_python_375,z,0.09090909090909091,0.09545454545454546,-0.004545454545454545,-3.121856689453125,-3.1092491149902344,False,False
codecontests_cpp_375,q,0.1746031746031746,0.20238095238095238,-0.027777777777777776,-3.24462890625,-3.12860107421875,False,False
codecontests_cpp_375,k,0.23015873015873015,0.031746031746031744,0.1984126984126984,-3.02301025390625,-3.81195068359375,False,False
codecontests_cpp_375,v,0.05555555555555555,0.16666666666666666,-0.1111111111111111,-3.7159576416015625,-3.27691650390625,False,False
codecontests_cpp_375,z,0.031746031746031744,0.1349206349206349,-0.10317460317460317,-3.810455322265625,-3.4032135009765625,False,False
codecontests_java_375,q,0.04375,0.10625,-0.0625,-9.562881469726562,-8.92327880859375,False,False
codecontests_java_375,k,0.2,0.209375,-0.009375,-7.999706268310547,-7.9066162109375,False,False
codecontests_java_375,v,0.278125,0.371875,-0.09375,-7.2164306640625,-6.278350830078125,False,False
codecontests_java_375,z,0.05625,0.15625,-0.1,-9.421142578125,-8.436225891113281,False,False
apps_python_376,q,0.19407894736842105,-0.03289473684210526,0.22697368421052633,-3.818359375,-4.9032440185546875,False,False
apps_python_376,k,0.02631578947368421,0.07236842105263158,-0.046052631578947366,-4.624385833740234,-4.401397705078125,False,False
apps_python_376,v,-0.13157894736842105,-0.1513157894736842,0.019736842105263157,-5.373130798339844,-5.465362548828125,False,False
apps_python_376,z,0.039473684210526314,0.06578947368421052,-0.02631578947368421,-4.5588226318359375,-4.4351348876953125,False,False
codecontests_java_376,q,-0.022857142857142857,-0.06285714285714286,0.04,-5.593177795410156,-5.8077392578125,False,False
codecontests_java_376,k,0.17142857142857143,0.06285714285714286,0.10857142857142857,-4.5269775390625,-5.1226348876953125,False,False
codecontests_java_376,v,0.05142857142857143,0.06857142857142857,-0.017142857142857144,-5.17791748046875,-5.0892333984375,False,False
codecontests_java_376,z,-0.3142857142857143,0.022857142857142857,-0.33714285714285713,-7.1795654296875,-5.341033935546875,False,False
apps_python_377,q,0.036458333333333336,0.005208333333333333,0.03125,-2.887969970703125,-2.981781005859375,False,False
apps_python_377,k,-0.23958333333333334,-0.25,0.010416666666666666,-3.712615966796875,-3.744537353515625,False,False
apps_python_377,v,0.052083333333333336,-0.026041666666666668,0.078125,-2.8413543701171875,-3.0748291015625,False,False
apps_python_377,z,-0.0625,-0.09375,0.03125,-3.1849517822265625,-3.2781524658203125,False,False
apps_python_378,q,0.060085836909871244,0.09012875536480687,-0.030042918454935622,-3.4232864379882812,-3.3118324279785156,False,False
apps_python_378,k,0.3133047210300429,0.33905579399141633,-0.02575107296137339,-2.4813232421875,-2.3858642578125,False,False
apps_python_378,v,0.11587982832618025,0.19742489270386265,-0.0815450643776824,-3.21478271484375,-2.914947509765625,False,False
apps_python_378,z,0.2017167381974249,0.09012875536480687,0.11158798283261803,-2.900726318359375,-3.309844970703125,False,False
codecontests_cpp_378,q,0.04666666666666667,-0.09333333333333334,0.14,-2.2338600158691406,-2.5597381591796875,False,False
codecontests_cpp_378,k,0.006666666666666667,-0.03333333333333333,0.04,-2.3280789852142334,-2.4193267822265625,False,False
codecontests_cpp_378,v,-0.08666666666666667,0.0,-0.08666666666666667,-2.5459022521972656,-2.343625068664551,False,False
codecontests_cpp_378,z,0.0,0.09333333333333334,-0.09333333333333334,-2.343904495239258,-2.122039794921875,False,False
codecontests_java_378,q,-0.05581395348837209,-0.06046511627906977,0.004651162790697674,-7.087982177734375,-7.117431640625,False,False
codecontests_java_378,k,-0.12558139534883722,-0.20930232558139536,0.08372093023255814,-7.554962158203125,-8.121978759765625,False,False
codecontests_java_378,v,0.11162790697674418,0.19534883720930232,-0.08372093023255814,-5.946533203125,-5.39190673828125,False,False
codecontests_java_378,z,0.06046511627906977,-0.09302325581395349,0.15348837209302327,-6.306976318359375,-7.342262268066406,False,False
apps_python_379,q,0.1700404858299595,0.1214574898785425,0.048582995951417005,-3.20001220703125,-3.3892059326171875,False,False
apps_python_379,k,0.242914979757085,0.21862348178137653,0.024291497975708502,-2.917327880859375,-3.01300048828125,False,False
apps_python_379,v,0.26720647773279355,0.242914979757085,0.024291497975708502,-2.8236083984375,-2.9180450439453125,False,False
apps_python_379,z,0.21862348178137653,0.145748987854251,0.0728744939271255,-3.011749267578125,-3.2954177856445312,False,False
codecontests_cpp_379,q,0.10897435897435898,0.04487179487179487,0.0641025641025641,-4.33807373046875,-4.655189514160156,False,False
codecontests_cpp_379,k,0.07051282051282051,0.09615384615384616,-0.02564102564102564,-4.530372619628906,-4.406620025634766,False,False
codecontests_cpp_379,v,-0.07692307692307693,-0.1282051282051282,0.05128205128205128,-5.248680114746094,-5.4979095458984375,False,False
codecontests_cpp_379,z,-0.07051282051282051,-0.07051282051282051,0.0,-5.218921661376953,-5.219011306762695,False,False
codecontests_java_379,q,-0.08955223880597014,-0.13930348258706468,0.04975124378109453,-6.835205078125,-7.15203857421875,False,False
codecontests_java_379,k,-0.14925373134328357,-0.17412935323383086,0.024875621890547265,-7.2003173828125,-7.344482421875,False,False
codecontests_java_379,v,-0.36318407960199006,-0.23383084577114427,-0.12935323383084577,-8.5455322265625,-7.74444580078125,False,False
codecontests_java_379,z,-0.09950248756218906,0.12437810945273632,-0.22388059701492538,-6.904563903808594,-5.498771667480469,False,False
apps_python_380,q,0.0410958904109589,0.0958904109589041,-0.0547945205479452,-4.3687744140625,-4.1104736328125,False,False
apps_python_380,k,0.3493150684931507,0.2465753424657534,0.10273972602739725,-2.91064453125,-3.4013671875,False,False
apps_python_380,v,0.3732876712328767,0.4006849315068493,-0.0273972602739726,-2.798095703125,-2.6689453125,False,False
apps_python_380,z,0.0684931506849315,0.02054794520547945,0.04794520547945205,-4.23046875,-4.44970703125,False,False
codecontests_cpp_380,q,-0.06521739130434782,-0.10869565217391304,0.043478260869565216,-6.123626708984375,-6.3715362548828125,False,False
codecontests_cpp_380,k,0.15217391304347827,0.1956521739130435,-0.043478260869565216,-4.8719024658203125,-4.6211700439453125,False,False
codecontests_cpp_380,v,0.10869565217391304,-0.016304347826086956,0.125,-5.12347412109375,-5.843334197998047,False,False
codecontests_cpp_380,z,0.10869565217391304,-0.08152173913043478,0.19021739130434784,-5.1234283447265625,-6.217231750488281,False,False
codecontests_java_380,q,-0.07017543859649122,-0.05701754385964912,-0.013157894736842105,-15.250244140625,-15.062487840652466,False,False
codecontests_java_380,k,0.08771929824561403,0.008771929824561403,0.07894736842105263,-12.998001098632812,-14.12347412109375,False,False
codecontests_java_380,v,0.008771929824561403,0.008771929824561403,0.0,-14.124137878417969,-14.123672485351562,False,False
codecontests_java_380,z,-0.02631578947368421,-0.07894736842105263,0.05263157894736842,-14.624547958374023,-15.36676025390625,False,False
mbpp_python_380,q,-0.09027777777777778,-0.1388888888888889,0.04861111111111111,-4.905818939208984,-5.124370574951172,False,False
mbpp_python_380,k,0.125,0.11805555555555555,0.006944444444444444,-3.93536376953125,-3.967815399169922,False,False
mbpp_python_380,v,0.19791666666666666,0.1736111111111111,0.024305555555555556,-3.60467529296875,-3.714599609375,False,False
mbpp_python_380,z,-0.04861111111111111,0.020833333333333332,-0.06944444444444445,-4.7184600830078125,-4.406085014343262,False,False
apps_python_381,q,0.07746478873239436,0.0,0.07746478873239436,-4.093282699584961,-4.437295913696289,False,False
apps_python_381,k,0.04225352112676056,0.028169014084507043,0.014084507042253521,-4.247406005859375,-4.3119354248046875,False,False
apps_python_381,v,0.04225352112676056,-0.035211267605633804,0.07746478873239436,-4.2473907470703125,-4.5908050537109375,False,False
apps_python_381,z,-0.028169014084507043,-0.028169014084507043,0.0,-4.562509775161743,-4.562166213989258,False,False
codecontests_java_381,q,0.17857142857142858,0.047619047619047616,0.13095238095238096,-3.22467041015625,-3.7480850219726562,False,False
codecontests_java_381,k,0.14682539682539683,0.11904761904761904,0.027777777777777776,-3.35260009765625,-3.4654693603515625,False,False
codecontests_java_381,v,0.07142857142857142,0.07142857142857142,0.0,-3.64691162109375,-3.64697265625,False,False
codecontests_java_381,z,-0.07142857142857142,0.03968253968253968,-0.1111111111111111,-4.21429443359375,-3.7789306640625,False,False
apps_python_382,q,0.19158878504672897,0.06542056074766354,0.1261682242990654,-2.697021484375,-3.1232147216796875,False,False
apps_python_382,k,0.19158878504672897,0.0,0.19158878504672897,-2.69671630859375,-3.343364715576172,False,False
apps_python_382,v,0.22429906542056074,0.09345794392523364,0.1308411214953271,-2.5849609375,-3.0279998779296875,False,False
apps_python_382,z,0.19158878504672897,0.028037383177570093,0.16355140186915887,-2.696746826171875,-3.248809814453125,False,False
codecontests_java_382,q,-0.11976047904191617,-0.005988023952095809,-0.11377245508982035,-11.684783935546875,-10.497344970703125,False,False
codecontests_java_382,k,0.17964071856287425,0.1377245508982036,0.041916167664670656,-8.561286926269531,-8.995330810546875,False,False
codecontests_java_382,v,0.1437125748502994,0.19760479041916168,-0.05389221556886228,-8.932586669921875,-8.3619384765625,False,False
codecontests_java_382,z,0.10179640718562874,0.1497005988023952,-0.04790419161676647,-9.3685302734375,-8.8653564453125,False,False
apps_python_383,q,-0.12371134020618557,-0.31443298969072164,0.19072164948453607,-3.400848388671875,-3.9654541015625,False,False
apps_python_383,k,-0.30412371134020616,-0.15979381443298968,-0.14432989690721648,-3.939697265625,-3.509796142578125,False,False
apps_python_383,v,0.14948453608247422,-0.23711340206185566,0.3865979381443299,-2.57281494140625,-3.73895263671875,False,False
apps_python_383,z,-0.07731958762886598,0.0,-0.07731958762886598,-3.263458251953125,-3.0313100814819336,False,False
codecontests_cpp_383,q,0.05063291139240506,0.12658227848101267,-0.0759493670886076,-4.683197021484375,-4.30572509765625,False,False
codecontests_cpp_383,k,0.11392405063291139,0.06329113924050633,0.05063291139240506,-4.373298645019531,-4.6225738525390625,False,False
codecontests_cpp_383,v,0.25316455696202533,0.31645569620253167,-0.06329113924050633,-3.681854248046875,-3.36181640625,False,False
codecontests_cpp_383,z,-0.08860759493670886,0.0,-0.08860759493670886,-5.373130798339844,-4.936962127685547,False,False
codecontests_java_383,q,-0.15503875968992248,-0.10852713178294573,-0.046511627906976744,-9.2841796875,-8.932403564453125,False,False
codecontests_java_383,k,0.03875968992248062,0.06976744186046512,-0.031007751937984496,-7.706298828125,-7.490478515625,False,False
codecontests_java_383,v,-0.07751937984496124,0.050387596899224806,-0.12790697674418605,-8.6649169921875,-7.649810791015625,False,False
codecontests_java_383,z,0.0,-0.12403100775193798,0.12403100775193798,-8.020751953125,-9.052490234375,False,False
apps_python_384,q,-0.05063291139240506,0.08438818565400844,-0.1350210970464135,-3.8895034790039062,-3.3906043767929077,False,False
apps_python_384,k,0.1940928270042194,0.270042194092827,-0.0759493670886076,-2.980926513671875,-2.6999969482421875,False,False
apps_python_384,v,-0.02531645569620253,0.1940928270042194,-0.21940928270042195,-3.79443359375,-2.980377197265625,False,False
apps_python_384,z,-0.12236286919831224,-0.03375527426160337,-0.08860759493670886,-4.155181884765625,-3.8273277282714844,False,False
codecontests_cpp_384,q,0.004629629629629629,0.08333333333333333,-0.0787037037037037,-6.718454360961914,-6.185821533203125,False,False
codecontests_cpp_384,k,0.06944444444444445,-0.037037037037037035,0.10648148148148148,-6.2775726318359375,-7.001777648925781,False,False
codecontests_cpp_384,v,0.1388888888888889,0.18518518518518517,-0.046296296296296294,-5.8038330078125,-5.49957275390625,False,False
codecontests_cpp_384,z,0.013888888888888888,0.013888888888888888,0.0,-6.655893325805664,-6.653717041015625,False,False
codecontests_java_384,q,0.1623931623931624,0.19658119658119658,-0.03418803418803419,-3.056365966796875,-2.92529296875,False,False
codecontests_java_384,k,0.2863247863247863,0.3547008547008547,-0.06837606837606838,-2.586669921875,-2.322265625,False,False
codecontests_java_384,v,0.38461538461538464,0.41452991452991456,-0.029914529914529916,-2.203125,-2.0849609375,False,False
codecontests_java_384,z,0.13247863247863248,0.32051282051282054,-0.18803418803418803,-3.1668701171875,-2.4552001953125,False,False
apps_python_385,q,-0.03404255319148936,-0.14042553191489363,0.10638297872340426,-3.7963829040527344,-4.17779541015625,False,False
apps_python_385,k,-0.09787234042553192,-0.059574468085106386,-0.03829787234042553,-4.0296173095703125,-3.889995574951172,False,False
apps_python_385,v,-0.14893617021276595,-0.10638297872340426,-0.0425531914893617,-4.2010498046875,-4.053466796875,False,False
apps_python_385,z,-0.13191489361702127,0.19148936170212766,-0.32340425531914896,-4.1507568359375,-2.961669921875,False,False
codecontests_java_385,q,-0.12626262626262627,-0.15656565656565657,0.030303030303030304,-6.9665679931640625,-7.153778076171875,False,False
codecontests_java_385,k,-0.08585858585858586,-0.06565656565656566,-0.020202020202020204,-6.714508056640625,-6.5906524658203125,False,False
codecontests_java_385,v,-0.11616161616161616,0.030303030303030304,-0.14646464646464646,-6.8970947265625,-5.996551513671875,False,False
codecontests_java_385,z,0.05555555555555555,-0.04040404040404041,0.09595959595959595,-5.8282470703125,-6.42926025390625,False,False
apps_python_386,q,-0.10638297872340426,0.047872340425531915,-0.15425531914893617,-3.2483367919921875,-2.793060302734375,False,False
apps_python_386,k,-0.16489361702127658,0.18085106382978725,-0.34574468085106386,-3.4127197265625,-2.3988037109375,False,False
apps_python_386,v,-0.2393617021276596,0.10638297872340426,-0.34574468085106386,-3.6282958984375,-2.621490478515625,False,False
apps_python_386,z,-0.07446808510638298,-0.02127659574468085,-0.05319148936170213,-3.1531219482421875,-2.98699951171875,False,False
codecontests_cpp_386,q,0.11333333333333333,0.14,-0.02666666666666667,-4.1537628173828125,-4.0279693603515625,False,False
codecontests_cpp_386,k,0.0,-0.013333333333333334,0.013333333333333334,-4.687552213668823,-4.747711181640625,False,False
codecontests_cpp_386,v,-0.14,-0.013333333333333334,-0.12666666666666668,-5.33953857421875,-4.749237060546875,False,False
codecontests_cpp_386,z,0.07333333333333333,0.02,0.05333333333333334,-4.343166351318359,-4.59365701675415,False,False
codecontests_java_386,q,-0.06338028169014084,-0.06338028169014084,0.0,-9.432769775390625,-9.438667297363281,False,False
codecontests_java_386,k,0.0,-0.04225352112676056,0.04225352112676056,-8.873283386230469,-9.24935531616211,False,False
codecontests_java_386,v,0.15845070422535212,0.07042253521126761,0.0880281690140845,-7.45965576171875,-8.248931884765625,False,False
codecontests_java_386,z,0.08450704225352113,0.09859154929577464,-0.014084507042253521,-8.122634887695312,-7.9965667724609375,False,False
apps_python_387,q,-0.11646586345381527,-0.03614457831325301,-0.08032128514056225,-4.3425140380859375,-4.0306243896484375,False,False
apps_python_387,k,-0.028112449799196786,-0.14859437751004015,0.12048192771084337,-3.9994888305664062,-4.4656829833984375,False,False
apps_python_387,v,0.05220883534136546,-0.11646586345381527,0.1686746987951807,-3.6861801147460938,-4.342109680175781,False,False
apps_python_387,z,0.20080321285140562,0.05622489959839357,0.14457831325301204,-3.104248046875,-3.6704254150390625,False,False
codecontests_java_387,q,0.0,0.1171875,-0.1171875,-3.9978179931640625,-3.5280609130859375,False,False
codecontests_java_387,k,-0.1015625,-0.1484375,0.046875,-4.4030609130859375,-4.5910491943359375,False,False
codecontests_java_387,v,0.140625,0.1171875,0.0234375,-3.432220458984375,-3.52801513671875,False,False
codecontests_java_387,z,-0.328125,-0.1015625,-0.2265625,-5.30352783203125,-4.4043426513671875,False,False
apps_python_388,q,-0.25,-0.25,0.0,-4.680572509765625,-4.680023193359375,False,False
apps_python_388,k,-0.09166666666666666,-0.09166666666666666,0.0,-4.088714599609375,-4.0917816162109375,False,False
apps_python_388,v,-0.19166666666666668,-0.058333333333333334,-0.13333333333333333,-4.46343994140625,-3.9672698974609375,False,False
apps_python_388,z,-0.38333333333333336,-0.38333333333333336,0.0,-5.1727294921875,-5.1734619140625,False,False
codecontests_java_388,q,-0.20567375886524822,-0.14184397163120568,-0.06382978723404255,-5.306793212890625,-5.0275726318359375,False,False
codecontests_java_388,k,-0.05673758865248227,-0.0851063829787234,0.028368794326241134,-4.655113220214844,-4.779266357421875,False,False
codecontests_java_388,v,0.1276595744680851,-0.03546099290780142,0.16312056737588654,-3.840301513671875,-4.561073303222656,False,False
codecontests_java_388,z,-0.1702127659574468,-0.0851063829787234,-0.0851063829787234,-5.15240478515625,-4.7794189453125,False,False
apps_python_389,q,0.32669322709163345,0.2749003984063745,0.05179282868525897,-2.624267578125,-2.83648681640625,False,False
apps_python_389,k,0.3346613545816733,0.28286852589641437,0.05179282868525897,-2.586181640625,-2.7939453125,False,False
apps_python_389,v,0.17131474103585656,0.19123505976095617,-0.0199203187250996,-3.242950439453125,-3.167236328125,False,False
apps_python_389,z,0.27091633466135456,0.099601593625498,0.17131474103585656,-2.84771728515625,-3.5220947265625,False,False
codecontests_cpp_389,q,0.18543046357615894,0.026490066225165563,0.15894039735099338,-3.837890625,-4.592048645019531,False,False
codecontests_cpp_389,k,0.059602649006622516,0.11920529801324503,-0.059602649006622516,-4.4354248046875,-4.1495361328125,False,False
codecontests_cpp_389,v,0.22185430463576158,0.24172185430463577,-0.019867549668874173,-3.65576171875,-3.56610107421875,False,False
codecontests_cpp_389,z,0.09271523178807947,0.0728476821192053,0.019867549668874173,-4.275238037109375,-4.3724517822265625,False,False
codecontests_java_389,q,-0.05555555555555555,-0.13194444444444445,0.0763888888888889,-4.749454498291016,-5.0905914306640625,False,False
codecontests_java_389,k,0.05555555555555555,0.0763888888888889,-0.020833333333333332,-4.245849609375,-4.155067443847656,False,False
codecontests_java_389,v,-0.06944444444444445,-0.020833333333333332,-0.04861111111111111,-4.809417724609375,-4.591064453125,False,False
codecontests_java_389,z,0.04861111111111111,-0.034722222222222224,0.08333333333333333,-4.281038284301758,-4.652740478515625,False,False
apps_python_390,q,-0.12149532710280374,0.04672897196261682,-0.16822429906542055,-3.747528076171875,-3.18109130859375,False,False
apps_python_390,k,-0.09345794392523364,-0.2897196261682243,0.19626168224299065,-3.6543121337890625,-4.30438232421875,False,False
apps_python_390,v,-0.21495327102803738,-0.19626168224299065,-0.018691588785046728,-4.057037353515625,-3.9908447265625,False,False
apps_python_390,z,-0.16822429906542055,-0.04672897196261682,-0.12149532710280374,-3.899383544921875,-3.49407958984375,False,False
codecontests_cpp_390,q,0.044585987261146494,-0.2229299363057325,0.267515923566879,-2.342559814453125,-2.99053955078125,False,False
codecontests_cpp_390,k,0.17197452229299362,0.0,0.17197452229299362,-2.01959228515625,-2.4511260986328125,False,False
codecontests_cpp_390,v,0.006369426751592357,-0.17197452229299362,0.17834394904458598,-2.43414306640625,-2.869415283203125,False,False
codecontests_cpp_390,z,0.17197452229299362,0.044585987261146494,0.12738853503184713,-2.0218505859375,-2.342071533203125,False,False
codecontests_java_390,q,0.0472972972972973,0.12837837837837837,-0.08108108108108109,-4.4033966064453125,-4.024658203125,False,False
codecontests_java_390,k,-0.013513513513513514,-0.006756756756756757,-0.006756756756756757,-4.676513671875,-4.6542510986328125,False,False
codecontests_java_390,v,-0.0945945945945946,-0.20270270270270271,0.10810810810810811,-5.05364990234375,-5.551513671875,False,False
codecontests_java_390,z,-0.12162162162162163,0.15202702702702703,-0.27364864864864863,-5.17816162109375,-3.916839599609375,False,False
apps_python_391,q,-0.020491803278688523,0.040983606557377046,-0.06147540983606557,-3.8892745971679688,-3.65045166015625,False,False
apps_python_391,k,0.036885245901639344,0.0,0.036885245901639344,-3.6651611328125,-3.8110809326171875,False,False
apps_python_391,v,0.22540983606557377,0.1885245901639344,0.036885245901639344,-2.94097900390625,-3.08587646484375,False,False
apps_python_391,z,-0.028688524590163935,0.036885245901639344,-0.06557377049180328,-3.9202041625976562,-3.669769287109375,False,False
codecontests_cpp_391,q,-0.7176470588235294,-0.09803921568627451,-0.6196078431372549,-3.361083984375,-2.184661865234375,False,False
codecontests_cpp_391,k,-0.12156862745098039,-0.1607843137254902,0.0392156862745098,-2.2293701171875,-2.307708740234375,False,False
codecontests_cpp_391,v,-0.4980392156862745,-0.3411764705882353,-0.1568627450980392,-2.9453125,-2.649658203125,False,False
codecontests_cpp_391,z,-0.2235294117647059,-0.4980392156862745,0.27450980392156865,-2.42633056640625,-2.950927734375,False,False
codecontests_java_391,q,0.1569767441860465,0.12209302325581395,0.03488372093023256,-9.0465087890625,-9.4180908203125,False,False
codecontests_java_391,k,0.33430232558139533,0.375,-0.040697674418604654,-7.14263916015625,-6.712982177734375,False,False
codecontests_java_391,v,0.21511627906976744,0.040697674418604654,0.1744186046511628,-8.42193603515625,-10.30584716796875,False,False
codecontests_java_391,z,0.1569767441860465,0.13953488372093023,0.01744186046511628,-9.0328369140625,-9.214111328125,False,False
apps_python_392,q,-0.09929078014184398,-0.18439716312056736,0.0851063829787234,-4.842750549316406,-5.217681884765625,False,False
apps_python_392,k,-0.028368794326241134,0.06382978723404255,-0.09219858156028368,-4.523834228515625,-4.120880126953125,False,False
apps_python_392,v,-0.028368794326241134,0.014184397163120567,-0.0425531914893617,-4.531414985656738,-4.34161376953125,False,False
apps_python_392,z,0.0425531914893617,-0.0851063829787234,0.1276595744680851,-4.211334228515625,-4.76593017578125,False,False
codecontests_java_392,q,0.0625,0.041666666666666664,0.020833333333333332,-5.625823974609375,-5.749195098876953,False,False
codecontests_java_392,k,0.140625,0.125,0.015625,-5.1539459228515625,-5.251434326171875,False,False
codecontests_java_392,v,-0.25,-0.140625,-0.109375,-7.49444580078125,-6.842784881591797,False,False
codecontests_java_392,z,-0.020833333333333332,0.13541666666666666,-0.15625,-6.1239013671875,-5.1724853515625,False,False
apps_python_393,q,0.05421686746987952,-0.04216867469879518,0.0963855421686747,-4.901214599609375,-5.404449462890625,False,False
apps_python_393,k,-0.060240963855421686,-0.04216867469879518,-0.018072289156626505,-5.49456787109375,-5.4043731689453125,False,False
apps_python_393,v,0.0,-0.25903614457831325,0.25903614457831325,-5.186546325683594,-6.5255126953125,False,False
apps_python_393,z,-0.13855421686746988,-0.018072289156626505,-0.12048192771084337,-5.904510498046875,-5.280601501464844,False,False
codecontests_cpp_393,q,0.07894736842105263,0.10526315789473684,-0.02631578947368421,-3.2802734375,-3.1863250732421875,False,False
codecontests_cpp_393,k,0.18421052631578946,0.21052631578947367,-0.02631578947368421,-2.903656005859375,-2.8079833984375,False,False
codecontests_cpp_393,v,0.13157894736842105,0.13157894736842105,0.0,-3.0920257568359375,-3.0919723510742188,False,False
codecontests_cpp_393,z,0.05263157894736842,0.02631578947368421,0.02631578947368421,-3.37249755859375,-3.4664764404296875,False,False
codecontests_java_393,q,0.28,0.12,0.16,-4.4915771484375,-5.4961700439453125,False,False
codecontests_java_393,k,0.08,0.185,-0.105,-5.7472381591796875,-5.0858154296875,False,False
codecontests_java_393,v,-0.02,0.08,-0.1,-6.371551513671875,-5.747161865234375,False,False
codecontests_java_393,z,0.105,0.085,0.02,-5.58636474609375,-5.712860107421875,False,False
apps_python_394,q,0.03608247422680412,0.041237113402061855,-0.005154639175257732,-2.9199981689453125,-2.9041900634765625,False,False
apps_python_394,k,-0.23195876288659795,-0.27319587628865977,0.041237113402061855,-3.72491455078125,-3.84454345703125,False,False
apps_python_394,v,-0.23711340206185566,-0.27319587628865977,0.03608247422680412,-3.73895263671875,-3.845458984375,False,False
apps_python_394,z,0.07731958762886598,0.0,0.07731958762886598,-2.79412841796875,-3.0301132202148438,False,False
codecontests_java_394,q,0.13953488372093023,0.14883720930232558,-0.009302325581395349,-5.781898498535156,-5.71636962890625,False,False
codecontests_java_394,k,0.20930232558139536,0.1813953488372093,0.027906976744186046,-5.311248779296875,-5.47021484375,False,False
codecontests_java_394,v,0.0,0.12093023255813953,-0.12093023255813953,-6.718599319458008,-5.88916015625,False,False
codecontests_java_394,z,0.023255813953488372,0.04186046511627907,-0.018604651162790697,-6.5605316162109375,-6.4382476806640625,False,False
apps_python_395,q,-0.027777777777777776,-0.14583333333333334,0.11805555555555555,-4.623847961425781,-5.15228271484375,False,False
apps_python_395,k,-0.14583333333333334,-0.2638888888888889,0.11805555555555555,-5.15228271484375,-5.6624755859375,False,False
apps_python_395,v,0.1527777777777778,-0.027777777777777776,0.18055555555555555,-3.8101654052734375,-4.6218719482421875,False,False
apps_python_395,z,-0.09722222222222222,-0.125,0.027777777777777776,-4.935455322265625,-5.0602874755859375,False,False
codecontests_cpp_395,q,0.26666666666666666,0.008333333333333333,0.25833333333333336,-2.7340087890625,-3.7182750701904297,False,False
codecontests_cpp_395,k,0.18333333333333332,-0.2,0.38333333333333336,-3.05303955078125,-4.49505615234375,False,False
codecontests_cpp_395,v,0.09166666666666666,0.20833333333333334,-0.11666666666666667,-3.405529022216797,-2.961212158203125,False,False
codecontests_cpp_395,z,-0.08333333333333333,0.17916666666666667,-0.2625,-4.061012268066406,-3.07244873046875,False,False
codecontests_java_395,q,0.16058394160583941,0.11678832116788321,0.043795620437956206,-7.1860198974609375,-7.562550067901611,False,False
codecontests_java_395,k,0.2664233576642336,0.145985401459854,0.12043795620437957,-6.27197265625,-7.308349609375,False,False
codecontests_java_395,v,0.12408759124087591,0.08394160583941605,0.040145985401459854,-7.49151611328125,-7.837158203125,False,False
codecontests_java_395,z,0.058394160583941604,0.051094890510948905,0.0072992700729927005,-8.059234619140625,-8.121566772460938,False,False
apps_python_396,q,0.02185792349726776,0.060109289617486336,-0.03825136612021858,-5.593829154968262,-5.374874114990234,False,False
apps_python_396,k,0.04371584699453552,0.12568306010928962,-0.08196721311475409,-5.467807769775391,-4.999795913696289,False,False
apps_python_396,v,0.06557377049180328,0.0273224043715847,0.03825136612021858,-5.342002868652344,-5.561626434326172,False,False
apps_python_396,z,-0.03278688524590164,0.0,-0.03278688524590164,-5.90716552734375,-5.719022750854492,False,False
codecontests_java_396,q,-0.08620689655172414,-0.05747126436781609,-0.028735632183908046,-2.950836181640625,-2.8716583251953125,False,False
codecontests_java_396,k,0.06896551724137931,-0.28160919540229884,0.3505747126436782,-2.52459716796875,-3.4613037109375,False,False
codecontests_java_396,v,-0.06896551724137931,0.034482758620689655,-0.10344827586206896,-2.899505615234375,-2.6225433349609375,False,False
codecontests_java_396,z,-0.16091954022988506,-0.05747126436781609,-0.10344827586206896,-3.150604248046875,-2.87103271484375,False,False
apps_python_397,q,0.09090909090909091,-0.08080808080808081,0.1717171717171717,-2.80364990234375,-3.3421554565429688,False,False
apps_python_397,k,0.005050505050505051,0.14646464646464646,-0.1414141414141414,-3.0772743225097656,-2.633392333984375,False,False
apps_python_397,v,-0.08585858585858586,0.050505050505050504,-0.13636363636363635,-3.3363037109375,-2.92840576171875,False,False
apps_python_397,z,0.015151515151515152,0.2676767676767677,-0.25252525252525254,-3.0431060791015625,-2.239013671875,False,False
codecontests_cpp_397,q,0.10714285714285714,0.15,-0.04285714285714286,-3.9041290283203125,-3.71051025390625,False,False
codecontests_cpp_397,k,-0.07142857142857142,-0.07142857142857142,0.0,-4.679901123046875,-4.686027526855469,False,False
codecontests_cpp_397,v,-0.15,-0.1,-0.05,-5.02093505859375,-4.8070068359375,False,False
codecontests_cpp_397,z,-0.007142857142857143,0.014285714285714285,-0.02142857142857143,-4.4037017822265625,-4.307952880859375,False,False
codecontests_java_397,q,-0.012738853503184714,-0.12738853503184713,0.11464968152866242,-9.936203002929688,-11.061058044433594,False,False
codecontests_java_397,k,0.3980891719745223,0.2484076433121019,0.14968152866242038,-5.89678955078125,-7.367584228515625,False,False
codecontests_java_397,v,0.10191082802547771,-0.012738853503184714,0.11464968152866242,-8.807586669921875,-9.935470581054688,False,False
codecontests_java_397,z,0.10191082802547771,0.03184713375796178,0.07006369426751592,-8.8009033203125,-9.4881591796875,False,False
codecontests_cpp_398,q,0.08527131782945736,0.0,0.08527131782945736,-3.685943603515625,-4.031036376953125,False,False
codecontests_cpp_398,k,0.05426356589147287,0.1434108527131783,-0.08914728682170543,-3.8121204376220703,-3.450103759765625,False,False
codecontests_cpp_398,v,0.050387596899224806,0.08527131782945736,-0.03488372093023256,-3.8267822265625,-3.6867294311523438,False,False
codecontests_cpp_398,z,0.26356589147286824,0.17054263565891473,0.09302325581395349,-2.95416259765625,-3.338623046875,False,False
codecontests_java_398,q,-0.3218390804597701,-0.22413793103448276,-0.09770114942528736,-3.58514404296875,-3.32330322265625,False,False
codecontests_java_398,k,-0.017241379310344827,0.034482758620689655,-0.05172413793103448,-2.75341796875,-2.6229705810546875,False,False
codecontests_java_398,v,-0.21264367816091953,-0.2413793103448276,0.028735632183908046,-3.289794921875,-3.36273193359375,False,False
codecontests_java_398,z,-0.06896551724137931,-0.20114942528735633,0.13218390804597702,-2.9050064086914062,-3.2625579833984375,False,False
apps_python_399,q,0.32592592592592595,0.1925925925925926,0.13333333333333333,-2.8260498046875,-3.399658203125,False,False
apps_python_399,k,0.34814814814814815,0.29259259259259257,0.05555555555555555,-2.733154296875,-2.97308349609375,False,False
apps_python_399,v,0.26666666666666666,0.1111111111111111,0.15555555555555556,-3.062255859375,-3.7464752197265625,False,False
apps_python_399,z,0.23333333333333334,0.26666666666666666,-0.03333333333333333,-3.2174072265625,-3.0657958984375,False,False
codecontests_java_399,q,-0.04564315352697095,-0.029045643153526972,-0.016597510373443983,-7.871063232421875,-7.748931884765625,False,False
codecontests_java_399,k,0.0954356846473029,0.0954356846473029,0.0,-6.8121795654296875,-6.811271667480469,False,False
codecontests_java_399,v,-0.12863070539419086,-0.029045643153526972,-0.0995850622406639,-8.499290466308594,-7.7505950927734375,False,False
codecontests_java_399,z,0.13278008298755187,0.08298755186721991,0.04979253112033195,-6.5283966064453125,-6.901763916015625,False,False
mbpp_python_399,q,-0.020833333333333332,0.027777777777777776,-0.04861111111111111,-4.593135833740234,-4.374000549316406,False,False
mbpp_python_399,k,-0.04861111111111111,-0.125,0.0763888888888889,-4.717906951904297,-5.061363220214844,False,False
mbpp_python_399,v,-0.020833333333333332,0.034722222222222224,-0.05555555555555555,-4.593189239501953,-4.3399505615234375,False,False
mbpp_python_399,z,-0.18055555555555555,-0.10416666666666667,-0.0763888888888889,-5.30938720703125,-4.967376708984375,False,False
codecontests_java_400,q,-0.03076923076923077,0.06153846153846154,-0.09230769230769231,-4.187046051025391,-3.8115005493164062,False,False
codecontests_java_400,k,0.2653846153846154,0.2076923076923077,0.057692307692307696,-2.9674072265625,-3.20867919921875,False,False
codecontests_java_400,v,0.20384615384615384,0.15,0.05384615384615385,-3.226318359375,-3.448516845703125,False,False
codecontests_java_400,z,0.17307692307692307,0.09230769230769231,0.08076923076923077,-3.353179931640625,-3.68182373046875,False,False
apps_python_401,q,0.13807531380753138,0.14225941422594143,-0.0041841004184100415,-3.21466064453125,-3.2003173828125,False,False
apps_python_401,k,-0.12133891213389121,-0.008368200836820083,-0.11297071129707113,-4.1852874755859375,-3.7619171142578125,False,False
apps_python_401,v,-0.02510460251046025,0.0,-0.02510460251046025,-3.827944755554199,-3.7339134216308594,False,False
apps_python_401,z,0.058577405857740586,0.0794979079497908,-0.02092050209205021,-3.515087127685547,-3.4358901977539062,False,False
codecontests_cpp_401,q,0.209375,0.215625,-0.00625,-1.96234130859375,-1.94769287109375,False,False
codecontests_cpp_401,k,-0.13125,-0.23125,0.1,-2.8262252807617188,-3.069091796875,False,False
codecontests_cpp_401,v,0.0,0.04375,-0.04375,-2.499981164932251,-2.390331268310547,False,False
codecontests_cpp_401,z,0.00625,0.253125,-0.246875,-2.4852561950683594,-1.8466796875,False,False
codecontests_java_401,q,0.0374331550802139,-0.0962566844919786,0.13368983957219252,-5.624214172363281,-6.404205322265625,False,False
codecontests_java_401,k,0.12834224598930483,0.26737967914438504,-0.13903743315508021,-5.088226318359375,-4.274658203125,False,False
codecontests_java_401,v,0.10695187165775401,0.20855614973262032,-0.10160427807486631,-5.2153167724609375,-4.6207275390625,False,False
codecontests_java_401,z,0.1657754010695187,-0.026737967914438502,0.1925133689839572,-4.86700439453125,-5.9925537109375,False,False
apps_python_402,q,0.06694560669456066,0.03765690376569038,0.029288702928870293,-6.967838287353516,-7.182891845703125,False,False
apps_python_402,k,0.100418410041841,0.18410041841004185,-0.08368200836820083,-6.718009948730469,-6.074462890625,False,False
apps_python_402,v,0.16317991631799164,0.200836820083682,-0.03765690376569038,-6.244659423828125,-5.94775390625,False,False
apps_python_402,z,-0.029288702928870293,-0.04602510460251046,0.016736401673640166,-7.68853759765625,-7.792236328125,False,False
codecontests_cpp_402,q,0.06280193236714976,-0.014492753623188406,0.07729468599033816,-6.061607360839844,-6.55975341796875,False,False
codecontests_cpp_402,k,0.004830917874396135,0.0966183574879227,-0.09178743961352658,-6.433441162109375,-5.8405303955078125,False,False
codecontests_cpp_402,v,0.1497584541062802,0.09178743961352658,0.057971014492753624,-5.4951171875,-5.873054504394531,False,False
codecontests_cpp_402,z,0.11594202898550725,0.004830917874396135,0.1111111111111111,-5.7168121337890625,-6.4363555908203125,False,False
codecontests_java_402,q,-0.022222222222222223,-0.07407407407407407,0.05185185185185185,-8.623435974121094,-9.061565399169922,False,False
codecontests_java_402,k,0.1259259259259259,0.22592592592592592,-0.1,-7.373390197753906,-6.5267333984375,False,False
codecontests_java_402,v,-0.022222222222222223,-0.022222222222222223,0.0,-8.620758056640625,-8.620086669921875,False,False
codecontests_java_402,z,0.1259259259259259,0.15925925925925927,-0.03333333333333333,-7.3722381591796875,-7.08880615234375,False,False
apps_python_403,q,0.00823045267489712,-0.0411522633744856,0.04938271604938271,-3.76300048828125,-3.9501190185546875,False,False
apps_python_403,k,0.0205761316872428,0.07407407407407407,-0.053497942386831275,-3.71453857421875,-3.5076904296875,False,False
apps_python_403,v,-0.02880658436213992,0.0411522633744856,-0.06995884773662552,-3.9054603576660156,-3.633209228515625,False,False
apps_python_403,z,-0.02880658436213992,0.037037037037037035,-0.06584362139917696,-3.898834228515625,-3.650360107421875,False,False
apps_python_404,q,0.13333333333333333,0.0,0.13333333333333333,-3.650238037109375,-4.218688011169434,False,False
apps_python_404,k,0.3148148148148148,0.24074074074074073,0.07407407407407407,-2.853515625,-3.1806640625,False,False
apps_python_404,v,0.0962962962962963,0.1259259259259259,-0.02962962962962963,-3.81036376953125,-3.682464599609375,False,False
apps_python_404,z,0.13703703703703704,0.1,0.037037037037037035,-3.634124755859375,-3.762939453125,False,False
mbpp_python_404,q,-0.4329896907216495,-0.15463917525773196,-0.27835051546391754,-4.318359375,-3.495880126953125,False,False
mbpp_python_404,k,0.041237113402061855,-0.23711340206185566,0.27835051546391754,-2.906160831451416,-3.7408447265625,False,False
mbpp_python_404,v,-0.35051546391752575,-0.35051546391752575,0.0,-4.075439453125,-4.0753173828125,False,False
mbpp_python_404,z,-0.23711340206185566,-0.041237113402061855,-0.1958762886597938,-3.74102783203125,-3.1558151245117188,False,False
apps_python_405,q,0.0784313725490196,-0.1568627450980392,0.23529411764705882,-4.40338134765625,-5.532356262207031,False,False
apps_python_405,k,-0.05228758169934641,-0.0457516339869281,-0.006535947712418301,-5.0288848876953125,-4.9991912841796875,False,False
apps_python_405,v,0.032679738562091505,0.032679738562091505,0.0,-4.6228485107421875,-4.62567138671875,False,False
apps_python_405,z,0.0457516339869281,-0.0457516339869281,0.0915032679738562,-4.554962158203125,-5.0023651123046875,False,False
apps_python_406,q,0.17777777777777778,0.12,0.057777777777777775,-2.885955810546875,-3.0920257568359375,False,False
apps_python_406,k,-0.08888888888888889,-0.28,0.19111111111111112,-3.8262863159179688,-4.49224853515625,False,False
apps_python_406,v,0.14666666666666667,0.12,0.02666666666666667,-2.995361328125,-3.0919265747070312,False,False
apps_python_406,z,-0.03111111111111111,-0.08888888888888889,0.057777777777777775,-3.624481201171875,-3.8269119262695312,False,False
codecontests_java_406,q,-0.1320754716981132,0.012578616352201259,-0.14465408805031446,-11.24991512298584,-9.8115234375,False,False
codecontests_java_406,k,-0.006289308176100629,0.031446540880503145,-0.03773584905660377,-9.995269775390625,-9.622268676757812,False,False
codecontests_java_406,v,0.12578616352201258,0.13836477987421383,-0.012578616352201259,-8.684280395507812,-8.560577392578125,False,False
codecontests_java_406,z,-0.08176100628930817,0.03773584905660377,-0.11949685534591195,-10.750232696533203,-9.561088562011719,False,False
mbpp_python_406,q,-0.05042016806722689,0.004201680672268907,-0.0546218487394958,-7.8124682903289795,-7.405876159667969,False,False
mbpp_python_406,k,0.05042016806722689,0.004201680672268907,0.046218487394957986,-7.060661315917969,-7.40234375,False,False
mbpp_python_406,v,0.012605042016806723,-0.012605042016806723,0.025210084033613446,-7.339996337890625,-7.530857086181641,False,False
mbpp_python_406,z,0.01680672268907563,0.05042016806722689,-0.03361344537815126,-7.313022613525391,-7.05816650390625,False,False
apps_python_407,q,0.030612244897959183,0.04081632653061224,-0.01020408163265306,-2.965545654296875,-2.935821533203125,False,False
apps_python_407,k,-0.37755102040816324,-0.336734693877551,-0.04081632653061224,-4.1962890625,-4.07568359375,False,False
apps_python_407,v,-0.11734693877551021,-0.10204081632653061,-0.015306122448979591,-3.41766357421875,-3.36676025390625,False,False
apps_python_407,z,-0.19387755102040816,-0.07653061224489796,-0.11734693877551021,-3.648193359375,-3.294769287109375,False,False
codecontests_cpp_407,q,0.021929824561403508,0.07017543859649122,-0.04824561403508772,-3.4816131591796875,-3.3103485107421875,False,False
codecontests_cpp_407,k,0.10964912280701754,0.20614035087719298,-0.09649122807017543,-3.16497802734375,-2.8104248046875,False,False
codecontests_cpp_407,v,0.10964912280701754,0.32456140350877194,-0.2149122807017544,-3.165435791015625,-2.3775634765625,False,False
codecontests_cpp_407,z,0.008771929824561403,-0.02631578947368421,0.03508771929824561,-3.525665283203125,-3.6470947265625,False,False
codecontests_java_407,q,0.007518796992481203,0.015037593984962405,-0.007518796992481203,-8.248794555664062,-8.182861328125,False,False
codecontests_java_407,k,-0.03759398496240601,0.06390977443609022,-0.10150375939849623,-8.624624252319336,-7.77978515625,False,False
codecontests_java_407,v,-0.11278195488721804,-0.03007518796992481,-0.08270676691729323,-9.2021484375,-8.5501708984375,False,False
codecontests_java_407,z,0.05639097744360902,-0.015037593984962405,0.07142857142857142,-7.808349609375,-8.3828125,False,False
apps_python_408,q,-0.14624505928853754,-0.08300395256916997,-0.06324110671936758,-4.52532958984375,-4.2781219482421875,False,False
apps_python_408,k,0.18181818181818182,0.16600790513833993,0.015810276679841896,-3.227203369140625,-3.291229248046875,False,False
apps_python_408,v,0.1383399209486166,-0.2015810276679842,0.33992094861660077,-3.401611328125,-4.7373046875,False,False
apps_python_408,z,-0.08300395256916997,-0.09090909090909091,0.007905138339920948,-4.279327392578125,-4.3093109130859375,False,False
codecontests_cpp_408,q,-0.25738396624472576,-0.08016877637130802,-0.17721518987341772,-4.64691162109375,-3.99517822265625,False,False
codecontests_cpp_408,k,-0.2320675105485232,-0.20675105485232068,-0.02531645569620253,-4.555084228515625,-4.463653564453125,False,False
codecontests_cpp_408,v,0.0759493670886076,0.0379746835443038,0.0379746835443038,-3.418914794921875,-3.561279296875,False,False
codecontests_cpp_408,z,-0.2911392405063291,-0.2320675105485232,-0.05907172995780591,-4.76751708984375,-4.555206298828125,False,False
codecontests_java_408,q,0.018957345971563982,-0.12322274881516587,0.14218009478672985,-6.449951171875,-7.404205322265625,False,False
codecontests_java_408,k,0.04265402843601896,0.009478672985781991,0.03317535545023697,-6.306976318359375,-6.51910400390625,False,False
codecontests_java_408,v,0.09004739336492891,0.03317535545023697,0.05687203791469194,-5.98846435546875,-6.3695068359375,False,False
codecontests_java_408,z,0.1990521327014218,0.17061611374407584,0.02843601895734597,-5.266357421875,-5.44970703125,False,False
mbpp_python_408,q,0.02666666666666667,0.04666666666666667,-0.02,-4.561920166015625,-4.4672088623046875,False,False
mbpp_python_408,k,0.02666666666666667,-0.05333333333333334,0.08,-4.561992645263672,-4.936717987060547,False,False
mbpp_python_408,v,-0.05333333333333334,-0.10666666666666667,0.05333333333333334,-4.937420845031738,-5.18646240234375,False,False
mbpp_python_408,z,0.04666666666666667,0.1,-0.05333333333333334,-4.467376708984375,-4.2165069580078125,False,False
apps_python_409,q,-0.10344827586206896,-0.3448275862068966,0.2413793103448276,-2.995941162109375,-3.6480712890625,False,False
apps_python_409,k,-0.27586206896551724,-0.40804597701149425,0.13218390804597702,-3.4627685546875,-3.8167724609375,False,False
apps_python_409,v,-0.13793103448275862,-0.3103448275862069,0.1724137931034483,-3.090484619140625,-3.5557861328125,False,False
apps_python_409,z,-0.2413793103448276,-0.3448275862068966,0.10344827586206896,-3.370086669921875,-3.6474609375,False,False
codecontests_cpp_409,q,0.029411764705882353,-0.12605042016806722,0.15546218487394958,-3.60809326171875,-4.185943603515625,False,False
codecontests_cpp_409,k,0.07563025210084033,0.13445378151260504,-0.058823529411764705,-3.421630859375,-3.1929931640625,False,False
codecontests_cpp_409,v,0.15126050420168066,-0.06302521008403361,0.21428571428571427,-3.14813232421875,-3.9518585205078125,False,False
codecontests_cpp_409,z,0.2815126050420168,0.10084033613445378,0.18067226890756302,-2.650390625,-3.34124755859375,False,False
codecontests_java_409,q,0.2459016393442623,0.2677595628415301,-0.02185792349726776,-4.309356689453125,-4.182708740234375,False,False
codecontests_java_409,k,0.24043715846994534,0.34972677595628415,-0.1092896174863388,-4.33587646484375,-3.706787109375,False,False
codecontests_java_409,v,0.366120218579235,0.34972677595628415,0.01639344262295082,-3.61163330078125,-3.707763671875,False,False
codecontests_java_409,z,0.33060109289617484,0.14207650273224043,0.1885245901639344,-3.819091796875,-4.904144287109375,False,False
apps_python_410,q,0.004830917874396135,-0.21256038647342995,0.21739130434782608,-3.218271255493164,-3.916015625,False,False
apps_python_410,k,-0.15458937198067632,-0.3719806763285024,0.21739130434782608,-3.73028564453125,-4.4134521484375,False,False
apps_python_410,v,0.014492753623188406,-0.21256038647342995,0.22705314009661837,-3.185028076171875,-3.9132080078125,False,False
apps_python_410,z,-0.2560386473429952,-0.18357487922705315,-0.07246376811594203,-4.0540771484375,-3.822662353515625,False,False
codecontests_cpp_411,q,-0.17073170731707318,-0.2601626016260163,0.08943089430894309,-4.48895263671875,-4.83026123046875,False,False
codecontests_cpp_411,k,-0.17073170731707318,-0.06504065040650407,-0.10569105691056911,-4.4700927734375,-4.07855224609375,False,False
codecontests_cpp_411,v,0.07723577235772358,-0.04878048780487805,0.12601626016260162,-3.544158935546875,-4.0252685546875,False,False
codecontests_cpp_411,z,-0.23577235772357724,-0.4634146341463415,0.22764227642276422,-4.73773193359375,-5.59326171875,False,False
codecontests_java_411,q,-0.125,-0.016666666666666666,-0.10833333333333334,-8.435897827148438,-7.6207275390625,False,False
codecontests_java_411,k,0.20416666666666666,0.17083333333333334,0.03333333333333333,-5.966400146484375,-6.21484375,False,False
codecontests_java_411,v,0.2625,0.1625,0.1,-5.51873779296875,-6.2745361328125,False,False
codecontests_java_411,z,0.15,0.05,0.1,-6.368499755859375,-7.12066650390625,False,False
apps_python_412,q,-0.17757009345794392,-0.09813084112149532,-0.0794392523364486,-3.92742919921875,-3.659423828125,False,False
apps_python_412,k,-0.2523364485981308,-0.32710280373831774,0.07476635514018691,-4.17535400390625,-4.4215087890625,False,False
apps_python_412,v,-0.32710280373831774,-0.06542056074766354,-0.2616822429906542,-4.4200439453125,-3.557830810546875,False,False
apps_python_412,z,-0.21495327102803738,-0.03271028037383177,-0.1822429906542056,-4.050537109375,-3.448089599609375,False,False
codecontests_cpp_412,q,-0.3333333333333333,-0.16666666666666666,-0.16666666666666666,-4.73907470703125,-4.15289306640625,False,False
codecontests_cpp_412,k,0.22807017543859648,0.13157894736842105,0.09649122807017543,-2.73992919921875,-3.0903167724609375,False,False
codecontests_cpp_412,v,-0.02631578947368421,0.09649122807017543,-0.12280701754385964,-3.6555442810058594,-3.216400146484375,False,False
codecontests_cpp_412,z,0.03070175438596491,0.0,0.03070175438596491,-3.4522171020507812,-3.5621395111083984,False,False
codecontests_java_412,q,0.10661764705882353,0.03676470588235294,0.06985294117647059,-7.5911102294921875,-8.187517762184143,False,False
codecontests_java_412,k,0.33088235294117646,0.19852941176470587,0.1323529411764706,-5.680084228515625,-6.810951232910156,False,False
codecontests_java_412,v,0.18382352941176472,0.2426470588235294,-0.058823529411764705,-6.935951232910156,-6.4341583251953125,False,False
codecontests_java_412,z,0.2867647058823529,0.014705882352941176,0.27205882352941174,-6.0587921142578125,-8.374810218811035,False,False
apps_python_413,q,0.16862745098039217,0.1607843137254902,0.00784313725490196,-3.2955322265625,-3.340301513671875,False,False
apps_python_413,k,0.03137254901960784,0.054901960784313725,-0.023529411764705882,-3.8564300537109375,-3.7651023864746094,False,False
apps_python_413,v,0.21568627450980393,0.13333333333333333,0.08235294117647059,-3.118255615234375,-3.448760986328125,False,False
apps_python_413,z,-0.027450980392156862,-0.058823529411764705,0.03137254901960784,-4.0908966064453125,-4.218105316162109,False,False
codecontests_java_413,q,-0.09387755102040816,0.061224489795918366,-0.15510204081632653,-4.1855316162109375,-3.593647003173828,False,False
codecontests_java_413,k,0.17551020408163265,0.23673469387755103,-0.061224489795918366,-3.151519775390625,-2.91119384765625,False,False
codecontests_java_413,v,0.0,0.24081632653061225,-0.24081632653061225,-3.8280948400497437,-2.895751953125,False,False
codecontests_java_413,z,0.02857142857142857,-0.024489795918367346,0.053061224489795916,-3.7185115814208984,-3.921590805053711,False,False
codecontests_cpp_414,q,-0.3150684931506849,-0.0410958904109589,-0.273972602739726,-4.4857177734375,-3.5586700439453125,False,False
codecontests_cpp_414,k,0.1735159817351598,0.136986301369863,0.0365296803652968,-2.820709228515625,-2.9486083984375,False,False
codecontests_cpp_414,v,-0.4155251141552511,0.0639269406392694,-0.4794520547945205,-4.822021484375,-3.20001220703125,False,False
codecontests_cpp_414,z,-0.2146118721461187,-0.1050228310502283,-0.1095890410958904,-4.14593505859375,-3.77642822265625,False,False
codecontests_java_414,q,0.08737864077669903,-0.06310679611650485,0.15048543689320387,-5.8702392578125,-6.842922210693359,False,False
codecontests_java_414,k,-0.0048543689320388345,-0.08737864077669903,0.0825242718446602,-6.468548774719238,-6.9925537109375,False,False
codecontests_java_414,v,-0.0825242718446602,-0.024271844660194174,-0.05825242718446602,-6.965484619140625,-6.5906524658203125,False,False
codecontests_java_414,z,-0.0048543689320388345,-0.0825242718446602,0.07766990291262135,-6.4672698974609375,-6.9647216796875,False,False
apps_python_415,q,0.15384615384615385,0.15384615384615385,0.0,-2.0604095458984375,-2.0603179931640625,False,False
apps_python_415,k,-0.1346153846153846,0.05128205128205128,-0.1858974358974359,-2.762298583984375,-2.3095855712890625,False,False
apps_python_415,v,-0.15384615384615385,-0.02564102564102564,-0.1282051282051282,-2.8110275268554688,-2.497467041015625,False,False
apps_python_415,z,-0.1987179487179487,0.03205128205128205,-0.23076923076923078,-2.91949462890625,-2.3585052490234375,False,False
codecontests_cpp_416,q,0.15878378378378377,0.13851351351351351,0.02027027027027027,-3.8882293701171875,-3.98175048828125,False,False
codecontests_cpp_416,k,0.28716216216216217,0.16216216216216217,0.125,-3.2818603515625,-3.869232177734375,False,False
codecontests_cpp_416,v,-0.07432432432432433,-0.02027027027027027,-0.05405405405405406,-4.967838287353516,-4.718151092529297,False,False
codecontests_cpp_416,z,0.0,0.05405405405405406,-0.05405405405405406,-4.625530242919922,-4.3742828369140625,False,False
codecontests_java_416,q,0.08018867924528301,0.04245283018867924,0.03773584905660377,-6.087127685546875,-6.342506408691406,False,False
codecontests_java_416,k,-0.19811320754716982,-0.10377358490566038,-0.09433962264150944,-7.9336700439453125,-7.310829162597656,False,False
codecontests_java_416,v,0.04245283018867924,0.02358490566037736,0.018867924528301886,-6.339111328125,-6.4669952392578125,False,False
codecontests_java_416,z,0.06132075471698113,0.0047169811320754715,0.05660377358490566,-6.2165679931640625,-6.593709230422974,False,False
mbpp_python_416,q,-0.22875816993464052,-0.1830065359477124,-0.0457516339869281,-2.92864990234375,-2.822021484375,False,False
mbpp_python_416,k,-0.08496732026143791,-0.13071895424836602,0.0457516339869281,-2.592864990234375,-2.6996612548828125,False,False
mbpp_python_416,v,-0.27450980392156865,-0.22875816993464052,-0.0457516339869281,-3.032958984375,-2.92706298828125,False,False
mbpp_python_416,z,-0.0392156862745098,-0.0392156862745098,0.0,-2.4854354858398438,-2.484874725341797,False,False
apps_python_417,q,0.08843537414965986,0.047619047619047616,0.04081632653061224,-4.186492919921875,-4.374294281005859,False,False
apps_python_417,k,0.16666666666666666,0.07482993197278912,0.09183673469387756,-3.821075439453125,-4.248756408691406,False,False
apps_python_417,v,0.14625850340136054,0.02040816326530612,0.12585034013605442,-3.9202423095703125,-4.499469757080078,False,False
apps_python_417,z,0.20408163265306123,0.20408163265306123,0.0,-3.652679443359375,-3.6541595458984375,False,False
codecontests_cpp_417,q,-0.06329113924050633,-0.189873417721519,0.12658227848101267,-3.9362564086914062,-4.401458740234375,False,False
codecontests_cpp_417,k,0.16033755274261605,0.0379746835443038,0.12236286919831224,-3.10455322265625,-3.5614013671875,False,False
codecontests_cpp_417,v,-0.16455696202531644,-0.0970464135021097,-0.06751054852320675,-4.3089447021484375,-4.060997009277344,False,False
codecontests_cpp_417,z,0.0,-0.15611814345991562,0.15611814345991562,-3.7027549743652344,-4.2780303955078125,False,False
codecontests_java_417,q,0.0040650406504065045,0.07723577235772358,-0.07317073170731707,-7.6534423828125,-7.089263916015625,False,False
codecontests_java_417,k,0.18292682926829268,0.14227642276422764,0.04065040650406504,-6.26983642578125,-6.5848388671875,False,False
codecontests_java_417,v,0.1991869918699187,0.15040650406504066,0.04878048780487805,-6.15008544921875,-6.519775390625,False,False
codecontests_java_417,z,0.07723577235772358,0.0,0.07723577235772358,-7.08251953125,-7.6690673828125,False,False
apps_python_418,q,0.04371584699453552,0.03825136612021858,0.00546448087431694,-5.4542236328125,-5.49151611328125,False,False
apps_python_418,k,0.24043715846994534,0.14207650273224043,0.09836065573770492,-4.332763671875,-4.898529052734375,False,False
apps_python_418,v,0.02185792349726776,0.060109289617486336,-0.03825136612021858,-5.578369140625,-5.3680419921875,False,False
apps_python_418,z,0.09289617486338798,0.10382513661202186,-0.01092896174863388,-5.185630798339844,-5.117828369140625,False,False
codecontests_cpp_418,q,0.09302325581395349,-0.07441860465116279,0.16744186046511628,-3.042144775390625,-3.6069183349609375,False,False
codecontests_cpp_418,k,0.3674418604651163,0.20930232558139536,0.15813953488372093,-2.086181640625,-2.64239501953125,False,False
codecontests_cpp_418,v,0.17674418604651163,0.2372093023255814,-0.06046511627906977,-2.75543212890625,-2.5482177734375,False,False
codecontests_cpp_418,z,0.3953488372093023,0.3023255813953488,0.09302325581395349,-1.981689453125,-2.3194580078125,False,False
codecontests_java_418,q,0.0,0.0,0.0,-4.5292510986328125,-4.530235290527344,False,False
codecontests_java_418,k,0.2103448275862069,0.1793103448275862,0.03103448275862069,-3.57073974609375,-3.71160888671875,False,False
codecontests_java_418,v,0.3620689655172414,0.4379310344827586,-0.07586206896551724,-2.8624267578125,-2.50048828125,False,False
codecontests_java_418,z,0.31724137931034485,0.31724137931034485,0.0,-3.07470703125,-3.07373046875,False,False
mbpp_python_418,q,0.09803921568627451,0.06372549019607843,0.03431372549019608,-2.87225341796875,-2.9821929931640625,False,False
mbpp_python_418,k,0.004901960784313725,0.1715686274509804,-0.16666666666666666,-3.1682891845703125,-2.6337890625,False,False
mbpp_python_418,v,0.06372549019607843,0.23529411764705882,-0.1715686274509804,-2.9831924438476562,-2.4241943359375,False,False
mbpp_python_418,z,0.09803921568627451,0.06372549019607843,0.03431372549019608,-2.871917724609375,-2.9831085205078125,False,False
apps_python_419,q,-0.12142857142857143,-0.02142857142857143,-0.1,-4.9046783447265625,-4.46852970123291,False,False
apps_python_419,k,0.2714285714285714,0.26785714285714285,0.0035714285714285713,-3.1778564453125,-3.18951416015625,False,False
apps_python_419,v,0.04285714285714286,0.02142857142857143,0.02142857142857143,-4.187189102172852,-4.279335021972656,False,False
apps_python_419,z,-0.12142857142857143,-0.02857142857142857,-0.09285714285714286,-4.9025726318359375,-4.498931884765625,False,False
codecontests_cpp_419,q,0.026143790849673203,0.006535947712418301,0.0196078431372549,-4.6461181640625,-4.73980712890625,False,False
codecontests_cpp_419,k,0.0,-0.09803921568627451,0.09803921568627451,-4.7796783447265625,-5.246795654296875,False,False
codecontests_cpp_419,v,-0.20915032679738563,-0.13725490196078433,-0.0718954248366013,-5.77716064453125,-5.4338226318359375,False,False
codecontests_cpp_419,z,0.09803921568627451,0.013071895424836602,0.08496732026143791,-4.308258056640625,-4.71441650390625,False,False
codecontests_java_419,q,0.09523809523809523,0.11564625850340136,-0.02040816326530612,-8.311927795410156,-8.123626708984375,False,False
codecontests_java_419,k,0.13945578231292516,0.1598639455782313,-0.02040816326530612,-7.89825439453125,-7.717742919921875,False,False
codecontests_java_419,v,0.11564625850340136,0.12244897959183673,-0.006802721088435374,-8.11810302734375,-8.05914306640625,False,False
codecontests_java_419,z,0.11564625850340136,0.16326530612244897,-0.047619047619047616,-8.12322998046875,-7.683135986328125,False,False
mbpp_python_419,q,-0.281437125748503,-0.16167664670658682,-0.11976047904191617,-3.3309326171875,-3.026641845703125,False,False
mbpp_python_419,k,0.08383233532934131,0.04790419161676647,0.03592814371257485,-2.38555908203125,-2.4806976318359375,False,False
mbpp_python_419,v,-0.041916167664670656,0.005988023952095809,-0.04790419161676647,-2.71697998046875,-2.5907440185546875,False,False
mbpp_python_419,z,-0.08982035928143713,-0.04790419161676647,-0.041916167664670656,-2.840423583984375,-2.7315673828125,False,False
apps_python_420,q,-0.16793893129770993,-0.20610687022900764,0.03816793893129771,-4.7772216796875,-4.9310302734375,False,False
apps_python_420,k,-0.37404580152671757,-0.26717557251908397,-0.10687022900763359,-5.617950439453125,-5.185089111328125,False,False
apps_python_420,v,0.06870229007633588,-0.061068702290076333,0.1297709923664122,-3.8111038208007812,-4.342704772949219,False,False
apps_python_420,z,0.07633587786259542,-0.16030534351145037,0.2366412213740458,-3.7788238525390625,-4.7479705810546875,False,False
codecontests_cpp_420,q,0.034653465346534656,0.09900990099009901,-0.06435643564356436,-6.090301513671875,-5.686210632324219,False,False
codecontests_cpp_420,k,0.19801980198019803,0.1782178217821782,0.019801980198019802,-5.059844970703125,-5.1839141845703125,False,False
codecontests_cpp_420,v,-0.0297029702970297,0.09900990099009901,-0.12871287128712872,-6.496063232421875,-5.686500549316406,False,False
codecontests_cpp_420,z,0.054455445544554455,-0.1782178217821782,0.23267326732673269,-5.965423583984375,-7.434814453125,False,False
codecontests_java_420,q,0.09774436090225563,-0.06015037593984962,0.15789473684210525,-7.4990081787109375,-8.811622619628906,False,False
codecontests_java_420,k,0.15789473684210525,0.06015037593984962,0.09774436090225563,-6.986083984375,-7.8016357421875,False,False
codecontests_java_420,v,-0.05263157894736842,-0.022556390977443608,-0.03007518796992481,-8.748138427734375,-8.494293212890625,False,False
codecontests_java_420,z,0.041353383458646614,0.08270676691729323,-0.041353383458646614,-7.961761474609375,-7.624729156494141,False,False
mbpp_python_420,q,-0.5266272189349113,-0.22485207100591717,-0.30177514792899407,-4.010986328125,-3.228302001953125,False,False
mbpp_python_420,k,-0.33727810650887574,-0.22485207100591717,-0.11242603550295859,-3.52105712890625,-3.22796630859375,False,False
mbpp_python_420,v,-0.07692307692307693,-0.378698224852071,0.30177514792899407,-2.843219757080078,-3.62908935546875,False,False
mbpp_python_420,z,-0.2603550295857988,-0.2603550295857988,0.0,-3.321441650390625,-3.321380615234375,False,False
apps_python_421,q,-0.25735294117647056,-0.5735294117647058,0.3161764705882353,-2.6585693359375,-3.29443359375,False,False
apps_python_421,k,-0.19852941176470587,-0.13970588235294118,-0.058823529411764705,-2.535400390625,-2.416656494140625,False,False
apps_python_421,v,0.41911764705882354,0.23897058823529413,0.1801470588235294,-1.16748046875,-1.5985107421875,False,False
apps_python_421,z,-0.25,-0.09558823529411764,-0.15441176470588236,-2.6409912109375,-2.325469970703125,False,False
codecontests_cpp_421,q,0.0,0.05970149253731343,-0.05970149253731343,-6.282249450683594,-5.9083099365234375,False,False
codecontests_cpp_421,k,0.05970149253731343,0.014925373134328358,0.04477611940298507,-5.906277298927307,-6.186866760253906,False,False
codecontests_cpp_421,v,0.05970149253731343,0.004975124378109453,0.05472636815920398,-5.907279968261719,-6.2493896484375,False,False
codecontests_cpp_421,z,0.03980099502487562,0.11940298507462686,-0.07960199004975124,-6.0318450927734375,-5.531384468078613,False,False
codecontests_java_421,q,-0.08,-0.075,-0.005,-13.499366760253906,-13.437714576721191,False,False
codecontests_java_421,k,-0.03,-0.02,-0.01,-12.870147705078125,-12.7447509765625,False,False
codecontests_java_421,v,0.07,0.075,-0.005,-11.6168212890625,-11.557769775390625,False,False
codecontests_java_421,z,0.01,-0.065,0.075,-12.369354248046875,-13.308944702148438,False,False
mbpp_python_421,q,-0.1383399209486166,-0.08300395256916997,-0.05533596837944664,-4.4978790283203125,-4.2782135009765625,False,False
mbpp_python_421,k,0.08695652173913043,0.09090909090909091,-0.003952569169960474,-3.6074752807617188,-3.5922775268554688,False,False
mbpp_python_421,v,-0.28063241106719367,-0.1383399209486166,-0.1422924901185771,-5.05218505859375,-4.498565673828125,False,False
mbpp_python_421,z,-0.37549407114624506,-0.1067193675889328,-0.26877470355731226,-5.42578125,-4.371856689453125,False,False
apps_python_422,q,-0.3674418604651163,-0.2558139534883721,-0.11162790697674418,-4.575439453125,-4.20733642578125,False,False
apps_python_422,k,0.24651162790697675,0.06976744186046512,0.17674418604651163,-2.51123046875,-3.122467041015625,False,False
apps_python_422,v,0.11162790697674418,0.17674418604651163,-0.06511627906976744,-2.9781494140625,-2.75408935546875,False,False
apps_python_422,z,-0.07441860465116279,0.0,-0.07441860465116279,-3.608440399169922,-3.359048843383789,False,False
codecontests_cpp_422,q,-0.08163265306122448,-0.025510204081632654,-0.05612244897959184,-6.626136779785156,-6.28102970123291,False,False
codecontests_cpp_422,k,-0.15306122448979592,-0.1683673469387755,0.015306122448979591,-7.05096435546875,-7.14910888671875,False,False
codecontests_cpp_422,v,0.01020408163265306,0.05102040816326531,-0.04081632653061224,-6.055023193359375,-5.8086395263671875,False,False
codecontests_cpp_422,z,0.05612244897959184,-0.1836734693877551,0.23979591836734693,-5.781095504760742,-7.248321533203125,False,False
codecontests_java_422,q,-0.11409395973154363,-0.11409395973154363,0.0,-10.36773681640625,-10.36572265625,False,False
codecontests_java_422,k,0.06040268456375839,-0.013422818791946308,0.0738255033557047,-8.747589111328125,-9.432891845703125,False,False
codecontests_java_422,v,0.020134228187919462,-0.0738255033557047,0.09395973154362416,-9.1202392578125,-9.997314453125,False,False
codecontests_java_422,z,-0.013422818791946308,-0.06040268456375839,0.04697986577181208,-9.435256958007812,-9.872665405273438,False,False
mbpp_python_422,q,0.06707317073170732,0.10975609756097561,-0.042682926829268296,-2.3879241943359375,-2.2774658203125,False,False
mbpp_python_422,k,0.10975609756097561,-0.12804878048780488,0.23780487804878048,-2.27899169921875,-2.8876800537109375,False,False
mbpp_python_422,v,0.07926829268292683,0.12195121951219512,-0.042682926829268296,-2.3558807373046875,-2.245635986328125,False,False
mbpp_python_422,z,0.036585365853658534,0.036585365853658534,0.0,-2.468048095703125,-2.4676666259765625,False,False
codecontests_cpp_423,q,0.011695906432748537,0.11695906432748537,-0.10526315789473684,-5.2764892578125,-4.713958740234375,False,False
codecontests_cpp_423,k,0.2894736842105263,0.40350877192982454,-0.11403508771929824,-3.78692626953125,-3.1636962890625,False,False
codecontests_cpp_423,v,0.25146198830409355,0.2046783625730994,0.04678362573099415,-3.9832763671875,-4.24505615234375,False,False
codecontests_cpp_423,z,0.14035087719298245,0.011695906432748537,0.1286549707602339,-4.5885009765625,-5.27093505859375,False,False
codecontests_java_423,q,0.05714285714285714,-0.04285714285714286,0.1,-8.250246047973633,-9.12500037252903,False,False
codecontests_java_423,k,0.02857142857142857,-0.07142857142857142,0.1,-8.500121593475342,-9.372879028320312,False,False
codecontests_java_423,v,0.14642857142857144,-0.007142857142857143,0.15357142857142858,-7.468864440917969,-8.811782836914062,False,False
codecontests_java_423,z,0.03571428571428571,-0.09285714285714286,0.12857142857142856,-8.436851501464844,-9.56229305267334,False,False
mbpp_python_423,q,0.05194805194805195,-0.03896103896103896,0.09090909090909091,-2.275787353515625,-2.4949951171875,False,False
mbpp_python_423,k,0.09090909090909091,-0.08441558441558442,0.17532467532467533,-2.18341064453125,-2.59857177734375,False,False
mbpp_python_423,v,-0.14285714285714285,-0.43506493506493504,0.2922077922077922,-2.7454833984375,-3.4251708984375,False,False
mbpp_python_423,z,-0.045454545454545456,-0.16233766233766234,0.11688311688311688,-2.5131988525390625,-2.78814697265625,False,False
codecontests_cpp_424,q,0.025806451612903226,0.17419354838709677,-0.14838709677419354,-4.719051361083984,-3.9962310791015625,False,False
codecontests_cpp_424,k,0.07741935483870968,0.25161290322580643,-0.17419354838709677,-4.467491149902344,-3.6153564453125,False,False
codecontests_cpp_424,v,-0.03870967741935484,-0.01935483870967742,-0.01935483870967742,-5.028228759765625,-4.937563896179199,False,False
codecontests_cpp_424,z,0.1774193548387097,0.12258064516129032,0.054838709677419356,-3.98114013671875,-4.2479095458984375,False,False
codecontests_java_424,q,-0.1225296442687747,0.05138339920948617,-0.17391304347826086,-8.874897956848145,-7.4972381591796875,False,False
codecontests_java_424,k,0.23715415019762845,0.23715415019762845,0.0,-6.02569580078125,-6.02764892578125,False,False
codecontests_java_424,v,0.22134387351778656,0.11067193675889328,0.11067193675889328,-6.154327392578125,-7.0283966064453125,False,False
codecontests_java_424,z,0.05138339920948617,0.12648221343873517,-0.07509881422924901,-7.49517822265625,-6.900726318359375,False,False
mbpp_python_424,q,-0.005649717514124294,0.10734463276836158,-0.11299435028248588,-2.7793655395507812,-2.464569091796875,False,False
mbpp_python_424,k,0.1016949152542373,0.14689265536723164,-0.04519774011299435,-2.479156494140625,-2.35382080078125,False,False
mbpp_python_424,v,0.062146892655367235,-0.03954802259887006,0.1016949152542373,-2.5897216796875,-2.874034881591797,False,False
mbpp_python_424,z,0.0,-0.1807909604519774,0.1807909604519774,-2.762725830078125,-3.261260986328125,False,False
apps_python_425,q,0.24731182795698925,0.17204301075268819,0.07526881720430108,-2.177734375,-2.400909423828125,False,False
apps_python_425,k,0.0,-0.10752688172043011,0.10752688172043011,-2.9052734375,-3.2147216796875,False,False
apps_python_425,v,0.21505376344086022,0.2849462365591398,-0.06989247311827956,-2.2694091796875,-2.0626220703125,False,False
apps_python_425,z,0.20430107526881722,0.20967741935483872,-0.005376344086021506,-2.30548095703125,-2.2889404296875,False,False
codecontests_java_425,q,-0.17391304347826086,0.10507246376811594,-0.27898550724637683,-5.058441162109375,-3.8565673828125,False,False
codecontests_java_425,k,-0.14492753623188406,-0.11594202898550725,-0.028985507246376812,-4.9349822998046875,-4.8103179931640625,False,False
codecontests_java_425,v,0.2971014492753623,0.050724637681159424,0.2463768115942029,-3.0118408203125,-4.092216491699219,False,False
codecontests_java_425,z,0.050724637681159424,0.07608695652173914,-0.025362318840579712,-4.0909576416015625,-3.9821014404296875,False,False
mbpp_python_425,q,0.11688311688311688,-0.05627705627705628,0.17316017316017315,-3.1856689453125,-3.8116188049316406,False,False
mbpp_python_425,k,0.2554112554112554,0.2857142857142857,-0.030303030303030304,-2.677490234375,-2.56488037109375,False,False
mbpp_python_425,v,0.06060606060606061,0.0,0.06060606060606061,-3.388427734375,-3.608123779296875,False,False
mbpp_python_425,z,0.19913419913419914,0.09090909090909091,0.10822510822510822,-2.8843994140625,-3.2794723510742188,False,False
apps_python_426,q,-0.029197080291970802,-0.13138686131386862,0.10218978102189781,-4.405250549316406,-4.8299560546875,False,False
apps_python_426,k,0.12773722627737227,0.22627737226277372,-0.09854014598540146,-3.730499267578125,-3.300537109375,False,False
apps_python_426,v,0.21532846715328466,0.10583941605839416,0.10948905109489052,-3.3515625,-3.8251190185546875,False,False
apps_python_426,z,0.06569343065693431,0.051094890510948905,0.014598540145985401,-3.9974212646484375,-4.060920715332031,False,False
codecontests_cpp_426,q,0.14112903225806453,-0.04838709677419355,0.18951612903225806,-1.649658203125,-2.0288543701171875,False,False
codecontests_cpp_426,k,0.47580645161290325,0.24193548387096775,0.23387096774193547,-0.91015625,-1.4405517578125,False,False
codecontests_cpp_426,v,0.3467741935483871,0.12096774193548387,0.22580645161290322,-1.219482421875,-1.696624755859375,False,False
codecontests_cpp_426,z,0.14919354838709678,0.056451612903225805,0.09274193548387097,-1.63946533203125,-1.8279705047607422,False,False
codecontests_java_426,q,0.058823529411764705,0.07352941176470588,-0.014705882352941176,-11.99481201171875,-11.812374114990234,False,False
codecontests_java_426,k,-0.0196078431372549,0.00980392156862745,-0.029411764705882353,-12.99285888671875,-12.621002197265625,False,False
codecontests_java_426,v,0.03431372549019608,0.024509803921568627,0.00980392156862745,-12.307281494140625,-12.43450927734375,False,False
codecontests_java_426,z,0.06372549019607843,-0.06372549019607843,0.12745098039215685,-11.934219360351562,-13.558258056640625,False,False
apps_python_427,q,0.0051813471502590676,-0.08290155440414508,0.08808290155440414,-5.9978790283203125,-6.51751708984375,False,False
apps_python_427,k,0.0,-0.04145077720207254,0.04145077720207254,-6.029304504394531,-6.279670715332031,False,False
apps_python_427,v,0.03626943005181347,-0.031088082901554404,0.06735751295336788,-5.808349609375,-6.2138671875,False,False
apps_python_427,z,0.09326424870466321,0.025906735751295335,0.06735751295336788,-5.46600341796875,-5.873970031738281,False,False
codecontests_cpp_427,q,0.13592233009708737,0.16990291262135923,-0.03398058252427184,-5.562095642089844,-5.342506408691406,False,False
codecontests_cpp_427,k,0.24757281553398058,0.11650485436893204,0.13106796116504854,-4.837646484375,-5.6756591796875,False,False
codecontests_cpp_427,v,0.1407766990291262,0.13592233009708737,0.0048543689320388345,-5.5272216796875,-5.561786651611328,False,False
codecontests_cpp_427,z,0.19902912621359223,0.13106796116504854,0.06796116504854369,-5.14886474609375,-5.593661308288574,False,False
codecontests_java_427,q,-0.14507772020725387,-0.11398963730569948,-0.031088082901554404,-6.906524658203125,-6.714141845703125,False,False
codecontests_java_427,k,0.015544041450777202,-0.10880829015544041,0.12435233160621761,-5.9351806640625,-6.687333106994629,False,False
codecontests_java_427,v,0.07772020725388601,0.07253886010362694,0.0051813471502590676,-5.5607452392578125,-5.58636474609375,False,False
codecontests_java_427,z,0.015544041450777202,-0.13989637305699482,0.15544041450777202,-5.9156494140625,-6.8619384765625,False,False
mbpp_python_427,q,-0.09090909090909091,-0.06666666666666667,-0.024242424242424242,-5.6237335205078125,-5.49853515625,False,False
mbpp_python_427,k,0.1393939393939394,0.09696969696969697,0.04242424242424243,-4.43212890625,-4.6534576416015625,False,False
mbpp_python_427,v,0.1393939393939394,0.1696969696969697,-0.030303030303030304,-4.43280029296875,-4.27447509765625,False,False
mbpp_python_427,z,0.09696969696969697,0.12121212121212122,-0.024242424242424242,-4.6538238525390625,-4.5284576416015625,False,False
apps_python_428,q,-0.208955223880597,-0.17164179104477612,-0.03731343283582089,-2.52630615234375,-2.4495086669921875,False,False
apps_python_428,k,-0.03731343283582089,-0.04477611940298507,0.007462686567164179,-2.1707916259765625,-2.1846466064453125,False,False
apps_python_428,v,0.08208955223880597,-0.04477611940298507,0.12686567164179105,-1.9200592041015625,-2.1857223510742188,False,False
apps_python_428,z,-0.03731343283582089,0.007462686567164179,-0.04477611940298507,-2.1690216064453125,-2.0779037475585938,False,False
codecontests_cpp_428,q,-0.05102040816326531,0.02040816326530612,-0.07142857142857142,-3.210205078125,-2.994476318359375,False,False
codecontests_cpp_428,k,0.1326530612244898,0.17857142857142858,-0.04591836734693878,-2.6474609375,-2.494873046875,False,False
codecontests_cpp_428,v,0.2602040816326531,-0.11224489795918367,0.37244897959183676,-2.247802734375,-3.4028167724609375,False,False
codecontests_cpp_428,z,0.10204081632653061,0.22448979591836735,-0.12244897959183673,-2.7465667724609375,-2.361083984375,False,False
codecontests_java_428,q,-0.16793893129770993,-0.030534351145038167,-0.13740458015267176,-9.55963134765625,-8.437088012695312,False,False
codecontests_java_428,k,0.10687022900763359,0.061068702290076333,0.04580152671755725,-7.310882568359375,-7.686836242675781,False,False
codecontests_java_428,v,0.0,0.0,0.0,-8.185630798339844,-8.186134338378906,False,False
codecontests_java_428,z,-0.07633587786259542,-0.04580152671755725,-0.030534351145038167,-8.811744689941406,-8.558792114257812,False,False
mbpp_python_428,q,0.2235294117647059,0.18235294117647058,0.041176470588235294,-2.057159423828125,-2.1685791015625,False,False
mbpp_python_428,k,0.12941176470588237,0.09411764705882353,0.03529411764705882,-2.3092498779296875,-2.4045791625976562,False,False
mbpp_python_428,v,0.09411764705882353,0.12352941176470589,-0.029411764705882353,-2.406039237976074,-2.327320098876953,False,False
mbpp_python_428,z,0.15294117647058825,0.18823529411764706,-0.03529411764705882,-2.247283935546875,-2.15203857421875,False,False
apps_python_429,q,-0.03676470588235294,0.09926470588235294,-0.13602941176470587,-4.40350341796875,-3.82440185546875,False,False
apps_python_429,k,0.2977941176470588,0.2426470588235294,0.05514705882352941,-2.962646484375,-3.20745849609375,False,False
apps_python_429,v,0.16176470588235295,0.12867647058823528,0.03308823529411765,-3.55377197265625,-3.6996002197265625,False,False
apps_python_429,z,0.022058823529411766,0.03676470588235294,-0.014705882352941176,-4.154693603515625,-4.092369079589844,False,False
codecontests_cpp_429,q,-0.07547169811320754,-0.025157232704402517,-0.050314465408805034,-5.3404083251953125,-5.093378067016602,False,False
codecontests_cpp_429,k,-0.1949685534591195,-0.14465408805031446,-0.050314465408805034,-5.9346466064453125,-5.6839447021484375,False,False
codecontests_cpp_429,v,-0.025157232704402517,-0.025157232704402517,0.0,-5.0904998779296875,-5.091278076171875,False,False
codecontests_cpp_429,z,-0.05660377358490566,-0.050314465408805034,-0.006289308176100629,-5.24786376953125,-5.21839714050293,False,False
codecontests_java_429,q,0.06315789473684211,-0.021052631578947368,0.08421052631578947,-11.121337890625,-12.123626708984375,False,False
codecontests_java_429,k,-0.07368421052631578,-0.10526315789473684,0.031578947368421054,-12.748710632324219,-13.123329162597656,False,False
codecontests_java_429,v,0.11052631578947368,0.11578947368421053,-0.005263157894736842,-10.557525634765625,-10.494384765625,False,False
codecontests_java_429,z,0.07368421052631578,0.015789473684210527,0.05789473684210526,-11.000246047973633,-11.686172485351562,False,False
apps_python_430,q,0.1016949152542373,0.1638418079096045,-0.062146892655367235,-4.96502685546875,-4.6223907470703125,False,False
apps_python_430,k,0.0847457627118644,0.1694915254237288,-0.0847457627118644,-5.05914306640625,-4.5760498046875,False,False
apps_python_430,v,0.011299435028248588,0.22033898305084745,-0.20903954802259886,-5.4665374755859375,-4.3016357421875,False,False
apps_python_430,z,0.12429378531073447,0.15254237288135594,-0.02824858757062147,-4.8138427734375,-4.667724609375,False,False
codecontests_cpp_430,q,-0.043209876543209874,0.0,-0.043209876543209874,-2.6408939361572266,-2.5323944091796875,False,False
codecontests_cpp_430,k,0.14814814814814814,-0.012345679012345678,0.16049382716049382,-2.14202880859375,-2.5587615966796875,False,False
codecontests_cpp_430,v,-0.09259259259259259,0.006172839506172839,-0.09876543209876543,-2.7628936767578125,-2.498779296875,False,False
codecontests_cpp_430,z,-0.012345679012345678,-0.12345679012345678,0.1111111111111111,-2.5597076416015625,-2.82470703125,False,False
codecontests_java_430,q,0.0603448275862069,-0.10344827586206896,0.16379310344827586,-3.4026336669921875,-3.997314453125,False,False
codecontests_java_430,k,0.19827586206896552,0.2672413793103448,-0.06896551724137931,-2.895263671875,-2.6322021484375,False,False
codecontests_java_430,v,0.004310344827586207,-0.06465517241379311,0.06896551724137931,-3.6090469360351562,-3.8574295043945312,False,False
codecontests_java_430,z,-0.2413793103448276,-0.3103448275862069,0.06896551724137931,-4.49041748046875,-4.7342529296875,False,False
mbpp_python_430,q,0.10948905109489052,0.051094890510948905,0.058394160583941604,-3.79718017578125,-4.060813903808594,False,False
mbpp_python_430,k,-0.08759124087591241,-0.051094890510948905,-0.0364963503649635,-4.640380859375,-4.49200439453125,False,False
mbpp_python_430,v,0.12408759124087591,0.15328467153284672,-0.029197080291970802,-3.749601364135742,-3.624134063720703,False,False
mbpp_python_430,z,-0.029197080291970802,-0.021897810218978103,-0.0072992700729927005,-4.405643463134766,-4.36663818359375,False,False
apps_python_431,q,0.11290322580645161,0.0,0.11290322580645161,-2.574798583984375,-2.906345844268799,False,False
apps_python_431,k,-0.07526881720430108,0.23655913978494625,-0.3118279569892473,-3.124267578125,-2.2017822265625,False,False
apps_python_431,v,-0.03763440860215054,0.03763440860215054,-0.07526881720430108,-3.0161705017089844,-2.797116279602051,False,False
apps_python_431,z,0.12365591397849462,0.20430107526881722,-0.08064516129032258,-2.541717529296875,-2.30035400390625,False,False
codecontests_java_431,q,0.0,0.0,0.0,-4.250274658203125,-4.2499847412109375,False,False
codecontests_java_431,k,-0.14705882352941177,-0.08823529411764706,-0.058823529411764705,-4.870452880859375,-4.6231536865234375,False,False
codecontests_java_431,v,0.19852941176470587,0.0,0.19852941176470587,-3.39825439453125,-4.249711990356445,False,False
codecontests_java_431,z,-0.3382352941176471,-0.11764705882352941,-0.22058823529411764,-5.6796875,-4.749504089355469,False,False
apps_python_432,q,0.16744186046511628,-0.05581395348837209,0.22325581395348837,-2.7935943603515625,-3.5453033447265625,False,False
apps_python_432,k,0.32558139534883723,0.13488372093023257,0.19069767441860466,-2.2493896484375,-2.90216064453125,False,False
apps_python_432,v,-0.037209302325581395,-0.13023255813953488,0.09302325581395349,-3.479522705078125,-3.78289794921875,False,False
apps_python_432,z,0.027906976744186046,-0.05581395348837209,0.08372093023255814,-3.2648239135742188,-3.545074462890625,False,False
codecontests_cpp_432,q,0.046153846153846156,-0.08461538461538462,0.13076923076923078,-3.8715667724609375,-4.39703369140625,False,False
codecontests_cpp_432,k,-0.05384615384615385,-0.13076923076923078,0.07692307692307693,-4.280855178833008,-4.588348388671875,False,False
codecontests_cpp_432,v,0.04230769230769231,0.0,0.04230769230769231,-3.8714599609375,-4.05450439453125,False,False
codecontests_cpp_432,z,0.19615384615384615,-0.1,0.29615384615384616,-3.258941650390625,-4.464691162109375,False,False
codecontests_java_432,q,-0.08571428571428572,-0.09714285714285714,0.011428571428571429,-11.87541389465332,-11.998016357421875,False,False
codecontests_java_432,k,0.07428571428571429,0.02857142857142857,0.045714285714285714,-10.124366760253906,-10.62472152709961,False,False
codecontests_java_432,v,-0.09714285714285714,-0.011428571428571429,-0.08571428571428572,-12.000207901000977,-11.062141418457031,False,False
codecontests_java_432,z,-0.11428571428571428,-0.08571428571428572,-0.02857142857142857,-12.1842041015625,-11.874902725219727,False,False
codecontests_java_433,q,-0.3660130718954248,-0.1895424836601307,-0.17647058823529413,-3.239990234375,-2.83514404296875,False,False
codecontests_java_433,k,-0.28104575163398693,-0.23529411764705882,-0.0457516339869281,-3.0452880859375,-2.93975830078125,False,False
codecontests_java_433,v,0.1437908496732026,0.08496732026143791,0.058823529411764705,-2.04168701171875,-2.18133544921875,False,False
codecontests_java_433,z,-0.27450980392156865,-0.13725490196078433,-0.13725490196078433,-3.02880859375,-2.7135009765625,False,False
mbpp_python_433,q,-0.09803921568627451,-0.027450980392156862,-0.07058823529411765,-4.369873046875,-4.093421936035156,False,False
mbpp_python_433,k,-0.06666666666666667,-0.12941176470588237,0.06274509803921569,-4.24383544921875,-4.4918212890625,False,False
mbpp_python_433,v,0.058823529411764705,0.09019607843137255,-0.03137254901960784,-3.7476043701171875,-3.62103271484375,False,False
mbpp_python_433,z,-0.09803921568627451,0.054901960784313725,-0.15294117647058825,-4.369964599609375,-3.763214111328125,False,False
apps_python_434,q,-0.13839285714285715,-0.13839285714285715,0.0,-3.97991943359375,-3.98095703125,False,False
apps_python_434,k,0.03571428571428571,0.07142857142857142,-0.03571428571428571,-3.3736953735351562,-3.24688720703125,False,False
apps_python_434,v,-0.13839285714285715,0.0,-0.13839285714285715,-3.980377197265625,-3.4991989135742188,False,False
apps_python_434,z,0.04017857142857143,0.0,0.04017857142857143,-3.3575057983398438,-3.499858856201172,False,False
codecontests_java_434,q,-0.1518987341772152,0.012658227848101266,-0.16455696202531644,-11.374271392822266,-9.750425338745117,False,False
codecontests_java_434,k,-0.0189873417721519,-0.012658227848101266,-0.006329113924050633,-10.05999755859375,-9.999404907226562,False,False
codecontests_java_434,v,-0.18354430379746836,-0.13924050632911392,-0.04430379746835443,-11.683135986328125,-11.246322631835938,False,False
codecontests_java_434,z,-0.17721518987341772,-0.056962025316455694,-0.12025316455696203,-11.62298583984375,-10.436477661132812,False,False
mbpp_python_434,q,-0.0954356846473029,0.03319502074688797,-0.12863070539419086,-4.1227569580078125,-3.637908935546875,False,False
mbpp_python_434,k,0.03319502074688797,0.04149377593360996,-0.008298755186721992,-3.636199951171875,-3.605072021484375,False,False
mbpp_python_434,v,0.06639004149377593,0.14937759336099585,-0.08298755186721991,-3.5074462890625,-3.18902587890625,False,False
mbpp_python_434,z,0.14937759336099585,0.12448132780082988,0.024896265560165973,-3.196990966796875,-3.28839111328125,False,False
apps_python_435,q,0.19852941176470587,0.08088235294117647,0.11764705882352941,-3.3978271484375,-3.9060497283935547,False,False
apps_python_435,k,0.051470588235294115,-0.022058823529411766,0.07352941176470588,-4.0280609130859375,-4.343846321105957,False,False
apps_python_435,v,-0.125,-0.04411764705882353,-0.08088235294117647,-4.7781524658203125,-4.436565399169922,False,False
apps_python_435,z,-0.07352941176470588,-0.08823529411764706,0.014705882352941176,-4.562602519989014,-4.616943359375,False,False
codecontests_cpp_435,q,0.27800829875518673,0.15767634854771784,0.12033195020746888,-2.7030029296875,-3.1682281494140625,False,False
codecontests_cpp_435,k,-0.06224066390041494,0.0912863070539419,-0.15352697095435686,-3.9976043701171875,-3.4154052734375,False,False
codecontests_cpp_435,v,0.06224066390041494,-0.008298755186721992,0.07053941908713693,-3.525115966796875,-3.79290771484375,False,False
codecontests_cpp_435,z,0.15352697095435686,0.27385892116182575,-0.12033195020746888,-3.182037353515625,-2.715576171875,False,False
codecontests_java_435,q,0.10588235294117647,0.06470588235294118,0.041176470588235294,-9.499435424804688,-9.936874389648438,False,False
codecontests_java_435,k,0.14705882352941177,0.16470588235294117,-0.01764705882352941,-9.06036376953125,-8.87298583984375,False,False
codecontests_java_435,v,0.11176470588235295,0.041176470588235294,0.07058823529411765,-9.435012817382812,-10.185745239257812,False,False
codecontests_java_435,z,0.17647058823529413,0.06470588235294118,0.11176470588235295,-8.745269775390625,-9.934295654296875,False,False
apps_python_436,q,-0.21978021978021978,-0.21978021978021978,0.0,-3.464385986328125,-3.46075439453125,False,False
apps_python_436,k,0.06043956043956044,-0.16483516483516483,0.22527472527472528,-2.667083740234375,-3.29248046875,False,False
apps_python_436,v,-0.07692307692307693,-0.07692307692307693,0.0,-3.0613555908203125,-3.058258056640625,False,False
apps_python_436,z,-0.17032967032967034,-0.21978021978021978,0.04945054945054945,-3.3250274658203125,-3.463104248046875,False,False
codecontests_cpp_436,q,-0.1511627906976744,-0.029069767441860465,-0.12209302325581395,-6.185722351074219,-5.530097961425781,False,False
codecontests_cpp_436,k,-0.0872093023255814,-0.0755813953488372,-0.011627906976744186,-5.84063720703125,-5.777679443359375,False,False
codecontests_cpp_436,v,-0.3023255813953488,-0.20348837209302326,-0.09883720930232558,-6.995086669921875,-6.4534912109375,False,False
codecontests_cpp_436,z,0.040697674418604654,-0.18604651162790697,0.22674418604651161,-5.154991149902344,-6.37103271484375,False,False
codecontests_java_436,q,-0.020491803278688523,-0.04918032786885246,0.028688524590163935,-7.7789459228515625,-7.9976043701171875,False,False
codecontests_java_436,k,-0.09016393442622951,0.02459016393442623,-0.11475409836065574,-8.307647705078125,-7.431976318359375,False,False
codecontests_java_436,v,-0.040983606557377046,0.0,-0.040983606557377046,-7.92657470703125,-7.622100830078125,False,False
codecontests_java_436,z,-0.012295081967213115,0.13524590163934427,-0.14754098360655737,-7.715423583984375,-6.590362548828125,False,False
apps_python_437,q,-0.03816793893129771,-0.03816793893129771,0.0,-4.248199462890625,-4.248779296875,False,False
apps_python_437,k,-0.12213740458015267,-0.04580152671755725,-0.07633587786259542,-4.58270263671875,-4.2713623046875,False,False
apps_python_437,v,-0.03816793893129771,-0.09923664122137404,0.061068702290076333,-4.248405456542969,-4.49169921875,False,False
apps_python_437,z,0.09541984732824428,-0.15267175572519084,0.2480916030534351,-3.7017135620117188,-4.717933654785156,False,False
codecontests_cpp_437,q,0.14772727272727273,0.022727272727272728,0.125,-4.684967041015625,-5.374267578125,False,False
codecontests_cpp_437,k,0.3352272727272727,0.10795454545454546,0.22727272727272727,-3.6431884765625,-4.904022216796875,False,False
codecontests_cpp_437,v,0.25,0.10227272727272728,0.14772727272727273,-4.11309814453125,-4.934051513671875,False,False
codecontests_cpp_437,z,0.045454545454545456,-0.056818181818181816,0.10227272727272728,-5.243499755859375,-5.80316162109375,False,False
codecontests_java_437,q,0.044642857142857144,0.013392857142857142,0.03125,-13.375087261199951,-13.809402465820312,False,False
codecontests_java_437,k,0.13839285714285715,0.16964285714285715,-0.03125,-12.061103820800781,-11.622940063476562,False,False
codecontests_java_437,v,0.125,0.11607142857142858,0.008928571428571428,-12.2489013671875,-12.3734130859375,False,False
codecontests_java_437,z,0.07142857142857142,0.08928571428571429,-0.017857142857142856,-12.996795654296875,-12.748786926269531,False,False
mbpp_python_437,q,0.0625,0.057692307692307696,0.004807692307692308,-6.0853271484375,-6.1168212890625,False,False
mbpp_python_437,k,0.2644230769230769,0.2644230769230769,0.0,-4.75732421875,-4.76666259765625,False,False
mbpp_python_437,v,0.04326923076923077,0.07692307692307693,-0.03365384615384615,-6.21087646484375,-5.999088287353516,False,False
mbpp_python_437,z,0.12980769230769232,0.038461538461538464,0.09134615384615384,-5.651458740234375,-6.245574951171875,False,False
apps_python_438,q,-0.032520325203252036,-0.12195121951219512,0.08943089430894309,-3.9676589965820312,-4.3090972900390625,False,False
apps_python_438,k,-0.06504065040650407,0.028455284552845527,-0.09349593495934959,-4.0907440185546875,-3.7330169677734375,False,False
apps_python_438,v,0.09349593495934959,0.22357723577235772,-0.13008130081300814,-3.4796142578125,-2.97113037109375,False,False
apps_python_438,z,0.0975609756097561,0.06504065040650407,0.032520325203252036,-3.465423583984375,-3.5903778076171875,False,False
codecontests_cpp_438,q,0.02040816326530612,-0.07482993197278912,0.09523809523809523,-4.498626708984375,-4.9362030029296875,False,False
codecontests_cpp_438,k,0.02040816326530612,0.027210884353741496,-0.006802721088435374,-4.496429443359375,-4.465972900390625,False,False
codecontests_cpp_438,v,0.05442176870748299,0.034013605442176874,0.02040816326530612,-4.342906951904297,-4.4324951171875,False,False
codecontests_cpp_438,z,0.027210884353741496,-0.02040816326530612,0.047619047619047616,-4.467308044433594,-4.6859588623046875,False,False
codecontests_java_438,q,0.13963963963963963,0.0,0.13963963963963963,-2.9813995361328125,-3.467945098876953,False,False
codecontests_java_438,k,0.0,0.036036036036036036,-0.036036036036036036,-3.46942138671875,-3.3441009521484375,False,False
codecontests_java_438,v,-0.1981981981981982,0.06756756756756757,-0.26576576576576577,-4.15008544921875,-3.233367919921875,False,False
codecontests_java_438,z,-0.0045045045045045045,0.20270270270270271,-0.2072072072072072,-3.480560302734375,-2.75543212890625,False,False
mbpp_python_438,q,0.01098901098901099,-0.01098901098901099,0.02197802197802198,-2.80072021484375,-2.869171142578125,False,False
mbpp_python_438,k,-0.01098901098901099,-0.04395604395604396,0.03296703296703297,-2.868682861328125,-2.964508056640625,False,False
mbpp_python_438,v,0.21428571428571427,0.11538461538461539,0.0989010989010989,-2.2186279296875,-2.5117645263671875,False,False
mbpp_python_438,z,-0.07692307692307693,-0.15384615384615385,0.07692307692307693,-3.041015625,-3.25830078125,False,False
apps_python_439,q,-0.037914691943127965,-0.11374407582938388,0.07582938388625593,-3.4201583862304688,-3.667236328125,False,False
apps_python_439,k,-0.32701421800947866,-0.2796208530805687,-0.04739336492890995,-4.3599853515625,-4.20391845703125,False,False
apps_python_439,v,0.03317535545023697,0.0,0.03317535545023697,-3.1859054565429688,-3.2954635620117188,False,False
apps_python_439,z,-0.004739336492890996,-0.10900473933649289,0.10426540284360189,-3.3108749389648438,-3.653350830078125,False,False
codecontests_cpp_439,q,0.030303030303030304,0.03535353535353535,-0.005050505050505051,-2.9981002807617188,-2.9841880798339844,False,False
codecontests_cpp_439,k,0.10606060606060606,0.09595959595959595,0.010101010101010102,-2.7632904052734375,-2.790771484375,False,False
codecontests_cpp_439,v,-0.26262626262626265,-0.14646464646464646,-0.11616161616161616,-3.8975830078125,-3.542755126953125,False,False
codecontests_cpp_439,z,-0.20202020202020202,0.0,-0.20202020202020202,-3.70928955078125,-3.0923004150390625,False,False
codecontests_java_439,q,0.12162162162162163,0.10810810810810811,0.013513513513513514,-8.124382019042969,-8.250214576721191,False,False
codecontests_java_439,k,0.08108108108108109,0.0945945945945946,-0.013513513513513514,-8.498016357421875,-8.372726440429688,False,False
codecontests_java_439,v,0.10810810810810811,0.13513513513513514,-0.02702702702702703,-8.249862670898438,-7.9979400634765625,False,False
codecontests_java_439,z,0.11486486486486487,0.060810810810810814,0.05405405405405406,-8.184844970703125,-8.685104370117188,False,False
apps_python_440,q,0.0,-0.1340782122905028,0.1340782122905028,-5.592536926269531,-6.343366622924805,False,False
apps_python_440,k,-0.0782122905027933,-0.13966480446927373,0.061452513966480445,-6.017578125,-6.37005615234375,False,False
apps_python_440,v,-0.09497206703910614,0.0446927374301676,-0.13966480446927373,-6.123329162597656,-5.3417816162109375,False,False
apps_python_440,z,-0.0223463687150838,-0.0893854748603352,0.0670391061452514,-5.717292785644531,-6.092399597167969,False,False
codecontests_cpp_440,q,0.10256410256410256,0.20512820512820512,-0.10256410256410256,-5.466880798339844,-4.840850830078125,False,False
codecontests_cpp_440,k,0.0,0.0,0.0,-6.092960357666016,-6.092681884765625,False,False
codecontests_cpp_440,v,-0.06666666666666667,-0.12307692307692308,0.05641025641025641,-6.5006866455078125,-6.843755453824997,False,False
codecontests_cpp_440,z,-0.020512820512820513,0.08205128205128205,-0.10256410256410256,-6.21837043762207,-5.5917816162109375,False,False
codecontests_java_440,q,0.04580152671755725,0.03435114503816794,0.011450381679389313,-7.811801910400391,-7.9035491943359375,False,False
codecontests_java_440,k,0.23282442748091603,0.21374045801526717,0.019083969465648856,-6.2772216796875,-6.43109130859375,False,False
codecontests_java_440,v,0.10687022900763359,0.0916030534351145,0.015267175572519083,-7.311103820800781,-7.4358367919921875,False,False
codecontests_java_440,z,0.11068702290076336,-0.04580152671755725,0.15648854961832062,-7.277099609375,-8.560707092285156,False,False
mbpp_python_440,q,0.1464968152866242,0.17197452229299362,-0.025477707006369428,-4.1839752197265625,-4.0577392578125,False,False
mbpp_python_440,k,-0.050955414012738856,-0.07006369426751592,0.01910828025477707,-5.154052734375,-5.249309539794922,False,False
mbpp_python_440,v,0.07006369426751592,0.07006369426751592,0.0,-4.560630798339844,-4.56036376953125,False,False
mbpp_python_440,z,0.044585987261146494,0.0,0.044585987261146494,-4.6852874755859375,-4.904792785644531,False,False
apps_python_441,q,-0.05194805194805195,-0.18831168831168832,0.13636363636363635,-5.0596771240234375,-5.70953369140625,False,False
apps_python_441,k,0.045454545454545456,-0.12337662337662338,0.16883116883116883,-4.5927581787109375,-5.40283203125,False,False
apps_python_441,v,-0.22077922077922077,-0.08441558441558442,-0.13636363636363635,-5.8718109130859375,-5.215789794921875,False,False
apps_python_441,z,-0.16883116883116883,-0.03896103896103896,-0.12987012987012986,-5.614501953125,-5.000000041909516,False,False
codecontests_cpp_441,q,-0.07906976744186046,0.2372093023255814,-0.31627906976744186,-7.245361328125,-5.117706298828125,False,False
codecontests_cpp_441,k,0.04186046511627907,-0.10697674418604651,0.14883720930232558,-6.43218994140625,-7.436500549316406,False,False
codecontests_cpp_441,v,0.05581395348837209,-0.05581395348837209,0.11162790697674418,-6.34075927734375,-7.093801736831665,False,False
codecontests_cpp_441,z,-0.009302325581395349,0.09302325581395349,-0.10232558139534884,-6.776153564453125,-6.0920562744140625,False,False
codecontests_java_441,q,0.054455445544554455,0.06435643564356436,-0.009900990099009901,-5.968976974487305,-5.90447998046875,False,False
codecontests_java_441,k,0.09900990099009901,0.04455445544554455,0.054455445544554455,-5.67596435546875,-6.029296875,False,False
codecontests_java_441,v,0.009900990099009901,0.0891089108910891,-0.07920792079207921,-6.250938415527344,-5.748085021972656,False,False
codecontests_java_441,z,0.01485148514851485,-0.0594059405940594,0.07425742574257425,-6.219978332519531,-6.6744384765625,False,False
apps_python_442,q,0.0,0.027210884353741496,-0.027210884353741496,-4.589080810546875,-4.464019775390625,False,False
apps_python_442,k,-0.027210884353741496,-0.1564625850340136,0.1292517006802721,-4.7173614501953125,-5.309906005859375,False,False
apps_python_442,v,0.05442176870748299,-0.1292517006802721,0.1836734693877551,-4.340606689453125,-5.1837615966796875,False,False
apps_python_442,z,-0.2108843537414966,-0.1836734693877551,-0.027210884353741496,-5.554718017578125,-5.4344329833984375,False,False
codecontests_java_442,q,0.06428571428571428,0.08928571428571429,-0.025,-4.092170715332031,-3.9832687377929688,False,False
codecontests_java_442,k,0.22142857142857142,0.28214285714285714,-0.060714285714285714,-3.39447021484375,-3.1224365234375,False,False
codecontests_java_442,v,-0.07857142857142857,0.19642857142857142,-0.275,-4.714141845703125,-3.509002685546875,False,False
codecontests_java_442,z,0.1,0.28214285714285714,-0.18214285714285713,-3.920654296875,-3.12554931640625,False,False
mbpp_python_442,q,-0.04861111111111111,0.006944444444444444,-0.05555555555555555,-4.719076156616211,-4.467823028564453,False,False
mbpp_python_442,k,0.08333333333333333,-0.05555555555555555,0.1388888888888889,-4.121917724609375,-4.748664855957031,False,False
mbpp_python_442,v,0.19444444444444445,0.11458333333333333,0.0798611111111111,-3.61712646484375,-3.9821929931640625,False,False
mbpp_python_442,z,-0.13194444444444445,0.006944444444444444,-0.1388888888888889,-5.0927581787109375,-4.46624755859375,False,False
codecontests_java_443,q,-0.3668639053254438,-0.514792899408284,0.14792899408284024,-1.775146484375,-1.9462890625,False,False
codecontests_java_443,k,-0.514792899408284,-0.34911242603550297,-0.16568047337278108,-1.94580078125,-1.7529296875,False,False
codecontests_java_443,v,-0.9289940828402367,-0.9526627218934911,0.023668639053254437,-2.40625,-2.435546875,False,False
codecontests_java_443,z,-0.5621301775147929,-0.5384615384615384,-0.023668639053254437,-1.99951171875,-1.97412109375,False,False
mbpp_python_443,q,0.09644670050761421,-0.030456852791878174,0.12690355329949238,-2.780242919921875,-3.1721420288085938,False,False
mbpp_python_443,k,-0.07106598984771574,0.05583756345177665,-0.12690355329949238,-3.292755126953125,-2.9057083129882812,False,False
mbpp_python_443,v,0.0,0.06598984771573604,-0.06598984771573604,-3.077977180480957,-2.87491512298584,False,False
mbpp_python_443,z,-0.12690355329949238,-0.15736040609137056,0.030456852791878174,-3.4661407470703125,-3.5613174438476562,False,False
apps_python_444,q,0.11398963730569948,0.07772020725388601,0.03626943005181347,-5.342094421386719,-5.560455322265625,False,False
apps_python_444,k,0.05181347150259067,0.13471502590673576,-0.08290155440414508,-5.7165679931640625,-5.2166900634765625,False,False
apps_python_444,v,-0.046632124352331605,-0.08808290155440414,0.04145077720207254,-6.308837890625,-6.561626434326172,False,False
apps_python_444,z,0.03626943005181347,0.05699481865284974,-0.02072538860103627,-5.811515808105469,-5.686824798583984,False,False
codecontests_cpp_444,q,-0.012422360248447204,-0.012422360248447204,0.0,-2.5449676513671875,-2.545379638671875,False,False
codecontests_cpp_444,k,-0.43478260869565216,-0.6149068322981367,0.18012422360248448,-3.550048828125,-3.99560546875,False,False
codecontests_cpp_444,v,-0.2857142857142857,-0.5217391304347826,0.2360248447204969,-3.2169189453125,-3.78466796875,False,False
codecontests_cpp_444,z,0.031055900621118012,0.031055900621118012,0.0,-2.4343109130859375,-2.4364852905273438,False,False
codecontests_java_444,q,-0.07373271889400922,-0.1336405529953917,0.059907834101382486,-7.27923583984375,-7.6860809326171875,False,False
codecontests_java_444,k,0.004608294930875576,0.027649769585253458,-0.02304147465437788,-6.747772216796875,-6.592830657958984,False,False
codecontests_java_444,v,0.15207373271889402,0.08755760368663594,0.06451612903225806,-5.7486724853515625,-6.186286926269531,False,False
codecontests_java_444,z,-0.013824884792626729,0.02304147465437788,-0.03686635944700461,-6.872650146484375,-6.624454498291016,False,False
mbpp_python_444,q,-0.04093567251461988,-0.04678362573099415,0.005847953216374269,-5.561573028564453,-5.5919952392578125,False,False
mbpp_python_444,k,0.1871345029239766,0.11695906432748537,0.07017543859649122,-4.338226318359375,-4.718765079975128,False,False
mbpp_python_444,v,0.14619883040935672,0.09941520467836257,0.04678362573099415,-4.5501708984375,-4.80242919921875,False,False
mbpp_python_444,z,0.05263157894736842,-0.04093567251461988,0.0935672514619883,-5.061916351318359,-5.562276840209961,False,False
apps_python_445,q,0.006666666666666667,0.04,-0.03333333333333333,-9.309234619140625,-8.999427795410156,False,False
apps_python_445,k,0.09333333333333334,0.06,0.03333333333333333,-8.4913330078125,-8.809310913085938,False,False
apps_python_445,v,0.006666666666666667,0.09333333333333334,-0.08666666666666667,-9.2835693359375,-8.4915771484375,False,False
apps_python_445,z,0.02,0.07333333333333333,-0.05333333333333334,-9.171142578125,-8.671142578125,False,False
codecontests_java_445,q,-0.025806451612903226,-0.09032258064516129,0.06451612903225806,-9.934432983398438,-10.562391757965088,False,False
codecontests_java_445,k,0.14193548387096774,0.11612903225806452,0.025806451612903226,-8.29803466796875,-8.55426025390625,False,False
codecontests_java_445,v,0.22580645161290322,0.16774193548387098,0.05806451612903226,-7.495391845703125,-8.0438232421875,False,False
codecontests_java_445,z,-0.025806451612903226,-0.012903225806451613,-0.012903225806451613,-9.935859680175781,-9.80712890625,False,False
mbpp_python_445,q,-0.20318725099601595,-0.20318725099601595,0.0,-2.3502197265625,-2.3509521484375,False,False
mbpp_python_445,k,-0.28286852589641437,-0.22709163346613545,-0.055776892430278883,-2.50146484375,-2.395263671875,False,False
mbpp_python_445,v,-0.250996015936255,-0.17928286852589642,-0.07171314741035857,-2.4423828125,-2.306243896484375,False,False
mbpp_python_445,z,-0.36254980079681276,-0.3386454183266932,-0.02390438247011952,-2.6456298828125,-2.607666015625,False,False
apps_python_446,q,-0.21428571428571427,-0.047619047619047616,-0.16666666666666666,-6.3716278076171875,-5.499639511108398,False,False
apps_python_446,k,-0.07142857142857142,-0.023809523809523808,-0.047619047619047616,-5.622589111328125,-5.372955322265625,False,False
apps_python_446,v,0.07142857142857142,0.16666666666666666,-0.09523809523809523,-4.874172210693359,-4.3714599609375,False,False
apps_python_446,z,-0.11904761904761904,0.023809523809523808,-0.14285714285714285,-5.8733367919921875,-5.1228179931640625,False,False
codecontests_cpp_446,q,-0.05555555555555555,0.2604166666666667,-0.3159722222222222,-4.7479248046875,-3.3123779296875,False,False
codecontests_cpp_446,k,0.4548611111111111,0.3506944444444444,0.10416666666666667,-2.400634765625,-2.8956298828125,False,False
codecontests_cpp_446,v,0.3263888888888889,0.3229166666666667,0.003472222222222222,-3.01025390625,-3.02783203125,False,False
codecontests_cpp_446,z,0.10416666666666667,0.09722222222222222,0.006944444444444444,-4.0283660888671875,-4.054443359375,False,False
codecontests_java_446,q,-0.1702127659574468,-0.14893617021276595,-0.02127659574468085,-10.312118530273438,-10.118682861328125,False,False
codecontests_java_446,k,0.12056737588652482,0.18085106382978725,-0.06028368794326241,-7.743682861328125,-7.20831298828125,False,False
codecontests_java_446,v,0.04964539007092199,0.07092198581560284,-0.02127659574468085,-8.372650146484375,-8.187563419342041,False,False
codecontests_java_446,z,-0.014184397163120567,0.0070921985815602835,-0.02127659574468085,-8.938812255859375,-8.749645233154297,False,False
mbpp_python_446,q,-0.3522012578616352,-0.1761006289308176,-0.1761006289308176,-3.34423828125,-2.9173583984375,False,False
mbpp_python_446,k,-0.22012578616352202,-0.0440251572327044,-0.1761006289308176,-3.025543212890625,-2.5933380126953125,False,False
mbpp_python_446,v,0.16352201257861634,0.07547169811320754,0.0880503144654088,-2.071197509765625,-2.29217529296875,False,False
mbpp_python_446,z,-0.1761006289308176,-0.22012578616352202,0.0440251572327044,-2.917327880859375,-3.02435302734375,False,False
apps_python_447,q,0.0326530612244898,0.0,0.0326530612244898,-3.69805908203125,-3.828075885772705,False,False
apps_python_447,k,0.024489795918367346,-0.024489795918367346,0.04897959183673469,-3.7343952655792236,-3.9217357635498047,False,False
apps_python_447,v,0.17551020408163265,0.08163265306122448,0.09387755102040816,-3.14471435546875,-3.5149269104003906,False,False
apps_python_447,z,-0.1346938775510204,-0.10204081632653061,-0.0326530612244898,-4.343576431274414,-4.217800140380859,False,False
codecontests_cpp_447,q,0.058394160583941604,0.058394160583941604,0.0,-4.029319763183594,-4.030296325683594,False,False
codecontests_cpp_447,k,0.06569343065693431,-0.051094890510948905,0.11678832116788321,-3.9988479614257812,-4.4957275390625,False,False
codecontests_cpp_447,v,0.145985401459854,0.26277372262773724,-0.11678832116788321,-3.65240478515625,-3.14215087890625,False,False
codecontests_cpp_447,z,-0.1678832116788321,-0.1386861313868613,-0.029197080291970802,-4.99481201171875,-4.8724517822265625,False,False
codecontests_java_447,q,-0.06504065040650407,0.0,-0.06504065040650407,-8.181610107421875,-7.68475341796875,False,False
codecontests_java_447,k,-0.06504065040650407,0.16260162601626016,-0.22764227642276422,-8.185775756835938,-6.434906005859375,False,False
codecontests_java_447,v,-0.032520325203252036,0.052845528455284556,-0.08536585365853659,-7.936065673828125,-7.278717041015625,False,False
codecontests_java_447,z,0.11788617886178862,0.11382113821138211,0.0040650406504065045,-6.777252197265625,-6.810333251953125,False,False
apps_python_448,q,-0.041884816753926704,-0.11518324607329843,0.07329842931937172,-3.1076202392578125,-3.3238525390625,False,False
apps_python_448,k,-0.05235602094240838,0.02617801047120419,-0.07853403141361257,-3.13336181640625,-2.900970458984375,False,False
apps_python_448,v,0.06806282722513089,0.2513089005235602,-0.18324607329842932,-2.7785186767578125,-2.2181396484375,False,False
apps_python_448,z,0.15706806282722513,0.11518324607329843,0.041884816753926704,-2.50555419921875,-2.635955810546875,False,False
codecontests_java_448,q,-0.2,-0.13953488372093023,-0.06046511627906977,-8.059860229492188,-7.652740478515625,False,False
codecontests_java_448,k,0.3116279069767442,0.4,-0.08837209302325581,-4.611328125,-4.01611328125,False,False
codecontests_java_448,v,0.2372093023255814,0.30697674418604654,-0.06976744186046512,-5.1212615966796875,-4.6468505859375,False,False
codecontests_java_448,z,0.05581395348837209,0.018604651162790697,0.037209302325581395,-6.340606689453125,-6.592529296875,False,False
mbpp_python_448,q,0.2192513368983957,0.10695187165775401,0.11229946524064172,-2.27166748046875,-2.6062774658203125,False,False
mbpp_python_448,k,0.25668449197860965,0.1497326203208556,0.10695187165775401,-2.15704345703125,-2.47857666015625,False,False
mbpp_python_448,v,0.32887700534759357,0.1497326203208556,0.17914438502673796,-1.9326171875,-2.47869873046875,False,False
mbpp_python_448,z,0.06951871657754011,0.1497326203208556,-0.08021390374331551,-2.7171859741210938,-2.480743408203125,False,False
apps_python_449,q,0.13440860215053763,-0.12365591397849462,0.25806451612903225,-2.5091552734375,-3.260223388671875,False,False
apps_python_449,k,0.2903225806451613,0.26344086021505375,0.026881720430107527,-2.0418701171875,-2.1202392578125,False,False
apps_python_449,v,0.3010752688172043,0.3629032258064516,-0.06182795698924731,-2.0009765625,-1.821044921875,False,False
apps_python_449,z,0.03225806451612903,0.22043010752688172,-0.1881720430107527,-2.8114852905273438,-2.25567626953125,False,False
codecontests_cpp_449,q,0.21705426356589147,-0.046511627906976744,0.26356589147286824,-1.5582275390625,-2.103973388671875,False,False
codecontests_cpp_449,k,-0.13953488372093023,-0.49612403100775193,0.35658914728682173,-2.28411865234375,-2.96630859375,False,False
codecontests_cpp_449,v,-0.03875968992248062,-0.1937984496124031,0.15503875968992248,-2.091522216796875,-2.3919677734375,False,False
codecontests_cpp_449,z,-0.09302325581395349,-0.09302325581395349,0.0,-2.200531005859375,-2.2001800537109375,False,False
codecontests_java_449,q,0.15748031496062992,0.12598425196850394,0.031496062992125984,-6.6860198974609375,-6.93718147277832,False,False
codecontests_java_449,k,0.12598425196850394,0.051181102362204724,0.07480314960629922,-6.9355621337890625,-7.530220031738281,False,False
codecontests_java_449,v,0.031496062992125984,0.1732283464566929,-0.14173228346456693,-7.68705940246582,-6.5604400634765625,False,False
codecontests_java_449,z,0.06299212598425197,0.03543307086614173,0.027559055118110236,-7.436576843261719,-7.6552276611328125,False,False
mbpp_python_449,q,0.0,0.08783783783783784,-0.08783783783783784,-2.3110275268554688,-2.106536865234375,False,False
mbpp_python_449,k,0.21621621621621623,0.04054054054054054,0.17567567567567569,-1.80279541015625,-2.216888427734375,False,False
mbpp_python_449,v,0.0472972972972973,-0.04054054054054054,0.08783783783783784,-2.20068359375,-2.4057044982910156,False,False
mbpp_python_449,z,0.08783783783783784,0.0,0.08783783783783784,-2.1076278686523438,-2.3109207153320312,False,False
codecontests_java_450,q,0.022727272727272728,0.022727272727272728,0.0,-6.717010498046875,-6.7158660888671875,False,False
codecontests_java_450,k,0.2,0.01818181818181818,0.18181818181818182,-5.48468017578125,-6.749813079833984,False,False
codecontests_java_450,v,0.08181818181818182,0.15,-0.06818181818181818,-6.2822265625,-5.8338623046875,False,False
codecontests_java_450,z,0.07727272727272727,-0.23636363636363636,0.31363636363636366,-6.338623046875,-8.496109008789062,False,False
mbpp_python_450,q,0.0673076923076923,-0.10576923076923077,0.17307692307692307,-3.03021240234375,-3.5900421142578125,False,False
mbpp_python_450,k,-0.10576923076923077,0.028846153846153848,-0.1346153846153846,-3.592193603515625,-3.154998779296875,False,False
mbpp_python_450,v,0.09134615384615384,-0.04326923076923077,0.1346153846153846,-2.9464111328125,-3.3885650634765625,False,False
mbpp_python_450,z,0.0,0.10096153846153846,-0.10096153846153846,-3.250107765197754,-2.9196319580078125,False,False
apps_python_451,q,-0.0967741935483871,-0.1774193548387097,0.08064516129032258,-4.249987959861755,-4.560302734375,False,False
apps_python_451,k,0.06854838709677419,0.008064516129032258,0.06048387096774194,-3.59881591796875,-3.83221435546875,False,False
apps_python_451,v,0.07661290322580645,0.06854838709677419,0.008064516129032258,-3.5760650634765625,-3.59918212890625,False,False
apps_python_451,z,-0.008064516129032258,-0.1774193548387097,0.1693548387096774,-3.8956298828125,-4.56024169921875,False,False
codecontests_cpp_451,q,0.012578616352201259,0.018867924528301886,-0.006289308176100629,-2.4525527954101562,-2.4359283447265625,False,False
codecontests_cpp_451,k,-0.06918238993710692,-0.03773584905660377,-0.031446540880503145,-2.65472412109375,-2.572845458984375,False,False
codecontests_cpp_451,v,-0.0880503144654088,-0.2830188679245283,0.1949685534591195,-2.700897216796875,-3.17755126953125,False,False
codecontests_cpp_451,z,-0.03773584905660377,0.1069182389937107,-0.14465408805031446,-2.580413818359375,-2.21014404296875,False,False
codecontests_java_451,q,0.10138248847926268,0.19815668202764977,-0.0967741935483871,-6.086181640625,-5.419921875,False,False
codecontests_java_451,k,0.22580645161290322,0.34101382488479265,-0.1152073732718894,-5.2401123046875,-4.42333984375,False,False
codecontests_java_451,v,-0.009216589861751152,0.08755760368663594,-0.0967741935483871,-6.83966064453125,-6.177734375,False,False
codecontests_java_451,z,0.08294930875576037,0.059907834101382486,0.02304147465437788,-6.2158355712890625,-6.357421875,False,False
mbpp_python_451,q,0.0205761316872428,0.04938271604938271,-0.02880658436213992,-3.717254638671875,-3.60626220703125,False,False
mbpp_python_451,k,-0.00823045267489712,0.10699588477366255,-0.11522633744855967,-3.8233642578125,-3.384368896484375,False,False
mbpp_python_451,v,0.053497942386831275,-0.06995884773662552,0.12345679012345678,-3.59222412109375,-4.0610809326171875,False,False
mbpp_python_451,z,0.053497942386831275,-0.03292181069958848,0.08641975308641975,-3.5926589965820312,-3.9207611083984375,False,False
apps_python_452,q,-0.31746031746031744,-0.2804232804232804,-0.037037037037037035,-3.87677001953125,-3.77001953125,False,False
apps_python_452,k,-0.08465608465608465,-0.12169312169312169,0.037037037037037035,-3.2006072998046875,-3.308441162109375,False,False
apps_python_452,v,-0.20105820105820105,-0.2328042328042328,0.031746031746031744,-3.539703369140625,-3.631103515625,False,False
apps_python_452,z,0.0,-0.12169312169312169,0.12169312169312169,-2.9525527954101562,-3.309783935546875,False,False
codecontests_cpp_452,q,0.32421875,0.1328125,0.19140625,-2.6708984375,-3.4639892578125,False,False
codecontests_cpp_452,k,0.421875,0.36328125,0.05859375,-2.261962890625,-2.5126953125,False,False
codecontests_cpp_452,v,0.26953125,0.12890625,0.140625,-2.8992919921875,-3.47821044921875,False,False
codecontests_cpp_452,z,0.1484375,0.09375,0.0546875,-3.3936767578125,-3.61590576171875,False,False
codecontests_java_452,q,-0.023076923076923078,0.0,-0.023076923076923078,-8.30670166015625,-8.124282836914062,False,False
codecontests_java_452,k,0.13846153846153847,0.12307692307692308,0.015384615384615385,-6.9988861083984375,-7.123329162597656,False,False
codecontests_java_452,v,0.057692307692307696,0.06923076923076923,-0.011538461538461539,-7.65435791015625,-7.55853271484375,False,False
codecontests_java_452,z,0.1346153846153846,0.07692307692307693,0.057692307692307696,-7.028472900390625,-7.499528884887695,False,False
mbpp_python_452,q,-0.11450381679389313,-0.061068702290076333,-0.05343511450381679,-4.561424255371094,-4.34185791015625,False,False
mbpp_python_452,k,0.10687022900763359,0.16030534351145037,-0.05343511450381679,-3.64312744140625,-3.42205810546875,False,False
mbpp_python_452,v,-0.022900763358778626,0.08778625954198473,-0.11068702290076336,-4.186580657958984,-3.7343771159648895,False,False
mbpp_python_452,z,0.08778625954198473,0.07251908396946564,0.015267175572519083,-3.7314605712890625,-3.78369140625,False,False
apps_python_453,q,-0.049773755656108594,-0.15384615384615385,0.10407239819004525,-7.249643325805664,-7.9682464599609375,False,False
apps_python_453,k,-0.10407239819004525,-0.12217194570135746,0.01809954751131222,-7.6235809326171875,-7.74725341796875,False,False
apps_python_453,v,0.19004524886877827,-0.01809954751131222,0.2081447963800905,-5.590789794921875,-7.03057861328125,False,False
apps_python_453,z,-0.2579185520361991,-0.18552036199095023,-0.07239819004524888,-8.684600830078125,-8.186782836914062,False,False
codecontests_java_453,q,0.0,0.04602510460251046,-0.04602510460251046,-7.4664764404296875,-7.122467041015625,False,False
codecontests_java_453,k,0.25523012552301255,0.28451882845188287,-0.029288702928870293,-5.555938720703125,-5.339691162109375,False,False
codecontests_java_453,v,0.06694560669456066,0.16736401673640167,-0.100418410041841,-6.967567443847656,-6.216033935546875,False,False
codecontests_java_453,z,0.1506276150627615,0.08786610878661087,0.06276150627615062,-6.3399810791015625,-6.8077392578125,False,False
mbpp_python_453,q,-0.059113300492610835,-0.12315270935960591,0.06403940886699508,-3.3576583862304688,-3.560821533203125,False,False
mbpp_python_453,k,0.054187192118226604,-0.1330049261083744,0.18719211822660098,-2.995513916015625,-3.588134765625,False,False
mbpp_python_453,v,-0.18226600985221675,-0.2512315270935961,0.06896551724137931,-3.7470703125,-3.96527099609375,False,False
mbpp_python_453,z,0.034482758620689655,-0.11822660098522167,0.15270935960591134,-3.0616989135742188,-3.5458984375,False,False
apps_python_454,q,-0.10687022900763359,-0.13740458015267176,0.030534351145038167,-4.52685546875,-4.6513671875,False,False
apps_python_454,k,-0.04580152671755725,0.022900763358778626,-0.06870229007633588,-4.2786407470703125,-3.9976959228515625,False,False
apps_python_454,v,0.14885496183206107,0.04198473282442748,0.10687022900763359,-3.4825668334960938,-3.919097900390625,False,False
apps_python_454,z,-0.10687022900763359,0.05725190839694656,-0.16412213740458015,-4.530735015869141,-3.855255126953125,False,False
codecontests_cpp_454,q,0.043668122270742356,0.039301310043668124,0.004366812227074236,-3.4193267822265625,-3.4371891021728516,False,False
codecontests_cpp_454,k,0.06986899563318777,0.09606986899563319,-0.026200873362445413,-3.3271484375,-3.232025146484375,False,False
codecontests_cpp_454,v,-0.15283842794759825,-0.15283842794759825,0.0,-4.122589111328125,-4.123451232910156,False,False
codecontests_cpp_454,z,0.13973799126637554,0.10480349344978165,0.034934497816593885,-3.0749664306640625,-3.197509765625,False,False
codecontests_java_454,q,0.34177215189873417,0.3670886075949367,-0.02531645569620253,-3.232666015625,-3.1021728515625,False,False
codecontests_java_454,k,0.3449367088607595,0.31962025316455694,0.02531645569620253,-3.2139892578125,-3.3397216796875,False,False
codecontests_java_454,v,0.2468354430379747,0.2689873417721519,-0.022151898734177215,-3.712005615234375,-3.5999755859375,False,False
codecontests_java_454,z,0.5063291139240507,0.43670886075949367,0.06962025316455696,-2.377197265625,-2.7412109375,False,False
apps_python_455,q,0.00625,0.08125,-0.075,-2.482391357421875,-2.2950592041015625,False,False
apps_python_455,k,-0.0875,0.0,-0.0875,-2.71044921875,-2.498260498046875,False,False
apps_python_455,v,-0.10625,-0.075,-0.03125,-2.764781951904297,-2.6862030029296875,False,False
apps_python_455,z,0.0875,0.05,0.0375,-2.2786407470703125,-2.3733596801757812,False,False
codecontests_java_455,q,0.02843601895734597,0.07109004739336493,-0.04265402843601896,-3.2000274658203125,-3.0607986450195312,False,False
codecontests_java_455,k,0.07109004739336493,0.17535545023696683,-0.10426540284360189,-3.05999755859375,-2.7103271484375,False,False
codecontests_java_455,v,-0.04265402843601896,0.03317535545023697,-0.07582938388625593,-3.4351959228515625,-3.1855010986328125,False,False
codecontests_java_455,z,0.02843601895734597,0.10900473933649289,-0.08056872037914692,-3.200164794921875,-2.93316650390625,False,False
mbpp_python_455,q,-0.05217391304347826,0.02608695652173913,-0.0782608695652174,-3.7809810638427734,-3.4993820190429688,False,False
mbpp_python_455,k,0.02608695652173913,0.030434782608695653,-0.004347826086956522,-3.4998092651367188,-3.4840087890625,False,False
mbpp_python_455,v,-0.1565217391304348,0.030434782608695653,-0.18695652173913044,-4.154426574707031,-3.484224319458008,False,False
mbpp_python_455,z,-0.06956521739130435,0.05217391304347826,-0.12173913043478261,-3.8432674407958984,-3.406055450439453,False,False
apps_python_456,q,-0.07234042553191489,0.02553191489361702,-0.09787234042553192,-3.932830810546875,-3.5753173828125,False,False
apps_python_456,k,-0.08085106382978724,-0.00851063829787234,-0.07234042553191489,-3.96038818359375,-3.6995849609375,False,False
apps_python_456,v,0.02553191489361702,0.0851063829787234,-0.059574468085106386,-3.5766525268554688,-3.355438232421875,False,False
apps_python_456,z,-0.01702127659574468,-0.17446808510638298,0.1574468085106383,-3.726959228515625,-4.3013916015625,False,False
codecontests_java_456,q,-0.15555555555555556,-0.11666666666666667,-0.03888888888888889,-6.4991302490234375,-6.274993896484375,False,False
codecontests_java_456,k,0.18888888888888888,0.05555555555555555,0.13333333333333333,-4.5600738525390625,-5.3091888427734375,False,False
codecontests_java_456,v,0.14444444444444443,0.18333333333333332,-0.03888888888888889,-4.8088531494140625,-4.58929443359375,False,False
codecontests_java_456,z,-0.17777777777777778,-0.06666666666666667,-0.1111111111111111,-6.6235809326171875,-5.999214172363281,False,False
mbpp_python_456,q,-0.0859375,-0.203125,0.1171875,-4.342460632324219,-4.805908203125,False,False
mbpp_python_456,k,-0.03125,-0.09375,0.0625,-4.122039794921875,-4.366943359375,False,False
mbpp_python_456,v,-0.109375,-0.2265625,0.1171875,-4.4349365234375,-4.90142822265625,False,False
mbpp_python_456,z,-0.0859375,-0.1796875,0.09375,-4.341522216796875,-4.714141845703125,False,False
codecontests_cpp_457,q,-0.9393939393939394,-0.23809523809523808,-0.7012987012987013,-3.3662109375,-2.21990966796875,False,False
codecontests_cpp_457,k,-0.4199134199134199,0.0,-0.4199134199134199,-2.5244140625,-1.8047819137573242,False,False
codecontests_cpp_457,v,-0.5497835497835498,-0.4199134199134199,-0.12987012987012986,-2.7392578125,-2.5263671875,False,False
codecontests_cpp_457,z,-0.7489177489177489,-0.30735930735930733,-0.44155844155844154,-3.060546875,-2.3387451171875,False,False
codecontests_java_457,q,0.10625,0.1125,-0.00625,-8.92578125,-8.8741455078125,False,False
codecontests_java_457,k,0.290625,0.15625,0.134375,-7.0927581787109375,-8.43703842163086,False,False
codecontests_java_457,v,0.215625,0.175,0.040625,-7.843868732452393,-8.248199462890625,False,False
codecontests_java_457,z,0.125,0.04375,0.08125,-8.74383544921875,-9.560615539550781,False,False
mbpp_python_457,q,-0.13636363636363635,-0.10227272727272728,-0.03409090909090909,-3.12109375,-3.028961181640625,False,False
mbpp_python_457,k,-0.125,-0.125,0.0,-3.087860107421875,-3.091522216796875,False,False
mbpp_python_457,v,-0.13636363636363635,-0.0625,-0.07386363636363637,-3.122589111328125,-2.9209556579589844,False,False
mbpp_python_457,z,-0.056818181818181816,-0.125,0.06818181818181818,-2.898468017578125,-3.088775634765625,False,False
apps_python_458,q,-0.09722222222222222,-0.037037037037037035,-0.06018518518518518,-3.701080322265625,-3.498809814453125,False,False
apps_python_458,k,-0.37037037037037035,0.032407407407407406,-0.4027777777777778,-4.6090087890625,-3.2641983032226562,False,False
apps_python_458,v,-0.06481481481481481,-0.037037037037037035,-0.027777777777777776,-3.5930633544921875,-3.49853515625,False,False
apps_python_458,z,-0.10185185185185185,-0.037037037037037035,-0.06481481481481481,-3.7173309326171875,-3.498626708984375,False,False
codecontests_cpp_458,q,0.10215053763440861,-0.10215053763440861,0.20430107526881722,-5.21685791015625,-6.404808044433594,False,False
codecontests_cpp_458,k,-0.08064516129032258,0.0,-0.08064516129032258,-6.281203746795654,-5.812257766723633,False,False
codecontests_cpp_458,v,0.08064516129032258,0.0,0.08064516129032258,-5.344106674194336,-5.813465118408203,False,False
codecontests_cpp_458,z,-0.10215053763440861,-0.04838709677419355,-0.053763440860215055,-6.406435966491699,-6.092384338378906,False,False
codecontests_java_458,q,-0.23348017621145375,-0.1145374449339207,-0.11894273127753303,-8.746185302734375,-7.905712127685547,False,False
codecontests_java_458,k,0.2511013215859031,0.2026431718061674,0.048458149779735685,-5.304718017578125,-5.651947021484375,False,False
codecontests_java_458,v,0.11894273127753303,0.02643171806167401,0.09251101321585903,-6.250099182128906,-6.9042510986328125,False,False
codecontests_java_458,z,-0.022026431718061675,-0.022026431718061675,0.0,-7.243255615234375,-7.24627685546875,False,False
mbpp_python_458,q,0.09606986899563319,-0.03056768558951965,0.12663755458515283,-3.2327041625976562,-3.6866493225097656,False,False
mbpp_python_458,k,0.1965065502183406,0.13100436681222707,0.06550218340611354,-2.865478515625,-3.1064300537109375,False,False
mbpp_python_458,v,-0.03056768558951965,0.10043668122270742,-0.13100436681222707,-3.6863479614257812,-3.2162628173828125,False,False
mbpp_python_458,z,0.0,0.004366812227074236,-0.004366812227074236,-3.5771713256835938,-3.5609207153320312,False,False
apps_python_459,q,0.09696969696969697,0.07878787878787878,0.01818181818181818,-4.65338134765625,-4.747772216796875,False,False
apps_python_459,k,-0.024242424242424242,0.05454545454545454,-0.07878787878787878,-5.2804718017578125,-4.874538421630859,False,False
apps_python_459,v,0.0,-0.06666666666666667,0.06666666666666667,-5.1556854248046875,-5.498741149902344,False,False
apps_python_459,z,0.048484848484848485,0.09696969696969697,-0.048484848484848485,-4.905612945556641,-4.655284881591797,False,False
codecontests_java_459,q,0.18875502008032127,0.08032128514056225,0.10843373493975904,-6.30999755859375,-7.1547393798828125,False,False
codecontests_java_459,k,0.3453815261044177,0.27710843373493976,0.06827309236947791,-5.089080810546875,-5.618194580078125,False,False
codecontests_java_459,v,0.22088353413654618,0.2289156626506024,-0.008032128514056224,-6.0595245361328125,-5.989501953125,False,False
codecontests_java_459,z,0.18875502008032127,0.25301204819277107,-0.0642570281124498,-6.311485290527344,-5.8090972900390625,False,False
mbpp_python_459,q,0.15019762845849802,0.09486166007905138,0.05533596837944664,-3.352630615234375,-3.57403564453125,False,False
mbpp_python_459,k,0.007905138339920948,-0.05138339920948617,0.05928853754940711,-3.9180908203125,-4.155487060546875,False,False
mbpp_python_459,v,-0.06719367588932806,0.1225296442687747,-0.18972332015810275,-4.219524383544922,-3.462493896484375,False,False
mbpp_python_459,z,0.08695652173913043,0.17786561264822134,-0.09090909090909091,-3.6083755493164062,-3.23681640625,False,False
mbpp_python_460,q,0.029045643153526972,-0.04564315352697095,0.07468879668049792,-3.6544952392578125,-3.930908203125,False,False
mbpp_python_460,k,0.25311203319502074,0.17842323651452283,0.07468879668049792,-2.76953125,-3.0826416015625,False,False
mbpp_python_460,v,0.1991701244813278,0.17842323651452283,0.02074688796680498,-3.00775146484375,-3.0841064453125,False,False
mbpp_python_460,z,-0.07053941908713693,-0.16182572614107885,0.0912863070539419,-4.0169677734375,-4.3665771484375,False,False
apps_python_461,q,0.0603448275862069,0.0603448275862069,0.0,-3.4050369262695312,-3.405242919921875,False,False
apps_python_461,k,0.15948275862068967,-0.034482758620689655,0.1939655172413793,-3.0419921875,-3.749431610107422,False,False
apps_python_461,v,0.0,0.125,-0.125,-3.6243820190429688,-3.1689605712890625,False,False
apps_python_461,z,0.09482758620689655,0.09913793103448276,-0.004310344827586207,-3.2791595458984375,-3.261962890625,False,False
codecontests_java_461,q,-0.03910614525139665,0.11731843575418995,-0.1564245810055866,-2.9051742553710938,-2.464569091796875,False,False
codecontests_java_461,k,0.03910614525139665,-0.16759776536312848,0.20670391061452514,-2.6852264404296875,-3.25750732421875,False,False
codecontests_java_461,v,0.08379888268156424,0.03910614525139665,0.0446927374301676,-2.5601654052734375,-2.6861190795898438,False,False
codecontests_java_461,z,-0.08379888268156424,0.11731843575418995,-0.2011173184357542,-3.02880859375,-2.464630126953125,False,False
apps_python_462,q,-0.21739130434782608,-0.16205533596837945,-0.05533596837944664,-2.39642333984375,-2.2899169921875,False,False
apps_python_462,k,-0.5335968379446641,0.007905138339920948,-0.541501976284585,-2.98095703125,-1.954071044921875,False,False
apps_python_462,v,-0.3201581027667984,0.015810276679841896,-0.3359683794466403,-2.5894775390625,-1.940582275390625,False,False
apps_python_462,z,-0.383399209486166,-0.32806324110671936,-0.05533596837944664,-2.707275390625,-2.6031494140625,False,False
codecontests_java_462,q,-0.030534351145038167,-0.10687022900763359,0.07633587786259542,-4.218212127685547,-4.5288848876953125,False,False
codecontests_java_462,k,-0.08396946564885496,0.022900763358778626,-0.10687022900763359,-4.4351806640625,-3.9963226318359375,False,False
codecontests_java_462,v,0.022900763358778626,0.0,0.022900763358778626,-3.9967041015625,-4.093695640563965,False,False
codecontests_java_462,z,0.08396946564885496,0.05343511450381679,0.030534351145038167,-3.7462310791015625,-3.87109375,False,False
apps_python_463,q,0.09137055837563451,0.18274111675126903,-0.09137055837563451,-5.592254638671875,-5.0291290283203125,False,False
apps_python_463,k,0.12690355329949238,0.02030456852791878,0.1065989847715736,-5.372802734375,-6.029869079589844,False,False
apps_python_463,v,0.07614213197969544,0.07614213197969544,0.0,-5.684234619140625,-5.685768127441406,False,False
apps_python_463,z,0.14720812182741116,0.09137055837563451,0.05583756345177665,-5.248359680175781,-5.592010498046875,False,False
codecontests_cpp_463,q,-0.02912621359223301,-0.2087378640776699,0.1796116504854369,-3.3106231689453125,-3.88018798828125,False,False
codecontests_cpp_463,k,-0.02912621359223301,-0.1407766990291262,0.11165048543689321,-3.3104248046875,-3.667327880859375,False,False
codecontests_cpp_463,v,-0.6019417475728155,-0.4854368932038835,-0.11650485436893204,-5.114013671875,-4.7529296875,False,False
codecontests_cpp_463,z,-0.21844660194174756,-0.21844660194174756,0.0,-3.914703369140625,-3.912353515625,False,False
codecontests_java_463,q,0.08620689655172414,0.08620689655172414,0.0,-9.933258056640625,-9.937376022338867,False,False
codecontests_java_463,k,0.10919540229885058,0.05172413793103448,0.05747126436781609,-9.677978515625,-10.3004150390625,False,False
codecontests_java_463,v,0.21839080459770116,0.14942528735632185,0.06896551724137931,-8.496292114257812,-9.243682861328125,False,False
codecontests_java_463,z,0.21264367816091953,0.12643678160919541,0.08620689655172414,-8.55206298828125,-9.497543334960938,False,False
apps_python_464,q,0.0297029702970297,-0.0049504950495049506,0.034653465346534656,-3.061656951904297,-3.1713294982910156,False,False
apps_python_464,k,-0.039603960396039604,-0.13861386138613863,0.09900990099009901,-3.28033447265625,-3.5908966064453125,False,False
apps_python_464,v,-0.10396039603960396,-0.10396039603960396,0.0,-3.4831085205078125,-3.4827041625976562,False,False
apps_python_464,z,0.0297029702970297,0.0297029702970297,0.0,-3.0615158081054688,-3.061798095703125,False,False
codecontests_java_464,q,0.0975609756097561,0.08292682926829269,0.014634146341463415,-2.886566162109375,-2.93414306640625,False,False
codecontests_java_464,k,0.4121951219512195,0.23414634146341465,0.17804878048780487,-1.81787109375,-2.4329833984375,False,False
codecontests_java_464,v,0.24390243902439024,0.2146341463414634,0.02926829268292683,-2.404296875,-2.50244140625,False,False
codecontests_java_464,z,0.07317073170731707,0.11219512195121951,-0.03902439024390244,-2.9670562744140625,-2.83856201171875,False,False
codecontests_java_465,q,-0.03669724770642202,-0.03669724770642202,0.0,-3.52911376953125,-3.5305519104003906,False,False
codecontests_java_465,k,0.20642201834862386,0.11467889908256881,0.09174311926605505,-2.6900634765625,-3.009918212890625,False,False
codecontests_java_465,v,0.10550458715596331,0.1743119266055046,-0.06880733944954129,-3.0442352294921875,-2.80291748046875,False,False
codecontests_java_465,z,0.21559633027522937,0.0779816513761468,0.13761467889908258,-2.6561279296875,-3.13531494140625,False,False
apps_python_466,q,0.0,-0.11188811188811189,0.11188811188811189,-4.4680633544921875,-4.968960762023926,False,False
apps_python_466,k,-0.1048951048951049,-0.02097902097902098,-0.08391608391608392,-4.936042785644531,-4.562831878662109,False,False
apps_python_466,v,-0.09090909090909091,-0.08391608391608392,-0.006993006993006993,-4.8730010986328125,-4.844011306762695,False,False
apps_python_466,z,-0.027972027972027972,0.03496503496503497,-0.06293706293706294,-4.594978332519531,-4.307373046875,False,False
codecontests_java_466,q,-0.07865168539325842,-0.42696629213483145,0.34831460674157305,-2.9986801147460938,-3.937255859375,False,False
codecontests_java_466,k,0.12359550561797752,0.16292134831460675,-0.03932584269662921,-2.43310546875,-2.31915283203125,False,False
codecontests_java_466,v,-0.07865168539325842,0.0,-0.07865168539325842,-2.9982528686523438,-2.7807998657226562,False,False
codecontests_java_466,z,-0.20786516853932585,0.0,-0.20786516853932585,-3.34967041015625,-2.7805557250976562,False,False
codecontests_java_467,q,0.027649769585253458,-0.11059907834101383,0.1382488479262673,-3.2973384857177734,-3.7638931274414062,False,False
codecontests_java_467,k,-0.15668202764976957,-0.06912442396313365,-0.08755760368663594,-3.915679931640625,-3.625530242919922,False,False
codecontests_java_467,v,-0.02304147465437788,-0.06451612903225806,0.041474654377880185,-3.468764543533325,-3.6083984375,False,False
codecontests_java_467,z,0.004608294930875576,0.10599078341013825,-0.10138248847926268,-3.3755264282226562,-3.0318145751953125,False,False
apps_python_468,q,0.04,0.095,-0.055,-2.9990005493164062,-2.8263397216796875,False,False
apps_python_468,k,0.04,0.005,0.035,-2.994476318359375,-3.1044921875,False,False
apps_python_468,v,-0.065,-0.09,0.025,-3.326812744140625,-3.405792236328125,False,False
apps_python_468,z,0.0,0.1,-0.1,-3.1252241134643555,-2.8101043701171875,False,False
codecontests_cpp_468,q,-0.7628865979381443,-0.4742268041237113,-0.28865979381443296,-2.57763671875,-2.19189453125,False,False
codecontests_cpp_468,k,-0.6082474226804123,-0.4742268041237113,-0.13402061855670103,-2.37451171875,-2.19189453125,False,False
codecontests_cpp_468,v,-0.9896907216494846,-0.9072164948453608,-0.08247422680412371,-2.87109375,-2.76611328125,False,False
codecontests_cpp_468,z,-0.3917525773195876,-0.4639175257731959,0.07216494845360824,-2.0782470703125,-2.17822265625,False,False
codecontests_java_468,q,-0.00684931506849315,-0.0547945205479452,0.04794520547945205,-4.58782958984375,-4.810768127441406,False,False
codecontests_java_468,k,0.3287671232876712,0.19863013698630136,0.13013698630136986,-3.037109375,-3.64111328125,False,False
codecontests_java_468,v,0.3047945205479452,0.3801369863013699,-0.07534246575342465,-3.1495361328125,-2.7939453125,False,False
codecontests_java_468,z,0.2089041095890411,0.3356164383561644,-0.1267123287671233,-3.6025390625,-3.01025390625,False,False
apps_python_469,q,-0.004524886877828055,-0.06787330316742081,0.06334841628959276,-3.4672698974609375,-3.686370849609375,False,False
apps_python_469,k,0.03167420814479638,0.03619909502262444,-0.004524886877828055,-3.3422317504882812,-3.326873779296875,False,False
apps_python_469,v,-0.03167420814479638,-0.167420814479638,0.13574660633484162,-3.559661865234375,-4.0267333984375,False,False
apps_python_469,z,0.06787330316742081,0.03619909502262444,0.03167420814479638,-3.2154693603515625,-3.326751708984375,False,False
codecontests_cpp_469,q,-0.2894736842105263,-0.05789473684210526,-0.23157894736842105,-3.803955078125,-3.13446044921875,False,False
codecontests_cpp_469,k,0.08947368421052632,0.15263157894736842,-0.06315789473684211,-2.6997833251953125,-2.50885009765625,False,False
codecontests_cpp_469,v,-0.11578947368421053,-0.11052631578947368,-0.005263157894736842,-3.2877197265625,-3.2929840087890625,False,False
codecontests_cpp_469,z,-0.09473684210526316,-0.11052631578947368,0.015789473684210527,-3.243194580078125,-3.292938232421875,False,False
codecontests_java_469,q,0.03225806451612903,-0.1774193548387097,0.20967741935483872,-3.74688720703125,-4.557220458984375,False,False
codecontests_java_469,k,-0.06451612903225806,0.08870967741935484,-0.1532258064516129,-4.1226959228515625,-3.5272216796875,False,False
codecontests_java_469,v,-0.3467741935483871,-0.04032258064516129,-0.3064516129032258,-5.2003173828125,-4.02532958984375,False,False
codecontests_java_469,z,0.1532258064516129,0.12096774193548387,0.03225806451612903,-3.274993896484375,-3.401885986328125,False,False
apps_python_470,q,0.22151898734177214,0.1962025316455696,0.02531645569620253,-3.818115234375,-3.95318603515625,False,False
apps_python_470,k,0.056962025316455694,-0.012658227848101266,0.06962025316455696,-4.655708312988281,-5.000131607055664,False,False
apps_python_470,v,0.0189873417721519,-0.02531645569620253,0.04430379746835443,-4.843923568725586,-5.0621490478515625,False,False
apps_python_470,z,0.1962025316455696,0.21518987341772153,-0.0189873417721519,-3.9437255859375,-3.8592529296875,False,False
codecontests_cpp_470,q,-0.05389221556886228,-0.07784431137724551,0.023952095808383235,-5.49871826171875,-5.6227874755859375,False,False
codecontests_cpp_470,k,-0.23353293413173654,-0.10179640718562874,-0.1317365269461078,-6.43316650390625,-5.74591064453125,False,False
codecontests_cpp_470,v,-0.18562874251497005,-0.2634730538922156,0.07784431137724551,-6.184906005859375,-6.589202880859375,False,False
codecontests_cpp_470,z,-0.2874251497005988,0.11377245508982035,-0.40119760479041916,-6.71337890625,-4.62109375,False,False
codecontests_java_470,q,-0.12121212121212122,-0.08080808080808081,-0.04040404040404041,-13.87384033203125,-13.374408721923828,False,False
codecontests_java_470,k,-0.045454545454545456,-0.005050505050505051,-0.04040404040404041,-12.93736457824707,-12.436012268066406,False,False
codecontests_java_470,v,-0.04040404040404041,-0.020202020202020204,-0.020202020202020204,-12.872848510742188,-12.624534606933594,False,False
codecontests_java_470,z,-0.08080808080808081,-0.05555555555555555,-0.025252525252525252,-13.374492645263672,-13.061805725097656,False,False
codecontests_java_471,q,-0.15819209039548024,-0.2033898305084746,0.04519774011299435,-6.405805587768555,-6.654144287109375,False,False
codecontests_java_471,k,-0.06779661016949153,-0.022598870056497175,-0.04519774011299435,-5.90118408203125,-5.656228542327881,False,False
codecontests_java_471,v,-0.22598870056497175,-0.04519774011299435,-0.1807909604519774,-6.7784881591796875,-5.7806243896484375,False,False
codecontests_java_471,z,0.0847457627118644,0.12994350282485875,-0.04519774011299435,-5.0596923828125,-4.811759948730469,False,False
apps_python_472,q,0.029535864978902954,0.05063291139240506,-0.02109704641350211,-7.1847686767578125,-7.030742645263672,False,False
apps_python_472,k,0.29535864978902954,0.2109704641350211,0.08438818565400844,-5.20379638671875,-5.83056640625,False,False
apps_python_472,v,0.22784810126582278,0.15611814345991562,0.07172995780590717,-5.697509765625,-6.243011474609375,False,False
apps_python_472,z,0.07172995780590717,0.05485232067510549,0.016877637130801686,-6.872283935546875,-6.99456787109375,False,False
codecontests_cpp_472,q,-0.10628019323671498,-0.15942028985507245,0.05314009661835749,-3.5770721435546875,-3.743377685546875,False,False
codecontests_cpp_472,k,0.05314009661835749,0.1497584541062802,-0.0966183574879227,-3.052734375,-2.728515625,False,False
codecontests_cpp_472,v,0.14009661835748793,0.13526570048309178,0.004830917874396135,-2.7774505615234375,-2.7930755615234375,False,False
codecontests_cpp_472,z,-0.1497584541062802,-0.15942028985507245,0.00966183574879227,-3.7149505615234375,-3.74346923828125,False,False
codecontests_java_472,q,-0.14427860696517414,-0.17412935323383086,0.029850746268656716,-7.1781005859375,-7.372802734375,False,False
codecontests_java_472,k,0.004975124378109453,-0.10945273631840796,0.11442786069651742,-6.2296142578125,-6.9654693603515625,False,False
codecontests_java_472,v,-0.014925373134328358,-0.13432835820895522,0.11940298507462686,-6.37017822265625,-7.123298645019531,False,False
codecontests_java_472,z,-0.0845771144278607,-0.15422885572139303,0.06965174129353234,-6.7901611328125,-7.244476318359375,False,False
apps_python_473,q,0.03375527426160337,0.09282700421940929,-0.05907172995780591,-3.577484130859375,-3.356048583984375,False,False
apps_python_473,k,0.12236286919831224,0.1518987341772152,-0.029535864978902954,-3.24627685546875,-3.137054443359375,False,False
apps_python_473,v,-0.06751054852320675,0.14767932489451477,-0.21518987341772153,-3.94329833984375,-3.15069580078125,False,False
apps_python_473,z,0.09282700421940929,0.12658227848101267,-0.03375527426160337,-3.3575515747070312,-3.227325439453125,False,False
codecontests_cpp_473,q,-0.09803921568627451,-0.06372549019607843,-0.03431372549019608,-3.4975128173828125,-3.3889312744140625,False,False
codecontests_cpp_473,k,0.04411764705882353,-0.1323529411764706,0.17647058823529413,-3.0455551147460938,-3.60174560546875,False,False
codecontests_cpp_473,v,-0.0196078431372549,-0.03431372549019608,0.014705882352941176,-3.24676513671875,-3.2957611083984375,False,False
codecontests_cpp_473,z,-0.17647058823529413,-0.2647058823529412,0.08823529411764706,-3.74462890625,-4.02178955078125,False,False
codecontests_java_473,q,-0.1095890410958904,0.045662100456621,-0.1552511415525114,-7.592292785644531,-6.52911376953125,False,False
codecontests_java_473,k,-0.091324200913242,0.0639269406392694,-0.1552511415525114,-7.46844482421875,-6.404777526855469,False,False
codecontests_java_473,v,0.0045662100456621,-0.0776255707762557,0.0821917808219178,-6.8098907470703125,-7.36834716796875,False,False
codecontests_java_473,z,-0.1552511415525114,0.0410958904109589,-0.1963470319634703,-7.8975830078125,-6.5597686767578125,False,False
apps_python_474,q,-0.0736196319018405,-0.006134969325153374,-0.06748466257668712,-5.464813232421875,-5.123191833496094,False,False
apps_python_474,k,-0.0736196319018405,-0.09202453987730061,0.018404907975460124,-5.46185302734375,-5.562272071838379,False,False
apps_python_474,v,-0.09815950920245399,-0.09815950920245399,0.0,-5.589263916015625,-5.58563232421875,False,False
apps_python_474,z,-0.06748466257668712,-0.049079754601226995,-0.018404907975460124,-5.437768936157227,-5.344470977783203,False,False
codecontests_java_474,q,-0.027624309392265192,-0.10497237569060773,0.07734806629834254,-5.8089141845703125,-6.2495574951171875,False,False
codecontests_java_474,k,0.04419889502762431,-0.09944751381215469,0.143646408839779,-5.3876953125,-6.177001953125,False,False
codecontests_java_474,v,-0.022099447513812154,-0.08287292817679558,0.06077348066298342,-5.7784881591796875,-6.11114501953125,False,False
codecontests_java_474,z,0.07734806629834254,0.1712707182320442,-0.09392265193370165,-5.211029052734375,-4.68377685546875,False,False
apps_python_475,q,0.0,-0.04861111111111111,0.04861111111111111,-4.4979705810546875,-4.71673583984375,False,False
apps_python_475,k,0.027777777777777776,-0.06944444444444445,0.09722222222222222,-4.374734878540039,-4.80706787109375,False,False
apps_python_475,v,0.1111111111111111,0.1875,-0.0763888888888889,-3.9983367919921875,-3.64776611328125,False,False
apps_python_475,z,0.21180555555555555,0.1388888888888889,0.07291666666666667,-3.537353515625,-3.86334228515625,False,False
codecontests_cpp_475,q,0.09090909090909091,0.06060606060606061,0.030303030303030304,-3.7452392578125,-3.8717041015625,False,False
codecontests_cpp_475,k,0.0946969696969697,-0.09848484848484848,0.19318181818181818,-3.7309417724609375,-4.52435302734375,False,False
codecontests_cpp_475,v,0.06818181818181818,0.0,0.06818181818181818,-3.8401031494140625,-4.1217498779296875,False,False
codecontests_cpp_475,z,-0.15151515151515152,0.0946969696969697,-0.24621212121212122,-4.74530029296875,-3.731842041015625,False,False
codecontests_java_475,q,0.013333333333333334,0.12,-0.10666666666666667,-9.250110626220703,-8.245880126953125,False,False
codecontests_java_475,k,0.04666666666666667,0.14,-0.09333333333333334,-8.936969757080078,-8.057281494140625,False,False
codecontests_java_475,v,0.08666666666666667,0.14666666666666667,-0.06,-8.557708740234375,-7.9972076416015625,False,False
codecontests_java_475,z,0.18666666666666668,0.14666666666666667,0.04,-7.620849609375,-7.9959716796875,False,False
apps_python_476,q,-0.1450980392156863,-0.06666666666666667,-0.0784313725490196,-4.560905456542969,-4.24212646484375,False,False
apps_python_476,k,-0.20784313725490197,-0.2627450980392157,0.054901960784313725,-4.80279541015625,-5.02447509765625,False,False
apps_python_476,v,-0.10588235294117647,-0.11372549019607843,0.00784313725490196,-4.403533935546875,-4.4295654296875,False,False
apps_python_476,z,0.03137254901960784,-0.1607843137254902,0.19215686274509805,-3.855316162109375,-4.62286376953125,False,False
codecontests_cpp_476,q,-0.04375,-0.025,-0.01875,-5.2168731689453125,-5.124485015869141,False,False
codecontests_cpp_476,k,0.15625,0.08125,0.075,-4.217792510986328,-4.5926055908203125,False,False
codecontests_cpp_476,v,0.0375,0.11875,-0.08125,-4.81109619140625,-4.404609680175781,False,False
codecontests_cpp_476,z,0.075,-0.00625,0.08125,-4.6222686767578125,-5.02655029296875,False,False
codecontests_java_476,q,-0.027649769585253458,-0.10599078341013825,0.07834101382488479,-6.968928337097168,-7.500075340270996,False,False
codecontests_java_476,k,0.10138248847926268,0.12903225806451613,-0.027649769585253458,-6.08807373046875,-5.9034423828125,False,False
codecontests_java_476,v,0.03686635944700461,0.06451612903225806,-0.027649769585253458,-6.52911376953125,-6.342582702636719,False,False
codecontests_java_476,z,0.14285714285714285,0.06451612903225806,0.07834101382488479,-5.8094024658203125,-6.3382568359375,False,False
apps_python_477,q,0.043478260869565216,0.13768115942028986,-0.09420289855072464,-4.118560791015625,-3.711761474609375,False,False
apps_python_477,k,0.036231884057971016,0.08333333333333333,-0.04710144927536232,-4.156264007091522,-3.9514083862304688,False,False
apps_python_477,v,0.09782608695652174,0.09782608695652174,0.0,-3.8875274658203125,-3.8881378173828125,False,False
apps_python_477,z,0.050724637681159424,0.16666666666666666,-0.11594202898550725,-4.0934295654296875,-3.57867431640625,False,False
codecontests_cpp_477,q,0.2054263565891473,-0.09302325581395349,0.29844961240310075,-3.19805908203125,-4.4024200439453125,False,False
codecontests_cpp_477,k,-0.10077519379844961,-0.17054263565891473,0.06976744186046512,-4.434173583984375,-4.70721435546875,False,False
codecontests_cpp_477,v,-0.2713178294573643,-0.08527131782945736,-0.18604651162790697,-5.11614990234375,-4.36456298828125,False,False
codecontests_cpp_477,z,-0.06976744186046512,-0.08527131782945736,0.015503875968992248,-4.307464599609375,-4.365966796875,False,False
codecontests_java_477,q,0.0967741935483871,-0.04838709677419355,0.14516129032258066,-6.999839782714844,-8.12396240234375,False,False
codecontests_java_477,k,0.12096774193548387,0.15725806451612903,-0.036290322580645164,-6.8103790283203125,-6.530426025390625,False,False
codecontests_java_477,v,-0.11290322580645161,0.04838709677419355,-0.16129032258064516,-8.619384765625,-7.372894287109375,False,False
codecontests_java_477,z,0.2056451612903226,0.06451612903225806,0.14112903225806453,-6.155916213989258,-7.249233245849609,False,False
apps_python_478,q,0.030837004405286344,0.030837004405286344,0.0,-3.43695068359375,-3.436656951904297,False,False
apps_python_478,k,-0.09691629955947137,-0.09691629955947137,0.0,-3.8888473510742188,-3.8892974853515625,False,False
apps_python_478,v,0.030837004405286344,0.0,0.030837004405286344,-3.4367027282714844,-3.546337127685547,False,False
apps_python_478,z,-0.09691629955947137,-0.09691629955947137,0.0,-3.8894424438476562,-3.8893966674804688,False,False
apps_python_479,q,-0.20437956204379562,-0.26277372262773724,0.058394160583941604,-2.56866455078125,-2.6873779296875,False,False
apps_python_479,k,-0.6423357664233577,-0.4744525547445255,-0.1678832116788321,-3.44677734375,-3.1142578125,False,False
apps_python_479,v,-0.48175182481751827,-0.26277372262773724,-0.21897810218978103,-3.127685546875,-2.687255859375,False,False
apps_python_479,z,-0.30656934306569344,-0.10218978102189781,-0.20437956204379562,-2.7762451171875,-2.357330322265625,False,False
codecontests_cpp_479,q,0.16363636363636364,-0.10909090909090909,0.2727272727272727,-2.8663330078125,-3.8090057373046875,False,False
codecontests_cpp_479,k,0.1590909090909091,0.022727272727272728,0.13636363636363635,-2.87884521484375,-3.35400390625,False,False
codecontests_cpp_479,v,0.12272727272727273,-0.18181818181818182,0.30454545454545456,-3.0040283203125,-4.05389404296875,False,False
codecontests_cpp_479,z,0.2318181818181818,-0.04090909090909091,0.2727272727272727,-2.6270751953125,-3.57525634765625,False,False
codecontests_java_479,q,-0.01282051282051282,0.01282051282051282,-0.02564102564102564,-9.874080657958984,-9.624492645263672,False,False
codecontests_java_479,k,-0.01282051282051282,-0.07692307692307693,0.0641025641025641,-9.874382019042969,-10.498985290527344,False,False
codecontests_java_479,v,0.07692307692307693,0.09615384615384616,-0.019230769230769232,-8.999711990356445,-8.8057861328125,False,False
codecontests_java_479,z,0.0,0.038461538461538464,-0.038461538461538464,-9.748725891113281,-9.373054504394531,False,False
apps_python_480,q,-0.14622641509433962,-0.0330188679245283,-0.11320754716981132,-3.794921875,-3.4208755493164062,False,False
apps_python_480,k,-0.08018867924528301,-0.2169811320754717,0.13679245283018868,-3.575408935546875,-4.02532958984375,False,False
apps_python_480,v,-0.2169811320754717,-0.07547169811320754,-0.14150943396226415,-4.024810791015625,-3.5613861083984375,False,False
apps_python_480,z,-0.10849056603773585,-0.10849056603773585,0.0,-3.670379638671875,-3.6704254150390625,False,False
apps_python_481,q,0.270935960591133,0.2561576354679803,0.014778325123152709,-4.61956787109375,-4.711212158203125,False,False
apps_python_481,k,0.17733990147783252,0.08866995073891626,0.08866995073891626,-5.2162017822265625,-5.7791290283203125,False,False
apps_python_481,v,0.1625615763546798,0.2315270935960591,-0.06896551724137931,-5.307403564453125,-4.8713226318359375,False,False
apps_python_481,z,0.054187192118226604,0.12315270935960591,-0.06896551724137931,-5.999834060668945,-5.5601959228515625,False,False
codecontests_cpp_481,q,-0.1935483870967742,-0.01935483870967742,-0.17419354838709677,-5.780590057373047,-4.936550140380859,False,False
codecontests_cpp_481,k,0.01935483870967742,-0.0967741935483871,0.11612903225806452,-4.7494354248046875,-5.312717437744141,False,False
codecontests_cpp_481,v,0.14838709677419354,0.16774193548387098,-0.01935483870967742,-4.1229095458984375,-4.027923583984375,False,False
codecontests_cpp_481,z,0.24516129032258063,0.14838709677419354,0.0967741935483871,-3.6490478515625,-4.1234893798828125,False,False
codecontests_java_481,q,0.043795620437956206,-0.021897810218978103,0.06569343065693431,-8.187325477600098,-8.747879028320312,False,False
codecontests_java_481,k,-0.16058394160583941,-0.19708029197080293,0.0364963503649635,-9.937326431274414,-10.249469757080078,False,False
codecontests_java_481,v,-0.0364963503649635,-0.051094890510948905,0.014598540145985401,-8.875078201293945,-9.000297546386719,False,False
codecontests_java_481,z,0.043795620437956206,-0.014598540145985401,0.058394160583941604,-8.186813354492188,-8.688400268554688,False,False
apps_python_482,q,0.006060606060606061,0.09090909090909091,-0.08484848484848485,-5.124217987060547,-4.687049865722656,False,False
apps_python_482,k,0.3333333333333333,0.3393939393939394,-0.006060606060606061,-3.42236328125,-3.39111328125,False,False
apps_python_482,v,0.24545454545454545,0.18181818181818182,0.06363636363636363,-3.88262939453125,-4.214752197265625,False,False
apps_python_482,z,0.16363636363636364,0.18181818181818182,-0.01818181818181818,-4.3038330078125,-4.21478271484375,False,False
codecontests_java_482,q,0.20540540540540542,0.16216216216216217,0.043243243243243246,-4.591339111328125,-4.8411407470703125,False,False
codecontests_java_482,k,0.2972972972972973,0.2810810810810811,0.016216216216216217,-4.04541015625,-4.1456298828125,False,False
codecontests_java_482,v,0.3864864864864865,0.23783783783783785,0.14864864864864866,-3.53204345703125,-4.399993896484375,False,False
codecontests_java_482,z,0.2810810810810811,0.1837837837837838,0.0972972972972973,-4.1444091796875,-4.71466064453125,False,False
apps_python_483,q,-0.06435643564356436,0.12871287128712872,-0.19306930693069307,-3.358684539794922,-2.7470855712890625,False,False
apps_python_483,k,0.16336633663366337,0.09405940594059406,0.06930693069306931,-2.63653564453125,-2.857818603515625,False,False
apps_python_483,v,-0.16336633663366337,0.0049504950495049506,-0.16831683168316833,-3.6692047119140625,-3.1377716064453125,False,False
apps_python_483,z,0.06930693069306931,0.06930693069306931,0.0,-2.9365386962890625,-2.93646240234375,False,False
codecontests_cpp_483,q,0.15517241379310345,-0.022988505747126436,0.1781609195402299,-4.589874267578125,-5.561687469482422,False,False
codecontests_cpp_483,k,0.367816091954023,0.022988505747126436,0.3448275862068966,-3.4208984375,-5.311931610107422,False,False
codecontests_cpp_483,v,0.20114942528735633,0.10344827586206896,0.09770114942528736,-4.33978271484375,-4.874271392822266,False,False
codecontests_cpp_483,z,0.040229885057471264,-0.07471264367816093,0.11494252873563218,-5.218681335449219,-5.843400955200195,False,False
codecontests_java_483,q,-0.05555555555555555,-0.027777777777777776,-0.027777777777777776,-11.871002197265625,-11.557830810546875,False,False
codecontests_java_483,k,0.09444444444444444,0.0,0.09444444444444444,-10.1856689453125,-11.23980712890625,False,False
codecontests_java_483,v,0.06666666666666667,0.08333333333333333,-0.016666666666666666,-10.49212646484375,-10.310348510742188,False,False
codecontests_java_483,z,0.17777777777777778,0.03888888888888889,0.1388888888888889,-9.245880126953125,-10.81167984008789,False,False
apps_python_484,q,0.32894736842105265,0.32894736842105265,0.0,-3.980010986328125,-3.97967529296875,False,False
apps_python_484,k,0.22105263157894736,0.14736842105263157,0.07368421052631578,-4.620269775390625,-5.059600830078125,False,False
apps_python_484,v,0.3105263157894737,0.22105263157894736,0.08947368421052632,-4.0903167724609375,-4.623588562011719,False,False
apps_python_484,z,0.11052631578947368,0.22105263157894736,-0.11052631578947368,-5.280265808105469,-4.6233673095703125,False,False
codecontests_java_484,q,-0.16748768472906403,-0.11822660098522167,-0.04926108374384237,-7.405437469482422,-7.09039306640625,False,False
codecontests_java_484,k,-0.07389162561576355,-0.09852216748768473,0.024630541871921183,-6.813285827636719,-6.9688026905059814,False,False
codecontests_java_484,v,0.034482758620689655,-0.04433497536945813,0.07881773399014778,-6.1212921142578125,-6.61407470703125,False,False
codecontests_java_484,z,0.03940886699507389,-0.07389162561576355,0.11330049261083744,-6.0926971435546875,-6.81402587890625,False,False
apps_python_485,q,0.1643192488262911,0.13615023474178403,0.028169014084507043,-5.5450439453125,-5.746368408203125,False,False
apps_python_485,k,0.0892018779342723,-0.014084507042253521,0.10328638497652583,-6.058685302734375,-6.742431640625,False,False
apps_python_485,v,0.056338028169014086,-0.03755868544600939,0.09389671361502347,-6.279998779296875,-6.9050445556640625,False,False
apps_python_485,z,0.18309859154929578,0.06103286384976526,0.12206572769953052,-5.419677734375,-6.2478179931640625,False,False
codecontests_cpp_485,q,0.21794871794871795,0.15384615384615385,0.0641025641025641,-2.85089111328125,-3.089447021484375,False,False
codecontests_cpp_485,k,0.15384615384615385,0.05555555555555555,0.09829059829059829,-3.0900421142578125,-3.4513778686523438,False,False
codecontests_cpp_485,v,0.25213675213675213,0.18803418803418803,0.0641025641025641,-2.71990966796875,-2.9613037109375,False,False
codecontests_cpp_485,z,-0.06837606837606838,0.2094017094017094,-0.2777777777777778,-3.9038543701171875,-2.879638671875,False,False
codecontests_java_485,q,-0.02040816326530612,-0.027210884353741496,0.006802721088435374,-9.37447738647461,-9.437617301940918,False,False
codecontests_java_485,k,0.09523809523809523,0.10204081632653061,-0.006802721088435374,-8.308502197265625,-8.248123168945312,False,False
codecontests_java_485,v,0.061224489795918366,0.027210884353741496,0.034013605442176874,-8.62424087524414,-8.934402465820312,False,False
codecontests_java_485,z,-0.006802721088435374,-0.10204081632653061,0.09523809523809523,-9.249465942382812,-10.1229248046875,False,False
apps_python_486,q,0.195,-0.025,0.22,-2.5081787109375,-3.202739715576172,False,False
apps_python_486,k,-0.175,-0.24,0.065,-3.66241455078125,-3.866455078125,False,False
apps_python_486,v,-0.16,-0.135,-0.025,-3.62127685546875,-3.544830322265625,False,False
apps_python_486,z,-0.055,0.11,-0.165,-3.2961082458496094,-2.7784271240234375,False,False
codecontests_cpp_486,q,-0.056910569105691054,0.12195121951219512,-0.17886178861788618,-4.060272216796875,-3.371063232421875,False,False
codecontests_cpp_486,k,0.016260162601626018,-0.13821138211382114,0.15447154471544716,-3.7757568359375,-4.368621826171875,False,False
codecontests_cpp_486,v,0.008130081300813009,0.016260162601626018,-0.008130081300813009,-3.8108062744140625,-3.774322509765625,False,False
codecontests_cpp_486,z,0.06504065040650407,0.09349593495934959,-0.028455284552845527,-3.59112548828125,-3.480255126953125,False,False
codecontests_java_486,q,0.18023255813953487,0.06395348837209303,0.11627906976744186,-8.810501098632812,-10.06332015991211,False,False
codecontests_java_486,k,0.19186046511627908,0.16279069767441862,0.029069767441860465,-8.6824951171875,-8.9912109375,False,False
codecontests_java_486,v,0.12209302325581395,0.06395348837209303,0.05813953488372093,-9.432037353515625,-10.0545654296875,False,False
codecontests_java_486,z,0.09883720930232558,0.040697674418604654,0.05813953488372093,-9.683074951171875,-10.310630798339844,False,False
apps_python_487,q,0.0,0.07865168539325842,-0.07865168539325842,-2.7811193466186523,-2.5618324279785156,False,False
apps_python_487,k,-0.033707865168539325,0.11797752808988764,-0.15168539325842698,-2.8744125366210938,-2.4508514404296875,False,False
apps_python_487,v,0.033707865168539325,0.2303370786516854,-0.19662921348314608,-2.6861953735351562,-2.1280517578125,False,False
apps_python_487,z,0.11797752808988764,0.0,0.11797752808988764,-2.4508209228515625,-2.781890869140625,False,False
codecontests_java_487,q,-0.2246376811594203,-0.2391304347826087,0.014492753623188406,-5.27581787109375,-5.339202880859375,False,False
codecontests_java_487,k,0.38405797101449274,0.34057971014492755,0.043478260869565216,-2.626953125,-2.8199462890625,False,False
codecontests_java_487,v,0.35144927536231885,0.2971014492753623,0.05434782608695652,-2.775146484375,-3.01751708984375,False,False
codecontests_java_487,z,0.13768115942028986,-0.12318840579710146,0.2608695652173913,-3.7168731689453125,-4.838104248046875,False,False
apps_python_488,q,0.034482758620689655,0.07471264367816093,-0.040229885057471264,-2.6245956420898438,-2.5151405334472656,False,False
apps_python_488,k,-0.040229885057471264,0.10344827586206896,-0.14367816091954022,-2.8271751403808594,-2.4346923828125,False,False
apps_python_488,v,0.0,0.07471264367816093,-0.07471264367816093,-2.71527099609375,-2.51226806640625,False,False
apps_python_488,z,0.11494252873563218,-0.13793103448275862,0.25287356321839083,-2.401763916015625,-3.0863037109375,False,False
codecontests_cpp_488,q,-0.11940298507462686,0.04975124378109453,-0.1691542288557214,-3.4937744140625,-2.97613525390625,False,False
codecontests_cpp_488,k,0.0845771144278607,0.11940298507462686,-0.03482587064676617,-2.8665771484375,-2.75860595703125,False,False
codecontests_cpp_488,v,-0.12935323383084577,-0.3333333333333333,0.20398009950248755,-3.53546142578125,-4.1732177734375,False,False
codecontests_cpp_488,z,0.014925373134328358,-0.04975124378109453,0.06467661691542288,-3.08428955078125,-3.28216552734375,False,False
codecontests_java_488,q,0.049107142857142856,-0.12053571428571429,0.16964285714285715,-6.653594970703125,-7.842201232910156,False,False
codecontests_java_488,k,0.2544642857142857,0.20535714285714285,0.049107142857142856,-5.20916748046875,-5.55047607421875,False,False
codecontests_java_488,v,0.12946428571428573,0.10267857142857142,0.026785714285714284,-6.0904388427734375,-6.27227783203125,False,False
codecontests_java_488,z,0.16071428571428573,0.017857142857142856,0.14285714285714285,-5.8724517822265625,-6.87525749206543,False,False
apps_python_489,q,-0.46601941747572817,-0.2087378640776699,-0.25728155339805825,-4.692138671875,-3.87969970703125,False,False
apps_python_489,k,-0.038834951456310676,-0.21844660194174756,0.1796116504854369,-3.3409576416015625,-3.9114990234375,False,False
apps_python_489,v,0.21844660194174756,0.2912621359223301,-0.07281553398058252,-2.50177001953125,-2.24951171875,False,False
apps_python_489,z,-0.2087378640776699,-0.1407766990291262,-0.06796116504854369,-3.878662109375,-3.66229248046875,False,False
codecontests_java_489,q,0.10975609756097561,0.042682926829268296,0.06707317073170732,-9.125568389892578,-9.811317443847656,False,False
codecontests_java_489,k,0.24390243902439024,0.12804878048780488,0.11585365853658537,-7.743988037109375,-8.93353271484375,False,False
codecontests_java_489,v,0.1951219512195122,0.18292682926829268,0.012195121951219513,-8.243438720703125,-8.370574951171875,False,False
codecontests_java_489,z,0.12195121951219512,0.09146341463414634,0.03048780487804878,-8.998855590820312,-9.309722900390625,False,False
apps_python_490,q,0.0954356846473029,0.07468879668049792,0.02074688796680498,-6.812206268310547,-6.967765808105469,False,False
apps_python_490,k,0.06224066390041494,0.2074688796680498,-0.14522821576763487,-7.0598602294921875,-5.9654388427734375,False,False
apps_python_490,v,0.2863070539419087,0.2572614107883817,0.029045643153526972,-5.36846923828125,-5.59130859375,False,False
apps_python_490,z,0.0,0.016597510373443983,-0.016597510373443983,-7.530735015869141,-7.404449462890625,False,False
codecontests_cpp_490,q,-0.07514450867052024,-0.4682080924855491,0.3930635838150289,-2.906583786010742,-3.9395751953125,False,False
codecontests_cpp_490,k,-0.2947976878612717,-0.10982658959537572,-0.18497109826589594,-3.486328125,-2.995849609375,False,False
codecontests_cpp_490,v,-0.08092485549132948,-0.3352601156069364,0.2543352601156069,-2.9200515747070312,-3.5933837890625,False,False
codecontests_cpp_490,z,-0.12716763005780346,-0.2023121387283237,0.07514450867052024,-3.04095458984375,-3.242431640625,False,False
codecontests_java_490,q,-0.18674698795180722,-0.16265060240963855,-0.024096385542168676,-6.15301513671875,-6.023468017578125,False,False
codecontests_java_490,k,-0.024096385542168676,-0.1927710843373494,0.1686746987951807,-5.307037353515625,-6.185089111328125,False,False
codecontests_java_490,v,-0.27710843373493976,-0.4397590361445783,0.16265060240963855,-6.60955810546875,-7.45391845703125,False,False
codecontests_java_490,z,0.09036144578313253,0.0,0.09036144578313253,-4.7159881591796875,-5.185615539550781,False,False
apps_python_491,q,0.13414634146341464,0.08943089430894309,0.044715447154471545,-6.654998779296875,-6.995452880859375,False,False
apps_python_491,k,0.052845528455284556,0.02032520325203252,0.032520325203252036,-7.275909423828125,-7.52166748046875,False,False
apps_python_491,v,-0.04065040650406504,-0.036585365853658534,-0.0040650406504065045,-7.997711181640625,-7.95904541015625,False,False
apps_python_491,z,0.044715447154471545,0.16666666666666666,-0.12195121951219512,-7.342796325683594,-6.4034576416015625,False,False
codecontests_java_491,q,0.1291866028708134,0.09090909090909091,0.03827751196172249,-5.684326171875,-5.935569763183594,False,False
codecontests_java_491,k,0.09090909090909091,0.20095693779904306,-0.11004784688995216,-5.93328857421875,-5.20849609375,False,False
codecontests_java_491,v,0.03349282296650718,0.06220095693779904,-0.028708133971291867,-6.2813720703125,-6.11199951171875,False,False
codecontests_java_491,z,0.22966507177033493,0.08133971291866028,0.14832535885167464,-5.02484130859375,-5.995147705078125,False,False
apps_python_492,q,-0.15083798882681565,-0.18994413407821228,0.03910614525139665,-6.4349822998046875,-6.653076171875,False,False
apps_python_492,k,-0.15083798882681565,-0.18994413407821228,0.03910614525139665,-6.43243408203125,-6.650421142578125,False,False
apps_python_492,v,-0.03910614525139665,-0.17318435754189945,0.1340782122905028,-5.81011962890625,-6.556671142578125,False,False
apps_python_492,z,-0.1340782122905028,-0.0893854748603352,-0.0446927374301676,-6.3417510986328125,-6.092315673828125,False,False
codecontests_cpp_492,q,0.12758620689655173,0.08275862068965517,0.04482758620689655,-3.94842529296875,-4.155235290527344,False,False
codecontests_cpp_492,k,0.08275862068965517,0.0,0.08275862068965517,-4.15435791015625,-4.530540466308594,False,False
codecontests_cpp_492,v,-0.027586206896551724,-0.19310344827586207,0.16551724137931034,-4.655406951904297,-5.4026031494140625,False,False
codecontests_cpp_492,z,0.05517241379310345,-0.006896551724137931,0.06206896551724138,-4.2779998779296875,-4.561332702636719,False,False
codecontests_java_492,q,0.09714285714285714,0.06285714285714286,0.03428571428571429,-9.872314453125,-10.250659942626953,False,False
codecontests_java_492,k,0.15428571428571428,0.06285714285714286,0.09142857142857143,-9.245513916015625,-10.245849609375,False,False
codecontests_java_492,v,0.03428571428571429,-0.045714285714285714,0.08,-10.558700561523438,-11.437067031860352,False,False
codecontests_java_492,z,0.12,-0.005714285714285714,0.12571428571428572,-9.6180419921875,-10.998214721679688,False,False
codecontests_cpp_493,q,0.0718954248366013,-0.10457516339869281,0.17647058823529413,-4.435615539550781,-5.277313232421875,False,False
codecontests_cpp_493,k,0.12418300653594772,0.0196078431372549,0.10457516339869281,-4.1858062744140625,-4.685943603515625,False,False
codecontests_cpp_493,v,0.0915032679738562,0.2973856209150327,-0.20588235294117646,-4.336151123046875,-3.3455810546875,False,False
codecontests_cpp_493,z,0.05228758169934641,0.026143790849673203,0.026143790849673203,-4.5283355712890625,-4.656658172607422,False,False
codecontests_java_493,q,-0.030303030303030304,-0.05555555555555555,0.025252525252525252,-12.748641967773438,-13.061656951904297,False,False
codecontests_java_493,k,0.12121212121212122,0.09595959595959595,0.025252525252525252,-10.873855590820312,-11.184173583984375,False,False
codecontests_java_493,v,0.12121212121212122,0.05555555555555555,0.06565656565656566,-10.874221801757812,-11.683975219726562,False,False
codecontests_java_493,z,-0.010101010101010102,-0.05555555555555555,0.045454545454545456,-12.498069763183594,-13.06011962890625,False,False
apps_python_494,q,-0.08823529411764706,0.0,-0.08823529411764706,-3.4617919921875,-3.1871261596679688,False,False
apps_python_494,k,0.0784313725490196,-0.004901960784313725,0.08333333333333333,-2.9349212646484375,-3.20196533203125,False,False
apps_python_494,v,0.25,0.3627450980392157,-0.11274509803921569,-2.3743896484375,-1.98974609375,False,False
apps_python_494,z,0.04411764705882353,0.11764705882352941,-0.07352941176470588,-3.046367645263672,-2.804901123046875,False,False
codecontests_cpp_494,q,-0.022099447513812154,0.06077348066298342,-0.08287292817679558,-5.779792785644531,-5.310516357421875,False,False
codecontests_cpp_494,k,0.016574585635359115,0.03867403314917127,-0.022099447513812154,-5.560874938964844,-5.4344940185546875,False,False
codecontests_cpp_494,v,-0.0718232044198895,0.055248618784530384,-0.1270718232044199,-6.060333251953125,-5.34100341796875,False,False
codecontests_cpp_494,z,0.03867403314917127,0.03867403314917127,0.0,-5.435455322265625,-5.436187744140625,False,False
codecontests_java_494,q,-0.04285714285714286,-0.06190476190476191,0.01904761904761905,-13.686771392822266,-13.936935424804688,False,False
codecontests_java_494,k,0.05238095238095238,0.014285714285714285,0.0380952380952381,-12.434494018554688,-12.934051513671875,False,False
codecontests_java_494,v,0.0761904761904762,0.09047619047619047,-0.014285714285714285,-12.121475219726562,-11.93572998046875,False,False
codecontests_java_494,z,-0.04285714285714286,-0.05238095238095238,0.009523809523809525,-13.685546875,-13.812325477600098,False,False
apps_python_495,q,-0.03048780487804878,-0.20121951219512196,0.17073170731707318,-2.6415061950683594,-3.07342529296875,False,False
apps_python_495,k,-0.11585365853658537,-0.12804878048780488,0.012195121951219513,-2.8578567504882812,-2.883819580078125,False,False
apps_python_495,v,0.04878048780487805,0.006097560975609756,0.042682926829268296,-2.4356918334960938,-2.5447845458984375,False,False
apps_python_495,z,-0.1524390243902439,-0.4146341463414634,0.2621951219512195,-2.948486328125,-3.6058349609375,False,False
codecontests_java_495,q,0.08823529411764706,0.14705882352941177,-0.058823529411764705,-5.812185287475586,-5.43475341796875,False,False
codecontests_java_495,k,0.1323529411764706,-0.00980392156862745,0.14215686274509803,-5.52587890625,-6.4306640625,False,False
codecontests_java_495,v,0.2107843137254902,0.2107843137254902,0.0,-5.0028076171875,-5.012939453125,False,False
codecontests_java_495,z,0.0784313725490196,-0.00980392156862745,0.08823529411764706,-5.86376953125,-6.4320068359375,False,False
apps_python_496,q,0.022727272727272728,0.004545454545454545,0.01818181818181818,-6.7153472900390625,-6.839599609375,False,False
apps_python_496,k,0.07727272727272727,0.14545454545454545,-0.06818181818181818,-6.340789794921875,-5.82470703125,False,False
apps_python_496,v,0.24545454545454545,0.31363636363636366,-0.06818181818181818,-5.1849365234375,-4.69970703125,False,False
apps_python_496,z,0.03636363636363636,-0.1590909090909091,0.19545454545454546,-6.61614990234375,-7.9393310546875,False,False
codecontests_java_496,q,-0.09090909090909091,-0.027972027972027972,-0.06293706293706294,-9.748558044433594,-9.185867309570312,False,False
codecontests_java_496,k,-0.1048951048951049,-0.055944055944055944,-0.04895104895104895,-9.874332427978516,-9.434310913085938,False,False
codecontests_java_496,v,-0.04195804195804196,0.09090909090909091,-0.13286713286713286,-9.311248779296875,-8.122207641601562,False,False
codecontests_java_496,z,0.03496503496503497,0.06293706293706294,-0.027972027972027972,-8.622589111328125,-8.372756958007812,False,False
apps_python_497,q,0.13705583756345177,0.13705583756345177,0.0,-2.64739990234375,-2.64794921875,False,False
apps_python_497,k,-0.09644670050761421,0.01015228426395939,-0.1065989847715736,-3.370391845703125,-3.04229736328125,False,False
apps_python_497,v,0.07106598984771574,0.13705583756345177,-0.06598984771573604,-2.854248046875,-2.6475830078125,False,False
apps_python_497,z,0.10152284263959391,0.03553299492385787,0.06598984771573604,-2.7623291015625,-2.966278076171875,False,False
apps_python_498,q,0.04090909090909091,-0.18181818181818182,0.22272727272727272,-3.2950592041015625,-4.051513671875,False,False
apps_python_498,k,-0.022727272727272728,-0.12727272727272726,0.10454545454545454,-3.509735107421875,-3.867706298828125,False,False
apps_python_498,v,-0.2,-0.3181818181818182,0.11818181818181818,-4.11102294921875,-4.516845703125,False,False
apps_python_498,z,0.1409090909090909,-0.1,0.2409090909090909,-2.94769287109375,-3.77862548828125,False,False
codecontests_java_498,q,0.10204081632653061,0.16666666666666666,-0.06462585034013606,-4.123527526855469,-3.8268814086914062,False,False
codecontests_java_498,k,0.3163265306122449,0.22108843537414966,0.09523809523809523,-3.12744140625,-3.56744384765625,False,False
codecontests_java_498,v,0.0,0.08843537414965986,-0.08843537414965986,-4.593297958374023,-4.1841278076171875,False,False
codecontests_java_498,z,0.1326530612244898,0.14625850340136054,-0.013605442176870748,-3.973876953125,-3.9176025390625,False,False
apps_python_499,q,-0.02617801047120419,0.04712041884816754,-0.07329842931937172,-6.121734619140625,-5.682464599609375,False,False
apps_python_499,k,0.11518324607329843,0.15706806282722513,-0.041884816753926704,-5.274078369140625,-5.0275726318359375,False,False
apps_python_499,v,-0.005235602094240838,0.07853403141361257,-0.08376963350785341,-5.99359130859375,-5.498603820800781,False,False
apps_python_499,z,0.07853403141361257,0.16753926701570682,-0.08900523560209424,-5.495391845703125,-4.967140197753906,False,False
codecontests_java_499,q,0.125,0.10775862068965517,0.017241379310344827,-3.1632080078125,-3.22283935546875,False,False
codecontests_java_499,k,-0.27586206896551724,-0.14655172413793102,-0.12931034482758622,-4.60107421875,-4.136962890625,False,False
codecontests_java_499,v,0.19827586206896552,0.12931034482758622,0.06896551724137931,-2.877685546875,-3.14239501953125,False,False
codecontests_java_499,z,0.13793103448275862,0.10775862068965517,0.03017241379310345,-3.1072998046875,-3.22186279296875,False,False
apps_python_500,q,0.09844559585492228,-0.010362694300518135,0.10880829015544041,-2.71661376953125,-3.0452957153320312,False,False
apps_python_500,k,-0.07772020725388601,-0.07772020725388601,0.0,-3.24737548828125,-3.243560791015625,False,False
apps_python_500,v,-0.20725388601036268,0.0,-0.20725388601036268,-3.63653564453125,-3.0147857666015625,False,False
apps_python_500,z,-0.17098445595854922,0.06217616580310881,-0.23316062176165803,-3.528411865234375,-2.8264617919921875,False,False
codecontests_cpp_500,q,0.09900990099009901,0.06435643564356436,0.034653465346534656,-5.6865386962890625,-5.90386962890625,False,False
codecontests_cpp_500,k,-0.0594059405940594,-0.0594059405940594,0.0,-6.6857147216796875,-6.685546875,False,False
codecontests_cpp_500,v,-0.019801980198019802,0.2524752475247525,-0.2722772277227723,-6.43770694732666,-4.713714599609375,False,False
codecontests_cpp_500,z,0.039603960396039604,0.09900990099009901,-0.0594059405940594,-6.061683654785156,-5.687711715698242,False,False
codecontests_java_500,q,0.048034934497816595,0.06986899563318777,-0.021834061135371178,-13.620635986328125,-13.3040771484375,False,False
codecontests_java_500,k,-0.0611353711790393,0.008733624454148471,-0.06986899563318777,-15.185638427734375,-14.185653686523438,False,False
codecontests_java_500,v,-0.013100436681222707,0.043668122270742356,-0.056768558951965066,-14.491455078125,-13.68365478515625,False,False
codecontests_java_500,z,0.034934497816593885,0.10043668122270742,-0.06550218340611354,-13.8067626953125,-12.850341796875,False,False
apps_python_501,q,0.09574468085106383,0.03723404255319149,0.05851063829787234,-2.654815673828125,-2.824310302734375,False,False
apps_python_501,k,0.047872340425531915,0.1702127659574468,-0.12234042553191489,-2.79486083984375,-2.432769775390625,False,False
apps_python_501,v,0.06382978723404255,0.2925531914893617,-0.22872340425531915,-2.7488479614257812,-2.06005859375,False,False
apps_python_501,z,0.06914893617021277,0.2978723404255319,-0.22872340425531915,-2.7340240478515625,-2.0382080078125,False,False
apps_python_502,q,0.0967741935483871,0.12903225806451613,-0.03225806451612903,-2.61956787109375,-2.52294921875,False,False
apps_python_502,k,0.05913978494623656,0.08602150537634409,-0.026881720430107527,-2.7331161499023438,-2.6539306640625,False,False
apps_python_502,v,0.12903225806451613,0.06451612903225806,0.06451612903225806,-2.5287322998046875,-2.718120574951172,False,False
apps_python_502,z,0.026881720430107527,0.06451612903225806,-0.03763440860215054,-2.8274574279785156,-2.7120361328125,False,False
codecontests_cpp_502,q,-0.028409090909090908,0.017045454545454544,-0.045454545454545456,-5.6551513671875,-5.404960632324219,False,False
codecontests_cpp_502,k,0.017045454545454544,0.26136363636363635,-0.24431818181818182,-5.406280040740967,-4.055511474609375,False,False
codecontests_cpp_502,v,0.17613636363636365,0.03977272727272727,0.13636363636363635,-4.52630615234375,-5.276397705078125,False,False
codecontests_cpp_502,z,-0.13636363636363635,-0.13636363636363635,0.0,-6.248786926269531,-6.248046875,False,False
codecontests_java_502,q,0.04060913705583756,0.08629441624365482,-0.04568527918781726,-11.812623977661133,-11.24964714050293,False,False
codecontests_java_502,k,0.02030456852791878,0.04060913705583756,-0.02030456852791878,-12.056854248046875,-11.8089599609375,False,False
codecontests_java_502,v,0.06598984771573604,0.07106598984771574,-0.005076142131979695,-11.50075912475586,-11.435630798339844,False,False
codecontests_java_502,z,0.005076142131979695,0.04060913705583756,-0.03553299492385787,-12.250274658203125,-11.812116622924805,False,False
apps_python_503,q,0.09333333333333334,-0.04666666666666667,0.14,-4.248809814453125,-4.905895233154297,False,False
apps_python_503,k,-0.14666666666666667,-0.04666666666666667,-0.1,-5.3736114501953125,-4.905609130859375,False,False
apps_python_503,v,-0.19333333333333333,0.07333333333333333,-0.26666666666666666,-5.5919952392578125,-4.3431549072265625,False,False
apps_python_503,z,0.04666666666666667,0.04666666666666667,0.0,-4.468471527099609,-4.468250274658203,False,False
codecontests_cpp_503,q,0.18181818181818182,0.1590909090909091,0.022727272727272728,-4.494873046875,-4.621490478515625,False,False
codecontests_cpp_503,k,0.05113636363636364,0.028409090909090908,0.022727272727272728,-5.214691162109375,-5.3419342041015625,False,False
codecontests_cpp_503,v,-0.022727272727272728,0.11931818181818182,-0.14204545454545456,-5.6215972900390625,-4.840972900390625,False,False
codecontests_cpp_503,z,0.13636363636363635,0.09659090909090909,0.03977272727272727,-4.7470855712890625,-4.967475891113281,False,False
codecontests_java_503,q,-0.029411764705882353,-0.029411764705882353,0.0,-7.65338134765625,-7.656913757324219,False,False
codecontests_java_503,k,0.07563025210084033,0.09663865546218488,-0.02100840336134454,-6.847412109375,-6.709228515625,False,False
codecontests_java_503,v,-0.15126050420168066,-0.0546218487394958,-0.09663865546218488,-8.55694580078125,-7.843378067016602,False,False
codecontests_java_503,z,0.025210084033613446,0.12184873949579832,-0.09663865546218488,-7.211669921875,-6.5013427734375,False,False
apps_python_504,q,-0.1145374449339207,-0.14537444933920704,0.030837004405286344,-3.94921875,-4.0596923828125,False,False
apps_python_504,k,-0.030837004405286344,-0.12334801762114538,0.09251101321585903,-3.655820846557617,-3.9833145141601562,False,False
apps_python_504,v,-0.06167400881057269,-0.0881057268722467,0.02643171806167401,-3.765209197998047,-3.8579025268554688,False,False
apps_python_504,z,-0.1894273127753304,-0.18061674008810572,-0.00881057268722467,-4.2155303955078125,-4.1844940185546875,False,False
codecontests_cpp_504,q,-0.030837004405286344,0.030837004405286344,-0.06167400881057269,-3.6559829711914062,-3.4317626953125,False,False
codecontests_cpp_504,k,0.22026431718061673,0.1277533039647577,0.09251101321585903,-2.75445556640625,-3.085968017578125,False,False
codecontests_cpp_504,v,-0.09251101321585903,0.0,-0.09251101321585903,-3.8736190795898438,-3.543975830078125,False,False
codecontests_cpp_504,z,0.11013215859030837,0.23788546255506607,-0.1277533039647577,-3.15423583984375,-2.69354248046875,False,False
codecontests_java_504,q,-0.10050251256281408,-0.12562814070351758,0.02512562814070352,-13.685798645019531,-13.99090576171875,False,False
codecontests_java_504,k,0.01507537688442211,-0.1407035175879397,0.15577889447236182,-12.248497009277344,-14.187028884887695,False,False
codecontests_java_504,v,-0.035175879396984924,-0.18090452261306533,0.1457286432160804,-12.871322631835938,-14.686363220214844,False,False
codecontests_java_504,z,-0.12060301507537688,-0.12562814070351758,0.005025125628140704,-13.937948226928711,-13.99979305267334,False,False
apps_python_505,q,0.014184397163120567,0.014184397163120567,0.0,-4.343128204345703,-4.341644287109375,False,False
apps_python_505,k,-0.3546099290780142,-0.1347517730496454,-0.2198581560283688,-5.9630126953125,-4.998207092285156,False,False
apps_python_505,v,-0.22695035460992907,-0.10638297872340426,-0.12056737588652482,-5.4040069580078125,-4.873481750488281,False,False
apps_python_505,z,0.11347517730496454,0.014184397163120567,0.09929078014184398,-3.9043197631835938,-4.3406524658203125,False,False
codecontests_cpp_505,q,0.00392156862745098,0.0,0.00392156862745098,-3.9688055515289307,-3.984851837158203,False,False
codecontests_cpp_505,k,0.0,0.15294117647058825,-0.15294117647058825,-3.982025146484375,-3.3709716796875,False,False
codecontests_cpp_505,v,0.21176470588235294,0.15294117647058825,0.058823529411764705,-3.1292724609375,-3.3712005615234375,False,False
codecontests_cpp_505,z,0.054901960784313725,0.08627450980392157,-0.03137254901960784,-3.762969970703125,-3.6385345458984375,False,False
codecontests_java_505,q,0.043824701195219126,-0.00796812749003984,0.05179282868525897,-7.4961090087890625,-7.89776611328125,False,False
codecontests_java_505,k,0.00796812749003984,0.04780876494023904,-0.0398406374501992,-7.773193359375,-7.463470458984375,False,False
codecontests_java_505,v,0.0199203187250996,-0.05179282868525897,0.07171314741035857,-7.684234619140625,-8.2457275390625,False,False
codecontests_java_505,z,0.06374501992031872,0.00796812749003984,0.055776892430278883,-7.342765808105469,-7.7798919677734375,False,False
apps_python_506,q,0.18421052631578946,0.06140350877192982,0.12280701754385964,-2.898712158203125,-3.3420944213867188,False,False
apps_python_506,k,0.09210526315789473,0.09649122807017543,-0.0043859649122807015,-3.2310791015625,-3.2166900634765625,False,False
apps_python_506,v,-0.008771929824561403,0.021929824561403508,-0.03070175438596491,-3.590240478515625,-3.48040771484375,False,False
apps_python_506,z,0.16666666666666666,0.05263157894736842,0.11403508771929824,-2.95684814453125,-3.368804931640625,False,False
codecontests_java_507,q,-0.0916030534351145,-0.030534351145038167,-0.061068702290076333,-8.93758487701416,-8.43609619140625,False,False
codecontests_java_507,k,-0.05343511450381679,0.07633587786259542,-0.1297709923664122,-8.621536254882812,-7.55859375,False,False
codecontests_java_507,v,-0.183206106870229,-0.015267175572519083,-0.16793893129770993,-9.686408996582031,-8.311004638671875,False,False
codecontests_java_507,z,-0.015267175572519083,0.10687022900763359,-0.12213740458015267,-8.312761306762695,-7.312345504760742,False,False
codecontests_cpp_508,q,-0.09554140127388536,-0.29936305732484075,0.20382165605095542,-5.3718414306640625,-6.3653564453125,False,False
codecontests_cpp_508,k,0.1592356687898089,0.12738853503184713,0.03184713375796178,-4.11614990234375,-4.26666259765625,False,False
codecontests_cpp_508,v,0.4585987261146497,0.2929936305732484,0.16560509554140126,-2.5947265625,-3.435791015625,False,False
codecontests_cpp_508,z,0.15286624203821655,-0.044585987261146494,0.19745222929936307,-4.1422119140625,-5.1224212646484375,False,False
codecontests_java_508,q,0.12299465240641712,-0.10160427807486631,0.22459893048128343,-5.121124267578125,-6.4367828369140625,False,False
codecontests_java_508,k,0.2727272727272727,0.2192513368983957,0.053475935828877004,-4.2401123046875,-4.542724609375,False,False
codecontests_java_508,v,-0.016042780748663103,0.053475935828877004,-0.06951871657754011,-5.931121826171875,-5.5206298828125,False,False
codecontests_java_508,z,0.03208556149732621,0.0374331550802139,-0.0053475935828877,-5.64605712890625,-5.614501953125,False,False
codecontests_cpp_509,q,-0.028985507246376812,0.043478260869565216,-0.07246376811594203,-8.87533950805664,-8.250930786132812,False,False
codecontests_cpp_509,k,0.26811594202898553,0.11594202898550725,0.15217391304347827,-6.310882568359375,-7.6192626953125,False,False
codecontests_cpp_509,v,0.07608695652173914,0.06521739130434782,0.010869565217391304,-7.95819091796875,-8.0345458984375,False,False
codecontests_cpp_509,z,0.014492753623188406,0.057971014492753624,-0.043478260869565216,-8.498588562011719,-8.123680114746094,False,False
codecontests_java_509,q,-0.04526748971193416,0.00823045267489712,-0.053497942386831275,-7.9354400634765625,-7.5272216796875,False,False
codecontests_java_509,k,-0.06995884773662552,-0.037037037037037035,-0.03292181069958848,-8.112548828125,-7.8568115234375,False,False
codecontests_java_509,v,-0.0205761316872428,-0.102880658436214,0.0823045267489712,-7.7371826171875,-8.3701171875,False,False
codecontests_java_509,z,0.05761316872427984,0.05761316872427984,0.0,-7.1375732421875,-7.1319580078125,False,False
codecontests_cpp_510,q,-0.15333333333333332,0.006666666666666667,-0.16,-5.40423583984375,-4.653656005859375,False,False
codecontests_cpp_510,k,-0.03333333333333333,-0.1,0.06666666666666667,-4.8409271240234375,-5.1531524658203125,False,False
codecontests_cpp_510,v,0.14,-0.006666666666666667,0.14666666666666667,-4.02984619140625,-4.71685791015625,False,False
codecontests_cpp_510,z,0.04,-0.14,0.18,-4.4978485107421875,-5.33355712890625,False,False
codecontests_java_510,q,-0.10650887573964497,0.01775147928994083,-0.1242603550295858,-5.842613220214844,-5.1852569580078125,False,False
codecontests_java_510,k,0.20710059171597633,0.16568047337278108,0.04142011834319527,-4.1820068359375,-4.403717041015625,False,False
codecontests_java_510,v,0.07692307692307693,0.11242603550295859,-0.03550295857988166,-4.872528076171875,-4.685394287109375,False,False
codecontests_java_510,z,0.14792899408284024,0.023668639053254437,0.1242603550295858,-4.49664306640625,-5.150970458984375,False,False
codecontests_cpp_511,q,-0.02766798418972332,-0.019762845849802372,-0.007905138339920948,-8.107421875,-8.060195922851562,False,False
codecontests_cpp_511,k,0.07905138339920949,0.09881422924901186,-0.019762845849802372,-7.27337646484375,-7.121002197265625,False,False
codecontests_cpp_511,v,0.023715415019762844,0.12648221343873517,-0.10276679841897234,-7.712799072265625,-6.89727783203125,False,False
codecontests_cpp_511,z,0.10276679841897234,0.09486166007905138,0.007905138339920948,-7.08953857421875,-7.149017333984375,False,False
codecontests_java_511,q,0.04487179487179487,0.00641025641025641,0.038461538461538464,-9.309982299804688,-9.682952880859375,False,False
codecontests_java_511,k,-0.05128205128205128,0.057692307692307696,-0.10897435897435898,-10.247085571289062,-9.184722900390625,False,False
codecontests_java_511,v,0.0,0.09615384615384616,-0.09615384615384616,-9.7467041015625,-8.80499267578125,False,False
codecontests_java_511,z,0.07692307692307693,-0.02564102564102564,0.10256410256410256,-8.997787475585938,-9.992950439453125,False,False
codecontests_cpp_512,q,0.0962962962962963,0.044444444444444446,0.05185185185185185,-7.623046875,-8.059814453125,False,False
codecontests_cpp_512,k,0.1111111111111111,0.1037037037037037,0.007407407407407408,-7.494964599609375,-7.556396484375,False,False
codecontests_cpp_512,v,0.10740740740740741,0.1037037037037037,0.003703703703703704,-7.5290374755859375,-7.556610107421875,False,False
codecontests_cpp_512,z,0.13703703703703704,0.10740740740740741,0.02962962962962963,-7.279441833496094,-7.5286865234375,False,False
codecontests_java_512,q,-0.025906735751295335,-0.07253886010362694,0.046632124352331605,-12.375320434570312,-12.9327392578125,False,False
codecontests_java_512,k,0.11398963730569948,0.08808290155440414,0.025906735751295335,-10.6763916015625,-10.99917221069336,False,False
codecontests_java_512,v,0.13989637305699482,0.07253886010362694,0.06735751295336788,-10.374435424804688,-11.187091827392578,False,False
codecontests_java_512,z,-0.031088082901554404,-0.04145077720207254,0.010362694300518135,-12.42706298828125,-12.560836791992188,False,False
codecontests_java_513,q,0.1506849315068493,0.16095890410958905,-0.010273972602739725,-1.930389404296875,-1.8985595703125,False,False
codecontests_java_513,k,0.1095890410958904,0.1267123287671233,-0.017123287671232876,-2.0162353515625,-1.97509765625,False,False
codecontests_java_513,v,-0.17123287671232876,0.10273972602739725,-0.273972602739726,-2.653564453125,-2.0421142578125,False,False
codecontests_java_513,z,0.1095890410958904,0.24315068493150685,-0.13356164383561644,-2.027069091796875,-1.702392578125,False,False
codecontests_java_514,q,0.0,-0.03875968992248062,0.03875968992248062,-4.030834197998047,-4.183563232421875,False,False
codecontests_java_514,k,0.08527131782945736,-0.031007751937984496,0.11627906976744186,-3.6856231689453125,-4.155521392822266,False,False
codecontests_java_514,v,-0.2713178294573643,-0.20930232558139536,-0.06201550387596899,-5.111572265625,-4.868865966796875,False,False
codecontests_java_514,z,-0.007751937984496124,-0.031007751937984496,0.023255813953488372,-4.05975341796875,-4.155460357666016,False,False
codecontests_cpp_515,q,0.05737704918032787,0.25,-0.19262295081967212,-3.5938611030578613,-2.85198974609375,False,False
codecontests_cpp_515,k,0.20081967213114754,0.3360655737704918,-0.13524590163934427,-3.041046142578125,-2.5152587890625,False,False
codecontests_cpp_515,v,-0.08196721311475409,0.0860655737704918,-0.1680327868852459,-4.124601364135742,-3.485088348388672,False,False
codecontests_cpp_515,z,0.10655737704918032,0.0860655737704918,0.020491803278688523,-3.4051971435546875,-3.4840469360351562,False,False
codecontests_java_515,q,0.025423728813559324,0.029661016949152543,-0.00423728813559322,-7.1781005859375,-7.1395263671875,False,False
codecontests_java_515,k,0.3347457627118644,0.1864406779661017,0.1483050847457627,-4.89312744140625,-5.989501953125,False,False
codecontests_java_515,v,0.1440677966101695,0.15254237288135594,-0.00847457627118644,-6.2965087890625,-6.238037109375,False,False
codecontests_java_515,z,0.21610169491525424,0.11864406779661017,0.09745762711864407,-5.77508544921875,-6.494781494140625,False,False
codecontests_cpp_516,q,-0.3581395348837209,-0.3116279069767442,-0.046511627906976744,-2.250244140625,-2.18212890625,False,False
codecontests_cpp_516,k,-0.08372093023255814,-0.013953488372093023,-0.06976744186046512,-1.814727783203125,-1.7013015747070312,False,False
codecontests_cpp_516,v,-0.6,-0.14418604651162792,-0.4558139534883721,-2.62158203125,-1.91253662109375,False,False
codecontests_cpp_516,z,-0.2558139534883721,-0.6558139534883721,0.4,-2.0950927734375,-2.70703125,False,False
codecontests_java_516,q,-0.0915032679738562,-0.0196078431372549,-0.0718954248366013,-10.435935974121094,-9.737548828125,False,False
codecontests_java_516,k,0.1895424836601307,0.13725490196078433,0.05228758169934641,-7.74200439453125,-8.23291015625,False,False
codecontests_java_516,v,0.058823529411764705,0.0,0.058823529411764705,-8.98046875,-9.5533447265625,False,False
codecontests_java_516,z,-0.05228758169934641,0.0196078431372549,-0.0718954248366013,-10.05078125,-9.3592529296875,False,False
codecontests_cpp_517,q,0.13414634146341464,0.04878048780487805,0.08536585365853659,-4.4351348876953125,-4.874183654785156,False,False
codecontests_cpp_517,k,0.2073170731707317,0.10975609756097561,0.0975609756097561,-4.05706787109375,-4.561103820800781,False,False
codecontests_cpp_517,v,0.018292682926829267,-0.024390243902439025,0.042682926829268296,-5.026763916015625,-5.24871826171875,False,False
codecontests_cpp_517,z,0.0,-0.054878048780487805,0.054878048780487805,-5.123558044433594,-5.404304504394531,False,False
codecontests_java_517,q,0.034482758620689655,0.013793103448275862,0.020689655172413793,-8.74566650390625,-8.935379028320312,False,False
codecontests_java_517,k,0.18620689655172415,0.16206896551724137,0.02413793103448276,-7.3744964599609375,-7.592777252197266,False,False
codecontests_java_517,v,0.10344827586206896,0.1482758620689655,-0.04482758620689655,-8.123435974121094,-7.7174224853515625,False,False
codecontests_java_517,z,0.07586206896551724,0.07586206896551724,0.0,-8.373046875,-8.370025634765625,False,False
codecontests_java_518,q,0.06451612903225806,0.06912442396313365,-0.004608294930875576,-3.1658935546875,-3.153717041015625,False,False
codecontests_java_518,k,0.07373271889400922,0.2073732718894009,-0.1336405529953917,-3.138641357421875,-2.67584228515625,False,False
codecontests_java_518,v,0.17511520737327188,0.1382488479262673,0.03686635944700461,-2.7864990234375,-2.9132080078125,False,False
codecontests_java_518,z,0.23963133640552994,0.004608294930875576,0.2350230414746544,-2.56292724609375,-3.37451171875,False,False
codecontests_java_519,q,-0.007518796992481203,0.16541353383458646,-0.17293233082706766,-4.180816650390625,-3.4495849609375,False,False
codecontests_java_519,k,0.19172932330827067,0.3082706766917293,-0.11654135338345864,-3.3389892578125,-2.841552734375,False,False
codecontests_java_519,v,-0.007518796992481203,0.13157894736842105,-0.13909774436090225,-4.180419921875,-3.6007080078125,False,False
codecontests_java_519,z,0.13909774436090225,-0.06015037593984962,0.19924812030075187,-3.5596923828125,-4.3892822265625,False,False
codecontests_cpp_520,q,0.1657754010695187,0.12834224598930483,0.0374331550802139,-2.42938232421875,-2.54034423828125,False,False
codecontests_cpp_520,k,0.3609625668449198,0.11764705882352941,0.24331550802139038,-1.817138671875,-2.5742340087890625,False,False
codecontests_cpp_520,v,-0.10160427807486631,-0.1497326203208556,0.0481283422459893,-3.213958740234375,-3.353179931640625,False,False
codecontests_cpp_520,z,0.2192513368983957,0.026737967914438502,0.1925133689839572,-2.252685546875,-2.8255615234375,False,False
codecontests_java_520,q,-0.023668639053254437,0.023668639053254437,-0.047337278106508875,-10.812386512756348,-10.31109619140625,False,False
codecontests_java_520,k,0.10650887573964497,0.20118343195266272,-0.09467455621301775,-9.435874938964844,-8.4293212890625,False,False
codecontests_java_520,v,0.17751479289940827,0.17751479289940827,0.0,-8.681976318359375,-8.68121337890625,False,False
codecontests_java_520,z,0.1301775147928994,0.09467455621301775,0.03550295857988166,-9.18206787109375,-9.562938690185547,False,False
codecontests_java_521,q,-0.009523809523809525,-0.009523809523809525,0.0,-1.6551284790039062,-1.654937744140625,False,False
codecontests_java_521,k,-0.5238095238095238,-0.4,-0.12380952380952381,-2.444091796875,-2.260498046875,False,False
codecontests_java_521,v,-0.05714285714285714,-0.11904761904761904,0.06190476190476191,-1.7315216064453125,-1.830963134765625,False,False
codecontests_java_521,z,-0.1761904761904762,-0.11904761904761904,-0.05714285714285714,-1.9195556640625,-1.830230712890625,False,False
codecontests_cpp_522,q,0.07083333333333333,0.15416666666666667,-0.08333333333333333,-3.47998046875,-3.16778564453125,False,False
codecontests_cpp_522,k,0.24583333333333332,0.22083333333333333,0.025,-2.81475830078125,-2.9095458984375,False,False
codecontests_cpp_522,v,0.25416666666666665,0.175,0.07916666666666666,-2.7806396484375,-3.08612060546875,False,False
codecontests_cpp_522,z,0.3416666666666667,0.2708333333333333,0.07083333333333333,-2.438720703125,-2.7186279296875,False,False
codecontests_java_522,q,0.013100436681222707,-0.06550218340611354,0.07860262008733625,-7.04974365234375,-7.61138916015625,False,False
codecontests_java_522,k,0.18777292576419213,0.08733624454148471,0.10043668122270742,-5.80419921875,-6.5280303955078125,False,False
codecontests_java_522,v,-0.17903930131004367,-0.10480349344978165,-0.07423580786026202,-8.42840576171875,-7.9030609130859375,False,False
codecontests_java_522,z,0.0,0.017467248908296942,-0.017467248908296942,-7.148773193359375,-7.029548645019531,False,False
codecontests_java_523,q,0.08695652173913043,-0.014492753623188406,0.10144927536231885,-7.8731689453125,-8.746505737304688,False,False
codecontests_java_523,k,0.15579710144927536,0.050724637681159424,0.10507246376811594,-7.2790679931640625,-8.1776123046875,False,False
codecontests_java_523,v,0.30434782608695654,0.23550724637681159,0.06884057971014493,-5.9896240234375,-6.5791015625,False,False
codecontests_java_523,z,0.18115942028985507,0.14492753623188406,0.036231884057971016,-7.060455322265625,-7.3724365234375,False,False
codecontests_cpp_524,q,-0.272108843537415,-0.07482993197278912,-0.19727891156462585,-5.838043212890625,-4.935813903808594,False,False
codecontests_cpp_524,k,-0.19047619047619047,-0.1292517006802721,-0.061224489795918366,-5.4658966064453125,-5.182647705078125,False,False
codecontests_cpp_524,v,0.0,-0.2653061224489796,0.2653061224489796,-4.5926361083984375,-5.8043212890625,False,False
codecontests_cpp_524,z,-0.08163265306122448,-0.1292517006802721,0.047619047619047616,-4.966880798339844,-5.1845703125,False,False
codecontests_java_524,q,0.04794520547945205,0.1232876712328767,-0.07534246575342465,-8.684555053710938,-7.996551513671875,False,False
codecontests_java_524,k,0.2328767123287671,0.2876712328767123,-0.0547945205479452,-6.99481201171875,-6.4963836669921875,False,False
codecontests_java_524,v,0.0821917808219178,0.0958904109589041,-0.0136986301369863,-8.373748779296875,-8.248313903808594,False,False
codecontests_java_524,z,0.1267123287671233,0.0410958904109589,0.08561643835616438,-7.9649200439453125,-8.7415771484375,False,False
codecontests_java_525,q,-0.1523809523809524,-0.14761904761904762,-0.004761904761904762,-3.777252197265625,-3.762908935546875,False,False
codecontests_java_525,k,0.3476190476190476,0.3476190476190476,0.0,-2.10009765625,-2.099853515625,False,False
codecontests_java_525,v,0.10952380952380952,0.11428571428571428,-0.004761904761904762,-2.91864013671875,-2.90447998046875,False,False
codecontests_java_525,z,-0.0380952380952381,-0.07142857142857142,0.03333333333333333,-3.4051132202148438,-3.515840530395508,False,False
codecontests_cpp_526,q,0.08695652173913043,0.07453416149068323,0.012422360248447204,-2.291229248046875,-2.320709228515625,False,False
codecontests_cpp_526,k,-0.09316770186335403,-0.10559006211180125,0.012422360248447204,-2.74560546875,-2.769775390625,False,False
codecontests_cpp_526,v,0.2391304347826087,0.2670807453416149,-0.027950310559006212,-1.883056640625,-1.8160400390625,False,False
codecontests_cpp_526,z,-0.2795031055900621,-0.012422360248447204,-0.2670807453416149,-3.2020263671875,-2.543365478515625,False,False
codecontests_java_526,q,-0.10382513661202186,0.07650273224043716,-0.18032786885245902,-6.3142547607421875,-5.281190395355225,False,False
codecontests_java_526,k,-0.02185792349726776,-0.08743169398907104,0.06557377049180328,-5.838226318359375,-6.21246337890625,False,False
codecontests_java_526,v,-0.16939890710382513,0.10382513661202186,-0.273224043715847,-6.687902450561523,-5.116455078125,False,False
codecontests_java_526,z,-0.16939890710382513,-0.23497267759562843,0.06557377049180328,-6.688957214355469,-7.062782287597656,False,False
codecontests_cpp_527,q,0.04950495049504951,0.1485148514851485,-0.09900990099009901,-2.997772216796875,-2.682952880859375,False,False
codecontests_cpp_527,k,0.16336633663366337,0.10396039603960396,0.0594059405940594,-2.6280517578125,-2.823883056640625,False,False
codecontests_cpp_527,v,0.297029702970297,0.2623762376237624,0.034653465346534656,-2.1961669921875,-2.3111572265625,False,False
codecontests_cpp_527,z,0.21287128712871287,0.22772277227722773,-0.01485148514851485,-2.47344970703125,-2.4224853515625,False,False
codecontests_java_527,q,-0.15625,-0.2,0.04375,-11.560226440429688,-11.99871826171875,False,False
codecontests_java_527,k,0.11875,0.09375,0.025,-8.79833984375,-9.04864501953125,False,False
codecontests_java_527,v,0.00625,0.0375,-0.03125,-9.933822631835938,-9.61956787109375,False,False
codecontests_java_527,z,-0.16875,-0.10625,-0.0625,-11.68463134765625,-11.044677734375,False,False
codecontests_cpp_528,q,-0.11560693641618497,-0.1791907514450867,0.06358381502890173,-6.0284576416015625,-6.374198913574219,False,False
codecontests_cpp_528,k,0.005780346820809248,-0.023121387283236993,0.028901734104046242,-5.367584228515625,-5.527679443359375,False,False
codecontests_cpp_528,v,-0.057803468208092484,-0.1329479768786127,0.07514450867052024,-5.714691162109375,-6.1227264404296875,False,False
codecontests_cpp_528,z,0.0,0.05202312138728324,-0.05202312138728324,-5.407081604003906,-5.119293212890625,False,False
codecontests_java_528,q,-0.043689320388349516,0.014563106796116505,-0.05825242718446602,-13.436271667480469,-12.687200546264648,False,False
codecontests_java_528,k,0.06796116504854369,0.0,0.06796116504854369,-11.9996337890625,-12.870513916015625,False,False
codecontests_java_528,v,0.06796116504854369,0.1262135922330097,-0.05825242718446602,-11.997909545898438,-11.248878479003906,False,False
codecontests_java_528,z,0.06310679611650485,0.08737864077669903,-0.024271844660194174,-12.061370849609375,-11.748802185058594,False,False
codecontests_cpp_529,q,-0.029585798816568046,-0.1242603550295858,0.09467455621301775,-5.42584228515625,-5.9317626953125,False,False
codecontests_cpp_529,k,-0.03550295857988166,0.1952662721893491,-0.23076923076923078,-5.4637451171875,-4.245513916015625,False,False
codecontests_cpp_529,v,0.023668639053254437,0.10650887573964497,-0.08284023668639054,-5.156083106994629,-4.7158050537109375,False,False
codecontests_cpp_529,z,0.09467455621301775,0.05325443786982249,0.04142011834319527,-4.77734375,-4.995391845703125,False,False
codecontests_java_529,q,0.10909090909090909,0.030303030303030304,0.07878787878787878,-9.1702880859375,-9.996490478515625,False,False
codecontests_java_529,k,0.18787878787878787,0.2606060606060606,-0.07272727272727272,-8.3359375,-7.591796875,False,False
codecontests_java_529,v,0.2787878787878788,0.2515151515151515,0.02727272727272727,-7.3974609375,-7.668701171875,False,False
codecontests_java_529,z,0.10303030303030303,0.13333333333333333,-0.030303030303030304,-9.218505859375,-8.9111328125,False,False
codecontests_java_530,q,-0.09045226130653267,0.05025125628140704,-0.1407035175879397,-3.38214111328125,-2.9513778686523438,False,False
codecontests_java_530,k,-0.02512562814070352,0.12060301507537688,-0.1457286432160804,-3.1845245361328125,-2.7279052734375,False,False
codecontests_java_530,v,0.1507537688442211,-0.10552763819095477,0.2562814070351759,-2.61279296875,-3.4327392578125,False,False
codecontests_java_530,z,-0.1507537688442211,-0.01507537688442211,-0.135678391959799,-3.5728759765625,-3.149932861328125,False,False
codecontests_cpp_531,q,-0.058823529411764705,0.0,-0.058823529411764705,-6.748786926269531,-6.374723434448242,False,False
codecontests_cpp_531,k,0.0196078431372549,-0.20098039215686275,0.22058823529411764,-6.2496490478515625,-7.644775390625,False,False
codecontests_cpp_531,v,0.1323529411764706,-0.024509803921568627,0.1568627450980392,-5.526885986328125,-6.5287322998046875,False,False
codecontests_cpp_531,z,0.058823529411764705,-0.04411764705882353,0.10294117647058823,-5.9940185546875,-6.654022216796875,False,False
codecontests_java_531,q,-0.022556390977443608,-0.06015037593984962,0.03759398496240601,-8.499271392822266,-8.811630249023438,False,False
codecontests_java_531,k,0.08270676691729323,0.09022556390977443,-0.007518796992481203,-7.622222900390625,-7.5576171875,False,False
codecontests_java_531,v,0.04887218045112782,0.09022556390977443,-0.041353383458646614,-7.90185546875,-7.55828857421875,False,False
codecontests_java_531,z,-0.08270676691729323,-0.15037593984962405,0.06766917293233082,-8.998550415039062,-9.561710357666016,False,False
codecontests_java_532,q,0.13636363636363635,-0.06060606060606061,0.19696969696969696,-3.5592193603515625,-4.373779296875,False,False
codecontests_java_532,k,0.04924242424242424,0.1893939393939394,-0.14015151515151514,-3.92083740234375,-3.337005615234375,False,False
codecontests_java_532,v,-0.18181818181818182,0.0,-0.18181818181818182,-4.870269775390625,-4.123085021972656,False,False
codecontests_java_532,z,0.022727272727272728,-0.09090909090909091,0.11363636363636363,-4.030483245849609,-4.4985809326171875,False,False
codecontests_java_533,q,0.061452513966480445,0.03910614525139665,0.0223463687150838,-5.248077392578125,-5.374256134033203,False,False
codecontests_java_533,k,0.2122905027932961,0.10614525139664804,0.10614525139664804,-4.40130615234375,-4.9972991943359375,False,False
codecontests_java_533,v,0.1005586592178771,0.0,0.1005586592178771,-5.02398681640625,-5.589935302734375,False,False
codecontests_java_533,z,0.2346368715083799,0.15083798882681565,0.08379888268156424,-4.2733154296875,-4.748756408691406,False,False
codecontests_cpp_534,q,-0.5620915032679739,-0.16993464052287582,-0.39215686274509803,-3.7076416015625,-2.791900634765625,False,False
codecontests_cpp_534,k,-0.869281045751634,-0.6993464052287581,-0.16993464052287582,-4.415771484375,-4.023681640625,False,False
codecontests_cpp_534,v,-0.26143790849673204,-0.13725490196078433,-0.12418300653594772,-3.007080078125,-2.71295166015625,False,False
codecontests_cpp_534,z,-0.47058823529411764,-0.3464052287581699,-0.12418300653594772,-3.4954833984375,-3.20703125,False,False
codecontests_java_534,q,0.10465116279069768,-0.07751937984496124,0.1821705426356589,-7.218467712402344,-8.685287475585938,False,False
codecontests_java_534,k,0.07751937984496124,-0.015503875968992248,0.09302325581395349,-7.436717987060547,-8.187032699584961,False,False
codecontests_java_534,v,0.10852713178294573,0.07364341085271318,0.03488372093023256,-7.185577392578125,-7.466941833496094,False,False
codecontests_java_534,z,0.09302325581395349,0.07751937984496124,0.015503875968992248,-7.3117218017578125,-7.437854766845703,False,False
codecontests_cpp_535,q,-0.16666666666666666,-0.1111111111111111,-0.05555555555555555,-4.587493896484375,-4.3702392578125,False,False
codecontests_cpp_535,k,-0.11904761904761904,-0.11904761904761904,0.0,-4.40509033203125,-4.4038238525390625,False,False
codecontests_cpp_535,v,-0.05555555555555555,-0.29365079365079366,0.23809523809523808,-4.1540985107421875,-5.085693359375,False,False
codecontests_cpp_535,z,0.015873015873015872,-0.11904761904761904,0.1349206349206349,-3.86920166015625,-4.4037322998046875,False,False
codecontests_java_535,q,-0.005208333333333333,0.036458333333333336,-0.041666666666666664,-12.060638427734375,-11.55987548828125,False,False
codecontests_java_535,k,0.03125,0.036458333333333336,-0.005208333333333333,-11.62237548828125,-11.5555419921875,False,False
codecontests_java_535,v,0.13020833333333334,0.17708333333333334,-0.046875,-10.435272216796875,-9.86956787109375,False,False
codecontests_java_535,z,0.08333333333333333,0.052083333333333336,0.03125,-10.98687744140625,-11.371856689453125,False,False
codecontests_cpp_536,q,-0.033816425120772944,0.11594202898550725,-0.1497584541062802,-3.3454132080078125,-2.8566741943359375,False,False
codecontests_cpp_536,k,-0.3140096618357488,-0.32367149758454106,0.00966183574879227,-4.2265625,-4.25048828125,False,False
codecontests_cpp_536,v,-0.10144927536231885,-0.09178743961352658,-0.00966183574879227,-3.556427001953125,-3.52734375,False,False
codecontests_cpp_536,z,0.2898550724637681,0.2222222222222222,0.06763285024154589,-2.276611328125,-2.50518798828125,False,False
codecontests_java_536,q,-0.01875,-0.00625,-0.0125,-10.1793212890625,-10.0531005859375,False,False
codecontests_java_536,k,0.00625,0.0,0.00625,-9.901611328125,-9.98834228515625,False,False
codecontests_java_536,v,0.1,0.075,0.025,-8.996719360351562,-9.246719360351562,False,False
codecontests_java_536,z,0.16875,0.08125,0.0875,-8.307037353515625,-9.17523193359375,False,False
codecontests_cpp_538,q,0.09230769230769231,0.08205128205128205,0.010256410256410256,-2.760009765625,-2.7951736450195312,False,False
codecontests_cpp_538,k,0.2923076923076923,-0.035897435897435895,0.3282051282051282,-2.1295166015625,-3.155628204345703,False,False
codecontests_cpp_538,v,-0.14358974358974358,-0.06666666666666667,-0.07692307692307693,-3.477325439453125,-3.248291015625,False,False
codecontests_cpp_538,z,0.005128205128205128,0.15384615384615385,-0.14871794871794872,-3.0289459228515625,-2.5728759765625,False,False
codecontests_java_538,q,-0.08018867924528301,-0.12735849056603774,0.04716981132075472,-7.154541015625,-7.469022750854492,False,False
codecontests_java_538,k,0.0330188679245283,0.08018867924528301,-0.04716981132075472,-6.404319763183594,-6.087646484375,False,False
codecontests_java_538,v,0.05660377358490566,-0.09433962264150944,0.1509433962264151,-6.24566650390625,-7.248268127441406,False,False
codecontests_java_538,z,0.07075471698113207,-0.10849056603773585,0.1792452830188679,-6.1529388427734375,-7.3417816162109375,False,False
codecontests_cpp_540,q,-0.019762845849802372,0.08695652173913043,-0.1067193675889328,-4.029449462890625,-3.6093342304229736,False,False
codecontests_cpp_540,k,-0.02766798418972332,-0.02766798418972332,0.0,-4.061225891113281,-4.0626420974731445,False,False
codecontests_cpp_540,v,-0.05138339920948617,-0.1067193675889328,0.05533596837944664,-4.1551666259765625,-4.374229431152344,False,False
codecontests_cpp_540,z,-0.13043478260869565,-0.043478260869565216,-0.08695652173913043,-4.467765808105469,-4.122833251953125,False,False
codecontests_java_540,q,0.011764705882352941,-0.041176470588235294,0.052941176470588235,-10.496963500976562,-11.059234619140625,False,False
codecontests_java_540,k,0.1411764705882353,0.12352941176470589,0.01764705882352941,-9.124431610107422,-9.2972412109375,False,False
codecontests_java_540,v,0.11176470588235295,0.13529411764705881,-0.023529411764705882,-9.436748504638672,-9.18316650390625,False,False
codecontests_java_540,z,0.1,0.058823529411764705,0.041176470588235294,-9.561870574951172,-9.99976921081543,False,False
codecontests_cpp_541,q,-0.4551282051282051,-0.1346153846153846,-0.32051282051282054,-3.525146484375,-2.76080322265625,False,False
codecontests_cpp_541,k,-0.15384615384615385,-0.12179487179487179,-0.03205128205128205,-2.79937744140625,-2.7176513671875,False,False
codecontests_cpp_541,v,0.02564102564102564,0.08333333333333333,-0.057692307692307696,-2.371002197265625,-2.233722686767578,False,False
codecontests_cpp_541,z,-0.3333333333333333,-0.1282051282051282,-0.20512820512820512,-3.21826171875,-2.744720458984375,False,False
codecontests_java_541,q,0.00625,-0.04375,0.05,-4.964080810546875,-5.214263916015625,False,False
codecontests_java_541,k,0.340625,0.221875,0.11875,-3.26171875,-3.865478515625,False,False
codecontests_java_541,v,0.203125,0.15625,0.046875,-3.95166015625,-4.1962890625,False,False
codecontests_java_541,z,0.246875,0.11875,0.128125,-3.739501953125,-4.400115966796875,False,False
codecontests_cpp_542,q,0.03626943005181347,0.08290155440414508,-0.046632124352331605,-2.9063568115234375,-2.761505126953125,False,False
codecontests_cpp_542,k,0.010362694300518135,0.15544041450777202,-0.14507772020725387,-2.980804443359375,-2.5364990234375,False,False
codecontests_cpp_542,v,0.26424870466321243,0.29533678756476683,-0.031088082901554404,-2.1993408203125,-2.1015625,False,False
codecontests_cpp_542,z,0.07772020725388601,0.10880829015544041,-0.031088082901554404,-2.7812983989715576,-2.6853790283203125,False,False
codecontests_java_542,q,0.00980392156862745,0.05392156862745098,-0.04411764705882353,-6.305999755859375,-6.0275726318359375,False,False
codecontests_java_542,k,-0.2107843137254902,-0.12745098039215685,-0.08333333333333333,-7.7152862548828125,-7.1810302734375,False,False
codecontests_java_542,v,0.19607843137254902,0.29411764705882354,-0.09803921568627451,-5.11572265625,-4.482666015625,False,False
codecontests_java_542,z,0.058823529411764705,0.1568627450980392,-0.09803921568627451,-5.999750137329102,-5.36541748046875,False,False
codecontests_cpp_544,q,-0.176056338028169,0.10915492957746478,-0.2852112676056338,-5.215576171875,-3.9505615234375,False,False
codecontests_cpp_544,k,-0.028169014084507043,0.13380281690140844,-0.1619718309859155,-4.561740875244141,-3.8402252197265625,False,False
codecontests_cpp_544,v,0.10915492957746478,0.028169014084507043,0.08098591549295775,-3.9496002197265625,-4.311149597167969,False,False
codecontests_cpp_544,z,-0.007042253521126761,0.07746478873239436,-0.08450704225352113,-4.467262268066406,-4.091804504394531,False,False
codecontests_java_544,q,-0.07602339181286549,-0.08771929824561403,0.011695906432748537,-11.497390747070312,-11.623031616210938,False,False
codecontests_java_544,k,-0.1111111111111111,-0.017543859649122806,-0.0935672514619883,-11.870391845703125,-10.872650146484375,False,False
codecontests_java_544,v,0.023391812865497075,0.05847953216374269,-0.03508771929824561,-10.434829711914062,-10.055877685546875,False,False
codecontests_java_544,z,0.03508771929824561,0.011695906432748537,0.023391812865497075,-10.296875,-10.5537109375,False,False
codecontests_java_545,q,-0.012396694214876033,0.05371900826446281,-0.06611570247933884,-7.653411865234375,-7.1545562744140625,False,False
codecontests_java_545,k,0.1446280991735537,0.2603305785123967,-0.11570247933884298,-6.4665374755859375,-5.58868408203125,False,False
codecontests_java_545,v,-0.09917355371900827,0.02066115702479339,-0.11983471074380166,-8.30755615234375,-7.401458740234375,False,False
codecontests_java_545,z,0.1652892561983471,0.15289256198347106,0.012396694214876033,-6.3090972900390625,-6.3895263671875,False,False
codecontests_cpp_546,q,-0.0851063829787234,0.05106382978723404,-0.13617021276595745,-7.968686580657959,-6.968552589416504,False,False
codecontests_cpp_546,k,0.00425531914893617,-0.029787234042553193,0.03404255319148936,-7.3134613037109375,-7.55804443359375,False,False
codecontests_cpp_546,v,-0.0851063829787234,-0.04680851063829787,-0.03829787234042553,-7.968269348144531,-7.6858978271484375,False,False
codecontests_cpp_546,z,0.0,-0.06808510638297872,0.06808510638297872,-7.344459533691406,-7.8414154052734375,False,False
codecontests_java_546,q,0.10582010582010581,0.12169312169312169,-0.015873015873015872,-10.560615539550781,-10.373291015625,False,False
codecontests_java_546,k,0.30687830687830686,0.2328042328042328,0.07407407407407407,-8.1837158203125,-9.059326171875,False,False
codecontests_java_546,v,0.13227513227513227,0.18518518518518517,-0.05291005291005291,-10.249439239501953,-9.624103546142578,False,False
codecontests_java_546,z,0.1693121693121693,0.1746031746031746,-0.005291005291005291,-9.8006591796875,-9.743560791015625,False,False
codecontests_java_547,q,0.00423728813559322,-0.19491525423728814,0.19915254237288135,-3.6679840087890625,-4.39984130859375,False,False
codecontests_java_547,k,0.1864406779661017,0.1906779661016949,-0.00423728813559322,-2.9898681640625,-2.97247314453125,False,False
codecontests_java_547,v,0.15677966101694915,0.03389830508474576,0.1228813559322034,-3.1031494140625,-3.5565185546875,False,False
codecontests_java_547,z,0.11016949152542373,0.05508474576271186,0.05508474576271186,-3.2698974609375,-3.4810791015625,False,False
codecontests_cpp_548,q,-0.0872093023255814,0.09302325581395349,-0.18023255813953487,-5.843296051025391,-4.874427795410156,False,False
codecontests_cpp_548,k,-0.046511627906976744,-0.0872093023255814,0.040697674418604654,-5.623542785644531,-5.843212127685547,False,False
codecontests_cpp_548,v,0.046511627906976744,0.06976744186046512,-0.023255813953488372,-5.123939514160156,-4.999910354614258,False,False
codecontests_cpp_548,z,-0.0872093023255814,-0.0872093023255814,0.0,-5.843082427978516,-5.8416900634765625,False,False
codecontests_java_548,q,-0.06040268456375839,0.06040268456375839,-0.12080536912751678,-4.9251708984375,-4.37237548828125,False,False
codecontests_java_548,k,-0.18791946308724833,-0.19463087248322147,0.006711409395973154,-5.5045166015625,-5.552490234375,False,False
codecontests_java_548,v,-0.16778523489932887,-0.020134228187919462,-0.1476510067114094,-5.43353271484375,-4.733642578125,False,False
codecontests_java_548,z,0.15436241610738255,0.04697986577181208,0.10738255033557047,-3.9278564453125,-4.4287109375,False,False
codecontests_java_549,q,0.0273972602739726,-0.13013698630136986,0.15753424657534246,-4.436241149902344,-5.15411376953125,False,False
codecontests_java_549,k,0.3082191780821918,0.11643835616438356,0.1917808219178082,-3.1351318359375,-4.005859375,False,False
codecontests_java_549,v,0.3150684931506849,0.0410958904109589,0.273972602739726,-3.1082763671875,-4.36236572265625,False,False
codecontests_java_549,z,0.1541095890410959,0.2636986301369863,-0.1095890410958904,-3.85443115234375,-3.34613037109375,False,False
codecontests_cpp_550,q,-0.017964071856287425,0.0,-0.017964071856287425,-5.308380126953125,-5.2176513671875,False,False
codecontests_cpp_550,k,-0.1437125748502994,-0.0718562874251497,-0.0718562874251497,-5.967201232910156,-5.5921783447265625,False,False
codecontests_cpp_550,v,-0.0658682634730539,-0.0718562874251497,0.005988023952095809,-5.5593719482421875,-5.5920867919921875,False,False
codecontests_cpp_550,z,0.0658682634730539,-0.07784431137724551,0.1437125748502994,-4.872039794921875,-5.62255859375,False,False
codecontests_java_550,q,0.07428571428571429,0.05714285714285714,0.017142857142857144,-10.125142097473145,-10.311843872070312,False,False
codecontests_java_550,k,0.14857142857142858,0.12571428571428572,0.022857142857142857,-9.310722351074219,-9.562040328979492,False,False
codecontests_java_550,v,0.05714285714285714,0.02857142857142857,0.02857142857142857,-10.30743408203125,-10.622161865234375,False,False
codecontests_java_550,z,0.12571428571428572,0.10857142857142857,0.017142857142857144,-9.561386108398438,-9.748329162597656,False,False
codecontests_java_551,q,0.2669683257918552,0.21266968325791855,0.05429864253393665,-5.05731201171875,-5.434417724609375,False,False
codecontests_java_551,k,0.334841628959276,0.19004524886877827,0.14479638009049775,-4.58349609375,-5.58917236328125,False,False
codecontests_java_551,v,0.2081447963800905,0.22171945701357465,-0.013574660633484163,-5.46331787109375,-5.36138916015625,False,False
codecontests_java_551,z,0.3936651583710407,0.12669683257918551,0.2669683257918552,-4.1697998046875,-6.02484130859375,False,False
codecontests_cpp_552,q,-0.021505376344086023,-0.005376344086021506,-0.016129032258064516,-5.937661170959473,-5.843514442443848,False,False
codecontests_cpp_552,k,0.22580645161290322,0.13978494623655913,0.08602150537634409,-4.492340087890625,-4.9898681640625,False,False
codecontests_cpp_552,v,0.3709677419354839,0.20430107526881722,0.16666666666666666,-3.6400146484375,-4.62200927734375,False,False
codecontests_cpp_552,z,0.12903225806451613,-0.021505376344086023,0.15053763440860216,-5.0617523193359375,-5.937969207763672,False,False
codecontests_java_552,q,0.07291666666666667,0.078125,-0.005208333333333333,-11.123825073242188,-11.061309814453125,False,False
codecontests_java_552,k,0.015625,0.010416666666666666,0.005208333333333333,-11.809280395507812,-11.872848510742188,False,False
codecontests_java_552,v,0.08854166666666667,0.0625,0.026041666666666668,-10.931243896484375,-11.248191833496094,False,False
codecontests_java_552,z,0.10416666666666667,0.078125,0.026041666666666668,-10.747055053710938,-11.062556505203247,False,False
codecontests_java_553,q,-0.06493506493506493,-0.17532467532467533,0.11038961038961038,-5.124031066894531,-5.6529083251953125,False,False
codecontests_java_553,k,-0.012987012987012988,0.045454545454545456,-0.05844155844155844,-4.86859130859375,-4.5926666259765625,False,False
codecontests_java_553,v,-0.012987012987012988,0.006493506493506494,-0.01948051948051948,-4.858642578125,-4.7734375,False,False
codecontests_java_553,z,0.09740259740259741,-0.03896103896103896,0.13636363636363635,-4.337890625,-4.9975128173828125,False,False
codecontests_cpp_554,q,0.08502024291497975,0.14979757085020243,-0.06477732793522267,-3.5290069580078125,-3.27593994140625,False,False
codecontests_cpp_554,k,0.1214574898785425,0.32793522267206476,-0.20647773279352227,-3.385833740234375,-2.5699462890625,False,False
codecontests_cpp_554,v,-0.11740890688259109,0.2145748987854251,-0.3319838056680162,-4.3099822998046875,-3.0164794921875,False,False
codecontests_cpp_554,z,0.1214574898785425,-0.11740890688259109,0.2388663967611336,-3.383758544921875,-4.310615539550781,False,False
codecontests_java_554,q,-0.03896103896103896,0.07142857142857142,-0.11038961038961038,-9.998710632324219,-8.935028076171875,False,False
codecontests_java_554,k,0.032467532467532464,0.025974025974025976,0.006493506493506494,-9.309539794921875,-9.368560791015625,False,False
codecontests_java_554,v,-0.032467532467532464,-0.03896103896103896,0.006493506493506494,-9.934432983398438,-9.9964599609375,False,False
codecontests_java_554,z,0.006493506493506494,0.12337662337662338,-0.11688311688311688,-9.558563232421875,-8.435043334960938,False,False
codecontests_java_555,q,0.444,0.216,0.228,-2.134765625,-3.05413818359375,False,False
codecontests_java_555,k,0.352,0.268,0.084,-2.5072021484375,-2.8426513671875,False,False
codecontests_java_555,v,0.124,0.104,0.02,-3.41217041015625,-3.49237060546875,False,False
codecontests_java_555,z,0.26,0.192,0.068,-2.87664794921875,-3.14837646484375,False,False
codecontests_cpp_556,q,-0.24031007751937986,-0.24031007751937986,0.0,-4.99163818359375,-4.99169921875,False,False
codecontests_cpp_556,k,-0.06201550387596899,-0.06201550387596899,0.0,-4.279998779296875,-4.2800750732421875,False,False
codecontests_cpp_556,v,-0.12403100775193798,-0.031007751937984496,-0.09302325581395349,-4.52703857421875,-4.1542205810546875,False,False
codecontests_cpp_556,z,-0.15503875968992248,-0.2713178294573643,0.11627906976744186,-4.65216064453125,-5.11541748046875,False,False
codecontests_java_556,q,-0.112,-0.072,-0.04,-8.67645263671875,-8.372817993164062,False,False
codecontests_java_556,k,0.044,-0.024,0.068,-7.4651336669921875,-7.99053955078125,False,False
codecontests_java_556,v,-0.072,-0.02,-0.052,-8.37042236328125,-7.96240234375,False,False
codecontests_java_556,z,0.016,0.06,-0.044,-7.68243408203125,-7.3314208984375,False,False
codecontests_cpp_557,q,-0.04938271604938271,0.08641975308641975,-0.13580246913580246,-2.6539459228515625,-2.308013916015625,False,False
codecontests_cpp_557,k,0.006172839506172839,-0.17901234567901234,0.18518518518518517,-2.514068603515625,-2.97308349609375,False,False
codecontests_cpp_557,v,-0.08641975308641975,-0.4691358024691358,0.38271604938271603,-2.7465057373046875,-3.675537109375,False,False
codecontests_cpp_557,z,0.13580246913580246,-0.09876543209876543,0.2345679012345679,-2.17681884765625,-2.775482177734375,False,False
codecontests_java_557,q,0.12272727272727273,0.00909090909090909,0.11363636363636363,-6.030292510986328,-6.808135986328125,False,False
codecontests_java_557,k,0.1409090909090909,0.08181818181818182,0.05909090909090909,-5.9024200439453125,-6.3094329833984375,False,False
codecontests_java_557,v,0.36818181818181817,0.22272727272727272,0.14545454545454545,-4.33477783203125,-5.3321533203125,False,False
codecontests_java_557,z,-0.004545454545454545,0.07272727272727272,-0.07727272727272727,-6.89605712890625,-6.35980224609375,False,False
codecontests_cpp_558,q,0.13989637305699482,0.025906735751295335,0.11398963730569948,-5.186485290527344,-5.873260498046875,False,False
codecontests_cpp_558,k,0.0051813471502590676,0.06217616580310881,-0.05699481865284974,-5.9978790283203125,-5.65577507019043,False,False
codecontests_cpp_558,v,0.09844559585492228,0.08290155440414508,0.015544041450777202,-5.4361724853515625,-5.530391693115234,False,False
codecontests_cpp_558,z,0.14507772020725387,-0.07772020725388601,0.22279792746113988,-5.15313720703125,-6.499168395996094,False,False
codecontests_java_558,q,-0.010101010101010102,-0.005050505050505051,-0.005050505050505051,-12.493072509765625,-12.4351806640625,False,False
codecontests_java_558,k,0.1919191919191919,0.09090909090909091,0.10101010101010101,-9.996063232421875,-11.247268676757812,False,False
codecontests_java_558,v,0.09595959595959595,0.03535353535353535,0.06060606060606061,-11.174072265625,-11.9171142578125,False,False
codecontests_java_558,z,0.14646464646464646,0.04040404040404041,0.10606060606060606,-10.55462646484375,-11.872314453125,False,False
codecontests_java_559,q,0.16666666666666666,0.10714285714285714,0.05952380952380952,-6.5599517822265625,-7.0289306640625,False,False
codecontests_java_559,k,0.07936507936507936,0.1388888888888889,-0.05952380952380952,-7.246337890625,-6.780315399169922,False,False
codecontests_java_559,v,0.027777777777777776,0.07539682539682539,-0.047619047619047616,-7.653411865234375,-7.281553268432617,False,False
codecontests_java_559,z,0.20238095238095238,0.051587301587301584,0.15079365079365079,-6.27374267578125,-7.45782470703125,False,False
codecontests_cpp_560,q,0.08053691275167785,-0.16778523489932887,0.2483221476510067,-2.1374053955078125,-2.7155914306640625,False,False
codecontests_cpp_560,k,0.12080536912751678,0.09395973154362416,0.026845637583892617,-2.041748046875,-2.10302734375,False,False
codecontests_cpp_560,v,0.18456375838926176,0.006711409395973154,0.17785234899328858,-1.892791748046875,-2.30267333984375,False,False
codecontests_cpp_560,z,0.15771812080536912,-0.06711409395973154,0.22483221476510068,-1.9583282470703125,-2.478546142578125,False,False
codecontests_java_560,q,0.046153846153846156,0.020512820512820513,0.02564102564102564,-11.621368408203125,-11.933670043945312,False,False
codecontests_java_560,k,0.05641025641025641,0.0,0.05641025641025641,-11.49609375,-12.180877685546875,False,False
codecontests_java_560,v,-0.10256410256410256,-0.046153846153846156,-0.05641025641025641,-13.4345703125,-12.743804931640625,False,False
codecontests_java_560,z,0.05641025641025641,0.03076923076923077,0.02564102564102564,-11.496505737304688,-11.809188842773438,False,False
codecontests_java_561,q,0.09282700421940929,0.12658227848101267,-0.03375527426160337,-3.356353759765625,-3.22955322265625,False,False
codecontests_java_561,k,-0.0379746835443038,-0.24050632911392406,0.20253164556962025,-3.8409271240234375,-4.5828857421875,False,False
codecontests_java_561,v,-0.03375527426160337,-0.07172995780590717,0.0379746835443038,-3.82342529296875,-3.9662017822265625,False,False
codecontests_java_561,z,0.15611814345991562,0.21940928270042195,-0.06329113924050633,-3.118743896484375,-2.87896728515625,False,False
codecontests_cpp_562,q,-0.2846715328467153,-0.058394160583941604,-0.22627737226277372,-5.492889404296875,-4.528228759765625,False,False
codecontests_cpp_562,k,-0.23357664233576642,-0.0948905109489051,-0.1386861313868613,-5.276031494140625,-4.685455322265625,False,False
codecontests_cpp_562,v,-0.10218978102189781,-0.15328467153284672,0.051094890510948905,-4.71197509765625,-4.9337005615234375,False,False
codecontests_cpp_562,z,-0.25547445255474455,-0.072992700729927,-0.18248175182481752,-5.367401123046875,-4.587554931640625,False,False
codecontests_java_562,q,0.043795620437956206,0.0,0.043795620437956206,-8.187324523925781,-8.562213897705078,False,False
codecontests_java_562,k,-0.014598540145985401,-0.0948905109489051,0.08029197080291971,-8.681884765625,-9.3651123046875,False,False
codecontests_java_562,v,0.058394160583941604,0.029197080291970802,0.029197080291970802,-8.058746337890625,-8.311717987060547,False,False
codecontests_java_562,z,0.043795620437956206,0.12043795620437957,-0.07664233576642336,-8.18402099609375,-7.530977249145508,False,False
codecontests_cpp_563,q,0.12953367875647667,0.08290155440414508,0.046632124352331605,-5.245849609375,-5.5288848876953125,False,False
codecontests_cpp_563,k,0.07253886010362694,0.0051813471502590676,0.06735751295336788,-5.586456298828125,-5.9966278076171875,False,False
codecontests_cpp_563,v,0.05181347150259067,-0.015544041450777202,0.06735751295336788,-5.711273193359375,-6.1215057373046875,False,False
codecontests_cpp_563,z,0.046632124352331605,0.046632124352331605,0.0,-5.74713134765625,-5.7476348876953125,False,False
codecontests_java_563,q,0.08333333333333333,0.18229166666666666,-0.09895833333333333,-5.499764442443848,-4.902740478515625,False,False
codecontests_java_563,k,0.125,0.23958333333333334,-0.11458333333333333,-5.249990701675415,-4.558502197265625,False,False
codecontests_java_563,v,0.22395833333333334,0.14583333333333334,0.078125,-4.6538543701171875,-5.124774932861328,False,False
codecontests_java_563,z,0.14583333333333334,0.22395833333333334,-0.078125,-5.121551513671875,-4.6537628173828125,False,False
codecontests_cpp_564,q,-0.12941176470588237,0.07647058823529412,-0.20588235294117646,-2.9968109130859375,-2.449127197265625,False,False
codecontests_cpp_564,k,-0.023529411764705882,0.041176470588235294,-0.06470588235294118,-2.716888427734375,-2.5467281341552734,False,False
codecontests_cpp_564,v,-0.25882352941176473,0.0,-0.25882352941176473,-3.33184814453125,-2.6556053161621094,False,False
codecontests_cpp_564,z,0.1588235294117647,0.03529411764705882,0.12352941176470589,-2.22796630859375,-2.5611572265625,False,False
codecontests_java_564,q,0.10980392156862745,0.12156862745098039,-0.011764705882352941,-7.090484619140625,-6.99261474609375,False,False
codecontests_java_564,k,0.34509803921568627,0.3254901960784314,0.0196078431372549,-5.1982421875,-5.367279052734375,False,False
codecontests_java_564,v,0.21176470588235294,0.10980392156862745,0.10196078431372549,-6.274383544921875,-7.086456298828125,False,False
codecontests_java_564,z,0.1803921568627451,0.24313725490196078,-0.06274509803921569,-6.51885986328125,-6.01123046875,False,False
codecontests_cpp_565,q,-0.021897810218978103,-0.12408759124087591,0.10218978102189781,-4.374821662902832,-4.8079833984375,False,False
codecontests_cpp_565,k,-0.1897810218978102,-0.1897810218978102,0.0,-5.088165283203125,-5.08807373046875,False,False
codecontests_cpp_565,v,-0.31386861313868614,-0.13138686131386862,-0.18248175182481752,-5.6156005859375,-4.841552734375,False,False
codecontests_cpp_565,z,-0.18248175182481752,-0.10948905109489052,-0.072992700729927,-5.057403564453125,-4.744476318359375,False,False
codecontests_java_565,q,0.022026431718061675,0.05286343612334802,-0.030837004405286344,-6.9273681640625,-6.71551513671875,False,False
codecontests_java_565,k,0.2511013215859031,0.24669603524229075,0.004405286343612335,-5.30694580078125,-5.338409423828125,False,False
codecontests_java_565,v,0.08370044052863436,0.15859030837004406,-0.07488986784140969,-6.493438720703125,-5.964569091796875,False,False
codecontests_java_565,z,0.05726872246696035,0.1277533039647577,-0.07048458149779736,-6.681304931640625,-6.17974853515625,False,False
codecontests_cpp_566,q,0.03424657534246575,-0.136986301369863,0.17123287671232876,-4.4038543701171875,-5.186649322509766,False,False
codecontests_cpp_566,k,-0.18493150684931506,-0.1095890410958904,-0.07534246575342465,-5.4014892578125,-5.0598602294921875,False,False
codecontests_cpp_566,v,-0.23972602739726026,0.0273972602739726,-0.2671232876712329,-5.650054931640625,-4.437349319458008,False,False
codecontests_cpp_566,z,-0.0547945205479452,0.00684931506849315,-0.06164383561643835,-4.810760498046875,-4.529754638671875,False,False
codecontests_java_566,q,0.06532663316582915,0.06030150753768844,0.005025125628140704,-11.622055053710938,-11.686248779296875,False,False
codecontests_java_566,k,0.10050251256281408,0.03015075376884422,0.07035175879396985,-11.186088562011719,-12.059188842773438,False,False
codecontests_java_566,v,0.07035175879396985,0.11055276381909548,-0.04020100502512563,-11.561241149902344,-11.057342529296875,False,False
codecontests_java_566,z,0.02512562814070352,-0.02512562814070352,0.05025125628140704,-12.122467041015625,-12.74981689453125,False,False
codecontests_cpp_567,q,0.1377245508982036,0.017964071856287425,0.11976047904191617,-4.4974822998046875,-5.1251420974731445,False,False
codecontests_cpp_567,k,0.16766467065868262,0.19161676646706588,-0.023952095808383235,-4.338226318359375,-4.215118408203125,False,False
codecontests_cpp_567,v,0.1437125748502994,0.07784431137724551,0.0658682634730539,-4.4661865234375,-4.808990478515625,False,False
codecontests_cpp_567,z,0.11377245508982035,0.005988023952095809,0.10778443113772455,-4.621124267578125,-5.17864990234375,False,False
codecontests_java_567,q,0.01282051282051282,0.05982905982905983,-0.04700854700854701,-14.437434196472168,-13.748794555664062,False,False
codecontests_java_567,k,0.08547008547008547,0.12393162393162394,-0.038461538461538464,-13.372573852539062,-12.811408996582031,False,False
codecontests_java_567,v,0.05555555555555555,0.03418803418803419,0.021367521367521368,-13.810272216796875,-14.119842529296875,False,False
codecontests_java_567,z,0.14957264957264957,0.13675213675213677,0.01282051282051282,-12.43084716796875,-12.624031066894531,False,False
codecontests_cpp_568,q,0.13679245283018868,0.10377358490566038,0.0330188679245283,-2.854522705078125,-2.9658050537109375,False,False
codecontests_cpp_568,k,0.20754716981132076,-0.03773584905660377,0.24528301886792453,-2.61468505859375,-3.4367523193359375,False,False
codecontests_cpp_568,v,-0.1792452830188679,-0.10849056603773585,-0.07075471698113207,-3.9007568359375,-3.6693115234375,False,False
codecontests_cpp_568,z,0.0660377358490566,-0.03773584905660377,0.10377358490566038,-3.0927352905273438,-3.437246322631836,False,False
codecontests_java_568,q,0.1826086956521739,0.05217391304347826,0.13043478260869565,-5.87286376953125,-6.810890197753906,False,False
codecontests_java_568,k,-0.06956521739130435,0.1,-0.16956521739130434,-7.6859588623046875,-6.467041015625,False,False
codecontests_java_568,v,0.0,0.13478260869565217,-0.13478260869565217,-7.1859893798828125,-6.217796325683594,False,False
codecontests_java_568,z,-0.0782608695652174,0.05217391304347826,-0.13043478260869565,-7.7481231689453125,-6.810577392578125,False,False
codecontests_cpp_570,q,0.13756613756613756,0.17989417989417988,-0.042328042328042326,-5.0907135009765625,-4.8401641845703125,False,False
codecontests_cpp_570,k,0.05291005291005291,0.010582010582010581,0.042328042328042326,-5.586944580078125,-5.83203125,False,False
codecontests_cpp_570,v,0.12698412698412698,0.1111111111111111,0.015873015873015872,-5.1417236328125,-5.2432861328125,False,False
codecontests_cpp_570,z,0.0582010582010582,0.010582010582010581,0.047619047619047616,-5.557769775390625,-5.839080810546875,False,False
codecontests_java_570,q,-0.045662100456621,-0.0410958904109589,-0.0045662100456621,-14.311256408691406,-14.249838829040527,False,False
codecontests_java_570,k,0.0,-0.0593607305936073,0.0593607305936073,-13.685531616210938,-14.497451782226562,False,False
codecontests_java_570,v,0.0319634703196347,-0.1050228310502283,0.136986301369863,-13.2437744140625,-15.11248779296875,False,False
codecontests_java_570,z,0.0958904109589041,-0.0045662100456621,0.1004566210045662,-12.372894287109375,-13.74652099609375,False,False
codecontests_java_571,q,0.08333333333333333,0.09210526315789473,-0.008771929824561403,-6.5267333984375,-6.468366622924805,False,False
codecontests_java_571,k,0.3157894736842105,0.19298245614035087,0.12280701754385964,-4.86273193359375,-5.745513916015625,False,False
codecontests_java_571,v,0.3201754385964912,0.2236842105263158,0.09649122807017543,-4.8277587890625,-5.52911376953125,False,False
codecontests_java_571,z,0.04824561403508772,0.03070175438596491,0.017543859649122806,-6.770751953125,-6.89459228515625,False,False
codecontests_java_572,q,0.1388888888888889,0.21825396825396826,-0.07936507936507936,-6.780517578125,-6.152069091796875,False,False
codecontests_java_572,k,0.08333333333333333,0.1746031746031746,-0.09126984126984126,-7.215087890625,-6.492584228515625,False,False
codecontests_java_572,v,0.1111111111111111,0.07936507936507936,0.031746031746031744,-6.9862060546875,-7.2462005615234375,False,False
codecontests_java_572,z,0.06349206349206349,-0.011904761904761904,0.07539682539682539,-7.3731231689453125,-7.9677276611328125,False,False
codecontests_cpp_573,q,-0.022222222222222223,0.11481481481481481,-0.13703703703703704,-4.310272216796875,-3.7313995361328125,False,False
codecontests_cpp_573,k,0.23703703703703705,0.2111111111111111,0.025925925925925925,-3.21392822265625,-3.3258209228515625,False,False
codecontests_cpp_573,v,0.1,0.22962962962962963,-0.12962962962962962,-3.788818359375,-3.2469482421875,False,False
codecontests_cpp_573,z,0.09259259259259259,-0.044444444444444446,0.13703703703703704,-3.8254547119140625,-4.4033355712890625,False,False
codecontests_java_573,q,-0.013452914798206279,-0.03587443946188341,0.02242152466367713,-7.0591583251953125,-7.2155303955078125,False,False
codecontests_java_573,k,0.06726457399103139,0.08968609865470852,-0.02242152466367713,-6.492279052734375,-6.3409576416015625,False,False
codecontests_java_573,v,0.09865470852017937,0.07623318385650224,0.02242152466367713,-6.2735595703125,-6.435569763183594,False,False
codecontests_java_573,z,0.04932735426008968,0.07174887892376682,-0.02242152466367713,-6.620697021484375,-6.466400146484375,False,False
codecontests_cpp_574,q,0.16143497757847533,0.017937219730941704,0.14349775784753363,-2.914642333984375,-3.419189453125,False,False
codecontests_cpp_574,k,0.28699551569506726,0.2600896860986547,0.026905829596412557,-2.4652099609375,-2.563232421875,False,False
codecontests_cpp_574,v,0.03139013452914798,0.053811659192825115,-0.02242152466367713,-3.3726959228515625,-3.293304443359375,False,False
codecontests_cpp_574,z,0.16143497757847533,0.13004484304932734,0.03139013452914798,-2.91558837890625,-3.027313232421875,False,False
codecontests_java_574,q,0.12883435582822086,0.13496932515337423,-0.006134969325153374,-8.874974489212036,-8.811058044433594,False,False
codecontests_java_574,k,0.3220858895705521,0.254601226993865,0.06748466257668712,-6.902740478515625,-7.5901947021484375,False,False
codecontests_java_574,v,0.12883435582822086,0.12269938650306748,0.006134969325153374,-8.870391845703125,-8.934539794921875,False,False
codecontests_java_574,z,0.2147239263803681,0.1411042944785276,0.0736196319018405,-7.9961090087890625,-8.74786376953125,False,False
codecontests_cpp_575,q,-0.17699115044247787,-0.1415929203539823,-0.035398230088495575,-4.147705078125,-4.025787353515625,False,False
codecontests_cpp_575,k,0.1592920353982301,0.07079646017699115,0.08849557522123894,-2.961456298828125,-3.27587890625,False,False
codecontests_cpp_575,v,0.15486725663716813,-0.11061946902654868,0.26548672566371684,-2.978424072265625,-3.915985107421875,False,False
codecontests_cpp_575,z,0.022123893805309734,-0.30973451327433627,0.33185840707964603,-3.448638916015625,-4.61077880859375,False,False
codecontests_java_575,q,-0.102803738317757,-0.0794392523364486,-0.02336448598130841,-7.372528076171875,-7.2119140625,False,False
codecontests_java_575,k,0.12149532710280374,0.06074766355140187,0.06074766355140187,-5.86181640625,-6.275146484375,False,False
codecontests_java_575,v,-0.17757009345794392,-0.17757009345794392,0.0,-7.8692626953125,-7.86224365234375,False,False
codecontests_java_575,z,0.08878504672897196,0.1261682242990654,-0.037383177570093455,-6.0745849609375,-5.814453125,False,False
codecontests_cpp_576,q,-0.057803468208092484,0.04046242774566474,-0.09826589595375723,-2.85101318359375,-2.5928878784179688,False,False
codecontests_cpp_576,k,0.05202312138728324,-0.10982658959537572,0.16184971098265896,-2.5615615844726562,-2.979736328125,False,False
codecontests_cpp_576,v,-0.3063583815028902,0.1676300578034682,-0.47398843930635837,-3.51416015625,-2.24261474609375,False,False
codecontests_cpp_576,z,0.12716763005780346,-0.005780346820809248,0.1329479768786127,-2.354217529296875,-2.717620849609375,False,False
codecontests_java_576,q,0.17727272727272728,-0.1,0.2772727272727273,-2.81671142578125,-3.776824951171875,False,False
codecontests_java_576,k,0.08636363636363636,0.07727272727272727,0.00909090909090909,-3.124267578125,-3.16265869140625,False,False
codecontests_java_576,v,0.2409090909090909,0.004545454545454545,0.23636363636363636,-2.5908203125,-3.416595458984375,False,False
codecontests_java_576,z,0.031818181818181815,-0.06363636363636363,0.09545454545454546,-3.323944091796875,-3.650115966796875,False,False
codecontests_cpp_577,q,0.12844036697247707,0.11009174311926606,0.01834862385321101,-5.936058044433594,-6.060752868652344,False,False
codecontests_cpp_577,k,0.17889908256880735,0.22018348623853212,-0.04128440366972477,-5.58941650390625,-5.30828857421875,False,False
codecontests_cpp_577,v,0.10550458715596331,0.23394495412844038,-0.12844036697247707,-6.0901641845703125,-5.213470458984375,False,False
codecontests_cpp_577,z,0.01834862385321101,0.1651376146788991,-0.14678899082568808,-6.686717987060547,-5.684295654296875,False,False
codecontests_java_577,q,-0.10050251256281408,-0.05025125628140704,-0.05025125628140704,-13.68817138671875,-13.062950134277344,False,False
codecontests_java_577,k,0.010050251256281407,0.1306532663316583,-0.12060301507537688,-12.311332702636719,-10.811817169189453,False,False
codecontests_java_577,v,-0.01507537688442211,0.05527638190954774,-0.07035175879396985,-12.62546157836914,-11.746826171875,False,False
codecontests_java_577,z,-0.035175879396984924,-0.09547738693467336,0.06030150753768844,-12.8739013671875,-13.624717712402344,False,False
codecontests_java_578,q,0.19213973799126638,0.06986899563318777,0.1222707423580786,-5.77215576171875,-6.6525421142578125,False,False
codecontests_java_578,k,0.2445414847161572,0.29694323144104806,-0.05240174672489083,-5.385009765625,-5.000244140625,False,False
codecontests_java_578,v,0.008733624454148471,0.12663755458515283,-0.11790393013100436,-7.0745849609375,-6.21240234375,False,False
codecontests_java_578,z,0.07423580786026202,0.11353711790393013,-0.039301310043668124,-6.605712890625,-6.3260498046875,False,False
codecontests_cpp_579,q,-0.23728813559322035,-0.24858757062146894,0.011299435028248588,-3.4075927734375,-3.44183349609375,False,False
codecontests_cpp_579,k,-0.4350282485875706,-0.4124293785310734,-0.022598870056497175,-3.933837890625,-3.8800048828125,False,False
codecontests_cpp_579,v,-0.3220338983050847,-0.022598870056497175,-0.2994350282485876,-3.638671875,-2.81597900390625,False,False
codecontests_cpp_579,z,-0.24858757062146894,-0.07909604519774012,-0.1694915254237288,-3.4423828125,-2.981689453125,False,False
codecontests_java_579,q,0.08280254777070063,0.08917197452229299,-0.006369426751592357,-4.49713134765625,-4.466941833496094,False,False
codecontests_java_579,k,-0.03184713375796178,0.06369426751592357,-0.09554140127388536,-5.0499267578125,-4.58062744140625,False,False
codecontests_java_579,v,-0.17197452229299362,0.08917197452229299,-0.2611464968152866,-5.742706298828125,-4.4667510986328125,False,False
codecontests_java_579,z,0.01910828025477707,0.012738853503184714,0.006369426751592357,-4.8112030029296875,-4.8355712890625,False,False
codecontests_cpp_580,q,-0.14666666666666667,-0.04666666666666667,-0.1,-5.3713836669921875,-4.9041290283203125,False,False
codecontests_cpp_580,k,0.10666666666666667,0.17,-0.06333333333333334,-4.186248779296875,-3.8858642578125,False,False
codecontests_cpp_580,v,0.3333333333333333,0.12,0.21333333333333335,-3.1021728515625,-4.11578369140625,False,False
codecontests_cpp_580,z,0.15,0.06666666666666667,0.08333333333333333,-3.9649658203125,-4.369049072265625,False,False
codecontests_java_580,q,0.058394160583941604,0.17518248175182483,-0.11678832116788321,-4.029510498046875,-3.5247802734375,False,False
codecontests_java_580,k,0.014598540145985401,-0.15328467153284672,0.1678832116788321,-4.211212158203125,-4.932464599609375,False,False
codecontests_java_580,v,0.0,0.08759124087591241,-0.08759124087591241,-4.280235290527344,-3.90093994140625,False,False
codecontests_java_580,z,-0.021897810218978103,0.09124087591240876,-0.11313868613138686,-4.369720458984375,-3.884918212890625,False,False
codecontests_cpp_581,q,0.0625,0.09583333333333334,-0.03333333333333333,-3.5150985717773438,-3.3903770446777344,False,False
codecontests_cpp_581,k,0.36666666666666664,0.15416666666666667,0.2125,-2.34326171875,-3.1697845458984375,False,False
codecontests_cpp_581,v,0.25,0.029166666666666667,0.22083333333333333,-2.8001708984375,-3.640939712524414,False,False
codecontests_cpp_581,z,0.0875,-0.020833333333333332,0.10833333333333334,-3.4186859130859375,-3.827117919921875,False,False
codecontests_java_581,q,0.03349282296650718,-0.0430622009569378,0.07655502392344497,-6.310569763183594,-6.8096771240234375,False,False
codecontests_java_581,k,0.14832535885167464,0.18660287081339713,-0.03827751196172249,-5.558441162109375,-5.3095703125,False,False
codecontests_java_581,v,0.21052631578947367,0.13875598086124402,0.07177033492822966,-5.149810791015625,-5.619171142578125,False,False
codecontests_java_581,z,0.3253588516746411,0.14832535885167464,0.17703349282296652,-4.399627685546875,-5.560150146484375,False,False
codecontests_cpp_582,q,-0.3548387096774194,-0.04608294930875576,-0.3087557603686636,-4.57904052734375,-3.54156494140625,False,False
codecontests_cpp_582,k,0.009216589861751152,0.004608294930875576,0.004608294930875576,-3.3486328125,-3.36419677734375,False,False
codecontests_cpp_582,v,-0.2903225806451613,-0.28110599078341014,-0.009216589861751152,-4.36328125,-4.33282470703125,False,False
codecontests_cpp_582,z,-0.013824884792626729,0.11059907834101383,-0.12442396313364056,-3.43377685546875,-3.00103759765625,False,False
codecontests_java_582,q,0.08737864077669903,0.1796116504854369,-0.09223300970873786,-5.866943359375,-5.27215576171875,False,False
codecontests_java_582,k,0.3592233009708738,0.46601941747572817,-0.10679611650485436,-4.1136474609375,-3.4149169921875,False,False
codecontests_java_582,v,0.0970873786407767,0.2087378640776699,-0.11165048543689321,-5.808349609375,-5.0915069580078125,False,False
codecontests_java_582,z,0.043689320388349516,0.1941747572815534,-0.15048543689320387,-6.155681610107422,-5.1851348876953125,False,False
codecontests_java_583,q,-0.04316546762589928,0.007194244604316547,-0.050359712230215826,-4.530952453613281,-4.313484191894531,False,False
codecontests_java_583,k,-0.07194244604316546,-0.1079136690647482,0.03597122302158273,-4.656299829483032,-4.81353759765625,False,False
codecontests_java_583,v,-0.06474820143884892,0.014388489208633094,-0.07913669064748201,-4.61529541015625,-4.276153564453125,False,False
codecontests_java_583,z,-0.2158273381294964,-0.2589928057553957,0.04316546762589928,-5.280368804931641,-5.464569091796875,False,False
codecontests_java_584,q,0.07100591715976332,0.023668639053254437,0.047337278106508875,-4.905803680419922,-5.155628204345703,False,False
codecontests_java_584,k,0.20710059171597633,0.2692307692307692,-0.0621301775147929,-4.180633544921875,-3.848876953125,False,False
codecontests_java_584,v,0.1834319526627219,0.2692307692307692,-0.08579881656804733,-4.307861328125,-3.84930419921875,False,False
codecontests_java_584,z,0.21301775147928995,0.2455621301775148,-0.03254437869822485,-4.1396484375,-3.974365234375,False,False
codecontests_cpp_585,q,0.1650943396226415,0.16981132075471697,-0.0047169811320754715,-2.760467529296875,-2.74664306640625,False,False
codecontests_cpp_585,k,0.05660377358490566,0.0330188679245283,0.02358490566037736,-3.120025634765625,-3.196990966796875,False,False
codecontests_cpp_585,v,0.14622641509433962,0.1179245283018868,0.02830188679245283,-2.8276138305664062,-2.9204864501953125,False,False
codecontests_cpp_585,z,-0.11320754716981132,0.10849056603773585,-0.22169811320754718,-3.68121337890625,-2.947845458984375,False,False
codecontests_java_585,q,-0.15555555555555556,-0.011111111111111112,-0.14444444444444443,-12.99420166015625,-11.376174926757812,False,False
codecontests_java_585,k,0.027777777777777776,-0.005555555555555556,0.03333333333333333,-10.933822631835938,-11.3092041015625,False,False
codecontests_java_585,v,-0.016666666666666666,-0.011111111111111112,-0.005555555555555556,-11.432342529296875,-11.375732421875,False,False
codecontests_java_585,z,-0.13333333333333333,-0.05,-0.08333333333333333,-12.751007080078125,-11.80804443359375,False,False
codecontests_cpp_586,q,-0.01680672268907563,-0.037815126050420166,0.02100840336134454,-3.777679443359375,-3.8579635620117188,False,False
codecontests_cpp_586,k,0.36554621848739494,0.15126050420168066,0.21428571428571427,-2.3232421875,-3.14984130859375,False,False
codecontests_cpp_586,v,0.4579831932773109,0.36554621848739494,0.09243697478991597,-1.9462890625,-2.324951171875,False,False
codecontests_cpp_586,z,-0.13445378151260504,0.12184873949579832,-0.25630252100840334,-4.21417236328125,-3.2633514404296875,False,False
codecontests_java_586,q,0.0,0.0,0.0,-5.0615692138671875,-5.062467813491821,False,False
codecontests_java_586,k,-0.09259259259259259,0.10493827160493827,-0.19753086419753085,-5.5301971435546875,-4.52587890625,False,False
codecontests_java_586,v,0.0,0.08641975308641975,-0.08641975308641975,-5.058074951171875,-4.6229248046875,False,False
codecontests_java_586,z,0.2623456790123457,0.24382716049382716,0.018518518518518517,-3.72711181640625,-3.82281494140625,False,False
codecontests_java_587,q,0.14814814814814814,0.09259259259259259,0.05555555555555555,-4.31005859375,-4.5926055908203125,False,False
codecontests_java_587,k,0.06790123456790123,0.2222222222222222,-0.15432098765432098,-4.716217041015625,-3.927490234375,False,False
codecontests_java_587,v,-0.018518518518518517,0.12345679012345678,-0.1419753086419753,-5.1551055908203125,-4.432098388671875,False,False
codecontests_java_587,z,0.08024691358024691,0.12962962962962962,-0.04938271604938271,-4.647705078125,-4.39788818359375,False,False
codecontests_cpp_588,q,-0.01809954751131222,-0.07692307692307693,0.058823529411764705,-7.03033447265625,-7.4339141845703125,False,False
codecontests_cpp_588,k,0.22171945701357465,0.248868778280543,-0.027149321266968326,-5.36651611328125,-5.1641845703125,False,False
codecontests_cpp_588,v,0.14027149321266968,0.09049773755656108,0.049773755656108594,-5.930999755859375,-6.255126953125,False,False
codecontests_cpp_588,z,0.03167420814479638,-0.05429864253393665,0.08597285067873303,-6.680419921875,-7.278533935546875,False,False
codecontests_java_588,q,0.05161290322580645,0.05806451612903226,-0.0064516129032258064,-9.18280029296875,-9.119598388671875,False,False
codecontests_java_588,k,0.21935483870967742,0.2129032258064516,0.0064516129032258064,-7.5590362548828125,-7.618499755859375,False,False
codecontests_java_588,v,0.16774193548387098,0.22903225806451613,-0.06129032258064516,-8.056060791015625,-7.467720031738281,False,False
codecontests_java_588,z,0.06451612903225806,0.06451612903225806,0.0,-9.044677734375,-9.060829162597656,False,False
codecontests_cpp_589,q,-0.13636363636363635,-0.005050505050505051,-0.13131313131313133,-3.50701904296875,-3.109678268432617,False,False
codecontests_cpp_589,k,0.30303030303030304,0.025252525252525252,0.2777777777777778,-2.125244140625,-3.014850616455078,False,False
codecontests_cpp_589,v,0.32323232323232326,0.38636363636363635,-0.06313131313131314,-2.0478515625,-1.8486328125,False,False
codecontests_cpp_589,z,0.0,0.08080808080808081,-0.08080808080808081,-3.0789794921875,-2.8403472900390625,False,False
codecontests_java_589,q,-0.011627906976744186,0.03488372093023256,-0.046511627906976744,-5.42706298828125,-5.17755126953125,False,False
codecontests_java_589,k,0.20930232558139536,0.36627906976744184,-0.1569767441860465,-4.23638916015625,-3.3822021484375,False,False
codecontests_java_589,v,-0.040697674418604654,0.005813953488372093,-0.046511627906976744,-5.586669921875,-5.3415374755859375,False,False
codecontests_java_589,z,0.05232558139534884,-0.05232558139534884,0.10465116279069768,-5.086883544921875,-5.640869140625,False,False
codecontests_cpp_590,q,0.06315789473684211,-0.021052631578947368,0.08421052631578947,-2.76861572265625,-3.025665283203125,False,False
codecontests_cpp_590,k,0.11052631578947368,0.042105263157894736,0.06842105263157895,-2.609375,-2.83978271484375,False,False
codecontests_cpp_590,v,-0.10526315789473684,-0.11578947368421053,0.010526315789473684,-3.274017333984375,-3.306884765625,False,False
codecontests_cpp_590,z,-0.1368421052631579,-0.12105263157894737,-0.015789473684210527,-3.359375,-3.323974609375,False,False
codecontests_java_590,q,-0.1566265060240964,0.0783132530120482,-0.23493975903614459,-5.996002197265625,-4.776275634765625,False,False
codecontests_java_590,k,0.1746987951807229,0.2469879518072289,-0.07228915662650602,-4.2724609375,-3.865966796875,False,False
codecontests_java_590,v,-0.030120481927710843,0.1566265060240964,-0.18674698795180722,-5.336639404296875,-4.3521728515625,False,False
codecontests_java_590,z,0.09036144578313253,-0.05421686746987952,0.14457831325301204,-4.6949462890625,-5.4603271484375,False,False
codecontests_cpp_591,q,0.12727272727272726,-0.04242424242424243,0.1696969696969697,-4.4976654052734375,-5.373771667480469,False,False
codecontests_cpp_591,k,-0.09090909090909091,-0.07878787878787878,-0.012121212121212121,-5.6168212890625,-5.55322265625,False,False
codecontests_cpp_591,v,-0.11515151515151516,-0.15757575757575756,0.04242424242424243,-5.74896240234375,-5.966400146484375,False,False
codecontests_cpp_591,z,-0.01818181818181818,-0.048484848484848485,0.030303030303030304,-5.2490081787109375,-5.400238037109375,False,False
codecontests_java_591,q,0.04225352112676056,0.09859154929577464,-0.056338028169014086,-6.3732452392578125,-5.998756408691406,False,False
codecontests_java_591,k,0.22535211267605634,0.2300469483568075,-0.004694835680751174,-5.152984619140625,-5.120941162109375,False,False
codecontests_java_591,v,0.06103286384976526,0.2112676056338028,-0.15023474178403756,-6.249778747558594,-5.2478790283203125,False,False
codecontests_java_591,z,0.107981220657277,0.2300469483568075,-0.12206572769953052,-5.931884765625,-5.12054443359375,False,False
codecontests_cpp_592,q,0.06535947712418301,0.0,0.06535947712418301,-4.4678955078125,-4.78126460313797,False,False
codecontests_cpp_592,k,-0.06535947712418301,0.1437908496732026,-0.20915032679738563,-5.0933990478515625,-4.091033935546875,False,False
codecontests_cpp_592,v,0.1437908496732026,0.1503267973856209,-0.006535947712418301,-4.08416748046875,-4.0592498779296875,False,False
codecontests_cpp_592,z,-0.026143790849673203,0.0,-0.026143790849673203,-4.906020164489746,-4.780342102050781,False,False
codecontests_java_592,q,0.0,0.09615384615384616,-0.09615384615384616,-4.874635696411133,-4.4034576416015625,False,False
codecontests_java_592,k,-0.09615384615384616,-0.09615384615384616,0.0,-5.34112548828125,-5.342681884765625,False,False
codecontests_java_592,v,-0.23717948717948717,-0.19230769230769232,-0.04487179487179487,-6.028076171875,-5.810028076171875,False,False
codecontests_java_592,z,-0.14102564102564102,0.0,-0.14102564102564102,-5.560707092285156,-4.874042510986328,False,False
codecontests_cpp_593,q,0.005494505494505495,0.07692307692307693,-0.07142857142857142,-2.8280889987945557,-2.62078857421875,False,False
codecontests_cpp_593,k,-0.3241758241758242,-0.09340659340659341,-0.23076923076923078,-3.758026123046875,-3.1080551147460938,False,False
codecontests_cpp_593,v,-0.09340659340659341,-0.2967032967032967,0.2032967032967033,-3.10302734375,-3.680389404296875,False,False
codecontests_cpp_593,z,-0.32967032967032966,-0.16483516483516483,-0.16483516483516483,-3.772216796875,-3.31072998046875,False,False
codecontests_java_593,q,0.03375527426160337,0.03375527426160337,0.0,-7.1551361083984375,-7.155158996582031,False,False
codecontests_java_593,k,-0.004219409282700422,0.04219409282700422,-0.046413502109704644,-7.434539794921875,-7.091461181640625,False,False
codecontests_java_593,v,-0.20675105485232068,-0.12236286919831224,-0.08438818565400844,-8.93463134765625,-8.310104370117188,False,False
codecontests_java_593,z,0.0970464135021097,0.046413502109704644,0.05063291139240506,-6.686286926269531,-7.062211990356445,False,False
codecontests_java_594,q,0.02040816326530612,0.047619047619047616,-0.027210884353741496,-4.499164581298828,-4.374687194824219,False,False
codecontests_java_594,k,-0.027210884353741496,-0.1292517006802721,0.10204081632653061,-4.718517303466797,-5.187255859375,False,False
codecontests_java_594,v,0.10204081632653061,0.05442176870748299,0.047619047619047616,-4.123359680175781,-4.344287872314453,False,False
codecontests_java_594,z,-0.2108843537414966,0.047619047619047616,-0.2585034013605442,-5.5577392578125,-4.3727874755859375,False,False
codecontests_cpp_595,q,-0.13855421686746988,-0.09036144578313253,-0.04819277108433735,-5.901763916015625,-5.654579162597656,False,False
codecontests_cpp_595,k,0.006024096385542169,0.04819277108433735,-0.04216867469879518,-5.154411315917969,-4.936847686767578,False,False
codecontests_cpp_595,v,-0.13253012048192772,0.0963855421686747,-0.2289156626506024,-5.8675537109375,-4.685150146484375,False,False
codecontests_cpp_595,z,0.0,0.14457831325301204,-0.14457831325301204,-5.187527656555176,-4.43060302734375,False,False
codecontests_java_595,q,-0.03825136612021858,0.01092896174863388,-0.04918032786885246,-11.872543334960938,-11.31121826171875,False,False
codecontests_java_595,k,0.09289617486338798,0.18032786885245902,-0.08743169398907104,-10.36328125,-9.3629150390625,False,False
codecontests_java_595,v,-0.04918032786885246,0.08196721311475409,-0.13114754098360656,-11.98486328125,-10.49359130859375,False,False
codecontests_java_595,z,0.13114754098360656,0.0,0.13114754098360656,-9.935722351074219,-11.435287475585938,False,False
codecontests_cpp_596,q,0.023809523809523808,0.26666666666666666,-0.24285714285714285,-3.2004547119140625,-2.3857421875,False,False
codecontests_cpp_596,k,-0.02857142857142857,0.20476190476190476,-0.23333333333333334,-3.36175537109375,-2.60028076171875,False,False
codecontests_cpp_596,v,-0.23809523809523808,0.05238095238095238,-0.2904761904761905,-4.0418701171875,-3.10406494140625,False,False
codecontests_cpp_596,z,-0.014285714285714285,0.20476190476190476,-0.21904761904761905,-3.323486328125,-2.60052490234375,False,False
codecontests_java_596,q,-0.03614457831325301,-0.11646586345381527,0.08032128514056225,-8.060516357421875,-8.68084716796875,False,False
codecontests_java_596,k,-0.13253012048192772,-0.05220883534136546,-0.08032128514056225,-8.8095703125,-8.1845703125,False,False
codecontests_java_596,v,-0.3654618473895582,-0.25301204819277107,-0.11244979919678715,-10.623367309570312,-9.748176574707031,False,False
codecontests_java_596,z,0.08433734939759036,0.0,0.08433734939759036,-7.1219482421875,-7.780994415283203,False,False
codecontests_java_597,q,-0.05670103092783505,-0.27319587628865977,0.21649484536082475,-3.1998291015625,-3.84527587890625,False,False
codecontests_java_597,k,0.08762886597938144,-0.10309278350515463,0.19072164948453607,-2.7486572265625,-3.339263916015625,False,False
codecontests_java_597,v,-0.04639175257731959,-0.10309278350515463,0.05670103092783505,-3.16326904296875,-3.3370361328125,False,False
codecontests_java_597,z,-0.211340206185567,0.0,-0.211340206185567,-3.66168212890625,-3.0306358337402344,False,False
codecontests_cpp_598,q,0.11258278145695365,0.17549668874172186,-0.06291390728476821,-2.08349609375,-1.93896484375,False,False
codecontests_cpp_598,k,-0.013245033112582781,0.026490066225165563,-0.039735099337748346,-2.3564453125,-2.2932586669921875,False,False
codecontests_cpp_598,v,-0.3443708609271523,-0.23841059602649006,-0.10596026490066225,-3.1480712890625,-2.91131591796875,False,False
codecontests_cpp_598,z,0.039735099337748346,0.039735099337748346,0.0,-2.2635498046875,-2.2642364501953125,False,False
codecontests_java_598,q,-0.016853932584269662,0.0,-0.016853932584269662,-5.65753173828125,-5.563377380371094,False,False
codecontests_java_598,k,-0.0056179775280898875,-0.03932584269662921,0.033707865168539325,-5.59259033203125,-5.780967712402344,False,False
codecontests_java_598,v,0.07303370786516854,0.05056179775280899,0.02247191011235955,-5.155181884765625,-5.276824951171875,False,False
codecontests_java_598,z,-0.10674157303370786,-0.06741573033707865,-0.03932584269662921,-6.1554412841796875,-5.932708740234375,False,False
codecontests_cpp_599,q,-0.2616279069767442,-0.2558139534883721,-0.005813953488372093,-3.37860107421875,-3.36322021484375,False,False
codecontests_cpp_599,k,-0.3023255813953488,-0.12209302325581395,-0.18023255813953487,-3.484130859375,-3.0108642578125,False,False
codecontests_cpp_599,v,0.0,0.08139534883720931,-0.08139534883720931,-2.6844482421875,-2.463775634765625,False,False
codecontests_cpp_599,z,-0.2616279069767442,0.040697674418604654,-0.3023255813953488,-3.37890625,-2.5753021240234375,False,False
codecontests_java_599,q,0.1015625,0.1171875,-0.015625,-7.18182373046875,-7.0600433349609375,False,False
codecontests_java_599,k,0.08984375,0.1875,-0.09765625,-7.276611328125,-6.48822021484375,False,False
codecontests_java_599,v,0.0390625,0.203125,-0.1640625,-7.67724609375,-6.3634033203125,False,False
codecontests_java_599,z,0.17578125,0.14453125,0.03125,-6.5732421875,-6.8314208984375,False,False
codecontests_java_600,q,0.03076923076923077,-0.015384615384615385,0.046153846153846156,-7.8714447021484375,-8.25033187866211,False,False
codecontests_java_600,k,0.3038461538461538,0.4115384615384615,-0.1076923076923077,-5.652618408203125,-4.74609375,False,False
codecontests_java_600,v,0.28846153846153844,0.27307692307692305,0.015384615384615385,-5.764892578125,-5.8895263671875,False,False
codecontests_java_600,z,0.18461538461538463,0.08076923076923077,0.10384615384615385,-6.618194580078125,-7.4521484375,False,False
codecontests_cpp_601,q,0.1267605633802817,-0.1643192488262911,0.29107981220657275,-5.8098602294921875,-7.749597549438477,False,False
codecontests_cpp_601,k,0.11267605633802817,-0.051643192488262914,0.1643192488262911,-5.906237900257111,-6.999736785888672,False,False
codecontests_cpp_601,v,0.20187793427230047,-0.051643192488262914,0.2535211267605634,-5.3088836669921875,-6.999366760253906,False,False
codecontests_cpp_601,z,0.07042253521126761,0.0,0.07042253521126761,-6.187105178833008,-6.656344890594482,False,False
codecontests_java_601,q,0.05761316872427984,0.04526748971193416,0.012345679012345678,-14.311809539794922,-14.49761962890625,False,False
codecontests_java_601,k,0.1440329218106996,0.11934156378600823,0.024691358024691357,-12.996994018554688,-13.376106262207031,False,False
codecontests_java_601,v,0.053497942386831275,0.04526748971193416,0.00823045267489712,-14.376106262207031,-14.499130249023438,False,False
codecontests_java_601,z,0.0823045267489712,0.04938271604938271,0.03292181069958848,-13.939155578613281,-14.431610107421875,False,False
codecontests_java_602,q,0.0,0.02877697841726619,-0.02877697841726619,-4.3406982421875,-4.2157135009765625,False,False
codecontests_java_602,k,0.3776978417266187,0.39928057553956836,-0.02158273381294964,-2.669921875,-2.56884765625,False,False
codecontests_java_602,v,0.12589928057553956,0.16546762589928057,-0.039568345323741004,-3.790313720703125,-3.6190185546875,False,False
codecontests_java_602,z,0.11151079136690648,-0.050359712230215826,0.1618705035971223,-3.853057861328125,-4.55645751953125,False,False
codecontests_cpp_603,q,0.07441860465116279,0.10697674418604651,-0.03255813953488372,-3.1077651977539062,-2.997283935546875,False,False
codecontests_cpp_603,k,0.24651162790697675,0.3813953488372093,-0.13488372093023257,-2.5147705078125,-2.03076171875,False,False
codecontests_cpp_603,v,0.34418604651162793,0.4418604651162791,-0.09767441860465116,-2.167236328125,-1.80712890625,False,False
codecontests_cpp_603,z,0.10697674418604651,0.47674418604651164,-0.3697674418604651,-2.99725341796875,-1.671875,False,False
codecontests_java_603,q,-0.0425531914893617,-0.0070921985815602835,-0.03546099290780142,-9.184173583984375,-8.8656005859375,False,False
codecontests_java_603,k,-0.04964539007092199,-0.03546099290780142,-0.014184397163120567,-9.201904296875,-9.09375,False,False
codecontests_java_603,v,0.014184397163120567,0.07801418439716312,-0.06382978723404255,-8.6837158203125,-8.120697021484375,False,False
codecontests_java_603,z,0.0,0.10283687943262411,-0.10283687943262411,-8.80023193359375,-7.89691162109375,False,False
codecontests_cpp_604,q,0.05291005291005291,0.07407407407407407,-0.021164021164021163,-2.7949752807617188,-2.7326889038085938,False,False
codecontests_cpp_604,k,0.10582010582010581,-0.031746031746031744,0.13756613756613756,-2.63427734375,-3.0443115234375,False,False
codecontests_cpp_604,v,-0.15343915343915343,-0.3968253968253968,0.24338624338624337,-3.39337158203125,-4.100341796875,False,False
codecontests_cpp_604,z,-0.14814814814814814,0.20634920634920634,-0.3544973544973545,-3.384796142578125,-2.328369140625,False,False
codecontests_java_604,q,0.199203187250996,0.11952191235059761,0.0796812749003984,-6.2787322998046875,-6.894287109375,False,False
codecontests_java_604,k,0.450199203187251,0.33067729083665337,0.11952191235059761,-4.27734375,-5.2266845703125,False,False
codecontests_java_604,v,0.26294820717131473,0.35856573705179284,-0.09561752988047809,-5.768798828125,-5.013916015625,False,False
codecontests_java_604,z,0.16334661354581673,0.15139442231075698,0.01195219123505976,-6.55841064453125,-6.6542205810546875,False,False
codecontests_cpp_605,q,0.10837438423645321,0.08866995073891626,0.019704433497536946,-2.81719970703125,-2.8873138427734375,False,False
codecontests_cpp_605,k,0.3399014778325123,0.35960591133004927,-0.019704433497536946,-2.05908203125,-1.99267578125,False,False
codecontests_cpp_605,v,0.23645320197044334,0.2512315270935961,-0.014778325123152709,-2.4052734375,-2.3587646484375,False,False
codecontests_cpp_605,z,-0.034482758620689655,-0.10837438423645321,0.07389162561576355,-3.2805213928222656,-3.5137176513671875,False,False
codecontests_java_605,q,0.017045454545454544,-0.03977272727272727,0.056818181818181816,-10.812353134155273,-11.42626953125,False,False
codecontests_java_605,k,0.23295454545454544,0.2159090909090909,0.017045454545454544,-8.43243408203125,-8.623420715332031,False,False
codecontests_java_605,v,0.0,0.09659090909090909,-0.09659090909090909,-10.99102783203125,-9.935821533203125,False,False
codecontests_java_605,z,0.10795454545454546,0.03409090909090909,0.07386363636363637,-9.8056640625,-10.6268310546875,False,False
codecontests_cpp_606,q,-0.11013215859030837,0.27312775330396477,-0.3832599118942731,-1.9605712890625,-1.279296875,False,False
codecontests_cpp_606,k,-0.40969162995594716,-0.1277533039647577,-0.28193832599118945,-2.48687744140625,-1.996124267578125,False,False
codecontests_cpp_606,v,0.40969162995594716,0.33480176211453744,0.07488986784140969,-1.015869140625,-1.1591796875,False,False
codecontests_cpp_606,z,-0.09691629955947137,0.06607929515418502,-0.16299559471365638,-1.941375732421875,-1.6546173095703125,False,False
codecontests_java_606,q,0.01904761904761905,-0.03333333333333333,0.05238095238095238,-12.8704833984375,-13.555572509765625,False,False
codecontests_java_606,k,0.10476190476190476,0.02857142857142857,0.0761904761904762,-11.744354248046875,-12.747802734375,False,False
codecontests_java_606,v,0.14285714285714285,0.09523809523809523,0.047619047619047616,-11.2265625,-11.8636474609375,False,False
codecontests_java_606,z,0.22380952380952382,0.12857142857142856,0.09523809523809523,-10.18194580078125,-11.42877197265625,False,False
codecontests_java_607,q,0.15441176470588236,0.029411764705882353,0.125,-7.18377685546875,-8.24987506866455,False,False
codecontests_java_607,k,0.4117647058823529,0.28308823529411764,0.12867647058823528,-4.9918212890625,-6.089019775390625,False,False
codecontests_java_607,v,0.11397058823529412,0.12867647058823528,-0.014705882352941176,-7.529350280761719,-7.406012535095215,False,False
codecontests_java_607,z,0.17279411764705882,0.12867647058823528,0.04411764705882353,-7.028411865234375,-7.4054718017578125,False,False
codecontests_cpp_608,q,-0.21634615384615385,-0.04326923076923077,-0.17307692307692307,-1.97113037109375,-1.6927337646484375,False,False
codecontests_cpp_608,k,-0.7307692307692307,-0.6442307692307693,-0.08653846153846154,-2.76416015625,-2.630859375,False,False
codecontests_cpp_608,v,-0.25,-0.2980769230769231,0.04807692307692308,-2.02032470703125,-2.09722900390625,False,False
codecontests_cpp_608,z,0.009615384615384616,-0.04807692307692308,0.057692307692307696,-1.6093577146530151,-1.7023353576660156,False,False
codecontests_java_608,q,0.11029411764705882,-0.014705882352941176,0.125,-7.5594024658203125,-8.626106262207031,False,False
codecontests_java_608,k,0.08088235294117647,0.0,0.08088235294117647,-7.804962158203125,-8.4969482421875,False,False
codecontests_java_608,v,0.14705882352941177,-0.007352941176470588,0.15441176470588236,-7.250583648681641,-8.562955856323242,False,False
codecontests_java_608,z,0.10661764705882353,0.014705882352941176,0.09191176470588236,-7.592460632324219,-8.371795654296875,False,False
codecontests_java_609,q,0.0,0.14901960784313725,-0.14901960784313725,-3.9823760986328125,-3.3889999389648438,False,False
codecontests_java_609,k,-0.09019607843137255,-0.03529411764705882,-0.054901960784313725,-4.344095230102539,-4.123695373535156,False,False
codecontests_java_609,v,-0.2627450980392157,-0.12156862745098039,-0.1411764705882353,-5.026275634765625,-4.4657440185546875,False,False
codecontests_java_609,z,-0.13725490196078433,0.06274509803921569,-0.2,-4.52685546875,-3.7332916259765625,False,False
codecontests_cpp_610,q,-0.25380710659898476,-0.04060913705583756,-0.2131979695431472,-3.85040283203125,-3.2024002075195312,False,False
codecontests_cpp_610,k,-0.3401015228426396,-0.07614213197969544,-0.2639593908629442,-4.109130859375,-3.3112258911132812,False,False
codecontests_cpp_610,v,-0.5634517766497462,-0.07614213197969544,-0.4873096446700508,-4.779541015625,-3.3109054565429688,False,False
codecontests_cpp_610,z,-0.41116751269035534,-0.07614213197969544,-0.3350253807106599,-4.3221435546875,-3.3109817504882812,False,False
codecontests_java_610,q,0.09615384615384616,-0.052884615384615384,0.14903846153846154,-5.8739013671875,-6.843223571777344,False,False
codecontests_java_610,k,0.019230769230769232,0.07692307692307693,-0.057692307692307696,-6.3725433349609375,-5.9989166259765625,False,False
codecontests_java_610,v,-0.052884615384615384,0.0,-0.052884615384615384,-6.8414154052734375,-6.498939514160156,False,False
codecontests_java_610,z,0.057692307692307696,0.019230769230769232,0.038461538461538464,-6.123237609863281,-6.3743743896484375,False,False
codecontests_cpp_611,q,0.031496062992125984,0.08267716535433071,-0.051181102362204724,-3.8418731689453125,-3.6246337890625,False,False
codecontests_cpp_611,k,-0.09448818897637795,-0.08661417322834646,-0.007874015748031496,-4.326416015625,-4.268310546875,False,False
codecontests_cpp_611,v,0.1220472440944882,0.2677165354330709,-0.14566929133858267,-3.476776123046875,-2.88818359375,False,False
codecontests_cpp_611,z,0.17716535433070865,0.25984251968503935,-0.08267716535433071,-3.26080322265625,-2.9244384765625,False,False
codecontests_java_611,q,0.0648854961832061,0.10687022900763359,-0.04198473282442748,-7.652801513671875,-7.311393737792969,False,False
codecontests_java_611,k,0.3282442748091603,0.24427480916030533,0.08396946564885496,-5.49493408203125,-6.183319091796875,False,False
codecontests_java_611,v,0.2366412213740458,0.21374045801526717,0.022900763358778626,-6.242889404296875,-6.436195373535156,False,False
codecontests_java_611,z,0.04580152671755725,0.08015267175572519,-0.03435114503816794,-7.8088531494140625,-7.527679443359375,False,False
codecontests_cpp_612,q,-0.10344827586206896,-0.09482758620689655,-0.008620689655172414,-3.9968719482421875,-3.966217041015625,False,False
codecontests_cpp_612,k,-0.034482758620689655,-0.09482758620689655,0.0603448275862069,-3.7475433349609375,-3.96612548828125,False,False
codecontests_cpp_612,v,-0.07327586206896551,-0.004310344827586207,-0.06896551724137931,-3.88818359375,-3.6390609741210938,False,False
codecontests_cpp_612,z,-0.12931034482758622,-0.27586206896551724,0.14655172413793102,-4.0906982421875,-4.61383056640625,False,False
codecontests_java_612,q,0.09210526315789473,0.039473684210526314,0.05263157894736842,-8.622970581054688,-9.121612548828125,False,False
codecontests_java_612,k,0.07894736842105263,0.13157894736842105,-0.05263157894736842,-8.748626708984375,-8.247726440429688,False,False
codecontests_java_612,v,-0.019736842105263157,-0.09868421052631579,0.07894736842105263,-9.687850952148438,-10.4364013671875,False,False
codecontests_java_612,z,0.006578947368421052,-0.09868421052631579,0.10526315789473684,-9.437244415283203,-10.434036254882812,False,False
codecontests_cpp_613,q,0.1615720524017467,0.13100436681222707,0.03056768558951965,-2.9949951171875,-3.10577392578125,False,False
codecontests_cpp_613,k,-0.27510917030567683,-0.21397379912663755,-0.0611353711790393,-4.55120849609375,-4.331298828125,False,False
codecontests_cpp_613,v,-0.039301310043668124,-0.034934497816593885,-0.004366812227074236,-3.71661376953125,-3.7023887634277344,False,False
codecontests_cpp_613,z,-0.2052401746724891,0.09606986899563319,-0.30131004366812225,-4.30584716796875,-3.231414794921875,False,False
codecontests_java_613,q,0.05084745762711865,-0.01694915254237288,0.06779661016949153,-7.000148773193359,-7.50103759765625,False,False
codecontests_java_613,k,0.05084745762711865,0.1694915254237288,-0.11864406779661017,-6.998382568359375,-6.109375,False,False
codecontests_java_613,v,0.1652542372881356,0.17796610169491525,-0.012711864406779662,-6.15057373046875,-6.0603790283203125,False,False
codecontests_java_613,z,-0.029661016949152543,-0.029661016949152543,0.0,-7.57879638671875,-7.5784912109375,False,False
codecontests_cpp_614,q,0.0,0.16083916083916083,-0.16083916083916083,-4.46661376953125,-3.744964599609375,False,False
codecontests_cpp_614,k,-0.1048951048951049,0.08391608391608392,-0.1888111888111888,-4.93536376953125,-4.093101501464844,False,False
codecontests_cpp_614,v,0.13636363636363635,0.13636363636363635,0.0,-3.857208251953125,-3.8582229614257812,False,False
codecontests_cpp_614,z,-0.20279720279720279,0.16083916083916083,-0.36363636363636365,-5.3711700439453125,-3.7459716796875,False,False
codecontests_java_614,q,-0.06722689075630252,-0.11764705882352941,0.05042016806722689,-7.93304443359375,-8.311622619628906,False,False
codecontests_java_614,k,0.24789915966386555,0.046218487394957986,0.20168067226890757,-5.58123779296875,-7.088409423828125,False,False
codecontests_java_614,v,0.19327731092436976,0.15126050420168066,0.04201680672268908,-5.99530029296875,-6.31011962890625,False,False
codecontests_java_614,z,0.08403361344537816,0.03361344537815126,0.05042016806722689,-6.80450439453125,-7.17926025390625,False,False
codecontests_cpp_615,q,0.2610062893081761,0.1320754716981132,0.1289308176100629,-3.6602783203125,-4.3095245361328125,False,False
codecontests_cpp_615,k,0.22955974842767296,0.07547169811320754,0.1540880503144654,-3.82122802734375,-4.594242095947266,False,False
codecontests_cpp_615,v,0.18238993710691823,0.18238993710691823,0.0,-4.05340576171875,-4.05291748046875,False,False
codecontests_cpp_615,z,0.0440251572327044,0.05660377358490566,-0.012578616352201259,-4.748176574707031,-4.6826171875,False,False
codecontests_java_615,q,-0.12446351931330472,-0.11587982832618025,-0.008583690987124463,-8.1793212890625,-8.1019287109375,False,False
codecontests_java_615,k,0.22317596566523606,-0.18454935622317598,0.40772532188841204,-5.64996337890625,-8.576904296875,False,False
codecontests_java_615,v,0.1072961373390558,0.12875536480686695,-0.02145922746781116,-6.4967193603515625,-6.32855224609375,False,False
codecontests_java_615,z,0.02145922746781116,0.02145922746781116,0.0,-7.11480712890625,-7.11663818359375,False,False
codecontests_cpp_616,q,0.06962025316455696,-0.0379746835443038,0.10759493670886076,-2.29559326171875,-2.5614547729492188,False,False
codecontests_cpp_616,k,0.056962025316455694,0.0949367088607595,-0.0379746835443038,-2.31842041015625,-2.2216796875,False,False
codecontests_cpp_616,v,-0.15822784810126583,0.06962025316455696,-0.22784810126582278,-2.85516357421875,-2.294769287109375,False,False
codecontests_cpp_616,z,-0.08860759493670886,0.10759493670886076,-0.1962025316455696,-2.6844635009765625,-2.2005462646484375,False,False
codecontests_java_616,q,0.07373271889400922,0.10599078341013825,-0.03225806451612903,-12.561233520507812,-12.121444702148438,False,False
codecontests_java_616,k,0.03686635944700461,0.059907834101382486,-0.02304147465437788,-13.0562744140625,-12.74958610534668,False,False
codecontests_java_616,v,0.02304147465437788,0.1336405529953917,-0.11059907834101383,-13.245635986328125,-11.746139526367188,False,False
codecontests_java_616,z,0.06912442396313365,0.05069124423963134,0.018433179723502304,-12.61810302734375,-12.869598388671875,False,False
codecontests_cpp_617,q,-0.027522935779816515,-0.10091743119266056,0.07339449541284404,-3.495819091796875,-3.747833251953125,False,False
codecontests_cpp_617,k,-0.03669724770642202,0.0045871559633027525,-0.04128440366972477,-3.5297317504882812,-3.3894424438476562,False,False
codecontests_cpp_617,v,0.10091743119266056,0.28440366972477066,-0.1834862385321101,-3.0598297119140625,-2.4146728515625,False,False
codecontests_cpp_617,z,-0.13761467889908258,-0.07339449541284404,-0.06422018348623854,-3.87164306640625,-3.6533203125,False,False
codecontests_java_617,q,-0.11851851851851852,-0.037037037037037035,-0.08148148148148149,-9.42919921875,-8.747207641601562,False,False
codecontests_java_617,k,0.12962962962962962,0.11481481481481481,0.014814814814814815,-7.3408203125,-7.467277526855469,False,False
codecontests_java_617,v,0.15555555555555556,0.2037037037037037,-0.04814814814814815,-7.123481750488281,-6.71478271484375,False,False
codecontests_java_617,z,0.13333333333333333,0.044444444444444446,0.08888888888888889,-7.305908203125,-8.060844421386719,False,False
codecontests_cpp_618,q,-0.12886597938144329,-0.20103092783505155,0.07216494845360824,-6.8410797119140625,-7.2789459228515625,False,False
codecontests_cpp_618,k,-0.14948453608247422,-0.04639175257731959,-0.10309278350515463,-6.96710205078125,-6.341156005859375,False,False
codecontests_cpp_618,v,-0.12886597938144329,-0.18041237113402062,0.05154639175257732,-6.83966064453125,-7.154502868652344,False,False
codecontests_cpp_618,z,-0.29896907216494845,-0.10824742268041238,-0.19072164948453607,-7.8692626953125,-6.718158721923828,False,False
codecontests_java_618,q,0.030456852791878174,0.04568527918781726,-0.015228426395939087,-11.935737609863281,-11.742767333984375,False,False
codecontests_java_618,k,0.03553299492385787,0.04060913705583756,-0.005076142131979695,-11.869781494140625,-11.80352783203125,False,False
codecontests_java_618,v,0.03553299492385787,-0.01015228426395939,0.04568527918781726,-11.86029052734375,-12.42510986328125,False,False
codecontests_java_618,z,0.16243654822335024,0.07106598984771574,0.09137055837563451,-10.30364990234375,-11.4287109375,False,False
codecontests_cpp_619,q,0.11794871794871795,0.020512820512820513,0.09743589743589744,-5.374469757080078,-5.969352722167969,False,False
codecontests_cpp_619,k,-0.15897435897435896,0.020512820512820513,-0.1794871794871795,-7.05792236328125,-5.968381881713867,False,False
codecontests_cpp_619,v,-0.11282051282051282,0.05641025641025641,-0.16923076923076924,-6.779762268066406,-5.746246337890625,False,False
codecontests_cpp_619,z,0.2153846153846154,0.17435897435897435,0.041025641025641026,-4.779144287109375,-5.029838562011719,False,False
codecontests_java_619,q,-0.06666666666666667,-0.044444444444444446,-0.022222222222222223,-17.996475219726562,-17.621719360351562,False,False
codecontests_java_619,k,0.1111111111111111,0.06666666666666667,0.044444444444444446,-14.99591064453125,-15.750152587890625,False,False
codecontests_java_619,v,0.15185185185185185,0.0962962962962963,0.05555555555555555,-14.3124361038208,-15.24917221069336,False,False
codecontests_java_619,z,-0.007407407407407408,0.022222222222222223,-0.02962962962962963,-16.99962615966797,-16.49939727783203,False,False
codecontests_java_620,q,-0.06091370558375635,-0.005076142131979695,-0.05583756345177665,-6.530509948730469,-6.1859283447265625,False,False
codecontests_java_620,k,0.30456852791878175,0.3197969543147208,-0.015228426395939087,-4.27392578125,-4.17718505859375,False,False
codecontests_java_620,v,0.3197969543147208,0.2233502538071066,0.09644670050761421,-4.1783447265625,-4.776214599609375,False,False
codecontests_java_620,z,0.03553299492385787,0.0,0.03553299492385787,-5.9341888427734375,-6.1543426513671875,False,False
codecontests_cpp_621,q,-0.022900763358778626,0.026717557251908396,-0.04961832061068702,-4.186737060546875,-3.9764404296875,False,False
codecontests_cpp_621,k,0.14885496183206107,0.05343511450381679,0.09541984732824428,-3.4681396484375,-3.868072509765625,False,False
codecontests_cpp_621,v,0.24427480916030533,0.06870229007633588,0.17557251908396945,-3.05859375,-3.7857666015625,False,False
codecontests_cpp_621,z,-0.1297709923664122,0.0,-0.1297709923664122,-4.6217803955078125,-4.07904052734375,False,False
codecontests_java_621,q,-0.06437768240343347,-0.1072961373390558,0.04291845493562232,-7.747222900390625,-8.061477661132812,False,False
codecontests_java_621,k,0.09012875536480687,-0.09871244635193133,0.1888412017167382,-6.6238861083984375,-7.996795654296875,False,False
codecontests_java_621,v,0.09871244635193133,0.034334763948497854,0.06437768240343347,-6.558868408203125,-7.031673431396484,False,False
codecontests_java_621,z,-0.09871244635193133,-0.06437768240343347,-0.034334763948497854,-7.997100830078125,-7.745513916015625,False,False
codecontests_java_622,q,0.048507462686567165,0.19776119402985073,-0.14925373134328357,-1.992706298828125,-1.66766357421875,False,False
codecontests_java_622,k,0.04477611940298507,0.0,0.04477611940298507,-1.9995441436767578,-2.0950698852539062,False,False
codecontests_java_622,v,0.06343283582089553,-0.21641791044776118,0.2798507462686567,-1.956817626953125,-2.53546142578125,False,False
codecontests_java_622,z,0.20522388059701493,0.2462686567164179,-0.041044776119402986,-1.65081787109375,-1.5560302734375,False,False
codecontests_java_623,q,0.13372093023255813,-0.08139534883720931,0.21511627906976744,-4.6524658203125,-5.80413818359375,False,False
codecontests_java_623,k,0.14534883720930233,-0.12790697674418605,0.27325581395348836,-4.58563232421875,-6.05450439453125,False,False
codecontests_java_623,v,0.19186046511627908,0.12209302325581395,0.06976744186046512,-4.33331298828125,-4.7119140625,False,False
codecontests_java_623,z,-0.23255813953488372,-0.13372093023255813,-0.09883720930232558,-6.59375,-6.07763671875,False,False
codecontests_cpp_624,q,0.09467455621301775,0.07692307692307693,0.01775147928994083,-2.387420654296875,-2.4339447021484375,False,False
codecontests_cpp_624,k,-0.011834319526627219,-0.005917159763313609,-0.005917159763313609,-2.666656494140625,-2.6533660888671875,False,False
codecontests_cpp_624,v,0.0,-0.047337278106508875,0.047337278106508875,-2.63958740234375,-2.7623443603515625,False,False
codecontests_cpp_624,z,-0.047337278106508875,-0.1301775147928994,0.08284023668639054,-2.76251220703125,-2.980438232421875,False,False
codecontests_java_624,q,0.035,0.0,0.035,-6.029487609863281,-6.250827789306641,False,False
codecontests_java_624,k,0.255,0.165,0.09,-4.636474609375,-5.212432861328125,False,False
codecontests_java_624,v,0.24,0.335,-0.095,-4.71826171875,-4.14727783203125,False,False
codecontests_java_624,z,0.205,0.22,-0.015,-4.95391845703125,-4.8671875,False,False
codecontests_cpp_625,q,0.05286343612334802,0.08370044052863436,-0.030837004405286344,-6.7170257568359375,-6.498847961425781,False,False
codecontests_cpp_625,k,-0.048458149779735685,-0.06607929515418502,0.01762114537444934,-7.43499755859375,-7.559600830078125,False,False
codecontests_cpp_625,v,-0.11013215859030837,-0.048458149779735685,-0.06167400881057269,-7.8741607666015625,-7.435935974121094,False,False
codecontests_cpp_625,z,-0.03524229074889868,0.0,-0.03524229074889868,-7.343450546264648,-7.092277526855469,False,False
codecontests_java_625,q,-0.0861244019138756,-0.004784688995215311,-0.08133971291866028,-14.187500298023224,-13.122100830078125,False,False
codecontests_java_625,k,0.023923444976076555,-0.028708133971291867,0.05263157894736842,-12.749221801757812,-13.43389892578125,False,False
codecontests_java_625,v,-0.04784688995215311,-0.028708133971291867,-0.019138755980861243,-13.684127807617188,-13.437661170959473,False,False
codecontests_java_625,z,-0.019138755980861243,-0.05263157894736842,0.03349282296650718,-13.30963134765625,-13.747879028320312,False,False
codecontests_cpp_626,q,-0.2692307692307692,-0.16153846153846155,-0.1076923076923077,-2.5625,-2.35205078125,False,False
codecontests_cpp_626,k,0.05384615384615385,-0.05384615384615385,0.1076923076923077,-1.9207763671875,-2.1375885009765625,False,False
codecontests_cpp_626,v,-0.16153846153846155,-0.11538461538461539,-0.046153846153846156,-2.3521728515625,-2.2606201171875,False,False
codecontests_cpp_626,z,-0.11538461538461539,-0.43846153846153846,0.3230769230769231,-2.261016845703125,-2.887939453125,False,False
codecontests_java_626,q,-0.01327433628318584,0.008849557522123894,-0.022123893805309734,-7.153350830078125,-6.993927001953125,False,False
codecontests_java_626,k,0.2831858407079646,0.2345132743362832,0.048672566371681415,-5.0343017578125,-5.380859375,False,False
codecontests_java_626,v,0.3495575221238938,0.42920353982300885,-0.07964601769911504,-4.5643310546875,-4.0040283203125,False,False
codecontests_java_626,z,0.004424778761061947,-0.01327433628318584,0.017699115044247787,-7.0280609130859375,-7.1546173095703125,False,False
codecontests_cpp_627,q,0.28034682080924855,0.13872832369942195,0.1416184971098266,-3.8812255859375,-4.654083251953125,False,False
codecontests_cpp_627,k,0.2543352601156069,0.0,0.2543352601156069,-4.024017333984375,-5.406270384788513,False,False
codecontests_cpp_627,v,0.23121387283236994,0.28034682080924855,-0.049132947976878616,-4.150604248046875,-3.8819580078125,False,False
codecontests_cpp_627,z,0.09826589595375723,0.046242774566473986,0.05202312138728324,-4.8725128173828125,-5.155220031738281,False,False
codecontests_java_627,q,-0.059322033898305086,-0.2627118644067797,0.2033898305084746,-7.8095245361328125,-9.310470581054688,False,False
codecontests_java_627,k,0.2033898305084746,0.09745762711864407,0.1059322033898305,-5.871917724609375,-6.6538238525390625,False,False
codecontests_java_627,v,0.06779661016949153,0.03389830508474576,0.03389830508474576,-6.8724517822265625,-7.1222686767578125,False,False
codecontests_java_627,z,0.06779661016949153,0.00423728813559322,0.0635593220338983,-6.874787330627441,-7.339385986328125,False,False
codecontests_java_628,q,-0.08875739644970414,-0.047337278106508875,-0.04142011834319527,-5.7415771484375,-5.529266357421875,False,False
codecontests_java_628,k,0.13609467455621302,0.2514792899408284,-0.11538461538461539,-4.5593719482421875,-3.9462890625,False,False
codecontests_java_628,v,0.20710059171597633,0.20118343195266272,0.005917159763313609,-4.1788330078125,-4.2081298828125,False,False
codecontests_java_628,z,-0.11242603550295859,0.023668639053254437,-0.13609467455621302,-5.8701171875,-5.1552581787109375,False,False
codecontests_cpp_629,q,0.14107883817427386,0.0912863070539419,0.04979253112033195,-3.2317657470703125,-3.413818359375,False,False
codecontests_cpp_629,k,0.3817427385892116,0.22406639004149378,0.15767634854771784,-2.3060302734375,-2.9156494140625,False,False
codecontests_cpp_629,v,0.13278008298755187,0.0,0.13278008298755187,-3.2633209228515625,-3.7647743225097656,False,False
codecontests_cpp_629,z,0.12033195020746888,-0.07053941908713693,0.1908713692946058,-3.2974853515625,-4.02374267578125,False,False
codecontests_java_629,q,-0.01875,-0.05625,0.0375,-10.17889404296875,-10.556854248046875,False,False
codecontests_java_629,k,-0.06875,-0.0625,-0.00625,-10.684738159179688,-10.621536254882812,False,False
codecontests_java_629,v,-0.1125,0.05,-0.1625,-11.1063232421875,-9.497451782226562,False,False
codecontests_java_629,z,-0.04375,-0.1375,0.09375,-10.43194580078125,-11.37005615234375,False,False
codecontests_cpp_630,q,0.16167664670658682,0.12574850299401197,0.03592814371257485,-2.1796875,-2.275970458984375,False,False
codecontests_cpp_630,k,-0.6287425149700598,-0.2634730538922156,-0.3652694610778443,-4.202880859375,-3.2845458984375,False,False
codecontests_cpp_630,v,-0.8083832335329342,-0.5269461077844312,-0.281437125748503,-4.6494140625,-3.945068359375,False,False
codecontests_cpp_630,z,0.24850299401197604,0.041916167664670656,0.20658682634730538,-1.943115234375,-2.4963836669921875,False,False
codecontests_cpp_631,q,-0.04700854700854701,-0.11965811965811966,0.07264957264957266,-3.81890869140625,-4.0915985107421875,False,False
codecontests_cpp_631,k,-0.05555555555555555,-0.09401709401709402,0.038461538461538464,-3.8593342304229736,-3.99505615234375,False,False
codecontests_cpp_631,v,0.14102564102564102,-0.19658119658119658,0.33760683760683763,-3.1390914916992188,-4.367767333984375,False,False
codecontests_cpp_631,z,0.004273504273504274,-0.05128205128205128,0.05555555555555555,-3.6395187377929688,-3.8398590087890625,False,False
codecontests_cpp_632,q,0.12385321100917432,0.14678899082568808,-0.022935779816513763,-5.967559814453125,-5.810028076171875,False,False
codecontests_cpp_632,k,0.12385321100917432,0.12385321100917432,0.0,-5.96478271484375,-5.966819763183594,False,False
codecontests_cpp_632,v,0.11467889908256881,0.0963302752293578,0.01834862385321101,-6.0287933349609375,-6.154815673828125,False,False
codecontests_cpp_632,z,0.14220183486238533,0.14678899082568808,-0.0045871559633027525,-5.842681884765625,-5.812615871429443,False,False
codecontests_cpp_633,q,0.05660377358490566,-0.018867924528301886,0.07547169811320754,-2.33050537109375,-2.525604248046875,False,False
codecontests_cpp_633,k,-0.10062893081761007,-0.1320754716981132,0.031446540880503145,-2.72705078125,-2.808319091796875,False,False
codecontests_cpp_633,v,0.20754716981132076,0.0440251572327044,0.16352201257861634,-1.95721435546875,-2.3741722106933594,False,False
codecontests_cpp_633,z,0.3522012578616352,0.29245283018867924,0.059748427672955975,-1.57177734375,-1.7369384765625,False,False
codecontests_cpp_634,q,0.08633093525179857,0.30935251798561153,-0.22302158273381295,-3.9673690795898438,-2.98046875,False,False
codecontests_cpp_634,k,0.38848920863309355,0.4172661870503597,-0.02877697841726619,-2.618408203125,-2.484130859375,False,False
codecontests_cpp_634,v,-0.05755395683453238,0.16906474820143885,-0.22661870503597123,-4.5915985107421875,-3.60296630859375,False,False
codecontests_cpp_634,z,0.3129496402877698,0.420863309352518,-0.1079136690647482,-2.96337890625,-2.46484375,False,False
codecontests_cpp_635,q,-0.13194444444444445,-0.125,-0.006944444444444444,-2.540557861328125,-2.5211181640625,False,False
codecontests_cpp_635,k,0.1736111111111111,-0.006944444444444444,0.18055555555555555,-1.841796875,-2.263824462890625,False,False
codecontests_cpp_635,v,-0.20833333333333334,-0.041666666666666664,-0.16666666666666666,-2.708251953125,-2.3412628173828125,False,False
codecontests_cpp_635,z,-0.3333333333333333,-0.2708333333333333,-0.0625,-2.9776611328125,-2.838623046875,False,False
codecontests_cpp_636,q,0.08071748878923767,0.14798206278026907,-0.06726457399103139,-3.2014541625976562,-2.962432861328125,False,False
codecontests_cpp_636,k,0.08071748878923767,-0.02242152466367713,0.1031390134529148,-3.1998138427734375,-3.5592498779296875,False,False
codecontests_cpp_636,v,0.242152466367713,0.21524663677130046,0.026905829596412557,-2.62603759765625,-2.7176513671875,False,False
codecontests_cpp_636,z,0.21076233183856502,0.004484304932735426,0.2062780269058296,-2.7393798828125,-3.46722412109375,False,False
codecontests_cpp_637,q,0.09649122807017543,0.03508771929824561,0.06140350877192982,-3.216766357421875,-3.4365692138671875,False,False
codecontests_cpp_637,k,-0.0043859649122807015,0.12280701754385964,-0.12719298245614036,-3.5771865844726562,-3.119384765625,False,False
codecontests_cpp_637,v,0.2543859649122807,0.15789473684210525,0.09649122807017543,-2.64013671875,-2.995697021484375,False,False
codecontests_cpp_637,z,0.0,0.17105263157894737,-0.17105263157894737,-3.5631027221679688,-2.94732666015625,False,False
codecontests_cpp_638,q,0.14705882352941177,0.01680672268907563,0.13025210084033614,-3.1629638671875,-3.650665283203125,False,False
codecontests_cpp_638,k,-0.03361344537815126,0.07563025210084033,-0.1092436974789916,-3.844257354736328,-3.435333251953125,False,False
codecontests_cpp_638,v,-0.3949579831932773,-0.29411764705882354,-0.10084033613445378,-5.17315673828125,-4.80181884765625,False,False
codecontests_cpp_638,z,-0.23529411764705882,-0.10084033613445378,-0.13445378151260504,-4.58795166015625,-4.0916595458984375,False,False
codecontests_cpp_639,q,0.06976744186046512,0.10077519379844961,-0.031007751937984496,-7.49774169921875,-7.2465057373046875,False,False
codecontests_cpp_639,k,0.27906976744186046,0.29844961240310075,-0.01937984496124031,-5.807830810546875,-5.64654541015625,False,False
codecontests_cpp_639,v,0.2054263565891473,0.29069767441860467,-0.08527131782945736,-6.388916015625,-5.71392822265625,False,False
codecontests_cpp_639,z,0.2441860465116279,0.07751937984496124,0.16666666666666666,-6.08953857421875,-7.432525634765625,False,False
codecontests_cpp_640,q,0.22566371681415928,-0.030973451327433628,0.25663716814159293,-2.72467041015625,-3.6401824951171875,False,False
codecontests_cpp_640,k,0.030973451327433628,0.030973451327433628,0.0,-3.419036865234375,-3.421356201171875,False,False
codecontests_cpp_640,v,-0.1415929203539823,-0.25663716814159293,0.11504424778761062,-4.0147705078125,-4.42645263671875,False,False
codecontests_cpp_640,z,0.08849557522123894,0.12831858407079647,-0.03982300884955752,-3.212554931640625,-3.0742340087890625,False,False
codecontests_cpp_641,q,-0.1282051282051282,-0.08974358974358974,-0.038461538461538464,-4.121856689453125,-3.982940673828125,False,False
codecontests_cpp_641,k,-0.23931623931623933,-0.3333333333333333,0.09401709401709402,-4.52313232421875,-4.86279296875,False,False
codecontests_cpp_641,v,-0.20512820512820512,-0.19658119658119658,-0.008547008547008548,-4.3916015625,-4.36639404296875,False,False
codecontests_cpp_641,z,-0.26495726495726496,-0.0641025641025641,-0.20085470085470086,-4.617279052734375,-3.8912353515625,False,False
codecontests_cpp_642,q,-0.025380710659898477,-0.015228426395939087,-0.01015228426395939,-3.1553573608398438,-3.124042510986328,False,False
codecontests_cpp_642,k,0.12690355329949238,-0.09137055837563451,0.2182741116751269,-2.6793212890625,-3.35736083984375,False,False
codecontests_cpp_642,v,0.24873096446700507,0.23857868020304568,0.01015228426395939,-2.2666015625,-2.3221435546875,False,False
codecontests_cpp_642,z,0.23857868020304568,0.01015228426395939,0.22842639593908629,-2.3333740234375,-3.0447998046875,False,False
codecontests_cpp_643,q,0.13013698630136986,0.0136986301369863,0.11643835616438356,-3.964813232421875,-4.494903564453125,False,False
codecontests_cpp_643,k,-0.04794520547945205,-0.02054794520547945,-0.0273972602739726,-4.7788848876953125,-4.654266357421875,False,False
codecontests_cpp_643,v,-0.07534246575342465,0.0273972602739726,-0.10273972602739725,-4.9038848876953125,-4.437112808227539,False,False
codecontests_cpp_643,z,0.06164383561643835,-0.04794520547945205,0.1095890410958904,-4.2787628173828125,-4.780952453613281,False,False
codecontests_cpp_644,q,-0.039603960396039604,0.2524752475247525,-0.29207920792079206,-3.280506134033203,-2.3380126953125,False,False
codecontests_cpp_644,k,0.4603960396039604,0.5767326732673267,-0.11633663366336634,-1.61328125,-1.1591796875,False,False
codecontests_cpp_644,v,0.400990099009901,0.32673267326732675,0.07425742574257425,-1.8271484375,-2.087158203125,False,False
codecontests_cpp_644,z,0.25742574257425743,0.25742574257425743,0.0,-2.321044921875,-2.3206787109375,False,False
codecontests_cpp_645,q,0.017467248908296942,0.13973799126637554,-0.1222707423580786,-3.508453369140625,-3.0753936767578125,False,False
codecontests_cpp_645,k,0.43231441048034935,0.4366812227074236,-0.004366812227074236,-1.9619140625,-1.94140625,False,False
codecontests_cpp_645,v,0.3930131004366812,0.4868995633187773,-0.09388646288209607,-2.12158203125,-1.744140625,False,False
codecontests_cpp_645,z,0.31004366812227074,0.37554585152838427,-0.06550218340611354,-2.4404296875,-2.18310546875,False,False
codecontests_cpp_646,q,-0.10067114093959731,0.10738255033557047,-0.2080536912751678,-5.12066650390625,-4.15313720703125,False,False
codecontests_cpp_646,k,-0.40268456375838924,-0.28859060402684567,-0.11409395973154363,-6.51904296875,-5.99261474609375,False,False
codecontests_cpp_646,v,-0.24161073825503357,0.0,-0.24161073825503357,-5.77587890625,-4.654693603515625,False,False
codecontests_cpp_646,z,0.087248322147651,0.10738255033557047,-0.020134228187919462,-4.243621826171875,-4.1505126953125,False,False
codecontests_cpp_647,q,0.16793893129770993,-0.12213740458015267,0.2900763358778626,-1.699066162109375,-2.2941131591796875,False,False
codecontests_cpp_647,k,-0.2824427480916031,-0.16793893129770993,-0.11450381679389313,-2.61566162109375,-2.3876953125,False,False
codecontests_cpp_647,v,0.20610687022900764,0.20229007633587787,0.003816793893129771,-1.619354248046875,-1.627838134765625,False,False
codecontests_cpp_647,z,0.04580152671755725,-0.11450381679389313,0.16030534351145037,-1.950653076171875,-2.27581787109375,False,False
codecontests_cpp_648,q,-0.06962025316455696,-0.06962025316455696,0.0,-5.280643463134766,-5.2792816162109375,False,False
codecontests_cpp_648,k,-0.11392405063291139,-0.11392405063291139,0.0,-5.4977874755859375,-5.4979400634765625,False,False
codecontests_cpp_648,v,0.0189873417721519,0.0,0.0189873417721519,-4.843513488769531,-4.936058044433594,False,False
codecontests_cpp_648,z,-0.08860759493670886,-0.2468354430379747,0.15822784810126583,-5.3712158203125,-6.154327392578125,False,False
codecontests_cpp_649,q,-0.006944444444444444,0.04861111111111111,-0.05555555555555555,-4.52001953125,-4.27056884765625,False,False
codecontests_cpp_649,k,0.034722222222222224,-0.027777777777777776,0.0625,-4.3431396484375,-4.6156005859375,False,False
codecontests_cpp_649,v,-0.020833333333333332,-0.08333333333333333,0.0625,-4.5898895263671875,-4.874088287353516,False,False
codecontests_cpp_649,z,0.034722222222222224,-0.09722222222222222,0.13194444444444445,-4.339080810546875,-4.937662124633789,False,False
codecontests_cpp_650,q,0.0759493670886076,0.0,0.0759493670886076,-4.5626115798950195,-4.937744140625,False,False
codecontests_cpp_650,k,0.0759493670886076,0.14556962025316456,-0.06962025316455696,-4.562731742858887,-4.2158203125,False,False
codecontests_cpp_650,v,-0.14556962025316456,-0.12025316455696203,-0.02531645569620253,-5.654350280761719,-5.5299835205078125,False,False
codecontests_cpp_650,z,0.056962025316455694,0.10126582278481013,-0.04430379746835443,-4.6490478515625,-4.43438720703125,False,False
codecontests_cpp_652,q,-0.05670103092783505,-0.17525773195876287,0.11855670103092783,-6.406656265258789,-7.12457275390625,False,False
codecontests_cpp_652,k,0.15463917525773196,0.015463917525773196,0.13917525773195877,-5.120452880859375,-5.9685258865356445,False,False
codecontests_cpp_652,v,0.13917525773195877,0.05670103092783505,0.08247422680412371,-5.20989990234375,-5.713134765625,False,False
codecontests_cpp_652,z,0.020618556701030927,-0.05154639175257732,0.07216494845360824,-5.9353790283203125,-6.3720245361328125,False,False
codecontests_cpp_653,q,0.00904977375565611,-0.17647058823529413,0.18552036199095023,-3.41680908203125,-4.05792236328125,False,False
codecontests_cpp_653,k,0.3665158371040724,0.3076923076923077,0.058823529411764705,-2.1629638671875,-2.3743896484375,False,False
codecontests_cpp_653,v,0.31221719457013575,0.37104072398190047,-0.058823529411764705,-2.35302734375,-2.142578125,False,False
codecontests_cpp_653,z,0.21266968325791855,0.09502262443438914,0.11764705882352941,-2.71148681640625,-3.1244583129882812,False,False
codecontests_cpp_654,q,0.075,0.2,-0.125,-5.779716491699219,-4.99749755859375,False,False
codecontests_cpp_654,k,0.185,0.13,0.055,-5.0902099609375,-5.432403564453125,False,False
codecontests_cpp_654,v,0.315,0.415,-0.1,-4.271728515625,-3.634521484375,False,False
codecontests_cpp_654,z,0.215,0.11,0.105,-4.9005126953125,-5.550537109375,False,False
codecontests_cpp_655,q,-0.23770491803278687,-0.3524590163934426,0.11475409836065574,-4.709228515625,-5.1297607421875,False,False
codecontests_cpp_655,k,-0.13934426229508196,0.02459016393442623,-0.16393442622950818,-4.3204345703125,-3.7150726318359375,False,False
codecontests_cpp_655,v,-0.05737704918032787,0.040983606557377046,-0.09836065573770492,-4.025848388671875,-3.6546783447265625,False,False
codecontests_cpp_655,z,-0.21311475409836064,-0.1557377049180328,-0.05737704918032787,-4.61456298828125,-4.3975830078125,False,False
codecontests_cpp_656,q,0.15789473684210525,-0.15789473684210525,0.3157894736842105,-2.242889404296875,-3.0910491943359375,False,False
codecontests_cpp_656,k,-0.08187134502923976,-0.08187134502923976,0.0,-2.8888015747070312,-2.8892593383789062,False,False
codecontests_cpp_656,v,-0.1695906432748538,0.04678362573099415,-0.21637426900584794,-3.119598388671875,-2.547588348388672,False,False
codecontests_cpp_656,z,-0.1286549707602339,-0.11695906432748537,-0.011695906432748537,-3.012420654296875,-2.9827117919921875,False,False
codecontests_cpp_657,q,-0.36492890995260663,-0.2132701421800948,-0.15165876777251186,-4.4840087890625,-3.992340087890625,False,False
codecontests_cpp_657,k,-0.25118483412322273,0.07582938388625593,-0.32701421800947866,-4.11602783203125,-3.044586181640625,False,False
codecontests_cpp_657,v,-0.32701421800947866,0.004739336492890996,-0.33175355450236965,-4.359130859375,-3.2803916931152344,False,False
codecontests_cpp_657,z,-0.6587677725118484,-0.24170616113744076,-0.41706161137440756,-5.426025390625,-4.0831298828125,False,False
codecontests_cpp_658,q,-0.6105263157894737,-0.30526315789473685,-0.30526315789473685,-2.3515625,-1.92449951171875,False,False
codecontests_cpp_658,k,-1.0,-0.8631578947368421,-0.1368421052631579,-2.8828125,-2.69921875,False,False
codecontests_cpp_658,v,-0.4842105263157895,-0.4842105263157895,0.0,-2.1749267578125,-2.174560546875,False,False
codecontests_cpp_658,z,-0.17894736842105263,-0.17894736842105263,0.0,-1.7437744140625,-1.743682861328125,False,False
codecontests_cpp_659,q,0.3106060606060606,0.10984848484848485,0.20075757575757575,-2.8267822265625,-3.669586181640625,False,False
codecontests_cpp_659,k,-0.13636363636363635,0.12878787878787878,-0.26515151515151514,-4.686180114746094,-3.587310791015625,False,False
codecontests_cpp_659,v,0.32954545454545453,0.21212121212121213,0.11742424242424243,-2.7462158203125,-3.237060546875,False,False
codecontests_cpp_659,z,-0.08333333333333333,-0.08333333333333333,0.0,-4.467475891113281,-4.467315673828125,False,False
codecontests_cpp_660,q,-0.056451612903225805,0.08064516129032258,-0.13709677419354838,-4.093740463256836,-3.5618934631347656,False,False
codecontests_cpp_660,k,-0.12096774193548387,0.0,-0.12096774193548387,-4.338409423828125,-3.8736648559570312,False,False
codecontests_cpp_660,v,-0.03225806451612903,0.07258064516129033,-0.10483870967741936,-3.9996204376220703,-3.5920639038085938,False,False
codecontests_cpp_660,z,0.0,0.016129032258064516,-0.016129032258064516,-3.8750221729278564,-3.81048583984375,False,False
codecontests_cpp_661,q,0.16770186335403728,-0.07453416149068323,0.2422360248447205,-4.1849365234375,-5.4059600830078125,False,False
codecontests_cpp_661,k,0.049689440993788817,0.031055900621118012,0.018633540372670808,-4.7781524658203125,-4.869537353515625,False,False
codecontests_cpp_661,v,-0.043478260869565216,0.006211180124223602,-0.049689440993788817,-5.24493408203125,-4.99462890625,False,False
codecontests_cpp_661,z,0.14285714285714285,0.0,0.14285714285714285,-4.30792236328125,-5.029472351074219,False,False
codecontests_cpp_662,q,-0.1865671641791045,0.07462686567164178,-0.26119402985074625,-4.96417236328125,-3.871826171875,False,False
codecontests_cpp_662,k,-0.014925373134328358,0.12313432835820895,-0.13805970149253732,-4.249393463134766,-3.668701171875,False,False
codecontests_cpp_662,v,-0.16417910447761194,0.26865671641791045,-0.43283582089552236,-4.8702392578125,-3.04937744140625,False,False
codecontests_cpp_662,z,-0.07462686567164178,0.12686567164179105,-0.20149253731343283,-4.4962005615234375,-3.651824951171875,False,False
codecontests_cpp_664,q,0.08823529411764706,0.041176470588235294,0.047058823529411764,-4.842861175537109,-5.092308044433594,False,False
codecontests_cpp_664,k,0.08235294117647059,0.14705882352941177,-0.06470588235294118,-4.872100830078125,-4.527008056640625,False,False
codecontests_cpp_664,v,0.08823529411764706,0.16470588235294117,-0.07647058823529412,-4.8417205810546875,-4.42633056640625,False,False
codecontests_cpp_664,z,0.01764705882352941,0.01764705882352941,0.0,-5.217720031738281,-5.215545654296875,False,False
codecontests_cpp_665,q,-0.03349282296650718,0.03827751196172249,-0.07177033492822966,-6.749631881713867,-6.2814435958862305,False,False
codecontests_cpp_665,k,-0.24401913875598086,-0.03349282296650718,-0.21052631578947367,-8.122955322265625,-6.749336242675781,False,False
codecontests_cpp_665,v,-0.20574162679425836,-0.09090909090909091,-0.11483253588516747,-7.872894287109375,-7.124883651733398,False,False
codecontests_cpp_665,z,0.1722488038277512,0.06220095693779904,0.11004784688995216,-5.39984130859375,-6.124259948730469,False,False
codecontests_cpp_666,q,-0.07643312101910828,0.11464968152866242,-0.1910828025477707,-5.2738037109375,-4.33087158203125,False,False
codecontests_cpp_666,k,-0.09554140127388536,-0.08917197452229299,-0.006369426751592357,-5.371002197265625,-5.343109130859375,False,False
codecontests_cpp_666,v,-0.21019108280254778,-0.12738853503184713,-0.08280254777070063,-5.9249267578125,-5.51947021484375,False,False
codecontests_cpp_666,z,-0.050955414012738856,-0.07643312101910828,0.025477707006369428,-5.14349365234375,-5.246826171875,False,False
codecontests_cpp_667,q,-0.16806722689075632,-0.04201680672268908,-0.12605042016806722,-4.3415985107421875,-3.86700439453125,False,False
codecontests_cpp_667,k,-0.01680672268907563,-0.1092436974789916,0.09243697478991597,-3.772216796875,-4.1227874755859375,False,False
codecontests_cpp_667,v,-0.07563025210084033,0.06302521008403361,-0.13865546218487396,-3.998077392578125,-3.482086181640625,False,False
codecontests_cpp_667,z,0.13865546218487396,0.06302521008403361,0.07563025210084033,-3.2011566162109375,-3.482269287109375,False,False
codecontests_cpp_668,q,0.16216216216216217,-0.060810810810810814,0.22297297297297297,-0.9663848876953125,-1.2254791259765625,False,False
codecontests_cpp_668,k,0.5168918918918919,0.606418918918919,-0.08952702702702703,-0.517578125,-0.38916015625,False,False
codecontests_cpp_668,v,0.32094594594594594,0.36486486486486486,-0.04391891891891892,-0.77288818359375,-0.715576171875,False,False
codecontests_cpp_668,z,0.46621621621621623,0.2195945945945946,0.24662162162162163,-0.581298828125,-0.89447021484375,False,False
codecontests_cpp_669,q,-0.14042553191489363,-0.04680851063829787,-0.09361702127659574,-4.181884765625,-3.83843994140625,False,False
codecontests_cpp_669,k,-0.07659574468085106,0.13191489361702127,-0.20851063829787234,-3.947784423828125,-3.17559814453125,False,False
codecontests_cpp_669,v,0.07234042553191489,0.05531914893617021,0.01702127659574468,-3.39892578125,-3.46673583984375,False,False
codecontests_cpp_669,z,-0.00425531914893617,0.12340425531914893,-0.1276595744680851,-3.6876821517944336,-3.2108154296875,False,False
codecontests_cpp_670,q,0.07482993197278912,0.14965986394557823,-0.07482993197278912,-4.248779296875,-3.9030609130859375,False,False
codecontests_cpp_670,k,0.17006802721088435,0.12244897959183673,0.047619047619047616,-3.805206298828125,-4.0272216796875,False,False
codecontests_cpp_670,v,0.2755102040816326,0.20068027210884354,0.07482993197278912,-3.3101806640625,-3.66455078125,False,False
codecontests_cpp_670,z,0.15306122448979592,0.10884353741496598,0.04421768707482993,-3.88726806640625,-4.0922698974609375,False,False
codecontests_cpp_671,q,0.14948453608247422,0.19072164948453607,-0.041237113402061855,-2.571868896484375,-2.4403076171875,False,False
codecontests_cpp_671,k,-0.35051546391752575,-0.08247422680412371,-0.26804123711340205,-4.0762939453125,-3.278167724609375,False,False
codecontests_cpp_671,v,0.1134020618556701,0.25773195876288657,-0.14432989690721648,-2.6846923828125,-2.22900390625,False,False
codecontests_cpp_671,z,0.19072164948453607,0.18556701030927836,0.005154639175257732,-2.4432373046875,-2.4578857421875,False,False
codecontests_cpp_672,q,-0.16265060240963855,-0.25301204819277107,0.09036144578313253,-3.0131683349609375,-3.2489547729492188,False,False
codecontests_cpp_672,k,0.39457831325301207,0.4307228915662651,-0.03614457831325301,-1.55621337890625,-1.461181640625,False,False
codecontests_cpp_672,v,0.07228915662650602,0.3072289156626506,-0.23493975903614459,-2.3994140625,-1.78173828125,False,False
codecontests_cpp_672,z,0.23493975903614459,0.060240963855421686,0.1746987951807229,-1.976318359375,-2.4358062744140625,False,False
codecontests_cpp_673,q,-0.10227272727272728,0.011363636363636364,-0.11363636363636363,-6.057342529296875,-5.430084228515625,False,False
codecontests_cpp_673,k,-0.017045454545454544,0.32670454545454547,-0.34375,-5.590728759765625,-3.6781005859375,False,False
codecontests_cpp_673,v,0.017045454545454544,0.24431818181818182,-0.22727272727272727,-5.389892578125,-4.1292724609375,False,False
codecontests_cpp_673,z,0.1534090909090909,0.125,0.028409090909090908,-4.6419677734375,-4.8040771484375,False,False
codecontests_cpp_674,q,-0.3764705882352941,-0.31176470588235294,-0.06470588235294118,-3.653411865234375,-3.482177734375,False,False
codecontests_cpp_674,k,0.09411764705882353,-0.11176470588235295,0.20588235294117646,-2.3948974609375,-2.94793701171875,False,False
codecontests_cpp_674,v,0.029411764705882353,-0.21176470588235294,0.2411764705882353,-2.5772247314453125,-3.212615966796875,False,False
codecontests_cpp_674,z,-0.029411764705882353,-0.08823529411764706,0.058823529411764705,-2.72576904296875,-2.88525390625,False,False
codecontests_cpp_675,q,0.0,-0.14102564102564102,0.14102564102564102,-4.875006139278412,-5.561836242675781,False,False
codecontests_cpp_675,k,0.32371794871794873,0.14102564102564102,0.18269230769230768,-3.287109375,-4.1855010986328125,False,False
codecontests_cpp_675,v,-0.02564102564102564,0.07692307692307693,-0.10256410256410256,-4.998878479003906,-4.49945068359375,False,False
codecontests_cpp_675,z,0.14743589743589744,-0.0641025641025641,0.21153846153846154,-4.148193359375,-5.181732177734375,False,False
codecontests_cpp_676,q,-0.07051282051282051,-0.01282051282051282,-0.057692307692307696,-5.2176361083984375,-4.930999755859375,False,False
codecontests_cpp_676,k,0.0641025641025641,-0.01282051282051282,0.07692307692307693,-4.560302734375,-4.931121826171875,False,False
codecontests_cpp_676,v,-0.01282051282051282,0.01282051282051282,-0.02564102564102564,-4.93182373046875,-4.80926513671875,False,False
codecontests_cpp_676,z,-0.10256410256410256,-0.14743589743589744,0.04487179487179487,-5.36553955078125,-5.5920562744140625,False,False
codecontests_cpp_677,q,0.12554112554112554,0.09956709956709957,0.025974025974025976,-3.1546478271484375,-3.249267578125,False,False
codecontests_cpp_677,k,0.09523809523809523,0.03463203463203463,0.06060606060606061,-3.2634735107421875,-3.4849815368652344,False,False
codecontests_cpp_677,v,-0.15151515151515152,0.1645021645021645,-0.31601731601731603,-4.135986328125,-2.994384765625,False,False
codecontests_cpp_677,z,-0.09090909090909091,0.0735930735930736,-0.1645021645021645,-3.93505859375,-3.3401336669921875,False,False
codecontests_cpp_678,q,-0.3412698412698413,0.09523809523809523,-0.4365079365079365,-2.62921142578125,-1.7811779975891113,False,False
codecontests_cpp_678,k,-0.7063492063492064,-0.1984126984126984,-0.5079365079365079,-3.304443359375,-2.353729248046875,False,False
codecontests_cpp_678,v,-0.5555555555555556,-0.3412698412698413,-0.21428571428571427,-3.02197265625,-2.62841796875,False,False
codecontests_cpp_678,z,-0.5952380952380952,-0.24603174603174602,-0.3492063492063492,-3.105712890625,-2.44610595703125,False,False
codecontests_cpp_679,q,0.04145077720207254,0.11398963730569948,-0.07253886010362694,-5.7772216796875,-5.339324951171875,False,False
codecontests_cpp_679,k,0.12435233160621761,0.16062176165803108,-0.03626943005181347,-5.2775115966796875,-5.060707092285156,False,False
codecontests_cpp_679,v,0.05181347150259067,0.14507772020725387,-0.09326424870466321,-5.702392578125,-5.15313720703125,False,False
codecontests_cpp_679,z,0.04145077720207254,0.10362694300518134,-0.06217616580310881,-5.7816619873046875,-5.4029083251953125,False,False
codecontests_cpp_680,q,-0.05928853754940711,0.05928853754940711,-0.11857707509881422,-4.1861419677734375,-3.7163238525390625,False,False
codecontests_cpp_680,k,-0.007905138339920948,0.05928853754940711,-0.06719367588932806,-3.98016357421875,-3.7157440185546875,False,False
codecontests_cpp_680,v,0.0,0.14624505928853754,-0.14624505928853754,-3.949066162109375,-3.36859130859375,False,False
codecontests_cpp_680,z,0.26877470355731226,0.12648221343873517,0.1422924901185771,-2.8736572265625,-3.43994140625,False,False
codecontests_cpp_681,q,-0.058394160583941604,0.0,-0.058394160583941604,-4.530052185058594,-4.280961990356445,False,False
codecontests_cpp_681,k,0.11313868613138686,0.24087591240875914,-0.12773722627737227,-3.79400634765625,-3.2327880859375,False,False
codecontests_cpp_681,v,0.24087591240875914,0.10218978102189781,0.1386861313868613,-3.23480224609375,-3.837188720703125,False,False
codecontests_cpp_681,z,0.26277372262773724,0.2591240875912409,0.0036496350364963502,-3.1397705078125,-3.135986328125,False,False
codecontests_cpp_682,q,0.1320754716981132,0.1509433962264151,-0.018867924528301886,-4.3087615966796875,-4.215423583984375,False,False
codecontests_cpp_682,k,0.12578616352201258,0.16981132075471697,-0.0440251572327044,-4.3411407470703125,-4.1212158203125,False,False
codecontests_cpp_682,v,-0.08176100628930817,0.1509433962264151,-0.23270440251572327,-5.3682861328125,-4.2105712890625,False,False
codecontests_cpp_682,z,0.06918238993710692,0.08176100628930817,-0.012578616352201259,-4.625701904296875,-4.5567626953125,False,False
codecontests_cpp_683,q,0.06285714285714286,-0.005714285714285714,0.06857142857142857,-5.121917724609375,-5.49688720703125,False,False
codecontests_cpp_683,k,0.25142857142857145,0.2,0.05142857142857143,-4.08636474609375,-4.3651123046875,False,False
codecontests_cpp_683,v,0.21142857142857144,0.14285714285714285,0.06857142857142857,-4.307952880859375,-4.6820068359375,False,False
codecontests_cpp_683,z,0.18285714285714286,0.2342857142857143,-0.05142857142857143,-4.459716796875,-4.18255615234375,False,False
codecontests_cpp_684,q,-0.2,0.156,-0.356,-4.68218994140625,-3.2926025390625,False,False
codecontests_cpp_684,k,0.064,0.22,-0.156,-3.6543350219726562,-3.03753662109375,False,False
codecontests_cpp_684,v,0.064,0.224,-0.16,-3.6548004150390625,-3.0186767578125,False,False
codecontests_cpp_684,z,0.092,0.124,-0.032,-3.544891357421875,-3.4196319580078125,False,False
codecontests_cpp_685,q,-0.022727272727272728,0.09090909090909091,-0.11363636363636363,-5.624629974365234,-4.999065399169922,False,False
codecontests_cpp_685,k,0.11931818181818182,0.1534090909090909,-0.03409090909090909,-4.836883544921875,-4.6539764404296875,False,False
codecontests_cpp_685,v,-0.06818181818181818,0.11931818181818182,-0.1875,-5.87054443359375,-4.837738037109375,False,False
codecontests_cpp_685,z,0.22727272727272727,0.19318181818181818,0.03409090909090909,-4.2359619140625,-4.418212890625,False,False
codecontests_cpp_687,q,0.0,0.12568306010928962,-0.12568306010928962,-5.718257904052734,-4.998405456542969,False,False
codecontests_cpp_687,k,0.12021857923497267,-0.0273224043715847,0.14754098360655737,-5.027923583984375,-5.8715972900390625,False,False
codecontests_cpp_687,v,0.23497267759562843,0.19672131147540983,0.03825136612021858,-4.36669921875,-4.586212158203125,False,False
codecontests_cpp_687,z,-0.02185792349726776,0.08196721311475409,-0.10382513661202186,-5.843366622924805,-5.24964714050293,False,False
codecontests_cpp_689,q,-0.32575757575757575,-0.38636363636363635,0.06060606060606061,-5.45892333984375,-5.7060546875,False,False
codecontests_cpp_689,k,-0.09090909090909091,-0.12121212121212122,0.030303030303030304,-4.4975433349609375,-4.6219940185546875,False,False
codecontests_cpp_689,v,-0.09090909090909091,0.015151515151515152,-0.10606060606060606,-4.4970703125,-4.05694580078125,False,False
codecontests_cpp_689,z,-0.21212121212121213,-0.24242424242424243,0.030303030303030304,-4.99237060546875,-5.1163330078125,False,False
codecontests_cpp_690,q,-0.2893081761006289,-0.2893081761006289,0.0,-3.19024658203125,-3.18701171875,False,False
codecontests_cpp_690,k,0.16981132075471697,0.06918238993710692,0.10062893081761007,-2.03955078125,-2.291259765625,False,False
codecontests_cpp_690,v,0.34591194968553457,0.25471698113207547,0.09119496855345911,-1.591552734375,-1.83740234375,False,False
codecontests_cpp_690,z,-0.18238993710691823,-0.10062893081761007,-0.08176100628930817,-2.921875,-2.731689453125,False,False
codecontests_cpp_691,q,-0.02877697841726619,-0.10071942446043165,0.07194244604316546,-4.468732953071594,-4.77880859375,False,False
codecontests_cpp_691,k,-0.03597122302158273,0.20503597122302158,-0.24100719424460432,-4.494476318359375,-3.44342041015625,False,False
codecontests_cpp_691,v,-0.16546762589928057,-0.23741007194244604,0.07194244604316546,-5.056396484375,-5.3636474609375,False,False
codecontests_cpp_691,z,0.2014388489208633,0.04316546762589928,0.15827338129496402,-3.45751953125,-4.144775390625,False,False
codecontests_cpp_692,q,-0.125,0.16015625,-0.28515625,-4.492462158203125,-3.352630615234375,False,False
codecontests_cpp_692,k,0.21875,0.30859375,-0.08984375,-3.1129150390625,-2.7410888671875,False,False
codecontests_cpp_692,v,0.16015625,0.21875,-0.05859375,-3.35394287109375,-3.1141357421875,False,False
codecontests_cpp_692,z,0.1484375,0.1015625,0.046875,-3.4029541015625,-3.58966064453125,False,False
codecontests_cpp_693,q,-0.041916167664670656,0.0718562874251497,-0.11377245508982035,-5.4362030029296875,-4.83984375,False,False
codecontests_cpp_693,k,0.041916167664670656,-0.10179640718562874,0.1437125748502994,-4.99212646484375,-5.745880126953125,False,False
codecontests_cpp_693,v,0.16766467065868262,0.16766467065868262,0.0,-4.3400115966796875,-4.342811584472656,False,False
codecontests_cpp_693,z,0.16766467065868262,0.1497005988023952,0.017964071856287425,-4.3405609130859375,-4.4353179931640625,False,False
codecontests_cpp_694,q,0.22869955156950672,0.06278026905829596,0.16591928251121077,-1.32830810546875,-1.6307525634765625,False,False
codecontests_cpp_694,k,0.08071748878923767,-0.04932735426008968,0.13004484304932734,-1.59271240234375,-1.824951171875,False,False
codecontests_cpp_694,v,0.21076233183856502,0.27802690582959644,-0.06726457399103139,-1.36138916015625,-1.237548828125,False,False
codecontests_cpp_694,z,0.27802690582959644,0.026905829596412557,0.25112107623318386,-1.2379150390625,-1.68939208984375,False,False
codecontests_cpp_697,q,0.21323529411764705,0.16176470588235295,0.051470588235294115,-3.338653564453125,-3.5595550537109375,False,False
codecontests_cpp_697,k,0.11029411764705882,0.10294117647058823,0.007352941176470588,-3.780292510986328,-3.8096160888671875,False,False
codecontests_cpp_697,v,0.22426470588235295,0.17647058823529413,0.04779411764705882,-3.291839599609375,-3.4989166259765625,False,False
codecontests_cpp_697,z,0.04411764705882353,0.09558823529411764,-0.051470588235294115,-4.0618896484375,-3.838165283203125,False,False
codecontests_cpp_698,q,-0.007575757575757576,-0.15151515151515152,0.14393939393939395,-4.152862548828125,-4.74615478515625,False,False
codecontests_cpp_698,k,0.07954545454545454,0.041666666666666664,0.03787878787878788,-3.7937469482421875,-3.9501800537109375,False,False
codecontests_cpp_698,v,-0.18181818181818182,0.056818181818181816,-0.23863636363636365,-4.8721923828125,-3.8893203735351562,False,False
codecontests_cpp_698,z,0.11363636363636363,0.05303030303030303,0.06060606060606061,-3.654205322265625,-3.903961181640625,False,False
codecontests_cpp_699,q,-0.037037037037037035,0.007407407407407408,-0.044444444444444446,-8.749164581298828,-8.367919921875,False,False
codecontests_cpp_699,k,0.22592592592592592,0.1037037037037037,0.12222222222222222,-6.530590057373047,-7.559234619140625,False,False
codecontests_cpp_699,v,0.2,0.16296296296296298,0.037037037037037035,-6.742401123046875,-7.06109619140625,False,False
codecontests_cpp_699,z,-0.007407407407407408,-0.022222222222222223,0.014814814814814815,-8.499248504638672,-8.61883544921875,False,False
codecontests_cpp_700,q,0.22962962962962963,0.14444444444444443,0.08518518518518518,-3.23944091796875,-3.60430908203125,False,False
codecontests_cpp_700,k,0.4740740740740741,0.25555555555555554,0.21851851851851853,-2.14892578125,-3.125,False,False
codecontests_cpp_700,v,0.05555555555555555,0.17407407407407408,-0.11851851851851852,-3.978546142578125,-3.47698974609375,False,False
codecontests_cpp_700,z,0.05555555555555555,0.2074074074074074,-0.15185185185185185,-3.9826812744140625,-3.328857421875,False,False
codecontests_cpp_701,q,-0.1,-0.004761904761904762,-0.09523809523809523,-3.604522705078125,-3.2950363159179688,False,False
codecontests_cpp_701,k,0.12380952380952381,0.2761904761904762,-0.1523809523809524,-2.8695068359375,-2.36260986328125,False,False
codecontests_cpp_701,v,0.2714285714285714,0.2714285714285714,0.0,-2.37530517578125,-2.370361328125,False,False
codecontests_cpp_701,z,0.12380952380952381,0.02857142857142857,0.09523809523809523,-2.867889404296875,-3.18359375,False,False
codecontests_cpp_702,q,0.1676300578034682,-0.017341040462427744,0.18497109826589594,-4.48944091796875,-5.498878479003906,False,False
codecontests_cpp_702,k,0.20809248554913296,0.12716763005780346,0.08092485549132948,-4.276702880859375,-4.70843505859375,False,False
codecontests_cpp_702,v,0.34971098265895956,0.3468208092485549,0.002890173410404624,-3.4852294921875,-3.505859375,False,False
codecontests_cpp_702,z,0.13872832369942195,0.09826589595375723,0.04046242774566474,-4.6534881591796875,-4.870880126953125,False,False
codecontests_cpp_705,q,0.08633093525179857,-0.02877697841726619,0.11510791366906475,-3.9663543701171875,-4.4653167724609375,False,False
codecontests_cpp_705,k,0.2805755395683453,0.14028776978417265,0.14028776978417265,-3.1148681640625,-3.73175048828125,False,False
codecontests_cpp_705,v,0.2302158273381295,0.2841726618705036,-0.0539568345323741,-3.3154296875,-3.0809326171875,False,False
codecontests_cpp_705,z,0.22661870503597123,-0.014388489208633094,0.24100719424460432,-3.353179931640625,-4.4033203125,False,False
codecontests_cpp_706,q,-0.09868421052631579,-0.046052631578947366,-0.05263157894736842,-5.2166595458984375,-4.966865539550781,False,False
codecontests_cpp_706,k,0.046052631578947366,0.09868421052631579,-0.05263157894736842,-4.5289306640625,-4.279388427734375,False,False
codecontests_cpp_706,v,-0.07236842105263158,-0.006578947368421052,-0.06578947368421052,-5.0915069580078125,-4.777587890625,False,False
codecontests_cpp_706,z,-0.26973684210526316,-0.19736842105263158,-0.07236842105263158,-6.0274810791015625,-5.683258056640625,False,False
codecontests_cpp_707,q,0.2604166666666667,0.005208333333333333,0.2552083333333333,-2.20391845703125,-2.9801025390625,False,False
codecontests_cpp_707,k,0.2604166666666667,0.3619791666666667,-0.1015625,-2.202880859375,-1.886474609375,False,False
codecontests_cpp_707,v,0.5026041666666666,0.3854166666666667,0.1171875,-1.4384765625,-1.815673828125,False,False
codecontests_cpp_707,z,0.5911458333333334,0.4505208333333333,0.140625,-1.13818359375,-1.603759765625,False,False
codecontests_cpp_708,q,-0.015306122448979591,-0.10714285714285714,0.09183673469387756,-6.217582702636719,-6.780982971191406,False,False
codecontests_cpp_708,k,0.11734693877551021,-0.09183673469387756,0.20918367346938777,-5.404579162597656,-6.6838531494140625,False,False
codecontests_cpp_708,v,-0.07653061224489796,-0.17346938775510204,0.09693877551020408,-6.593162536621094,-7.1840057373046875,False,False
codecontests_cpp_708,z,0.23469387755102042,-0.02040816326530612,0.25510204081632654,-4.684661865234375,-6.250052452087402,False,False
codecontests_cpp_709,q,-0.14537444933920704,-0.00881057268722467,-0.13656387665198239,-4.0579833984375,-3.57550048828125,False,False
codecontests_cpp_709,k,-0.3039647577092511,-0.1894273127753304,-0.1145374449339207,-4.6025390625,-4.20703125,False,False
codecontests_cpp_709,v,-0.3039647577092511,-0.23348017621145375,-0.07048458149779736,-4.6024169921875,-4.351806640625,False,False
codecontests_cpp_709,z,-0.1894273127753304,0.022026431718061675,-0.21145374449339208,-4.2080078125,-3.462860107421875,False,False
codecontests_cpp_710,q,-0.13942307692307693,0.11538461538461539,-0.2548076923076923,-3.698822021484375,-2.8730316162109375,False,False
codecontests_cpp_710,k,-0.1778846153846154,-0.14423076923076922,-0.03365384615384615,-3.8256683349609375,-3.715545654296875,False,False
codecontests_cpp_710,v,-0.21153846153846154,0.004807692307692308,-0.21634615384615385,-3.930755615234375,-3.23663330078125,False,False
codecontests_cpp_710,z,-0.02403846153846154,0.004807692307692308,-0.028846153846153848,-3.327503204345703,-3.2343173027038574,False,False
codecontests_cpp_711,q,-0.13333333333333333,-0.15555555555555556,0.022222222222222223,-6.374790191650391,-6.499301910400391,False,False
codecontests_cpp_711,k,0.06666666666666667,-0.022222222222222223,0.08888888888888889,-5.2488861083984375,-5.7491912841796875,False,False
codecontests_cpp_711,v,0.15555555555555556,0.08888888888888889,0.06666666666666667,-4.748191833496094,-5.123504638671875,False,False
codecontests_cpp_711,z,-0.08888888888888889,-0.06666666666666667,-0.022222222222222223,-6.124869346618652,-5.9980621337890625,False,False
codecontests_cpp_713,q,0.10457516339869281,0.06535947712418301,0.0392156862745098,-8.561393737792969,-8.935073852539062,False,False
codecontests_cpp_713,k,0.0457516339869281,0.06535947712418301,-0.0196078431372549,-9.122894287109375,-8.936141967773438,False,False
codecontests_cpp_713,v,-0.0718954248366013,0.06535947712418301,-0.13725490196078433,-10.247543334960938,-8.936080932617188,False,False
codecontests_cpp_713,z,0.19607843137254902,0.16339869281045752,0.032679738562091505,-7.6832275390625,-7.9913330078125,False,False
codecontests_cpp_714,q,0.11578947368421053,0.1368421052631579,-0.021052631578947368,-5.2435302734375,-5.119354248046875,False,False
codecontests_cpp_714,k,0.2,0.36578947368421055,-0.16578947368421051,-4.7432861328125,-3.7406005859375,False,False
codecontests_cpp_714,v,0.22631578947368422,0.20526315789473684,0.021052631578947368,-4.58599853515625,-4.711212158203125,False,False
codecontests_cpp_714,z,0.28421052631578947,0.32105263157894737,-0.03684210526315789,-4.24285888671875,-4.020751953125,False,False
codecontests_cpp_716,q,-0.12101910828025478,0.044585987261146494,-0.16560509554140126,-2.7398681640625,-2.341827392578125,False,False
codecontests_cpp_716,k,0.321656050955414,0.5445859872611465,-0.2229299363057325,-1.6220703125,-0.9794921875,False,False
codecontests_cpp_716,v,0.2611464968152866,0.42356687898089174,-0.1624203821656051,-1.791259765625,-1.34521484375,False,False
codecontests_cpp_716,z,-0.08280254777070063,0.10191082802547771,-0.18471337579617833,-2.652008056640625,-2.19775390625,False,False
codecontests_cpp_717,q,-0.3448275862068966,-0.3793103448275862,0.034482758620689655,-2.415771484375,-2.4805908203125,False,False
codecontests_cpp_717,k,-0.5775862068965517,-0.5086206896551724,-0.06896551724137931,-2.808349609375,-2.693359375,False,False
codecontests_cpp_717,v,-0.5258620689655172,-0.3793103448275862,-0.14655172413793102,-2.73681640625,-2.48193359375,False,False
codecontests_cpp_717,z,-0.19827586206896552,-0.4482758620689655,0.25,-2.15777587890625,-2.5960693359375,False,False
codecontests_cpp_718,q,-0.0673076923076923,0.04326923076923077,-0.11057692307692307,-3.465362548828125,-3.108123779296875,False,False
codecontests_cpp_718,k,0.5384615384615384,0.6033653846153846,-0.06490384615384616,-1.38623046875,-1.1240234375,False,False
codecontests_cpp_718,v,0.10096153846153846,0.3125,-0.21153846153846154,-2.9188385009765625,-2.207275390625,False,False
codecontests_cpp_718,z,0.11057692307692307,0.004807692307692308,0.10576923076923077,-2.8881378173828125,-3.230499267578125,False,False
codecontests_cpp_719,q,-0.05555555555555555,0.06172839506172839,-0.11728395061728394,-5.3402252197265625,-4.7465057373046875,False,False
codecontests_cpp_719,k,-0.04938271604938271,-0.030864197530864196,-0.018518518518518517,-5.3102569580078125,-5.215972900390625,False,False
codecontests_cpp_719,v,0.06790123456790123,0.037037037037037035,0.030864197530864196,-4.717247009277344,-4.87255859375,False,False
codecontests_cpp_719,z,0.024691358024691357,0.09259259259259259,-0.06790123456790123,-4.936347961425781,-4.591804504394531,False,False
codecontests_cpp_720,q,0.1206896551724138,-0.16091954022988506,0.28160919540229884,-4.774749755859375,-6.311126708984375,False,False
codecontests_cpp_720,k,-0.09195402298850575,0.09195402298850575,-0.1839080459770115,-5.936332702636719,-4.937122344970703,False,False
codecontests_cpp_720,v,0.04597701149425287,-0.040229885057471264,0.08620689655172414,-5.186256408691406,-5.655399322509766,False,False
codecontests_cpp_720,z,0.04597701149425287,-0.022988505747126436,0.06896551724137931,-5.186286926269531,-5.561500549316406,False,False
codecontests_cpp_721,q,0.14201183431952663,-0.023668639053254437,0.16568047337278108,-4.5269775390625,-5.4044036865234375,False,False
codecontests_cpp_721,k,0.1834319526627219,0.1834319526627219,0.0,-4.3074951171875,-4.307861328125,False,False
codecontests_cpp_721,v,0.07100591715976332,0.13609467455621302,-0.0650887573964497,-4.905977249145508,-4.5615234375,False,False
codecontests_cpp_721,z,0.01775147928994083,0.05325443786982249,-0.03550295857988166,-5.187273979187012,-4.99395751953125,False,False
codecontests_cpp_722,q,0.13529411764705881,0.11764705882352941,0.01764705882352941,-4.591522216796875,-4.6845550537109375,False,False
codecontests_cpp_722,k,0.15294117647058825,0.17647058823529413,-0.023529411764705882,-4.496856689453125,-4.36981201171875,False,False
codecontests_cpp_722,v,0.2235294117647059,0.4323529411764706,-0.2088235294117647,-4.118499755859375,-2.989013671875,False,False
codecontests_cpp_722,z,-0.023529411764705882,-0.03529411764705882,0.011764705882352941,-5.437342643737793,-5.4977874755859375,False,False
codecontests_cpp_724,q,0.20245398773006135,0.20245398773006135,0.0,-4.060333251953125,-4.0590362548828125,False,False
codecontests_cpp_724,k,0.3159509202453988,0.2607361963190184,0.05521472392638037,-3.475341796875,-3.75640869140625,False,False
codecontests_cpp_724,v,0.20245398773006135,0.2668711656441718,-0.06441717791411043,-4.059234619140625,-3.729400634765625,False,False
codecontests_cpp_724,z,0.22085889570552147,0.24846625766871167,-0.027607361963190184,-3.96600341796875,-3.824249267578125,False,False
codecontests_cpp_725,q,-0.23214285714285715,-0.4107142857142857,0.17857142857142858,-3.2200927734375,-3.671875,False,False
codecontests_cpp_725,k,-0.23214285714285715,-0.23214285714285715,0.0,-3.220703125,-3.220703125,False,False
codecontests_cpp_725,v,-0.20238095238095238,-0.10714285714285714,-0.09523809523809523,-3.13720703125,-2.8936767578125,False,False
codecontests_cpp_725,z,0.0,-0.09523809523809523,0.09523809523809523,-2.6248693466186523,-2.8701171875,False,False
codecontests_cpp_726,q,0.03626943005181347,-0.046632124352331605,0.08290155440414508,-2.8876953125,-3.15386962890625,False,False
codecontests_cpp_726,k,0.02072538860103627,0.09326424870466321,-0.07253886010362694,-2.946868896484375,-2.72576904296875,False,False
codecontests_cpp_726,v,0.10362694300518134,0.0051813471502590676,0.09844559585492228,-2.676025390625,-2.98529052734375,False,False
codecontests_cpp_726,z,0.11917098445595854,0.05181347150259067,0.06735751295336788,-2.6390380859375,-2.849365234375,False,False
codecontests_cpp_727,q,-0.029411764705882353,0.01764705882352941,-0.047058823529411764,-5.46624755859375,-5.219291687011719,False,False
codecontests_cpp_727,k,-0.052941176470588235,0.13529411764705881,-0.18823529411764706,-5.58306884765625,-4.592170715332031,False,False
codecontests_cpp_727,v,-0.029411764705882353,-0.011764705882352941,-0.01764705882352941,-5.468851089477539,-5.37200927734375,False,False
codecontests_cpp_727,z,-0.06470588235294118,-0.023529411764705882,-0.041176470588235294,-5.655353546142578,-5.438312530517578,False,False
codecontests_cpp_728,q,-0.028089887640449437,-0.011235955056179775,-0.016853932584269662,-5.7164306640625,-5.618743896484375,False,False
codecontests_cpp_728,k,0.12921348314606743,0.3146067415730337,-0.1853932584269663,-4.83978271484375,-3.7921142578125,False,False
codecontests_cpp_728,v,0.1797752808988764,0.15730337078651685,0.02247191011235955,-4.5572509765625,-4.6843414306640625,False,False
codecontests_cpp_728,z,0.06179775280898876,-0.05056179775280899,0.11235955056179775,-5.2163848876953125,-5.8415985107421875,False,False
codecontests_cpp_729,q,-0.09774436090225563,-0.16541353383458646,0.06766917293233082,-4.560028076171875,-4.840423583984375,False,False
codecontests_cpp_729,k,-0.2781954887218045,-0.24812030075187969,-0.03007518796992481,-5.306915283203125,-5.181243896484375,False,False
codecontests_cpp_729,v,-0.19548872180451127,-0.06015037593984962,-0.13533834586466165,-4.9637451171875,-4.4043426513671875,False,False
codecontests_cpp_729,z,-0.2857142857142857,0.0,-0.2857142857142857,-5.336181640625,-4.156399726867676,False,False
codecontests_cpp_730,q,0.10687022900763359,-0.15267175572519084,0.2595419847328244,-3.6546478271484375,-4.713897705078125,False,False
codecontests_cpp_730,k,-0.07633587786259542,-0.007633587786259542,-0.06870229007633588,-4.39990234375,-4.123931884765625,False,False
codecontests_cpp_730,v,-0.09923664122137404,0.015267175572519083,-0.11450381679389313,-4.494049072265625,-4.02520751953125,False,False
codecontests_cpp_730,z,-0.030534351145038167,0.0,-0.030534351145038167,-4.217823028564453,-4.094291687011719,False,False
codecontests_cpp_731,q,-0.1404494382022472,-0.15730337078651685,0.016853932584269662,-6.3416290283203125,-6.4354248046875,False,False
codecontests_cpp_731,k,0.12921348314606743,0.2696629213483146,-0.1404494382022472,-4.8406829833984375,-4.04937744140625,False,False
codecontests_cpp_731,v,0.36235955056179775,0.12921348314606743,0.23314606741573032,-3.521728515625,-4.8414459228515625,False,False
codecontests_cpp_731,z,0.29213483146067415,0.24719101123595505,0.0449438202247191,-3.92291259765625,-4.17987060546875,False,False
codecontests_cpp_733,q,0.23118279569892472,0.41397849462365593,-0.1827956989247312,-2.22064208984375,-1.645751953125,False,False
codecontests_cpp_733,k,0.22580645161290322,0.23118279569892472,-0.005376344086021506,-2.23699951171875,-2.22088623046875,False,False
codecontests_cpp_733,v,0.0,0.15591397849462366,-0.15591397849462366,-2.9063663482666016,-2.44757080078125,False,False
codecontests_cpp_733,z,0.3064516129032258,0.23118279569892472,0.07526881720430108,-1.990234375,-2.22021484375,False,False
codecontests_cpp_734,q,0.23529411764705882,0.0481283422459893,0.18716577540106952,-4.463287353515625,-5.55816650390625,False,False
codecontests_cpp_734,k,0.3877005347593583,0.3983957219251337,-0.0106951871657754,-3.5594482421875,-3.488525390625,False,False
codecontests_cpp_734,v,0.23529411764705882,0.26737967914438504,-0.03208556149732621,-4.46307373046875,-4.2723388671875,False,False
codecontests_cpp_734,z,0.35294117647058826,0.1711229946524064,0.18181818181818182,-3.763916015625,-4.8204345703125,False,False
codecontests_cpp_736,q,0.17751479289940827,0.07692307692307693,0.10059171597633136,-4.338531494140625,-4.869049072265625,False,False
codecontests_cpp_736,k,-0.05917159763313609,0.05917159763313609,-0.11834319526627218,-5.589019775390625,-4.947021484375,False,False
codecontests_cpp_736,v,0.029585798816568046,0.03550295857988166,-0.005917159763313609,-5.118438720703125,-5.08135986328125,False,False
codecontests_cpp_736,z,0.23076923076923078,0.21893491124260356,0.011834319526627219,-4.0455322265625,-4.100830078125,False,False
codecontests_cpp_737,q,-0.15037593984962405,-0.18045112781954886,0.03007518796992481,-4.7789154052734375,-4.9022216796875,False,False
codecontests_cpp_737,k,0.05639097744360902,0.03007518796992481,0.02631578947368421,-3.9204940795898438,-4.0314130783081055,False,False
codecontests_cpp_737,v,-0.21804511278195488,-0.24812030075187969,0.03007518796992481,-5.05364990234375,-5.17974853515625,False,False
codecontests_cpp_737,z,-0.2706766917293233,-0.06766917293233082,-0.20300751879699247,-5.2745361328125,-4.436065673828125,False,False
codecontests_cpp_738,q,0.11827956989247312,0.13440860215053763,-0.016129032258064516,-5.118377685546875,-5.0285797119140625,False,False
codecontests_cpp_738,k,0.23118279569892472,0.03763440860215054,0.1935483870967742,-4.4517822265625,-5.5828857421875,False,False
codecontests_cpp_738,v,-0.11290322580645161,0.0967741935483871,-0.20967741935483872,-6.4447021484375,-5.242950439453125,False,False
codecontests_cpp_738,z,0.2849462365591398,0.16129032258064516,0.12365591397849462,-4.1422119140625,-4.8681640625,False,False
codecontests_cpp_739,q,-0.19576719576719576,-0.15343915343915343,-0.042328042328042326,-3.525054931640625,-3.403106689453125,False,False
codecontests_cpp_739,k,0.0,0.042328042328042326,-0.042328042328042326,-2.952688217163086,-2.8265762329101562,False,False
codecontests_cpp_739,v,-0.30687830687830686,-0.1164021164021164,-0.19047619047619047,-3.84576416015625,-3.2942657470703125,False,False
codecontests_cpp_739,z,0.07936507936507936,-0.2275132275132275,0.30687830687830686,-2.7152099609375,-3.6123046875,False,False
codecontests_cpp_740,q,-0.036036036036036036,-0.24324324324324326,0.2072072072072072,-3.576904296875,-4.287353515625,False,False
codecontests_cpp_740,k,-0.04054054054054054,0.11261261261261261,-0.15315315315315314,-3.6069793701171875,-3.06280517578125,False,False
codecontests_cpp_740,v,-0.24324324324324326,-0.13963963963963963,-0.1036036036036036,-4.291259765625,-3.933349609375,False,False
codecontests_cpp_740,z,-0.0045045045045045045,0.0990990990990991,-0.1036036036036036,-3.4825897216796875,-3.120819091796875,False,False
codecontests_cpp_741,q,0.31343283582089554,0.06467661691542288,0.24875621890547264,-4.29840087890625,-5.870941162109375,False,False
codecontests_cpp_741,k,0.3482587064676617,0.21890547263681592,0.12935323383084577,-4.0823974609375,-4.8995361328125,False,False
codecontests_cpp_741,v,0.23383084577114427,0.3283582089552239,-0.0945273631840796,-4.791748046875,-4.208251953125,False,False
codecontests_cpp_741,z,0.24378109452736318,0.23880597014925373,0.004975124378109453,-4.7293701171875,-4.77410888671875,False,False
codecontests_cpp_742,q,0.1005586592178771,0.0223463687150838,0.0782122905027933,-5.0274505615234375,-5.466766357421875,False,False
codecontests_cpp_742,k,0.19553072625698323,0.1564245810055866,0.03910614525139665,-4.495208740234375,-4.71356201171875,False,False
codecontests_cpp_742,v,0.2737430167597765,0.2346368715083799,0.03910614525139665,-4.05364990234375,-4.27557373046875,False,False
codecontests_cpp_742,z,0.0782122905027933,0.061452513966480445,0.01675977653631285,-5.1523590087890625,-5.2415771484375,False,False
codecontests_cpp_743,q,-0.02531645569620253,-0.05063291139240506,0.02531645569620253,-5.06134033203125,-5.187612533569336,False,False
codecontests_cpp_743,k,-0.14556962025316456,-0.12025316455696203,-0.02531645569620253,-5.654518127441406,-5.528717041015625,False,False
codecontests_cpp_743,v,-0.05063291139240506,-0.14556962025316456,0.0949367088607595,-5.185859680175781,-5.654945373535156,False,False
codecontests_cpp_743,z,0.02531645569620253,-0.05063291139240506,0.0759493670886076,-4.811943054199219,-5.185585021972656,False,False
codecontests_cpp_745,q,0.024691358024691357,0.06790123456790123,-0.043209876543209874,-4.933258056640625,-4.718242645263672,False,False
codecontests_cpp_745,k,-0.29012345679012347,-0.2037037037037037,-0.08641975308641975,-6.517333984375,-6.08056640625,False,False
codecontests_cpp_745,v,-0.05555555555555555,-0.08024691358024691,0.024691358024691357,-5.32928466796875,-5.45941162109375,False,False
codecontests_cpp_745,z,-0.2345679012345679,0.08024691358024691,-0.3148148148148148,-6.246002197265625,-4.654319763183594,False,False
codecontests_cpp_747,q,0.012195121951219513,-0.14634146341463414,0.15853658536585366,-5.0614776611328125,-5.867218017578125,False,False
codecontests_cpp_747,k,-0.16463414634146342,-0.23780487804878048,0.07317073170731707,-5.966583251953125,-6.33746337890625,False,False
codecontests_cpp_747,v,-0.03048780487804878,-0.03048780487804878,0.0,-5.277587890625,-5.27691650390625,False,False
codecontests_cpp_747,z,0.27134146341463417,0.1402439024390244,0.13109756097560976,-3.723876953125,-4.39654541015625,False,False
codecontests_cpp_748,q,-0.20851063829787234,-0.225531914893617,0.01702127659574468,-4.431243896484375,-4.486328125,False,False
codecontests_cpp_748,k,-0.06808510638297872,0.02127659574468085,-0.08936170212765958,-3.914306640625,-3.5908050537109375,False,False
codecontests_cpp_748,v,0.225531914893617,0.2553191489361702,-0.029787234042553193,-2.8299560546875,-2.7109375,False,False
codecontests_cpp_748,z,0.2170212765957447,-0.04680851063829787,0.26382978723404255,-2.858642578125,-3.83489990234375,False,False
codecontests_cpp_749,q,-0.028409090909090908,0.022727272727272728,-0.05113636363636364,-2.828280448913574,-2.679901123046875,False,False
codecontests_cpp_749,k,0.125,0.03977272727272727,0.08522727272727272,-2.3988037109375,-2.6385040283203125,False,False
codecontests_cpp_749,v,-0.08522727272727272,0.13636363636363635,-0.2215909090909091,-2.983184814453125,-2.36712646484375,False,False
codecontests_cpp_749,z,0.14204545454545456,0.06818181818181818,0.07386363636363637,-2.347900390625,-2.55615234375,False,False
codecontests_cpp_750,q,0.04072398190045249,0.00904977375565611,0.03167420814479638,-6.622283935546875,-6.839385986328125,False,False
codecontests_cpp_750,k,0.21266968325791855,0.19004524886877827,0.02262443438914027,-5.43096923828125,-5.590667724609375,False,False
codecontests_cpp_750,v,0.16289592760180996,0.02262443438914027,0.14027149321266968,-5.77618408203125,-6.747711181640625,False,False
codecontests_cpp_750,z,0.25339366515837103,0.13122171945701358,0.12217194570135746,-5.148956298828125,-5.9915771484375,False,False
codecontests_cpp_751,q,0.05042016806722689,-0.01680672268907563,0.06722689075630252,-7.061771392822266,-7.562044143676758,False,False
codecontests_cpp_751,k,0.0,0.07563025210084033,-0.07563025210084033,-7.4355621337890625,-6.8724365234375,False,False
codecontests_cpp_751,v,0.19747899159663865,0.21008403361344538,-0.012605042016806723,-5.96044921875,-5.870758056640625,False,False
codecontests_cpp_751,z,0.15126050420168066,0.08823529411764706,0.06302521008403361,-6.30316162109375,-6.765380859375,False,False
codecontests_cpp_752,q,0.17721518987341772,-0.05063291139240506,0.22784810126582278,-2.0213623046875,-2.5931015014648438,False,False
codecontests_cpp_752,k,0.13924050632911392,0.0,0.13924050632911392,-2.1209716796875,-2.4510498046875,False,False
codecontests_cpp_752,v,0.0949367088607595,-0.2468354430379747,0.34177215189873417,-2.232940673828125,-3.0648193359375,False,False
codecontests_cpp_752,z,0.08227848101265822,-0.189873417721519,0.2721518987341772,-2.262420654296875,-2.930511474609375,False,False
codecontests_cpp_753,q,0.16055045871559634,0.17889908256880735,-0.01834862385321101,-5.717674255371094,-5.587615966796875,False,False
codecontests_cpp_753,k,0.536697247706422,0.46559633027522934,0.07110091743119266,-3.115966796875,-3.6162109375,False,False
codecontests_cpp_753,v,0.39908256880733944,0.21559633027522937,0.1834862385321101,-4.08111572265625,-5.3400421142578125,False,False
codecontests_cpp_753,z,0.48853211009174313,0.2018348623853211,0.286697247706422,-3.458251953125,-5.435394287109375,False,False
codecontests_cpp_754,q,-0.03827751196172249,0.14354066985645933,-0.18181818181818182,-3.3891830444335938,-2.7901611328125,False,False
codecontests_cpp_754,k,-0.40669856459330145,0.14832535885167464,-0.5550239234449761,-4.56689453125,-2.775421142578125,False,False
codecontests_cpp_754,v,-0.03827751196172249,-0.004784688995215311,-0.03349282296650718,-3.3885345458984375,-3.2797164916992188,False,False
codecontests_cpp_754,z,-0.07655502392344497,0.14354066985645933,-0.22009569377990432,-3.5138931274414062,-2.79046630859375,False,False
codecontests_cpp_755,q,0.09663865546218488,0.06722689075630252,0.029411764705882353,-3.35791015625,-3.4676895141601562,False,False
codecontests_cpp_755,k,0.12605042016806722,0.07142857142857142,0.0546218487394958,-3.245880126953125,-3.45086669921875,False,False
codecontests_cpp_755,v,0.18907563025210083,0.09663865546218488,0.09243697478991597,-3.0072021484375,-3.3565521240234375,False,False
codecontests_cpp_755,z,0.06722689075630252,-0.15126050420168066,0.2184873949579832,-3.4684104919433594,-4.27734375,False,False
codecontests_cpp_756,q,0.0,-0.005555555555555556,0.005555555555555556,-5.62286376953125,-5.6542816162109375,False,False
codecontests_cpp_756,k,0.2222222222222222,0.18333333333333332,0.03888888888888889,-4.368133544921875,-4.589111328125,False,False
codecontests_cpp_756,v,0.07222222222222222,0.24444444444444444,-0.17222222222222222,-5.2154388427734375,-4.24200439453125,False,False
codecontests_cpp_756,z,0.0,0.05,-0.05,-5.623870849609375,-5.34014892578125,False,False
codecontests_cpp_757,q,-0.23622047244094488,-0.14173228346456693,-0.09448818897637795,-4.89825439453125,-4.527435302734375,False,False
codecontests_cpp_757,k,0.23228346456692914,0.1732283464566929,0.05905511811023622,-3.0228271484375,-3.262451171875,False,False
codecontests_cpp_757,v,0.007874015748031496,0.30708661417322836,-0.2992125984251969,-3.93017578125,-2.7269287109375,False,False
codecontests_cpp_757,z,0.3464566929133858,0.1968503937007874,0.14960629921259844,-2.557861328125,-3.17376708984375,False,False
codecontests_cpp_758,q,0.07453416149068323,0.049689440993788817,0.024844720496894408,-4.655662536621094,-4.78080940246582,False,False
codecontests_cpp_758,k,0.049689440993788817,0.0,0.049689440993788817,-4.780052185058594,-5.02886962890625,False,False
codecontests_cpp_758,v,0.14906832298136646,0.12422360248447205,0.024844720496894408,-4.2774505615234375,-4.401947021484375,False,False
codecontests_cpp_758,z,0.09316770186335403,0.07453416149068323,0.018633540372670808,-4.56201171875,-4.655782699584961,False,False
codecontests_cpp_759,q,-0.1092896174863388,0.0273224043715847,-0.1366120218579235,-6.34246826171875,-5.56279182434082,False,False
codecontests_cpp_759,k,0.18032786885245902,-0.02185792349726776,0.20218579234972678,-4.681060791015625,-5.840972900390625,False,False
codecontests_cpp_759,v,0.14207650273224043,0.09289617486338798,0.04918032786885246,-4.89794921875,-5.18206787109375,False,False
codecontests_cpp_759,z,0.03825136612021858,0.08743169398907104,-0.04918032786885246,-5.4963531494140625,-5.2181243896484375,False,False
codecontests_cpp_760,q,-0.056,0.028,-0.084,-4.1227569580078125,-3.796980381011963,False,False
codecontests_cpp_760,k,0.02,0.092,-0.072,-3.82354736328125,-3.542449951171875,False,False
codecontests_cpp_760,v,0.02,0.072,-0.052,-3.820770263671875,-3.6204833984375,False,False
codecontests_cpp_760,z,-0.152,-0.048,-0.104,-4.497344970703125,-4.0924224853515625,False,False
codecontests_cpp_761,q,0.0625,0.15625,-0.09375,-3.2794189453125,-2.941650390625,False,False
codecontests_cpp_761,k,0.484375,0.5089285714285714,-0.024553571428571428,-1.71044921875,-1.607421875,False,False
codecontests_cpp_761,v,0.03125,0.20089285714285715,-0.16964285714285715,-3.38885498046875,-2.786376953125,False,False
codecontests_cpp_761,z,0.125,0.0625,0.0625,-3.05548095703125,-3.2784881591796875,False,False
codecontests_cpp_762,q,0.03255813953488372,-0.04186046511627907,0.07441860465116279,-6.498527526855469,-6.998046875,False,False
codecontests_cpp_762,k,0.2930232558139535,0.2744186046511628,0.018604651162790697,-4.74066162109375,-4.86865234375,False,False
codecontests_cpp_762,v,0.34418604651162793,0.4790697674418605,-0.13488372093023257,-4.385009765625,-3.47412109375,False,False
codecontests_cpp_762,z,0.24651162790697675,-0.018604651162790697,0.2651162790697674,-5.056243896484375,-6.842140197753906,False,False
codecontests_cpp_763,q,0.20610687022900764,0.25572519083969464,-0.04961832061068702,-3.242889404296875,-3.03955078125,False,False
codecontests_cpp_763,k,0.0,0.22900763358778625,-0.22900763358778625,-4.092414855957031,-3.1480712890625,False,False
codecontests_cpp_763,v,0.12595419847328243,0.14122137404580154,-0.015267175572519083,-3.570068359375,-3.511962890625,False,False
codecontests_cpp_763,z,0.1183206106870229,0.16412213740458015,-0.04580152671755725,-3.6075592041015625,-3.419219970703125,False,False
codecontests_cpp_764,q,-0.0379746835443038,-0.03375527426160337,-0.004219409282700422,-3.840606689453125,-3.82696533203125,False,False
codecontests_cpp_764,k,0.4704641350210971,0.2869198312236287,0.18354430379746836,-1.87841796875,-2.6192626953125,False,False
codecontests_cpp_764,v,0.5126582278481012,0.4704641350210971,0.04219409282700422,-1.69091796875,-1.876953125,False,False
codecontests_cpp_764,z,0.4008438818565401,0.41350210970464135,-0.012658227848101266,-2.162841796875,-2.11572265625,False,False
codecontests_cpp_765,q,0.17674418604651163,-0.046511627906976744,0.22325581395348837,-5.5008544921875,-7.0286407470703125,False,False
codecontests_cpp_765,k,0.3767441860465116,0.28837209302325584,0.08837209302325581,-4.148681640625,-4.749267578125,False,False
codecontests_cpp_765,v,0.28837209302325584,0.22325581395348837,0.06511627906976744,-4.673828125,-5.2005615234375,False,False
codecontests_cpp_765,z,0.11162790697674418,0.11162790697674418,0.0,-5.95465087890625,-5.9542236328125,False,False
codecontests_cpp_766,q,-0.22746781115879827,-0.23605150214592274,0.008583690987124463,-4.456298828125,-4.493255615234375,False,False
codecontests_cpp_766,k,0.27467811158798283,0.27467811158798283,0.0,-2.6162109375,-2.6170654296875,False,False
codecontests_cpp_766,v,-0.30472103004291845,0.012875536480686695,-0.31759656652360513,-4.74072265625,-3.591156005859375,False,False
codecontests_cpp_766,z,0.2446351931330472,0.10300429184549356,0.14163090128755365,-2.7308349609375,-3.263153076171875,False,False
codecontests_cpp_767,q,0.19784172661870503,0.14388489208633093,0.0539568345323741,-3.4765625,-3.7161865234375,False,False
codecontests_cpp_767,k,0.3597122302158273,0.27697841726618705,0.08273381294964029,-2.7584228515625,-3.12847900390625,False,False
codecontests_cpp_767,v,0.11510791366906475,0.19784172661870503,-0.08273381294964029,-3.840667724609375,-3.4803466796875,False,False
codecontests_cpp_767,z,0.17266187050359713,0.007194244604316547,0.16546762589928057,-3.5867919921875,-4.310630798339844,False,False
codecontests_cpp_769,q,0.0,-0.027586206896551724,0.027586206896551724,-4.530021667480469,-4.655845642089844,False,False
codecontests_cpp_769,k,0.10344827586206896,0.17586206896551723,-0.07241379310344828,-4.05828857421875,-3.730072021484375,False,False
codecontests_cpp_769,v,-0.23448275862068965,0.013793103448275862,-0.2482758620689655,-5.58453369140625,-4.45758056640625,False,False
codecontests_cpp_769,z,-0.1793103448275862,-0.09655172413793103,-0.08275862068965517,-5.339935302734375,-4.9675750732421875,False,False
codecontests_cpp_770,q,0.044444444444444446,-0.07111111111111111,0.11555555555555555,-6.717750549316406,-7.52667236328125,False,False
codecontests_cpp_770,k,0.06222222222222222,0.044444444444444446,0.017777777777777778,-6.58697509765625,-6.7158660888671875,False,False
codecontests_cpp_770,v,0.15555555555555556,0.022222222222222223,0.13333333333333333,-5.930755615234375,-6.871063232421875,False,False
codecontests_cpp_770,z,0.10222222222222223,-0.04,0.14222222222222222,-6.30279541015625,-7.298095703125,False,False
codecontests_cpp_771,q,-0.03508771929824561,-0.013157894736842105,-0.021929824561403508,-3.688018798828125,-3.6087570190429688,False,False
codecontests_cpp_771,k,0.27631578947368424,0.08771929824561403,0.18859649122807018,-2.5565185546875,-3.2466888427734375,False,False
codecontests_cpp_771,v,-0.02631578947368421,0.06578947368421052,-0.09210526315789473,-3.6544036865234375,-3.3273582458496094,False,False
codecontests_cpp_771,z,0.2982456140350877,0.15789473684210525,0.14035087719298245,-2.4765625,-2.9871826171875,False,False
codecontests_cpp_772,q,-0.12121212121212122,0.025252525252525252,-0.14646464646464646,-3.464324951171875,-3.0135345458984375,False,False
codecontests_cpp_772,k,-0.2474747474747475,-0.21717171717171718,-0.030303030303030304,-3.84375,-3.73876953125,False,False
codecontests_cpp_772,v,-0.1111111111111111,-0.32323232323232326,0.21212121212121213,-3.41845703125,-4.064453125,False,False
codecontests_cpp_772,z,-0.18181818181818182,-0.0707070707070707,-0.1111111111111111,-3.6397705078125,-3.29443359375,False,False
codecontests_cpp_773,q,-0.06474820143884892,0.1079136690647482,-0.17266187050359713,-4.62127685546875,-3.871826171875,False,False
codecontests_cpp_773,k,-0.1079136690647482,0.07194244604316546,-0.17985611510791366,-4.8108367919921875,-4.029876708984375,False,False
codecontests_cpp_773,v,-0.2158273381294964,0.0,-0.2158273381294964,-5.2790985107421875,-4.342475891113281,False,False
codecontests_cpp_773,z,-0.06474820143884892,0.06474820143884892,-0.12949640287769784,-4.624599456787109,-4.061164855957031,False,False
codecontests_cpp_774,q,0.018072289156626505,-0.10843373493975904,0.12650602409638553,-5.088592529296875,-5.743438720703125,False,False
codecontests_cpp_774,k,0.1144578313253012,0.18674698795180722,-0.07228915662650602,-4.59027099609375,-4.2105712890625,False,False
codecontests_cpp_774,v,0.31626506024096385,0.2620481927710843,0.05421686746987952,-3.52685546875,-3.81646728515625,False,False
codecontests_cpp_774,z,0.10240963855421686,0.0,0.10240963855421686,-4.65240478515625,-5.188148498535156,False,False
codecontests_cpp_775,q,0.020689655172413793,-0.04827586206896552,0.06896551724137931,-4.435638427734375,-4.746856689453125,False,False
codecontests_cpp_775,k,0.10344827586206896,0.08275862068965517,0.020689655172413793,-4.05145263671875,-4.14788818359375,False,False
codecontests_cpp_775,v,-0.2206896551724138,-0.05517241379310345,-0.16551724137931034,-5.52166748046875,-4.774505615234375,False,False
codecontests_cpp_775,z,-0.23448275862068965,-0.07586206896551724,-0.15862068965517243,-5.589202880859375,-4.8718414306640625,False,False
codecontests_cpp_776,q,0.09032258064516129,0.1032258064516129,-0.012903225806451613,-4.399017333984375,-4.3400421142578125,False,False
codecontests_cpp_776,k,0.0967741935483871,-0.05161290322580645,0.14838709677419354,-4.3621826171875,-5.094688415527344,False,False
codecontests_cpp_776,v,0.23225806451612904,0.12903225806451613,0.1032258064516129,-3.70465087890625,-4.20953369140625,False,False
codecontests_cpp_776,z,0.025806451612903226,-0.0064516129032258064,0.03225806451612903,-4.717742919921875,-4.868255615234375,False,False
codecontests_cpp_777,q,0.11392405063291139,-0.16455696202531644,0.27848101265822783,-1.635040283203125,-2.14959716796875,False,False
codecontests_cpp_777,k,-0.3333333333333333,-0.21518987341772153,-0.11814345991561181,-2.447998046875,-2.2391357421875,False,False
codecontests_cpp_777,v,-0.21518987341772153,-0.3333333333333333,0.11814345991561181,-2.23828125,-2.4449462890625,False,False
codecontests_cpp_777,z,0.21518987341772153,-0.28270042194092826,0.4978902953586498,-1.43927001953125,-2.35980224609375,False,False
codecontests_cpp_778,q,0.14189189189189189,0.07432432432432433,0.06756756756756757,-3.964447021484375,-4.281826019287109,False,False
codecontests_cpp_778,k,0.0472972972972973,-0.05405405405405406,0.10135135135135136,-4.4033355712890625,-4.857421875,False,False
codecontests_cpp_778,v,-0.10810810810810811,-0.05405405405405406,-0.05405405405405406,-5.124580383300781,-4.8643798828125,False,False
codecontests_cpp_778,z,-0.21621621621621623,-0.033783783783783786,-0.18243243243243243,-5.6214752197265625,-4.779350280761719,False,False
codecontests_cpp_779,q,0.24125874125874125,0.16433566433566432,0.07692307692307693,-3.378662109375,-3.730194091796875,False,False
codecontests_cpp_779,k,0.11538461538461539,0.13986013986013987,-0.024475524475524476,-3.949981689453125,-3.83837890625,False,False
codecontests_cpp_779,v,0.15384615384615385,0.3776223776223776,-0.22377622377622378,-3.775634765625,-2.746337890625,False,False
codecontests_cpp_779,z,0.027972027972027972,-0.08391608391608392,0.11188811188811189,-4.341957092285156,-4.84124755859375,False,False
codecontests_cpp_780,q,-0.09941520467836257,-0.27485380116959063,0.17543859649122806,-2.930938720703125,-3.38916015625,False,False
codecontests_cpp_780,k,0.4590643274853801,0.5555555555555556,-0.09649122807017543,-1.35205078125,-1.02734375,False,False
codecontests_cpp_780,v,0.11695906432748537,0.40058479532163743,-0.28362573099415206,-2.351898193359375,-1.540283203125,False,False
codecontests_cpp_780,z,0.39766081871345027,0.28654970760233917,0.1111111111111111,-1.550048828125,-1.879638671875,False,False
codecontests_cpp_781,q,-0.07692307692307693,-0.01282051282051282,-0.0641025641025641,-5.2491455078125,-4.936954498291016,False,False
codecontests_cpp_781,k,-0.019230769230769232,0.15384615384615385,-0.17307692307692307,-4.9663543701171875,-4.121124267578125,False,False
codecontests_cpp_781,v,-0.04487179487179487,0.0641025641025641,-0.10897435897435898,-5.093250274658203,-4.560935974121094,False,False
codecontests_cpp_781,z,0.03205128205128205,0.0641025641025641,-0.03205128205128205,-4.718143463134766,-4.5603179931640625,False,False
codecontests_cpp_782,q,0.13970588235294118,0.20220588235294118,-0.0625,-3.6529693603515625,-3.37158203125,False,False
codecontests_cpp_782,k,0.058823529411764705,0.014705882352941176,0.04411764705882353,-3.997894287109375,-4.17462158203125,False,False
codecontests_cpp_782,v,0.16176470588235295,0.2977941176470588,-0.13602941176470587,-3.522705078125,-2.9423828125,False,False
codecontests_cpp_782,z,0.2867647058823529,0.06985294117647059,0.21691176470588236,-3.0103759765625,-3.932373046875,False,False
codecontests_cpp_783,q,-0.15428571428571428,-0.06285714285714286,-0.09142857142857143,-6.3120574951171875,-5.812278747558594,False,False
codecontests_cpp_783,k,0.22285714285714286,0.2885714285714286,-0.06571428571428571,-4.2440185546875,-3.88037109375,False,False
codecontests_cpp_783,v,0.02857142857142857,0.16,-0.13142857142857142,-5.310722351074219,-4.592308044433594,False,False
codecontests_cpp_783,z,-0.10285714285714286,0.1657142857142857,-0.26857142857142857,-6.029930114746094,-4.558135986328125,False,False
codecontests_cpp_785,q,0.18354430379746836,0.1518987341772152,0.03164556962025317,-4.024139404296875,-4.1842803955078125,False,False
codecontests_cpp_785,k,0.17088607594936708,0.2310126582278481,-0.060126582278481014,-4.0869140625,-3.7879638671875,False,False
codecontests_cpp_785,v,0.1930379746835443,0.2879746835443038,-0.0949367088607595,-3.96142578125,-3.4932861328125,False,False
codecontests_cpp_785,z,0.24050632911392406,0.2120253164556962,0.028481012658227847,-3.73095703125,-3.88037109375,False,False
codecontests_cpp_786,q,-0.18,-0.1,-0.08,-5.5289459228515625,-5.1549224853515625,False,False
codecontests_cpp_786,k,0.05333333333333334,-0.02666666666666667,0.08,-4.436851501464844,-4.812084197998047,False,False
codecontests_cpp_786,v,0.4033333333333333,0.4033333333333333,0.0,-2.7681884765625,-2.7679443359375,False,False
codecontests_cpp_786,z,-0.04666666666666667,-0.07333333333333333,0.02666666666666667,-4.9049530029296875,-5.030235290527344,False,False
codecontests_cpp_787,q,0.046357615894039736,-0.09933774834437085,0.1456953642384106,-4.499610900878906,-5.186527252197266,False,False
codecontests_cpp_787,k,0.019867549668874173,0.0728476821192053,-0.052980132450331126,-4.6234130859375,-4.3749003410339355,False,False
codecontests_cpp_787,v,0.16225165562913907,0.0728476821192053,0.08940397350993377,-3.948333740234375,-4.373527526855469,False,False
codecontests_cpp_787,z,0.08609271523178808,-0.052980132450331126,0.1390728476821192,-4.3084716796875,-4.969022750854492,False,False
codecontests_cpp_788,q,-0.2235294117647059,-0.28627450980392155,0.06274509803921569,-4.866943359375,-5.11468505859375,False,False
codecontests_cpp_788,k,0.4117647058823529,0.12156862745098039,0.2901960784313726,-2.29296875,-3.49749755859375,False,False
codecontests_cpp_788,v,0.23921568627450981,0.08627450980392157,0.15294117647058825,-3.016845703125,-3.6390304565429688,False,False
codecontests_cpp_788,z,-0.15294117647058825,0.1607843137254902,-0.3137254901960784,-4.590179443359375,-3.33056640625,False,False
codecontests_cpp_789,q,-0.045112781954887216,0.0,-0.045112781954887216,-4.338165283203125,-4.135498046875,False,False
codecontests_cpp_789,k,0.34962406015037595,0.17669172932330826,0.17293233082706766,-2.6748046875,-3.41314697265625,False,False
codecontests_cpp_789,v,0.24436090225563908,0.16917293233082706,0.07518796992481203,-3.1290283203125,-3.4405517578125,False,False
codecontests_cpp_789,z,0.03759398496240601,-0.007518796992481203,0.045112781954887216,-3.9972686767578125,-4.18511962890625,False,False
codecontests_cpp_790,q,0.09868421052631579,0.013157894736842105,0.08552631578947369,-4.278564453125,-4.6820068359375,False,False
codecontests_cpp_790,k,0.125,-0.046052631578947366,0.17105263157894737,-4.154327392578125,-4.969062805175781,False,False
codecontests_cpp_790,v,-0.02631578947368421,0.09210526315789473,-0.11842105263157894,-4.8682861328125,-4.3137054443359375,False,False
codecontests_cpp_790,z,0.1118421052631579,-0.02631578947368421,0.13815789473684212,-4.2192535400390625,-4.875953674316406,False,False
codecontests_cpp_791,q,0.17391304347826086,0.057971014492753624,0.11594202898550725,-3.557220458984375,-4.061126708984375,False,False
codecontests_cpp_791,k,0.572463768115942,0.34057971014492755,0.2318840579710145,-1.71875,-2.8165283203125,False,False
codecontests_cpp_791,v,0.34057971014492755,0.3115942028985507,0.028985507246376812,-2.81689453125,-2.94775390625,False,False
codecontests_cpp_791,z,0.2318840579710145,0.17753623188405798,0.05434782608695652,-3.3021240234375,-3.539794921875,False,False
codecontests_cpp_792,q,-0.10344827586206896,0.09655172413793103,-0.2,-4.998687744140625,-4.093097686767578,False,False
codecontests_cpp_792,k,-0.10344827586206896,0.2482758620689655,-0.35172413793103446,-4.998146057128906,-3.39678955078125,False,False
codecontests_cpp_792,v,-0.08275862068965517,0.07586206896551724,-0.15862068965517243,-4.905494689941406,-4.1855621337890625,False,False
codecontests_cpp_792,z,-0.07586206896551724,0.020689655172413793,-0.09655172413793103,-4.8740386962890625,-4.437284469604492,False,False
codecontests_cpp_793,q,0.03365384615384615,0.1201923076923077,-0.08653846153846154,-3.1392135620117188,-2.85552978515625,False,False
codecontests_cpp_793,k,0.27884615384615385,0.2403846153846154,0.038461538461538464,-2.3302001953125,-2.45782470703125,False,False
codecontests_cpp_793,v,-0.0625,0.21153846153846154,-0.27403846153846156,-3.44976806640625,-2.55413818359375,False,False
codecontests_cpp_793,z,0.09615384615384616,0.03365384615384615,0.0625,-2.93084716796875,-3.13836669921875,False,False
codecontests_cpp_794,q,0.0,-0.024096385542168676,0.024096385542168676,-5.1846923828125,-5.309356689453125,False,False
codecontests_cpp_794,k,0.10843373493975904,0.0963855421686747,0.012048192771084338,-4.6224212646484375,-4.6851348876953125,False,False
codecontests_cpp_794,v,-0.024096385542168676,0.20481927710843373,-0.2289156626506024,-5.30584716796875,-4.1142578125,False,False
codecontests_cpp_794,z,-0.07228915662650602,-0.018072289156626505,-0.05421686746987952,-5.556884765625,-5.275604248046875,False,False
codecontests_cpp_795,q,-0.01020408163265306,0.0,-0.01020408163265306,-6.181793212890625,-6.123130798339844,False,False
codecontests_cpp_795,k,0.14285714285714285,0.09183673469387756,0.05102040816326531,-5.24322509765625,-5.55389404296875,False,False
codecontests_cpp_795,v,0.04081632653061224,0.09183673469387756,-0.05102040816326531,-5.874378204345703,-5.557525634765625,False,False
codecontests_cpp_795,z,0.18877551020408162,0.08163265306122448,0.10714285714285714,-4.967498779296875,-5.62286376953125,False,False
codecontests_cpp_796,q,0.030973451327433628,0.05752212389380531,-0.02654867256637168,-6.8328857421875,-6.651336669921875,False,False
codecontests_cpp_796,k,0.29646017699115046,0.3053097345132743,-0.008849557522123894,-4.8857421875,-4.86328125,False,False
codecontests_cpp_796,v,0.2168141592920354,0.16371681415929204,0.05309734513274336,-5.493408203125,-5.87060546875,False,False
codecontests_cpp_796,z,0.2168141592920354,0.12389380530973451,0.09292035398230089,-5.50634765625,-6.1619873046875,False,False
codecontests_cpp_797,q,-0.08121827411167512,-0.005076142131979695,-0.07614213197969544,-3.3258209228515625,-3.0919876098632812,False,False
codecontests_cpp_797,k,0.2233502538071066,-0.03553299492385787,0.25888324873096447,-2.37713623046875,-3.167724609375,False,False
codecontests_cpp_797,v,0.20304568527918782,0.025380710659898477,0.17766497461928935,-2.415283203125,-2.96728515625,False,False
codecontests_cpp_797,z,0.07614213197969544,0.03553299492385787,0.04060913705583756,-2.8413238525390625,-2.9694061279296875,False,False
codecontests_cpp_798,q,0.04,-0.03428571428571429,0.07428571428571429,-5.250648498535156,-5.6522216796875,False,False
codecontests_cpp_798,k,-0.022857142857142857,-0.12571428571428572,0.10285714285714286,-5.593189239501953,-6.156528472900391,False,False
codecontests_cpp_798,v,0.022857142857142857,0.07428571428571429,-0.05142857142857143,-5.341644287109375,-5.055816650390625,False,False
codecontests_cpp_798,z,0.10285714285714286,0.14857142857142858,-0.045714285714285714,-4.905315399169922,-4.64959716796875,False,False
codecontests_cpp_799,q,0.004629629629629629,0.1527777777777778,-0.14814814814814814,-3.3557891845703125,-2.8438720703125,False,False
codecontests_cpp_799,k,-0.21296296296296297,0.0787037037037037,-0.2916666666666667,-4.08331298828125,-3.1048583984375,False,False
codecontests_cpp_799,v,-0.09722222222222222,-0.09722222222222222,0.0,-3.69207763671875,-3.691162109375,False,False
codecontests_cpp_799,z,0.08333333333333333,0.08333333333333333,0.0,-3.0853271484375,-3.086090087890625,False,False
codecontests_cpp_800,q,-0.1557377049180328,-0.18032786885245902,0.02459016393442623,-4.403533935546875,-4.4985198974609375,False,False
codecontests_cpp_800,k,0.21721311475409835,-0.04918032786885246,0.26639344262295084,-2.9810791015625,-4.0006256103515625,False,False
codecontests_cpp_800,v,0.1885245901639344,-0.004098360655737705,0.19262295081967212,-3.089874267578125,-3.8278236389160156,False,False
codecontests_cpp_800,z,0.028688524590163935,-0.04918032786885246,0.0778688524590164,-3.7022933959960938,-4.000333786010742,False,False
codecontests_cpp_801,q,0.22692307692307692,0.07307692307692308,0.15384615384615385,-6.27313232421875,-7.524688720703125,False,False
codecontests_cpp_801,k,0.28076923076923077,0.3076923076923077,-0.026923076923076925,-5.83355712890625,-5.618072509765625,False,False
codecontests_cpp_801,v,0.25769230769230766,0.4076923076923077,-0.15,-6.007568359375,-4.7884521484375,False,False
codecontests_cpp_801,z,0.34615384615384615,0.27692307692307694,0.06923076923076923,-5.29718017578125,-5.8541259765625,False,False
codecontests_cpp_802,q,-0.16753926701570682,-0.020942408376963352,-0.14659685863874344,-6.9665069580078125,-6.092872619628906,False,False
codecontests_cpp_802,k,-0.020942408376963352,-0.06282722513089005,0.041884816753926704,-6.089111328125,-6.34228515625,False,False
codecontests_cpp_802,v,-0.1256544502617801,0.0,-0.1256544502617801,-6.7170257568359375,-5.967475891113281,False,False
codecontests_cpp_802,z,-0.041884816753926704,-0.1256544502617801,0.08376963350785341,-6.217884063720703,-6.717445373535156,False,False
codecontests_cpp_803,q,0.11458333333333333,0.19270833333333334,-0.078125,-2.65240478515625,-2.4110107421875,False,False
codecontests_cpp_803,k,0.22916666666666666,-0.11458333333333333,0.34375,-2.296630859375,-3.33905029296875,False,False
codecontests_cpp_803,v,0.11979166666666667,0.15625,-0.036458333333333336,-2.635528564453125,-2.5223388671875,False,False
codecontests_cpp_803,z,0.15625,-0.15625,0.3125,-2.524017333984375,-3.46282958984375,False,False
codecontests_cpp_804,q,0.061224489795918366,-0.12244897959183673,0.1836734693877551,-2.154144287109375,-2.56964111328125,False,False
codecontests_cpp_804,k,-0.17006802721088435,-0.3673469387755102,0.19727891156462585,-2.680694580078125,-3.1220703125,False,False
codecontests_cpp_804,v,-0.4965986394557823,-0.3877551020408163,-0.10884353741496598,-3.40283203125,-3.15380859375,False,False
codecontests_cpp_804,z,-0.034013605442176874,0.13945578231292516,-0.17346938775510204,-2.365966796875,-1.9696044921875,False,False
codecontests_cpp_805,q,-0.11475409836065574,0.0860655737704918,-0.20081967213114754,-4.249427795410156,-3.4836959838867188,False,False
codecontests_cpp_805,k,-0.19672131147540983,0.08196721311475409,-0.2786885245901639,-4.5595703125,-3.47802734375,False,False
codecontests_cpp_805,v,-0.26229508196721313,-0.14754098360655737,-0.11475409836065574,-4.798583984375,-4.367218017578125,False,False
codecontests_cpp_805,z,-0.29508196721311475,-0.10655737704918032,-0.1885245901639344,-4.913330078125,-4.19873046875,False,False
codecontests_cpp_806,q,0.016304347826086956,0.0,0.016304347826086956,-11.3043212890625,-11.501602172851562,False,False
codecontests_cpp_806,k,0.11956521739130435,0.09782608695652174,0.021739130434782608,-10.1156005859375,-10.374736785888672,False,False
codecontests_cpp_806,v,0.016304347826086956,0.17391304347826086,-0.15760869565217392,-11.310821533203125,-9.49871826171875,False,False
codecontests_cpp_806,z,0.08152173913043478,0.125,-0.043478260869565216,-10.55584716796875,-10.064178466796875,False,False
codecontests_cpp_807,q,0.046357615894039736,-0.026490066225165563,0.0728476821192053,-4.4985198974609375,-4.8433074951171875,False,False
codecontests_cpp_807,k,0.20860927152317882,0.11920529801324503,0.08940397350993377,-3.7291259765625,-4.1538238525390625,False,False
codecontests_cpp_807,v,0.2682119205298013,0.271523178807947,-0.0033112582781456954,-3.43865966796875,-3.42303466796875,False,False
codecontests_cpp_807,z,0.06622516556291391,0.10596026490066225,-0.039735099337748346,-4.402740478515625,-4.2135009765625,False,False
codecontests_cpp_808,q,0.08839779005524862,0.1270718232044199,-0.03867403314917127,-2.5755615234375,-2.4656219482421875,False,False
codecontests_cpp_808,k,0.31215469613259667,0.287292817679558,0.024861878453038673,-1.911865234375,-1.9847412109375,False,False
codecontests_cpp_808,v,0.13259668508287292,0.20441988950276244,-0.0718232044198895,-2.44525146484375,-2.23193359375,False,False
codecontests_cpp_808,z,0.20994475138121546,0.20994475138121546,0.0,-2.216064453125,-2.2130126953125,False,False
codecontests_cpp_810,q,0.005494505494505495,0.04945054945054945,-0.04395604395604396,-5.654327392578125,-5.405910491943359,False,False
codecontests_cpp_810,k,-0.25824175824175827,-0.14285714285714285,-0.11538461538461539,-7.1543731689453125,-6.4983978271484375,False,False
codecontests_cpp_810,v,-0.07142857142857142,0.0,-0.07142857142857142,-6.09051513671875,-5.686134338378906,False,False
codecontests_cpp_810,z,-0.1813186813186813,0.01098901098901099,-0.19230769230769232,-6.718631744384766,-5.6226043701171875,False,False
codecontests_cpp_812,q,-0.1858974358974359,-0.07692307692307693,-0.10897435897435898,-5.77337646484375,-5.249385833740234,False,False
codecontests_cpp_812,k,-0.10897435897435898,-0.03205128205128205,-0.07692307692307693,-5.40020751953125,-5.029350280761719,False,False
codecontests_cpp_812,v,-0.08333333333333333,0.21794871794871795,-0.30128205128205127,-5.2779083251953125,-3.798583984375,False,False
codecontests_cpp_812,z,-0.02564102564102564,0.05128205128205128,-0.07692307692307693,-4.999122619628906,-4.623649597167969,False,False
codecontests_cpp_813,q,-0.006024096385542169,-0.06626506024096386,0.060240963855421686,-2.605194091796875,-2.762359619140625,False,False
codecontests_cpp_813,k,0.25301204819277107,-0.04216867469879518,0.29518072289156627,-1.88037109375,-2.6749267578125,False,False
codecontests_cpp_813,v,-0.24096385542168675,-0.15060240963855423,-0.09036144578313253,-3.1932373046875,-2.951416015625,False,False
codecontests_cpp_813,z,-0.1927710843373494,-0.04216867469879518,-0.15060240963855423,-3.087188720703125,-2.7000732421875,False,False
codecontests_cpp_814,q,0.3148936170212766,0.28085106382978725,0.03404255319148936,-2.489990234375,-2.625732421875,False,False
codecontests_cpp_814,k,0.28085106382978725,0.33617021276595743,-0.05531914893617021,-2.621826171875,-2.4119873046875,False,False
codecontests_cpp_814,v,0.24680851063829787,0.28085106382978725,-0.03404255319148936,-2.75579833984375,-2.62554931640625,False,False
codecontests_cpp_814,z,0.09361702127659574,0.08936170212765958,0.00425531914893617,-3.326873779296875,-3.3413543701171875,False,False
codecontests_cpp_815,q,-0.1774891774891775,-0.26406926406926406,0.08658008658008658,-4.2303466796875,-4.55029296875,False,False
codecontests_cpp_815,k,0.19480519480519481,0.10822510822510822,0.08658008658008658,-2.89703369140625,-3.2148895263671875,False,False
codecontests_cpp_815,v,-0.08225108225108226,-0.08658008658008658,0.004329004329004329,-3.8935546875,-3.914459228515625,False,False
codecontests_cpp_815,z,0.1038961038961039,0.11688311688311688,-0.012987012987012988,-3.229217529296875,-3.1776123046875,False,False
codecontests_cpp_816,q,0.12777777777777777,0.0,0.12777777777777777,-4.905296325683594,-5.624711990356445,False,False
codecontests_cpp_816,k,0.08888888888888889,-0.022222222222222223,0.1111111111111111,-5.123497009277344,-5.7465972900390625,False,False
codecontests_cpp_816,v,0.011111111111111112,0.10555555555555556,-0.09444444444444444,-5.5594329833984375,-5.0274810791015625,False,False
codecontests_cpp_816,z,0.05,-0.016666666666666666,0.06666666666666667,-5.342353820800781,-5.719516754150391,False,False
codecontests_cpp_817,q,-0.15315315315315314,0.07657657657657657,-0.22972972972972974,-3.99151611328125,-3.19512939453125,False,False
codecontests_cpp_817,k,-0.32432432432432434,-0.3063063063063063,-0.018018018018018018,-4.57855224609375,-4.5194091796875,False,False
codecontests_cpp_817,v,-0.26126126126126126,-0.21621621621621623,-0.04504504504504504,-4.359619140625,-4.21014404296875,False,False
codecontests_cpp_817,z,0.07657657657657657,-0.12162162162162163,0.1981981981981982,-3.1949462890625,-3.88287353515625,False,False
codecontests_cpp_818,q,0.11481481481481481,0.14814814814814814,-0.03333333333333333,-3.7330551147460938,-3.5912017822265625,False,False
codecontests_cpp_818,k,0.2814814814814815,0.362962962962963,-0.08148148148148149,-3.0169677734375,-2.660400390625,False,False
codecontests_cpp_818,v,0.2814814814814815,0.4148148148148148,-0.13333333333333333,-3.01611328125,-2.4306640625,False,False
codecontests_cpp_818,z,0.2518518518518518,0.05555555555555555,0.1962962962962963,-3.14508056640625,-3.9818115234375,False,False
codecontests_cpp_819,q,0.018518518518518517,0.07407407407407407,-0.05555555555555555,-4.968048095703125,-4.687623977661133,False,False
codecontests_cpp_819,k,0.42901234567901236,0.3549382716049383,0.07407407407407407,-2.85693359375,-3.2469482421875,False,False
codecontests_cpp_819,v,0.404320987654321,0.29012345679012347,0.11419753086419752,-2.9896240234375,-3.5823974609375,False,False
codecontests_cpp_819,z,0.24382716049382716,0.19753086419753085,0.046296296296296294,-3.81842041015625,-4.05523681640625,False,False
codecontests_cpp_820,q,0.058333333333333334,0.12916666666666668,-0.07083333333333333,-3.5280303955078125,-3.260650634765625,False,False
codecontests_cpp_820,k,0.1875,0.041666666666666664,0.14583333333333334,-3.030029296875,-3.587310791015625,False,False
codecontests_cpp_820,v,0.0875,0.20416666666666666,-0.11666666666666667,-3.40625,-2.9559326171875,False,False
codecontests_cpp_820,z,0.0625,0.175,-0.1125,-3.51409912109375,-3.08837890625,False,False
codecontests_cpp_821,q,0.20982142857142858,-0.022321428571428572,0.23214285714285715,-2.747314453125,-3.569091796875,False,False
codecontests_cpp_821,k,0.5848214285714286,0.1875,0.39732142857142855,-1.291015625,-2.817138671875,False,False
codecontests_cpp_821,v,0.3482142857142857,0.19196428571428573,0.15625,-2.224853515625,-2.793212890625,False,False
codecontests_cpp_821,z,0.24553571428571427,0.18303571428571427,0.0625,-2.61328125,-2.8399658203125,False,False
codecontests_cpp_822,q,-0.07142857142857142,-0.0663265306122449,-0.00510204081632653,-6.554931640625,-6.529144287109375,False,False
codecontests_cpp_822,k,0.11734693877551021,0.10204081632653061,0.015306122448979591,-5.40283203125,-5.4759521484375,False,False
codecontests_cpp_822,v,0.1326530612244898,0.09183673469387756,0.04081632653061224,-5.3057861328125,-5.5531005859375,False,False
codecontests_cpp_822,z,0.08673469387755102,0.10714285714285714,-0.02040816326530612,-5.59100341796875,-5.465301513671875,False,False
codecontests_cpp_823,q,0.1576923076923077,0.06538461538461539,0.09230769230769231,-3.4140625,-3.7937469482421875,False,False
codecontests_cpp_823,k,0.1076923076923077,0.16153846153846155,-0.05384615384615385,-3.6083984375,-3.3980712890625,False,False
codecontests_cpp_823,v,-0.14615384615384616,-0.023076923076923078,-0.12307692307692308,-4.651397705078125,-4.1547393798828125,False,False
codecontests_cpp_823,z,0.1346153846153846,0.1346153846153846,0.0,-3.5001220703125,-3.5001220703125,False,False
codecontests_cpp_824,q,0.016853932584269662,-0.07865168539325842,0.09550561797752809,-5.4664154052734375,-5.998016357421875,False,False
codecontests_cpp_824,k,0.08426966292134831,0.0449438202247191,0.03932584269662921,-5.0909423828125,-5.3116302490234375,False,False
codecontests_cpp_824,v,-0.06179775280898876,0.03932584269662921,-0.10112359550561797,-5.89117431640625,-5.33978271484375,False,False
codecontests_cpp_824,z,0.1853932584269663,0.12921348314606743,0.056179775280898875,-4.5194091796875,-4.83966064453125,False,False
codecontests_cpp_825,q,0.0708955223880597,0.08582089552238806,-0.014925373134328358,-3.8886260986328125,-3.8271255493164062,False,False
codecontests_cpp_825,k,0.03731343283582089,0.022388059701492536,0.014925373134328358,-4.027130126953125,-4.094045639038086,False,False
codecontests_cpp_825,v,-0.014925373134328358,-0.06716417910447761,0.05223880597014925,-4.24554443359375,-4.467620849609375,False,False
codecontests_cpp_825,z,-0.022388059701492536,0.055970149253731345,-0.07835820895522388,-4.279563903808594,-3.9529285430908203,False,False
codecontests_cpp_826,q,0.06666666666666667,0.01818181818181818,0.048484848484848485,-9.623893737792969,-10.125328063964844,False,False
codecontests_cpp_826,k,0.06060606060606061,0.024242424242424242,0.03636363636363636,-9.6683349609375,-10.0611572265625,False,False
codecontests_cpp_826,v,0.06060606060606061,0.15757575757575756,-0.09696969696969697,-9.686241149902344,-8.683563232421875,False,False
codecontests_cpp_826,z,0.048484848484848485,0.0,0.048484848484848485,-9.80950927734375,-10.312619686126709,False,False
codecontests_cpp_827,q,0.16666666666666666,0.2648809523809524,-0.09821428571428571,-4.3711090087890625,-3.84906005859375,False,False
codecontests_cpp_827,k,0.4226190476190476,0.42857142857142855,-0.005952380952380952,-2.9990234375,-2.960693359375,False,False
codecontests_cpp_827,v,0.19642857142857142,0.35119047619047616,-0.15476190476190477,-4.213592529296875,-3.385498046875,False,False
codecontests_cpp_827,z,0.2648809523809524,0.05357142857142857,0.2113095238095238,-3.84857177734375,-4.9667205810546875,False,False
codecontests_cpp_828,q,-0.05714285714285714,0.0,-0.05714285714285714,-6.937700271606445,-6.562531232833862,False,False
codecontests_cpp_828,k,0.1619047619047619,0.1619047619047619,0.0,-5.49737548828125,-5.4964752197265625,False,False
codecontests_cpp_828,v,0.14285714285714285,0.14285714285714285,0.0,-5.622222900390625,-5.6230926513671875,False,False
codecontests_cpp_828,z,0.047619047619047616,0.07142857142857142,-0.023809523809523808,-6.2463531494140625,-6.094409942626953,False,False
codecontests_cpp_829,q,0.0,-0.06040268456375839,0.06040268456375839,-4.65386962890625,-4.9359283447265625,False,False
codecontests_cpp_829,k,-0.1610738255033557,-0.2684563758389262,0.10738255033557047,-5.4040985107421875,-5.9026641845703125,False,False
codecontests_cpp_829,v,-0.040268456375838924,0.04697986577181208,-0.087248322147651,-4.8414459228515625,-4.4348602294921875,False,False
codecontests_cpp_829,z,-0.15436241610738255,-0.09395973154362416,-0.06040268456375839,-5.3634033203125,-5.08612060546875,False,False
codecontests_cpp_830,q,-0.12030075187969924,0.04887218045112782,-0.16917293233082706,-4.65228271484375,-3.951080322265625,False,False
codecontests_cpp_830,k,0.09774436090225563,0.24812030075187969,-0.15037593984962405,-3.745025634765625,-3.11279296875,False,False
codecontests_cpp_830,v,0.06390977443609022,0.10526315789473684,-0.041353383458646614,-3.884246826171875,-3.7148590087890625,False,False
codecontests_cpp_830,z,-0.007518796992481203,-0.06015037593984962,0.05263157894736842,-4.186210632324219,-4.404396057128906,False,False
