sample_id,sample_rank,q_index,filename,weight,gap,detailed_ratio_vs_gap,necessity_ratio_vs_gap,ap_mode
codecontests_cpp_1,1,,codecontests_cpp_1.txt,0.7734254407220652,6.625,0.999793862396816,0.7735849056603774,full
codecontests_java_1,2,,codecontests_java_1.txt,0.9950545942136236,12.6875,0.9999806070562653,0.9950738916256158,full
codecontests_java_2,3,,codecontests_java_2.txt,0.8656619690736789,6.75,0.9999090124059606,0.8657407407407407,full
codecontests_cpp_3,4,,codecontests_cpp_3.txt,0.9997178374743853,3.8125,0.9997178374743853,1.0901639344262295,full
codecontests_java_3,5,,codecontests_java_3.txt,0.99998309161212,9.25,0.99998309161212,1.0135135135135136,full
mbpp_python_4,6,,mbpp_python_4.txt,0.9993258568548387,4.84375,0.9993258568548387,1.064516129032258,full
apps_python_5,7,,apps_python_5.txt,0.9996359306469298,5.34375,0.9996359306469298,1.0,full
codecontests_java_6,8,,codecontests_java_6.txt,0.9738622939813838,9.625,0.9998319551542207,0.974025974025974,full
codecontests_java_7,9,,codecontests_java_7.txt,0.9017470556696944,6.375,0.9997630399816176,0.9019607843137255,full
apps_python_8,10,,apps_python_8.txt,0.8556349496205444,3.265625,0.9990374551435407,0.8564593301435407,full
apps_python_9,11,,apps_python_9.txt,0.9999623954013626,3.296875,0.9999623954013626,1.028436018957346,full
codecontests_cpp_9,12,,codecontests_cpp_9.txt,0.9998306411880631,3.46875,0.9998306411880631,1.009009009009009,full
codecontests_java_9,13,,codecontests_java_9.txt,0.9181324594569971,9.1875,0.9997442336309523,0.9183673469387755,full
apps_python_10,14,,apps_python_10.txt,0.9995249666908915,2.015625,0.9995249666908915,1.1627906976744187,full
codecontests_java_11,15,,codecontests_java_11.txt,0.8870845997827292,6.5,0.9973707932692307,0.8894230769230769,full
humaneval_python_11,16,,humaneval_python_11.txt,0.9676268515055931,4.84375,0.9998810798891129,0.967741935483871,full
mbpp_python_11,17,,mbpp_python_11.txt,0.9999340327099117,3.09375,0.9999340327099117,1.0656565656565657,full
codecontests_cpp_12,18,,codecontests_cpp_12.txt,0.8977530187520922,2.21875,0.9998504208846831,0.897887323943662,full
codecontests_java_13,19,,codecontests_java_13.txt,0.9993796426741803,7.625,0.9993796426741803,1.180327868852459,full
apps_python_14,20,,apps_python_14.txt,0.9992428102355072,4.3125,0.9992428102355072,1.1376811594202898,full
codecontests_cpp_14,21,,codecontests_cpp_14.txt,0.9944616256454266,5.75,0.9998958421790082,0.9945652173913043,full
codecontests_java_14,22,,codecontests_java_14.txt,0.9306639144265441,8.125,0.9998868502103365,0.9307692307692308,full
codecontests_cpp_15,23,,codecontests_cpp_15.txt,0.968330958234617,3.015625,0.9994004007448186,0.9689119170984456,full
codecontests_cpp_16,24,,codecontests_cpp_16.txt,0.9997464693509616,3.65625,0.9997464693509616,1.017094017094017,full
codecontests_java_16,25,,codecontests_java_16.txt,0.9698584907717631,4.15625,0.999931622268562,0.9699248120300752,full
codecontests_cpp_17,26,,codecontests_cpp_17.txt,0.9365595732778406,3.71875,0.9995568539915967,0.9369747899159664,full
codecontests_java_17,27,,codecontests_java_17.txt,0.9192727672580074,13.1875,0.9998275973785545,0.919431279620853,full
codecontests_java_18,28,,codecontests_java_18.txt,0.9665555625,3.90625,0.9985078125,0.968,full
humaneval_python_18,29,,humaneval_python_18.txt,0.9988367417279411,4.25,0.9988367417279411,1.1544117647058822,full
codecontests_java_19,30,,codecontests_java_19.txt,0.9999897979026617,5.375,0.9999897979026617,1.0930232558139534,full
apps_python_20,31,,apps_python_20.txt,0.9928209459459459,2.3125,0.9928209459459459,1.2162162162162162,full
codecontests_cpp_20,32,,codecontests_cpp_20.txt,0.9078904625397549,2.546875,0.9999063877971626,0.9079754601226994,full
humaneval_python_21,33,,humaneval_python_21.txt,0.9997057233537946,3.5,0.9997057233537946,1.09375,full
apps_python_22,34,,apps_python_22.txt,0.999229501146789,3.40625,0.999229501146789,1.165137614678899,full
codecontests_java_22,35,,codecontests_java_22.txt,0.9996553308823529,6.375,0.9996553308823529,1.0735294117647058,full
codecontests_java_23,36,,codecontests_java_23.txt,0.7572715025662469,7.21875,0.9995983833874459,0.7575757575757576,full
codecontests_java_24,37,,codecontests_java_24.txt,0.804425124223463,7.375,0.9991806806144068,0.8050847457627118,full
codecontests_java_25,38,,codecontests_java_25.txt,0.9960036057692307,4.0625,0.9960036057692307,1.5,full
codecontests_cpp_26,39,,codecontests_cpp_26.txt,0.9992604275627615,3.734375,0.9992604275627615,1.0334728033472804,full
humaneval_python_26,40,,humaneval_python_26.txt,0.9421989087799308,3.53125,0.9997040064988938,0.9424778761061947,full
codecontests_cpp_27,41,,codecontests_cpp_27.txt,0.7648401181559917,1.71875,0.9956498579545454,0.7681818181818182,full
codecontests_java_27,42,,codecontests_java_27.txt,0.8759331417871901,6.875,0.9984730113636363,0.8772727272727273,full
codecontests_cpp_28,43,,codecontests_cpp_28.txt,0.9488276436322214,2.453125,0.9997714097332803,0.9490445859872612,full
codecontests_java_28,44,,codecontests_java_28.txt,0.8559782549747159,4.78125,0.9997303283292484,0.8562091503267973,full
apps_python_29,45,,apps_python_29.txt,0.9981480731865285,3.015625,0.9981480731865285,1.16580310880829,full
codecontests_cpp_29,46,,codecontests_cpp_29.txt,0.8669881895184517,4.0,0.9997701644897461,0.8671875,full
apps_python_30,47,,apps_python_30.txt,0.9991530287322274,3.296875,0.9991530287322274,1.009478672985782,full
codecontests_cpp_30,48,,codecontests_cpp_30.txt,1.0,1.6796875,1.0002134811046512,1.0046511627906978,full
codecontests_java_30,49,,codecontests_java_30.txt,0.9984466374269005,5.34375,0.9984466374269005,1.239766081871345,full
mbpp_python_32,50,,mbpp_python_32.txt,0.9992606814971752,5.53125,0.9992606814971752,1.1016949152542372,full
codecontests_cpp_33,51,,codecontests_cpp_33.txt,0.9869101821192053,2.359375,0.9869101821192053,1.1059602649006623,full
codecontests_java_33,52,,codecontests_java_33.txt,0.8995313300973985,9.5625,0.9973064746732027,0.9019607843137255,full
humaneval_python_33,53,,humaneval_python_33.txt,0.9072750957016046,9.4375,0.9999893390579729,0.9072847682119205,full
apps_python_35,54,,apps_python_35.txt,0.9993633459944752,2.828125,0.9993633459944752,1.0386740331491713,full
codecontests_cpp_35,55,,codecontests_cpp_35.txt,0.9992723651960784,2.390625,0.9992723651960784,1.1045751633986929,full
codecontests_java_35,56,,codecontests_java_35.txt,0.9079675638690584,6.125,0.9997845085299745,0.9081632653061225,full
mbpp_python_35,57,,mbpp_python_35.txt,0.9897180316091954,5.4375,0.9897180316091954,1.3448275862068966,full
codecontests_java_36,58,,codecontests_java_36.txt,0.9298470034478097,5.375,0.9995855287063954,0.9302325581395349,full
mbpp_python_36,59,,mbpp_python_36.txt,0.9661182415674604,3.28125,0.9994326636904762,0.9666666666666667,full
apps_python_37,60,,apps_python_37.txt,0.9998385272448576,4.9375,0.9998385272448576,1.0569620253164558,full
codecontests_java_37,61,,codecontests_java_37.txt,0.9851346738362582,6.40625,0.9997653868140244,0.9853658536585366,full
codecontests_cpp_39,62,,codecontests_cpp_39.txt,0.999475928501309,2.984375,0.999475928501309,1.0890052356020943,full
humaneval_python_39,63,,humaneval_python_39.txt,0.9992538623595506,2.78125,0.9992538623595506,1.2415730337078652,full
apps_python_40,64,,apps_python_40.txt,0.9991446167883211,4.28125,0.9991446167883211,1.0218978102189782,full
codecontests_cpp_40,65,,codecontests_cpp_40.txt,0.999766248337766,3.671875,0.999766248337766,1.0510638297872341,full
codecontests_java_40,66,,codecontests_java_40.txt,0.839574330634386,5.09375,0.9989096050613497,0.8404907975460123,full
codecontests_cpp_41,67,,codecontests_cpp_41.txt,0.9999603622261135,2.71875,0.9999603622261135,1.0,full
codecontests_java_41,68,,codecontests_java_41.txt,0.8613204343579256,5.65625,0.9993525552486188,0.861878453038674,full
codecontests_cpp_42,69,,codecontests_cpp_42.txt,0.964470950790013,4.40625,0.9999294416278812,0.9645390070921985,full
mbpp_python_42,70,,mbpp_python_42.txt,0.9980717555732485,2.453125,0.9980717555732485,1.1910828025477707,full
apps_python_43,71,,apps_python_43.txt,0.9997992954371165,5.09375,0.9997992954371165,1.01840490797546,full
codecontests_cpp_43,72,,codecontests_cpp_43.txt,0.8960330008739608,3.9375,0.9991164434523809,0.8968253968253969,full
codecontests_java_43,73,,codecontests_java_43.txt,0.9999597634479498,9.8125,0.9999597634479498,1.1847133757961783,full
apps_python_44,74,,apps_python_44.txt,0.97400826446281,2.578125,0.9920454545454546,0.9818181818181818,full
codecontests_java_44,75,,codecontests_java_44.txt,0.8800409613715277,7.5,0.9962727864583333,0.8833333333333333,full
humaneval_python_44,76,,humaneval_python_44.txt,0.9911891263734641,3.59375,0.9998837678328805,0.991304347826087,full
codecontests_cpp_45,77,,codecontests_cpp_45.txt,0.9867769207356146,4.78125,0.9998468137254902,0.9869281045751634,full
codecontests_java_45,78,,codecontests_java_45.txt,0.98682793884066,9.5,0.9999856446918688,0.9868421052631579,full
apps_python_46,79,,apps_python_46.txt,0.9998346373092296,5.375,0.9998346373092296,1.0174418604651163,full
codecontests_cpp_46,80,,codecontests_cpp_46.txt,0.810432278380102,6.125,0.9990234375,0.8112244897959183,full
codecontests_java_46,81,,codecontests_java_46.txt,0.9332680121527778,14.0625,0.9999300130208333,0.9333333333333333,full
humaneval_python_47,82,,humaneval_python_47.txt,0.9997250064388736,5.6875,0.9997250064388736,1.021978021978022,full
apps_python_48,83,,apps_python_48.txt,0.9984892955801105,5.65625,0.9984892955801105,1.143646408839779,full
codecontests_cpp_48,84,,codecontests_cpp_48.txt,0.9521132330246914,5.625,0.9963975694444445,0.9555555555555556,full
codecontests_java_48,85,,codecontests_java_48.txt,0.9270335270298852,12.0,0.9999462763468424,0.9270833333333334,full
apps_python_49,86,,apps_python_49.txt,0.9984449641719745,2.453125,0.9984449641719745,1.0955414012738853,full
codecontests_cpp_49,87,,codecontests_cpp_49.txt,0.9999609245825066,2.953125,0.9999609245825066,1.0317460317460319,full
codecontests_java_49,88,,codecontests_java_49.txt,0.8456400433000493,9.75,0.9993927784455128,0.8461538461538461,full
codecontests_cpp_50,89,,codecontests_cpp_50.txt,0.9726096083368054,4.71875,0.999075175910596,0.9735099337748344,full
codecontests_java_50,90,,codecontests_java_50.txt,0.9996042839158767,6.59375,0.9996042839158767,1.033175355450237,full
apps_python_51,91,,apps_python_51.txt,0.9994691170302014,4.65625,0.9994691170302014,1.0469798657718121,full
codecontests_java_52,92,,codecontests_java_52.txt,0.9849710255483167,6.375,0.9996720856311274,0.9852941176470589,full
apps_python_53,93,,apps_python_53.txt,0.9997698465983073,6.0,0.9997698465983073,1.0572916666666667,full
codecontests_cpp_53,94,,codecontests_cpp_53.txt,0.6710847933616865,2.03125,0.9970402644230769,0.6730769230769231,full
codecontests_java_53,95,,codecontests_java_53.txt,0.7544530954096877,6.8125,0.9967925745412844,0.7568807339449541,full
codecontests_java_55,96,,codecontests_java_55.txt,0.9999242711950231,5.0625,0.9999242711950231,1.1419753086419753,full
mbpp_python_55,97,,mbpp_python_55.txt,0.9976917613636364,3.78125,0.9976917613636364,1.2396694214876034,full
codecontests_cpp_56,98,,codecontests_cpp_56.txt,0.9999560546875,5.46875,0.9999560546875,1.0171428571428571,full
codecontests_java_56,99,,codecontests_java_56.txt,0.9999809005633503,9.1875,0.9999809005633503,1.129251700680272,full
codecontests_cpp_57,100,,codecontests_cpp_57.txt,0.9207646355151229,7.1875,0.9989427649456522,0.9217391304347826,full
codecontests_java_57,101,,codecontests_java_57.txt,0.935290339908798,10.625,0.9999959609087776,0.9352941176470588,full
apps_python_58,102,,apps_python_58.txt,0.9935396634615384,2.4375,0.9935396634615384,1.2179487179487178,full
codecontests_java_58,103,,codecontests_java_58.txt,0.9983989404506438,7.28125,0.9983989404506438,1.1587982832618027,full
apps_python_59,104,,apps_python_59.txt,0.9991948553856383,2.9375,0.9991948553856383,1.1063829787234043,full
apps_python_60,105,,apps_python_60.txt,0.999661027892562,7.5625,0.999661027892562,1.1322314049586777,full
codecontests_java_60,106,,codecontests_java_60.txt,0.995032514450867,5.40625,0.995032514450867,1.369942196531792,full
humaneval_python_60,107,,humaneval_python_60.txt,0.9688795905371935,6.03125,0.9999666362228788,0.9689119170984456,full
codecontests_java_61,108,,codecontests_java_61.txt,0.696873842499318,4.4375,0.9995564205545775,0.6971830985915493,full
mbpp_python_61,109,,mbpp_python_61.txt,0.8640999674829095,3.8125,0.9992435642930327,0.8647540983606558,full
codecontests_cpp_62,110,,codecontests_cpp_62.txt,0.6681915085457165,2.859375,0.9981962943989071,0.6693989071038251,full
codecontests_java_62,111,,codecontests_java_62.txt,0.999755859375,8.4375,0.999755859375,1.0666666666666667,full
codecontests_java_63,112,,codecontests_java_63.txt,0.8723418166152646,9.0625,0.9999174973060345,0.8724137931034482,full
apps_python_64,113,,apps_python_64.txt,0.9341184448707942,5.8125,0.9985404065860215,0.9354838709677419,full
codecontests_cpp_64,114,,codecontests_cpp_64.txt,0.9996560534591195,2.484375,0.9996560534591195,1.1257861635220126,full
codecontests_cpp_66,115,,codecontests_cpp_66.txt,0.8810789272663747,3.703125,0.9991182093881856,0.8818565400843882,full
codecontests_java_67,116,,codecontests_java_67.txt,0.8784799001329634,5.8125,0.9963247647849462,0.8817204301075269,full
codecontests_cpp_68,117,,codecontests_cpp_68.txt,0.9997674851190477,4.59375,0.9997674851190477,1.0748299319727892,full
apps_python_69,118,,apps_python_69.txt,0.9983692354368932,3.21875,0.9983692354368932,1.2621359223300972,full
codecontests_cpp_70,119,,codecontests_cpp_70.txt,0.9934175531914894,1.8359375,0.9934175531914894,1.3787234042553191,full
codecontests_java_70,120,,codecontests_java_70.txt,0.9638956818072314,5.21875,0.9998172600112275,0.9640718562874252,full
codecontests_cpp_72,121,,codecontests_cpp_72.txt,0.8502659015075205,3.265625,0.998345918062201,0.8516746411483254,full
codecontests_java_72,122,,codecontests_java_72.txt,0.9868461068792758,5.125,0.9990293921493902,0.9878048780487805,full
codecontests_cpp_73,123,,codecontests_cpp_73.txt,0.9999630576685855,4.75,0.9999630576685855,1.118421052631579,full
codecontests_cpp_74,124,,codecontests_cpp_74.txt,0.944791405611866,6.28125,0.9994898554104478,0.945273631840796,full
codecontests_java_74,125,,codecontests_java_74.txt,0.9652967600419888,7.25,0.9997716443292026,0.9655172413793104,full
apps_python_75,126,,apps_python_75.txt,0.9981984874429224,3.421875,0.9981984874429224,1.0639269406392695,full
codecontests_cpp_75,127,,codecontests_cpp_75.txt,0.9522842776816608,5.3125,0.9993106617647058,0.9529411764705882,full
codecontests_java_75,128,,codecontests_java_75.txt,0.9181129466852492,13.0,0.9998298058143029,0.9182692307692307,full
codecontests_java_76,129,,codecontests_java_76.txt,0.9171769848581958,4.9375,0.9994066455696202,0.9177215189873418,full
humaneval_python_76,130,,humaneval_python_76.txt,0.9997596543069949,6.03125,0.9997596543069949,1.2538860103626943,full
apps_python_77,131,,apps_python_77.txt,0.9537264237793842,6.96875,0.998502312219731,0.9551569506726457,full
codecontests_cpp_77,132,,codecontests_cpp_77.txt,0.8544575436340108,5.5625,0.9940747893258427,0.8595505617977528,full
apps_python_79,133,,apps_python_79.txt,0.9993765024038461,6.09375,0.9993765024038461,1.0666666666666667,full
codecontests_java_79,134,,codecontests_java_79.txt,0.9999749990609976,8.125,0.9999749990609976,1.0538461538461539,full
mbpp_python_79,135,,mbpp_python_79.txt,0.9997535776869159,3.34375,0.9997535776869159,1.0560747663551402,full
apps_python_80,136,,apps_python_80.txt,0.9813873018621113,7.125,0.9989120751096491,0.9824561403508771,full
codecontests_cpp_80,137,,codecontests_cpp_80.txt,0.9004733471721926,4.25,0.9997091854319853,0.9007352941176471,full
codecontests_java_80,138,,codecontests_java_80.txt,0.9999940334222256,9.75,0.9999940334222256,1.0192307692307692,full
apps_python_82,139,,apps_python_82.txt,0.8467644633915824,6.96875,0.9938340807174888,0.852017937219731,full
codecontests_cpp_83,140,,codecontests_cpp_83.txt,0.9996060924369747,3.71875,0.9996060924369747,1.0252100840336134,full
codecontests_java_83,141,,codecontests_java_83.txt,0.8270689202931302,6.875,0.9997536399147727,0.8272727272727273,full
codecontests_java_84,142,,codecontests_java_84.txt,0.9966998922413793,5.4375,0.9966998922413793,1.2873563218390804,full
humaneval_python_84,143,,humaneval_python_84.txt,0.908572227481993,3.140625,0.997939987562189,0.9104477611940298,full
apps_python_85,144,,apps_python_85.txt,0.9998411333732058,3.265625,0.9998411333732058,1.1435406698564594,full
codecontests_java_85,145,,codecontests_java_85.txt,0.9942744006849316,4.5625,0.9942744006849316,1.4109589041095891,full
apps_python_87,146,,apps_python_87.txt,0.9983542195431472,3.078125,0.9983542195431472,1.2030456852791878,full
codecontests_cpp_87,147,,codecontests_cpp_87.txt,0.9999724796840123,3.5,0.9999724796840123,1.03125,full
apps_python_88,148,,apps_python_88.txt,1.0,3.453125,1.0003115278563348,1.0271493212669682,full
codecontests_java_88,149,,codecontests_java_88.txt,0.9107502117504164,9.125,0.9997709091395548,0.910958904109589,full
codecontests_java_89,150,,codecontests_java_89.txt,0.9124730809529622,7.5,0.9999704996744792,0.9125,full
apps_python_91,151,,apps_python_91.txt,0.999306640625,3.125,0.999306640625,1.085,full
apps_python_92,152,,apps_python_92.txt,0.9939169847328244,2.046875,0.9939169847328244,1.1755725190839694,full
apps_python_93,153,,apps_python_93.txt,0.9984482020547946,3.421875,0.9984482020547946,1.0502283105022832,full
codecontests_cpp_93,154,,codecontests_cpp_93.txt,0.9199386586593353,4.03125,0.9972444282945736,0.9224806201550387,full
codecontests_java_93,155,,codecontests_java_93.txt,0.8744307598962755,7.46875,0.9999471369148797,0.8744769874476988,full
apps_python_94,156,,apps_python_94.txt,0.9905700070523353,6.6875,0.9999150071188668,0.9906542056074766,full
codecontests_cpp_94,157,,codecontests_cpp_94.txt,0.9951621338912134,1.8671875,0.9951621338912134,1.1966527196652719,full
codecontests_java_94,158,,codecontests_java_94.txt,0.9360996806323613,14.75,0.9996358580508474,0.9364406779661016,full
codecontests_cpp_95,159,,codecontests_cpp_95.txt,0.9985833556866953,3.640625,0.9985833556866953,1.0257510729613735,full
codecontests_java_95,160,,codecontests_java_95.txt,0.9997300805512422,5.03125,0.9997300805512422,1.0,full
apps_python_96,161,,apps_python_96.txt,0.9997277384653142,2.984375,0.9997277384653142,1.068062827225131,full
codecontests_java_96,162,,codecontests_java_96.txt,0.9230424689117974,4.0625,0.9999626746544471,0.9230769230769231,full
mbpp_python_96,163,,mbpp_python_96.txt,0.9986007462686567,3.140625,0.9986007462686567,1.064676616915423,full
apps_python_97,164,,apps_python_97.txt,0.9998608569165209,4.46875,0.9998608569165209,1.1258741258741258,full
apps_python_98,165,,apps_python_98.txt,0.9214330975025996,5.21875,0.9992164109281437,0.9221556886227545,full
codecontests_cpp_98,166,,codecontests_cpp_98.txt,0.999926841422303,4.5625,0.999926841422303,1.0068493150684932,full
codecontests_java_98,167,,codecontests_java_98.txt,0.7267867175443673,5.625,0.9986382378472223,0.7277777777777777,full
apps_python_99,168,,apps_python_99.txt,0.9997239616048995,6.21875,0.9997239616048995,1.0,full
codecontests_java_99,169,,codecontests_java_99.txt,0.9540293704618076,6.84375,0.9996767087614156,0.954337899543379,full
apps_python_100,170,,apps_python_100.txt,0.9999258858816964,4.8125,0.9999258858816964,1.1233766233766234,full
codecontests_cpp_100,171,,codecontests_cpp_100.txt,0.9441007585145424,5.59375,0.9999647087225035,0.9441340782122905,full
codecontests_java_100,172,,codecontests_java_100.txt,0.8830849194101509,8.4375,0.9976273148148148,0.8851851851851852,full
codecontests_java_101,173,,codecontests_java_101.txt,0.8214504967206789,5.625,0.9990614149305556,0.8222222222222222,full
apps_python_102,174,,apps_python_102.txt,0.9982432208994709,2.953125,0.9982432208994709,1.0740740740740742,full
apps_python_103,175,,apps_python_103.txt,0.9904824404153572,3.390625,0.9996962305587558,0.9907834101382489,full
mbpp_python_103,176,,mbpp_python_103.txt,0.9985482118983957,5.84375,0.9985482118983957,1.0374331550802138,full
apps_python_104,177,,apps_python_104.txt,0.9997443251722441,3.96875,0.9997443251722441,1.0236220472440944,full
codecontests_java_105,178,,codecontests_java_105.txt,0.8440635039042734,4.8125,0.9998906123173701,0.8441558441558441,full
apps_python_106,179,,apps_python_106.txt,0.9997190710616438,6.84375,0.9997190710616438,1.091324200913242,full
codecontests_java_106,180,,codecontests_java_106.txt,0.888671875,9.125,0.998046875,0.8904109589041096,full
apps_python_107,181,,apps_python_107.txt,0.9999759197235107,4.0,0.9999759197235107,1.0546875,full
codecontests_cpp_108,182,,codecontests_cpp_108.txt,0.999503189819869,3.578125,0.999503189819869,1.1135371179039302,full
codecontests_java_108,183,,codecontests_java_108.txt,0.9375135633680556,5.625,0.99853515625,0.9388888888888889,full
humaneval_python_108,184,,humaneval_python_108.txt,0.9998137192919075,5.40625,0.9998137192919075,1.023121387283237,full
codecontests_java_109,185,,codecontests_java_109.txt,0.8960183499306381,5.4375,0.9994050826149425,0.896551724137931,full
humaneval_python_109,186,,humaneval_python_109.txt,0.9999583446196396,4.28125,0.9999583446196396,1.0802919708029197,full
apps_python_110,187,,apps_python_110.txt,0.9992743976955307,2.796875,0.9992743976955307,1.0335195530726258,full
codecontests_java_110,188,,codecontests_java_110.txt,0.9532754182930573,9.4375,0.999615195571192,0.9536423841059603,full
apps_python_111,189,,apps_python_111.txt,0.9994177303403756,6.65625,0.9994177303403756,1.0469483568075117,full
codecontests_java_112,190,,codecontests_java_112.txt,0.9554860869984568,14.0625,0.9999273003472222,0.9555555555555556,full
humaneval_python_112,191,,humaneval_python_112.txt,0.8800439927184467,1.609375,0.99609375,0.883495145631068,full
mbpp_python_112,192,,mbpp_python_112.txt,0.9929929123711341,3.03125,0.9929929123711341,1.134020618556701,full
apps_python_113,193,,apps_python_113.txt,0.9269928445165149,8.5625,0.9999844070768704,0.927007299270073,full
codecontests_cpp_113,194,,codecontests_cpp_113.txt,0.9874776077119135,2.828125,0.9985108770718232,0.988950276243094,full
codecontests_java_113,195,,codecontests_java_113.txt,0.8817484373678652,3.703125,0.9998774146228903,0.8818565400843882,full
codecontests_cpp_114,196,,codecontests_cpp_114.txt,0.6893199732302201,3.203125,0.9881859756097561,0.697560975609756,full
codecontests_cpp_115,197,,codecontests_cpp_115.txt,0.9996205525225904,2.59375,0.9996205525225904,1.1024096385542168,full
codecontests_java_115,198,,codecontests_java_115.txt,0.9999797746246937,7.96875,0.9999797746246937,1.0509803921568628,full
humaneval_python_115,199,,humaneval_python_115.txt,0.9547860797493837,5.59375,0.9994544343575419,0.9553072625698324,full
mbpp_python_115,200,,mbpp_python_115.txt,0.9992579409950658,4.75,0.9992579409950658,1.019736842105263,full
apps_python_116,201,,apps_python_116.txt,0.9943820224719101,2.78125,0.9943820224719101,1.151685393258427,full
codecontests_cpp_116,202,,codecontests_cpp_116.txt,0.7846577028110523,5.96875,0.9991308082460733,0.7853403141361257,full
codecontests_java_116,203,,codecontests_java_116.txt,0.8853861275646422,12.0,0.99996550877889,0.8854166666666666,full
humaneval_python_116,204,,humaneval_python_116.txt,0.9989253890562249,3.890625,0.9989253890562249,1.0,full
codecontests_cpp_117,205,,codecontests_cpp_117.txt,0.9999529864336993,3.46875,0.9999529864336993,1.0045045045045045,full
codecontests_java_117,206,,codecontests_java_117.txt,0.8632206803450485,7.09375,0.9997504818281938,0.8634361233480177,full
mbpp_python_117,207,,mbpp_python_117.txt,0.999999450731881,2.46875,0.999999450731881,1.139240506329114,full
apps_python_118,208,,apps_python_118.txt,0.9999103638285024,12.9375,0.9999103638285024,1.0869565217391304,full
codecontests_cpp_118,209,,codecontests_cpp_118.txt,0.9996324174859551,2.78125,0.9996324174859551,1.0224719101123596,full
codecontests_java_118,210,,codecontests_java_118.txt,0.9132872504340278,9.375,0.9999495442708334,0.9133333333333333,full
apps_python_119,211,,apps_python_119.txt,0.9989104467975206,3.78125,0.9989104467975206,1.0289256198347108,full
humaneval_python_119,212,,humaneval_python_119.txt,0.9992042824074074,5.0625,0.9992042824074074,1.117283950617284,full
apps_python_120,213,,apps_python_120.txt,0.9705133565266927,3.75,0.99967041015625,0.9708333333333333,full
codecontests_java_120,214,,codecontests_java_120.txt,0.9237593312372208,5.03125,0.9981560559006211,0.9254658385093167,full
apps_python_121,215,,apps_python_121.txt,1.0,3.265625,1.0000077389073714,1.1004784688995215,full
humaneval_python_121,216,,humaneval_python_121.txt,0.9989621469665272,3.734375,0.9989621469665272,1.213389121338912,full
codecontests_java_122,217,,codecontests_java_122.txt,0.9977770353618421,9.5,0.9977770353618421,1.0460526315789473,full
codecontests_cpp_123,218,,codecontests_cpp_123.txt,0.964201613574986,3.09375,0.9995388454861112,0.9646464646464646,full
codecontests_java_123,219,,codecontests_java_123.txt,0.8737936580882353,8.5,0.9986213235294118,0.875,full
codecontests_cpp_124,220,,codecontests_cpp_124.txt,0.9983748250932836,4.1875,0.9983748250932836,1.0522388059701493,full
humaneval_python_124,221,,humaneval_python_124.txt,0.9623194851204349,2.90625,0.9999520906838038,0.9623655913978495,full
apps_python_125,222,,apps_python_125.txt,0.9999725341796875,4.6875,0.9999725341796875,1.0,full
codecontests_cpp_125,223,,codecontests_cpp_125.txt,0.8311669101533967,5.78125,0.9984797297297298,0.8324324324324325,full
apps_python_126,224,,apps_python_126.txt,0.9668096404518678,6.625,0.9998226525648585,0.9669811320754716,full
codecontests_cpp_126,225,,codecontests_cpp_126.txt,0.9786155135543257,4.5,0.9994371202256944,0.9791666666666666,full
codecontests_java_126,226,,codecontests_java_126.txt,0.887733259162991,4.3125,0.9919610507246377,0.894927536231884,full
apps_python_128,227,,apps_python_128.txt,0.9995871803977273,3.4375,0.9995871803977273,1.0363636363636364,full
apps_python_129,228,,apps_python_129.txt,0.8696819444444445,3.515625,0.998359375,0.8711111111111111,full
codecontests_java_129,229,,codecontests_java_129.txt,0.9509136465459547,1.921875,0.9996784489329268,0.9512195121951219,full
apps_python_130,230,,apps_python_130.txt,0.9964657738095238,3.28125,0.9964657738095238,1.1285714285714286,full
codecontests_cpp_130,231,,codecontests_cpp_130.txt,0.9999236100874607,4.96875,0.9999236100874607,1.0251572327044025,full
codecontests_java_130,232,,codecontests_java_130.txt,0.8206893516422715,8.8125,0.9975620567375887,0.8226950354609929,full
mbpp_python_130,233,,mbpp_python_130.txt,0.9997141768292683,2.5625,0.9997141768292683,1.201219512195122,full
apps_python_131,234,,apps_python_131.txt,0.9328508244624563,5.59375,0.9998820214298184,0.9329608938547486,full
codecontests_cpp_131,235,,codecontests_cpp_131.txt,0.8548771295294754,6.71875,0.9989053415697674,0.8558139534883721,full
codecontests_java_131,236,,codecontests_java_131.txt,0.8362360553738936,10.875,0.9966100933908046,0.8390804597701149,full
humaneval_python_131,237,,humaneval_python_131.txt,0.9699214194644908,5.375,0.9989609829215116,0.9709302325581395,full
apps_python_132,238,,apps_python_132.txt,0.9995823506289309,4.96875,0.9995823506289309,1.069182389937107,full
codecontests_cpp_132,239,,codecontests_cpp_132.txt,0.9998478816105769,6.09375,0.9998478816105769,1.0256410256410255,full
codecontests_java_132,240,,codecontests_java_132.txt,0.9999894766971983,12.6875,0.9999894766971983,1.0049261083743843,full
codecontests_java_133,241,,codecontests_java_133.txt,0.8635387263022178,5.5,0.9998869462446733,0.8636363636363636,full
mbpp_python_133,242,,mbpp_python_133.txt,0.9395039185203448,3.65625,0.999290531517094,0.9401709401709402,full
apps_python_134,243,,apps_python_134.txt,0.9592483993916973,3.578125,0.9984903793668122,0.9606986899563319,full
codecontests_java_134,244,,codecontests_java_134.txt,0.8877008168954575,7.28125,0.9991994702253219,0.8884120171673819,full
apps_python_135,245,,apps_python_135.txt,0.9996485619028662,2.453125,0.9996485619028662,1.2738853503184713,full
codecontests_cpp_136,246,,codecontests_cpp_136.txt,0.888787104155689,2.546875,0.9991192963957055,0.8895705521472392,full
codecontests_cpp_137,247,,codecontests_cpp_137.txt,0.9990172173566879,4.90625,0.9990172173566879,1.1146496815286624,full
codecontests_java_137,248,,codecontests_java_137.txt,0.837561342693042,8.875,0.9994429467429577,0.8380281690140845,full
humaneval_python_137,249,,humaneval_python_137.txt,1.0,3.328125,1.000027078977773,1.0845070422535212,full
codecontests_java_138,250,,codecontests_java_138.txt,0.8248434444691963,6.28125,0.9987562189054726,0.8258706467661692,full
apps_python_140,251,,apps_python_140.txt,0.9142574139030613,8.75,0.9999690464564732,0.9142857142857143,full
codecontests_java_140,252,,codecontests_java_140.txt,0.8997967529296875,10.0,0.999774169921875,0.9,full
mbpp_python_140,253,,mbpp_python_140.txt,0.9998379234506303,7.4375,0.9998379234506303,1.0168067226890756,full
apps_python_141,254,,apps_python_141.txt,0.9996508526545699,5.8125,0.9996508526545699,1.032258064516129,full
codecontests_java_141,255,,codecontests_java_141.txt,0.9620110859183859,6.65625,0.9995529819542254,0.9624413145539906,full
apps_python_142,256,,apps_python_142.txt,0.9588403714309379,2.28125,0.9999335302065496,0.958904109589041,full
codecontests_cpp_142,257,,codecontests_cpp_142.txt,0.999755859375,4.59375,0.999755859375,1.054421768707483,full
codecontests_java_142,258,,codecontests_java_142.txt,0.957392722354749,11.75,0.9999435100149601,0.9574468085106383,full
codecontests_java_143,259,,codecontests_java_143.txt,0.902514470603538,9.6875,0.9992124495967742,0.9032258064516129,full
codecontests_java_144,260,,codecontests_java_144.txt,0.7645947704081633,5.46875,0.9985379464285714,0.7657142857142857,full
mbpp_python_144,261,,mbpp_python_144.txt,0.9963260135135135,2.890625,0.9963260135135135,1.027027027027027,full
codecontests_cpp_145,262,,codecontests_cpp_145.txt,0.8817842479914935,7.1875,0.9990658967391305,0.8826086956521739,full
codecontests_java_145,263,,codecontests_java_145.txt,0.912726471715278,13.625,0.9998712102207569,0.9128440366972477,full
apps_python_146,264,,apps_python_146.txt,0.9617086591050854,4.90625,0.9999222482085988,0.9617834394904459,full
codecontests_java_146,265,,codecontests_java_146.txt,0.9978327165570176,7.125,0.9978327165570176,1.2280701754385965,full
codecontests_cpp_147,266,,codecontests_cpp_147.txt,0.9999726197429907,6.6875,0.9999726197429907,1.0514018691588785,full
mbpp_python_147,267,,mbpp_python_147.txt,0.9999873352050781,6.25,0.9999873352050781,1.07,full
apps_python_148,268,,apps_python_148.txt,0.9996774492472628,4.28125,0.9996774492472628,1.1386861313868613,full
codecontests_java_148,269,,codecontests_java_148.txt,0.9999684300915949,9.0625,0.9999684300915949,1.0344827586206897,full
humaneval_python_148,270,,humaneval_python_148.txt,0.9929334170854272,3.109375,0.9929334170854272,1.185929648241206,full
mbpp_python_148,271,,mbpp_python_148.txt,0.9994481752996576,2.28125,0.9994481752996576,1.1369863013698631,full
codecontests_cpp_149,272,,codecontests_cpp_149.txt,0.8428226273148148,2.8125,0.9980794270833333,0.8444444444444444,full
codecontests_java_149,273,,codecontests_java_149.txt,0.8524049342613365,8.6875,0.9998673912432554,0.8525179856115108,full
humaneval_python_149,274,,humaneval_python_149.txt,0.9952398255813953,3.359375,0.9952398255813953,1.255813953488372,full
mbpp_python_149,275,,mbpp_python_149.txt,0.9994292816558441,2.40625,0.9994292816558441,1.0584415584415585,full
apps_python_150,276,,apps_python_150.txt,0.9976096082089553,4.1875,0.9976096082089553,1.0,full
apps_python_151,277,,apps_python_151.txt,0.7414421997755332,1.546875,0.9722222222222222,0.7626262626262627,full
humaneval_python_151,278,,humaneval_python_151.txt,0.9979417067307692,2.03125,0.9979417067307692,1.2,full
apps_python_152,279,,apps_python_152.txt,0.9995284407106164,4.5625,0.9995284407106164,1.1232876712328768,full
codecontests_cpp_152,280,,codecontests_cpp_152.txt,0.706059375,3.515625,0.999140625,0.7066666666666667,full
codecontests_java_152,281,,codecontests_java_152.txt,0.9170987982178059,8.5625,0.9971629790145985,0.9197080291970803,full
codecontests_cpp_153,282,,codecontests_cpp_153.txt,0.8080548753359819,2.875,0.9978664232336957,0.8097826086956522,full
apps_python_154,283,,apps_python_154.txt,0.549140625,2.5,0.915234375,0.6,full
codecontests_cpp_154,284,,codecontests_cpp_154.txt,0.9999983823752101,3.703125,0.9999983823752101,1.0,full
codecontests_java_154,285,,codecontests_java_154.txt,0.9999895635640846,13.25,0.9999895635640846,1.0518867924528301,full
humaneval_python_154,286,,humaneval_python_154.txt,0.9537221188015409,1.875,0.9995340983072917,0.9541666666666667,full
apps_python_155,287,,apps_python_155.txt,0.9991329585280374,3.34375,0.9991329585280374,1.0654205607476634,full
apps_python_156,288,,apps_python_156.txt,0.9623130987088714,3.828125,0.9990114795918368,0.963265306122449,full
codecontests_cpp_156,289,,codecontests_cpp_156.txt,0.9998431538426599,5.375,0.9998431538426599,1.0872093023255813,full
codecontests_java_156,290,,codecontests_java_156.txt,0.9494195641208335,11.125,0.9999803693107004,0.949438202247191,full
apps_python_157,291,,apps_python_157.txt,0.9999028595400529,4.4375,0.9999028595400529,1.0422535211267605,full
codecontests_java_157,292,,codecontests_java_157.txt,0.9999922335504772,10.4375,0.9999922335504772,1.0598802395209581,full
apps_python_158,293,,apps_python_158.txt,0.9939236111111112,2.953125,0.9939236111111112,1.164021164021164,full
codecontests_cpp_158,294,,codecontests_cpp_158.txt,0.9982323673184358,2.796875,0.9982323673184358,1.0223463687150838,full
codecontests_cpp_159,295,,codecontests_cpp_159.txt,0.8012071272027412,4.96875,0.9991524174528302,0.8018867924528302,full
apps_python_160,296,,apps_python_160.txt,0.9686039719626168,3.34375,0.9686039719626168,1.4018691588785046,full
apps_python_161,297,,apps_python_161.txt,0.9994908774771342,2.5625,0.9994908774771342,1.0731707317073171,full
codecontests_cpp_161,298,,codecontests_cpp_161.txt,0.9998590317730126,1.8671875,0.9998590317730126,1.0,full
humaneval_python_161,299,,humaneval_python_161.txt,0.9979538690476191,2.953125,0.9979538690476191,1.1481481481481481,full
apps_python_163,300,,apps_python_163.txt,0.9990744995915033,4.78125,0.9990744995915033,1.0522875816993464,full
codecontests_java_163,301,,codecontests_java_163.txt,0.7688121422196929,6.625,0.9999274487765331,0.7688679245283019,full
codecontests_cpp_165,302,,codecontests_cpp_165.txt,0.9998208968365778,3.8125,0.9998208968365778,1.1147540983606556,full
codecontests_java_165,303,,codecontests_java_165.txt,0.8375835321174214,5.78125,0.9996964738175675,0.8378378378378378,full
mbpp_python_165,304,,mbpp_python_165.txt,0.9990277585730089,3.53125,0.9990277585730089,1.1504424778761062,full
apps_python_166,305,,apps_python_166.txt,0.9999031187996031,3.9375,0.9999031187996031,1.0555555555555556,full
codecontests_java_166,306,,codecontests_java_166.txt,0.9977285879629629,4.21875,0.9977285879629629,1.0740740740740742,full
apps_python_167,307,,apps_python_167.txt,0.9986049107142857,3.828125,0.9986049107142857,1.0857142857142856,full
codecontests_java_167,308,,codecontests_java_167.txt,0.884990547558309,3.828125,0.9991828762755102,0.8857142857142857,full
mbpp_python_167,309,,mbpp_python_167.txt,0.9947099315606643,6.625,0.9994241966391509,0.9952830188679245,full
codecontests_java_168,310,,codecontests_java_168.txt,0.996623101635514,6.6875,0.996623101635514,1.1495327102803738,full
codecontests_java_169,311,,codecontests_java_169.txt,0.9998756118967563,4.9375,0.9998756118967563,1.0822784810126582,full
apps_python_170,312,,apps_python_170.txt,0.9365936389892713,3.453125,0.9999381363122172,0.9366515837104072,full
codecontests_cpp_170,313,,codecontests_cpp_170.txt,0.7783791298126951,4.84375,0.9929939516129033,0.7838709677419354,full
codecontests_java_171,314,,codecontests_java_171.txt,0.8225135588842976,6.875,0.9942471590909091,0.8272727272727273,full
apps_python_172,315,,apps_python_172.txt,0.9997139546408582,4.1875,0.9997139546408582,1.0522388059701493,full
codecontests_java_172,316,,codecontests_java_172.txt,0.8503988183815192,5.25,0.9990699404761905,0.8511904761904762,full
codecontests_java_173,317,,codecontests_java_173.txt,0.9998676795085878,8.1875,0.9998676795085878,1.015267175572519,full
apps_python_174,318,,apps_python_174.txt,0.9994293580572289,5.1875,0.9994293580572289,1.3012048192771084,full
codecontests_java_174,319,,codecontests_java_174.txt,0.7754972223769214,6.28125,0.999198344216418,0.7761194029850746,full
apps_python_175,320,,apps_python_175.txt,0.9887541183972792,3.03125,0.9990536404639175,0.9896907216494846,full
codecontests_java_175,321,,codecontests_java_175.txt,0.7996326013513514,5.78125,0.9995407516891892,0.8,full
mbpp_python_175,322,,mbpp_python_175.txt,0.9999227608199668,3.53125,0.9999227608199668,1.0398230088495575,full
codecontests_java_176,323,,codecontests_java_176.txt,0.8481580294427328,8.3125,0.9982744948308271,0.849624060150376,full
codecontests_java_177,324,,codecontests_java_177.txt,0.783600358035371,4.78125,0.9949448529411765,0.7875816993464052,full
mbpp_python_177,325,,mbpp_python_177.txt,1.0,4.03125,1.000009995098262,1.0232558139534884,full
codecontests_cpp_178,326,,codecontests_cpp_178.txt,0.9987403759057971,4.3125,0.9987403759057971,1.181159420289855,full
codecontests_java_178,327,,codecontests_java_178.txt,0.8766015566190861,10.1875,0.9992031729294478,0.8773006134969326,full
apps_python_179,328,,apps_python_179.txt,0.7591354349358291,3.859375,0.9973747469635628,0.7611336032388664,full
codecontests_java_179,329,,codecontests_java_179.txt,0.8854791859033548,7.125,0.9994517543859649,0.8859649122807017,full
apps_python_181,330,,apps_python_181.txt,0.9984634182464455,3.296875,0.9984634182464455,1.1042654028436019,full
codecontests_cpp_181,331,,codecontests_cpp_181.txt,0.9997137661637931,3.625,0.9997137661637931,1.1551724137931034,full
codecontests_java_181,332,,codecontests_java_181.txt,0.8379166587212296,7.15625,0.9993901814956332,0.8384279475982532,full
codecontests_cpp_182,333,,codecontests_cpp_182.txt,0.9614308675130209,4.875,0.9998881022135416,0.9615384615384616,full
codecontests_java_182,334,,codecontests_java_182.txt,0.7820082295681704,5.59375,0.9998533792335894,0.7821229050279329,full
apps_python_183,335,,apps_python_183.txt,0.9990234375,5.5625,0.9990234375,1.0337078651685394,full
codecontests_java_183,336,,codecontests_java_183.txt,0.9982551125919118,4.25,0.9982551125919118,1.2279411764705883,full
apps_python_184,337,,apps_python_184.txt,0.9246987951807228,3.890625,0.9246987951807228,1.5502008032128514,full
codecontests_cpp_185,338,,codecontests_cpp_185.txt,0.9998658435179455,3.15625,0.9998658435179455,1.0742574257425743,full
mbpp_python_185,339,,mbpp_python_185.txt,0.99906643081761,4.96875,0.99906643081761,1.1069182389937107,full
apps_python_186,340,,apps_python_186.txt,0.9997251157407407,4.21875,0.9997251157407407,1.0296296296296297,full
codecontests_java_186,341,,codecontests_java_186.txt,0.9585421463257917,10.5625,0.9999606341299926,0.9585798816568047,full
apps_python_187,342,,apps_python_187.txt,0.9918837509765037,4.03125,0.9996328427810077,0.9922480620155039,full
apps_python_188,343,,apps_python_188.txt,0.9388216070742021,4.78125,0.9974979575163399,0.9411764705882353,full
codecontests_cpp_188,344,,codecontests_cpp_188.txt,0.9989243659420289,3.234375,0.9989243659420289,1.1111111111111112,full
codecontests_cpp_189,345,,codecontests_cpp_189.txt,0.7288092803542455,2.015625,0.9948825096899225,0.7325581395348837,full
apps_python_190,346,,apps_python_190.txt,0.9980108726958525,3.390625,0.9980108726958525,1.0276497695852536,full
codecontests_java_190,347,,codecontests_java_190.txt,0.8740030924479167,8.25,0.9988606770833334,0.875,full
apps_python_191,348,,apps_python_191.txt,0.9942674512987013,2.40625,0.9942674512987013,1.2012987012987013,full
codecontests_cpp_191,349,,codecontests_cpp_191.txt,0.9999622163318452,3.9375,0.9999622163318452,1.0158730158730158,full
codecontests_java_191,350,,codecontests_java_191.txt,0.8097582065829727,8.875,0.9998753507372359,0.8098591549295775,full
apps_python_192,351,,apps_python_192.txt,0.9999161285607994,4.59375,0.9999161285607994,1.0408163265306123,full
codecontests_java_192,352,,codecontests_java_192.txt,0.8450916572592451,9.3125,0.9993544200922819,0.8456375838926175,full
codecontests_java_193,353,,codecontests_java_193.txt,0.9441276196492272,4.53125,0.9992591594827587,0.9448275862068966,full
apps_python_194,354,,apps_python_194.txt,0.770364650490974,4.4375,0.9944707306338029,0.7746478873239436,full
codecontests_cpp_194,355,,codecontests_cpp_194.txt,0.9100460913715751,4.9375,0.9985227946993671,0.9113924050632911,full
codecontests_java_194,356,,codecontests_java_194.txt,0.9253112015235457,11.875,0.9989155016447369,0.9263157894736842,full
mbpp_python_194,357,,mbpp_python_194.txt,0.9022556390977443,2.078125,1.0003854851973684,0.9022556390977443,full
apps_python_195,358,,apps_python_195.txt,0.9579486703987236,5.21875,0.9998589247286677,0.9580838323353293,full
codecontests_cpp_195,359,,codecontests_cpp_195.txt,0.9997712463891807,3.71875,0.9997712463891807,1.0378151260504203,full
apps_python_196,360,,apps_python_196.txt,0.972800605151118,3.5,0.9995749337332589,0.9732142857142857,full
codecontests_java_196,361,,codecontests_java_196.txt,0.6862725712379477,4.125,0.9954723011363636,0.6893939393939394,full
codecontests_cpp_197,362,,codecontests_cpp_197.txt,0.999279343938253,2.59375,0.999279343938253,1.0421686746987953,full
codecontests_java_197,363,,codecontests_java_197.txt,0.9235477402717104,6.21875,0.9988369582286433,0.9246231155778895,full
apps_python_198,364,,apps_python_198.txt,0.9992703212780899,2.78125,0.9992703212780899,1.050561797752809,full
codecontests_java_198,365,,codecontests_java_198.txt,0.9982413770746889,7.53125,0.9982413770746889,1.095435684647303,full
apps_python_199,366,,apps_python_199.txt,0.9997851053873698,3.0,0.9997851053873698,1.0416666666666667,full
codecontests_java_199,367,,codecontests_java_199.txt,0.9974911077235772,7.6875,0.9974911077235772,1.2113821138211383,full
apps_python_200,368,,apps_python_200.txt,0.99981689453125,5.0,0.99981689453125,1.025,full
codecontests_cpp_200,369,,codecontests_cpp_200.txt,0.7717703072938359,4.59375,0.9995615433673469,0.7721088435374149,full
apps_python_201,370,,apps_python_201.txt,0.9993376029554264,4.03125,0.9993376029554264,1.1162790697674418,full
codecontests_java_201,371,,codecontests_java_201.txt,0.9215611698198029,8.8125,0.9995394226507093,0.9219858156028369,full
apps_python_202,372,,apps_python_202.txt,0.9974552645228216,3.765625,0.9974552645228216,1.058091286307054,full
codecontests_cpp_202,373,,codecontests_cpp_202.txt,0.7451865477839335,2.96875,0.9970805921052631,0.7473684210526316,full
codecontests_java_202,374,,codecontests_java_202.txt,0.8568663305165816,5.25,0.9996773856026786,0.8571428571428571,full
apps_python_203,375,,apps_python_203.txt,0.76970876454342,3.921875,0.9958603087649402,0.7729083665338645,full
codecontests_cpp_203,376,,codecontests_cpp_203.txt,0.9998308879573171,3.203125,0.9998308879573171,1.1219512195121952,full
codecontests_java_203,377,,codecontests_java_203.txt,0.8982848815647431,2.921875,0.9998766241226604,0.8983957219251337,full
apps_python_204,378,,apps_python_204.txt,0.8930541326306844,2.984375,0.9975049083769634,0.8952879581151832,full
codecontests_cpp_204,379,,codecontests_cpp_204.txt,0.9996976630632267,5.375,0.9996976630632267,1.0116279069767442,full
codecontests_java_204,380,,codecontests_java_204.txt,0.9934815950920245,5.09375,0.9934815950920245,1.3496932515337423,full
mbpp_python_204,381,,mbpp_python_204.txt,0.9999779260205657,3.953125,0.9999779260205657,1.007905138339921,full
apps_python_205,382,,apps_python_205.txt,0.9444241621857317,4.21875,0.9999785246672453,0.9444444444444444,full
codecontests_java_205,383,,codecontests_java_205.txt,0.9969368255395683,8.6875,0.9969368255395683,1.0935251798561152,full
apps_python_206,384,,apps_python_206.txt,0.9998338309882199,5.96875,0.9998338309882199,1.162303664921466,full
codecontests_cpp_206,385,,codecontests_cpp_206.txt,0.9997957817413522,4.96875,0.9997957817413522,1.0251572327044025,full
apps_python_207,386,,apps_python_207.txt,0.9988743439885496,4.09375,0.9988743439885496,1.1984732824427482,full
codecontests_cpp_207,387,,codecontests_cpp_207.txt,0.8899295433780021,3.453125,0.9983473557692307,0.8914027149321267,full
codecontests_java_207,388,,codecontests_java_207.txt,0.9605879864859167,9.625,0.9995307426948052,0.961038961038961,full
apps_python_208,389,,apps_python_208.txt,0.9781769631872356,4.78125,0.9977405024509803,0.9803921568627451,full
apps_python_209,390,,apps_python_209.txt,0.9988447201797386,4.78125,0.9988447201797386,1.0980392156862746,full
codecontests_java_209,391,,codecontests_java_209.txt,0.836498972750865,5.3125,0.9944393382352941,0.8411764705882353,full
apps_python_210,392,,apps_python_210.txt,0.9987277178697183,2.21875,0.9987277178697183,1.1549295774647887,full
codecontests_java_210,393,,codecontests_java_210.txt,0.8135310806729688,4.5625,0.9981137628424658,0.815068493150685,full
apps_python_211,394,,apps_python_211.txt,0.9999237750989819,3.453125,0.9999237750989819,1.0135746606334841,full
codecontests_cpp_211,395,,codecontests_cpp_211.txt,0.9993118523316062,6.03125,0.9993118523316062,1.0466321243523315,full
codecontests_java_211,396,,codecontests_java_211.txt,0.9997274408895502,11.8125,0.9997274408895502,1.1005291005291005,full
apps_python_212,397,,apps_python_212.txt,0.9924582301980198,3.15625,0.9924582301980198,1.0841584158415842,full
codecontests_java_212,398,,codecontests_java_212.txt,0.9567869988541196,4.40625,0.9993108654698581,0.9574468085106383,full
apps_python_213,399,,apps_python_213.txt,0.9671969782707106,3.671875,0.9968916223404255,0.9702127659574468,full
codecontests_cpp_213,400,,codecontests_cpp_213.txt,0.9996645142431972,2.296875,0.9996645142431972,1.1224489795918366,full
apps_python_214,401,,apps_python_214.txt,0.9995315139358109,3.46875,0.9995315139358109,1.027027027027027,full
codecontests_java_214,402,,codecontests_java_214.txt,0.8967197238573408,3.5625,0.997327302631579,0.8991228070175439,full
apps_python_215,403,,apps_python_215.txt,0.9998693129595588,5.3125,0.9998693129595588,1.223529411764706,full
codecontests_cpp_215,404,,codecontests_cpp_215.txt,0.9993104098135965,3.5625,0.9993104098135965,1.1842105263157894,full
codecontests_java_215,405,,codecontests_java_215.txt,0.8066920230263158,8.3125,0.998046875,0.8082706766917294,full
apps_python_216,406,,apps_python_216.txt,0.8583035603571207,3.96875,0.9864665354330708,0.8700787401574803,full
apps_python_217,407,,apps_python_217.txt,0.9997748643338323,5.21875,0.9997748643338323,1.0,full
codecontests_java_217,408,,codecontests_java_217.txt,0.9978321335078534,5.96875,0.9978321335078534,1.193717277486911,full
apps_python_218,409,,apps_python_218.txt,0.9987312376968503,3.96875,0.9987312376968503,1.1023622047244095,full
apps_python_219,410,,apps_python_219.txt,0.9340919442728263,5.25,0.9995378766741071,0.9345238095238095,full
codecontests_java_219,411,,codecontests_java_219.txt,0.9545253446279478,11.0,0.9999789324673739,0.9545454545454546,full
apps_python_220,412,,apps_python_220.txt,0.9569812499999999,6.25,0.99685546875,0.96,full
codecontests_cpp_220,413,,codecontests_cpp_220.txt,0.9999103876896677,2.703125,0.9999103876896677,1.0867052023121386,full
codecontests_java_220,414,,codecontests_java_220.txt,0.7739017520304691,6.375,0.9992149203431373,0.7745098039215687,full
apps_python_221,415,,apps_python_221.txt,0.9928603468899522,3.265625,0.9928603468899522,1.1578947368421053,full
codecontests_java_221,416,,codecontests_java_221.txt,0.9999711661503232,9.0625,0.9999711661503232,1.1586206896551725,full
mbpp_python_221,417,,mbpp_python_221.txt,0.9891517857142857,2.734375,0.9891517857142857,1.1828571428571428,full
apps_python_222,418,,apps_python_222.txt,0.9978758640552995,3.390625,0.9978758640552995,1.1566820276497696,full
codecontests_java_222,419,,codecontests_java_222.txt,0.9999234586148649,2.890625,0.9999234586148649,1.0810810810810811,full
apps_python_223,420,,apps_python_223.txt,0.9602097445389625,3.234375,0.9988111413043478,0.961352657004831,full
codecontests_cpp_223,421,,codecontests_cpp_223.txt,0.9998220837550608,3.859375,0.9998220837550608,1.0931174089068827,full
codecontests_java_223,422,,codecontests_java_223.txt,0.8389328623606305,7.96875,0.9996629901960784,0.8392156862745098,full
codecontests_java_224,423,,codecontests_java_224.txt,0.9998425365199705,2.640625,0.9998425365199705,1.0828402366863905,full
mbpp_python_224,424,,mbpp_python_224.txt,0.9999370827023678,7.09375,0.9999370827023678,1.0572687224669604,full
apps_python_225,425,,apps_python_225.txt,0.9997465410305344,4.09375,0.9997465410305344,1.0076335877862594,full
codecontests_cpp_225,426,,codecontests_cpp_225.txt,0.8648993884552597,3.09375,0.9956399936868687,0.8686868686868687,full
codecontests_java_226,427,,codecontests_java_226.txt,0.9998582204182943,6.0,0.9998582204182943,1.015625,full
apps_python_227,428,,apps_python_227.txt,0.999744873046875,6.25,0.999744873046875,1.17,full
codecontests_java_227,429,,codecontests_java_227.txt,0.8050313255710623,4.09375,0.999612356870229,0.8053435114503816,full
codecontests_java_228,430,,codecontests_java_228.txt,0.8957807744511108,6.3125,0.9997111405476485,0.8960396039603961,full
apps_python_229,431,,apps_python_229.txt,0.985445205479452,2.28125,0.985445205479452,1.2671232876712328,full
apps_python_230,432,,apps_python_230.txt,0.9995908994932432,2.890625,0.9995908994932432,1.0,full
codecontests_java_230,433,,codecontests_java_230.txt,0.9985816592261905,2.625,0.9985816592261905,1.2142857142857142,full
mbpp_python_230,434,,mbpp_python_230.txt,0.9997845818014706,4.78125,0.9997845818014706,1.026143790849673,full
apps_python_231,435,,apps_python_231.txt,0.998849529109589,3.421875,0.998849529109589,1.0,full
codecontests_java_231,436,,codecontests_java_231.txt,0.967115258422584,4.8125,0.9995687905844156,0.9675324675324676,full
apps_python_232,437,,apps_python_232.txt,0.9633961296995209,3.890625,0.999523484563253,0.963855421686747,full
apps_python_233,438,,apps_python_233.txt,0.8449397882766272,4.0625,0.9985652043269231,0.8461538461538461,full
codecontests_java_233,439,,codecontests_java_233.txt,0.9516406469723018,10.375,0.9998249835278614,0.9518072289156626,full
codecontests_cpp_235,440,,codecontests_cpp_235.txt,0.9540913424744898,2.734375,0.9997963169642857,0.9542857142857143,full
codecontests_java_235,441,,codecontests_java_235.txt,0.8375708497600791,6.75,0.9995320638020834,0.8379629629629629,full
apps_python_236,442,,apps_python_236.txt,0.991234756097561,3.84375,0.991234756097561,1.2682926829268293,full
codecontests_cpp_236,443,,codecontests_cpp_236.txt,0.9994296183628318,3.53125,0.9994296183628318,1.0575221238938053,full
codecontests_java_236,444,,codecontests_java_236.txt,0.9549851364135742,12.5,0.9999844360351563,0.955,full
codecontests_java_237,445,,codecontests_java_237.txt,0.9984441207627118,7.375,0.9984441207627118,1.1016949152542372,full
apps_python_238,446,,apps_python_238.txt,0.999908877090669,4.4375,0.999908877090669,1.0352112676056338,full
codecontests_java_238,447,,codecontests_java_238.txt,0.9970077123397436,4.875,0.9970077123397436,1.2692307692307692,full
apps_python_239,448,,apps_python_239.txt,0.9998796018835616,4.5625,0.9998796018835616,1.0753424657534247,full
codecontests_java_239,449,,codecontests_java_239.txt,0.7681863475146778,3.765625,0.9900155601659751,0.7759336099585062,full
apps_python_240,450,,apps_python_240.txt,0.9050578225506098,4.1875,0.9981707672574627,0.9067164179104478,full
codecontests_java_240,451,,codecontests_java_240.txt,0.9266317884657118,9.375,0.9999623616536458,0.9266666666666666,full
codecontests_java_241,452,,codecontests_java_241.txt,0.9995870258084577,6.28125,0.9995870258084577,1.064676616915423,full
apps_python_242,453,,apps_python_242.txt,0.9996628534226191,5.25,0.9996628534226191,1.0297619047619047,full
codecontests_cpp_242,454,,codecontests_cpp_242.txt,0.9997315425796812,1.9609375,0.9997315425796812,1.0677290836653386,full
codecontests_java_243,455,,codecontests_java_243.txt,0.9246010976294949,4.5625,0.99993896484375,0.9246575342465754,full
apps_python_245,456,,apps_python_245.txt,0.9670654813472236,3.328125,0.9999269297425176,0.9671361502347418,full
codecontests_cpp_245,457,,codecontests_cpp_245.txt,0.7649219746492347,4.375,0.9961774553571429,0.7678571428571429,full
mbpp_python_245,458,,mbpp_python_245.txt,0.8207875465860173,7.0,0.9992196219308036,0.8214285714285714,full
codecontests_cpp_246,459,,codecontests_cpp_246.txt,0.99984130859375,5.625,0.99984130859375,1.0777777777777777,full
codecontests_java_246,460,,codecontests_java_246.txt,0.9693186266230623,12.25,0.9999286885164222,0.9693877551020408,full
codecontests_java_247,461,,codecontests_java_247.txt,0.942870345641219,5.53125,0.9993296477754238,0.943502824858757,full
codecontests_cpp_248,462,,codecontests_cpp_248.txt,0.7575124623824139,3.5,0.9981340680803571,0.7589285714285714,full
codecontests_java_248,463,,codecontests_java_248.txt,0.8733701099155198,6.4375,0.9995235702366505,0.8737864077669902,full
apps_python_249,464,,apps_python_249.txt,0.9989031363224637,4.3125,0.9989031363224637,1.0797101449275361,full
codecontests_java_249,465,,codecontests_java_249.txt,0.8083718643707483,6.5625,0.9985770089285714,0.8095238095238095,full
codecontests_java_250,466,,codecontests_java_250.txt,0.9947150735294118,7.4375,0.9947150735294118,1.226890756302521,full
apps_python_251,467,,apps_python_251.txt,0.9709832543039307,3.265625,0.9996822667464115,0.9712918660287081,full
codecontests_java_251,468,,codecontests_java_251.txt,0.823547103086026,6.5625,0.9996814546130952,0.8238095238095238,full
apps_python_252,469,,apps_python_252.txt,0.9998208207693714,5.34375,0.9998208207693714,1.2163742690058479,full
codecontests_java_252,470,,codecontests_java_252.txt,0.9998902134925315,4.96875,0.9998902134925315,1.0440251572327044,full
apps_python_253,471,,apps_python_253.txt,0.9981216357655502,1.6328125,0.9981216357655502,1.0,full
codecontests_cpp_253,472,,codecontests_cpp_253.txt,0.9975548664122137,4.09375,0.9975548664122137,1.1297709923664123,full
codecontests_java_253,473,,codecontests_java_253.txt,0.8778568712695133,10.3125,0.9989405776515151,0.8787878787878788,full
apps_python_254,474,,apps_python_254.txt,0.9404821459190672,8.4375,0.9997251157407407,0.9407407407407408,full
codecontests_cpp_254,475,,codecontests_cpp_254.txt,0.7932374372104076,4.46875,0.9994092821241258,0.7937062937062938,full
codecontests_cpp_255,476,,codecontests_cpp_255.txt,0.9993480175216763,5.40625,0.9993480175216763,1.0115606936416186,full
codecontests_java_255,477,,codecontests_java_255.txt,0.9074181482632357,7.625,0.9973424692622951,0.9098360655737705,full
apps_python_256,478,,apps_python_256.txt,0.9996637584206587,5.21875,0.9996637584206587,1.1317365269461077,full
codecontests_cpp_256,479,,codecontests_cpp_256.txt,0.9999193623118157,2.140625,0.9999193623118157,1.0656934306569343,full
codecontests_java_256,480,,codecontests_java_256.txt,0.8823019025510019,9.5625,0.9999421562244689,0.8823529411764706,full
codecontests_cpp_257,481,,codecontests_cpp_257.txt,0.9999121463660038,4.125,0.9999121463660038,1.0,full
apps_python_258,482,,apps_python_258.txt,0.997976618705036,4.34375,0.997976618705036,1.064748201438849,full
codecontests_cpp_258,483,,codecontests_cpp_258.txt,0.9995593559451219,3.84375,0.9995593559451219,1.0,full
apps_python_259,484,,apps_python_259.txt,0.9956331073113207,3.3125,0.9956331073113207,1.1179245283018868,full
codecontests_java_259,485,,codecontests_java_259.txt,0.8853817505870831,12.5625,0.9997850104944029,0.8855721393034826,full
apps_python_260,486,,apps_python_260.txt,0.8833666623799726,4.21875,0.9979456018518519,0.8851851851851852,full
apps_python_261,487,,apps_python_261.txt,0.986353711790393,3.578125,0.986353711790393,1.1441048034934498,full
codecontests_cpp_261,488,,codecontests_cpp_261.txt,0.9421779313477693,4.40625,0.9988502881205674,0.9432624113475178,full
codecontests_java_261,489,,codecontests_java_261.txt,0.9041092451523546,5.9375,0.9987253289473684,0.9052631578947369,full
codecontests_cpp_262,490,,codecontests_cpp_262.txt,0.9996146696159639,2.59375,0.9996146696159639,1.0662650602409638,full
codecontests_java_262,491,,codecontests_java_262.txt,1.0,5.15625,1.0000713926373106,1.0424242424242425,full
apps_python_263,492,,apps_python_263.txt,0.9979693700396826,3.9375,0.9979693700396826,1.1031746031746033,full
codecontests_cpp_263,493,,codecontests_cpp_263.txt,0.9830508474576272,2.765625,0.9830508474576272,1.2429378531073447,full
codecontests_java_263,494,,codecontests_java_263.txt,0.9999762641059028,9.0,0.9999762641059028,1.1180555555555556,full
codecontests_cpp_264,495,,codecontests_cpp_264.txt,0.9993920736754967,4.71875,0.9993920736754967,1.0132450331125828,full
codecontests_cpp_265,496,,codecontests_cpp_265.txt,0.7688341556280258,2.234375,0.9994844023164335,0.7692307692307693,full
apps_python_266,497,,apps_python_266.txt,0.9040437503829523,5.28125,0.9985842732988166,0.9053254437869822,full
apps_python_267,498,,apps_python_267.txt,0.9473175321930281,2.421875,0.9988722278225807,0.9483870967741935,full
codecontests_java_267,499,,codecontests_java_267.txt,0.9994762073863637,2.578125,0.9994762073863637,1.0363636363636364,full
codecontests_java_268,500,,codecontests_java_268.txt,0.9370364828609443,7.46875,0.999784461623954,0.9372384937238494,full
apps_python_270,501,,apps_python_270.txt,0.9985485338184932,4.5625,0.9985485338184932,1.0684931506849316,full
mbpp_python_271,502,,mbpp_python_271.txt,0.9998183831935976,5.125,0.9998183831935976,1.0853658536585367,full
codecontests_cpp_272,503,,codecontests_cpp_272.txt,0.9993954613095238,3.609375,0.9993954613095238,1.0303030303030303,full
codecontests_java_272,504,,codecontests_java_272.txt,0.9999783208461407,11.4375,0.9999783208461407,1.0218579234972678,full
apps_python_273,505,,apps_python_273.txt,0.9990445143884892,2.171875,0.9990445143884892,1.0215827338129497,full
mbpp_python_273,506,,mbpp_python_273.txt,0.9825078616352201,2.484375,0.9825078616352201,1.1446540880503144,full
codecontests_cpp_274,507,,codecontests_cpp_274.txt,0.8269394814588755,3.078125,0.9994299254441624,0.8274111675126904,full
codecontests_java_274,508,,codecontests_java_274.txt,0.9539643282387958,7.53125,0.9995887091545643,0.9543568464730291,full
codecontests_java_275,509,,codecontests_java_275.txt,0.9947916666666666,3.046875,0.9947916666666666,1.2153846153846153,full
codecontests_cpp_276,510,,codecontests_cpp_276.txt,0.9999274553571429,2.734375,0.9999274553571429,1.0285714285714285,full
codecontests_java_276,511,,codecontests_java_276.txt,0.9137037254559334,6.53125,0.9998119299491627,0.9138755980861244,full
mbpp_python_276,512,,mbpp_python_276.txt,0.9998771761670525,5.0625,0.9998771761670525,1.1358024691358024,full
apps_python_277,513,,apps_python_277.txt,0.8372021559819383,4.28125,0.997362568430657,0.8394160583941606,full
codecontests_java_277,514,,codecontests_java_277.txt,0.9135679587339743,9.75,0.9966195913461539,0.9166666666666666,full
codecontests_java_278,515,,codecontests_java_278.txt,0.9990023606115108,4.34375,0.9990023606115108,1.0719424460431655,full
apps_python_279,516,,apps_python_279.txt,0.9999019592765748,3.96875,0.9999019592765748,1.236220472440945,full
codecontests_cpp_279,517,,codecontests_cpp_279.txt,0.9737259274574669,7.1875,0.9998078719429347,0.9739130434782609,full
codecontests_java_279,518,,codecontests_java_279.txt,0.9108393459434124,12.625,0.999943195003094,0.9108910891089109,full
apps_python_280,519,,apps_python_280.txt,0.9998669158247181,4.15625,0.9998669158247181,1.0075187969924813,full
codecontests_java_280,520,,codecontests_java_280.txt,0.706648719312491,5.1875,0.9983292545180723,0.7078313253012049,full
codecontests_cpp_281,521,,codecontests_cpp_281.txt,0.9185299015045166,5.0,0.9997604370117188,0.91875,full
codecontests_java_283,522,,codecontests_java_283.txt,0.7833254131655265,10.25,0.9958555640243902,0.7865853658536586,full
apps_python_284,523,,apps_python_284.txt,0.9247164266871014,6.6875,0.9994409864193925,0.9252336448598131,full
codecontests_cpp_284,524,,codecontests_cpp_284.txt,0.9927302422430354,8.625,0.9999764483907948,0.9927536231884058,full
codecontests_java_284,525,,codecontests_java_284.txt,0.889389129405172,12.4375,0.9999346709131596,0.8894472361809045,full
apps_python_285,526,,apps_python_285.txt,0.9968067956349206,3.9375,0.9968067956349206,1.4285714285714286,full
codecontests_cpp_285,527,,codecontests_cpp_285.txt,0.9981386325503355,2.328125,0.9981386325503355,1.0939597315436242,full
mbpp_python_285,528,,mbpp_python_285.txt,0.9993360918972332,3.953125,0.9993360918972332,1.0,full
codecontests_java_286,529,,codecontests_java_286.txt,0.9566851265822784,2.46875,0.9566851265822784,2.1645569620253164,full
codecontests_java_287,530,,codecontests_java_287.txt,0.9993375547372612,9.8125,0.9993375547372612,1.0509554140127388,full
apps_python_288,531,,apps_python_288.txt,0.9995325854700855,3.65625,0.9995325854700855,1.1452991452991452,full
codecontests_cpp_288,532,,codecontests_cpp_288.txt,0.9999571986168435,4.96875,0.9999571986168435,1.0440251572327044,full
codecontests_java_288,533,,codecontests_java_288.txt,0.8852668951365573,11.0,0.9987626509232954,0.8863636363636364,full
codecontests_java_289,534,,codecontests_java_289.txt,0.8560251471606648,5.9375,0.9978207236842105,0.8578947368421053,full
codecontests_java_290,535,,codecontests_java_290.txt,0.877109305328478,5.4375,0.9974968570402298,0.8793103448275862,full
apps_python_291,536,,apps_python_291.txt,0.9997682996616242,4.90625,0.9997682996616242,1.0445859872611465,full
codecontests_java_291,537,,codecontests_java_291.txt,0.9983611709770115,5.4375,0.9983611709770115,1.1379310344827587,full
mbpp_python_291,538,,mbpp_python_291.txt,0.9998961331551535,3.5625,0.9998961331551535,1.0657894736842106,full
codecontests_cpp_292,539,,codecontests_cpp_292.txt,0.9997854831328452,3.734375,0.9997854831328452,1.0251046025104602,full
codecontests_java_292,540,,codecontests_java_292.txt,0.9999786553355311,10.8125,0.9999786553355311,1.1213872832369942,full
apps_python_293,541,,apps_python_293.txt,0.998477564102564,3.046875,0.998477564102564,1.0769230769230769,full
apps_python_294,542,,apps_python_294.txt,0.9149635212616889,2.921875,0.9947568516042781,0.9197860962566845,full
codecontests_cpp_294,543,,codecontests_cpp_294.txt,0.9992474197247706,3.40625,0.9992474197247706,1.073394495412844,full
codecontests_java_294,544,,codecontests_java_294.txt,0.9246896908027784,6.65625,0.9997913915786385,0.9248826291079812,full
apps_python_295,545,,apps_python_295.txt,0.9996027166193182,3.4375,0.9996027166193182,1.0363636363636364,full
apps_python_296,546,,apps_python_296.txt,0.9995737884004238,3.6875,0.9995737884004238,1.0127118644067796,full
codecontests_cpp_296,547,,codecontests_cpp_296.txt,0.997002963362069,1.8125,0.997002963362069,1.1637931034482758,full
apps_python_297,548,,apps_python_297.txt,0.9999754968350821,4.28125,0.9999754968350821,1.2043795620437956,full
codecontests_cpp_297,549,,codecontests_cpp_297.txt,0.9381401583095224,2.78125,0.9999338214317065,0.9382022471910112,full
codecontests_java_297,550,,codecontests_java_297.txt,0.9450598648481162,8.0625,0.9992846111918605,0.9457364341085271,full
apps_python_298,551,,apps_python_298.txt,0.982541316389844,5.375,0.9999828782192496,0.9825581395348837,full
codecontests_java_298,552,,codecontests_java_298.txt,0.8776744317914036,6.4375,0.9989001820388349,0.8786407766990292,full
codecontests_java_299,553,,codecontests_java_299.txt,0.9997797121946839,5.4375,0.9997797121946839,1.0172413793103448,full
mbpp_python_299,554,,mbpp_python_299.txt,0.9999559645684774,4.65625,0.9999559645684774,1.0469798657718121,full
apps_python_300,555,,apps_python_300.txt,0.9998602973090278,5.625,0.9998602973090278,1.0277777777777777,full
apps_python_301,556,,apps_python_301.txt,0.9521519124983109,4.65625,0.9990889786073825,0.9530201342281879,full
codecontests_cpp_301,557,,codecontests_cpp_301.txt,0.9714172682649518,4.46875,0.999371722027972,0.972027972027972,full
codecontests_java_301,558,,codecontests_java_301.txt,0.9235465929442339,9.8125,0.9999780351189291,0.9235668789808917,full
codecontests_java_302,559,,codecontests_java_302.txt,0.9499633979797363,10.0,0.9999614715576172,0.95,full
mbpp_python_302,560,,mbpp_python_302.txt,0.9749713611602783,3.75,0.9999706268310546,0.975,full
apps_python_303,561,,apps_python_303.txt,0.9309959137740969,4.15625,0.9985681978383458,0.9323308270676691,full
codecontests_java_303,562,,codecontests_java_303.txt,0.8797880208333333,4.6875,0.9997591145833333,0.88,full
codecontests_cpp_304,563,,codecontests_cpp_304.txt,0.8305700256741957,1.9609375,0.9974788346613546,0.8326693227091634,full
codecontests_java_304,564,,codecontests_java_304.txt,0.9719453034577547,5.625,0.9997151692708334,0.9722222222222222,full
mbpp_python_305,565,,mbpp_python_305.txt,0.9997516500538793,3.625,0.9997516500538793,1.0775862068965518,full
apps_python_306,566,,apps_python_306.txt,0.9533478260846767,6.03125,0.9999789697518621,0.9533678756476683,full
codecontests_java_307,567,,codecontests_java_307.txt,0.9701217729218152,5.25,0.9998801095145089,0.9702380952380952,full
apps_python_308,568,,apps_python_308.txt,0.9998207903922872,4.40625,0.9998207903922872,1.1560283687943262,full
codecontests_java_308,569,,codecontests_java_308.txt,0.9274503158682559,6.96875,0.9991372968049327,0.9282511210762332,full
mbpp_python_308,570,,mbpp_python_308.txt,0.9999171665736607,3.5,0.9999171665736607,1.09375,full
apps_python_309,571,,apps_python_309.txt,0.9579958756475093,3.453125,0.998665511877828,0.9592760180995475,full
codecontests_java_309,572,,codecontests_java_309.txt,0.845767448565478,3.859375,0.9995433483046559,0.8461538461538461,full
apps_python_310,573,,apps_python_310.txt,0.9961096290650406,1.921875,0.9961096290650406,1.0975609756097562,full
codecontests_cpp_310,574,,codecontests_cpp_310.txt,0.9986071977459017,3.8125,0.9986071977459017,1.1885245901639345,full
codecontests_java_310,575,,codecontests_java_310.txt,0.9639925842458902,8.6875,0.9999624567923786,0.9640287769784173,full
apps_python_311,576,,apps_python_311.txt,0.9957579185520362,3.453125,0.9957579185520362,1.1266968325791855,full
apps_python_312,577,,apps_python_312.txt,0.99987186408191,5.03125,0.99987186408191,1.031055900621118,full
codecontests_cpp_312,578,,codecontests_cpp_312.txt,0.8317602208964305,3.359375,0.9990416061046512,0.8325581395348837,full
codecontests_java_312,579,,codecontests_java_312.txt,0.9998817106263828,7.0625,0.9998817106263828,1.0575221238938053,full
apps_python_313,580,,apps_python_313.txt,0.9217446394409607,3.03125,0.9934358891752577,0.9278350515463918,full
codecontests_java_313,581,,codecontests_java_313.txt,0.8947255248178075,14.25,0.9999873512669614,0.8947368421052632,full
apps_python_314,582,,apps_python_314.txt,0.9986281622023809,3.9375,0.9986281622023809,1.0,full
codecontests_cpp_314,583,,codecontests_cpp_314.txt,0.9998407273065476,3.28125,0.9998407273065476,1.0238095238095237,full
codecontests_java_314,584,,codecontests_java_314.txt,0.8023267653651541,6.96875,0.999546752382287,0.8026905829596412,full
codecontests_cpp_315,585,,codecontests_cpp_315.txt,0.9935400053832149,2.640625,0.9994539339866864,0.9940828402366864,full
codecontests_java_315,586,,codecontests_java_315.txt,0.854377064611853,5.90625,0.9906580687830688,0.8624338624338624,full
apps_python_316,587,,apps_python_316.txt,0.9834864753560734,3.796875,0.9999465000482253,0.9835390946502057,full
apps_python_317,588,,apps_python_317.txt,0.9485552176339286,2.734375,0.99998291015625,0.9485714285714286,full
codecontests_cpp_317,589,,codecontests_cpp_317.txt,0.9322974495652828,2.546875,0.9997663439417178,0.9325153374233128,full
codecontests_java_317,590,,codecontests_java_317.txt,0.8927706364699806,5.84375,0.9996892755681818,0.893048128342246,full
codecontests_java_318,591,,codecontests_java_318.txt,0.9988674587673612,4.5,0.9988674587673612,1.0902777777777777,full
apps_python_319,592,,apps_python_319.txt,0.9940700301204819,2.59375,0.9940700301204819,1.1265060240963856,full
codecontests_java_319,593,,codecontests_java_319.txt,0.9907866379310345,4.53125,0.9907866379310345,1.1655172413793105,full
codecontests_cpp_320,594,,codecontests_cpp_320.txt,0.9888493586513482,5.71875,0.9997758709016393,0.9890710382513661,full
codecontests_java_320,595,,codecontests_java_320.txt,0.8582357765962093,6.6875,0.9981655227803738,0.8598130841121495,full
apps_python_321,596,,apps_python_321.txt,0.9989528426204819,2.59375,0.9989528426204819,1.0421686746987953,full
codecontests_java_321,597,,codecontests_java_321.txt,0.5566031463875258,3.4375,0.9996138139204546,0.5568181818181818,full
mbpp_python_321,598,,mbpp_python_321.txt,0.9972873263888888,2.53125,0.9972873263888888,1.3703703703703705,full
apps_python_322,599,,apps_python_322.txt,0.9998649434840425,3.671875,0.9998649434840425,1.0127659574468084,full
codecontests_cpp_322,600,,codecontests_cpp_322.txt,0.9996934557174888,3.484375,0.9996934557174888,1.0,full
apps_python_323,601,,apps_python_323.txt,0.9997052228009259,2.109375,0.9997052228009259,1.0814814814814815,full
codecontests_java_323,602,,codecontests_java_323.txt,0.872317389278636,4.65625,0.9998099307885906,0.87248322147651,full
apps_python_324,603,,apps_python_324.txt,0.9093526082631841,3.640625,0.9994299892703863,0.9098712446351931,full
apps_python_325,604,,apps_python_325.txt,0.9036235754985755,3.65625,0.9973958333333334,0.905982905982906,full
apps_python_326,605,,apps_python_326.txt,0.9967677156690141,4.4375,0.9967677156690141,1.2746478873239437,full
codecontests_java_326,606,,codecontests_java_326.txt,0.9714068665796397,8.75,0.9999776567731585,0.9714285714285714,full
codecontests_cpp_327,607,,codecontests_cpp_327.txt,0.9976963141025641,3.046875,0.9976963141025641,1.235897435897436,full
mbpp_python_327,608,,mbpp_python_327.txt,0.999720731227518,4.34375,0.999720731227518,1.064748201438849,full
apps_python_328,609,,apps_python_328.txt,0.9996147651176948,4.8125,0.9996147651176948,1.103896103896104,full
codecontests_cpp_328,610,,codecontests_cpp_328.txt,0.9367642981480276,3.71875,0.9997753495929622,0.9369747899159664,full
codecontests_cpp_329,611,,codecontests_cpp_329.txt,0.7796127091196109,2.59375,0.9955054593373494,0.7831325301204819,full
apps_python_330,612,,apps_python_330.txt,0.999962158203125,4.6875,0.999962158203125,1.12,full
codecontests_cpp_330,613,,codecontests_cpp_330.txt,0.9997131774475524,4.46875,0.9997131774475524,1.048951048951049,full
codecontests_java_330,614,,codecontests_java_330.txt,0.9999579125708276,5.6875,0.9999579125708276,1.021978021978022,full
apps_python_331,615,,apps_python_331.txt,0.8916714035904741,3.65625,0.9983306623931624,0.8931623931623932,full
codecontests_java_331,616,,codecontests_java_331.txt,0.9880666208791209,5.6875,0.9880666208791209,1.2417582417582418,full
codecontests_cpp_332,617,,codecontests_cpp_332.txt,0.9994539339866864,2.640625,0.9994539339866864,1.1183431952662721,full
codecontests_java_332,618,,codecontests_java_332.txt,0.9999131422776443,8.125,0.9999131422776443,1.1538461538461537,full
apps_python_333,619,,apps_python_333.txt,0.9999280747536307,3.765625,0.9999280747536307,1.0788381742738589,full
codecontests_java_333,620,,codecontests_java_333.txt,0.9933293044071779,9.5,0.9999076441714638,0.993421052631579,full
codecontests_java_334,621,,codecontests_java_334.txt,0.8868753502084232,11.0625,0.9998531018273306,0.8870056497175142,full
codecontests_cpp_335,622,,codecontests_cpp_335.txt,0.9728753178523772,2.328125,0.9997132576552014,0.9731543624161074,full
mbpp_python_335,623,,mbpp_python_335.txt,0.9814814814814815,5.0625,1.000035415461034,0.9814814814814815,full
apps_python_336,624,,apps_python_336.txt,0.9854403409090909,2.75,0.9854403409090909,1.0738636363636365,full
codecontests_java_336,625,,codecontests_java_336.txt,0.9996442984271523,2.359375,0.9996442984271523,1.0529801324503312,full
codecontests_cpp_337,626,,codecontests_cpp_337.txt,0.9993561126373627,2.84375,0.9993561126373627,1.0494505494505495,full
apps_python_338,627,,apps_python_338.txt,0.9998375599778543,3.96875,0.9998375599778543,1.0551181102362204,full
codecontests_java_338,628,,codecontests_java_338.txt,0.8667481199062911,2.828125,0.9992446477900553,0.8674033149171271,full
apps_python_339,629,,apps_python_339.txt,0.9998027473096026,4.71875,0.9998027473096026,1.0927152317880795,full
codecontests_cpp_339,630,,codecontests_cpp_339.txt,0.952045727106887,4.65625,0.9989775587248322,0.9530201342281879,full
codecontests_java_339,631,,codecontests_java_339.txt,0.9914354946524064,5.84375,0.9914354946524064,1.2780748663101604,full
codecontests_cpp_340,632,,codecontests_cpp_340.txt,0.9999060537300858,3.1875,0.9999060537300858,1.0637254901960784,full
codecontests_java_340,633,,codecontests_java_340.txt,0.8959761949356022,6.03125,0.9995572579339378,0.8963730569948186,full
apps_python_341,634,,apps_python_341.txt,0.9985608552631579,4.75,0.9985608552631579,1.111842105263158,full
codecontests_cpp_341,635,,codecontests_cpp_341.txt,0.9807252940341565,4.875,0.9999552017603165,0.9807692307692307,full
codecontests_java_341,636,,codecontests_java_341.txt,0.9978400735294117,5.3125,0.9978400735294117,1.0941176470588236,full
codecontests_cpp_342,637,,codecontests_cpp_342.txt,0.9998460036057693,4.0625,0.9998460036057693,1.0692307692307692,full
codecontests_java_343,638,,codecontests_java_343.txt,0.638669208010924,2.640625,0.9993990384615384,0.6390532544378699,full
codecontests_cpp_344,639,,codecontests_cpp_344.txt,0.9970871497844828,3.625,0.9970871497844828,1.0129310344827587,full
codecontests_java_344,640,,codecontests_java_344.txt,0.9985621675531915,7.34375,0.9985621675531915,1.0510638297872341,full
apps_python_345,641,,apps_python_345.txt,0.9613390240098032,3.6875,0.9994537870762712,0.961864406779661,full
codecontests_java_345,642,,codecontests_java_345.txt,0.997644168814433,6.0625,0.997644168814433,1.0360824742268042,full
apps_python_346,643,,apps_python_346.txt,0.9998927760768581,3.46875,0.9998927760768581,1.0990990990990992,full
codecontests_cpp_346,644,,codecontests_cpp_346.txt,0.9951645061728395,3.515625,0.9996072048611111,0.9955555555555555,full
codecontests_java_346,645,,codecontests_java_346.txt,0.8879531770062868,6.5,0.9983473557692307,0.8894230769230769,full
apps_python_347,646,,apps_python_347.txt,0.9996441981589147,4.03125,0.9996441981589147,1.0310077519379846,full
codecontests_cpp_347,647,,codecontests_cpp_347.txt,0.9999740672223445,3.328125,0.9999740672223445,1.0375586854460095,full
codecontests_java_347,648,,codecontests_java_347.txt,0.8472002082082832,7.4375,0.9981863839285714,0.8487394957983193,full
codecontests_java_348,649,,codecontests_java_348.txt,0.8995424517463235,5.3125,0.9994916130514706,0.9,full
codecontests_cpp_349,650,,codecontests_cpp_349.txt,0.9998704750119275,2.046875,0.9998704750119275,1.2290076335877862,full
codecontests_java_349,651,,codecontests_java_349.txt,0.9386758496074384,1.921875,0.9996288268546748,0.9390243902439024,full
codecontests_java_350,652,,codecontests_java_350.txt,0.9991167853860294,8.5,0.9991167853860294,1.0588235294117647,full
apps_python_351,653,,apps_python_351.txt,0.955264207359711,4.09375,0.9931715171755725,0.9618320610687023,full
apps_python_352,654,,apps_python_352.txt,0.9518072289156626,2.59375,1.0002470820783131,0.9518072289156626,full
codecontests_java_353,655,,codecontests_java_353.txt,0.8887869581228955,12.375,0.9998853278882576,0.8888888888888888,full
codecontests_cpp_354,656,,codecontests_cpp_354.txt,0.9744049072265625,3.125,0.9993896484375,0.975,full
apps_python_355,657,,apps_python_355.txt,0.9370266231979382,6.03125,0.9991499352331606,0.9378238341968912,full
codecontests_java_355,658,,codecontests_java_355.txt,0.6449364353179288,1.8046875,0.9932021103896104,0.6493506493506493,full
apps_python_356,659,,apps_python_356.txt,0.8696485927989039,3.296875,0.9972600710900474,0.8720379146919431,full
apps_python_357,660,,apps_python_357.txt,0.9975183823529412,2.65625,0.9975183823529412,1.1588235294117648,full
codecontests_cpp_357,661,,codecontests_cpp_357.txt,0.9984886532738095,2.625,0.9984886532738095,1.2023809523809523,full
codecontests_java_357,662,,codecontests_java_357.txt,0.9247760581711181,7.34375,0.9968916223404255,0.9276595744680851,full
codecontests_cpp_358,663,,codecontests_cpp_358.txt,0.9427247837611608,2.1875,0.999859619140625,0.9428571428571428,full
codecontests_java_358,664,,codecontests_java_358.txt,0.7327196814797141,5.5,0.9996795654296875,0.7329545454545454,full
apps_python_359,665,,apps_python_359.txt,0.8138635529381723,2.765625,0.986670197740113,0.8248587570621468,full
codecontests_java_359,666,,codecontests_java_359.txt,0.8409401020101186,4.34375,0.9990655912769785,0.841726618705036,full
apps_python_360,667,,apps_python_360.txt,0.9703733766233766,2.40625,0.9703733766233766,1.155844155844156,full
codecontests_cpp_360,668,,codecontests_cpp_360.txt,0.998654064119171,3.015625,0.998654064119171,1.1243523316062176,full
codecontests_java_360,669,,codecontests_java_360.txt,0.9993767466971545,7.6875,0.9993767466971545,1.032520325203252,full
apps_python_361,670,,apps_python_361.txt,0.9987636181192661,3.40625,0.9987636181192661,1.0871559633027523,full
codecontests_cpp_361,671,,codecontests_cpp_361.txt,0.9970792717889908,3.40625,0.9970792717889908,1.0779816513761469,full
codecontests_java_361,672,,codecontests_java_361.txt,0.8254345272376409,6.6875,0.9979829877336449,0.8271028037383178,full
codecontests_cpp_362,673,,codecontests_cpp_362.txt,0.8164407349877629,4.09375,0.9995676288167938,0.816793893129771,full
apps_python_363,674,,apps_python_363.txt,0.9889089241375989,5.65625,0.9999581858598067,0.988950276243094,full
codecontests_java_363,675,,codecontests_java_363.txt,0.9616084600200374,3.71875,0.9994009322478992,0.9621848739495799,full
codecontests_java_364,676,,codecontests_java_364.txt,0.8261274524451881,7.5625,0.9946410123966942,0.8305785123966942,full
mbpp_python_364,677,,mbpp_python_364.txt,0.9998982747395834,3.46875,0.9998982747395834,1.0225225225225225,full
apps_python_365,678,,apps_python_365.txt,0.9999642956398221,3.953125,0.9999642956398221,1.0671936758893281,full
codecontests_cpp_365,679,,codecontests_cpp_365.txt,0.9889901791584484,6.09375,0.999238782051282,0.9897435897435898,full
codecontests_java_365,680,,codecontests_java_365.txt,0.9999886989593506,10.0,0.9999886989593506,1.0125,full
apps_python_366,681,,apps_python_366.txt,0.793333714372809,3.796875,0.9591049382716049,0.8271604938271605,full
codecontests_cpp_366,682,,codecontests_cpp_366.txt,0.9998948503248762,6.3125,0.9998948503248762,1.0,full
apps_python_367,683,,apps_python_367.txt,0.9999932880643048,4.9375,0.9999932880643048,1.1075949367088607,full
codecontests_cpp_367,684,,codecontests_cpp_367.txt,0.999851707175926,4.21875,0.999851707175926,1.0296296296296297,full
codecontests_java_367,685,,codecontests_java_367.txt,0.9441850450303819,6.75,0.999725341796875,0.9444444444444444,full
apps_python_368,686,,apps_python_368.txt,0.9930075966850829,2.828125,0.9930075966850829,1.3812154696132597,full
codecontests_cpp_368,687,,codecontests_cpp_368.txt,0.9990471117424242,5.15625,0.9990471117424242,1.1272727272727272,full
codecontests_java_368,688,,codecontests_java_368.txt,0.9999839252329128,11.6875,0.9999839252329128,1.0053475935828877,full
apps_python_369,689,,apps_python_369.txt,0.9494836809391659,6.1875,0.9999881320529513,0.9494949494949495,full
codecontests_cpp_369,690,,codecontests_cpp_369.txt,0.9997010842347757,4.875,0.9997010842347757,1.1153846153846154,full
apps_python_370,691,,apps_python_370.txt,0.9612461564381539,3.265625,0.9995047099282297,0.9617224880382775,full
codecontests_cpp_370,692,,codecontests_cpp_370.txt,0.999597588900862,4.53125,0.999597588900862,1.3517241379310345,full
apps_python_371,693,,apps_python_371.txt,0.9999583851207386,3.4375,0.9999583851207386,1.1545454545454545,full
codecontests_cpp_371,694,,codecontests_cpp_371.txt,0.9996641577743902,3.203125,0.9996641577743902,1.1170731707317074,full
codecontests_java_371,695,,codecontests_java_371.txt,0.9248836706819791,5.84375,0.9997297480782086,0.9251336898395722,full
apps_python_372,696,,apps_python_372.txt,0.9497345429996491,3.109375,0.9999850479202654,0.949748743718593,full
codecontests_cpp_372,697,,codecontests_cpp_372.txt,0.9998968276019874,3.734375,0.9998968276019874,1.0251046025104602,full
codecontests_java_372,698,,codecontests_java_372.txt,0.9394772560350878,11.375,0.9999114654876373,0.9395604395604396,full
apps_python_373,699,,apps_python_373.txt,0.9998164286140268,4.09375,0.9998164286140268,1.213740458015267,full
codecontests_cpp_373,700,,codecontests_cpp_373.txt,0.9839259784286551,4.03125,0.9994208757267442,0.9844961240310077,full
codecontests_java_373,701,,codecontests_java_373.txt,0.917507384624422,7.59375,0.9997950424382716,0.9176954732510288,full
apps_python_374,702,,apps_python_374.txt,0.8215893351800554,4.75,0.9756373355263158,0.8421052631578947,full
codecontests_java_374,703,,codecontests_java_374.txt,0.997283935546875,8.0,0.997283935546875,1.1640625,full
apps_python_375,704,,apps_python_375.txt,0.9998379794034091,3.4375,0.9998379794034091,1.0227272727272727,full
codecontests_cpp_375,705,,codecontests_cpp_375.txt,0.890102948731576,3.9375,0.9969153025793651,0.8928571428571429,full
codecontests_java_375,706,,codecontests_java_375.txt,0.846119384765625,10.0,0.9954345703125,0.85,full
apps_python_376,707,,apps_python_376.txt,0.9998498213918585,4.75,0.9998498213918585,1.0526315789473684,full
codecontests_java_376,708,,codecontests_java_376.txt,0.8962567283163265,5.46875,0.9990122767857142,0.8971428571428571,full
apps_python_378,709,,apps_python_378.txt,0.9942475110059128,3.640625,0.9985330606223176,0.9957081545064378,full
codecontests_java_378,710,,codecontests_java_378.txt,0.9999579851017442,6.71875,0.9999579851017442,1.1116279069767443,full
apps_python_379,711,,apps_python_379.txt,0.9879175101214575,3.859375,0.9879175101214575,1.1093117408906883,full
apps_python_380,712,,apps_python_380.txt,0.7437988556131545,4.5625,0.9962810359589042,0.7465753424657534,full
codecontests_cpp_380,713,,codecontests_cpp_380.txt,0.9998819102411685,5.75,0.9998819102411685,1.0978260869565217,full
mbpp_python_380,714,,mbpp_python_380.txt,0.9999109903971354,4.5,0.9999109903971354,1.0277777777777777,full
apps_python_381,715,,apps_python_381.txt,0.9210061964546965,4.4375,0.9983425946302817,0.9225352112676056,full
apps_python_382,716,,apps_python_382.txt,0.9888288551401869,3.34375,0.9888288551401869,1.3644859813084111,full
apps_python_383,717,,apps_python_383.txt,0.9584781380360559,3.03125,0.9997030041881443,0.9587628865979382,full
codecontests_cpp_383,718,,codecontests_cpp_383.txt,0.9607944815534369,4.9375,0.9987205795094937,0.9620253164556962,full
apps_python_384,719,,apps_python_384.txt,0.8983697635706528,3.703125,0.994923523206751,0.9029535864978903,full
apps_python_385,720,,apps_python_385.txt,0.9994992519946808,3.671875,0.9994992519946808,1.0170212765957447,full
codecontests_java_385,721,,codecontests_java_385.txt,0.9939236111111112,6.1875,0.9939236111111112,1.2323232323232323,full
apps_python_386,722,,apps_python_386.txt,0.8426342917114644,2.9375,0.996322307180851,0.8457446808510638,full
codecontests_cpp_386,723,,codecontests_cpp_386.txt,0.9866283257378472,4.6875,0.9999611409505208,0.9866666666666667,full
codecontests_java_386,724,,codecontests_java_386.txt,0.9969740316901409,8.875,0.9969740316901409,1.1126760563380282,full
apps_python_387,725,,apps_python_387.txt,0.9437117134608968,3.890625,0.9999328368160141,0.9437751004016064,full
codecontests_java_388,726,,codecontests_java_388.txt,0.698023356156632,4.40625,0.9941544769503546,0.7021276595744681,full
codecontests_cpp_390,727,,codecontests_cpp_390.txt,0.986229474319445,2.453125,0.9989550159235668,0.9872611464968153,full
codecontests_java_390,728,,codecontests_java_390.txt,0.8984366640546533,4.625,0.9997641073690878,0.8986486486486487,full
codecontests_cpp_391,729,,codecontests_cpp_391.txt,0.8137995001922338,1.9921875,0.997686887254902,0.8156862745098039,full
codecontests_java_391,730,,codecontests_java_391.txt,0.8644887491972012,10.75,0.9979333212209303,0.8662790697674418,full
apps_python_392,731,,apps_python_392.txt,0.9358038728874302,4.40625,0.9996086824024822,0.9361702127659575,full
codecontests_java_392,732,,codecontests_java_392.txt,0.8645203941398196,6.0,0.9999272028605143,0.8645833333333334,full
apps_python_393,733,,apps_python_393.txt,0.9997808617281626,5.1875,0.9997808617281626,1.0180722891566265,full
codecontests_cpp_393,734,,codecontests_cpp_393.txt,0.9993489583333334,3.5625,0.9993489583333334,1.0219298245614035,full
apps_python_394,735,,apps_python_394.txt,0.9997168472132731,3.03125,0.9997168472132731,1.2989690721649485,full
codecontests_java_394,736,,codecontests_java_394.txt,0.9251231451122228,6.71875,0.9995049055232558,0.9255813953488372,full
apps_python_395,737,,apps_python_395.txt,0.9138940881799769,4.5,0.9969753689236112,0.9166666666666666,full
codecontests_cpp_395,738,,codecontests_cpp_395.txt,0.84863037109375,3.75,0.998388671875,0.85,full
apps_python_396,739,,apps_python_396.txt,0.9971610314207651,5.71875,0.9971610314207651,1.0327868852459017,full
codecontests_java_396,740,,codecontests_java_396.txt,0.9986923042385057,2.71875,0.9986923042385057,1.1494252873563218,full
codecontests_cpp_397,741,,codecontests_cpp_397.txt,0.9130994897959184,4.375,0.9987025669642857,0.9142857142857143,full
codecontests_java_398,742,,codecontests_java_398.txt,0.929822198275862,2.71875,0.9986979166666666,0.9310344827586207,full
mbpp_python_399,743,,mbpp_python_399.txt,0.9999565548366971,4.5,0.9999565548366971,1.0625,full
codecontests_java_400,744,,codecontests_java_400.txt,0.8768357930380917,4.0625,0.9999004657451923,0.8769230769230769,full
codecontests_java_401,745,,codecontests_java_401.txt,0.988552807486631,5.84375,0.988552807486631,1.3262032085561497,full
apps_python_402,746,,apps_python_402.txt,0.8715755944617567,7.46875,0.996682139121339,0.8744769874476988,full
codecontests_cpp_402,747,,codecontests_cpp_402.txt,0.8306611133719574,6.46875,0.9996909910929952,0.8309178743961353,full
codecontests_java_402,748,,codecontests_java_402.txt,0.9555294184429656,8.4375,0.9999726472077546,0.9555555555555556,full
apps_python_403,749,,apps_python_403.txt,0.9999590587223508,3.796875,0.9999590587223508,1.045267489711934,full
mbpp_python_404,750,,mbpp_python_404.txt,0.8812436324679163,3.03125,0.9997734777706185,0.8814432989690721,full
apps_python_405,751,,apps_python_405.txt,0.9999964844946768,4.78125,0.9999964844946768,1.0326797385620916,full
apps_python_406,752,,apps_python_406.txt,0.99734375,3.515625,0.99734375,1.1555555555555554,full
mbpp_python_406,753,,mbpp_python_406.txt,0.999992210324071,7.4375,0.999992210324071,1.050420168067227,full
apps_python_407,754,,apps_python_407.txt,0.9575396644627238,3.0625,0.9982860331632653,0.9591836734693877,full
apps_python_408,755,,apps_python_408.txt,0.9953169427346155,3.953125,0.9992666131422925,0.9960474308300395,full
codecontests_cpp_408,756,,codecontests_cpp_408.txt,0.9746569369788328,3.703125,0.9999727015756856,0.9746835443037974,full
codecontests_java_408,757,,codecontests_java_408.txt,0.9999918282314499,6.59375,0.9999918282314499,1.061611374407583,full
mbpp_python_408,758,,mbpp_python_408.txt,0.999873046875,4.6875,0.999873046875,1.0333333333333334,full
apps_python_409,759,,apps_python_409.txt,0.9936474248115256,2.71875,0.9993910515445402,0.9942528735632183,full
codecontests_cpp_409,760,,codecontests_cpp_409.txt,0.9447419822708495,3.71875,0.9993270745798319,0.9453781512605042,full
apps_python_410,761,,apps_python_410.txt,0.9998384190066425,3.234375,0.9998384190066425,1.0724637681159421,full
codecontests_cpp_411,762,,codecontests_cpp_411.txt,0.9997846401803862,3.84375,0.9997846401803862,1.0203252032520325,full
codecontests_java_411,763,,codecontests_java_411.txt,0.9023639255099827,7.5,0.9980061848958334,0.9041666666666667,full
apps_python_412,764,,apps_python_412.txt,0.9998727958893108,3.34375,0.9998727958893108,1.1355140186915889,full
codecontests_java_412,765,,codecontests_java_412.txt,0.9999701556037454,8.5,0.9999701556037454,1.0661764705882353,full
codecontests_cpp_414,766,,codecontests_cpp_414.txt,0.9312773537679051,3.421875,0.9997536297802512,0.9315068493150684,full
codecontests_java_414,767,,codecontests_java_414.txt,0.8880863080027865,6.4375,0.9997037128337378,0.8883495145631068,full
apps_python_415,768,,apps_python_415.txt,0.9880308493589743,2.4375,0.9880308493589743,1.1538461538461537,full
codecontests_cpp_416,769,,codecontests_cpp_416.txt,0.9588865136647416,4.625,0.9994028452280406,0.9594594594594594,full
codecontests_java_416,770,,codecontests_java_416.txt,0.7961489662830411,6.625,0.9987194133254716,0.7971698113207547,full
mbpp_python_416,771,,mbpp_python_416.txt,0.9999369702308006,2.390625,0.9999369702308006,1.0784313725490196,full
apps_python_417,772,,apps_python_417.txt,0.9724239836772294,4.59375,0.9996246545493197,0.9727891156462585,full
codecontests_cpp_417,773,,codecontests_cpp_417.txt,0.9999569921050897,3.703125,0.9999569921050897,1.0253164556962024,full
apps_python_419,774,,apps_python_419.txt,0.8281808035714285,4.375,0.9743303571428571,0.85,full
mbpp_python_419,775,,mbpp_python_419.txt,0.9484434947470328,2.609375,0.9961639221556886,0.9520958083832335,full
codecontests_cpp_420,776,,codecontests_cpp_420.txt,0.9999147925046411,6.3125,0.9999147925046411,1.0297029702970297,full
codecontests_java_420,777,,codecontests_java_420.txt,0.8508143854408107,8.3125,0.9969895441729323,0.8533834586466166,full
mbpp_python_420,778,,mbpp_python_420.txt,0.999087000739645,2.640625,0.999087000739645,1.0769230769230769,full
apps_python_421,779,,apps_python_421.txt,0.9913258272058824,2.125,0.9913258272058824,1.4044117647058822,full
mbpp_python_421,780,,mbpp_python_421.txt,0.9991894145256917,3.953125,0.9991894145256917,1.0276679841897234,full
codecontests_cpp_422,781,,codecontests_cpp_422.txt,0.994809352075592,6.125,0.9999109384964924,0.9948979591836735,full
mbpp_python_422,782,,mbpp_python_422.txt,0.9985411108993902,2.5625,0.9985411108993902,1.0853658536585367,full
codecontests_cpp_423,783,,codecontests_cpp_423.txt,0.8695834695932082,5.34375,0.9979783442982456,0.8713450292397661,full
codecontests_java_423,784,,codecontests_java_423.txt,0.8777257055165817,8.75,0.9990373883928572,0.8785714285714286,full
codecontests_cpp_424,785,,codecontests_cpp_424.txt,0.8560534274193549,4.84375,0.99765625,0.8580645161290322,full
mbpp_python_424,786,,mbpp_python_424.txt,0.9706920903954802,2.765625,0.9706920903954802,1.305084745762712,full
apps_python_425,787,,apps_python_425.txt,0.9673507007674298,2.90625,0.9995957241263441,0.967741935483871,full
mbpp_python_425,788,,mbpp_python_425.txt,0.9986556412337663,3.609375,0.9986556412337663,1.1255411255411256,full
codecontests_cpp_426,789,,codecontests_cpp_426.txt,0.9751032770734424,1.9375,0.9992793913810484,0.9758064516129032,full
codecontests_java_426,790,,codecontests_java_426.txt,0.9313357660102184,12.75,0.9999605066636029,0.9313725490196079,full
codecontests_cpp_427,791,,codecontests_cpp_427.txt,0.9561474742848054,6.4375,0.999829338592233,0.9563106796116505,full
codecontests_java_427,792,,codecontests_java_427.txt,0.8547771416682326,6.03125,0.9878562176165803,0.8652849740932642,full
mbpp_python_427,793,,mbpp_python_427.txt,0.993533488292011,5.15625,0.9995916193181819,0.9939393939393939,full
codecontests_cpp_428,794,,codecontests_cpp_428.txt,0.9987842793367347,3.0625,0.9987842793367347,1.2755102040816326,full
codecontests_java_428,795,,codecontests_java_428.txt,0.9120726351151413,8.1875,0.9998453154818703,0.9122137404580153,full
apps_python_429,796,,apps_python_429.txt,0.7495691636029411,4.25,0.9994255514705882,0.75,full
codecontests_cpp_429,797,,codecontests_cpp_429.txt,0.9237219743829358,4.96875,0.9991278498427673,0.9245283018867925,full
codecontests_java_429,798,,codecontests_java_429.txt,0.8945264483422783,11.875,0.9997648540296052,0.8947368421052632,full
apps_python_430,799,,apps_python_430.txt,0.851053037920138,5.53125,0.9845515536723164,0.864406779661017,full
codecontests_cpp_430,800,,codecontests_cpp_430.txt,0.7536937014174669,2.53125,0.9926697530864198,0.7592592592592593,full
codecontests_java_430,801,,codecontests_java_430.txt,0.7574838826545779,3.625,0.9985014816810345,0.7586206896551724,full
apps_python_431,802,,apps_python_431.txt,0.6511542948426119,2.90625,0.9968287970430108,0.6532258064516129,full
apps_python_432,803,,apps_python_432.txt,0.9995435138081395,3.359375,0.9995435138081395,1.0511627906976744,full
codecontests_cpp_432,804,,codecontests_cpp_432.txt,0.9999687781700721,4.0625,0.9999687781700721,1.0076923076923077,full
codecontests_java_433,805,,codecontests_java_433.txt,0.9014426542675894,2.390625,0.9994255514705882,0.9019607843137255,full
mbpp_python_433,806,,mbpp_python_433.txt,0.9998123468137254,3.984375,0.9998123468137254,1.0509803921568628,full
codecontests_java_434,807,,codecontests_java_434.txt,0.9240460147500096,9.875,0.999995002263709,0.9240506329113924,full
mbpp_python_434,808,,mbpp_python_434.txt,0.9991409491701245,3.765625,0.9991409491701245,1.004149377593361,full
apps_python_435,809,,apps_python_435.txt,0.9994111902573529,4.25,0.9994111902573529,1.0441176470588236,full
codecontests_java_435,810,,codecontests_java_435.txt,0.880822204801038,10.625,0.9982651654411765,0.8823529411764706,full
apps_python_436,811,,apps_python_436.txt,0.9996968363667582,2.84375,0.9996968363667582,1.0,full
codecontests_cpp_436,812,,codecontests_cpp_436.txt,0.8692013630678745,5.375,0.9966842296511628,0.872093023255814,full
codecontests_java_436,813,,codecontests_java_436.txt,0.99998411585073,7.625,0.99998411585073,1.0122950819672132,full
apps_python_437,814,,apps_python_437.txt,0.9993998986164122,4.09375,0.9993998986164122,1.0381679389312977,full
codecontests_java_437,815,,codecontests_java_437.txt,0.9418174733920973,14.0,0.9998441423688617,0.9419642857142857,full
mbpp_python_437,816,,mbpp_python_437.txt,0.9992816631610577,6.5,0.9992816631610577,1.125,full
codecontests_cpp_438,817,,codecontests_cpp_438.txt,0.9999373040231717,4.59375,0.9999373040231717,1.0204081632653061,full
codecontests_java_438,818,,codecontests_java_438.txt,0.7336819307166119,3.46875,0.9992477829391891,0.7342342342342343,full
mbpp_python_438,819,,mbpp_python_438.txt,0.9972312843406593,2.84375,0.9972312843406593,1.1923076923076923,full
apps_python_439,820,,apps_python_439.txt,0.9333932597731267,3.296875,0.99972577569609,0.933649289099526,full
codecontests_cpp_439,821,,codecontests_cpp_439.txt,0.8632657810347796,3.09375,0.9995709043560606,0.8636363636363636,full
codecontests_java_440,822,,codecontests_java_440.txt,0.9847086225173655,8.1875,0.9999754228664719,0.9847328244274809,full
apps_python_441,823,,apps_python_441.txt,0.999118557224026,4.8125,0.999118557224026,1.0454545454545454,full
codecontests_cpp_441,824,,codecontests_cpp_441.txt,0.9999723212663517,6.71875,0.9999723212663517,1.0,full
mbpp_python_442,825,,mbpp_python_442.txt,0.9650208390789268,4.5,0.9997338189019097,0.9652777777777778,full
codecontests_java_443,826,,codecontests_java_443.txt,0.7518919210199222,1.3203125,0.9966253698224852,0.7544378698224852,full
mbpp_python_443,827,,mbpp_python_443.txt,0.999147366751269,3.078125,0.999147366751269,1.1522842639593909,full
apps_python_444,828,,apps_python_444.txt,0.999893741904145,6.03125,0.999893741904145,1.0207253886010363,full
codecontests_java_444,829,,codecontests_java_444.txt,0.9163656105327146,6.78125,0.9992529521889401,0.9170506912442397,full
apps_python_445,830,,apps_python_445.txt,0.8866551666259767,9.375,0.9999870300292969,0.8866666666666667,full
codecontests_java_445,831,,codecontests_java_445.txt,0.9999801143523186,9.6875,0.9999801143523186,1.0064516129032257,full
mbpp_python_445,832,,mbpp_python_445.txt,0.9924987549800797,1.9609375,0.9924987549800797,1.250996015936255,full
apps_python_446,833,,apps_python_446.txt,0.8809301372017719,5.25,0.9999747503371466,0.8809523809523809,full
codecontests_cpp_446,834,,codecontests_cpp_446.txt,0.999800788031684,4.5,0.999800788031684,1.0486111111111112,full
codecontests_java_446,835,,codecontests_java_446.txt,0.8610605539483364,8.8125,0.9992554576684397,0.8617021276595744,full
mbpp_python_446,836,,mbpp_python_446.txt,0.9998648781446541,2.484375,0.9998648781446541,1.0880503144654088,full
codecontests_cpp_447,837,,codecontests_cpp_447.txt,0.7769483563946867,4.28125,0.9994546932025548,0.7773722627737226,full
codecontests_java_447,838,,codecontests_java_447.txt,0.9999901376119474,7.6875,0.9999901376119474,1.008130081300813,full
apps_python_448,839,,apps_python_448.txt,0.9992484047774869,2.984375,0.9992484047774869,1.1413612565445026,full
codecontests_java_448,840,,codecontests_java_448.txt,0.8882036267492563,6.71875,0.9998103651889535,0.8883720930232558,full
mbpp_python_448,841,,mbpp_python_448.txt,0.9780781281277704,2.921875,0.999456885026738,0.9786096256684492,full
mbpp_python_449,842,,mbpp_python_449.txt,0.9979413006756757,2.3125,0.9979413006756757,1.1689189189189189,full
mbpp_python_450,843,,mbpp_python_450.txt,0.9323529350687061,3.25,0.9996361365685096,0.9326923076923077,full
codecontests_cpp_451,844,,codecontests_cpp_451.txt,0.9976783608490566,2.484375,0.9976783608490566,1.119496855345912,full
codecontests_java_451,845,,codecontests_java_451.txt,0.8845298264987577,6.78125,0.9997029809907834,0.8847926267281107,full
mbpp_python_451,846,,mbpp_python_451.txt,0.9999336902006173,3.796875,0.9999336902006173,1.0864197530864197,full
codecontests_cpp_452,847,,codecontests_cpp_452.txt,0.9178076684474945,4.0,0.9998245239257812,0.91796875,full
codecontests_java_452,848,,codecontests_java_452.txt,0.9922982580421945,8.125,0.9999904926006611,0.9923076923076923,full
apps_python_453,849,,apps_python_453.txt,0.999595676611991,6.90625,0.999595676611991,1.1447963800904977,full
codecontests_java_453,850,,codecontests_java_453.txt,0.9999940624795698,7.46875,0.9999940624795698,1.0125523012552302,full
mbpp_python_453,851,,mbpp_python_453.txt,0.9997342114378078,3.171875,0.9997342114378078,1.0886699507389161,full
apps_python_454,852,,apps_python_454.txt,0.9973163167938931,4.09375,0.9973163167938931,1.1145038167938932,full
codecontests_cpp_454,853,,codecontests_cpp_454.txt,0.9990618176855895,3.578125,0.9990618176855895,1.0,full
codecontests_java_454,854,,codecontests_java_454.txt,0.9966871044303798,4.9375,0.9966871044303798,1.3037974683544304,full
apps_python_455,855,,apps_python_455.txt,0.944990234375,2.5,0.9947265625,0.95,full
codecontests_java_455,856,,codecontests_java_455.txt,0.6884844371195616,3.296875,0.9950014810426541,0.6919431279620853,full
mbpp_python_455,857,,mbpp_python_455.txt,0.9997983186141305,3.59375,0.9997983186141305,1.0,full
codecontests_java_456,858,,codecontests_java_456.txt,0.9986490885416667,5.625,0.9986490885416667,1.1277777777777778,full
mbpp_python_456,859,,mbpp_python_456.txt,0.997894287109375,4.0,0.997894287109375,1.109375,full
codecontests_cpp_457,860,,codecontests_cpp_457.txt,0.6408331927812448,1.8046875,0.9935064935064936,0.645021645021645,full
codecontests_java_457,861,,codecontests_java_457.txt,0.8855715942382811,10.0,0.9978271484375,0.8875,full
mbpp_python_457,862,,mbpp_python_457.txt,0.9015142897929043,2.75,0.9979026100852273,0.9034090909090909,full
apps_python_458,863,,apps_python_458.txt,0.9947916666666666,3.375,0.9947916666666666,1.2685185185185186,full
codecontests_cpp_458,864,,codecontests_cpp_458.txt,1.0,5.8125,1.0000321583081317,1.0591397849462365,full
apps_python_459,865,,apps_python_459.txt,0.8843562040863178,5.15625,0.9994436553030303,0.8848484848484849,full
codecontests_java_459,866,,codecontests_java_459.txt,0.9991685491967871,7.78125,0.9991685491967871,1.0763052208835342,full
codecontests_java_461,867,,codecontests_java_461.txt,0.9607516571784979,2.796875,0.9998520153194832,0.9608938547486033,full
apps_python_463,868,,apps_python_463.txt,0.7642681948774769,6.15625,0.9840577411167513,0.7766497461928934,full
codecontests_cpp_463,869,,codecontests_cpp_463.txt,0.9998068207675971,3.21875,0.9998068207675971,1.1893203883495145,full
apps_python_464,870,,apps_python_464.txt,0.9999564897896039,3.15625,0.9999564897896039,1.004950495049505,full
codecontests_java_464,871,,codecontests_java_464.txt,0.6559767251635931,3.203125,0.9961128048780488,0.6585365853658537,full
codecontests_java_465,872,,codecontests_java_465.txt,0.719889905133459,3.40625,0.9995923523509175,0.7201834862385321,full
apps_python_466,873,,apps_python_466.txt,0.9981834571678322,4.46875,0.9981834571678322,1.006993006993007,full
codecontests_java_466,874,,codecontests_java_466.txt,0.6366189485426398,2.78125,0.9983979985955056,0.6376404494382022,full
apps_python_468,875,,apps_python_468.txt,0.9793013671874999,3.125,0.999287109375,0.98,full
codecontests_cpp_468,876,,codecontests_cpp_468.txt,0.9982582957474226,1.515625,0.9982582957474226,1.0,full
apps_python_469,877,,apps_python_469.txt,0.9999714156621182,3.453125,0.9999714156621182,1.009049773755656,full
apps_python_470,878,,apps_python_470.txt,0.9198013890001603,4.9375,0.995401503164557,0.9240506329113924,full
codecontests_cpp_470,879,,codecontests_cpp_470.txt,0.8253035470974219,5.21875,0.9987369011976048,0.8263473053892215,full
codecontests_java_470,880,,codecontests_java_470.txt,0.9441882474922839,12.375,0.9997287326388888,0.9444444444444444,full
apps_python_472,881,,apps_python_472.txt,0.9998681434599156,7.40625,0.9998681434599156,1.0590717299578059,full
codecontests_java_472,882,,codecontests_java_472.txt,0.9972597947761194,6.28125,0.9972597947761194,1.1343283582089552,full
apps_python_473,883,,apps_python_473.txt,0.9905765169900211,3.703125,0.9990069554324894,0.9915611814345991,full
apps_python_474,884,,apps_python_474.txt,0.9997843174846626,5.09375,0.9997843174846626,1.0,full
apps_python_475,885,,apps_python_475.txt,0.9988945855034722,4.5,0.9988945855034722,1.0625,full
codecontests_java_475,886,,codecontests_java_475.txt,0.959988037109375,9.375,0.999987538655599,0.96,full
apps_python_476,887,,apps_python_476.txt,0.9968290441176471,3.984375,0.9968290441176471,1.003921568627451,full
codecontests_cpp_476,888,,codecontests_cpp_476.txt,0.985342254638672,5.0,0.99781494140625,0.9875,full
codecontests_java_476,889,,codecontests_java_476.txt,0.9241413616370066,6.78125,0.9977048531105991,0.9262672811059908,full
apps_python_477,890,,apps_python_477.txt,0.8194633152173912,4.3125,0.9833559782608695,0.8333333333333334,full
codecontests_cpp_477,891,,codecontests_cpp_477.txt,0.9607382087164233,4.03125,0.9994776526162791,0.9612403100775194,full
codecontests_cpp_479,892,,codecontests_cpp_479.txt,0.945299263946281,3.4375,0.9998357599431819,0.9454545454545454,full
codecontests_java_479,893,,codecontests_java_479.txt,0.9487056995519754,9.75,0.9999870887169471,0.9487179487179487,full
apps_python_480,894,,apps_python_480.txt,0.9945127895269668,3.3125,0.9992261202830188,0.9952830188679245,full
apps_python_481,895,,apps_python_481.txt,0.9992543488300493,6.34375,0.9992543488300493,1.1182266009852218,full
codecontests_cpp_481,896,,codecontests_cpp_481.txt,0.9869343000048777,4.84375,0.9998354019657258,0.9870967741935484,full
apps_python_482,897,,apps_python_482.txt,0.7572004132231406,5.15625,0.9915719696969697,0.7636363636363637,full
codecontests_java_482,898,,codecontests_java_482.txt,0.9940456081081082,5.78125,0.9940456081081082,1.3513513513513513,full
apps_python_483,899,,apps_python_483.txt,0.9993231745049505,3.15625,0.9993231745049505,1.0841584158415842,full
codecontests_cpp_483,900,,codecontests_cpp_483.txt,0.9999456296021911,5.4375,0.9999456296021911,1.0344827586206897,full
codecontests_java_483,901,,codecontests_java_483.txt,0.8832261036060474,11.25,0.9998786078559028,0.8833333333333333,full
apps_python_484,902,,apps_python_484.txt,0.9994166324013158,5.9375,0.9994166324013158,1.068421052631579,full
codecontests_cpp_485,903,,codecontests_cpp_485.txt,0.7686492119585069,3.65625,0.9937232905982906,0.7735042735042735,full
codecontests_java_485,904,,codecontests_java_485.txt,0.8772097274283862,9.1875,0.9919217687074829,0.8843537414965986,full
apps_python_486,905,,apps_python_486.txt,0.94740234375,3.125,0.997265625,0.95,full
codecontests_cpp_486,906,,codecontests_cpp_486.txt,0.9836578278368531,3.84375,0.9999166349085366,0.983739837398374,full
codecontests_java_486,907,,codecontests_java_486.txt,0.9999865154887355,10.75,0.9999865154887355,1.0,full
apps_python_487,908,,apps_python_487.txt,0.9586186418026449,2.78125,0.9978603405898876,0.9606741573033708,full
codecontests_java_487,909,,codecontests_java_487.txt,0.970282686229915,4.3125,0.9992463485054348,0.9710144927536232,full
codecontests_cpp_488,910,,codecontests_cpp_488.txt,0.9999095100668532,3.140625,0.9999095100668532,1.0696517412935322,full
codecontests_java_488,911,,codecontests_java_488.txt,0.8557527503188774,7.0,0.9983782087053571,0.8571428571428571,full
apps_python_489,912,,apps_python_489.txt,0.9997914138349514,3.21875,0.9997914138349514,1.1019417475728155,full
apps_python_490,913,,apps_python_490.txt,0.9534905993354109,7.53125,0.9990923236514523,0.9543568464730291,full
codecontests_cpp_490,914,,codecontests_cpp_490.txt,0.9998285370755058,2.703125,0.9998285370755058,1.0346820809248556,full
codecontests_java_490,915,,codecontests_java_490.txt,0.8488879038367324,5.1875,0.9993999435240963,0.8493975903614458,full
apps_python_491,916,,apps_python_491.txt,0.9552205585190022,7.6875,0.9999330101943598,0.9552845528455285,full
codecontests_java_491,917,,codecontests_java_491.txt,0.7642052608685698,6.53125,0.9982431220095693,0.7655502392344498,full
codecontests_cpp_492,918,,codecontests_cpp_492.txt,0.8792292863662121,4.53125,0.9999078158674569,0.8793103448275862,full
codecontests_java_492,919,,codecontests_java_492.txt,0.9999431501116072,10.9375,0.9999431501116072,1.1257142857142857,full
codecontests_cpp_493,920,,codecontests_cpp_493.txt,0.9997526679942811,4.78125,0.9997526679942811,1.0457516339869282,full
apps_python_494,921,,apps_python_494.txt,0.8811364619377162,3.1875,0.9986213235294118,0.8823529411764706,full
apps_python_495,922,,apps_python_495.txt,0.9989638910060976,2.5625,0.9989638910060976,1.0609756097560976,full
codecontests_java_495,923,,codecontests_java_495.txt,0.880866133217993,6.375,0.9983149509803921,0.8823529411764706,full
codecontests_java_496,924,,codecontests_java_496.txt,0.9160675917390424,8.9375,0.9999821802952906,0.916083916083916,full
apps_python_498,925,,apps_python_498.txt,0.9999459006569602,3.4375,0.9999459006569602,1.1318181818181818,full
apps_python_499,926,,apps_python_499.txt,0.952813200546603,5.96875,0.9999303368373691,0.9528795811518325,full
codecontests_java_499,927,,codecontests_java_499.txt,0.9990697400323276,3.625,0.9990697400323276,1.0344827586206897,full
apps_python_500,928,,apps_python_500.txt,0.9990234375,3.015625,0.9990234375,1.1295336787564767,full
codecontests_java_500,929,,codecontests_java_500.txt,0.96941061033173,14.3125,0.9999776115584061,0.9694323144104804,full
apps_python_501,930,,apps_python_501.txt,0.7919099599649163,2.9375,0.9859541223404256,0.8031914893617021,full
codecontests_cpp_502,931,,codecontests_cpp_502.txt,0.8915504896936338,5.5,0.9994451349431818,0.8920454545454546,full
codecontests_java_502,932,,codecontests_java_502.txt,0.9592624546255378,12.3125,0.9998661564086294,0.9593908629441624,full
apps_python_503,933,,apps_python_503.txt,0.9999491373697916,4.6875,0.9999491373697916,1.0466666666666666,full
codecontests_cpp_503,934,,codecontests_cpp_503.txt,0.7894725484296311,5.5,0.9996199174360796,0.7897727272727273,full
apps_python_504,935,,apps_python_504.txt,0.9992041230726872,3.546875,0.9992041230726872,1.1145374449339207,full
codecontests_cpp_504,936,,codecontests_cpp_504.txt,0.9977973568281938,3.546875,0.9977973568281938,1.0748898678414096,full
codecontests_java_505,937,,codecontests_java_505.txt,0.8844156956586006,7.84375,0.9999474757221115,0.8844621513944223,full
codecontests_cpp_508,938,,codecontests_cpp_508.txt,0.9156456651385452,4.90625,0.9983081210191083,0.9171974522292994,full
codecontests_java_508,939,,codecontests_java_508.txt,0.7901543152506506,5.84375,0.9983706550802139,0.7914438502673797,full
codecontests_java_509,940,,codecontests_java_509.txt,0.9420838519703975,7.59375,0.9996784979423868,0.9423868312757202,full
codecontests_cpp_510,941,,codecontests_cpp_510.txt,0.9794672526041667,4.6875,0.9994563802083334,0.98,full
codecontests_java_510,942,,codecontests_java_510.txt,0.9627804578358601,5.28125,0.9982202292899408,0.9644970414201184,full
codecontests_cpp_511,943,,codecontests_cpp_511.txt,0.9999524746016552,7.90625,0.9999524746016552,1.0276679841897234,full
codecontests_java_511,944,,codecontests_java_511.txt,0.9999702649238782,9.75,0.9999702649238782,1.0256410256410255,full
codecontests_cpp_512,945,,codecontests_cpp_512.txt,0.8933527306241427,8.4375,0.9967158564814815,0.8962962962962963,full
codecontests_java_512,946,,codecontests_java_512.txt,0.8359804961207012,12.0625,0.9959520725388601,0.8393782383419689,full
codecontests_java_513,947,,codecontests_java_513.txt,0.8695560970009325,2.28125,0.9996471666309932,0.8698630136986302,full
codecontests_cpp_515,948,,codecontests_cpp_515.txt,0.9946341223692388,3.8125,0.9987272669057377,0.9959016393442623,full
codecontests_java_515,949,,codecontests_java_515.txt,0.8724045768547113,7.375,0.9994537870762712,0.8728813559322034,full
codecontests_cpp_516,950,,codecontests_cpp_516.txt,0.9994413154069768,1.6796875,0.9994413154069768,1.2279069767441861,full
codecontests_java_516,951,,codecontests_java_516.txt,0.9341752070517749,9.5625,0.9995021446078431,0.934640522875817,full
codecontests_cpp_517,952,,codecontests_cpp_517.txt,0.8222149015536696,5.125,0.9988388433689024,0.823170731707317,full
codecontests_java_519,953,,codecontests_java_519.txt,0.7773841065598677,4.15625,0.9989573543233082,0.7781954887218046,full
codecontests_cpp_520,954,,codecontests_cpp_520.txt,0.9998903325534759,2.921875,0.9998903325534759,1.0160427807486632,full
codecontests_java_520,955,,codecontests_java_520.txt,0.8623478038233955,10.5625,0.9981971153846154,0.863905325443787,full
codecontests_java_521,956,,codecontests_java_521.txt,0.8512790089994331,1.640625,0.9987072172619048,0.8523809523809524,full
codecontests_java_522,957,,codecontests_java_522.txt,0.8504970913741157,7.15625,0.9987888919213974,0.851528384279476,full
codecontests_cpp_524,958,,codecontests_cpp_524.txt,0.829394409230529,4.59375,0.9993522799744898,0.8299319727891157,full
codecontests_java_524,959,,codecontests_java_524.txt,0.87615230343404,9.125,0.999361221104452,0.8767123287671232,full
codecontests_cpp_526,960,,codecontests_cpp_526.txt,0.9560140743147448,2.515625,0.9994692595108695,0.9565217391304348,full
codecontests_java_526,961,,codecontests_java_526.txt,0.80759517117561,5.71875,0.9985805157103825,0.8087431693989071,full
codecontests_cpp_527,962,,codecontests_cpp_527.txt,0.9746440299970591,3.15625,0.9993811881188119,0.9752475247524752,full
codecontests_java_527,963,,codecontests_java_527.txt,0.9202349853515626,10.0,0.9948486328125,0.925,full
codecontests_cpp_529,964,,codecontests_cpp_529.txt,0.9319291385105564,5.28125,0.9968102810650887,0.9349112426035503,full
codecontests_java_530,965,,codecontests_java_530.txt,0.6069003643373905,3.109375,0.9981253925879398,0.6080402010050251,full
codecontests_cpp_531,966,,codecontests_cpp_531.txt,0.9117213318504677,6.375,0.9999524284811581,0.9117647058823529,full
codecontests_java_531,967,,codecontests_java_531.txt,0.8725182095864662,8.3125,0.99609375,0.8759398496240601,full
codecontests_java_532,968,,codecontests_java_532.txt,0.9501983810719051,4.125,0.9994118430397727,0.9507575757575758,full
codecontests_cpp_534,969,,codecontests_cpp_534.txt,0.8423461679402153,2.390625,0.9990617340686274,0.8431372549019608,full
codecontests_java_534,970,,codecontests_java_534.txt,0.9534731463137802,8.0625,0.9999840314998183,0.9534883720930233,full
codecontests_cpp_535,971,,codecontests_cpp_535.txt,0.9276718174248867,3.9375,0.9990311879960317,0.9285714285714286,full
codecontests_java_535,972,,codecontests_java_535.txt,0.88007962041431,12.0,0.999853769938151,0.8802083333333334,full
codecontests_cpp_536,973,,codecontests_cpp_536.txt,0.7668186447612546,3.234375,0.9983110658212561,0.7681159420289855,full
codecontests_java_536,974,,codecontests_java_536.txt,0.9999822616577149,10.0,0.9999822616577149,1.0375,full
codecontests_cpp_538,975,,codecontests_cpp_538.txt,0.9230409520617604,3.046875,0.9999610314002404,0.9230769230769231,full
codecontests_java_538,976,,codecontests_java_538.txt,0.8532800127832691,6.625,0.9994218934257075,0.8537735849056604,full
codecontests_cpp_540,977,,codecontests_cpp_540.txt,0.9995811975049407,3.953125,0.9995811975049407,1.08300395256917,full
codecontests_java_540,978,,codecontests_java_540.txt,0.8330101102941178,10.625,0.997265625,0.8352941176470589,full
codecontests_cpp_541,979,,codecontests_cpp_541.txt,0.9994647686298077,2.4375,0.9994647686298077,1.108974358974359,full
codecontests_cpp_542,980,,codecontests_cpp_542.txt,0.8728297445904588,3.015625,0.9967818976683938,0.8756476683937824,full
codecontests_java_544,981,,codecontests_java_544.txt,0.9940942073055063,10.6875,0.9999418202896564,0.9941520467836257,full
codecontests_java_545,982,,codecontests_java_545.txt,0.9996489217458677,7.5625,0.9996489217458677,1.0495867768595042,full
codecontests_java_546,983,,codecontests_java_546.txt,0.893814896393228,11.8125,0.9995918072089947,0.8941798941798942,full
codecontests_java_547,984,,codecontests_java_547.txt,0.6391426224504452,3.6875,0.9923530190677966,0.6440677966101694,full
codecontests_cpp_550,985,,codecontests_cpp_550.txt,0.9999426196435255,5.21875,0.9999426196435255,1.0419161676646707,full
codecontests_java_550,986,,codecontests_java_550.txt,0.931156991390306,10.9375,0.9997084263392857,0.9314285714285714,full
codecontests_java_552,987,,codecontests_java_552.txt,0.9165477752685547,12.0,0.9998703002929688,0.9166666666666666,full
codecontests_java_553,988,,codecontests_java_553.txt,0.999613179788961,4.8125,0.999613179788961,1.0129870129870129,full
codecontests_cpp_554,989,,codecontests_cpp_554.txt,0.9955261467570358,3.859375,0.9995730010121457,0.9959514170040485,full
codecontests_java_554,990,,codecontests_java_554.txt,0.9999782017299107,9.625,0.9999782017299107,1.0584415584415585,full
codecontests_java_555,991,,codecontests_java_555.txt,0.8763975,3.90625,0.99590625,0.88,full
codecontests_java_556,992,,codecontests_java_556.txt,0.999986572265625,7.8125,0.999986572265625,1.008,full
codecontests_cpp_557,993,,codecontests_cpp_557.txt,0.5919067215363512,2.53125,0.9988425925925926,0.5925925925925926,full
codecontests_java_557,994,,codecontests_java_557.txt,0.9938210227272727,6.875,0.9938210227272727,1.209090909090909,full
codecontests_cpp_558,995,,codecontests_cpp_558.txt,0.9999376998664183,6.03125,0.9999376998664183,1.0103626943005182,full
codecontests_java_558,996,,codecontests_java_558.txt,0.999990058667732,12.375,0.999990058667732,1.0101010101010102,full
codecontests_java_559,997,,codecontests_java_559.txt,0.999298580109127,7.875,0.999298580109127,1.007936507936508,full
codecontests_cpp_560,998,,codecontests_cpp_560.txt,0.9969720008389261,2.328125,0.9969720008389261,1.0402684563758389,full
codecontests_java_560,999,,codecontests_java_560.txt,0.9383557923446745,12.1875,0.9998873197115384,0.9384615384615385,full
codecontests_java_561,1000,,codecontests_java_561.txt,0.5049862079171785,3.703125,0.993209388185654,0.5084388185654009,full
codecontests_java_562,1001,,codecontests_java_562.txt,0.9998890674897354,8.5625,0.9998890674897354,1.167883211678832,full
codecontests_java_563,1002,,codecontests_java_563.txt,0.8897733688354492,6.0,0.9990437825520834,0.890625,full
codecontests_java_564,1003,,codecontests_java_564.txt,0.8614300990003846,7.96875,0.9984757965686275,0.8627450980392157,full
codecontests_cpp_565,1004,,codecontests_cpp_565.txt,0.9843899848153871,4.28125,0.9989735401459854,0.9854014598540146,full
codecontests_java_565,1005,,codecontests_java_565.txt,0.9999257898540749,7.09375,0.9999257898540749,1.118942731277533,full
codecontests_cpp_566,1006,,codecontests_cpp_566.txt,0.7735662132831558,4.5625,0.9994749304366438,0.773972602739726,full
codecontests_java_566,1007,,codecontests_java_566.txt,0.9597899060138431,12.4375,0.9999905303495014,0.9597989949748744,full
codecontests_cpp_567,1008,,codecontests_cpp_567.txt,0.9819856801180573,5.21875,0.9999488328031437,0.9820359281437125,full
codecontests_java_567,1009,,codecontests_java_567.txt,0.9315862667483074,14.625,0.9999595707298344,0.9316239316239316,full
codecontests_java_570,1010,,codecontests_java_570.txt,0.9360328833868599,13.6875,0.9999570803010844,0.9360730593607306,full
codecontests_java_571,1011,,codecontests_java_571.txt,0.9985094572368421,7.125,0.9985094572368421,1.1096491228070176,full
codecontests_java_572,1012,,codecontests_java_572.txt,0.9759710633385299,7.875,0.9997752356150794,0.9761904761904762,full
codecontests_cpp_573,1013,,codecontests_cpp_573.txt,0.9260520618998628,4.21875,0.9961516203703704,0.9296296296296296,full
codecontests_java_573,1014,,codecontests_java_573.txt,0.9504387216211868,6.96875,0.9950602578475336,0.9551569506726457,full
codecontests_cpp_574,1015,,codecontests_cpp_574.txt,0.9996058716367713,3.484375,0.9996058716367713,1.0852017937219731,full
codecontests_java_574,1016,,codecontests_java_574.txt,0.9321186697843351,10.1875,0.9995746261503068,0.9325153374233128,full
codecontests_java_575,1017,,codecontests_java_575.txt,0.9344227064727268,6.6875,0.9998322959258178,0.9345794392523364,full
codecontests_cpp_576,1018,,codecontests_cpp_576.txt,0.9930186336830499,2.703125,0.9987919978323699,0.9942196531791907,full
codecontests_java_576,1019,,codecontests_java_576.txt,0.7057670454545455,3.4375,0.9953125,0.7090909090909091,full
codecontests_java_577,1020,,codecontests_java_577.txt,0.949500558845973,12.4375,0.9997386836526382,0.949748743718593,full
codecontests_java_578,1021,,codecontests_java_578.txt,0.9992878343340611,7.15625,0.9992878343340611,1.0305676855895196,full
codecontests_cpp_579,1022,,codecontests_cpp_579.txt,0.9881141567866434,2.765625,0.9994068900070622,0.9887005649717514,full
codecontests_java_580,1023,,codecontests_java_580.txt,0.8895143546206511,4.28125,0.9988808736313869,0.8905109489051095,full
codecontests_java_581,1024,,codecontests_java_581.txt,0.8945884272302317,6.53125,0.9998341245514354,0.8947368421052632,full
codecontests_cpp_582,1025,,codecontests_cpp_582.txt,0.9627305433262014,3.390625,0.9995814732142857,0.9631336405529954,full
codecontests_java_583,1026,,codecontests_java_583.txt,0.8228508245561823,4.34375,0.9945762140287769,0.8273381294964028,full
codecontests_java_584,1027,,codecontests_java_584.txt,0.8813995257683117,5.28125,0.9997081869452663,0.8816568047337278,full
codecontests_cpp_586,1028,,codecontests_cpp_586.txt,0.949305141403988,3.71875,0.9997107241334033,0.9495798319327731,full
codecontests_cpp_588,1029,,codecontests_cpp_588.txt,0.9999723822822398,6.90625,0.9999723822822398,1.0271493212669682,full
codecontests_java_588,1030,,codecontests_java_588.txt,0.7951209677419354,9.6875,0.978125,0.8129032258064516,full
codecontests_cpp_589,1031,,codecontests_cpp_589.txt,0.9994722616792929,3.09375,0.9994722616792929,1.1313131313131313,full
codecontests_java_589,1032,,codecontests_java_589.txt,0.9822499185977851,5.375,0.9996863076853197,0.9825581395348837,full
codecontests_cpp_590,1033,,codecontests_cpp_590.txt,0.9998201069078947,2.96875,0.9998201069078947,1.105263157894737,full
codecontests_java_590,1034,,codecontests_java_590.txt,0.9965173192771084,5.1875,0.9965173192771084,1.2951807228915662,full
codecontests_java_591,1035,,codecontests_java_591.txt,0.7976957653835768,6.65625,0.9994658707453051,0.7981220657276995,full
codecontests_cpp_592,1036,,codecontests_cpp_592.txt,0.9188746015154428,4.78125,0.9970766952614379,0.9215686274509803,full
codecontests_java_592,1037,,codecontests_java_592.txt,0.878634661612426,4.875,0.9932391826923077,0.8846153846153846,full
codecontests_cpp_593,1038,,codecontests_cpp_593.txt,0.9988892942994505,2.84375,0.9988892942994505,1.043956043956044,full
codecontests_java_593,1039,,codecontests_java_593.txt,0.8522153150536773,7.40625,0.9998763844936709,0.8523206751054853,full
codecontests_cpp_595,1040,,codecontests_cpp_595.txt,0.9998794004141566,5.1875,0.9998794004141566,1.036144578313253,full
codecontests_java_595,1041,,codecontests_java_595.txt,0.9508029439164608,11.4375,0.9999824065328295,0.9508196721311475,full
codecontests_java_596,1042,,codecontests_java_596.txt,0.9959741702754794,7.78125,0.9999901951556225,0.9959839357429718,full
codecontests_cpp_598,1043,,codecontests_cpp_598.txt,0.999704120964404,2.359375,0.999704120964404,1.0066225165562914,full
codecontests_java_599,1044,,codecontests_java_599.txt,0.9247924089431763,8.0,0.998931884765625,0.92578125,full
codecontests_java_600,1045,,codecontests_java_600.txt,0.8204182461168639,8.125,0.9967698317307693,0.823076923076923,full
codecontests_cpp_601,1046,,codecontests_cpp_601.txt,0.8068897540170601,6.65625,0.9992297535211268,0.8075117370892019,full
codecontests_java_601,1047,,codecontests_java_601.txt,0.9382235284731748,15.1875,0.9999487606095679,0.9382716049382716,full
codecontests_java_602,1048,,codecontests_java_602.txt,0.99724595323741,4.34375,0.99724595323741,1.5755395683453237,full
codecontests_java_603,1049,,codecontests_java_603.txt,0.9998528230274822,8.8125,0.9998528230274822,1.1134751773049645,full
codecontests_java_604,1050,,codecontests_java_604.txt,0.9156251922092505,7.84375,0.9992257532370518,0.9163346613545816,full
codecontests_cpp_605,1051,,codecontests_cpp_605.txt,0.9998496671028325,3.171875,0.9998496671028325,1.019704433497537,full
codecontests_java_605,1052,,codecontests_java_605.txt,0.9316895697727675,11.0,0.9998619773171165,0.9318181818181818,full
codecontests_cpp_606,1053,,codecontests_cpp_606.txt,0.9969025330396476,1.7734375,0.9969025330396476,1.0881057268722467,full
codecontests_java_606,1054,,codecontests_java_606.txt,0.9998878115699404,13.125,0.9998878115699404,1.119047619047619,full
codecontests_cpp_608,1055,,codecontests_cpp_608.txt,0.9948918269230769,1.625,0.9948918269230769,1.0673076923076923,full
codecontests_java_608,1056,,codecontests_java_608.txt,0.8707526711856617,8.5,0.9951459099264706,0.875,full
codecontests_cpp_610,1057,,codecontests_cpp_610.txt,0.9631952519067742,3.078125,0.9986813927664975,0.9644670050761421,full
codecontests_java_610,1058,,codecontests_java_610.txt,0.7688208585660133,6.5,0.9994671161358173,0.7692307692307693,full
codecontests_java_611,1059,,codecontests_java_611.txt,0.8350989628099325,8.1875,0.9990681655534351,0.8358778625954199,full
codecontests_cpp_612,1060,,codecontests_cpp_612.txt,0.9089046845679901,3.625,0.9993643925107759,0.9094827586206896,full
codecontests_java_612,1061,,codecontests_java_612.txt,0.9987728721217105,9.5,0.9987728721217105,1.0789473684210527,full
codecontests_cpp_613,1062,,codecontests_cpp_613.txt,0.9638473176998913,3.578125,0.9987377183406113,0.9650655021834061,full
codecontests_java_613,1063,,codecontests_java_613.txt,0.9830050842407894,7.375,0.9999534477621822,0.9830508474576272,full
codecontests_cpp_614,1064,,codecontests_cpp_614.txt,0.8946586630153064,4.46875,0.9995014750874126,0.8951048951048951,full
codecontests_java_614,1065,,codecontests_java_614.txt,0.8104455017301038,7.4375,0.9841123949579832,0.8235294117647058,full
codecontests_cpp_615,1066,,codecontests_cpp_615.txt,0.9681043276694948,4.96875,0.9995362863600629,0.9685534591194969,full
codecontests_java_615,1067,,codecontests_java_615.txt,0.8095405060187146,7.28125,0.998004962446352,0.8111587982832618,full
codecontests_cpp_616,1068,,codecontests_cpp_616.txt,0.995401503164557,2.46875,0.995401503164557,1.0759493670886076,full
codecontests_java_616,1069,,codecontests_java_616.txt,0.8709383448927829,13.5625,0.9999662478398618,0.8709677419354839,full
codecontests_cpp_617,1070,,codecontests_cpp_617.txt,0.9539136640171282,3.40625,0.9997748978641054,0.9541284403669725,full
codecontests_java_617,1071,,codecontests_java_617.txt,0.8545281957304527,8.4375,0.9987991898148149,0.8555555555555555,full
codecontests_cpp_618,1072,,codecontests_cpp_618.txt,0.9944898013620603,6.0625,0.9996425982603093,0.9948453608247423,full
codecontests_java_618,1073,,codecontests_java_618.txt,0.9035360130918106,12.3125,0.9999808684218353,0.9035532994923858,full
codecontests_java_619,1074,,codecontests_java_619.txt,0.9108112300668725,16.875,0.9996708622685185,0.9111111111111111,full
codecontests_java_620,1075,,codecontests_java_620.txt,0.993020304568528,6.15625,0.993020304568528,1.380710659898477,full
codecontests_java_622,1076,,codecontests_java_622.txt,0.9285289333561901,2.09375,0.9993805387126866,0.9291044776119403,full
codecontests_java_623,1077,,codecontests_java_623.txt,0.801901933371924,5.375,0.9994719749273255,0.8023255813953488,full
codecontests_cpp_624,1078,,codecontests_cpp_624.txt,0.9578376380816498,2.640625,0.9992256841715976,0.9585798816568047,full
codecontests_java_625,1079,,codecontests_java_625.txt,0.9184950264417023,13.0625,0.9998201069078947,0.9186602870813397,full
codecontests_java_626,1080,,codecontests_java_626.txt,0.9996499930862832,7.0625,0.9996499930862832,1.0309734513274336,full
codecontests_java_627,1081,,codecontests_java_627.txt,0.9266605349800704,7.375,0.9985930879237288,0.9279661016949152,full
codecontests_cpp_629,1082,,codecontests_cpp_629.txt,0.9973904304979253,3.765625,0.9973904304979253,1.049792531120332,full
codecontests_java_629,1083,,codecontests_java_629.txt,0.9299313354492187,10.0,0.998583984375,0.93125,full
codecontests_cpp_631,1084,,codecontests_cpp_631.txt,0.9995868389423077,3.65625,0.9995868389423077,1.0512820512820513,full
codecontests_cpp_632,1085,,codecontests_cpp_632.txt,0.9995296373279816,6.8125,0.9995296373279816,1.0,full
codecontests_cpp_633,1086,,codecontests_cpp_633.txt,0.8432577207191171,2.484375,0.9931702044025157,0.8490566037735849,full
codecontests_cpp_634,1087,,codecontests_cpp_634.txt,0.9999738734403103,4.34375,0.9999738734403103,1.1007194244604317,full
codecontests_cpp_635,1088,,codecontests_cpp_635.txt,0.9955783420138888,2.25,0.9955783420138888,1.4027777777777777,full
codecontests_cpp_638,1089,,codecontests_cpp_638.txt,0.999938195493041,3.71875,0.999938195493041,1.1008403361344539,full
codecontests_cpp_639,1090,,codecontests_cpp_639.txt,0.9999205123546512,8.0625,0.9999205123546512,1.1472868217054264,full
codecontests_cpp_640,1091,,codecontests_cpp_640.txt,0.9102598027938757,3.53125,0.9986345409292036,0.911504424778761,full
codecontests_cpp_641,1092,,codecontests_cpp_641.txt,0.9999551365518162,3.65625,0.9999551365518162,1.264957264957265,full
codecontests_cpp_642,1093,,codecontests_cpp_642.txt,0.998730964467005,3.078125,0.998730964467005,1.0304568527918783,full
codecontests_cpp_643,1094,,codecontests_cpp_643.txt,0.9997859589041096,4.5625,0.9997859589041096,1.0136986301369864,full
codecontests_cpp_644,1095,,codecontests_cpp_644.txt,0.8910672999564229,3.15625,0.9999755255066523,0.8910891089108911,full
codecontests_cpp_645,1096,,codecontests_cpp_645.txt,0.9999621528725436,3.578125,0.9999621528725436,1.0873362445414847,full
codecontests_cpp_647,1097,,codecontests_cpp_647.txt,0.9128346978614299,2.046875,0.996511211832061,0.916030534351145,full
codecontests_cpp_648,1098,,codecontests_cpp_648.txt,0.9964645965189873,4.9375,0.9964645965189873,1.1139240506329113,full
codecontests_cpp_649,1099,,codecontests_cpp_649.txt,0.9965006510416666,4.5,0.9965006510416666,1.1041666666666667,full
codecontests_cpp_652,1100,,codecontests_cpp_652.txt,0.9143666054442555,6.0625,0.9965568621134021,0.9175257731958762,full
codecontests_cpp_655,1101,,codecontests_cpp_655.txt,0.9671308542572981,3.8125,0.9999149510117827,0.9672131147540983,full
codecontests_cpp_656,1102,,codecontests_cpp_656.txt,0.9805372807017544,2.671875,0.9805372807017544,1.6257309941520468,full
codecontests_cpp_657,1103,,codecontests_cpp_657.txt,0.866832944705869,3.296875,0.9994631220379147,0.8672985781990521,full
codecontests_cpp_658,1104,,codecontests_cpp_658.txt,0.9986636513157895,1.484375,0.9986636513157895,1.068421052631579,full
codecontests_cpp_660,1105,,codecontests_cpp_660.txt,0.9238404463530826,3.875,0.9961410030241935,0.9274193548387096,full
codecontests_cpp_661,1106,,codecontests_cpp_661.txt,0.7912433677688939,5.03125,0.9991386840062112,0.7919254658385093,full
codecontests_cpp_665,1107,,codecontests_cpp_665.txt,0.8543143400448708,6.53125,0.997495514354067,0.8564593301435407,full
codecontests_cpp_666,1108,,codecontests_cpp_666.txt,0.8525369627063978,4.90625,0.9988679339171974,0.8535031847133758,full
codecontests_cpp_667,1109,,codecontests_cpp_667.txt,0.9662923791989222,3.71875,0.999902548910189,0.9663865546218487,full
codecontests_cpp_669,1110,,codecontests_cpp_669.txt,0.903399869850611,3.671875,0.9967087765957446,0.9063829787234042,full
codecontests_cpp_670,1111,,codecontests_cpp_670.txt,0.9999628391395621,4.59375,0.9999628391395621,1.1700680272108843,full
codecontests_cpp_671,1112,,codecontests_cpp_671.txt,0.7866748052064513,3.03125,0.9974830863402062,0.788659793814433,full
codecontests_cpp_672,1113,,codecontests_cpp_672.txt,0.913912804833793,2.59375,0.9663027108433735,0.9457831325301205,full
codecontests_cpp_673,1114,,codecontests_cpp_673.txt,0.9996726296164773,5.5,0.9996726296164773,1.2556818181818181,full
codecontests_cpp_674,1115,,codecontests_cpp_674.txt,0.9934742647058824,2.65625,0.9934742647058824,1.1352941176470588,full
codecontests_cpp_676,1116,,codecontests_cpp_676.txt,0.9979091546474359,4.875,0.9979091546474359,1.0897435897435896,full
codecontests_cpp_677,1117,,codecontests_cpp_677.txt,0.9994250541125541,3.609375,0.9994250541125541,1.0389610389610389,full
codecontests_cpp_678,1118,,codecontests_cpp_678.txt,0.9121042080026455,1.96875,0.9993489583333334,0.9126984126984127,full
codecontests_cpp_679,1119,,codecontests_cpp_679.txt,0.8591722890211817,6.03125,0.998917179404145,0.8601036269430051,full
codecontests_cpp_682,1120,,codecontests_cpp_682.txt,0.9989620184748428,4.96875,0.9989620184748428,1.0062893081761006,full
codecontests_cpp_683,1121,,codecontests_cpp_683.txt,0.9998835100446428,5.46875,0.9998835100446428,1.0114285714285713,full
codecontests_cpp_685,1122,,codecontests_cpp_685.txt,0.9484003240411931,5.5,0.99951171875,0.9488636363636364,full
codecontests_cpp_687,1123,,codecontests_cpp_687.txt,0.8847073619322763,5.71875,0.9993916495901639,0.8852459016393442,full
codecontests_cpp_689,1124,,codecontests_cpp_689.txt,0.9994451349431818,4.125,0.9994451349431818,1.1742424242424243,full
codecontests_cpp_690,1125,,codecontests_cpp_690.txt,0.99951171875,2.484375,0.99951171875,1.0,full
codecontests_cpp_692,1126,,codecontests_cpp_692.txt,1.0,4.0,1.0000474452972412,1.1171875,full
codecontests_cpp_693,1127,,codecontests_cpp_693.txt,0.9990526758982036,5.21875,0.9990526758982036,1.0,full
codecontests_cpp_694,1128,,codecontests_cpp_694.txt,0.999478874719731,1.7421875,0.999478874719731,1.0,full
codecontests_cpp_697,1129,,codecontests_cpp_697.txt,0.9977740119485294,4.25,0.9977740119485294,1.0147058823529411,full
codecontests_cpp_698,1130,,codecontests_cpp_698.txt,0.8953894412878788,4.125,0.9973958333333334,0.8977272727272727,full
codecontests_cpp_699,1131,,codecontests_cpp_699.txt,0.9333220983434606,8.4375,0.9999879625108506,0.9333333333333333,full
codecontests_cpp_700,1132,,codecontests_cpp_700.txt,0.9628754541216563,4.21875,0.9999091254340278,0.9629629629629629,full
codecontests_cpp_701,1133,,codecontests_cpp_701.txt,0.9971168154761905,3.28125,0.9971168154761905,1.0904761904761904,full
codecontests_cpp_702,1134,,codecontests_cpp_702.txt,0.959493224948785,5.40625,0.9999537826273482,0.9595375722543352,full
codecontests_cpp_705,1135,,codecontests_cpp_705.txt,0.8004563019997671,4.34375,0.9978782598920863,0.802158273381295,full
codecontests_cpp_707,1136,,codecontests_cpp_707.txt,0.9856770833333334,3.0,0.9856770833333334,1.21875,full
codecontests_cpp_708,1137,,codecontests_cpp_708.txt,0.9000015862531237,6.125,0.9966119260204082,0.9030612244897959,full
codecontests_cpp_709,1138,,codecontests_cpp_709.txt,0.9112509005851074,3.546875,0.9992944658590308,0.9118942731277533,full
codecontests_cpp_710,1139,,codecontests_cpp_710.txt,0.9263424393693371,3.25,0.9983379657451923,0.9278846153846154,full
codecontests_cpp_711,1140,,codecontests_cpp_711.txt,0.9999727037217881,5.625,0.9999727037217881,1.0222222222222221,full
codecontests_cpp_713,1141,,codecontests_cpp_713.txt,0.9997127757352942,9.5625,0.9997127757352942,1.0980392156862746,full
codecontests_cpp_714,1142,,codecontests_cpp_714.txt,0.8683928767069555,5.9375,0.9999675549958882,0.868421052631579,full
codecontests_cpp_717,1143,,codecontests_cpp_717.txt,0.9974070581896551,1.8125,0.9974070581896551,1.146551724137931,full
codecontests_cpp_719,1144,,codecontests_cpp_719.txt,0.9071038223915466,5.0625,0.9996654369212963,0.9074074074074074,full
codecontests_cpp_721,1145,,codecontests_cpp_721.txt,0.9999909711307322,5.28125,0.9999909711307322,1.0650887573964498,full
codecontests_cpp_722,1146,,codecontests_cpp_722.txt,0.9992359834558824,5.3125,0.9992359834558824,1.0705882352941176,full
codecontests_cpp_724,1147,,codecontests_cpp_724.txt,0.8157815499266062,5.09375,0.9923312883435583,0.8220858895705522,full
codecontests_cpp_725,1148,,codecontests_cpp_725.txt,0.8745498657226562,2.625,0.9994855608258929,0.875,full
codecontests_cpp_728,1149,,codecontests_cpp_728.txt,0.9774439575364833,5.5625,0.9999139335718048,0.9775280898876404,full
codecontests_cpp_729,1150,,codecontests_cpp_729.txt,0.9357998280954088,4.15625,0.9996897761983082,0.9360902255639098,full
codecontests_cpp_730,1151,,codecontests_cpp_730.txt,0.809365052845114,4.09375,0.9955570133587787,0.8129770992366412,full
codecontests_cpp_731,1152,,codecontests_cpp_731.txt,0.9999916848171962,5.5625,0.9999916848171962,1.0168539325842696,full
codecontests_cpp_736,1153,,codecontests_cpp_736.txt,0.8137935580862015,5.28125,0.9966022559171598,0.8165680473372781,full
codecontests_cpp_737,1154,,codecontests_cpp_737.txt,0.7890505200089039,4.15625,0.9994639920112782,0.7894736842105263,full
codecontests_cpp_739,1155,,codecontests_cpp_739.txt,0.9257656533228003,2.953125,0.9998269055886243,0.9259259259259259,full
codecontests_cpp_740,1156,,codecontests_cpp_740.txt,0.9053817574403743,3.46875,0.9999738813520552,0.9054054054054054,full
codecontests_cpp_741,1157,,codecontests_cpp_741.txt,0.999936231926306,6.28125,0.999936231926306,1.054726368159204,full
codecontests_cpp_742,1158,,codecontests_cpp_742.txt,0.9986033519553073,5.59375,0.9986033519553073,1.0,full
codecontests_cpp_743,1159,,codecontests_cpp_743.txt,0.8664508532912394,4.9375,0.9992644877373418,0.8670886075949367,full
codecontests_cpp_745,1160,,codecontests_cpp_745.txt,0.9747971411322588,5.0625,0.9994755497685185,0.9753086419753086,full
codecontests_cpp_747,1161,,codecontests_cpp_747.txt,0.9997365067644817,5.125,0.9997365067644817,1.0914634146341464,full
codecontests_cpp_749,1162,,codecontests_cpp_749.txt,0.9146908807360437,2.75,0.999910528009588,0.9147727272727273,full
codecontests_cpp_750,1163,,codecontests_cpp_750.txt,0.9909031536564439,6.90625,0.9999524975254525,0.9909502262443439,full
codecontests_cpp_752,1164,,codecontests_cpp_752.txt,0.9997991248022152,2.46875,0.9997991248022152,1.3037974683544304,full
codecontests_cpp_753,1165,,codecontests_cpp_753.txt,0.9999339252436926,6.8125,0.9999339252436926,1.1376146788990826,full
codecontests_cpp_754,1166,,codecontests_cpp_754.txt,0.7605273844391726,3.265625,0.9996869392942583,0.7607655502392344,full
codecontests_cpp_755,1167,,codecontests_cpp_755.txt,0.9069336833998305,3.71875,0.9993065585609243,0.907563025210084,full
codecontests_cpp_756,1168,,codecontests_cpp_756.txt,0.9666498678701895,5.625,0.9999826219346788,0.9666666666666667,full
codecontests_cpp_757,1169,,codecontests_cpp_757.txt,0.9996616633858267,3.96875,0.9996616633858267,1.4881889763779528,full
codecontests_cpp_758,1170,,codecontests_cpp_758.txt,0.9999636063664596,5.03125,0.9999636063664596,1.0,full
codecontests_cpp_760,1171,,codecontests_cpp_760.txt,0.8069729999999999,3.90625,0.9889375,0.816,full
codecontests_cpp_762,1172,,codecontests_cpp_762.txt,0.990681502908033,6.71875,0.9999836766442587,0.9906976744186047,full
codecontests_cpp_764,1173,,codecontests_cpp_764.txt,0.9999736029387526,3.703125,0.9999736029387526,1.1223628691983123,full
codecontests_cpp_765,1174,,codecontests_cpp_765.txt,0.999981689453125,6.71875,0.999981689453125,1.0465116279069768,full
codecontests_cpp_766,1175,,codecontests_cpp_766.txt,0.8922829383024186,3.640625,0.9995284837714592,0.8927038626609443,full
codecontests_cpp_767,1176,,codecontests_cpp_767.txt,0.9639517351384181,4.34375,0.9999200834644785,0.9640287769784173,full
codecontests_cpp_769,1177,,codecontests_cpp_769.txt,0.9970501077586207,4.53125,0.9970501077586207,1.1793103448275861,full
codecontests_cpp_770,1178,,codecontests_cpp_770.txt,0.9993315972222222,7.03125,0.9993315972222222,1.0,full
codecontests_cpp_772,1179,,codecontests_cpp_772.txt,0.9854008838383839,3.09375,0.9854008838383839,1.4343434343434343,full
codecontests_cpp_773,1180,,codecontests_cpp_773.txt,0.890318904947984,4.34375,0.9980187724820144,0.8920863309352518,full
codecontests_cpp_776,1181,,codecontests_cpp_776.txt,0.999738533266129,4.84375,0.999738533266129,1.0129032258064516,full
codecontests_cpp_778,1182,,codecontests_cpp_778.txt,0.9095138873036888,4.625,0.997096706081081,0.9121621621621622,full
codecontests_cpp_781,1183,,codecontests_cpp_781.txt,0.9678858519384219,4.875,0.9999350523337339,0.967948717948718,full
codecontests_cpp_782,1184,,codecontests_cpp_782.txt,0.9998195872587317,4.25,0.9998195872587317,1.0294117647058822,full
codecontests_cpp_783,1185,,codecontests_cpp_783.txt,0.9999769810267857,5.46875,0.9999769810267857,1.0171428571428571,full
codecontests_cpp_785,1186,,codecontests_cpp_785.txt,0.9999731522572192,4.9375,0.9999731522572192,1.0379746835443038,full
codecontests_cpp_786,1187,,codecontests_cpp_786.txt,0.9982942708333333,4.6875,0.9982942708333333,1.28,full
codecontests_cpp_787,1188,,codecontests_cpp_787.txt,0.9933774834437086,4.71875,1.0000622477752483,0.9933774834437086,full
codecontests_cpp_789,1189,,codecontests_cpp_789.txt,0.8244927991972412,4.15625,0.9968867481203008,0.8270676691729323,full
codecontests_cpp_790,1190,,codecontests_cpp_790.txt,0.9945261101973685,4.75,0.9945261101973685,1.1776315789473684,full
codecontests_cpp_791,1191,,codecontests_cpp_791.txt,0.9999869526296422,4.3125,0.9999869526296422,1.1014492753623188,full
codecontests_cpp_793,1192,,codecontests_cpp_793.txt,0.9555288461538461,3.25,0.9555288461538461,1.5384615384615385,full
codecontests_cpp_795,1193,,codecontests_cpp_795.txt,0.8681541992594232,6.125,0.9950773278061225,0.8724489795918368,full
codecontests_cpp_797,1194,,codecontests_cpp_797.txt,0.976956355967688,3.078125,0.9972041560913706,0.9796954314720813,full
codecontests_cpp_798,1195,,codecontests_cpp_798.txt,0.9998995535714286,5.46875,0.9998995535714286,1.062857142857143,full
codecontests_cpp_799,1196,,codecontests_cpp_799.txt,0.9999731558340567,3.375,0.9999731558340567,1.0277777777777777,full
codecontests_cpp_800,1197,,codecontests_cpp_800.txt,0.9746413934426229,3.8125,0.9746413934426229,1.401639344262295,full
codecontests_cpp_801,1198,,codecontests_cpp_801.txt,0.9999607966496394,8.125,0.9999607966496394,1.0307692307692307,full
codecontests_cpp_802,1199,,codecontests_cpp_802.txt,0.9995807428010471,5.96875,0.9995807428010471,1.0837696335078535,full
codecontests_cpp_803,1200,,codecontests_cpp_803.txt,0.9995803833007812,3.0,0.9995803833007812,1.1875,full
codecontests_cpp_804,1201,,codecontests_cpp_804.txt,0.9994021045918368,2.296875,0.9994021045918368,1.0272108843537415,full
codecontests_cpp_805,1202,,codecontests_cpp_805.txt,0.946312092158526,3.8125,0.9995677510245902,0.9467213114754098,full
codecontests_cpp_806,1203,,codecontests_cpp_806.txt,0.999911764393682,11.5,0.999911764393682,1.0326086956521738,full
codecontests_cpp_807,1204,,codecontests_cpp_807.txt,0.9988811568708609,4.71875,0.9988811568708609,1.1986754966887416,full
codecontests_cpp_808,1205,,codecontests_cpp_808.txt,0.9555999857395227,2.828125,0.9997895804558011,0.9558011049723757,full
codecontests_cpp_810,1206,,codecontests_cpp_810.txt,0.9998973804515797,5.6875,0.9998973804515797,1.0274725274725274,full
codecontests_cpp_813,1207,,codecontests_cpp_813.txt,0.9978350903614458,2.59375,0.9978350903614458,1.036144578313253,full
codecontests_cpp_814,1208,,codecontests_cpp_814.txt,0.9894281914893617,3.671875,0.9894281914893617,1.4127659574468086,full
codecontests_cpp_815,1209,,codecontests_cpp_815.txt,0.9696523883313656,3.609375,0.9999540254667207,0.9696969696969697,full
codecontests_cpp_816,1210,,codecontests_cpp_816.txt,0.999560546875,5.625,0.999560546875,1.0222222222222221,full
codecontests_cpp_817,1211,,codecontests_cpp_817.txt,0.9726391298392988,3.46875,0.9996568834459459,0.972972972972973,full
codecontests_cpp_818,1212,,codecontests_cpp_818.txt,0.9951678240740741,4.21875,0.9951678240740741,1.385185185185185,full
codecontests_cpp_819,1213,,codecontests_cpp_819.txt,0.9999318063994984,5.0625,0.9999318063994984,1.037037037037037,full
codecontests_cpp_820,1214,,codecontests_cpp_820.txt,0.8724507649739583,3.75,0.9970865885416667,0.875,full
codecontests_cpp_821,1215,,codecontests_cpp_821.txt,0.9508789306392474,3.5,0.9999853542872837,0.9508928571428571,full
codecontests_cpp_822,1216,,codecontests_cpp_822.txt,0.9999212148238201,6.125,0.9999212148238201,1.0459183673469388,full
codecontests_cpp_823,1217,,codecontests_cpp_823.txt,0.9576819660254485,4.0625,0.9999892014723558,0.9576923076923077,full
codecontests_cpp_824,1218,,codecontests_cpp_824.txt,0.9998655854985955,5.5625,0.9998655854985955,1.0224719101123596,full
codecontests_cpp_825,1219,,codecontests_cpp_825.txt,0.9843315996393963,4.1875,0.9992457147854478,0.9850746268656716,full
codecontests_cpp_826,1220,,codecontests_cpp_826.txt,0.9878601511385159,10.3125,0.9999811345880681,0.9878787878787879,full
codecontests_cpp_828,1221,,codecontests_cpp_828.txt,0.9999665759858631,6.5625,0.9999665759858631,1.0523809523809524,full
codecontests_cpp_829,1222,,codecontests_cpp_829.txt,0.9986236367449665,4.65625,0.9986236367449665,1.087248322147651,full
codecontests_cpp_830,1223,,codecontests_cpp_830.txt,0.9999215262276786,4.15625,0.9999215262276786,1.0225563909774436,full
