sample_id,clean_instruction,corrupt_instruction
codecontests_cpp_1,Write out the function body in solve.cpp based on the function definition and docstring below:,Build out the function body in solve.cpp based on the function definition and docstring below:
codecontests_java_1,Save the function body in solve.java based on the function definition and docstring below:,Design the function body in solve.java based on the function definition and docstring below:
codecontests_java_2,Finalize the function body in solve.java based on the function definition and docstring below:,Devise the function body in solve.java based on the function definition and docstring below:
codecontests_cpp_3,Prepare the function body in solve.cpp based on the function definition and docstring below:,Implement the function body in solve.cpp based on the function definition and docstring below:
codecontests_java_3,Save the function body in solve.java based on the function definition and docstring below:,Design the function body in solve.java based on the function definition and docstring below:
mbpp_python_4,Write out the function body in solve.py based on the function definition and docstring below:,Build out the function body in solve.py based on the function definition and docstring below:
apps_python_5,Directly build the function body in solve.py based on the function definition and docstring below:,Independently develop the function body in solve.py based on the function definition and docstring below:
codecontests_java_6,Edit the function body in solve.java based on the function definition and docstring below:,Design the function body in solve.java based on the function definition and docstring below:
codecontests_java_7,Properly add the function body in solve.java based on the function definition and docstring below:,Properly develop the function body in solve.java based on the function definition and docstring below:
apps_python_8,Directly build the function body in solve.py based on the function definition and docstring below:,Manually develop the function body in solve.py based on the function definition and docstring below:
apps_python_9,Manually build the function body in solve.py based on the function definition and docstring below:,Manually develop the function body in solve.py based on the function definition and docstring below:
codecontests_cpp_9,Write the function body in solve.cpp based on the function definition and docstring below:,Implement the function body in solve.cpp based on the function definition and docstring below:
codecontests_java_9,Insert the function body in solve.java based on the function definition and docstring below:,Design the function body in solve.java based on the function definition and docstring below:
apps_python_10,Prepare the function body in solve.py based on the function definition and docstring below:,Author the function body in solve.py based on the function definition and docstring below:
codecontests_java_11,Finalize the function body in solve.java based on the function definition and docstring below:,Devise the function body in solve.java based on the function definition and docstring below:
humaneval_python_11,Write the function body in solve.py based on the function definition and docstring below:,Implement the function body in solve.py based on the function definition and docstring below:
mbpp_python_11,Manually build the function body in solve.py based on the function definition and docstring below:,Independently develop the function body in solve.py based on the function definition and docstring below:
codecontests_cpp_12,Create the function body in solve.cpp based on the function definition and docstring below:,Develop the function body in solve.cpp based on the function definition and docstring below:
codecontests_java_13,Edit the function body in solve.java based on the function definition and docstring below:,Supply the function body in solve.java based on the function definition and docstring below:
apps_python_14,Write out the function body in solve.py based on the function definition and docstring below:,Build out the function body in solve.py based on the function definition and docstring below:
codecontests_cpp_14,Directly implement the function body in solve.cpp based on the function definition and docstring below:,Carefully implement the function body in solve.cpp based on the function definition and docstring below:
codecontests_java_14,Insert the function body in solve.java based on the function definition and docstring below:,Craft the function body in solve.java based on the function definition and docstring below:
codecontests_cpp_15,Create the function body in solve.cpp based on the function definition and docstring below:,Develop the function body in solve.cpp based on the function definition and docstring below:
codecontests_cpp_16,Properly add the function body in solve.cpp based on the function definition and docstring below:,Properly develop the function body in solve.cpp based on the function definition and docstring below:
codecontests_java_16,Paste the function body in solve.java based on the function definition and docstring below:,Compose the function body in solve.java based on the function definition and docstring below:
codecontests_cpp_17,Insert the function body in solve.cpp based on the function definition and docstring below:,Design the function body in solve.cpp based on the function definition and docstring below:
codecontests_java_17,Append the function body in solve.java based on the function definition and docstring below:,Build the function body in solve.java based on the function definition and docstring below:
codecontests_java_18,Write the function body in solve.java based on the function definition and docstring below:,Compose the function body in solve.java based on the function definition and docstring below:
humaneval_python_18,Directly build the function body in solve.py based on the function definition and docstring below:,Independently develop the function body in solve.py based on the function definition and docstring below:
codecontests_java_19,Save the function body in solve.java based on the function definition and docstring below:,Build the function body in solve.java based on the function definition and docstring below:
apps_python_20,Prepare the function body in solve.py based on the function definition and docstring below:,Author the function body in solve.py based on the function definition and docstring below:
codecontests_cpp_20,Write the function body in solve.cpp based on the function definition and docstring below:,Develop the function body in solve.cpp based on the function definition and docstring below:
humaneval_python_21,Manually build the function body in solve.py based on the function definition and docstring below:,Independently develop the function body in solve.py based on the function definition and docstring below:
apps_python_22,Directly build the function body in solve.py based on the function definition and docstring below:,Independently develop the function body in solve.py based on the function definition and docstring below:
codecontests_java_22,Edit the function body in solve.java based on the function definition and docstring below:,Compose the function body in solve.java based on the function definition and docstring below:
codecontests_java_23,Paste the function body in solve.java based on the function definition and docstring below:,Craft the function body in solve.java based on the function definition and docstring below:
codecontests_java_24,Finalize the function body in solve.java based on the function definition and docstring below:,Devise the function body in solve.java based on the function definition and docstring below:
codecontests_java_25,Edit the function body in solve.java based on the function definition and docstring below:,Craft the function body in solve.java based on the function definition and docstring below:
codecontests_cpp_26,Prepare the function body in solve.cpp based on the function definition and docstring below:,Implement the function body in solve.cpp based on the function definition and docstring below:
humaneval_python_26,Directly implement the function body in solve.py based on the function definition and docstring below:,Carefully implement the function body in solve.py based on the function definition and docstring below:
codecontests_cpp_27,Write the function body in solve.cpp based on the function definition and docstring below:,Develop the function body in solve.cpp based on the function definition and docstring below:
codecontests_java_27,Write out the function body in solve.java based on the function definition and docstring below:,Build out the function body in solve.java based on the function definition and docstring below:
codecontests_cpp_28,Directly implement the function body in solve.cpp based on the function definition and docstring below:,Manually develop the function body in solve.cpp based on the function definition and docstring below:
codecontests_java_28,Directly implement the function body in solve.java based on the function definition and docstring below:,Independently develop the function body in solve.java based on the function definition and docstring below:
apps_python_29,Manually build the function body in solve.py based on the function definition and docstring below:,Independently develop the function body in solve.py based on the function definition and docstring below:
codecontests_cpp_29,Write the function body in solve.cpp based on the function definition and docstring below:,Develop the function body in solve.cpp based on the function definition and docstring below:
apps_python_30,Directly build the function body in solve.py based on the function definition and docstring below:,Independently develop the function body in solve.py based on the function definition and docstring below:
codecontests_cpp_30,Properly add the function body in solve.cpp based on the function definition and docstring below:,Properly develop the function body in solve.cpp based on the function definition and docstring below:
codecontests_java_30,Edit the function body in solve.java based on the function definition and docstring below:,Craft the function body in solve.java based on the function definition and docstring below:
mbpp_python_32,Write out the function body in solve.py based on the function definition and docstring below:,Build out the function body in solve.py based on the function definition and docstring below:
codecontests_cpp_33,Prepare the function body in solve.cpp based on the function definition and docstring below:,Author the function body in solve.cpp based on the function definition and docstring below:
codecontests_java_33,Prefill the function body in solve.java based on the function definition and docstring below:,Formulate the function body in solve.java based on the function definition and docstring below:
humaneval_python_33,Save the function body in solve.py based on the function definition and docstring below:,Supply the function body in solve.py based on the function definition and docstring below:
apps_python_35,Directly build the function body in solve.py based on the function definition and docstring below:,Independently develop the function body in solve.py based on the function definition and docstring below:
codecontests_cpp_35,Manually build the function body in solve.cpp based on the function definition and docstring below:,Carefully implement the function body in solve.cpp based on the function definition and docstring below:
codecontests_java_35,Paste the function body in solve.java based on the function definition and docstring below:,Craft the function body in solve.java based on the function definition and docstring below:
mbpp_python_35,Edit the function body in solve.py based on the function definition and docstring below:,Supply the function body in solve.py based on the function definition and docstring below:
codecontests_java_36,Paste the function body in solve.java based on the function definition and docstring below:,Compose the function body in solve.java based on the function definition and docstring below:
mbpp_python_36,Manually build the function body in solve.py based on the function definition and docstring below:,Manually develop the function body in solve.py based on the function definition and docstring below:
apps_python_37,Manually build the function body in solve.py based on the function definition and docstring below:,Manually develop the function body in solve.py based on the function definition and docstring below:
codecontests_java_37,Prefill the function body in solve.java based on the function definition and docstring below:,Formulate the function body in solve.java based on the function definition and docstring below:
codecontests_cpp_39,Create the function body in solve.cpp based on the function definition and docstring below:,Implement the function body in solve.cpp based on the function definition and docstring below:
humaneval_python_39,Directly build the function body in solve.py based on the function definition and docstring below:,Carefully implement the function body in solve.py based on the function definition and docstring below:
apps_python_40,Prepare the function body in solve.py based on the function definition and docstring below:,Author the function body in solve.py based on the function definition and docstring below:
codecontests_cpp_40,Properly add the function body in solve.cpp based on the function definition and docstring below:,Properly develop the function body in solve.cpp based on the function definition and docstring below:
codecontests_java_40,Paste the function body in solve.java based on the function definition and docstring below:,Design the function body in solve.java based on the function definition and docstring below:
codecontests_cpp_41,Properly add the function body in solve.cpp based on the function definition and docstring below:,Properly develop the function body in solve.cpp based on the function definition and docstring below:
codecontests_java_41,Finalize the function body in solve.java based on the function definition and docstring below:,Devise the function body in solve.java based on the function definition and docstring below:
codecontests_cpp_42,Properly add the function body in solve.cpp based on the function definition and docstring below:,Properly develop the function body in solve.cpp based on the function definition and docstring below:
mbpp_python_42,Directly build the function body in solve.py based on the function definition and docstring below:,Independently develop the function body in solve.py based on the function definition and docstring below:
apps_python_43,Write out the function body in solve.py based on the function definition and docstring below:,Build out the function body in solve.py based on the function definition and docstring below:
codecontests_cpp_43,Prefill the function body in solve.cpp based on the function definition and docstring below:,Formulate the function body in solve.cpp based on the function definition and docstring below:
codecontests_java_43,Save the function body in solve.java based on the function definition and docstring below:,Supply the function body in solve.java based on the function definition and docstring below:
apps_python_44,Directly implement the function body in solve.py based on the function definition and docstring below:,Manually develop the function body in solve.py based on the function definition and docstring below:
codecontests_java_44,Prefill the function body in solve.java based on the function definition and docstring below:,Formulate the function body in solve.java based on the function definition and docstring below:
humaneval_python_44,Directly build the function body in solve.py based on the function definition and docstring below:,Independently develop the function body in solve.py based on the function definition and docstring below:
codecontests_cpp_45,Properly add the function body in solve.cpp based on the function definition and docstring below:,Properly develop the function body in solve.cpp based on the function definition and docstring below:
codecontests_java_45,Append the function body in solve.java based on the function definition and docstring below:,Supply the function body in solve.java based on the function definition and docstring below:
apps_python_46,Directly build the function body in solve.py based on the function definition and docstring below:,Manually develop the function body in solve.py based on the function definition and docstring below:
codecontests_cpp_46,Insert the function body in solve.cpp based on the function definition and docstring below:,Author the function body in solve.cpp based on the function definition and docstring below:
codecontests_java_46,Append the function body in solve.java based on the function definition and docstring below:,Build the function body in solve.java based on the function definition and docstring below:
humaneval_python_47,Manually build the function body in solve.py based on the function definition and docstring below:,Manually develop the function body in solve.py based on the function definition and docstring below:
apps_python_48,Write out the function body in solve.py based on the function definition and docstring below:,Build out the function body in solve.py based on the function definition and docstring below:
codecontests_cpp_48,Paste the function body in solve.cpp based on the function definition and docstring below:,Author the function body in solve.cpp based on the function definition and docstring below:
codecontests_java_48,Append the function body in solve.java based on the function definition and docstring below:,Design the function body in solve.java based on the function definition and docstring below:
apps_python_49,Directly implement the function body in solve.py based on the function definition and docstring below:,Independently develop the function body in solve.py based on the function definition and docstring below:
codecontests_cpp_49,Properly add the function body in solve.cpp based on the function definition and docstring below:,Properly develop the function body in solve.cpp based on the function definition and docstring below:
codecontests_java_49,Prefill the function body in solve.java based on the function definition and docstring below:,Formulate the function body in solve.java based on the function definition and docstring below:
codecontests_cpp_50,Prepare the function body in solve.cpp based on the function definition and docstring below:,Develop the function body in solve.cpp based on the function definition and docstring below:
codecontests_java_50,Edit the function body in solve.java based on the function definition and docstring below:,Compose the function body in solve.java based on the function definition and docstring below:
apps_python_51,Directly build the function body in solve.py based on the function definition and docstring below:,Independently develop the function body in solve.py based on the function definition and docstring below:
codecontests_java_52,Paste the function body in solve.java based on the function definition and docstring below:,Craft the function body in solve.java based on the function definition and docstring below:
apps_python_53,Paste the function body in solve.py based on the function definition and docstring below:,Author the function body in solve.py based on the function definition and docstring below:
codecontests_cpp_53,Write the function body in solve.cpp based on the function definition and docstring below:,Develop the function body in solve.cpp based on the function definition and docstring below:
codecontests_java_53,Paste the function body in solve.java based on the function definition and docstring below:,Design the function body in solve.java based on the function definition and docstring below:
codecontests_java_55,Save the function body in solve.java based on the function definition and docstring below:,Design the function body in solve.java based on the function definition and docstring below:
mbpp_python_55,Write out the function body in solve.py based on the function definition and docstring below:,Build out the function body in solve.py based on the function definition and docstring below:
codecontests_cpp_56,Properly add the function body in solve.cpp based on the function definition and docstring below:,Properly develop the function body in solve.cpp based on the function definition and docstring below:
codecontests_java_56,Save the function body in solve.java based on the function definition and docstring below:,Supply the function body in solve.java based on the function definition and docstring below:
codecontests_cpp_57,Paste the function body in solve.cpp based on the function definition and docstring below:,Author the function body in solve.cpp based on the function definition and docstring below:
codecontests_java_57,Save the function body in solve.java based on the function definition and docstring below:,Build the function body in solve.java based on the function definition and docstring below:
apps_python_58,Directly build the function body in solve.py based on the function definition and docstring below:,Independently develop the function body in solve.py based on the function definition and docstring below:
codecontests_java_58,Edit the function body in solve.java based on the function definition and docstring below:,Compose the function body in solve.java based on the function definition and docstring below:
apps_python_59,Directly build the function body in solve.py based on the function definition and docstring below:,Independently develop the function body in solve.py based on the function definition and docstring below:
apps_python_60,Write out the function body in solve.py based on the function definition and docstring below:,Build out the function body in solve.py based on the function definition and docstring below:
codecontests_java_60,Edit the function body in solve.java based on the function definition and docstring below:,Compose the function body in solve.java based on the function definition and docstring below:
humaneval_python_60,Directly build the function body in solve.py based on the function definition and docstring below:,Carefully implement the function body in solve.py based on the function definition and docstring below:
codecontests_java_61,Finalize the function body in solve.java based on the function definition and docstring below:,Devise the function body in solve.java based on the function definition and docstring below:
mbpp_python_61,Directly build the function body in solve.py based on the function definition and docstring below:,Manually develop the function body in solve.py based on the function definition and docstring below:
codecontests_cpp_62,Write the function body in solve.cpp based on the function definition and docstring below:,Develop the function body in solve.cpp based on the function definition and docstring below:
codecontests_java_62,Edit the function body in solve.java based on the function definition and docstring below:,Supply the function body in solve.java based on the function definition and docstring below:
codecontests_java_63,Append the function body in solve.java based on the function definition and docstring below:,Build the function body in solve.java based on the function definition and docstring below:
apps_python_64,Insert the function body in solve.py based on the function definition and docstring below:,Author the function body in solve.py based on the function definition and docstring below:
codecontests_cpp_64,Properly add the function body in solve.cpp based on the function definition and docstring below:,Properly develop the function body in solve.cpp based on the function definition and docstring below:
codecontests_cpp_66,Create the function body in solve.cpp based on the function definition and docstring below:,Develop the function body in solve.cpp based on the function definition and docstring below:
codecontests_java_67,Directly implement the function body in solve.java based on the function definition and docstring below:,Independently develop the function body in solve.java based on the function definition and docstring below:
codecontests_cpp_68,Insert the function body in solve.cpp based on the function definition and docstring below:,Craft the function body in solve.cpp based on the function definition and docstring below:
apps_python_69,Manually build the function body in solve.py based on the function definition and docstring below:,Independently develop the function body in solve.py based on the function definition and docstring below:
codecontests_cpp_70,Create the function body in solve.cpp based on the function definition and docstring below:,Implement the function body in solve.cpp based on the function definition and docstring below:
codecontests_java_70,Insert the function body in solve.java based on the function definition and docstring below:,Craft the function body in solve.java based on the function definition and docstring below:
codecontests_cpp_72,Write the function body in solve.cpp based on the function definition and docstring below:,Develop the function body in solve.cpp based on the function definition and docstring below:
codecontests_java_72,Edit the function body in solve.java based on the function definition and docstring below:,Compose the function body in solve.java based on the function definition and docstring below:
codecontests_cpp_73,Append the function body in solve.cpp based on the function definition and docstring below:,Supply the function body in solve.cpp based on the function definition and docstring below:
codecontests_cpp_74,Insert the function body in solve.cpp based on the function definition and docstring below:,Author the function body in solve.cpp based on the function definition and docstring below:
codecontests_java_74,Insert the function body in solve.java based on the function definition and docstring below:,Supply the function body in solve.java based on the function definition and docstring below:
apps_python_75,Directly build the function body in solve.py based on the function definition and docstring below:,Manually develop the function body in solve.py based on the function definition and docstring below:
codecontests_cpp_75,Paste the function body in solve.cpp based on the function definition and docstring below:,Craft the function body in solve.cpp based on the function definition and docstring below:
codecontests_java_75,Append the function body in solve.java based on the function definition and docstring below:,Build the function body in solve.java based on the function definition and docstring below:
codecontests_java_76,Paste the function body in solve.java based on the function definition and docstring below:,Craft the function body in solve.java based on the function definition and docstring below:
humaneval_python_76,Save the function body in solve.py based on the function definition and docstring below:,Design the function body in solve.py based on the function definition and docstring below:
apps_python_77,Write out the function body in solve.py based on the function definition and docstring below:,Build out the function body in solve.py based on the function definition and docstring below:
codecontests_cpp_77,Paste the function body in solve.cpp based on the function definition and docstring below:,Build the function body in solve.cpp based on the function definition and docstring below:
apps_python_79,Write out the function body in solve.py based on the function definition and docstring below:,Build out the function body in solve.py based on the function definition and docstring below:
codecontests_java_79,Save the function body in solve.java based on the function definition and docstring below:,Supply the function body in solve.java based on the function definition and docstring below:
mbpp_python_79,Directly build the function body in solve.py based on the function definition and docstring below:,Manually develop the function body in solve.py based on the function definition and docstring below:
apps_python_80,Paste the function body in solve.py based on the function definition and docstring below:,Author the function body in solve.py based on the function definition and docstring below:
codecontests_cpp_80,Write out the function body in solve.cpp based on the function definition and docstring below:,Build out the function body in solve.cpp based on the function definition and docstring below:
codecontests_java_80,Append the function body in solve.java based on the function definition and docstring below:,Supply the function body in solve.java based on the function definition and docstring below:
apps_python_82,Paste the function body in solve.py based on the function definition and docstring below:,Design the function body in solve.py based on the function definition and docstring below:
codecontests_cpp_83,Create the function body in solve.cpp based on the function definition and docstring below:,Implement the function body in solve.cpp based on the function definition and docstring below:
codecontests_java_83,Finalize the function body in solve.java based on the function definition and docstring below:,Devise the function body in solve.java based on the function definition and docstring below:
codecontests_java_84,Edit the function body in solve.java based on the function definition and docstring below:,Author the function body in solve.java based on the function definition and docstring below:
humaneval_python_84,Directly implement the function body in solve.py based on the function definition and docstring below:,Manually develop the function body in solve.py based on the function definition and docstring below:
apps_python_85,Directly build the function body in solve.py based on the function definition and docstring below:,Independently develop the function body in solve.py based on the function definition and docstring below:
codecontests_java_85,Edit the function body in solve.java based on the function definition and docstring below:,Craft the function body in solve.java based on the function definition and docstring below:
apps_python_87,Directly build the function body in solve.py based on the function definition and docstring below:,Manually develop the function body in solve.py based on the function definition and docstring below:
codecontests_cpp_87,Prepare the function body in solve.cpp based on the function definition and docstring below:,Implement the function body in solve.cpp based on the function definition and docstring below:
apps_python_88,Properly add the function body in solve.py based on the function definition and docstring below:,Properly develop the function body in solve.py based on the function definition and docstring below:
codecontests_java_88,Prefill the function body in solve.java based on the function definition and docstring below:,Formulate the function body in solve.java based on the function definition and docstring below:
codecontests_java_89,Save the function body in solve.java based on the function definition and docstring below:,Design the function body in solve.java based on the function definition and docstring below:
apps_python_91,Directly build the function body in solve.py based on the function definition and docstring below:,Manually develop the function body in solve.py based on the function definition and docstring below:
apps_python_92,Create the function body in solve.py based on the function definition and docstring below:,Implement the function body in solve.py based on the function definition and docstring below:
apps_python_93,Directly build the function body in solve.py based on the function definition and docstring below:,Independently develop the function body in solve.py based on the function definition and docstring below:
codecontests_cpp_93,Create the function body in solve.cpp based on the function definition and docstring below:,Develop the function body in solve.cpp based on the function definition and docstring below:
codecontests_java_93,Append the function body in solve.java based on the function definition and docstring below:,Build the function body in solve.java based on the function definition and docstring below:
apps_python_94,Write out the function body in solve.py based on the function definition and docstring below:,Build out the function body in solve.py based on the function definition and docstring below:
codecontests_cpp_94,Prepare the function body in solve.cpp based on the function definition and docstring below:,Implement the function body in solve.cpp based on the function definition and docstring below:
codecontests_java_94,Append the function body in solve.java based on the function definition and docstring below:,Build the function body in solve.java based on the function definition and docstring below:
codecontests_cpp_95,Directly implement the function body in solve.cpp based on the function definition and docstring below:,Manually develop the function body in solve.cpp based on the function definition and docstring below:
codecontests_java_95,Prepare the function body in solve.java based on the function definition and docstring below:,Craft the function body in solve.java based on the function definition and docstring below:
apps_python_96,Manually build the function body in solve.py based on the function definition and docstring below:,Manually develop the function body in solve.py based on the function definition and docstring below:
codecontests_java_96,Manually build the function body in solve.java based on the function definition and docstring below:,Carefully implement the function body in solve.java based on the function definition and docstring below:
mbpp_python_96,Create the function body in solve.py based on the function definition and docstring below:,Implement the function body in solve.py based on the function definition and docstring below:
apps_python_97,Directly build the function body in solve.py based on the function definition and docstring below:,Independently develop the function body in solve.py based on the function definition and docstring below:
apps_python_98,Properly add the function body in solve.py based on the function definition and docstring below:,Properly develop the function body in solve.py based on the function definition and docstring below:
codecontests_cpp_98,Insert the function body in solve.cpp based on the function definition and docstring below:,Author the function body in solve.cpp based on the function definition and docstring below:
codecontests_java_98,Finalize the function body in solve.java based on the function definition and docstring below:,Devise the function body in solve.java based on the function definition and docstring below:
apps_python_99,Paste the function body in solve.py based on the function definition and docstring below:,Supply the function body in solve.py based on the function definition and docstring below:
codecontests_java_99,Paste the function body in solve.java based on the function definition and docstring below:,Compose the function body in solve.java based on the function definition and docstring below:
apps_python_100,Write out the function body in solve.py based on the function definition and docstring below:,Build out the function body in solve.py based on the function definition and docstring below:
codecontests_cpp_100,Properly add the function body in solve.cpp based on the function definition and docstring below:,Properly develop the function body in solve.cpp based on the function definition and docstring below:
codecontests_java_100,Prefill the function body in solve.java based on the function definition and docstring below:,Formulate the function body in solve.java based on the function definition and docstring below:
codecontests_java_101,Finalize the function body in solve.java based on the function definition and docstring below:,Devise the function body in solve.java based on the function definition and docstring below:
apps_python_102,Directly build the function body in solve.py based on the function definition and docstring below:,Independently develop the function body in solve.py based on the function definition and docstring below:
apps_python_103,Directly build the function body in solve.py based on the function definition and docstring below:,Manually develop the function body in solve.py based on the function definition and docstring below:
mbpp_python_103,Manually build the function body in solve.py based on the function definition and docstring below:,Carefully implement the function body in solve.py based on the function definition and docstring below:
apps_python_104,Directly build the function body in solve.py based on the function definition and docstring below:,Manually develop the function body in solve.py based on the function definition and docstring below:
codecontests_java_105,Manually build the function body in solve.java based on the function definition and docstring below:,Manually develop the function body in solve.java based on the function definition and docstring below:
apps_python_106,Save the function body in solve.py based on the function definition and docstring below:,Supply the function body in solve.py based on the function definition and docstring below:
codecontests_java_106,Prefill the function body in solve.java based on the function definition and docstring below:,Formulate the function body in solve.java based on the function definition and docstring below:
apps_python_107,Directly build the function body in solve.py based on the function definition and docstring below:,Independently develop the function body in solve.py based on the function definition and docstring below:
codecontests_cpp_108,Prepare the function body in solve.cpp based on the function definition and docstring below:,Implement the function body in solve.cpp based on the function definition and docstring below:
codecontests_java_108,Paste the function body in solve.java based on the function definition and docstring below:,Compose the function body in solve.java based on the function definition and docstring below:
humaneval_python_108,Write out the function body in solve.py based on the function definition and docstring below:,Build out the function body in solve.py based on the function definition and docstring below:
codecontests_java_109,Insert the function body in solve.java based on the function definition and docstring below:,Build the function body in solve.java based on the function definition and docstring below:
humaneval_python_109,Directly build the function body in solve.py based on the function definition and docstring below:,Carefully implement the function body in solve.py based on the function definition and docstring below:
apps_python_110,Directly build the function body in solve.py based on the function definition and docstring below:,Independently develop the function body in solve.py based on the function definition and docstring below:
codecontests_java_110,Insert the function body in solve.java based on the function definition and docstring below:,Compose the function body in solve.java based on the function definition and docstring below:
apps_python_111,Paste the function body in solve.py based on the function definition and docstring below:,Author the function body in solve.py based on the function definition and docstring below:
codecontests_java_112,Append the function body in solve.java based on the function definition and docstring below:,Supply the function body in solve.java based on the function definition and docstring below:
humaneval_python_112,Directly implement the function body in solve.py based on the function definition and docstring below:,Manually develop the function body in solve.py based on the function definition and docstring below:
mbpp_python_112,Prepare the function body in solve.py based on the function definition and docstring below:,Supply the function body in solve.py based on the function definition and docstring below:
apps_python_113,Save the function body in solve.py based on the function definition and docstring below:,Design the function body in solve.py based on the function definition and docstring below:
codecontests_cpp_113,Write the function body in solve.cpp based on the function definition and docstring below:,Develop the function body in solve.cpp based on the function definition and docstring below:
codecontests_java_113,Insert the function body in solve.java based on the function definition and docstring below:,Craft the function body in solve.java based on the function definition and docstring below:
codecontests_cpp_114,Write the function body in solve.cpp based on the function definition and docstring below:,Develop the function body in solve.cpp based on the function definition and docstring below:
codecontests_cpp_115,Manually build the function body in solve.cpp based on the function definition and docstring below:,Manually develop the function body in solve.cpp based on the function definition and docstring below:
codecontests_java_115,Save the function body in solve.java based on the function definition and docstring below:,Build the function body in solve.java based on the function definition and docstring below:
humaneval_python_115,Paste the function body in solve.py based on the function definition and docstring below:,Author the function body in solve.py based on the function definition and docstring below:
mbpp_python_115,Directly build the function body in solve.py based on the function definition and docstring below:,Independently develop the function body in solve.py based on the function definition and docstring below:
apps_python_116,Manually build the function body in solve.py based on the function definition and docstring below:,Independently develop the function body in solve.py based on the function definition and docstring below:
codecontests_cpp_116,Write out the function body in solve.cpp based on the function definition and docstring below:,Build out the function body in solve.cpp based on the function definition and docstring below:
codecontests_java_116,Append the function body in solve.java based on the function definition and docstring below:,Build the function body in solve.java based on the function definition and docstring below:
humaneval_python_116,Write the function body in solve.py based on the function definition and docstring below:,Implement the function body in solve.py based on the function definition and docstring below:
codecontests_cpp_117,Directly implement the function body in solve.cpp based on the function definition and docstring below:,Carefully implement the function body in solve.cpp based on the function definition and docstring below:
codecontests_java_117,Finalize the function body in solve.java based on the function definition and docstring below:,Devise the function body in solve.java based on the function definition and docstring below:
mbpp_python_117,Directly build the function body in solve.py based on the function definition and docstring below:,Carefully implement the function body in solve.py based on the function definition and docstring below:
apps_python_118,Save the function body in solve.py based on the function definition and docstring below:,Supply the function body in solve.py based on the function definition and docstring below:
codecontests_cpp_118,Create the function body in solve.cpp based on the function definition and docstring below:,Develop the function body in solve.cpp based on the function definition and docstring below:
codecontests_java_118,Insert the function body in solve.java based on the function definition and docstring below:,Compose the function body in solve.java based on the function definition and docstring below:
apps_python_119,Write out the function body in solve.py based on the function definition and docstring below:,Build out the function body in solve.py based on the function definition and docstring below:
humaneval_python_119,Directly build the function body in solve.py based on the function definition and docstring below:,Independently develop the function body in solve.py based on the function definition and docstring below:
apps_python_120,Prepare the function body in solve.py based on the function definition and docstring below:,Implement the function body in solve.py based on the function definition and docstring below:
codecontests_java_120,Manually build the function body in solve.java based on the function definition and docstring below:,Manually develop the function body in solve.java based on the function definition and docstring below:
apps_python_121,Directly build the function body in solve.py based on the function definition and docstring below:,Manually develop the function body in solve.py based on the function definition and docstring below:
humaneval_python_121,Prepare the function body in solve.py based on the function definition and docstring below:,Supply the function body in solve.py based on the function definition and docstring below:
codecontests_java_122,Edit the function body in solve.java based on the function definition and docstring below:,Design the function body in solve.java based on the function definition and docstring below:
codecontests_cpp_123,Create the function body in solve.cpp based on the function definition and docstring below:,Develop the function body in solve.cpp based on the function definition and docstring below:
codecontests_java_123,Prefill the function body in solve.java based on the function definition and docstring below:,Formulate the function body in solve.java based on the function definition and docstring below:
codecontests_cpp_124,Create the function body in solve.cpp based on the function definition and docstring below:,Author the function body in solve.cpp based on the function definition and docstring below:
humaneval_python_124,Directly build the function body in solve.py based on the function definition and docstring below:,Manually develop the function body in solve.py based on the function definition and docstring below:
apps_python_125,Directly build the function body in solve.py based on the function definition and docstring below:,Carefully implement the function body in solve.py based on the function definition and docstring below:
codecontests_cpp_125,Write out the function body in solve.cpp based on the function definition and docstring below:,Build out the function body in solve.cpp based on the function definition and docstring below:
apps_python_126,Write out the function body in solve.py based on the function definition and docstring below:,Build out the function body in solve.py based on the function definition and docstring below:
codecontests_cpp_126,Properly add the function body in solve.cpp based on the function definition and docstring below:,Properly develop the function body in solve.cpp based on the function definition and docstring below:
codecontests_java_126,Finalize the function body in solve.java based on the function definition and docstring below:,Devise the function body in solve.java based on the function definition and docstring below:
apps_python_128,Manually build the function body in solve.py based on the function definition and docstring below:,Carefully implement the function body in solve.py based on the function definition and docstring below:
apps_python_129,Directly build the function body in solve.py based on the function definition and docstring below:,Carefully implement the function body in solve.py based on the function definition and docstring below:
codecontests_java_129,Write the function body in solve.java based on the function definition and docstring below:,Craft the function body in solve.java based on the function definition and docstring below:
apps_python_130,Manually build the function body in solve.py based on the function definition and docstring below:,Manually develop the function body in solve.py based on the function definition and docstring below:
codecontests_cpp_130,Insert the function body in solve.cpp based on the function definition and docstring below:,Craft the function body in solve.cpp based on the function definition and docstring below:
codecontests_java_130,Prefill the function body in solve.java based on the function definition and docstring below:,Formulate the function body in solve.java based on the function definition and docstring below:
mbpp_python_130,Directly build the function body in solve.py based on the function definition and docstring below:,Independently develop the function body in solve.py based on the function definition and docstring below:
apps_python_131,Write out the function body in solve.py based on the function definition and docstring below:,Build out the function body in solve.py based on the function definition and docstring below:
codecontests_cpp_131,Write out the function body in solve.cpp based on the function definition and docstring below:,Build out the function body in solve.cpp based on the function definition and docstring below:
codecontests_java_131,Prefill the function body in solve.java based on the function definition and docstring below:,Formulate the function body in solve.java based on the function definition and docstring below:
humaneval_python_131,Paste the function body in solve.py based on the function definition and docstring below:,Design the function body in solve.py based on the function definition and docstring below:
apps_python_132,Write out the function body in solve.py based on the function definition and docstring below:,Build out the function body in solve.py based on the function definition and docstring below:
codecontests_cpp_132,Create the function body in solve.cpp based on the function definition and docstring below:,Implement the function body in solve.cpp based on the function definition and docstring below:
codecontests_java_132,Append the function body in solve.java based on the function definition and docstring below:,Supply the function body in solve.java based on the function definition and docstring below:
codecontests_java_133,Paste the function body in solve.java based on the function definition and docstring below:,Craft the function body in solve.java based on the function definition and docstring below:
mbpp_python_133,Directly build the function body in solve.py based on the function definition and docstring below:,Carefully implement the function body in solve.py based on the function definition and docstring below:
apps_python_134,Properly add the function body in solve.py based on the function definition and docstring below:,Properly develop the function body in solve.py based on the function definition and docstring below:
codecontests_java_134,Paste the function body in solve.java based on the function definition and docstring below:,Compose the function body in solve.java based on the function definition and docstring below:
apps_python_135,Directly build the function body in solve.py based on the function definition and docstring below:,Carefully implement the function body in solve.py based on the function definition and docstring below:
codecontests_cpp_136,Prepare the function body in solve.cpp based on the function definition and docstring below:,Craft the function body in solve.cpp based on the function definition and docstring below:
codecontests_cpp_137,Edit the function body in solve.cpp based on the function definition and docstring below:,Author the function body in solve.cpp based on the function definition and docstring below:
codecontests_java_137,Prefill the function body in solve.java based on the function definition and docstring below:,Formulate the function body in solve.java based on the function definition and docstring below:
humaneval_python_137,Manually build the function body in solve.py based on the function definition and docstring below:,Manually develop the function body in solve.py based on the function definition and docstring below:
codecontests_java_138,Finalize the function body in solve.java based on the function definition and docstring below:,Devise the function body in solve.java based on the function definition and docstring below:
apps_python_140,Save the function body in solve.py based on the function definition and docstring below:,Design the function body in solve.py based on the function definition and docstring below:
codecontests_java_140,Append the function body in solve.java based on the function definition and docstring below:,Design the function body in solve.java based on the function definition and docstring below:
mbpp_python_140,Write out the function body in solve.py based on the function definition and docstring below:,Build out the function body in solve.py based on the function definition and docstring below:
apps_python_141,Properly add the function body in solve.py based on the function definition and docstring below:,Properly develop the function body in solve.py based on the function definition and docstring below:
codecontests_java_141,Manually build the function body in solve.java based on the function definition and docstring below:,Independently develop the function body in solve.java based on the function definition and docstring below:
apps_python_142,Manually build the function body in solve.py based on the function definition and docstring below:,Carefully implement the function body in solve.py based on the function definition and docstring below:
codecontests_cpp_142,Prepare the function body in solve.cpp based on the function definition and docstring below:,Author the function body in solve.cpp based on the function definition and docstring below:
codecontests_java_142,Save the function body in solve.java based on the function definition and docstring below:,Build the function body in solve.java based on the function definition and docstring below:
codecontests_java_143,Prefill the function body in solve.java based on the function definition and docstring below:,Formulate the function body in solve.java based on the function definition and docstring below:
codecontests_java_144,Directly implement the function body in solve.java based on the function definition and docstring below:,Independently develop the function body in solve.java based on the function definition and docstring below:
mbpp_python_144,Directly implement the function body in solve.py based on the function definition and docstring below:,Manually develop the function body in solve.py based on the function definition and docstring below:
codecontests_cpp_145,Write out the function body in solve.cpp based on the function definition and docstring below:,Build out the function body in solve.cpp based on the function definition and docstring below:
codecontests_java_145,Append the function body in solve.java based on the function definition and docstring below:,Build the function body in solve.java based on the function definition and docstring below:
apps_python_146,Write out the function body in solve.py based on the function definition and docstring below:,Build out the function body in solve.py based on the function definition and docstring below:
codecontests_java_146,Edit the function body in solve.java based on the function definition and docstring below:,Supply the function body in solve.java based on the function definition and docstring below:
codecontests_cpp_147,Insert the function body in solve.cpp based on the function definition and docstring below:,Author the function body in solve.cpp based on the function definition and docstring below:
mbpp_python_147,Directly build the function body in solve.py based on the function definition and docstring below:,Carefully implement the function body in solve.py based on the function definition and docstring below:
apps_python_148,Write out the function body in solve.py based on the function definition and docstring below:,Build out the function body in solve.py based on the function definition and docstring below:
codecontests_java_148,Save the function body in solve.java based on the function definition and docstring below:,Design the function body in solve.java based on the function definition and docstring below:
humaneval_python_148,Directly build the function body in solve.py based on the function definition and docstring below:,Independently develop the function body in solve.py based on the function definition and docstring below:
mbpp_python_148,Directly implement the function body in solve.py based on the function definition and docstring below:,Carefully implement the function body in solve.py based on the function definition and docstring below:
codecontests_cpp_149,Write the function body in solve.cpp based on the function definition and docstring below:,Develop the function body in solve.cpp based on the function definition and docstring below:
codecontests_java_149,Finalize the function body in solve.java based on the function definition and docstring below:,Devise the function body in solve.java based on the function definition and docstring below:
humaneval_python_149,Manually build the function body in solve.py based on the function definition and docstring below:,Carefully implement the function body in solve.py based on the function definition and docstring below:
mbpp_python_149,Properly add the function body in solve.py based on the function definition and docstring below:,Properly develop the function body in solve.py based on the function definition and docstring below:
apps_python_150,Finalize the function body in solve.py based on the function definition and docstring below:,Formulate the function body in solve.py based on the function definition and docstring below:
apps_python_151,Finalize the function body in solve.py based on the function definition and docstring below:,Devise the function body in solve.py based on the function definition and docstring below:
humaneval_python_151,Directly build the function body in solve.py based on the function definition and docstring below:,Manually develop the function body in solve.py based on the function definition and docstring below:
apps_python_152,Paste the function body in solve.py based on the function definition and docstring below:,Supply the function body in solve.py based on the function definition and docstring below:
codecontests_cpp_152,Write out the function body in solve.cpp based on the function definition and docstring below:,Build out the function body in solve.cpp based on the function definition and docstring below:
codecontests_java_152,Write out the function body in solve.java based on the function definition and docstring below:,Build out the function body in solve.java based on the function definition and docstring below:
codecontests_cpp_153,Write the function body in solve.cpp based on the function definition and docstring below:,Develop the function body in solve.cpp based on the function definition and docstring below:
apps_python_154,Finalize the function body in solve.py based on the function definition and docstring below:,Devise the function body in solve.py based on the function definition and docstring below:
codecontests_cpp_154,Prepare the function body in solve.cpp based on the function definition and docstring below:,Author the function body in solve.cpp based on the function definition and docstring below:
codecontests_java_154,Save the function body in solve.java based on the function definition and docstring below:,Supply the function body in solve.java based on the function definition and docstring below:
humaneval_python_154,Manually build the function body in solve.py based on the function definition and docstring below:,Carefully implement the function body in solve.py based on the function definition and docstring below:
apps_python_155,Directly build the function body in solve.py based on the function definition and docstring below:,Independently develop the function body in solve.py based on the function definition and docstring below:
apps_python_156,Properly add the function body in solve.py based on the function definition and docstring below:,Properly develop the function body in solve.py based on the function definition and docstring below:
codecontests_cpp_156,Insert the function body in solve.cpp based on the function definition and docstring below:,Author the function body in solve.cpp based on the function definition and docstring below:
codecontests_java_156,Save the function body in solve.java based on the function definition and docstring below:,Design the function body in solve.java based on the function definition and docstring below:
apps_python_157,Insert the function body in solve.py based on the function definition and docstring below:,Supply the function body in solve.py based on the function definition and docstring below:
codecontests_java_157,Save the function body in solve.java based on the function definition and docstring below:,Supply the function body in solve.java based on the function definition and docstring below:
apps_python_158,Manually build the function body in solve.py based on the function definition and docstring below:,Independently develop the function body in solve.py based on the function definition and docstring below:
codecontests_cpp_158,Prepare the function body in solve.cpp based on the function definition and docstring below:,Author the function body in solve.cpp based on the function definition and docstring below:
codecontests_cpp_159,Write out the function body in solve.cpp based on the function definition and docstring below:,Build out the function body in solve.cpp based on the function definition and docstring below:
apps_python_160,Manually build the function body in solve.py based on the function definition and docstring below:,Carefully implement the function body in solve.py based on the function definition and docstring below:
apps_python_161,Directly implement the function body in solve.py based on the function definition and docstring below:,Carefully implement the function body in solve.py based on the function definition and docstring below:
codecontests_cpp_161,Properly add the function body in solve.cpp based on the function definition and docstring below:,Properly develop the function body in solve.cpp based on the function definition and docstring below:
humaneval_python_161,Manually build the function body in solve.py based on the function definition and docstring below:,Carefully implement the function body in solve.py based on the function definition and docstring below:
apps_python_163,Directly build the function body in solve.py based on the function definition and docstring below:,Independently develop the function body in solve.py based on the function definition and docstring below:
codecontests_java_163,Append the function body in solve.java based on the function definition and docstring below:,Design the function body in solve.java based on the function definition and docstring below:
codecontests_cpp_165,Prepare the function body in solve.cpp based on the function definition and docstring below:,Implement the function body in solve.cpp based on the function definition and docstring below:
codecontests_java_165,Paste the function body in solve.java based on the function definition and docstring below:,Compose the function body in solve.java based on the function definition and docstring below:
mbpp_python_165,Directly build the function body in solve.py based on the function definition and docstring below:,Independently develop the function body in solve.py based on the function definition and docstring below:
apps_python_166,Directly build the function body in solve.py based on the function definition and docstring below:,Independently develop the function body in solve.py based on the function definition and docstring below:
codecontests_java_166,Prepare the function body in solve.java based on the function definition and docstring below:,Craft the function body in solve.java based on the function definition and docstring below:
apps_python_167,Manually build the function body in solve.py based on the function definition and docstring below:,Independently develop the function body in solve.py based on the function definition and docstring below:
codecontests_java_167,Write the function body in solve.java based on the function definition and docstring below:,Develop the function body in solve.java based on the function definition and docstring below:
mbpp_python_167,Insert the function body in solve.py based on the function definition and docstring below:,Author the function body in solve.py based on the function definition and docstring below:
codecontests_java_168,Edit the function body in solve.java based on the function definition and docstring below:,Compose the function body in solve.java based on the function definition and docstring below:
codecontests_java_169,Manually build the function body in solve.java based on the function definition and docstring below:,Independently develop the function body in solve.java based on the function definition and docstring below:
apps_python_170,Directly build the function body in solve.py based on the function definition and docstring below:,Carefully implement the function body in solve.py based on the function definition and docstring below:
codecontests_cpp_170,Paste the function body in solve.cpp based on the function definition and docstring below:,Author the function body in solve.cpp based on the function definition and docstring below:
codecontests_java_171,Prefill the function body in solve.java based on the function definition and docstring below:,Formulate the function body in solve.java based on the function definition and docstring below:
apps_python_172,Directly build the function body in solve.py based on the function definition and docstring below:,Manually develop the function body in solve.py based on the function definition and docstring below:
codecontests_java_172,Write the function body in solve.java based on the function definition and docstring below:,Develop the function body in solve.java based on the function definition and docstring below:
codecontests_java_173,Insert the function body in solve.java based on the function definition and docstring below:,Supply the function body in solve.java based on the function definition and docstring below:
apps_python_174,Save the function body in solve.py based on the function definition and docstring below:,Craft the function body in solve.py based on the function definition and docstring below:
codecontests_java_174,Finalize the function body in solve.java based on the function definition and docstring below:,Devise the function body in solve.java based on the function definition and docstring below:
apps_python_175,Directly implement the function body in solve.py based on the function definition and docstring below:,Manually develop the function body in solve.py based on the function definition and docstring below:
codecontests_java_175,Finalize the function body in solve.java based on the function definition and docstring below:,Devise the function body in solve.java based on the function definition and docstring below:
mbpp_python_175,Create the function body in solve.py based on the function definition and docstring below:,Implement the function body in solve.py based on the function definition and docstring below:
codecontests_java_176,Prefill the function body in solve.java based on the function definition and docstring below:,Formulate the function body in solve.java based on the function definition and docstring below:
codecontests_java_177,Properly add the function body in solve.java based on the function definition and docstring below:,Properly develop the function body in solve.java based on the function definition and docstring below:
mbpp_python_177,Directly build the function body in solve.py based on the function definition and docstring below:,Carefully implement the function body in solve.py based on the function definition and docstring below:
codecontests_cpp_178,Edit the function body in solve.cpp based on the function definition and docstring below:,Author the function body in solve.cpp based on the function definition and docstring below:
codecontests_java_178,Insert the function body in solve.java based on the function definition and docstring below:,Design the function body in solve.java based on the function definition and docstring below:
apps_python_179,Finalize the function body in solve.py based on the function definition and docstring below:,Devise the function body in solve.py based on the function definition and docstring below:
codecontests_java_179,Finalize the function body in solve.java based on the function definition and docstring below:,Devise the function body in solve.java based on the function definition and docstring below:
apps_python_181,Prepare the function body in solve.py based on the function definition and docstring below:,Develop the function body in solve.py based on the function definition and docstring below:
codecontests_cpp_181,Manually build the function body in solve.cpp based on the function definition and docstring below:,Carefully implement the function body in solve.cpp based on the function definition and docstring below:
codecontests_java_181,Prefill the function body in solve.java based on the function definition and docstring below:,Formulate the function body in solve.java based on the function definition and docstring below:
codecontests_cpp_182,Prepare the function body in solve.cpp based on the function definition and docstring below:,Develop the function body in solve.cpp based on the function definition and docstring below:
codecontests_java_182,Finalize the function body in solve.java based on the function definition and docstring below:,Devise the function body in solve.java based on the function definition and docstring below:
apps_python_183,Directly build the function body in solve.py based on the function definition and docstring below:,Independently develop the function body in solve.py based on the function definition and docstring below:
codecontests_java_183,Edit the function body in solve.java based on the function definition and docstring below:,Compose the function body in solve.java based on the function definition and docstring below:
apps_python_184,Edit the function body in solve.py based on the function definition and docstring below:,Supply the function body in solve.py based on the function definition and docstring below:
codecontests_cpp_185,Properly add the function body in solve.cpp based on the function definition and docstring below:,Properly develop the function body in solve.cpp based on the function definition and docstring below:
mbpp_python_185,Directly build the function body in solve.py based on the function definition and docstring below:,Independently develop the function body in solve.py based on the function definition and docstring below:
apps_python_186,Manually build the function body in solve.py based on the function definition and docstring below:,Independently develop the function body in solve.py based on the function definition and docstring below:
codecontests_java_186,Save the function body in solve.java based on the function definition and docstring below:,Build the function body in solve.java based on the function definition and docstring below:
apps_python_187,Directly implement the function body in solve.py based on the function definition and docstring below:,Manually develop the function body in solve.py based on the function definition and docstring below:
apps_python_188,Write the function body in solve.py based on the function definition and docstring below:,Implement the function body in solve.py based on the function definition and docstring below:
codecontests_cpp_188,Prepare the function body in solve.cpp based on the function definition and docstring below:,Author the function body in solve.cpp based on the function definition and docstring below:
codecontests_cpp_189,Write the function body in solve.cpp based on the function definition and docstring below:,Develop the function body in solve.cpp based on the function definition and docstring below:
apps_python_190,Write the function body in solve.py based on the function definition and docstring below:,Implement the function body in solve.py based on the function definition and docstring below:
codecontests_java_190,Insert the function body in solve.java based on the function definition and docstring below:,Compose the function body in solve.java based on the function definition and docstring below:
apps_python_191,Create the function body in solve.py based on the function definition and docstring below:,Implement the function body in solve.py based on the function definition and docstring below:
codecontests_cpp_191,Properly add the function body in solve.cpp based on the function definition and docstring below:,Properly develop the function body in solve.cpp based on the function definition and docstring below:
codecontests_java_191,Append the function body in solve.java based on the function definition and docstring below:,Design the function body in solve.java based on the function definition and docstring below:
apps_python_192,Edit the function body in solve.py based on the function definition and docstring below:,Design the function body in solve.py based on the function definition and docstring below:
codecontests_java_192,Insert the function body in solve.java based on the function definition and docstring below:,Craft the function body in solve.java based on the function definition and docstring below:
codecontests_java_193,Properly add the function body in solve.java based on the function definition and docstring below:,Properly develop the function body in solve.java based on the function definition and docstring below:
apps_python_194,Finalize the function body in solve.py based on the function definition and docstring below:,Devise the function body in solve.py based on the function definition and docstring below:
codecontests_cpp_194,Paste the function body in solve.cpp based on the function definition and docstring below:,Author the function body in solve.cpp based on the function definition and docstring below:
codecontests_java_194,Insert the function body in solve.java based on the function definition and docstring below:,Build the function body in solve.java based on the function definition and docstring below:
mbpp_python_194,Properly add the function body in solve.py based on the function definition and docstring below:,Properly develop the function body in solve.py based on the function definition and docstring below:
apps_python_195,Directly build the function body in solve.py based on the function definition and docstring below:,Independently develop the function body in solve.py based on the function definition and docstring below:
codecontests_cpp_195,Prepare the function body in solve.cpp based on the function definition and docstring below:,Author the function body in solve.cpp based on the function definition and docstring below:
apps_python_196,Write the function body in solve.py based on the function definition and docstring below:,Implement the function body in solve.py based on the function definition and docstring below:
codecontests_java_196,Write the function body in solve.java based on the function definition and docstring below:,Develop the function body in solve.java based on the function definition and docstring below:
codecontests_cpp_197,Manually build the function body in solve.cpp based on the function definition and docstring below:,Manually develop the function body in solve.cpp based on the function definition and docstring below:
codecontests_java_197,Paste the function body in solve.java based on the function definition and docstring below:,Compose the function body in solve.java based on the function definition and docstring below:
apps_python_198,Directly implement the function body in solve.py based on the function definition and docstring below:,Manually develop the function body in solve.py based on the function definition and docstring below:
codecontests_java_198,Edit the function body in solve.java based on the function definition and docstring below:,Compose the function body in solve.java based on the function definition and docstring below:
apps_python_199,Write the function body in solve.py based on the function definition and docstring below:,Supply the function body in solve.py based on the function definition and docstring below:
codecontests_java_199,Edit the function body in solve.java based on the function definition and docstring below:,Craft the function body in solve.java based on the function definition and docstring below:
apps_python_200,Manually build the function body in solve.py based on the function definition and docstring below:,Manually develop the function body in solve.py based on the function definition and docstring below:
codecontests_cpp_200,Write out the function body in solve.cpp based on the function definition and docstring below:,Build out the function body in solve.cpp based on the function definition and docstring below:
apps_python_201,Prepare the function body in solve.py based on the function definition and docstring below:,Supply the function body in solve.py based on the function definition and docstring below:
codecontests_java_201,Finalize the function body in solve.java based on the function definition and docstring below:,Devise the function body in solve.java based on the function definition and docstring below:
apps_python_202,Directly build the function body in solve.py based on the function definition and docstring below:,Independently develop the function body in solve.py based on the function definition and docstring below:
codecontests_cpp_202,Write the function body in solve.cpp based on the function definition and docstring below:,Develop the function body in solve.cpp based on the function definition and docstring below:
codecontests_java_202,Paste the function body in solve.java based on the function definition and docstring below:,Craft the function body in solve.java based on the function definition and docstring below:
apps_python_203,Finalize the function body in solve.py based on the function definition and docstring below:,Devise the function body in solve.py based on the function definition and docstring below:
codecontests_cpp_203,Manually build the function body in solve.cpp based on the function definition and docstring below:,Carefully implement the function body in solve.cpp based on the function definition and docstring below:
codecontests_java_203,Manually build the function body in solve.java based on the function definition and docstring below:,Carefully implement the function body in solve.java based on the function definition and docstring below:
apps_python_204,Properly add the function body in solve.py based on the function definition and docstring below:,Properly develop the function body in solve.py based on the function definition and docstring below:
codecontests_cpp_204,Properly add the function body in solve.cpp based on the function definition and docstring below:,Properly develop the function body in solve.cpp based on the function definition and docstring below:
codecontests_java_204,Edit the function body in solve.java based on the function definition and docstring below:,Craft the function body in solve.java based on the function definition and docstring below:
mbpp_python_204,Directly build the function body in solve.py based on the function definition and docstring below:,Independently develop the function body in solve.py based on the function definition and docstring below:
apps_python_205,Save the function body in solve.py based on the function definition and docstring below:,Compose the function body in solve.py based on the function definition and docstring below:
codecontests_java_205,Edit the function body in solve.java based on the function definition and docstring below:,Compose the function body in solve.java based on the function definition and docstring below:
apps_python_206,Save the function body in solve.py based on the function definition and docstring below:,Build the function body in solve.py based on the function definition and docstring below:
codecontests_cpp_206,Prepare the function body in solve.cpp based on the function definition and docstring below:,Author the function body in solve.cpp based on the function definition and docstring below:
apps_python_207,Write out the function body in solve.py based on the function definition and docstring below:,Build out the function body in solve.py based on the function definition and docstring below:
codecontests_cpp_207,Directly implement the function body in solve.cpp based on the function definition and docstring below:,Manually develop the function body in solve.cpp based on the function definition and docstring below:
codecontests_java_207,Edit the function body in solve.java based on the function definition and docstring below:,Design the function body in solve.java based on the function definition and docstring below:
apps_python_208,Create the function body in solve.py based on the function definition and docstring below:,Implement the function body in solve.py based on the function definition and docstring below:
apps_python_209,Write out the function body in solve.py based on the function definition and docstring below:,Build out the function body in solve.py based on the function definition and docstring below:
codecontests_java_209,Directly implement the function body in solve.java based on the function definition and docstring below:,Independently develop the function body in solve.java based on the function definition and docstring below:
apps_python_210,Create the function body in solve.py based on the function definition and docstring below:,Author the function body in solve.py based on the function definition and docstring below:
codecontests_java_210,Directly implement the function body in solve.java based on the function definition and docstring below:,Manually develop the function body in solve.java based on the function definition and docstring below:
apps_python_211,Directly implement the function body in solve.py based on the function definition and docstring below:,Carefully implement the function body in solve.py based on the function definition and docstring below:
codecontests_cpp_211,Create the function body in solve.cpp based on the function definition and docstring below:,Implement the function body in solve.cpp based on the function definition and docstring below:
codecontests_java_211,Save the function body in solve.java based on the function definition and docstring below:,Supply the function body in solve.java based on the function definition and docstring below:
apps_python_212,Prepare the function body in solve.py based on the function definition and docstring below:,Supply the function body in solve.py based on the function definition and docstring below:
codecontests_java_212,Paste the function body in solve.java based on the function definition and docstring below:,Craft the function body in solve.java based on the function definition and docstring below:
apps_python_213,Write the function body in solve.py based on the function definition and docstring below:,Author the function body in solve.py based on the function definition and docstring below:
codecontests_cpp_213,Write the function body in solve.cpp based on the function definition and docstring below:,Implement the function body in solve.cpp based on the function definition and docstring below:
apps_python_214,Directly implement the function body in solve.py based on the function definition and docstring below:,Manually develop the function body in solve.py based on the function definition and docstring below:
codecontests_java_214,Directly implement the function body in solve.java based on the function definition and docstring below:,Independently develop the function body in solve.java based on the function definition and docstring below:
apps_python_215,Save the function body in solve.py based on the function definition and docstring below:,Supply the function body in solve.py based on the function definition and docstring below:
codecontests_cpp_215,Create the function body in solve.cpp based on the function definition and docstring below:,Implement the function body in solve.cpp based on the function definition and docstring below:
codecontests_java_215,Finalize the function body in solve.java based on the function definition and docstring below:,Devise the function body in solve.java based on the function definition and docstring below:
apps_python_216,Prefill the function body in solve.py based on the function definition and docstring below:,Formulate the function body in solve.py based on the function definition and docstring below:
apps_python_217,Directly build the function body in solve.py based on the function definition and docstring below:,Carefully implement the function body in solve.py based on the function definition and docstring below:
codecontests_java_217,Edit the function body in solve.java based on the function definition and docstring below:,Supply the function body in solve.java based on the function definition and docstring below:
apps_python_218,Manually build the function body in solve.py based on the function definition and docstring below:,Manually develop the function body in solve.py based on the function definition and docstring below:
apps_python_219,Paste the function body in solve.py based on the function definition and docstring below:,Author the function body in solve.py based on the function definition and docstring below:
codecontests_java_219,Save the function body in solve.java based on the function definition and docstring below:,Design the function body in solve.java based on the function definition and docstring below:
apps_python_220,Finalize the function body in solve.py based on the function definition and docstring below:,Formulate the function body in solve.py based on the function definition and docstring below:
codecontests_cpp_220,Manually build the function body in solve.cpp based on the function definition and docstring below:,Carefully implement the function body in solve.cpp based on the function definition and docstring below:
codecontests_java_220,Write out the function body in solve.java based on the function definition and docstring below:,Build out the function body in solve.java based on the function definition and docstring below:
apps_python_221,Write out the function body in solve.py based on the function definition and docstring below:,Build out the function body in solve.py based on the function definition and docstring below:
codecontests_java_221,Save the function body in solve.java based on the function definition and docstring below:,Supply the function body in solve.java based on the function definition and docstring below:
mbpp_python_221,Directly build the function body in solve.py based on the function definition and docstring below:,Carefully implement the function body in solve.py based on the function definition and docstring below:
apps_python_222,Directly build the function body in solve.py based on the function definition and docstring below:,Manually develop the function body in solve.py based on the function definition and docstring below:
codecontests_java_222,Manually build the function body in solve.java based on the function definition and docstring below:,Manually develop the function body in solve.java based on the function definition and docstring below:
apps_python_223,Paste the function body in solve.py based on the function definition and docstring below:,Design the function body in solve.py based on the function definition and docstring below:
codecontests_cpp_223,Properly add the function body in solve.cpp based on the function definition and docstring below:,Properly develop the function body in solve.cpp based on the function definition and docstring below:
codecontests_java_223,Finalize the function body in solve.java based on the function definition and docstring below:,Devise the function body in solve.java based on the function definition and docstring below:
codecontests_java_224,Manually build the function body in solve.java based on the function definition and docstring below:,Manually develop the function body in solve.java based on the function definition and docstring below:
mbpp_python_224,Save the function body in solve.py based on the function definition and docstring below:,Design the function body in solve.py based on the function definition and docstring below:
apps_python_225,Prepare the function body in solve.py based on the function definition and docstring below:,Implement the function body in solve.py based on the function definition and docstring below:
codecontests_cpp_225,Directly implement the function body in solve.cpp based on the function definition and docstring below:,Carefully implement the function body in solve.cpp based on the function definition and docstring below:
codecontests_java_226,Edit the function body in solve.java based on the function definition and docstring below:,Implement the function body in solve.java based on the function definition and docstring below:
apps_python_227,Save the function body in solve.py based on the function definition and docstring below:,Supply the function body in solve.py based on the function definition and docstring below:
codecontests_java_227,Paste the function body in solve.java based on the function definition and docstring below:,Compose the function body in solve.java based on the function definition and docstring below:
codecontests_java_228,Finalize the function body in solve.java based on the function definition and docstring below:,Devise the function body in solve.java based on the function definition and docstring below:
apps_python_229,Manually build the function body in solve.py based on the function definition and docstring below:,Carefully implement the function body in solve.py based on the function definition and docstring below:
apps_python_230,Directly implement the function body in solve.py based on the function definition and docstring below:,Carefully implement the function body in solve.py based on the function definition and docstring below:
codecontests_java_230,Prepare the function body in solve.java based on the function definition and docstring below:,Craft the function body in solve.java based on the function definition and docstring below:
mbpp_python_230,Write out the function body in solve.py based on the function definition and docstring below:,Build out the function body in solve.py based on the function definition and docstring below:
apps_python_231,Directly implement the function body in solve.py based on the function definition and docstring below:,Manually develop the function body in solve.py based on the function definition and docstring below:
codecontests_java_231,Prepare the function body in solve.java based on the function definition and docstring below:,Craft the function body in solve.java based on the function definition and docstring below:
apps_python_232,Insert the function body in solve.py based on the function definition and docstring below:,Supply the function body in solve.py based on the function definition and docstring below:
apps_python_233,Insert the function body in solve.py based on the function definition and docstring below:,Design the function body in solve.py based on the function definition and docstring below:
codecontests_java_233,Insert the function body in solve.java based on the function definition and docstring below:,Compose the function body in solve.java based on the function definition and docstring below:
codecontests_cpp_235,Create the function body in solve.cpp based on the function definition and docstring below:,Develop the function body in solve.cpp based on the function definition and docstring below:
codecontests_java_235,Prefill the function body in solve.java based on the function definition and docstring below:,Formulate the function body in solve.java based on the function definition and docstring below:
apps_python_236,Manually build the function body in solve.py based on the function definition and docstring below:,Carefully implement the function body in solve.py based on the function definition and docstring below:
codecontests_cpp_236,Manually build the function body in solve.cpp based on the function definition and docstring below:,Carefully implement the function body in solve.cpp based on the function definition and docstring below:
codecontests_java_236,Save the function body in solve.java based on the function definition and docstring below:,Build the function body in solve.java based on the function definition and docstring below:
codecontests_java_237,Edit the function body in solve.java based on the function definition and docstring below:,Craft the function body in solve.java based on the function definition and docstring below:
apps_python_238,Directly build the function body in solve.py based on the function definition and docstring below:,Independently develop the function body in solve.py based on the function definition and docstring below:
codecontests_java_238,Edit the function body in solve.java based on the function definition and docstring below:,Craft the function body in solve.java based on the function definition and docstring below:
apps_python_239,Write out the function body in solve.py based on the function definition and docstring below:,Build out the function body in solve.py based on the function definition and docstring below:
codecontests_java_239,Write the function body in solve.java based on the function definition and docstring below:,Develop the function body in solve.java based on the function definition and docstring below:
apps_python_240,Paste the function body in solve.py based on the function definition and docstring below:,Design the function body in solve.py based on the function definition and docstring below:
codecontests_java_240,Append the function body in solve.java based on the function definition and docstring below:,Build the function body in solve.java based on the function definition and docstring below:
codecontests_java_241,Edit the function body in solve.java based on the function definition and docstring below:,Craft the function body in solve.java based on the function definition and docstring below:
apps_python_242,Properly add the function body in solve.py based on the function definition and docstring below:,Properly develop the function body in solve.py based on the function definition and docstring below:
codecontests_cpp_242,Write the function body in solve.cpp based on the function definition and docstring below:,Implement the function body in solve.cpp based on the function definition and docstring below:
codecontests_java_243,Write the function body in solve.java based on the function definition and docstring below:,Develop the function body in solve.java based on the function definition and docstring below:
apps_python_245,Write out the function body in solve.py based on the function definition and docstring below:,Build out the function body in solve.py based on the function definition and docstring below:
codecontests_cpp_245,Write the function body in solve.cpp based on the function definition and docstring below:,Develop the function body in solve.cpp based on the function definition and docstring below:
mbpp_python_245,Insert the function body in solve.py based on the function definition and docstring below:,Design the function body in solve.py based on the function definition and docstring below:
codecontests_cpp_246,Properly add the function body in solve.cpp based on the function definition and docstring below:,Properly develop the function body in solve.cpp based on the function definition and docstring below:
codecontests_java_246,Append the function body in solve.java based on the function definition and docstring below:,Build the function body in solve.java based on the function definition and docstring below:
codecontests_java_247,Paste the function body in solve.java based on the function definition and docstring below:,Craft the function body in solve.java based on the function definition and docstring below:
codecontests_cpp_248,Write the function body in solve.cpp based on the function definition and docstring below:,Develop the function body in solve.cpp based on the function definition and docstring below:
codecontests_java_248,Finalize the function body in solve.java based on the function definition and docstring below:,Devise the function body in solve.java based on the function definition and docstring below:
apps_python_249,Manually build the function body in solve.py based on the function definition and docstring below:,Carefully implement the function body in solve.py based on the function definition and docstring below:
codecontests_java_249,Prefill the function body in solve.java based on the function definition and docstring below:,Formulate the function body in solve.java based on the function definition and docstring below:
codecontests_java_250,Edit the function body in solve.java based on the function definition and docstring below:,Compose the function body in solve.java based on the function definition and docstring below:
apps_python_251,Write the function body in solve.py based on the function definition and docstring below:,Implement the function body in solve.py based on the function definition and docstring below:
codecontests_java_251,Finalize the function body in solve.java based on the function definition and docstring below:,Devise the function body in solve.java based on the function definition and docstring below:
apps_python_252,Save the function body in solve.py based on the function definition and docstring below:,Author the function body in solve.py based on the function definition and docstring below:
codecontests_java_252,Paste the function body in solve.java based on the function definition and docstring below:,Compose the function body in solve.java based on the function definition and docstring below:
apps_python_253,Write the function body in solve.py based on the function definition and docstring below:,Supply the function body in solve.py based on the function definition and docstring below:
codecontests_cpp_253,Create the function body in solve.cpp based on the function definition and docstring below:,Implement the function body in solve.cpp based on the function definition and docstring below:
codecontests_java_253,Prefill the function body in solve.java based on the function definition and docstring below:,Formulate the function body in solve.java based on the function definition and docstring below:
apps_python_254,Insert the function body in solve.py based on the function definition and docstring below:,Supply the function body in solve.py based on the function definition and docstring below:
codecontests_cpp_254,Write out the function body in solve.cpp based on the function definition and docstring below:,Build out the function body in solve.cpp based on the function definition and docstring below:
codecontests_cpp_255,Properly add the function body in solve.cpp based on the function definition and docstring below:,Properly develop the function body in solve.cpp based on the function definition and docstring below:
codecontests_java_255,Write out the function body in solve.java based on the function definition and docstring below:,Build out the function body in solve.java based on the function definition and docstring below:
apps_python_256,Directly build the function body in solve.py based on the function definition and docstring below:,Independently develop the function body in solve.py based on the function definition and docstring below:
codecontests_cpp_256,Directly implement the function body in solve.cpp based on the function definition and docstring below:,Manually develop the function body in solve.cpp based on the function definition and docstring below:
codecontests_java_256,Save the function body in solve.java based on the function definition and docstring below:,Design the function body in solve.java based on the function definition and docstring below:
codecontests_cpp_257,Create the function body in solve.cpp based on the function definition and docstring below:,Develop the function body in solve.cpp based on the function definition and docstring below:
apps_python_258,Directly build the function body in solve.py based on the function definition and docstring below:,Carefully implement the function body in solve.py based on the function definition and docstring below:
codecontests_cpp_258,Prepare the function body in solve.cpp based on the function definition and docstring below:,Author the function body in solve.cpp based on the function definition and docstring below:
apps_python_259,Directly build the function body in solve.py based on the function definition and docstring below:,Carefully implement the function body in solve.py based on the function definition and docstring below:
codecontests_java_259,Append the function body in solve.java based on the function definition and docstring below:,Build the function body in solve.java based on the function definition and docstring below:
apps_python_260,Insert the function body in solve.py based on the function definition and docstring below:,Design the function body in solve.py based on the function definition and docstring below:
apps_python_261,Manually build the function body in solve.py based on the function definition and docstring below:,Carefully implement the function body in solve.py based on the function definition and docstring below:
codecontests_cpp_261,Create the function body in solve.cpp based on the function definition and docstring below:,Develop the function body in solve.cpp based on the function definition and docstring below:
codecontests_java_261,Finalize the function body in solve.java based on the function definition and docstring below:,Devise the function body in solve.java based on the function definition and docstring below:
codecontests_cpp_262,Manually build the function body in solve.cpp based on the function definition and docstring below:,Carefully implement the function body in solve.cpp based on the function definition and docstring below:
codecontests_java_262,Manually build the function body in solve.java based on the function definition and docstring below:,Carefully implement the function body in solve.java based on the function definition and docstring below:
apps_python_263,Create the function body in solve.py based on the function definition and docstring below:,Supply the function body in solve.py based on the function definition and docstring below:
codecontests_cpp_263,Create the function body in solve.cpp based on the function definition and docstring below:,Implement the function body in solve.cpp based on the function definition and docstring below:
codecontests_java_263,Save the function body in solve.java based on the function definition and docstring below:,Supply the function body in solve.java based on the function definition and docstring below:
codecontests_cpp_264,Properly add the function body in solve.cpp based on the function definition and docstring below:,Properly develop the function body in solve.cpp based on the function definition and docstring below:
codecontests_cpp_265,Write out the function body in solve.cpp based on the function definition and docstring below:,Build out the function body in solve.cpp based on the function definition and docstring below:
apps_python_266,Insert the function body in solve.py based on the function definition and docstring below:,Design the function body in solve.py based on the function definition and docstring below:
apps_python_267,Directly implement the function body in solve.py based on the function definition and docstring below:,Manually develop the function body in solve.py based on the function definition and docstring below:
codecontests_java_267,Manually build the function body in solve.java based on the function definition and docstring below:,Manually develop the function body in solve.java based on the function definition and docstring below:
codecontests_java_268,Prefill the function body in solve.java based on the function definition and docstring below:,Formulate the function body in solve.java based on the function definition and docstring below:
apps_python_270,Directly build the function body in solve.py based on the function definition and docstring below:,Independently develop the function body in solve.py based on the function definition and docstring below:
mbpp_python_271,Write out the function body in solve.py based on the function definition and docstring below:,Build out the function body in solve.py based on the function definition and docstring below:
codecontests_cpp_272,Write the function body in solve.cpp based on the function definition and docstring below:,Author the function body in solve.cpp based on the function definition and docstring below:
codecontests_java_272,Save the function body in solve.java based on the function definition and docstring below:,Build the function body in solve.java based on the function definition and docstring below:
apps_python_273,Directly implement the function body in solve.py based on the function definition and docstring below:,Manually develop the function body in solve.py based on the function definition and docstring below:
mbpp_python_273,Manually build the function body in solve.py based on the function definition and docstring below:,Carefully implement the function body in solve.py based on the function definition and docstring below:
codecontests_cpp_274,Prepare the function body in solve.cpp based on the function definition and docstring below:,Develop the function body in solve.cpp based on the function definition and docstring below:
codecontests_java_274,Insert the function body in solve.java based on the function definition and docstring below:,Supply the function body in solve.java based on the function definition and docstring below:
codecontests_java_275,Create the function body in solve.java based on the function definition and docstring below:,Compose the function body in solve.java based on the function definition and docstring below:
codecontests_cpp_276,Properly add the function body in solve.cpp based on the function definition and docstring below:,Properly develop the function body in solve.cpp based on the function definition and docstring below:
codecontests_java_276,Insert the function body in solve.java based on the function definition and docstring below:,Compose the function body in solve.java based on the function definition and docstring below:
mbpp_python_276,Write out the function body in solve.py based on the function definition and docstring below:,Build out the function body in solve.py based on the function definition and docstring below:
apps_python_277,Paste the function body in solve.py based on the function definition and docstring below:,Design the function body in solve.py based on the function definition and docstring below:
codecontests_java_277,Prefill the function body in solve.java based on the function definition and docstring below:,Formulate the function body in solve.java based on the function definition and docstring below:
codecontests_java_278,Prepare the function body in solve.java based on the function definition and docstring below:,Craft the function body in solve.java based on the function definition and docstring below:
apps_python_279,Save the function body in solve.py based on the function definition and docstring below:,Supply the function body in solve.py based on the function definition and docstring below:
codecontests_cpp_279,Properly add the function body in solve.cpp based on the function definition and docstring below:,Properly develop the function body in solve.cpp based on the function definition and docstring below:
codecontests_java_279,Append the function body in solve.java based on the function definition and docstring below:,Build the function body in solve.java based on the function definition and docstring below:
apps_python_280,Properly add the function body in solve.py based on the function definition and docstring below:,Properly develop the function body in solve.py based on the function definition and docstring below:
codecontests_java_280,Finalize the function body in solve.java based on the function definition and docstring below:,Devise the function body in solve.java based on the function definition and docstring below:
codecontests_cpp_281,Directly implement the function body in solve.cpp based on the function definition and docstring below:,Carefully implement the function body in solve.cpp based on the function definition and docstring below:
codecontests_java_283,Prefill the function body in solve.java based on the function definition and docstring below:,Formulate the function body in solve.java based on the function definition and docstring below:
apps_python_284,Prepare the function body in solve.py based on the function definition and docstring below:,Implement the function body in solve.py based on the function definition and docstring below:
codecontests_cpp_284,Append the function body in solve.cpp based on the function definition and docstring below:,Supply the function body in solve.cpp based on the function definition and docstring below:
codecontests_java_284,Append the function body in solve.java based on the function definition and docstring below:,Build the function body in solve.java based on the function definition and docstring below:
apps_python_285,Edit the function body in solve.py based on the function definition and docstring below:,Author the function body in solve.py based on the function definition and docstring below:
codecontests_cpp_285,Prepare the function body in solve.cpp based on the function definition and docstring below:,Author the function body in solve.cpp based on the function definition and docstring below:
mbpp_python_285,Properly add the function body in solve.py based on the function definition and docstring below:,Properly develop the function body in solve.py based on the function definition and docstring below:
codecontests_java_286,Edit the function body in solve.java based on the function definition and docstring below:,Craft the function body in solve.java based on the function definition and docstring below:
codecontests_java_287,Edit the function body in solve.java based on the function definition and docstring below:,Build the function body in solve.java based on the function definition and docstring below:
apps_python_288,Directly implement the function body in solve.py based on the function definition and docstring below:,Independently develop the function body in solve.py based on the function definition and docstring below:
codecontests_cpp_288,Properly add the function body in solve.cpp based on the function definition and docstring below:,Properly develop the function body in solve.cpp based on the function definition and docstring below:
codecontests_java_288,Prefill the function body in solve.java based on the function definition and docstring below:,Formulate the function body in solve.java based on the function definition and docstring below:
codecontests_java_289,Finalize the function body in solve.java based on the function definition and docstring below:,Devise the function body in solve.java based on the function definition and docstring below:
codecontests_java_290,Properly add the function body in solve.java based on the function definition and docstring below:,Properly develop the function body in solve.java based on the function definition and docstring below:
apps_python_291,Properly add the function body in solve.py based on the function definition and docstring below:,Properly develop the function body in solve.py based on the function definition and docstring below:
codecontests_java_291,Edit the function body in solve.java based on the function definition and docstring below:,Compose the function body in solve.java based on the function definition and docstring below:
mbpp_python_291,Properly add the function body in solve.py based on the function definition and docstring below:,Properly develop the function body in solve.py based on the function definition and docstring below:
codecontests_cpp_292,Prepare the function body in solve.cpp based on the function definition and docstring below:,Craft the function body in solve.cpp based on the function definition and docstring below:
codecontests_java_292,Save the function body in solve.java based on the function definition and docstring below:,Supply the function body in solve.java based on the function definition and docstring below:
apps_python_293,Manually build the function body in solve.py based on the function definition and docstring below:,Independently develop the function body in solve.py based on the function definition and docstring below:
apps_python_294,Finalize the function body in solve.py based on the function definition and docstring below:,Devise the function body in solve.py based on the function definition and docstring below:
codecontests_cpp_294,Prepare the function body in solve.cpp based on the function definition and docstring below:,Implement the function body in solve.cpp based on the function definition and docstring below:
codecontests_java_294,Insert the function body in solve.java based on the function definition and docstring below:,Compose the function body in solve.java based on the function definition and docstring below:
apps_python_295,Paste the function body in solve.py based on the function definition and docstring below:,Supply the function body in solve.py based on the function definition and docstring below:
apps_python_296,Write out the function body in solve.py based on the function definition and docstring below:,Build out the function body in solve.py based on the function definition and docstring below:
codecontests_cpp_296,Create the function body in solve.cpp based on the function definition and docstring below:,Author the function body in solve.cpp based on the function definition and docstring below:
apps_python_297,Save the function body in solve.py based on the function definition and docstring below:,Build the function body in solve.py based on the function definition and docstring below:
codecontests_cpp_297,Prepare the function body in solve.cpp based on the function definition and docstring below:,Develop the function body in solve.cpp based on the function definition and docstring below:
codecontests_java_297,Insert the function body in solve.java based on the function definition and docstring below:,Compose the function body in solve.java based on the function definition and docstring below:
apps_python_298,Save the function body in solve.py based on the function definition and docstring below:,Supply the function body in solve.py based on the function definition and docstring below:
codecontests_java_298,Finalize the function body in solve.java based on the function definition and docstring below:,Devise the function body in solve.java based on the function definition and docstring below:
codecontests_java_299,Manually build the function body in solve.java based on the function definition and docstring below:,Independently develop the function body in solve.java based on the function definition and docstring below:
mbpp_python_299,Write out the function body in solve.py based on the function definition and docstring below:,Build out the function body in solve.py based on the function definition and docstring below:
apps_python_300,Write out the function body in solve.py based on the function definition and docstring below:,Build out the function body in solve.py based on the function definition and docstring below:
apps_python_301,Manually build the function body in solve.py based on the function definition and docstring below:,Manually develop the function body in solve.py based on the function definition and docstring below:
codecontests_cpp_301,Write the function body in solve.cpp based on the function definition and docstring below:,Develop the function body in solve.cpp based on the function definition and docstring below:
codecontests_java_301,Save the function body in solve.java based on the function definition and docstring below:,Build the function body in solve.java based on the function definition and docstring below:
codecontests_java_302,Insert the function body in solve.java based on the function definition and docstring below:,Compose the function body in solve.java based on the function definition and docstring below:
mbpp_python_302,Directly implement the function body in solve.py based on the function definition and docstring below:,Carefully implement the function body in solve.py based on the function definition and docstring below:
apps_python_303,Paste the function body in solve.py based on the function definition and docstring below:,Supply the function body in solve.py based on the function definition and docstring below:
codecontests_java_303,Paste the function body in solve.java based on the function definition and docstring below:,Craft the function body in solve.java based on the function definition and docstring below:
codecontests_cpp_304,Directly implement the function body in solve.cpp based on the function definition and docstring below:,Manually develop the function body in solve.cpp based on the function definition and docstring below:
codecontests_java_304,Insert the function body in solve.java based on the function definition and docstring below:,Craft the function body in solve.java based on the function definition and docstring below:
mbpp_python_305,Directly build the function body in solve.py based on the function definition and docstring below:,Independently develop the function body in solve.py based on the function definition and docstring below:
apps_python_306,Save the function body in solve.py based on the function definition and docstring below:,Compose the function body in solve.py based on the function definition and docstring below:
codecontests_java_307,Manually build the function body in solve.java based on the function definition and docstring below:,Independently develop the function body in solve.java based on the function definition and docstring below:
apps_python_308,Write out the function body in solve.py based on the function definition and docstring below:,Build out the function body in solve.py based on the function definition and docstring below:
codecontests_java_308,Paste the function body in solve.java based on the function definition and docstring below:,Compose the function body in solve.java based on the function definition and docstring below:
mbpp_python_308,Directly build the function body in solve.py based on the function definition and docstring below:,Independently develop the function body in solve.py based on the function definition and docstring below:
apps_python_309,Prepare the function body in solve.py based on the function definition and docstring below:,Design the function body in solve.py based on the function definition and docstring below:
codecontests_java_309,Properly add the function body in solve.java based on the function definition and docstring below:,Properly develop the function body in solve.java based on the function definition and docstring below:
apps_python_310,Write the function body in solve.py based on the function definition and docstring below:,Implement the function body in solve.py based on the function definition and docstring below:
codecontests_cpp_310,Create the function body in solve.cpp based on the function definition and docstring below:,Implement the function body in solve.cpp based on the function definition and docstring below:
codecontests_java_310,Append the function body in solve.java based on the function definition and docstring below:,Build the function body in solve.java based on the function definition and docstring below:
apps_python_311,Directly implement the function body in solve.py based on the function definition and docstring below:,Independently develop the function body in solve.py based on the function definition and docstring below:
apps_python_312,Write out the function body in solve.py based on the function definition and docstring below:,Build out the function body in solve.py based on the function definition and docstring below:
codecontests_cpp_312,Write the function body in solve.cpp based on the function definition and docstring below:,Develop the function body in solve.cpp based on the function definition and docstring below:
codecontests_java_312,Insert the function body in solve.java based on the function definition and docstring below:,Supply the function body in solve.java based on the function definition and docstring below:
apps_python_313,Write the function body in solve.py based on the function definition and docstring below:,Design the function body in solve.py based on the function definition and docstring below:
codecontests_java_313,Append the function body in solve.java based on the function definition and docstring below:,Build the function body in solve.java based on the function definition and docstring below:
apps_python_314,Finalize the function body in solve.py based on the function definition and docstring below:,Formulate the function body in solve.py based on the function definition and docstring below:
codecontests_cpp_314,Properly add the function body in solve.cpp based on the function definition and docstring below:,Properly develop the function body in solve.cpp based on the function definition and docstring below:
codecontests_java_314,Finalize the function body in solve.java based on the function definition and docstring below:,Devise the function body in solve.java based on the function definition and docstring below:
codecontests_cpp_315,Prepare the function body in solve.cpp based on the function definition and docstring below:,Implement the function body in solve.cpp based on the function definition and docstring below:
codecontests_java_315,Finalize the function body in solve.java based on the function definition and docstring below:,Devise the function body in solve.java based on the function definition and docstring below:
apps_python_316,Directly build the function body in solve.py based on the function definition and docstring below:,Independently develop the function body in solve.py based on the function definition and docstring below:
apps_python_317,Properly add the function body in solve.py based on the function definition and docstring below:,Properly develop the function body in solve.py based on the function definition and docstring below:
codecontests_cpp_317,Prepare the function body in solve.cpp based on the function definition and docstring below:,Develop the function body in solve.cpp based on the function definition and docstring below:
codecontests_java_317,Paste the function body in solve.java based on the function definition and docstring below:,Craft the function body in solve.java based on the function definition and docstring below:
codecontests_java_318,Create the function body in solve.java based on the function definition and docstring below:,Compose the function body in solve.java based on the function definition and docstring below:
apps_python_319,Manually build the function body in solve.py based on the function definition and docstring below:,Independently develop the function body in solve.py based on the function definition and docstring below:
codecontests_java_319,Edit the function body in solve.java based on the function definition and docstring below:,Build the function body in solve.java based on the function definition and docstring below:
codecontests_cpp_320,Properly add the function body in solve.cpp based on the function definition and docstring below:,Properly develop the function body in solve.cpp based on the function definition and docstring below:
codecontests_java_320,Prefill the function body in solve.java based on the function definition and docstring below:,Formulate the function body in solve.java based on the function definition and docstring below:
apps_python_321,Directly build the function body in solve.py based on the function definition and docstring below:,Independently develop the function body in solve.py based on the function definition and docstring below:
codecontests_java_321,Finalize the function body in solve.java based on the function definition and docstring below:,Devise the function body in solve.java based on the function definition and docstring below:
mbpp_python_321,Manually build the function body in solve.py based on the function definition and docstring below:,Carefully implement the function body in solve.py based on the function definition and docstring below:
apps_python_322,Properly add the function body in solve.py based on the function definition and docstring below:,Properly develop the function body in solve.py based on the function definition and docstring below:
codecontests_cpp_322,Directly implement the function body in solve.cpp based on the function definition and docstring below:,Independently develop the function body in solve.cpp based on the function definition and docstring below:
apps_python_323,Properly add the function body in solve.py based on the function definition and docstring below:,Properly develop the function body in solve.py based on the function definition and docstring below:
codecontests_java_323,Finalize the function body in solve.java based on the function definition and docstring below:,Devise the function body in solve.java based on the function definition and docstring below:
apps_python_324,Properly add the function body in solve.py based on the function definition and docstring below:,Properly develop the function body in solve.py based on the function definition and docstring below:
apps_python_325,Prefill the function body in solve.py based on the function definition and docstring below:,Formulate the function body in solve.py based on the function definition and docstring below:
apps_python_326,Edit the function body in solve.py based on the function definition and docstring below:,Craft the function body in solve.py based on the function definition and docstring below:
codecontests_java_326,Save the function body in solve.java based on the function definition and docstring below:,Design the function body in solve.java based on the function definition and docstring below:
codecontests_cpp_327,Create the function body in solve.cpp based on the function definition and docstring below:,Implement the function body in solve.cpp based on the function definition and docstring below:
mbpp_python_327,Prepare the function body in solve.py based on the function definition and docstring below:,Implement the function body in solve.py based on the function definition and docstring below:
apps_python_328,Write out the function body in solve.py based on the function definition and docstring below:,Build out the function body in solve.py based on the function definition and docstring below:
codecontests_cpp_328,Prepare the function body in solve.cpp based on the function definition and docstring below:,Develop the function body in solve.cpp based on the function definition and docstring below:
codecontests_cpp_329,Write the function body in solve.cpp based on the function definition and docstring below:,Develop the function body in solve.cpp based on the function definition and docstring below:
apps_python_330,Write out the function body in solve.py based on the function definition and docstring below:,Build out the function body in solve.py based on the function definition and docstring below:
codecontests_cpp_330,Prepare the function body in solve.cpp based on the function definition and docstring below:,Implement the function body in solve.cpp based on the function definition and docstring below:
codecontests_java_330,Directly build the function body in solve.java based on the function definition and docstring below:,Independently develop the function body in solve.java based on the function definition and docstring below:
apps_python_331,Prepare the function body in solve.py based on the function definition and docstring below:,Design the function body in solve.py based on the function definition and docstring below:
codecontests_java_331,Edit the function body in solve.java based on the function definition and docstring below:,Compose the function body in solve.java based on the function definition and docstring below:
codecontests_cpp_332,Create the function body in solve.cpp based on the function definition and docstring below:,Implement the function body in solve.cpp based on the function definition and docstring below:
codecontests_java_332,Save the function body in solve.java based on the function definition and docstring below:,Supply the function body in solve.java based on the function definition and docstring below:
apps_python_333,Directly build the function body in solve.py based on the function definition and docstring below:,Manually develop the function body in solve.py based on the function definition and docstring below:
codecontests_java_333,Insert the function body in solve.java based on the function definition and docstring below:,Supply the function body in solve.java based on the function definition and docstring below:
codecontests_java_334,Append the function body in solve.java based on the function definition and docstring below:,Design the function body in solve.java based on the function definition and docstring below:
codecontests_cpp_335,Prepare the function body in solve.cpp based on the function definition and docstring below:,Develop the function body in solve.cpp based on the function definition and docstring below:
mbpp_python_335,Directly implement the function body in solve.py based on the function definition and docstring below:,Carefully implement the function body in solve.py based on the function definition and docstring below:
apps_python_336,Prepare the function body in solve.py based on the function definition and docstring below:,Craft the function body in solve.py based on the function definition and docstring below:
codecontests_java_336,Prepare the function body in solve.java based on the function definition and docstring below:,Compose the function body in solve.java based on the function definition and docstring below:
codecontests_cpp_337,Manually build the function body in solve.cpp based on the function definition and docstring below:,Carefully implement the function body in solve.cpp based on the function definition and docstring below:
apps_python_338,Paste the function body in solve.py based on the function definition and docstring below:,Author the function body in solve.py based on the function definition and docstring below:
codecontests_java_338,Properly add the function body in solve.java based on the function definition and docstring below:,Properly develop the function body in solve.java based on the function definition and docstring below:
apps_python_339,Paste the function body in solve.py based on the function definition and docstring below:,Supply the function body in solve.py based on the function definition and docstring below:
codecontests_cpp_339,Create the function body in solve.cpp based on the function definition and docstring below:,Develop the function body in solve.cpp based on the function definition and docstring below:
codecontests_java_339,Edit the function body in solve.java based on the function definition and docstring below:,Supply the function body in solve.java based on the function definition and docstring below:
codecontests_cpp_340,Properly add the function body in solve.cpp based on the function definition and docstring below:,Properly develop the function body in solve.cpp based on the function definition and docstring below:
codecontests_java_340,Finalize the function body in solve.java based on the function definition and docstring below:,Devise the function body in solve.java based on the function definition and docstring below:
apps_python_341,Directly build the function body in solve.py based on the function definition and docstring below:,Independently develop the function body in solve.py based on the function definition and docstring below:
codecontests_cpp_341,Prepare the function body in solve.cpp based on the function definition and docstring below:,Develop the function body in solve.cpp based on the function definition and docstring below:
codecontests_java_341,Edit the function body in solve.java based on the function definition and docstring below:,Compose the function body in solve.java based on the function definition and docstring below:
codecontests_cpp_342,Create the function body in solve.cpp based on the function definition and docstring below:,Implement the function body in solve.cpp based on the function definition and docstring below:
codecontests_java_343,Directly implement the function body in solve.java based on the function definition and docstring below:,Independently develop the function body in solve.java based on the function definition and docstring below:
codecontests_cpp_344,Create the function body in solve.cpp based on the function definition and docstring below:,Develop the function body in solve.cpp based on the function definition and docstring below:
codecontests_java_344,Paste the function body in solve.java based on the function definition and docstring below:,Supply the function body in solve.java based on the function definition and docstring below:
apps_python_345,Write the function body in solve.py based on the function definition and docstring below:,Implement the function body in solve.py based on the function definition and docstring below:
codecontests_java_345,Edit the function body in solve.java based on the function definition and docstring below:,Craft the function body in solve.java based on the function definition and docstring below:
apps_python_346,Prepare the function body in solve.py based on the function definition and docstring below:,Author the function body in solve.py based on the function definition and docstring below:
codecontests_cpp_346,Write the function body in solve.cpp based on the function definition and docstring below:,Develop the function body in solve.cpp based on the function definition and docstring below:
codecontests_java_346,Properly add the function body in solve.java based on the function definition and docstring below:,Properly develop the function body in solve.java based on the function definition and docstring below:
apps_python_347,Properly add the function body in solve.py based on the function definition and docstring below:,Properly develop the function body in solve.py based on the function definition and docstring below:
codecontests_cpp_347,Manually build the function body in solve.cpp based on the function definition and docstring below:,Carefully implement the function body in solve.cpp based on the function definition and docstring below:
codecontests_java_347,Finalize the function body in solve.java based on the function definition and docstring below:,Devise the function body in solve.java based on the function definition and docstring below:
codecontests_java_348,Properly add the function body in solve.java based on the function definition and docstring below:,Properly develop the function body in solve.java based on the function definition and docstring below:
codecontests_cpp_349,Create the function body in solve.cpp based on the function definition and docstring below:,Implement the function body in solve.cpp based on the function definition and docstring below:
codecontests_java_349,Prepare the function body in solve.java based on the function definition and docstring below:,Craft the function body in solve.java based on the function definition and docstring below:
codecontests_java_350,Edit the function body in solve.java based on the function definition and docstring below:,Compose the function body in solve.java based on the function definition and docstring below:
apps_python_351,Prefill the function body in solve.py based on the function definition and docstring below:,Formulate the function body in solve.py based on the function definition and docstring below:
apps_python_352,Directly implement the function body in solve.py based on the function definition and docstring below:,Manually develop the function body in solve.py based on the function definition and docstring below:
codecontests_java_353,Append the function body in solve.java based on the function definition and docstring below:,Build the function body in solve.java based on the function definition and docstring below:
codecontests_cpp_354,Write the function body in solve.cpp based on the function definition and docstring below:,Implement the function body in solve.cpp based on the function definition and docstring below:
apps_python_355,Paste the function body in solve.py based on the function definition and docstring below:,Implement the function body in solve.py based on the function definition and docstring below:
codecontests_java_355,Write the function body in solve.java based on the function definition and docstring below:,Develop the function body in solve.java based on the function definition and docstring below:
apps_python_356,Prefill the function body in solve.py based on the function definition and docstring below:,Formulate the function body in solve.py based on the function definition and docstring below:
apps_python_357,Manually build the function body in solve.py based on the function definition and docstring below:,Carefully implement the function body in solve.py based on the function definition and docstring below:
codecontests_cpp_357,Create the function body in solve.cpp based on the function definition and docstring below:,Implement the function body in solve.cpp based on the function definition and docstring below:
codecontests_java_357,Prefill the function body in solve.java based on the function definition and docstring below:,Formulate the function body in solve.java based on the function definition and docstring below:
codecontests_cpp_358,Directly implement the function body in solve.cpp based on the function definition and docstring below:,Carefully implement the function body in solve.cpp based on the function definition and docstring below:
codecontests_java_358,Prefill the function body in solve.java based on the function definition and docstring below:,Formulate the function body in solve.java based on the function definition and docstring below:
apps_python_359,Prefill the function body in solve.py based on the function definition and docstring below:,Devise the function body in solve.py based on the function definition and docstring below:
codecontests_java_359,Write the function body in solve.java based on the function definition and docstring below:,Develop the function body in solve.java based on the function definition and docstring below:
apps_python_360,Create the function body in solve.py based on the function definition and docstring below:,Implement the function body in solve.py based on the function definition and docstring below:
codecontests_cpp_360,Manually build the function body in solve.cpp based on the function definition and docstring below:,Manually develop the function body in solve.cpp based on the function definition and docstring below:
codecontests_java_360,Manually build the function body in solve.java based on the function definition and docstring below:,Independently develop the function body in solve.java based on the function definition and docstring below:
apps_python_361,Create the function body in solve.py based on the function definition and docstring below:,Supply the function body in solve.py based on the function definition and docstring below:
codecontests_cpp_361,Create the function body in solve.cpp based on the function definition and docstring below:,Implement the function body in solve.cpp based on the function definition and docstring below:
codecontests_java_361,Finalize the function body in solve.java based on the function definition and docstring below:,Devise the function body in solve.java based on the function definition and docstring below:
codecontests_cpp_362,Write out the function body in solve.cpp based on the function definition and docstring below:,Build out the function body in solve.cpp based on the function definition and docstring below:
apps_python_363,Write out the function body in solve.py based on the function definition and docstring below:,Build out the function body in solve.py based on the function definition and docstring below:
codecontests_java_363,Create the function body in solve.java based on the function definition and docstring below:,Develop the function body in solve.java based on the function definition and docstring below:
codecontests_java_364,Directly implement the function body in solve.java based on the function definition and docstring below:,Independently develop the function body in solve.java based on the function definition and docstring below:
mbpp_python_364,Write out the function body in solve.py based on the function definition and docstring below:,Build out the function body in solve.py based on the function definition and docstring below:
apps_python_365,Manually build the function body in solve.py based on the function definition and docstring below:,Carefully implement the function body in solve.py based on the function definition and docstring below:
codecontests_cpp_365,Paste the function body in solve.cpp based on the function definition and docstring below:,Implement the function body in solve.cpp based on the function definition and docstring below:
codecontests_java_365,Append the function body in solve.java based on the function definition and docstring below:,Supply the function body in solve.java based on the function definition and docstring below:
apps_python_366,Prefill the function body in solve.py based on the function definition and docstring below:,Devise the function body in solve.py based on the function definition and docstring below:
codecontests_cpp_366,Properly add the function body in solve.cpp based on the function definition and docstring below:,Properly develop the function body in solve.cpp based on the function definition and docstring below:
apps_python_367,Directly implement the function body in solve.py based on the function definition and docstring below:,Independently develop the function body in solve.py based on the function definition and docstring below:
codecontests_cpp_367,Properly add the function body in solve.cpp based on the function definition and docstring below:,Properly develop the function body in solve.cpp based on the function definition and docstring below:
codecontests_java_367,Paste the function body in solve.java based on the function definition and docstring below:,Craft the function body in solve.java based on the function definition and docstring below:
apps_python_368,Edit the function body in solve.py based on the function definition and docstring below:,Craft the function body in solve.py based on the function definition and docstring below:
codecontests_cpp_368,Create the function body in solve.cpp based on the function definition and docstring below:,Implement the function body in solve.cpp based on the function definition and docstring below:
codecontests_java_368,Save the function body in solve.java based on the function definition and docstring below:,Design the function body in solve.java based on the function definition and docstring below:
apps_python_369,Save the function body in solve.py based on the function definition and docstring below:,Compose the function body in solve.py based on the function definition and docstring below:
codecontests_cpp_369,Properly add the function body in solve.cpp based on the function definition and docstring below:,Properly develop the function body in solve.cpp based on the function definition and docstring below:
apps_python_370,Properly add the function body in solve.py based on the function definition and docstring below:,Properly develop the function body in solve.py based on the function definition and docstring below:
codecontests_cpp_370,Save the function body in solve.cpp based on the function definition and docstring below:,Supply the function body in solve.cpp based on the function definition and docstring below:
apps_python_371,Edit the function body in solve.py based on the function definition and docstring below:,Design the function body in solve.py based on the function definition and docstring below:
codecontests_cpp_371,Create the function body in solve.cpp based on the function definition and docstring below:,Implement the function body in solve.cpp based on the function definition and docstring below:
codecontests_java_371,Finalize the function body in solve.java based on the function definition and docstring below:,Devise the function body in solve.java based on the function definition and docstring below:
apps_python_372,Save the function body in solve.py based on the function definition and docstring below:,Design the function body in solve.py based on the function definition and docstring below:
codecontests_cpp_372,Create the function body in solve.cpp based on the function definition and docstring below:,Implement the function body in solve.cpp based on the function definition and docstring below:
codecontests_java_372,Save the function body in solve.java based on the function definition and docstring below:,Design the function body in solve.java based on the function definition and docstring below:
apps_python_373,Save the function body in solve.py based on the function definition and docstring below:,Compose the function body in solve.py based on the function definition and docstring below:
codecontests_cpp_373,Paste the function body in solve.cpp based on the function definition and docstring below:,Implement the function body in solve.cpp based on the function definition and docstring below:
codecontests_java_373,Insert the function body in solve.java based on the function definition and docstring below:,Compose the function body in solve.java based on the function definition and docstring below:
apps_python_374,Prefill the function body in solve.py based on the function definition and docstring below:,Devise the function body in solve.py based on the function definition and docstring below:
codecontests_java_374,Edit the function body in solve.java based on the function definition and docstring below:,Design the function body in solve.java based on the function definition and docstring below:
apps_python_375,Directly implement the function body in solve.py based on the function definition and docstring below:,Carefully implement the function body in solve.py based on the function definition and docstring below:
codecontests_cpp_375,Write the function body in solve.cpp based on the function definition and docstring below:,Develop the function body in solve.cpp based on the function definition and docstring below:
codecontests_java_375,Prefill the function body in solve.java based on the function definition and docstring below:,Formulate the function body in solve.java based on the function definition and docstring below:
apps_python_376,Write out the function body in solve.py based on the function definition and docstring below:,Build out the function body in solve.py based on the function definition and docstring below:
codecontests_java_376,Write the function body in solve.java based on the function definition and docstring below:,Develop the function body in solve.java based on the function definition and docstring below:
apps_python_378,Finalize the function body in solve.py based on the function definition and docstring below:,Devise the function body in solve.py based on the function definition and docstring below:
codecontests_java_378,Append the function body in solve.java based on the function definition and docstring below:,Supply the function body in solve.java based on the function definition and docstring below:
apps_python_379,Manually build the function body in solve.py based on the function definition and docstring below:,Independently develop the function body in solve.py based on the function definition and docstring below:
apps_python_380,Prefill the function body in solve.py based on the function definition and docstring below:,Devise the function body in solve.py based on the function definition and docstring below:
codecontests_cpp_380,Insert the function body in solve.cpp based on the function definition and docstring below:,Craft the function body in solve.cpp based on the function definition and docstring below:
mbpp_python_380,Directly build the function body in solve.py based on the function definition and docstring below:,Independently develop the function body in solve.py based on the function definition and docstring below:
apps_python_381,Write out the function body in solve.py based on the function definition and docstring below:,Build out the function body in solve.py based on the function definition and docstring below:
apps_python_382,Manually build the function body in solve.py based on the function definition and docstring below:,Independently develop the function body in solve.py based on the function definition and docstring below:
apps_python_383,Directly build the function body in solve.py based on the function definition and docstring below:,Manually develop the function body in solve.py based on the function definition and docstring below:
codecontests_cpp_383,Create the function body in solve.cpp based on the function definition and docstring below:,Develop the function body in solve.cpp based on the function definition and docstring below:
apps_python_384,Prefill the function body in solve.py based on the function definition and docstring below:,Formulate the function body in solve.py based on the function definition and docstring below:
apps_python_385,Paste the function body in solve.py based on the function definition and docstring below:,Design the function body in solve.py based on the function definition and docstring below:
codecontests_java_385,Edit the function body in solve.java based on the function definition and docstring below:,Compose the function body in solve.java based on the function definition and docstring below:
apps_python_386,Prefill the function body in solve.py based on the function definition and docstring below:,Formulate the function body in solve.py based on the function definition and docstring below:
codecontests_cpp_386,Properly add the function body in solve.cpp based on the function definition and docstring below:,Properly develop the function body in solve.cpp based on the function definition and docstring below:
codecontests_java_386,Edit the function body in solve.java based on the function definition and docstring below:,Compose the function body in solve.java based on the function definition and docstring below:
apps_python_387,Directly implement the function body in solve.py based on the function definition and docstring below:,Carefully implement the function body in solve.py based on the function definition and docstring below:
codecontests_java_388,Directly implement the function body in solve.java based on the function definition and docstring below:,Manually develop the function body in solve.java based on the function definition and docstring below:
codecontests_cpp_390,Create the function body in solve.cpp based on the function definition and docstring below:,Develop the function body in solve.cpp based on the function definition and docstring below:
codecontests_java_390,Paste the function body in solve.java based on the function definition and docstring below:,Author the function body in solve.java based on the function definition and docstring below:
codecontests_cpp_391,Write the function body in solve.cpp based on the function definition and docstring below:,Author the function body in solve.cpp based on the function definition and docstring below:
codecontests_java_391,Insert the function body in solve.java based on the function definition and docstring below:,Compose the function body in solve.java based on the function definition and docstring below:
apps_python_392,Directly build the function body in solve.py based on the function definition and docstring below:,Independently develop the function body in solve.py based on the function definition and docstring below:
codecontests_java_392,Finalize the function body in solve.java based on the function definition and docstring below:,Devise the function body in solve.java based on the function definition and docstring below:
apps_python_393,Properly add the function body in solve.py based on the function definition and docstring below:,Properly develop the function body in solve.py based on the function definition and docstring below:
codecontests_cpp_393,Write the function body in solve.cpp based on the function definition and docstring below:,Develop the function body in solve.cpp based on the function definition and docstring below:
apps_python_394,Write out the function body in solve.py based on the function definition and docstring below:,Build out the function body in solve.py based on the function definition and docstring below:
codecontests_java_394,Properly add the function body in solve.java based on the function definition and docstring below:,Properly develop the function body in solve.java based on the function definition and docstring below:
apps_python_395,Properly add the function body in solve.py based on the function definition and docstring below:,Properly develop the function body in solve.py based on the function definition and docstring below:
codecontests_cpp_395,Write the function body in solve.cpp based on the function definition and docstring below:,Develop the function body in solve.cpp based on the function definition and docstring below:
apps_python_396,Write out the function body in solve.py based on the function definition and docstring below:,Build out the function body in solve.py based on the function definition and docstring below:
codecontests_java_396,Write the function body in solve.java based on the function definition and docstring below:,Author the function body in solve.java based on the function definition and docstring below:
codecontests_cpp_397,Directly implement the function body in solve.cpp based on the function definition and docstring below:,Carefully implement the function body in solve.cpp based on the function definition and docstring below:
codecontests_java_398,Write the function body in solve.java based on the function definition and docstring below:,Craft the function body in solve.java based on the function definition and docstring below:
mbpp_python_399,Directly build the function body in solve.py based on the function definition and docstring below:,Manually develop the function body in solve.py based on the function definition and docstring below:
codecontests_java_400,Paste the function body in solve.java based on the function definition and docstring below:,Craft the function body in solve.java based on the function definition and docstring below:
codecontests_java_401,Edit the function body in solve.java based on the function definition and docstring below:,Craft the function body in solve.java based on the function definition and docstring below:
apps_python_402,Prefill the function body in solve.py based on the function definition and docstring below:,Formulate the function body in solve.py based on the function definition and docstring below:
codecontests_cpp_402,Write out the function body in solve.cpp based on the function definition and docstring below:,Build out the function body in solve.cpp based on the function definition and docstring below:
codecontests_java_402,Save the function body in solve.java based on the function definition and docstring below:,Design the function body in solve.java based on the function definition and docstring below:
apps_python_403,Manually build the function body in solve.py based on the function definition and docstring below:,Manually develop the function body in solve.py based on the function definition and docstring below:
mbpp_python_404,Manually build the function body in solve.py based on the function definition and docstring below:,Carefully implement the function body in solve.py based on the function definition and docstring below:
apps_python_405,Properly add the function body in solve.py based on the function definition and docstring below:,Properly develop the function body in solve.py based on the function definition and docstring below:
apps_python_406,Directly implement the function body in solve.py based on the function definition and docstring below:,Independently develop the function body in solve.py based on the function definition and docstring below:
mbpp_python_406,Directly build the function body in solve.py based on the function definition and docstring below:,Carefully implement the function body in solve.py based on the function definition and docstring below:
apps_python_407,Paste the function body in solve.py based on the function definition and docstring below:,Author the function body in solve.py based on the function definition and docstring below:
apps_python_408,Properly add the function body in solve.py based on the function definition and docstring below:,Properly develop the function body in solve.py based on the function definition and docstring below:
codecontests_cpp_408,Insert the function body in solve.cpp based on the function definition and docstring below:,Author the function body in solve.cpp based on the function definition and docstring below:
codecontests_java_408,Append the function body in solve.java based on the function definition and docstring below:,Supply the function body in solve.java based on the function definition and docstring below:
mbpp_python_408,Directly build the function body in solve.py based on the function definition and docstring below:,Carefully implement the function body in solve.py based on the function definition and docstring below:
apps_python_409,Directly implement the function body in solve.py based on the function definition and docstring below:,Manually develop the function body in solve.py based on the function definition and docstring below:
codecontests_cpp_409,Prepare the function body in solve.cpp based on the function definition and docstring below:,Implement the function body in solve.cpp based on the function definition and docstring below:
apps_python_410,Write out the function body in solve.py based on the function definition and docstring below:,Build out the function body in solve.py based on the function definition and docstring below:
codecontests_cpp_411,Properly add the function body in solve.cpp based on the function definition and docstring below:,Properly develop the function body in solve.cpp based on the function definition and docstring below:
codecontests_java_411,Prefill the function body in solve.java based on the function definition and docstring below:,Formulate the function body in solve.java based on the function definition and docstring below:
apps_python_412,Save the function body in solve.py based on the function definition and docstring below:,Author the function body in solve.py based on the function definition and docstring below:
codecontests_java_412,Save the function body in solve.java based on the function definition and docstring below:,Supply the function body in solve.java based on the function definition and docstring below:
codecontests_cpp_414,Create the function body in solve.cpp based on the function definition and docstring below:,Develop the function body in solve.cpp based on the function definition and docstring below:
codecontests_java_414,Properly add the function body in solve.java based on the function definition and docstring below:,Properly develop the function body in solve.java based on the function definition and docstring below:
apps_python_415,Write the function body in solve.py based on the function definition and docstring below:,Author the function body in solve.py based on the function definition and docstring below:
codecontests_cpp_416,Prepare the function body in solve.cpp based on the function definition and docstring below:,Develop the function body in solve.cpp based on the function definition and docstring below:
codecontests_java_416,Write out the function body in solve.java based on the function definition and docstring below:,Build out the function body in solve.java based on the function definition and docstring below:
mbpp_python_416,Directly build the function body in solve.py based on the function definition and docstring below:,Manually develop the function body in solve.py based on the function definition and docstring below:
apps_python_417,Manually build the function body in solve.py based on the function definition and docstring below:,Manually develop the function body in solve.py based on the function definition and docstring below:
codecontests_cpp_417,Properly add the function body in solve.cpp based on the function definition and docstring below:,Properly develop the function body in solve.cpp based on the function definition and docstring below:
apps_python_419,Prefill the function body in solve.py based on the function definition and docstring below:,Formulate the function body in solve.py based on the function definition and docstring below:
mbpp_python_419,Directly implement the function body in solve.py based on the function definition and docstring below:,Manually develop the function body in solve.py based on the function definition and docstring below:
codecontests_cpp_420,Manually build the function body in solve.cpp based on the function definition and docstring below:,Carefully implement the function body in solve.cpp based on the function definition and docstring below:
codecontests_java_420,Prefill the function body in solve.java based on the function definition and docstring below:,Formulate the function body in solve.java based on the function definition and docstring below:
mbpp_python_420,Directly implement the function body in solve.py based on the function definition and docstring below:,Carefully implement the function body in solve.py based on the function definition and docstring below:
apps_python_421,Edit the function body in solve.py based on the function definition and docstring below:,Craft the function body in solve.py based on the function definition and docstring below:
mbpp_python_421,Write out the function body in solve.py based on the function definition and docstring below:,Build out the function body in solve.py based on the function definition and docstring below:
codecontests_cpp_422,Insert the function body in solve.cpp based on the function definition and docstring below:,Author the function body in solve.cpp based on the function definition and docstring below:
mbpp_python_422,Manually build the function body in solve.py based on the function definition and docstring below:,Carefully implement the function body in solve.py based on the function definition and docstring below:
codecontests_cpp_423,Prefill the function body in solve.cpp based on the function definition and docstring below:,Formulate the function body in solve.cpp based on the function definition and docstring below:
codecontests_java_423,Prefill the function body in solve.java based on the function definition and docstring below:,Formulate the function body in solve.java based on the function definition and docstring below:
codecontests_cpp_424,Prepare the function body in solve.cpp based on the function definition and docstring below:,Develop the function body in solve.cpp based on the function definition and docstring below:
mbpp_python_424,Manually build the function body in solve.py based on the function definition and docstring below:,Carefully implement the function body in solve.py based on the function definition and docstring below:
apps_python_425,Prepare the function body in solve.py based on the function definition and docstring below:,Design the function body in solve.py based on the function definition and docstring below:
mbpp_python_425,Manually build the function body in solve.py based on the function definition and docstring below:,Carefully implement the function body in solve.py based on the function definition and docstring below:
codecontests_cpp_426,Directly implement the function body in solve.cpp based on the function definition and docstring below:,Carefully implement the function body in solve.cpp based on the function definition and docstring below:
codecontests_java_426,Append the function body in solve.java based on the function definition and docstring below:,Build the function body in solve.java based on the function definition and docstring below:
codecontests_cpp_427,Insert the function body in solve.cpp based on the function definition and docstring below:,Author the function body in solve.cpp based on the function definition and docstring below:
codecontests_java_427,Prefill the function body in solve.java based on the function definition and docstring below:,Formulate the function body in solve.java based on the function definition and docstring below:
mbpp_python_427,Insert the function body in solve.py based on the function definition and docstring below:,Supply the function body in solve.py based on the function definition and docstring below:
codecontests_cpp_428,Create the function body in solve.cpp based on the function definition and docstring below:,Implement the function body in solve.cpp based on the function definition and docstring below:
codecontests_java_428,Append the function body in solve.java based on the function definition and docstring below:,Design the function body in solve.java based on the function definition and docstring below:
apps_python_429,Insert the function body in solve.py based on the function definition and docstring below:,Compose the function body in solve.py based on the function definition and docstring below:
codecontests_cpp_429,Write out the function body in solve.cpp based on the function definition and docstring below:,Build out the function body in solve.cpp based on the function definition and docstring below:
codecontests_java_429,Append the function body in solve.java based on the function definition and docstring below:,Build the function body in solve.java based on the function definition and docstring below:
apps_python_430,Prefill the function body in solve.py based on the function definition and docstring below:,Devise the function body in solve.py based on the function definition and docstring below:
codecontests_cpp_430,Write the function body in solve.cpp based on the function definition and docstring below:,Develop the function body in solve.cpp based on the function definition and docstring below:
codecontests_java_430,Directly implement the function body in solve.java based on the function definition and docstring below:,Manually develop the function body in solve.java based on the function definition and docstring below:
apps_python_431,Prefill the function body in solve.py based on the function definition and docstring below:,Devise the function body in solve.py based on the function definition and docstring below:
apps_python_432,Create the function body in solve.py based on the function definition and docstring below:,Implement the function body in solve.py based on the function definition and docstring below:
codecontests_cpp_432,Prepare the function body in solve.cpp based on the function definition and docstring below:,Implement the function body in solve.cpp based on the function definition and docstring below:
codecontests_java_433,Manually build the function body in solve.java based on the function definition and docstring below:,Manually develop the function body in solve.java based on the function definition and docstring below:
mbpp_python_433,Insert the function body in solve.py based on the function definition and docstring below:,Author the function body in solve.py based on the function definition and docstring below:
codecontests_java_434,Append the function body in solve.java based on the function definition and docstring below:,Build the function body in solve.java based on the function definition and docstring below:
mbpp_python_434,Finalize the function body in solve.py based on the function definition and docstring below:,Devise the function body in solve.py based on the function definition and docstring below:
apps_python_435,Manually build the function body in solve.py based on the function definition and docstring below:,Manually develop the function body in solve.py based on the function definition and docstring below:
codecontests_java_435,Insert the function body in solve.java based on the function definition and docstring below:,Design the function body in solve.java based on the function definition and docstring below:
apps_python_436,Write the function body in solve.py based on the function definition and docstring below:,Implement the function body in solve.py based on the function definition and docstring below:
codecontests_cpp_436,Paste the function body in solve.cpp based on the function definition and docstring below:,Author the function body in solve.cpp based on the function definition and docstring below:
codecontests_java_436,Save the function body in solve.java based on the function definition and docstring below:,Design the function body in solve.java based on the function definition and docstring below:
apps_python_437,Properly add the function body in solve.py based on the function definition and docstring below:,Properly develop the function body in solve.py based on the function definition and docstring below:
codecontests_java_437,Save the function body in solve.java based on the function definition and docstring below:,Design the function body in solve.java based on the function definition and docstring below:
mbpp_python_437,Directly build the function body in solve.py based on the function definition and docstring below:,Carefully implement the function body in solve.py based on the function definition and docstring below:
codecontests_cpp_438,Prepare the function body in solve.cpp based on the function definition and docstring below:,Implement the function body in solve.cpp based on the function definition and docstring below:
codecontests_java_438,Directly implement the function body in solve.java based on the function definition and docstring below:,Carefully implement the function body in solve.java based on the function definition and docstring below:
mbpp_python_438,Directly implement the function body in solve.py based on the function definition and docstring below:,Carefully implement the function body in solve.py based on the function definition and docstring below:
apps_python_439,Write out the function body in solve.py based on the function definition and docstring below:,Build out the function body in solve.py based on the function definition and docstring below:
codecontests_cpp_439,Write the function body in solve.cpp based on the function definition and docstring below:,Develop the function body in solve.cpp based on the function definition and docstring below:
codecontests_java_440,Save the function body in solve.java based on the function definition and docstring below:,Design the function body in solve.java based on the function definition and docstring below:
apps_python_441,Prepare the function body in solve.py based on the function definition and docstring below:,Implement the function body in solve.py based on the function definition and docstring below:
codecontests_cpp_441,Insert the function body in solve.cpp based on the function definition and docstring below:,Author the function body in solve.cpp based on the function definition and docstring below:
mbpp_python_442,Insert the function body in solve.py based on the function definition and docstring below:,Supply the function body in solve.py based on the function definition and docstring below:
codecontests_java_443,Directly implement the function body in solve.java based on the function definition and docstring below:,Carefully implement the function body in solve.java based on the function definition and docstring below:
mbpp_python_443,Manually build the function body in solve.py based on the function definition and docstring below:,Independently develop the function body in solve.py based on the function definition and docstring below:
apps_python_444,Write out the function body in solve.py based on the function definition and docstring below:,Build out the function body in solve.py based on the function definition and docstring below:
codecontests_java_444,Finalize the function body in solve.java based on the function definition and docstring below:,Devise the function body in solve.java based on the function definition and docstring below:
apps_python_445,Save the function body in solve.py based on the function definition and docstring below:,Compose the function body in solve.py based on the function definition and docstring below:
codecontests_java_445,Append the function body in solve.java based on the function definition and docstring below:,Supply the function body in solve.java based on the function definition and docstring below:
mbpp_python_445,Directly implement the function body in solve.py based on the function definition and docstring below:,Independently develop the function body in solve.py based on the function definition and docstring below:
apps_python_446,Save the function body in solve.py based on the function definition and docstring below:,Build the function body in solve.py based on the function definition and docstring below:
codecontests_cpp_446,Append the function body in solve.cpp based on the function definition and docstring below:,Supply the function body in solve.cpp based on the function definition and docstring below:
codecontests_java_446,Prefill the function body in solve.java based on the function definition and docstring below:,Formulate the function body in solve.java based on the function definition and docstring below:
mbpp_python_446,Directly implement the function body in solve.py based on the function definition and docstring below:,Carefully implement the function body in solve.py based on the function definition and docstring below:
codecontests_cpp_447,Write out the function body in solve.cpp based on the function definition and docstring below:,Build out the function body in solve.cpp based on the function definition and docstring below:
codecontests_java_447,Save the function body in solve.java based on the function definition and docstring below:,Build the function body in solve.java based on the function definition and docstring below:
apps_python_448,Paste the function body in solve.py based on the function definition and docstring below:,Design the function body in solve.py based on the function definition and docstring below:
codecontests_java_448,Paste the function body in solve.java based on the function definition and docstring below:,Craft the function body in solve.java based on the function definition and docstring below:
mbpp_python_448,Manually build the function body in solve.py based on the function definition and docstring below:,Carefully implement the function body in solve.py based on the function definition and docstring below:
mbpp_python_449,Create the function body in solve.py based on the function definition and docstring below:,Implement the function body in solve.py based on the function definition and docstring below:
mbpp_python_450,Properly add the function body in solve.py based on the function definition and docstring below:,Properly develop the function body in solve.py based on the function definition and docstring below:
codecontests_cpp_451,Directly build the function body in solve.cpp based on the function definition and docstring below:,Carefully implement the function body in solve.cpp based on the function definition and docstring below:
codecontests_java_451,Insert the function body in solve.java based on the function definition and docstring below:,Compose the function body in solve.java based on the function definition and docstring below:
mbpp_python_451,Directly build the function body in solve.py based on the function definition and docstring below:,Independently develop the function body in solve.py based on the function definition and docstring below:
codecontests_cpp_452,Directly implement the function body in solve.cpp based on the function definition and docstring below:,Carefully implement the function body in solve.cpp based on the function definition and docstring below:
codecontests_java_452,Append the function body in solve.java based on the function definition and docstring below:,Supply the function body in solve.java based on the function definition and docstring below:
apps_python_453,Edit the function body in solve.py based on the function definition and docstring below:,Author the function body in solve.py based on the function definition and docstring below:
codecontests_java_453,Append the function body in solve.java based on the function definition and docstring below:,Supply the function body in solve.java based on the function definition and docstring below:
mbpp_python_453,Manually build the function body in solve.py based on the function definition and docstring below:,Manually develop the function body in solve.py based on the function definition and docstring below:
apps_python_454,Finalize the function body in solve.py based on the function definition and docstring below:,Formulate the function body in solve.py based on the function definition and docstring below:
codecontests_cpp_454,Manually build the function body in solve.cpp based on the function definition and docstring below:,Manually develop the function body in solve.cpp based on the function definition and docstring below:
codecontests_java_454,Edit the function body in solve.java based on the function definition and docstring below:,Craft the function body in solve.java based on the function definition and docstring below:
apps_python_455,Write the function body in solve.py based on the function definition and docstring below:,Design the function body in solve.py based on the function definition and docstring below:
codecontests_java_455,Directly implement the function body in solve.java based on the function definition and docstring below:,Manually develop the function body in solve.java based on the function definition and docstring below:
mbpp_python_455,Directly build the function body in solve.py based on the function definition and docstring below:,Carefully implement the function body in solve.py based on the function definition and docstring below:
codecontests_java_456,Edit the function body in solve.java based on the function definition and docstring below:,Build the function body in solve.java based on the function definition and docstring below:
mbpp_python_456,Write out the function body in solve.py based on the function definition and docstring below:,Build out the function body in solve.py based on the function definition and docstring below:
codecontests_cpp_457,Write the function body in solve.cpp based on the function definition and docstring below:,Develop the function body in solve.cpp based on the function definition and docstring below:
codecontests_java_457,Prefill the function body in solve.java based on the function definition and docstring below:,Formulate the function body in solve.java based on the function definition and docstring below:
mbpp_python_457,Prepare the function body in solve.py based on the function definition and docstring below:,Develop the function body in solve.py based on the function definition and docstring below:
apps_python_458,Edit the function body in solve.py based on the function definition and docstring below:,Author the function body in solve.py based on the function definition and docstring below:
codecontests_cpp_458,Create the function body in solve.cpp based on the function definition and docstring below:,Author the function body in solve.cpp based on the function definition and docstring below:
apps_python_459,Paste the function body in solve.py based on the function definition and docstring below:,Build the function body in solve.py based on the function definition and docstring below:
codecontests_java_459,Edit the function body in solve.java based on the function definition and docstring below:,Craft the function body in solve.java based on the function definition and docstring below:
codecontests_java_461,Write the function body in solve.java based on the function definition and docstring below:,Craft the function body in solve.java based on the function definition and docstring below:
apps_python_463,Prefill the function body in solve.py based on the function definition and docstring below:,Devise the function body in solve.py based on the function definition and docstring below:
codecontests_cpp_463,Insert the function body in solve.cpp based on the function definition and docstring below:,Author the function body in solve.cpp based on the function definition and docstring below:
apps_python_464,Directly implement the function body in solve.py based on the function definition and docstring below:,Carefully implement the function body in solve.py based on the function definition and docstring below:
codecontests_java_464,Directly implement the function body in solve.java based on the function definition and docstring below:,Independently develop the function body in solve.java based on the function definition and docstring below:
codecontests_java_465,Finalize the function body in solve.java based on the function definition and docstring below:,Devise the function body in solve.java based on the function definition and docstring below:
apps_python_466,Write out the function body in solve.py based on the function definition and docstring below:,Build out the function body in solve.py based on the function definition and docstring below:
codecontests_java_466,Directly implement the function body in solve.java based on the function definition and docstring below:,Manually develop the function body in solve.java based on the function definition and docstring below:
apps_python_468,Manually build the function body in solve.py based on the function definition and docstring below:,Carefully implement the function body in solve.py based on the function definition and docstring below:
codecontests_cpp_468,Manually build the function body in solve.cpp based on the function definition and docstring below:,Manually develop the function body in solve.cpp based on the function definition and docstring below:
apps_python_469,Directly implement the function body in solve.py based on the function definition and docstring below:,Carefully implement the function body in solve.py based on the function definition and docstring below:
apps_python_470,Properly add the function body in solve.py based on the function definition and docstring below:,Properly develop the function body in solve.py based on the function definition and docstring below:
codecontests_cpp_470,Write out the function body in solve.cpp based on the function definition and docstring below:,Build out the function body in solve.cpp based on the function definition and docstring below:
codecontests_java_470,Append the function body in solve.java based on the function definition and docstring below:,Build the function body in solve.java based on the function definition and docstring below:
apps_python_472,Save the function body in solve.py based on the function definition and docstring below:,Compose the function body in solve.py based on the function definition and docstring below:
codecontests_java_472,Edit the function body in solve.java based on the function definition and docstring below:,Supply the function body in solve.java based on the function definition and docstring below:
apps_python_473,Paste the function body in solve.py based on the function definition and docstring below:,Design the function body in solve.py based on the function definition and docstring below:
apps_python_474,Write out the function body in solve.py based on the function definition and docstring below:,Build out the function body in solve.py based on the function definition and docstring below:
apps_python_475,Edit the function body in solve.py based on the function definition and docstring below:,Design the function body in solve.py based on the function definition and docstring below:
codecontests_java_475,Save the function body in solve.java based on the function definition and docstring below:,Design the function body in solve.java based on the function definition and docstring below:
apps_python_476,Directly implement the function body in solve.py based on the function definition and docstring below:,Manually develop the function body in solve.py based on the function definition and docstring below:
codecontests_cpp_476,Prepare the function body in solve.cpp based on the function definition and docstring below:,Implement the function body in solve.cpp based on the function definition and docstring below:
codecontests_java_476,Finalize the function body in solve.java based on the function definition and docstring below:,Devise the function body in solve.java based on the function definition and docstring below:
apps_python_477,Prefill the function body in solve.py based on the function definition and docstring below:,Devise the function body in solve.py based on the function definition and docstring below:
codecontests_cpp_477,Directly implement the function body in solve.cpp based on the function definition and docstring below:,Carefully implement the function body in solve.cpp based on the function definition and docstring below:
codecontests_cpp_479,Directly implement the function body in solve.cpp based on the function definition and docstring below:,Carefully implement the function body in solve.cpp based on the function definition and docstring below:
codecontests_java_479,Append the function body in solve.java based on the function definition and docstring below:,Build the function body in solve.java based on the function definition and docstring below:
apps_python_480,Directly build the function body in solve.py based on the function definition and docstring below:,Manually develop the function body in solve.py based on the function definition and docstring below:
apps_python_481,Directly build the function body in solve.py based on the function definition and docstring below:,Independently develop the function body in solve.py based on the function definition and docstring below:
codecontests_cpp_481,Directly implement the function body in solve.cpp based on the function definition and docstring below:,Carefully implement the function body in solve.cpp based on the function definition and docstring below:
apps_python_482,Prefill the function body in solve.py based on the function definition and docstring below:,Devise the function body in solve.py based on the function definition and docstring below:
codecontests_java_482,Edit the function body in solve.java based on the function definition and docstring below:,Craft the function body in solve.java based on the function definition and docstring below:
apps_python_483,Directly implement the function body in solve.py based on the function definition and docstring below:,Manually develop the function body in solve.py based on the function definition and docstring below:
codecontests_cpp_483,Properly add the function body in solve.cpp based on the function definition and docstring below:,Properly develop the function body in solve.cpp based on the function definition and docstring below:
codecontests_java_483,Append the function body in solve.java based on the function definition and docstring below:,Design the function body in solve.java based on the function definition and docstring below:
apps_python_484,Write out the function body in solve.py based on the function definition and docstring below:,Build out the function body in solve.py based on the function definition and docstring below:
codecontests_cpp_485,Write the function body in solve.cpp based on the function definition and docstring below:,Develop the function body in solve.cpp based on the function definition and docstring below:
codecontests_java_485,Prefill the function body in solve.java based on the function definition and docstring below:,Formulate the function body in solve.java based on the function definition and docstring below:
apps_python_486,Write the function body in solve.py based on the function definition and docstring below:,Develop the function body in solve.py based on the function definition and docstring below:
codecontests_cpp_486,Directly implement the function body in solve.cpp based on the function definition and docstring below:,Carefully implement the function body in solve.cpp based on the function definition and docstring below:
codecontests_java_486,Append the function body in solve.java based on the function definition and docstring below:,Supply the function body in solve.java based on the function definition and docstring below:
apps_python_487,Create the function body in solve.py based on the function definition and docstring below:,Develop the function body in solve.py based on the function definition and docstring below:
codecontests_java_487,Paste the function body in solve.java based on the function definition and docstring below:,Compose the function body in solve.java based on the function definition and docstring below:
codecontests_cpp_488,Prepare the function body in solve.cpp based on the function definition and docstring below:,Implement the function body in solve.cpp based on the function definition and docstring below:
codecontests_java_488,Finalize the function body in solve.java based on the function definition and docstring below:,Devise the function body in solve.java based on the function definition and docstring below:
apps_python_489,Paste the function body in solve.py based on the function definition and docstring below:,Supply the function body in solve.py based on the function definition and docstring below:
apps_python_490,Paste the function body in solve.py based on the function definition and docstring below:,Implement the function body in solve.py based on the function definition and docstring below:
codecontests_cpp_490,Prepare the function body in solve.cpp based on the function definition and docstring below:,Implement the function body in solve.cpp based on the function definition and docstring below:
codecontests_java_490,Finalize the function body in solve.java based on the function definition and docstring below:,Devise the function body in solve.java based on the function definition and docstring below:
apps_python_491,Write the function body in solve.py based on the function definition and docstring below:,Implement the function body in solve.py based on the function definition and docstring below:
codecontests_java_491,Finalize the function body in solve.java based on the function definition and docstring below:,Devise the function body in solve.java based on the function definition and docstring below:
codecontests_cpp_492,Write out the function body in solve.cpp based on the function definition and docstring below:,Build out the function body in solve.cpp based on the function definition and docstring below:
codecontests_java_492,Save the function body in solve.java based on the function definition and docstring below:,Supply the function body in solve.java based on the function definition and docstring below:
codecontests_cpp_493,Properly add the function body in solve.cpp based on the function definition and docstring below:,Properly develop the function body in solve.cpp based on the function definition and docstring below:
apps_python_494,Prefill the function body in solve.py based on the function definition and docstring below:,Formulate the function body in solve.py based on the function definition and docstring below:
apps_python_495,Directly implement the function body in solve.py based on the function definition and docstring below:,Independently develop the function body in solve.py based on the function definition and docstring below:
codecontests_java_495,Directly implement the function body in solve.java based on the function definition and docstring below:,Independently develop the function body in solve.java based on the function definition and docstring below:
codecontests_java_496,Append the function body in solve.java based on the function definition and docstring below:,Build the function body in solve.java based on the function definition and docstring below:
apps_python_498,Write out the function body in solve.py based on the function definition and docstring below:,Build out the function body in solve.py based on the function definition and docstring below:
apps_python_499,Insert the function body in solve.py based on the function definition and docstring below:,Supply the function body in solve.py based on the function definition and docstring below:
codecontests_java_499,Prepare the function body in solve.java based on the function definition and docstring below:,Compose the function body in solve.java based on the function definition and docstring below:
apps_python_500,Manually build the function body in solve.py based on the function definition and docstring below:,Manually develop the function body in solve.py based on the function definition and docstring below:
codecontests_java_500,Save the function body in solve.java based on the function definition and docstring below:,Design the function body in solve.java based on the function definition and docstring below:
apps_python_501,Prepare the function body in solve.py based on the function definition and docstring below:,Design the function body in solve.py based on the function definition and docstring below:
codecontests_cpp_502,Write out the function body in solve.cpp based on the function definition and docstring below:,Build out the function body in solve.cpp based on the function definition and docstring below:
codecontests_java_502,Append the function body in solve.java based on the function definition and docstring below:,Build the function body in solve.java based on the function definition and docstring below:
apps_python_503,Directly build the function body in solve.py based on the function definition and docstring below:,Manually develop the function body in solve.py based on the function definition and docstring below:
codecontests_cpp_503,Write out the function body in solve.cpp based on the function definition and docstring below:,Build out the function body in solve.cpp based on the function definition and docstring below:
apps_python_504,Manually build the function body in solve.py based on the function definition and docstring below:,Manually develop the function body in solve.py based on the function definition and docstring below:
codecontests_cpp_504,Properly add the function body in solve.cpp based on the function definition and docstring below:,Properly develop the function body in solve.cpp based on the function definition and docstring below:
codecontests_java_505,Finalize the function body in solve.java based on the function definition and docstring below:,Devise the function body in solve.java based on the function definition and docstring below:
codecontests_cpp_508,Paste the function body in solve.cpp based on the function definition and docstring below:,Craft the function body in solve.cpp based on the function definition and docstring below:
codecontests_java_508,Prefill the function body in solve.java based on the function definition and docstring below:,Formulate the function body in solve.java based on the function definition and docstring below:
codecontests_java_509,Prefill the function body in solve.java based on the function definition and docstring below:,Formulate the function body in solve.java based on the function definition and docstring below:
codecontests_cpp_510,Directly implement the function body in solve.cpp based on the function definition and docstring below:,Carefully implement the function body in solve.cpp based on the function definition and docstring below:
codecontests_java_510,Finalize the function body in solve.java based on the function definition and docstring below:,Devise the function body in solve.java based on the function definition and docstring below:
codecontests_cpp_511,Insert the function body in solve.cpp based on the function definition and docstring below:,Implement the function body in solve.cpp based on the function definition and docstring below:
codecontests_java_511,Append the function body in solve.java based on the function definition and docstring below:,Supply the function body in solve.java based on the function definition and docstring below:
codecontests_cpp_512,Write out the function body in solve.cpp based on the function definition and docstring below:,Build out the function body in solve.cpp based on the function definition and docstring below:
codecontests_java_512,Prefill the function body in solve.java based on the function definition and docstring below:,Formulate the function body in solve.java based on the function definition and docstring below:
codecontests_java_513,Finalize the function body in solve.java based on the function definition and docstring below:,Devise the function body in solve.java based on the function definition and docstring below:
codecontests_cpp_515,Create the function body in solve.cpp based on the function definition and docstring below:,Develop the function body in solve.cpp based on the function definition and docstring below:
codecontests_java_515,Paste the function body in solve.java based on the function definition and docstring below:,Compose the function body in solve.java based on the function definition and docstring below:
codecontests_cpp_516,Prepare the function body in solve.cpp based on the function definition and docstring below:,Implement the function body in solve.cpp based on the function definition and docstring below:
codecontests_java_516,Insert the function body in solve.java based on the function definition and docstring below:,Compose the function body in solve.java based on the function definition and docstring below:
codecontests_cpp_517,Paste the function body in solve.cpp based on the function definition and docstring below:,Author the function body in solve.cpp based on the function definition and docstring below:
codecontests_java_519,Finalize the function body in solve.java based on the function definition and docstring below:,Devise the function body in solve.java based on the function definition and docstring below:
codecontests_cpp_520,Create the function body in solve.cpp based on the function definition and docstring below:,Implement the function body in solve.cpp based on the function definition and docstring below:
codecontests_java_520,Prefill the function body in solve.java based on the function definition and docstring below:,Formulate the function body in solve.java based on the function definition and docstring below:
codecontests_java_521,Write the function body in solve.java based on the function definition and docstring below:,Design the function body in solve.java based on the function definition and docstring below:
codecontests_java_522,Insert the function body in solve.java based on the function definition and docstring below:,Compose the function body in solve.java based on the function definition and docstring below:
codecontests_cpp_524,Write out the function body in solve.cpp based on the function definition and docstring below:,Build out the function body in solve.cpp based on the function definition and docstring below:
codecontests_java_524,Insert the function body in solve.java based on the function definition and docstring below:,Compose the function body in solve.java based on the function definition and docstring below:
codecontests_cpp_526,Write the function body in solve.cpp based on the function definition and docstring below:,Develop the function body in solve.cpp based on the function definition and docstring below:
codecontests_java_526,Directly implement the function body in solve.java based on the function definition and docstring below:,Independently develop the function body in solve.java based on the function definition and docstring below:
codecontests_cpp_527,Directly implement the function body in solve.cpp based on the function definition and docstring below:,Carefully implement the function body in solve.cpp based on the function definition and docstring below:
codecontests_java_527,Prefill the function body in solve.java based on the function definition and docstring below:,Formulate the function body in solve.java based on the function definition and docstring below:
codecontests_cpp_529,Paste the function body in solve.cpp based on the function definition and docstring below:,Author the function body in solve.cpp based on the function definition and docstring below:
codecontests_java_530,Directly implement the function body in solve.java based on the function definition and docstring below:,Manually develop the function body in solve.java based on the function definition and docstring below:
codecontests_cpp_531,Insert the function body in solve.cpp based on the function definition and docstring below:,Author the function body in solve.cpp based on the function definition and docstring below:
codecontests_java_531,Prefill the function body in solve.java based on the function definition and docstring below:,Formulate the function body in solve.java based on the function definition and docstring below:
codecontests_java_532,Manually build the function body in solve.java based on the function definition and docstring below:,Manually develop the function body in solve.java based on the function definition and docstring below:
codecontests_cpp_534,Write the function body in solve.cpp based on the function definition and docstring below:,Develop the function body in solve.cpp based on the function definition and docstring below:
codecontests_java_534,Save the function body in solve.java based on the function definition and docstring below:,Design the function body in solve.java based on the function definition and docstring below:
codecontests_cpp_535,Prepare the function body in solve.cpp based on the function definition and docstring below:,Develop the function body in solve.cpp based on the function definition and docstring below:
codecontests_java_535,Append the function body in solve.java based on the function definition and docstring below:,Build the function body in solve.java based on the function definition and docstring below:
codecontests_cpp_536,Paste the function body in solve.cpp based on the function definition and docstring below:,Build the function body in solve.cpp based on the function definition and docstring below:
codecontests_java_536,Append the function body in solve.java based on the function definition and docstring below:,Supply the function body in solve.java based on the function definition and docstring below:
codecontests_cpp_538,Directly implement the function body in solve.cpp based on the function definition and docstring below:,Carefully implement the function body in solve.cpp based on the function definition and docstring below:
codecontests_java_538,Finalize the function body in solve.java based on the function definition and docstring below:,Devise the function body in solve.java based on the function definition and docstring below:
codecontests_cpp_540,Create the function body in solve.cpp based on the function definition and docstring below:,Author the function body in solve.cpp based on the function definition and docstring below:
codecontests_java_540,Prefill the function body in solve.java based on the function definition and docstring below:,Formulate the function body in solve.java based on the function definition and docstring below:
codecontests_cpp_541,Create the function body in solve.cpp based on the function definition and docstring below:,Implement the function body in solve.cpp based on the function definition and docstring below:
codecontests_cpp_542,Write the function body in solve.cpp based on the function definition and docstring below:,Develop the function body in solve.cpp based on the function definition and docstring below:
codecontests_java_544,Save the function body in solve.java based on the function definition and docstring below:,Design the function body in solve.java based on the function definition and docstring below:
codecontests_java_545,Edit the function body in solve.java based on the function definition and docstring below:,Compose the function body in solve.java based on the function definition and docstring below:
codecontests_java_546,Prefill the function body in solve.java based on the function definition and docstring below:,Formulate the function body in solve.java based on the function definition and docstring below:
codecontests_java_547,Write the function body in solve.java based on the function definition and docstring below:,Develop the function body in solve.java based on the function definition and docstring below:
codecontests_cpp_550,Insert the function body in solve.cpp based on the function definition and docstring below:,Author the function body in solve.cpp based on the function definition and docstring below:
codecontests_java_550,Paste the function body in solve.java based on the function definition and docstring below:,Supply the function body in solve.java based on the function definition and docstring below:
codecontests_java_552,Append the function body in solve.java based on the function definition and docstring below:,Build the function body in solve.java based on the function definition and docstring below:
codecontests_java_553,Prepare the function body in solve.java based on the function definition and docstring below:,Compose the function body in solve.java based on the function definition and docstring below:
codecontests_cpp_554,Manually build the function body in solve.cpp based on the function definition and docstring below:,Manually develop the function body in solve.cpp based on the function definition and docstring below:
codecontests_java_554,Save the function body in solve.java based on the function definition and docstring below:,Design the function body in solve.java based on the function definition and docstring below:
codecontests_java_555,Write the function body in solve.java based on the function definition and docstring below:,Compose the function body in solve.java based on the function definition and docstring below:
codecontests_java_556,Append the function body in solve.java based on the function definition and docstring below:,Supply the function body in solve.java based on the function definition and docstring below:
codecontests_cpp_557,Write out the function body in solve.cpp based on the function definition and docstring below:,Build out the function body in solve.cpp based on the function definition and docstring below:
codecontests_java_557,Edit the function body in solve.java based on the function definition and docstring below:,Supply the function body in solve.java based on the function definition and docstring below:
codecontests_cpp_558,Properly add the function body in solve.cpp based on the function definition and docstring below:,Properly develop the function body in solve.cpp based on the function definition and docstring below:
codecontests_java_558,Save the function body in solve.java based on the function definition and docstring below:,Supply the function body in solve.java based on the function definition and docstring below:
codecontests_java_559,Finalize the function body in solve.java based on the function definition and docstring below:,Devise the function body in solve.java based on the function definition and docstring below:
codecontests_cpp_560,Create the function body in solve.cpp based on the function definition and docstring below:,Author the function body in solve.cpp based on the function definition and docstring below:
codecontests_java_560,Append the function body in solve.java based on the function definition and docstring below:,Build the function body in solve.java based on the function definition and docstring below:
codecontests_java_561,Directly implement the function body in solve.java based on the function definition and docstring below:,Manually develop the function body in solve.java based on the function definition and docstring below:
codecontests_java_562,Save the function body in solve.java based on the function definition and docstring below:,Supply the function body in solve.java based on the function definition and docstring below:
codecontests_java_563,Finalize the function body in solve.java based on the function definition and docstring below:,Devise the function body in solve.java based on the function definition and docstring below:
codecontests_java_564,Finalize the function body in solve.java based on the function definition and docstring below:,Devise the function body in solve.java based on the function definition and docstring below:
codecontests_cpp_565,Paste the function body in solve.cpp based on the function definition and docstring below:,Author the function body in solve.cpp based on the function definition and docstring below:
codecontests_java_565,Save the function body in solve.java based on the function definition and docstring below:,Supply the function body in solve.java based on the function definition and docstring below:
codecontests_cpp_566,Write out the function body in solve.cpp based on the function definition and docstring below:,Build out the function body in solve.cpp based on the function definition and docstring below:
codecontests_java_566,Save the function body in solve.java based on the function definition and docstring below:,Build the function body in solve.java based on the function definition and docstring below:
codecontests_cpp_567,Directly build the function body in solve.cpp based on the function definition and docstring below:,Carefully implement the function body in solve.cpp based on the function definition and docstring below:
codecontests_java_567,Save the function body in solve.java based on the function definition and docstring below:,Design the function body in solve.java based on the function definition and docstring below:
codecontests_java_570,Save the function body in solve.java based on the function definition and docstring below:,Build the function body in solve.java based on the function definition and docstring below:
codecontests_java_571,Edit the function body in solve.java based on the function definition and docstring below:,Compose the function body in solve.java based on the function definition and docstring below:
codecontests_java_572,Manually build the function body in solve.java based on the function definition and docstring below:,Independently develop the function body in solve.java based on the function definition and docstring below:
codecontests_cpp_573,Prefill the function body in solve.cpp based on the function definition and docstring below:,Formulate the function body in solve.cpp based on the function definition and docstring below:
codecontests_java_573,Prefill the function body in solve.java based on the function definition and docstring below:,Formulate the function body in solve.java based on the function definition and docstring below:
codecontests_cpp_574,Manually build the function body in solve.cpp based on the function definition and docstring below:,Carefully implement the function body in solve.cpp based on the function definition and docstring below:
codecontests_java_574,Insert the function body in solve.java based on the function definition and docstring below:,Craft the function body in solve.java based on the function definition and docstring below:
codecontests_java_575,Finalize the function body in solve.java based on the function definition and docstring below:,Devise the function body in solve.java based on the function definition and docstring below:
codecontests_cpp_576,Create the function body in solve.cpp based on the function definition and docstring below:,Develop the function body in solve.cpp based on the function definition and docstring below:
codecontests_java_576,Directly implement the function body in solve.java based on the function definition and docstring below:,Manually develop the function body in solve.java based on the function definition and docstring below:
codecontests_java_577,Append the function body in solve.java based on the function definition and docstring below:,Build the function body in solve.java based on the function definition and docstring below:
codecontests_java_578,Edit the function body in solve.java based on the function definition and docstring below:,Compose the function body in solve.java based on the function definition and docstring below:
codecontests_cpp_579,Create the function body in solve.cpp based on the function definition and docstring below:,Develop the function body in solve.cpp based on the function definition and docstring below:
codecontests_java_580,Paste the function body in solve.java based on the function definition and docstring below:,Author the function body in solve.java based on the function definition and docstring below:
codecontests_java_581,Paste the function body in solve.java based on the function definition and docstring below:,Compose the function body in solve.java based on the function definition and docstring below:
codecontests_cpp_582,Insert the function body in solve.cpp based on the function definition and docstring below:,Author the function body in solve.cpp based on the function definition and docstring below:
codecontests_java_583,Write the function body in solve.java based on the function definition and docstring below:,Develop the function body in solve.java based on the function definition and docstring below:
codecontests_java_584,Prepare the function body in solve.java based on the function definition and docstring below:,Craft the function body in solve.java based on the function definition and docstring below:
codecontests_cpp_586,Prepare the function body in solve.cpp based on the function definition and docstring below:,Implement the function body in solve.cpp based on the function definition and docstring below:
codecontests_cpp_588,Append the function body in solve.cpp based on the function definition and docstring below:,Supply the function body in solve.cpp based on the function definition and docstring below:
codecontests_java_588,Prefill the function body in solve.java based on the function definition and docstring below:,Formulate the function body in solve.java based on the function definition and docstring below:
codecontests_cpp_589,Directly build the function body in solve.cpp based on the function definition and docstring below:,Carefully implement the function body in solve.cpp based on the function definition and docstring below:
codecontests_java_589,Paste the function body in solve.java based on the function definition and docstring below:,Compose the function body in solve.java based on the function definition and docstring below:
codecontests_cpp_590,Properly add the function body in solve.cpp based on the function definition and docstring below:,Properly develop the function body in solve.cpp based on the function definition and docstring below:
codecontests_java_590,Edit the function body in solve.java based on the function definition and docstring below:,Craft the function body in solve.java based on the function definition and docstring below:
codecontests_java_591,Prefill the function body in solve.java based on the function definition and docstring below:,Formulate the function body in solve.java based on the function definition and docstring below:
codecontests_cpp_592,Paste the function body in solve.cpp based on the function definition and docstring below:,Build the function body in solve.cpp based on the function definition and docstring below:
codecontests_java_592,Paste the function body in solve.java based on the function definition and docstring below:,Build the function body in solve.java based on the function definition and docstring below:
codecontests_cpp_593,Create the function body in solve.cpp based on the function definition and docstring below:,Author the function body in solve.cpp based on the function definition and docstring below:
codecontests_java_593,Finalize the function body in solve.java based on the function definition and docstring below:,Devise the function body in solve.java based on the function definition and docstring below:
codecontests_cpp_595,Insert the function body in solve.cpp based on the function definition and docstring below:,Author the function body in solve.cpp based on the function definition and docstring below:
codecontests_java_595,Save the function body in solve.java based on the function definition and docstring below:,Design the function body in solve.java based on the function definition and docstring below:
codecontests_java_596,Save the function body in solve.java based on the function definition and docstring below:,Design the function body in solve.java based on the function definition and docstring below:
codecontests_cpp_598,Write the function body in solve.cpp based on the function definition and docstring below:,Implement the function body in solve.cpp based on the function definition and docstring below:
codecontests_java_599,Insert the function body in solve.java based on the function definition and docstring below:,Compose the function body in solve.java based on the function definition and docstring below:
codecontests_java_600,Prefill the function body in solve.java based on the function definition and docstring below:,Formulate the function body in solve.java based on the function definition and docstring below:
codecontests_cpp_601,Write out the function body in solve.cpp based on the function definition and docstring below:,Build out the function body in solve.cpp based on the function definition and docstring below:
codecontests_java_601,Append the function body in solve.java based on the function definition and docstring below:,Build the function body in solve.java based on the function definition and docstring below:
codecontests_java_602,Edit the function body in solve.java based on the function definition and docstring below:,Craft the function body in solve.java based on the function definition and docstring below:
codecontests_java_603,Save the function body in solve.java based on the function definition and docstring below:,Supply the function body in solve.java based on the function definition and docstring below:
codecontests_java_604,Insert the function body in solve.java based on the function definition and docstring below:,Compose the function body in solve.java based on the function definition and docstring below:
codecontests_cpp_605,Prepare the function body in solve.cpp based on the function definition and docstring below:,Implement the function body in solve.cpp based on the function definition and docstring below:
codecontests_java_605,Insert the function body in solve.java based on the function definition and docstring below:,Compose the function body in solve.java based on the function definition and docstring below:
codecontests_cpp_606,Create the function body in solve.cpp based on the function definition and docstring below:,Build the function body in solve.cpp based on the function definition and docstring below:
codecontests_java_606,Save the function body in solve.java based on the function definition and docstring below:,Supply the function body in solve.java based on the function definition and docstring below:
codecontests_cpp_608,Create the function body in solve.cpp based on the function definition and docstring below:,Author the function body in solve.cpp based on the function definition and docstring below:
codecontests_java_608,Prefill the function body in solve.java based on the function definition and docstring below:,Formulate the function body in solve.java based on the function definition and docstring below:
codecontests_cpp_610,Write the function body in solve.cpp based on the function definition and docstring below:,Develop the function body in solve.cpp based on the function definition and docstring below:
codecontests_java_610,Finalize the function body in solve.java based on the function definition and docstring below:,Devise the function body in solve.java based on the function definition and docstring below:
codecontests_java_611,Prefill the function body in solve.java based on the function definition and docstring below:,Formulate the function body in solve.java based on the function definition and docstring below:
codecontests_cpp_612,Create the function body in solve.cpp based on the function definition and docstring below:,Develop the function body in solve.cpp based on the function definition and docstring below:
codecontests_java_612,Edit the function body in solve.java based on the function definition and docstring below:,Build the function body in solve.java based on the function definition and docstring below:
codecontests_cpp_613,Directly implement the function body in solve.cpp based on the function definition and docstring below:,Independently develop the function body in solve.cpp based on the function definition and docstring below:
codecontests_java_613,Edit the function body in solve.java based on the function definition and docstring below:,Design the function body in solve.java based on the function definition and docstring below:
codecontests_cpp_614,Write out the function body in solve.cpp based on the function definition and docstring below:,Build out the function body in solve.cpp based on the function definition and docstring below:
codecontests_java_614,Prefill the function body in solve.java based on the function definition and docstring below:,Formulate the function body in solve.java based on the function definition and docstring below:
codecontests_cpp_615,Directly implement the function body in solve.cpp based on the function definition and docstring below:,Carefully implement the function body in solve.cpp based on the function definition and docstring below:
codecontests_java_615,Prefill the function body in solve.java based on the function definition and docstring below:,Formulate the function body in solve.java based on the function definition and docstring below:
codecontests_cpp_616,Create the function body in solve.cpp based on the function definition and docstring below:,Author the function body in solve.cpp based on the function definition and docstring below:
codecontests_java_616,Append the function body in solve.java based on the function definition and docstring below:,Design the function body in solve.java based on the function definition and docstring below:
codecontests_cpp_617,Directly implement the function body in solve.cpp based on the function definition and docstring below:,Manually develop the function body in solve.cpp based on the function definition and docstring below:
codecontests_java_617,Prefill the function body in solve.java based on the function definition and docstring below:,Formulate the function body in solve.java based on the function definition and docstring below:
codecontests_cpp_618,Insert the function body in solve.cpp based on the function definition and docstring below:,Author the function body in solve.cpp based on the function definition and docstring below:
codecontests_java_618,Append the function body in solve.java based on the function definition and docstring below:,Build the function body in solve.java based on the function definition and docstring below:
codecontests_java_619,Append the function body in solve.java based on the function definition and docstring below:,Build the function body in solve.java based on the function definition and docstring below:
codecontests_java_620,Edit the function body in solve.java based on the function definition and docstring below:,Craft the function body in solve.java based on the function definition and docstring below:
codecontests_java_622,Properly add the function body in solve.java based on the function definition and docstring below:,Properly develop the function body in solve.java based on the function definition and docstring below:
codecontests_java_623,Directly implement the function body in solve.java based on the function definition and docstring below:,Independently develop the function body in solve.java based on the function definition and docstring below:
codecontests_cpp_624,Write the function body in solve.cpp based on the function definition and docstring below:,Author the function body in solve.cpp based on the function definition and docstring below:
codecontests_java_625,Append the function body in solve.java based on the function definition and docstring below:,Build the function body in solve.java based on the function definition and docstring below:
codecontests_java_626,Paste the function body in solve.java based on the function definition and docstring below:,Supply the function body in solve.java based on the function definition and docstring below:
codecontests_java_627,Prefill the function body in solve.java based on the function definition and docstring below:,Formulate the function body in solve.java based on the function definition and docstring below:
codecontests_cpp_629,Create the function body in solve.cpp based on the function definition and docstring below:,Implement the function body in solve.cpp based on the function definition and docstring below:
codecontests_java_629,Prefill the function body in solve.java based on the function definition and docstring below:,Formulate the function body in solve.java based on the function definition and docstring below:
codecontests_cpp_631,Finalize the function body in solve.cpp based on the function definition and docstring below:,Formulate the function body in solve.cpp based on the function definition and docstring below:
codecontests_cpp_632,Create the function body in solve.cpp based on the function definition and docstring below:,Develop the function body in solve.cpp based on the function definition and docstring below:
codecontests_cpp_633,Prepare the function body in solve.cpp based on the function definition and docstring below:,Craft the function body in solve.cpp based on the function definition and docstring below:
codecontests_cpp_634,Append the function body in solve.cpp based on the function definition and docstring below:,Compose the function body in solve.cpp based on the function definition and docstring below:
codecontests_cpp_635,Edit the function body in solve.cpp based on the function definition and docstring below:,Design the function body in solve.cpp based on the function definition and docstring below:
codecontests_cpp_638,Insert the function body in solve.cpp based on the function definition and docstring below:,Author the function body in solve.cpp based on the function definition and docstring below:
codecontests_cpp_639,Save the function body in solve.cpp based on the function definition and docstring below:,Craft the function body in solve.cpp based on the function definition and docstring below:
codecontests_cpp_640,Write the function body in solve.cpp based on the function definition and docstring below:,Build the function body in solve.cpp based on the function definition and docstring below:
codecontests_cpp_641,Save the function body in solve.cpp based on the function definition and docstring below:,Build the function body in solve.cpp based on the function definition and docstring below:
codecontests_cpp_642,Prepare the function body in solve.cpp based on the function definition and docstring below:,Craft the function body in solve.cpp based on the function definition and docstring below:
codecontests_cpp_643,Prepare the function body in solve.cpp based on the function definition and docstring below:,Develop the function body in solve.cpp based on the function definition and docstring below:
codecontests_cpp_644,Append the function body in solve.cpp based on the function definition and docstring below:,Compose the function body in solve.cpp based on the function definition and docstring below:
codecontests_cpp_645,Append the function body in solve.cpp based on the function definition and docstring below:,Craft the function body in solve.cpp based on the function definition and docstring below:
codecontests_cpp_647,Create the function body in solve.cpp based on the function definition and docstring below:,Design the function body in solve.cpp based on the function definition and docstring below:
codecontests_cpp_648,Edit the function body in solve.cpp based on the function definition and docstring below:,Develop the function body in solve.cpp based on the function definition and docstring below:
codecontests_cpp_649,Create the function body in solve.cpp based on the function definition and docstring below:,Implement the function body in solve.cpp based on the function definition and docstring below:
codecontests_cpp_652,Prefill the function body in solve.cpp based on the function definition and docstring below:,Formulate the function body in solve.cpp based on the function definition and docstring below:
codecontests_cpp_655,Insert the function body in solve.cpp based on the function definition and docstring below:,Craft the function body in solve.cpp based on the function definition and docstring below:
codecontests_cpp_656,Edit the function body in solve.cpp based on the function definition and docstring below:,Build the function body in solve.cpp based on the function definition and docstring below:
codecontests_cpp_657,Insert the function body in solve.cpp based on the function definition and docstring below:,Build the function body in solve.cpp based on the function definition and docstring below:
codecontests_cpp_658,Write the function body in solve.cpp based on the function definition and docstring below:,Build the function body in solve.cpp based on the function definition and docstring below:
codecontests_cpp_660,Write the function body in solve.cpp based on the function definition and docstring below:,Author the function body in solve.cpp based on the function definition and docstring below:
codecontests_cpp_661,Write out the function body in solve.cpp based on the function definition and docstring below:,Build out the function body in solve.cpp based on the function definition and docstring below:
codecontests_cpp_665,Prefill the function body in solve.cpp based on the function definition and docstring below:,Devise the function body in solve.cpp based on the function definition and docstring below:
codecontests_cpp_666,Paste the function body in solve.cpp based on the function definition and docstring below:,Author the function body in solve.cpp based on the function definition and docstring below:
codecontests_cpp_667,Finalize the function body in solve.cpp based on the function definition and docstring below:,Formulate the function body in solve.cpp based on the function definition and docstring below:
codecontests_cpp_669,Finalize the function body in solve.cpp based on the function definition and docstring below:,Devise the function body in solve.cpp based on the function definition and docstring below:
codecontests_cpp_670,Save the function body in solve.cpp based on the function definition and docstring below:,Build the function body in solve.cpp based on the function definition and docstring below:
codecontests_cpp_671,Prepare the function body in solve.cpp based on the function definition and docstring below:,Build the function body in solve.cpp based on the function definition and docstring below:
codecontests_cpp_672,Prefill the function body in solve.cpp based on the function definition and docstring below:,Formulate the function body in solve.cpp based on the function definition and docstring below:
codecontests_cpp_673,Save the function body in solve.cpp based on the function definition and docstring below:,Compose the function body in solve.cpp based on the function definition and docstring below:
codecontests_cpp_674,Finalize the function body in solve.cpp based on the function definition and docstring below:,Formulate the function body in solve.cpp based on the function definition and docstring below:
codecontests_cpp_676,Create the function body in solve.cpp based on the function definition and docstring below:,Implement the function body in solve.cpp based on the function definition and docstring below:
codecontests_cpp_677,Edit the function body in solve.cpp based on the function definition and docstring below:,Design the function body in solve.cpp based on the function definition and docstring below:
codecontests_cpp_678,Write the function body in solve.cpp based on the function definition and docstring below:,Author the function body in solve.cpp based on the function definition and docstring below:
codecontests_cpp_679,Prepare the function body in solve.cpp based on the function definition and docstring below:,Develop the function body in solve.cpp based on the function definition and docstring below:
codecontests_cpp_682,Properly add the function body in solve.cpp based on the function definition and docstring below:,Properly develop the function body in solve.cpp based on the function definition and docstring below:
codecontests_cpp_683,Properly add the function body in solve.cpp based on the function definition and docstring below:,Properly develop the function body in solve.cpp based on the function definition and docstring below:
codecontests_cpp_685,Prefill the function body in solve.cpp based on the function definition and docstring below:,Devise the function body in solve.cpp based on the function definition and docstring below:
codecontests_cpp_687,Insert the function body in solve.cpp based on the function definition and docstring below:,Build the function body in solve.cpp based on the function definition and docstring below:
codecontests_cpp_689,Edit the function body in solve.cpp based on the function definition and docstring below:,Build the function body in solve.cpp based on the function definition and docstring below:
codecontests_cpp_690,Finalize the function body in solve.cpp based on the function definition and docstring below:,Formulate the function body in solve.cpp based on the function definition and docstring below:
codecontests_cpp_692,Append the function body in solve.cpp based on the function definition and docstring below:,Compose the function body in solve.cpp based on the function definition and docstring below:
codecontests_cpp_693,Create the function body in solve.cpp based on the function definition and docstring below:,Implement the function body in solve.cpp based on the function definition and docstring below:
codecontests_cpp_694,Create the function body in solve.cpp based on the function definition and docstring below:,Build the function body in solve.cpp based on the function definition and docstring below:
codecontests_cpp_697,Finalize the function body in solve.cpp based on the function definition and docstring below:,Devise the function body in solve.cpp based on the function definition and docstring below:
codecontests_cpp_698,Prefill the function body in solve.cpp based on the function definition and docstring below:,Devise the function body in solve.cpp based on the function definition and docstring below:
codecontests_cpp_699,Append the function body in solve.cpp based on the function definition and docstring below:,Compose the function body in solve.cpp based on the function definition and docstring below:
codecontests_cpp_700,Insert the function body in solve.cpp based on the function definition and docstring below:,Compose the function body in solve.cpp based on the function definition and docstring below:
codecontests_cpp_701,Prepare the function body in solve.cpp based on the function definition and docstring below:,Author the function body in solve.cpp based on the function definition and docstring below:
codecontests_cpp_702,Append the function body in solve.cpp based on the function definition and docstring below:,Craft the function body in solve.cpp based on the function definition and docstring below:
codecontests_cpp_705,Paste the function body in solve.cpp based on the function definition and docstring below:,Craft the function body in solve.cpp based on the function definition and docstring below:
codecontests_cpp_707,Create the function body in solve.cpp based on the function definition and docstring below:,Craft the function body in solve.cpp based on the function definition and docstring below:
codecontests_cpp_708,Prefill the function body in solve.cpp based on the function definition and docstring below:,Devise the function body in solve.cpp based on the function definition and docstring below:
codecontests_cpp_709,Insert the function body in solve.cpp based on the function definition and docstring below:,Design the function body in solve.cpp based on the function definition and docstring below:
codecontests_cpp_710,Paste the function body in solve.cpp based on the function definition and docstring below:,Author the function body in solve.cpp based on the function definition and docstring below:
codecontests_cpp_711,Append the function body in solve.cpp based on the function definition and docstring below:,Build the function body in solve.cpp based on the function definition and docstring below:
codecontests_cpp_713,Append the function body in solve.cpp based on the function definition and docstring below:,Compose the function body in solve.cpp based on the function definition and docstring below:
codecontests_cpp_714,Append the function body in solve.cpp based on the function definition and docstring below:,Build the function body in solve.cpp based on the function definition and docstring below:
codecontests_cpp_717,Create the function body in solve.cpp based on the function definition and docstring below:,Author the function body in solve.cpp based on the function definition and docstring below:
codecontests_cpp_719,Insert the function body in solve.cpp based on the function definition and docstring below:,Build the function body in solve.cpp based on the function definition and docstring below:
codecontests_cpp_721,Save the function body in solve.cpp based on the function definition and docstring below:,Build the function body in solve.cpp based on the function definition and docstring below:
codecontests_cpp_722,Edit the function body in solve.cpp based on the function definition and docstring below:,Build the function body in solve.cpp based on the function definition and docstring below:
codecontests_cpp_724,Finalize the function body in solve.cpp based on the function definition and docstring below:,Devise the function body in solve.cpp based on the function definition and docstring below:
codecontests_cpp_725,Paste the function body in solve.cpp based on the function definition and docstring below:,Build the function body in solve.cpp based on the function definition and docstring below:
codecontests_cpp_728,Append the function body in solve.cpp based on the function definition and docstring below:,Craft the function body in solve.cpp based on the function definition and docstring below:
codecontests_cpp_729,Properly add the function body in solve.cpp based on the function definition and docstring below:,Properly develop the function body in solve.cpp based on the function definition and docstring below:
codecontests_cpp_730,Paste the function body in solve.cpp based on the function definition and docstring below:,Build the function body in solve.cpp based on the function definition and docstring below:
codecontests_cpp_731,Append the function body in solve.cpp based on the function definition and docstring below:,Craft the function body in solve.cpp based on the function definition and docstring below:
codecontests_cpp_736,Finalize the function body in solve.cpp based on the function definition and docstring below:,Devise the function body in solve.cpp based on the function definition and docstring below:
codecontests_cpp_737,Write out the function body in solve.cpp based on the function definition and docstring below:,Build out the function body in solve.cpp based on the function definition and docstring below:
codecontests_cpp_739,Finalize the function body in solve.cpp based on the function definition and docstring below:,Devise the function body in solve.cpp based on the function definition and docstring below:
codecontests_cpp_740,Append the function body in solve.cpp based on the function definition and docstring below:,Compose the function body in solve.cpp based on the function definition and docstring below:
codecontests_cpp_741,Append the function body in solve.cpp based on the function definition and docstring below:,Compose the function body in solve.cpp based on the function definition and docstring below:
codecontests_cpp_742,Prefill the function body in solve.cpp based on the function definition and docstring below:,Formulate the function body in solve.cpp based on the function definition and docstring below:
codecontests_cpp_743,Finalize the function body in solve.cpp based on the function definition and docstring below:,Devise the function body in solve.cpp based on the function definition and docstring below:
codecontests_cpp_745,Write the function body in solve.cpp based on the function definition and docstring below:,Develop the function body in solve.cpp based on the function definition and docstring below:
codecontests_cpp_747,Create the function body in solve.cpp based on the function definition and docstring below:,Implement the function body in solve.cpp based on the function definition and docstring below:
codecontests_cpp_749,Insert the function body in solve.cpp based on the function definition and docstring below:,Compose the function body in solve.cpp based on the function definition and docstring below:
codecontests_cpp_750,Insert the function body in solve.cpp based on the function definition and docstring below:,Implement the function body in solve.cpp based on the function definition and docstring below:
codecontests_cpp_752,Save the function body in solve.cpp based on the function definition and docstring below:,Build the function body in solve.cpp based on the function definition and docstring below:
codecontests_cpp_753,Save the function body in solve.cpp based on the function definition and docstring below:,Craft the function body in solve.cpp based on the function definition and docstring below:
codecontests_cpp_754,Write out the function body in solve.cpp based on the function definition and docstring below:,Build out the function body in solve.cpp based on the function definition and docstring below:
codecontests_cpp_755,Finalize the function body in solve.cpp based on the function definition and docstring below:,Devise the function body in solve.cpp based on the function definition and docstring below:
codecontests_cpp_756,Append the function body in solve.cpp based on the function definition and docstring below:,Build the function body in solve.cpp based on the function definition and docstring below:
codecontests_cpp_757,Save the function body in solve.cpp based on the function definition and docstring below:,Craft the function body in solve.cpp based on the function definition and docstring below:
codecontests_cpp_758,Append the function body in solve.cpp based on the function definition and docstring below:,Build the function body in solve.cpp based on the function definition and docstring below:
codecontests_cpp_760,Prefill the function body in solve.cpp based on the function definition and docstring below:,Devise the function body in solve.cpp based on the function definition and docstring below:
codecontests_cpp_762,Append the function body in solve.cpp based on the function definition and docstring below:,Compose the function body in solve.cpp based on the function definition and docstring below:
codecontests_cpp_764,Append the function body in solve.cpp based on the function definition and docstring below:,Craft the function body in solve.cpp based on the function definition and docstring below:
codecontests_cpp_765,Append the function body in solve.cpp based on the function definition and docstring below:,Compose the function body in solve.cpp based on the function definition and docstring below:
codecontests_cpp_766,Insert the function body in solve.cpp based on the function definition and docstring below:,Design the function body in solve.cpp based on the function definition and docstring below:
codecontests_cpp_767,Insert the function body in solve.cpp based on the function definition and docstring below:,Craft the function body in solve.cpp based on the function definition and docstring below:
codecontests_cpp_769,Edit the function body in solve.cpp based on the function definition and docstring below:,Compose the function body in solve.cpp based on the function definition and docstring below:
codecontests_cpp_770,Paste the function body in solve.cpp based on the function definition and docstring below:,Implement the function body in solve.cpp based on the function definition and docstring below:
codecontests_cpp_772,Edit the function body in solve.cpp based on the function definition and docstring below:,Author the function body in solve.cpp based on the function definition and docstring below:
codecontests_cpp_773,Finalize the function body in solve.cpp based on the function definition and docstring below:,Devise the function body in solve.cpp based on the function definition and docstring below:
codecontests_cpp_776,Properly add the function body in solve.cpp based on the function definition and docstring below:,Properly develop the function body in solve.cpp based on the function definition and docstring below:
codecontests_cpp_778,Write the function body in solve.cpp based on the function definition and docstring below:,Develop the function body in solve.cpp based on the function definition and docstring below:
codecontests_cpp_781,Finalize the function body in solve.cpp based on the function definition and docstring below:,Devise the function body in solve.cpp based on the function definition and docstring below:
codecontests_cpp_782,Finalize the function body in solve.cpp based on the function definition and docstring below:,Devise the function body in solve.cpp based on the function definition and docstring below:
codecontests_cpp_783,Properly add the function body in solve.cpp based on the function definition and docstring below:,Properly develop the function body in solve.cpp based on the function definition and docstring below:
codecontests_cpp_785,Append the function body in solve.cpp based on the function definition and docstring below:,Compose the function body in solve.cpp based on the function definition and docstring below:
codecontests_cpp_786,Edit the function body in solve.cpp based on the function definition and docstring below:,Build the function body in solve.cpp based on the function definition and docstring below:
codecontests_cpp_787,Prepare the function body in solve.cpp based on the function definition and docstring below:,Implement the function body in solve.cpp based on the function definition and docstring below:
codecontests_cpp_789,Prefill the function body in solve.cpp based on the function definition and docstring below:,Formulate the function body in solve.cpp based on the function definition and docstring below:
codecontests_cpp_790,Create the function body in solve.cpp based on the function definition and docstring below:,Implement the function body in solve.cpp based on the function definition and docstring below:
codecontests_cpp_791,Append the function body in solve.cpp based on the function definition and docstring below:,Supply the function body in solve.cpp based on the function definition and docstring below:
codecontests_cpp_793,Edit the function body in solve.cpp based on the function definition and docstring below:,Compose the function body in solve.cpp based on the function definition and docstring below:
codecontests_cpp_795,Prefill the function body in solve.cpp based on the function definition and docstring below:,Devise the function body in solve.cpp based on the function definition and docstring below:
codecontests_cpp_797,Prepare the function body in solve.cpp based on the function definition and docstring below:,Author the function body in solve.cpp based on the function definition and docstring below:
codecontests_cpp_798,Write the function body in solve.cpp based on the function definition and docstring below:,Implement the function body in solve.cpp based on the function definition and docstring below:
codecontests_cpp_799,Append the function body in solve.cpp based on the function definition and docstring below:,Craft the function body in solve.cpp based on the function definition and docstring below:
codecontests_cpp_800,Edit the function body in solve.cpp based on the function definition and docstring below:,Author the function body in solve.cpp based on the function definition and docstring below:
codecontests_cpp_801,Append the function body in solve.cpp based on the function definition and docstring below:,Compose the function body in solve.cpp based on the function definition and docstring below:
codecontests_cpp_802,Edit the function body in solve.cpp based on the function definition and docstring below:,Develop the function body in solve.cpp based on the function definition and docstring below:
codecontests_cpp_803,Insert the function body in solve.cpp based on the function definition and docstring below:,Craft the function body in solve.cpp based on the function definition and docstring below:
codecontests_cpp_804,Prepare the function body in solve.cpp based on the function definition and docstring below:,Build the function body in solve.cpp based on the function definition and docstring below:
codecontests_cpp_805,Write the function body in solve.cpp based on the function definition and docstring below:,Implement the function body in solve.cpp based on the function definition and docstring below:
codecontests_cpp_806,Append the function body in solve.cpp based on the function definition and docstring below:,Compose the function body in solve.cpp based on the function definition and docstring below:
codecontests_cpp_807,Edit the function body in solve.cpp based on the function definition and docstring below:,Craft the function body in solve.cpp based on the function definition and docstring below:
codecontests_cpp_808,Insert the function body in solve.cpp based on the function definition and docstring below:,Compose the function body in solve.cpp based on the function definition and docstring below:
codecontests_cpp_810,Properly add the function body in solve.cpp based on the function definition and docstring below:,Properly develop the function body in solve.cpp based on the function definition and docstring below:
codecontests_cpp_813,Write the function body in solve.cpp based on the function definition and docstring below:,Author the function body in solve.cpp based on the function definition and docstring below:
codecontests_cpp_814,Edit the function body in solve.cpp based on the function definition and docstring below:,Author the function body in solve.cpp based on the function definition and docstring below:
codecontests_cpp_815,Append the function body in solve.cpp based on the function definition and docstring below:,Compose the function body in solve.cpp based on the function definition and docstring below:
codecontests_cpp_816,Create the function body in solve.cpp based on the function definition and docstring below:,Develop the function body in solve.cpp based on the function definition and docstring below:
codecontests_cpp_817,Paste the function body in solve.cpp based on the function definition and docstring below:,Author the function body in solve.cpp based on the function definition and docstring below:
codecontests_cpp_818,Edit the function body in solve.cpp based on the function definition and docstring below:,Craft the function body in solve.cpp based on the function definition and docstring below:
codecontests_cpp_819,Insert the function body in solve.cpp based on the function definition and docstring below:,Craft the function body in solve.cpp based on the function definition and docstring below:
codecontests_cpp_820,Write the function body in solve.cpp based on the function definition and docstring below:,Author the function body in solve.cpp based on the function definition and docstring below:
codecontests_cpp_821,Insert the function body in solve.cpp based on the function definition and docstring below:,Craft the function body in solve.cpp based on the function definition and docstring below:
codecontests_cpp_822,Append the function body in solve.cpp based on the function definition and docstring below:,Compose the function body in solve.cpp based on the function definition and docstring below:
codecontests_cpp_823,Append the function body in solve.cpp based on the function definition and docstring below:,Compose the function body in solve.cpp based on the function definition and docstring below:
codecontests_cpp_824,Insert the function body in solve.cpp based on the function definition and docstring below:,Implement the function body in solve.cpp based on the function definition and docstring below:
codecontests_cpp_825,Properly add the function body in solve.cpp based on the function definition and docstring below:,Properly develop the function body in solve.cpp based on the function definition and docstring below:
codecontests_cpp_826,Append the function body in solve.cpp based on the function definition and docstring below:,Compose the function body in solve.cpp based on the function definition and docstring below:
codecontests_cpp_828,Save the function body in solve.cpp based on the function definition and docstring below:,Build the function body in solve.cpp based on the function definition and docstring below:
codecontests_cpp_829,Create the function body in solve.cpp based on the function definition and docstring below:,Implement the function body in solve.cpp based on the function definition and docstring below:
codecontests_cpp_830,Properly add the function body in solve.cpp based on the function definition and docstring below:,Properly develop the function body in solve.cpp based on the function definition and docstring below:
