layer,head_index,head,mass_heatmap_png,density_heatmap_png,decision_row_png
0,0,L0H0,/root/autodl-tmp/project/experiment/results/split/attentionhead/plots/layer_00/L0H0/mass_heatmap.png,/root/autodl-tmp/project/experiment/results/split/attentionhead/plots/layer_00/L0H0/density_heatmap.png,/root/autodl-tmp/project/experiment/results/split/attentionhead/plots/layer_00/L0H0/decision_row.png
0,1,L0H1,/root/autodl-tmp/project/experiment/results/split/attentionhead/plots/layer_00/L0H1/mass_heatmap.png,/root/autodl-tmp/project/experiment/results/split/attentionhead/plots/layer_00/L0H1/density_heatmap.png,/root/autodl-tmp/project/experiment/results/split/attentionhead/plots/layer_00/L0H1/decision_row.png
0,2,L0H2,/root/autodl-tmp/project/experiment/results/split/attentionhead/plots/layer_00/L0H2/mass_heatmap.png,/root/autodl-tmp/project/experiment/results/split/attentionhead/plots/layer_00/L0H2/density_heatmap.png,/root/autodl-tmp/project/experiment/results/split/attentionhead/plots/layer_00/L0H2/decision_row.png
0,3,L0H3,/root/autodl-tmp/project/experiment/results/split/attentionhead/plots/layer_00/L0H3/mass_heatmap.png,/root/autodl-tmp/project/experiment/results/split/attentionhead/plots/layer_00/L0H3/density_heatmap.png,/root/autodl-tmp/project/experiment/results/split/attentionhead/plots/layer_00/L0H3/decision_row.png
0,4,L0H4,/root/autodl-tmp/project/experiment/results/split/attentionhead/plots/layer_00/L0H4/mass_heatmap.png,/root/autodl-tmp/project/experiment/results/split/attentionhead/plots/layer_00/L0H4/density_heatmap.png,/root/autodl-tmp/project/experiment/results/split/attentionhead/plots/layer_00/L0H4/decision_row.png
0,5,L0H5,/root/autodl-tmp/project/experiment/results/split/attentionhead/plots/layer_00/L0H5/mass_heatmap.png,/root/autodl-tmp/project/experiment/results/split/attentionhead/plots/layer_00/L0H5/density_heatmap.png,/root/autodl-tmp/project/experiment/results/split/attentionhead/plots/layer_00/L0H5/decision_row.png
0,6,L0H6,/root/autodl-tmp/project/experiment/results/split/attentionhead/plots/layer_00/L0H6/mass_heatmap.png,/root/autodl-tmp/project/experiment/results/split/attentionhead/plots/layer_00/L0H6/density_heatmap.png,/root/autodl-tmp/project/experiment/results/split/attentionhead/plots/layer_00/L0H6/decision_row.png
0,7,L0H7,/root/autodl-tmp/project/experiment/results/split/attentionhead/plots/layer_00/L0H7/mass_heatmap.png,/root/autodl-tmp/project/experiment/results/split/attentionhead/plots/layer_00/L0H7/density_heatmap.png,/root/autodl-tmp/project/experiment/results/split/attentionhead/plots/layer_00/L0H7/decision_row.png
0,8,L0H8,/root/autodl-tmp/project/experiment/results/split/attentionhead/plots/layer_00/L0H8/mass_heatmap.png,/root/autodl-tmp/project/experiment/results/split/attentionhead/plots/layer_00/L0H8/density_heatmap.png,/root/autodl-tmp/project/experiment/results/split/attentionhead/plots/layer_00/L0H8/decision_row.png
0,9,L0H9,/root/autodl-tmp/project/experiment/results/split/attentionhead/plots/layer_00/L0H9/mass_heatmap.png,/root/autodl-tmp/project/experiment/results/split/attentionhead/plots/layer_00/L0H9/density_heatmap.png,/root/autodl-tmp/project/experiment/results/split/attentionhead/plots/layer_00/L0H9/decision_row.png
0,10,L0H10,/root/autodl-tmp/project/experiment/results/split/attentionhead/plots/layer_00/L0H10/mass_heatmap.png,/root/autodl-tmp/project/experiment/results/split/attentionhead/plots/layer_00/L0H10/density_heatmap.png,/root/autodl-tmp/project/experiment/results/split/attentionhead/plots/layer_00/L0H10/decision_row.png
0,11,L0H11,/root/autodl-tmp/project/experiment/results/split/attentionhead/plots/layer_00/L0H11/mass_heatmap.png,/root/autodl-tmp/project/experiment/results/split/attentionhead/plots/layer_00/L0H11/density_heatmap.png,/root/autodl-tmp/project/experiment/results/split/attentionhead/plots/layer_00/L0H11/decision_row.png
0,12,L0H12,/root/autodl-tmp/project/experiment/results/split/attentionhead/plots/layer_00/L0H12/mass_heatmap.png,/root/autodl-tmp/project/experiment/results/split/attentionhead/plots/layer_00/L0H12/density_heatmap.png,/root/autodl-tmp/project/experiment/results/split/attentionhead/plots/layer_00/L0H12/decision_row.png
0,13,L0H13,/root/autodl-tmp/project/experiment/results/split/attentionhead/plots/layer_00/L0H13/mass_heatmap.png,/root/autodl-tmp/project/experiment/results/split/attentionhead/plots/layer_00/L0H13/density_heatmap.png,/root/autodl-tmp/project/experiment/results/split/attentionhead/plots/layer_00/L0H13/decision_row.png
0,14,L0H14,/root/autodl-tmp/project/experiment/results/split/attentionhead/plots/layer_00/L0H14/mass_heatmap.png,/root/autodl-tmp/project/experiment/results/split/attentionhead/plots/layer_00/L0H14/density_heatmap.png,/root/autodl-tmp/project/experiment/results/split/attentionhead/plots/layer_00/L0H14/decision_row.png
0,15,L0H15,/root/autodl-tmp/project/experiment/results/split/attentionhead/plots/layer_00/L0H15/mass_heatmap.png,/root/autodl-tmp/project/experiment/results/split/attentionhead/plots/layer_00/L0H15/density_heatmap.png,/root/autodl-tmp/project/experiment/results/split/attentionhead/plots/layer_00/L0H15/decision_row.png
1,0,L1H0,/root/autodl-tmp/project/experiment/results/split/attentionhead/plots/layer_01/L1H0/mass_heatmap.png,/root/autodl-tmp/project/experiment/results/split/attentionhead/plots/layer_01/L1H0/density_heatmap.png,/root/autodl-tmp/project/experiment/results/split/attentionhead/plots/layer_01/L1H0/decision_row.png
1,1,L1H1,/root/autodl-tmp/project/experiment/results/split/attentionhead/plots/layer_01/L1H1/mass_heatmap.png,/root/autodl-tmp/project/experiment/results/split/attentionhead/plots/layer_01/L1H1/density_heatmap.png,/root/autodl-tmp/project/experiment/results/split/attentionhead/plots/layer_01/L1H1/decision_row.png
1,2,L1H2,/root/autodl-tmp/project/experiment/results/split/attentionhead/plots/layer_01/L1H2/mass_heatmap.png,/root/autodl-tmp/project/experiment/results/split/attentionhead/plots/layer_01/L1H2/density_heatmap.png,/root/autodl-tmp/project/experiment/results/split/attentionhead/plots/layer_01/L1H2/decision_row.png
1,3,L1H3,/root/autodl-tmp/project/experiment/results/split/attentionhead/plots/layer_01/L1H3/mass_heatmap.png,/root/autodl-tmp/project/experiment/results/split/attentionhead/plots/layer_01/L1H3/density_heatmap.png,/root/autodl-tmp/project/experiment/results/split/attentionhead/plots/layer_01/L1H3/decision_row.png
1,4,L1H4,/root/autodl-tmp/project/experiment/results/split/attentionhead/plots/layer_01/L1H4/mass_heatmap.png,/root/autodl-tmp/project/experiment/results/split/attentionhead/plots/layer_01/L1H4/density_heatmap.png,/root/autodl-tmp/project/experiment/results/split/attentionhead/plots/layer_01/L1H4/decision_row.png
1,5,L1H5,/root/autodl-tmp/project/experiment/results/split/attentionhead/plots/layer_01/L1H5/mass_heatmap.png,/root/autodl-tmp/project/experiment/results/split/attentionhead/plots/layer_01/L1H5/density_heatmap.png,/root/autodl-tmp/project/experiment/results/split/attentionhead/plots/layer_01/L1H5/decision_row.png
1,6,L1H6,/root/autodl-tmp/project/experiment/results/split/attentionhead/plots/layer_01/L1H6/mass_heatmap.png,/root/autodl-tmp/project/experiment/results/split/attentionhead/plots/layer_01/L1H6/density_heatmap.png,/root/autodl-tmp/project/experiment/results/split/attentionhead/plots/layer_01/L1H6/decision_row.png
1,7,L1H7,/root/autodl-tmp/project/experiment/results/split/attentionhead/plots/layer_01/L1H7/mass_heatmap.png,/root/autodl-tmp/project/experiment/results/split/attentionhead/plots/layer_01/L1H7/density_heatmap.png,/root/autodl-tmp/project/experiment/results/split/attentionhead/plots/layer_01/L1H7/decision_row.png
1,8,L1H8,/root/autodl-tmp/project/experiment/results/split/attentionhead/plots/layer_01/L1H8/mass_heatmap.png,/root/autodl-tmp/project/experiment/results/split/attentionhead/plots/layer_01/L1H8/density_heatmap.png,/root/autodl-tmp/project/experiment/results/split/attentionhead/plots/layer_01/L1H8/decision_row.png
1,9,L1H9,/root/autodl-tmp/project/experiment/results/split/attentionhead/plots/layer_01/L1H9/mass_heatmap.png,/root/autodl-tmp/project/experiment/results/split/attentionhead/plots/layer_01/L1H9/density_heatmap.png,/root/autodl-tmp/project/experiment/results/split/attentionhead/plots/layer_01/L1H9/decision_row.png
1,10,L1H10,/root/autodl-tmp/project/experiment/results/split/attentionhead/plots/layer_01/L1H10/mass_heatmap.png,/root/autodl-tmp/project/experiment/results/split/attentionhead/plots/layer_01/L1H10/density_heatmap.png,/root/autodl-tmp/project/experiment/results/split/attentionhead/plots/layer_01/L1H10/decision_row.png
1,11,L1H11,/root/autodl-tmp/project/experiment/results/split/attentionhead/plots/layer_01/L1H11/mass_heatmap.png,/root/autodl-tmp/project/experiment/results/split/attentionhead/plots/layer_01/L1H11/density_heatmap.png,/root/autodl-tmp/project/experiment/results/split/attentionhead/plots/layer_01/L1H11/decision_row.png
1,12,L1H12,/root/autodl-tmp/project/experiment/results/split/attentionhead/plots/layer_01/L1H12/mass_heatmap.png,/root/autodl-tmp/project/experiment/results/split/attentionhead/plots/layer_01/L1H12/density_heatmap.png,/root/autodl-tmp/project/experiment/results/split/attentionhead/plots/layer_01/L1H12/decision_row.png
1,13,L1H13,/root/autodl-tmp/project/experiment/results/split/attentionhead/plots/layer_01/L1H13/mass_heatmap.png,/root/autodl-tmp/project/experiment/results/split/attentionhead/plots/layer_01/L1H13/density_heatmap.png,/root/autodl-tmp/project/experiment/results/split/attentionhead/plots/layer_01/L1H13/decision_row.png
1,14,L1H14,/root/autodl-tmp/project/experiment/results/split/attentionhead/plots/layer_01/L1H14/mass_heatmap.png,/root/autodl-tmp/project/experiment/results/split/attentionhead/plots/layer_01/L1H14/density_heatmap.png,/root/autodl-tmp/project/experiment/results/split/attentionhead/plots/layer_01/L1H14/decision_row.png
1,15,L1H15,/root/autodl-tmp/project/experiment/results/split/attentionhead/plots/layer_01/L1H15/mass_heatmap.png,/root/autodl-tmp/project/experiment/results/split/attentionhead/plots/layer_01/L1H15/density_heatmap.png,/root/autodl-tmp/project/experiment/results/split/attentionhead/plots/layer_01/L1H15/decision_row.png
2,0,L2H0,/root/autodl-tmp/project/experiment/results/split/attentionhead/plots/layer_02/L2H0/mass_heatmap.png,/root/autodl-tmp/project/experiment/results/split/attentionhead/plots/layer_02/L2H0/density_heatmap.png,/root/autodl-tmp/project/experiment/results/split/attentionhead/plots/layer_02/L2H0/decision_row.png
2,1,L2H1,/root/autodl-tmp/project/experiment/results/split/attentionhead/plots/layer_02/L2H1/mass_heatmap.png,/root/autodl-tmp/project/experiment/results/split/attentionhead/plots/layer_02/L2H1/density_heatmap.png,/root/autodl-tmp/project/experiment/results/split/attentionhead/plots/layer_02/L2H1/decision_row.png
2,2,L2H2,/root/autodl-tmp/project/experiment/results/split/attentionhead/plots/layer_02/L2H2/mass_heatmap.png,/root/autodl-tmp/project/experiment/results/split/attentionhead/plots/layer_02/L2H2/density_heatmap.png,/root/autodl-tmp/project/experiment/results/split/attentionhead/plots/layer_02/L2H2/decision_row.png
2,3,L2H3,/root/autodl-tmp/project/experiment/results/split/attentionhead/plots/layer_02/L2H3/mass_heatmap.png,/root/autodl-tmp/project/experiment/results/split/attentionhead/plots/layer_02/L2H3/density_heatmap.png,/root/autodl-tmp/project/experiment/results/split/attentionhead/plots/layer_02/L2H3/decision_row.png
2,4,L2H4,/root/autodl-tmp/project/experiment/results/split/attentionhead/plots/layer_02/L2H4/mass_heatmap.png,/root/autodl-tmp/project/experiment/results/split/attentionhead/plots/layer_02/L2H4/density_heatmap.png,/root/autodl-tmp/project/experiment/results/split/attentionhead/plots/layer_02/L2H4/decision_row.png
2,5,L2H5,/root/autodl-tmp/project/experiment/results/split/attentionhead/plots/layer_02/L2H5/mass_heatmap.png,/root/autodl-tmp/project/experiment/results/split/attentionhead/plots/layer_02/L2H5/density_heatmap.png,/root/autodl-tmp/project/experiment/results/split/attentionhead/plots/layer_02/L2H5/decision_row.png
2,6,L2H6,/root/autodl-tmp/project/experiment/results/split/attentionhead/plots/layer_02/L2H6/mass_heatmap.png,/root/autodl-tmp/project/experiment/results/split/attentionhead/plots/layer_02/L2H6/density_heatmap.png,/root/autodl-tmp/project/experiment/results/split/attentionhead/plots/layer_02/L2H6/decision_row.png
2,7,L2H7,/root/autodl-tmp/project/experiment/results/split/attentionhead/plots/layer_02/L2H7/mass_heatmap.png,/root/autodl-tmp/project/experiment/results/split/attentionhead/plots/layer_02/L2H7/density_heatmap.png,/root/autodl-tmp/project/experiment/results/split/attentionhead/plots/layer_02/L2H7/decision_row.png
2,8,L2H8,/root/autodl-tmp/project/experiment/results/split/attentionhead/plots/layer_02/L2H8/mass_heatmap.png,/root/autodl-tmp/project/experiment/results/split/attentionhead/plots/layer_02/L2H8/density_heatmap.png,/root/autodl-tmp/project/experiment/results/split/attentionhead/plots/layer_02/L2H8/decision_row.png
2,9,L2H9,/root/autodl-tmp/project/experiment/results/split/attentionhead/plots/layer_02/L2H9/mass_heatmap.png,/root/autodl-tmp/project/experiment/results/split/attentionhead/plots/layer_02/L2H9/density_heatmap.png,/root/autodl-tmp/project/experiment/results/split/attentionhead/plots/layer_02/L2H9/decision_row.png
2,10,L2H10,/root/autodl-tmp/project/experiment/results/split/attentionhead/plots/layer_02/L2H10/mass_heatmap.png,/root/autodl-tmp/project/experiment/results/split/attentionhead/plots/layer_02/L2H10/density_heatmap.png,/root/autodl-tmp/project/experiment/results/split/attentionhead/plots/layer_02/L2H10/decision_row.png
2,11,L2H11,/root/autodl-tmp/project/experiment/results/split/attentionhead/plots/layer_02/L2H11/mass_heatmap.png,/root/autodl-tmp/project/experiment/results/split/attentionhead/plots/layer_02/L2H11/density_heatmap.png,/root/autodl-tmp/project/experiment/results/split/attentionhead/plots/layer_02/L2H11/decision_row.png
2,12,L2H12,/root/autodl-tmp/project/experiment/results/split/attentionhead/plots/layer_02/L2H12/mass_heatmap.png,/root/autodl-tmp/project/experiment/results/split/attentionhead/plots/layer_02/L2H12/density_heatmap.png,/root/autodl-tmp/project/experiment/results/split/attentionhead/plots/layer_02/L2H12/decision_row.png
2,13,L2H13,/root/autodl-tmp/project/experiment/results/split/attentionhead/plots/layer_02/L2H13/mass_heatmap.png,/root/autodl-tmp/project/experiment/results/split/attentionhead/plots/layer_02/L2H13/density_heatmap.png,/root/autodl-tmp/project/experiment/results/split/attentionhead/plots/layer_02/L2H13/decision_row.png
2,14,L2H14,/root/autodl-tmp/project/experiment/results/split/attentionhead/plots/layer_02/L2H14/mass_heatmap.png,/root/autodl-tmp/project/experiment/results/split/attentionhead/plots/layer_02/L2H14/density_heatmap.png,/root/autodl-tmp/project/experiment/results/split/attentionhead/plots/layer_02/L2H14/decision_row.png
2,15,L2H15,/root/autodl-tmp/project/experiment/results/split/attentionhead/plots/layer_02/L2H15/mass_heatmap.png,/root/autodl-tmp/project/experiment/results/split/attentionhead/plots/layer_02/L2H15/density_heatmap.png,/root/autodl-tmp/project/experiment/results/split/attentionhead/plots/layer_02/L2H15/decision_row.png
3,0,L3H0,/root/autodl-tmp/project/experiment/results/split/attentionhead/plots/layer_03/L3H0/mass_heatmap.png,/root/autodl-tmp/project/experiment/results/split/attentionhead/plots/layer_03/L3H0/density_heatmap.png,/root/autodl-tmp/project/experiment/results/split/attentionhead/plots/layer_03/L3H0/decision_row.png
3,1,L3H1,/root/autodl-tmp/project/experiment/results/split/attentionhead/plots/layer_03/L3H1/mass_heatmap.png,/root/autodl-tmp/project/experiment/results/split/attentionhead/plots/layer_03/L3H1/density_heatmap.png,/root/autodl-tmp/project/experiment/results/split/attentionhead/plots/layer_03/L3H1/decision_row.png
3,2,L3H2,/root/autodl-tmp/project/experiment/results/split/attentionhead/plots/layer_03/L3H2/mass_heatmap.png,/root/autodl-tmp/project/experiment/results/split/attentionhead/plots/layer_03/L3H2/density_heatmap.png,/root/autodl-tmp/project/experiment/results/split/attentionhead/plots/layer_03/L3H2/decision_row.png
3,3,L3H3,/root/autodl-tmp/project/experiment/results/split/attentionhead/plots/layer_03/L3H3/mass_heatmap.png,/root/autodl-tmp/project/experiment/results/split/attentionhead/plots/layer_03/L3H3/density_heatmap.png,/root/autodl-tmp/project/experiment/results/split/attentionhead/plots/layer_03/L3H3/decision_row.png
3,4,L3H4,/root/autodl-tmp/project/experiment/results/split/attentionhead/plots/layer_03/L3H4/mass_heatmap.png,/root/autodl-tmp/project/experiment/results/split/attentionhead/plots/layer_03/L3H4/density_heatmap.png,/root/autodl-tmp/project/experiment/results/split/attentionhead/plots/layer_03/L3H4/decision_row.png
3,5,L3H5,/root/autodl-tmp/project/experiment/results/split/attentionhead/plots/layer_03/L3H5/mass_heatmap.png,/root/autodl-tmp/project/experiment/results/split/attentionhead/plots/layer_03/L3H5/density_heatmap.png,/root/autodl-tmp/project/experiment/results/split/attentionhead/plots/layer_03/L3H5/decision_row.png
3,6,L3H6,/root/autodl-tmp/project/experiment/results/split/attentionhead/plots/layer_03/L3H6/mass_heatmap.png,/root/autodl-tmp/project/experiment/results/split/attentionhead/plots/layer_03/L3H6/density_heatmap.png,/root/autodl-tmp/project/experiment/results/split/attentionhead/plots/layer_03/L3H6/decision_row.png
3,7,L3H7,/root/autodl-tmp/project/experiment/results/split/attentionhead/plots/layer_03/L3H7/mass_heatmap.png,/root/autodl-tmp/project/experiment/results/split/attentionhead/plots/layer_03/L3H7/density_heatmap.png,/root/autodl-tmp/project/experiment/results/split/attentionhead/plots/layer_03/L3H7/decision_row.png
3,8,L3H8,/root/autodl-tmp/project/experiment/results/split/attentionhead/plots/layer_03/L3H8/mass_heatmap.png,/root/autodl-tmp/project/experiment/results/split/attentionhead/plots/layer_03/L3H8/density_heatmap.png,/root/autodl-tmp/project/experiment/results/split/attentionhead/plots/layer_03/L3H8/decision_row.png
3,9,L3H9,/root/autodl-tmp/project/experiment/results/split/attentionhead/plots/layer_03/L3H9/mass_heatmap.png,/root/autodl-tmp/project/experiment/results/split/attentionhead/plots/layer_03/L3H9/density_heatmap.png,/root/autodl-tmp/project/experiment/results/split/attentionhead/plots/layer_03/L3H9/decision_row.png
3,10,L3H10,/root/autodl-tmp/project/experiment/results/split/attentionhead/plots/layer_03/L3H10/mass_heatmap.png,/root/autodl-tmp/project/experiment/results/split/attentionhead/plots/layer_03/L3H10/density_heatmap.png,/root/autodl-tmp/project/experiment/results/split/attentionhead/plots/layer_03/L3H10/decision_row.png
3,11,L3H11,/root/autodl-tmp/project/experiment/results/split/attentionhead/plots/layer_03/L3H11/mass_heatmap.png,/root/autodl-tmp/project/experiment/results/split/attentionhead/plots/layer_03/L3H11/density_heatmap.png,/root/autodl-tmp/project/experiment/results/split/attentionhead/plots/layer_03/L3H11/decision_row.png
3,12,L3H12,/root/autodl-tmp/project/experiment/results/split/attentionhead/plots/layer_03/L3H12/mass_heatmap.png,/root/autodl-tmp/project/experiment/results/split/attentionhead/plots/layer_03/L3H12/density_heatmap.png,/root/autodl-tmp/project/experiment/results/split/attentionhead/plots/layer_03/L3H12/decision_row.png
3,13,L3H13,/root/autodl-tmp/project/experiment/results/split/attentionhead/plots/layer_03/L3H13/mass_heatmap.png,/root/autodl-tmp/project/experiment/results/split/attentionhead/plots/layer_03/L3H13/density_heatmap.png,/root/autodl-tmp/project/experiment/results/split/attentionhead/plots/layer_03/L3H13/decision_row.png
3,14,L3H14,/root/autodl-tmp/project/experiment/results/split/attentionhead/plots/layer_03/L3H14/mass_heatmap.png,/root/autodl-tmp/project/experiment/results/split/attentionhead/plots/layer_03/L3H14/density_heatmap.png,/root/autodl-tmp/project/experiment/results/split/attentionhead/plots/layer_03/L3H14/decision_row.png
3,15,L3H15,/root/autodl-tmp/project/experiment/results/split/attentionhead/plots/layer_03/L3H15/mass_heatmap.png,/root/autodl-tmp/project/experiment/results/split/attentionhead/plots/layer_03/L3H15/density_heatmap.png,/root/autodl-tmp/project/experiment/results/split/attentionhead/plots/layer_03/L3H15/decision_row.png
4,0,L4H0,/root/autodl-tmp/project/experiment/results/split/attentionhead/plots/layer_04/L4H0/mass_heatmap.png,/root/autodl-tmp/project/experiment/results/split/attentionhead/plots/layer_04/L4H0/density_heatmap.png,/root/autodl-tmp/project/experiment/results/split/attentionhead/plots/layer_04/L4H0/decision_row.png
4,1,L4H1,/root/autodl-tmp/project/experiment/results/split/attentionhead/plots/layer_04/L4H1/mass_heatmap.png,/root/autodl-tmp/project/experiment/results/split/attentionhead/plots/layer_04/L4H1/density_heatmap.png,/root/autodl-tmp/project/experiment/results/split/attentionhead/plots/layer_04/L4H1/decision_row.png
4,2,L4H2,/root/autodl-tmp/project/experiment/results/split/attentionhead/plots/layer_04/L4H2/mass_heatmap.png,/root/autodl-tmp/project/experiment/results/split/attentionhead/plots/layer_04/L4H2/density_heatmap.png,/root/autodl-tmp/project/experiment/results/split/attentionhead/plots/layer_04/L4H2/decision_row.png
4,3,L4H3,/root/autodl-tmp/project/experiment/results/split/attentionhead/plots/layer_04/L4H3/mass_heatmap.png,/root/autodl-tmp/project/experiment/results/split/attentionhead/plots/layer_04/L4H3/density_heatmap.png,/root/autodl-tmp/project/experiment/results/split/attentionhead/plots/layer_04/L4H3/decision_row.png
4,4,L4H4,/root/autodl-tmp/project/experiment/results/split/attentionhead/plots/layer_04/L4H4/mass_heatmap.png,/root/autodl-tmp/project/experiment/results/split/attentionhead/plots/layer_04/L4H4/density_heatmap.png,/root/autodl-tmp/project/experiment/results/split/attentionhead/plots/layer_04/L4H4/decision_row.png
4,5,L4H5,/root/autodl-tmp/project/experiment/results/split/attentionhead/plots/layer_04/L4H5/mass_heatmap.png,/root/autodl-tmp/project/experiment/results/split/attentionhead/plots/layer_04/L4H5/density_heatmap.png,/root/autodl-tmp/project/experiment/results/split/attentionhead/plots/layer_04/L4H5/decision_row.png
4,6,L4H6,/root/autodl-tmp/project/experiment/results/split/attentionhead/plots/layer_04/L4H6/mass_heatmap.png,/root/autodl-tmp/project/experiment/results/split/attentionhead/plots/layer_04/L4H6/density_heatmap.png,/root/autodl-tmp/project/experiment/results/split/attentionhead/plots/layer_04/L4H6/decision_row.png
4,7,L4H7,/root/autodl-tmp/project/experiment/results/split/attentionhead/plots/layer_04/L4H7/mass_heatmap.png,/root/autodl-tmp/project/experiment/results/split/attentionhead/plots/layer_04/L4H7/density_heatmap.png,/root/autodl-tmp/project/experiment/results/split/attentionhead/plots/layer_04/L4H7/decision_row.png
4,8,L4H8,/root/autodl-tmp/project/experiment/results/split/attentionhead/plots/layer_04/L4H8/mass_heatmap.png,/root/autodl-tmp/project/experiment/results/split/attentionhead/plots/layer_04/L4H8/density_heatmap.png,/root/autodl-tmp/project/experiment/results/split/attentionhead/plots/layer_04/L4H8/decision_row.png
4,9,L4H9,/root/autodl-tmp/project/experiment/results/split/attentionhead/plots/layer_04/L4H9/mass_heatmap.png,/root/autodl-tmp/project/experiment/results/split/attentionhead/plots/layer_04/L4H9/density_heatmap.png,/root/autodl-tmp/project/experiment/results/split/attentionhead/plots/layer_04/L4H9/decision_row.png
4,10,L4H10,/root/autodl-tmp/project/experiment/results/split/attentionhead/plots/layer_04/L4H10/mass_heatmap.png,/root/autodl-tmp/project/experiment/results/split/attentionhead/plots/layer_04/L4H10/density_heatmap.png,/root/autodl-tmp/project/experiment/results/split/attentionhead/plots/layer_04/L4H10/decision_row.png
4,11,L4H11,/root/autodl-tmp/project/experiment/results/split/attentionhead/plots/layer_04/L4H11/mass_heatmap.png,/root/autodl-tmp/project/experiment/results/split/attentionhead/plots/layer_04/L4H11/density_heatmap.png,/root/autodl-tmp/project/experiment/results/split/attentionhead/plots/layer_04/L4H11/decision_row.png
4,12,L4H12,/root/autodl-tmp/project/experiment/results/split/attentionhead/plots/layer_04/L4H12/mass_heatmap.png,/root/autodl-tmp/project/experiment/results/split/attentionhead/plots/layer_04/L4H12/density_heatmap.png,/root/autodl-tmp/project/experiment/results/split/attentionhead/plots/layer_04/L4H12/decision_row.png
4,13,L4H13,/root/autodl-tmp/project/experiment/results/split/attentionhead/plots/layer_04/L4H13/mass_heatmap.png,/root/autodl-tmp/project/experiment/results/split/attentionhead/plots/layer_04/L4H13/density_heatmap.png,/root/autodl-tmp/project/experiment/results/split/attentionhead/plots/layer_04/L4H13/decision_row.png
4,14,L4H14,/root/autodl-tmp/project/experiment/results/split/attentionhead/plots/layer_04/L4H14/mass_heatmap.png,/root/autodl-tmp/project/experiment/results/split/attentionhead/plots/layer_04/L4H14/density_heatmap.png,/root/autodl-tmp/project/experiment/results/split/attentionhead/plots/layer_04/L4H14/decision_row.png
4,15,L4H15,/root/autodl-tmp/project/experiment/results/split/attentionhead/plots/layer_04/L4H15/mass_heatmap.png,/root/autodl-tmp/project/experiment/results/split/attentionhead/plots/layer_04/L4H15/density_heatmap.png,/root/autodl-tmp/project/experiment/results/split/attentionhead/plots/layer_04/L4H15/decision_row.png
5,0,L5H0,/root/autodl-tmp/project/experiment/results/split/attentionhead/plots/layer_05/L5H0/mass_heatmap.png,/root/autodl-tmp/project/experiment/results/split/attentionhead/plots/layer_05/L5H0/density_heatmap.png,/root/autodl-tmp/project/experiment/results/split/attentionhead/plots/layer_05/L5H0/decision_row.png
5,1,L5H1,/root/autodl-tmp/project/experiment/results/split/attentionhead/plots/layer_05/L5H1/mass_heatmap.png,/root/autodl-tmp/project/experiment/results/split/attentionhead/plots/layer_05/L5H1/density_heatmap.png,/root/autodl-tmp/project/experiment/results/split/attentionhead/plots/layer_05/L5H1/decision_row.png
5,2,L5H2,/root/autodl-tmp/project/experiment/results/split/attentionhead/plots/layer_05/L5H2/mass_heatmap.png,/root/autodl-tmp/project/experiment/results/split/attentionhead/plots/layer_05/L5H2/density_heatmap.png,/root/autodl-tmp/project/experiment/results/split/attentionhead/plots/layer_05/L5H2/decision_row.png
5,3,L5H3,/root/autodl-tmp/project/experiment/results/split/attentionhead/plots/layer_05/L5H3/mass_heatmap.png,/root/autodl-tmp/project/experiment/results/split/attentionhead/plots/layer_05/L5H3/density_heatmap.png,/root/autodl-tmp/project/experiment/results/split/attentionhead/plots/layer_05/L5H3/decision_row.png
5,4,L5H4,/root/autodl-tmp/project/experiment/results/split/attentionhead/plots/layer_05/L5H4/mass_heatmap.png,/root/autodl-tmp/project/experiment/results/split/attentionhead/plots/layer_05/L5H4/density_heatmap.png,/root/autodl-tmp/project/experiment/results/split/attentionhead/plots/layer_05/L5H4/decision_row.png
5,5,L5H5,/root/autodl-tmp/project/experiment/results/split/attentionhead/plots/layer_05/L5H5/mass_heatmap.png,/root/autodl-tmp/project/experiment/results/split/attentionhead/plots/layer_05/L5H5/density_heatmap.png,/root/autodl-tmp/project/experiment/results/split/attentionhead/plots/layer_05/L5H5/decision_row.png
5,6,L5H6,/root/autodl-tmp/project/experiment/results/split/attentionhead/plots/layer_05/L5H6/mass_heatmap.png,/root/autodl-tmp/project/experiment/results/split/attentionhead/plots/layer_05/L5H6/density_heatmap.png,/root/autodl-tmp/project/experiment/results/split/attentionhead/plots/layer_05/L5H6/decision_row.png
5,7,L5H7,/root/autodl-tmp/project/experiment/results/split/attentionhead/plots/layer_05/L5H7/mass_heatmap.png,/root/autodl-tmp/project/experiment/results/split/attentionhead/plots/layer_05/L5H7/density_heatmap.png,/root/autodl-tmp/project/experiment/results/split/attentionhead/plots/layer_05/L5H7/decision_row.png
5,8,L5H8,/root/autodl-tmp/project/experiment/results/split/attentionhead/plots/layer_05/L5H8/mass_heatmap.png,/root/autodl-tmp/project/experiment/results/split/attentionhead/plots/layer_05/L5H8/density_heatmap.png,/root/autodl-tmp/project/experiment/results/split/attentionhead/plots/layer_05/L5H8/decision_row.png
5,9,L5H9,/root/autodl-tmp/project/experiment/results/split/attentionhead/plots/layer_05/L5H9/mass_heatmap.png,/root/autodl-tmp/project/experiment/results/split/attentionhead/plots/layer_05/L5H9/density_heatmap.png,/root/autodl-tmp/project/experiment/results/split/attentionhead/plots/layer_05/L5H9/decision_row.png
5,10,L5H10,/root/autodl-tmp/project/experiment/results/split/attentionhead/plots/layer_05/L5H10/mass_heatmap.png,/root/autodl-tmp/project/experiment/results/split/attentionhead/plots/layer_05/L5H10/density_heatmap.png,/root/autodl-tmp/project/experiment/results/split/attentionhead/plots/layer_05/L5H10/decision_row.png
5,11,L5H11,/root/autodl-tmp/project/experiment/results/split/attentionhead/plots/layer_05/L5H11/mass_heatmap.png,/root/autodl-tmp/project/experiment/results/split/attentionhead/plots/layer_05/L5H11/density_heatmap.png,/root/autodl-tmp/project/experiment/results/split/attentionhead/plots/layer_05/L5H11/decision_row.png
5,12,L5H12,/root/autodl-tmp/project/experiment/results/split/attentionhead/plots/layer_05/L5H12/mass_heatmap.png,/root/autodl-tmp/project/experiment/results/split/attentionhead/plots/layer_05/L5H12/density_heatmap.png,/root/autodl-tmp/project/experiment/results/split/attentionhead/plots/layer_05/L5H12/decision_row.png
5,13,L5H13,/root/autodl-tmp/project/experiment/results/split/attentionhead/plots/layer_05/L5H13/mass_heatmap.png,/root/autodl-tmp/project/experiment/results/split/attentionhead/plots/layer_05/L5H13/density_heatmap.png,/root/autodl-tmp/project/experiment/results/split/attentionhead/plots/layer_05/L5H13/decision_row.png
5,14,L5H14,/root/autodl-tmp/project/experiment/results/split/attentionhead/plots/layer_05/L5H14/mass_heatmap.png,/root/autodl-tmp/project/experiment/results/split/attentionhead/plots/layer_05/L5H14/density_heatmap.png,/root/autodl-tmp/project/experiment/results/split/attentionhead/plots/layer_05/L5H14/decision_row.png
5,15,L5H15,/root/autodl-tmp/project/experiment/results/split/attentionhead/plots/layer_05/L5H15/mass_heatmap.png,/root/autodl-tmp/project/experiment/results/split/attentionhead/plots/layer_05/L5H15/density_heatmap.png,/root/autodl-tmp/project/experiment/results/split/attentionhead/plots/layer_05/L5H15/decision_row.png
6,0,L6H0,/root/autodl-tmp/project/experiment/results/split/attentionhead/plots/layer_06/L6H0/mass_heatmap.png,/root/autodl-tmp/project/experiment/results/split/attentionhead/plots/layer_06/L6H0/density_heatmap.png,/root/autodl-tmp/project/experiment/results/split/attentionhead/plots/layer_06/L6H0/decision_row.png
6,1,L6H1,/root/autodl-tmp/project/experiment/results/split/attentionhead/plots/layer_06/L6H1/mass_heatmap.png,/root/autodl-tmp/project/experiment/results/split/attentionhead/plots/layer_06/L6H1/density_heatmap.png,/root/autodl-tmp/project/experiment/results/split/attentionhead/plots/layer_06/L6H1/decision_row.png
6,2,L6H2,/root/autodl-tmp/project/experiment/results/split/attentionhead/plots/layer_06/L6H2/mass_heatmap.png,/root/autodl-tmp/project/experiment/results/split/attentionhead/plots/layer_06/L6H2/density_heatmap.png,/root/autodl-tmp/project/experiment/results/split/attentionhead/plots/layer_06/L6H2/decision_row.png
6,3,L6H3,/root/autodl-tmp/project/experiment/results/split/attentionhead/plots/layer_06/L6H3/mass_heatmap.png,/root/autodl-tmp/project/experiment/results/split/attentionhead/plots/layer_06/L6H3/density_heatmap.png,/root/autodl-tmp/project/experiment/results/split/attentionhead/plots/layer_06/L6H3/decision_row.png
6,4,L6H4,/root/autodl-tmp/project/experiment/results/split/attentionhead/plots/layer_06/L6H4/mass_heatmap.png,/root/autodl-tmp/project/experiment/results/split/attentionhead/plots/layer_06/L6H4/density_heatmap.png,/root/autodl-tmp/project/experiment/results/split/attentionhead/plots/layer_06/L6H4/decision_row.png
6,5,L6H5,/root/autodl-tmp/project/experiment/results/split/attentionhead/plots/layer_06/L6H5/mass_heatmap.png,/root/autodl-tmp/project/experiment/results/split/attentionhead/plots/layer_06/L6H5/density_heatmap.png,/root/autodl-tmp/project/experiment/results/split/attentionhead/plots/layer_06/L6H5/decision_row.png
6,6,L6H6,/root/autodl-tmp/project/experiment/results/split/attentionhead/plots/layer_06/L6H6/mass_heatmap.png,/root/autodl-tmp/project/experiment/results/split/attentionhead/plots/layer_06/L6H6/density_heatmap.png,/root/autodl-tmp/project/experiment/results/split/attentionhead/plots/layer_06/L6H6/decision_row.png
6,7,L6H7,/root/autodl-tmp/project/experiment/results/split/attentionhead/plots/layer_06/L6H7/mass_heatmap.png,/root/autodl-tmp/project/experiment/results/split/attentionhead/plots/layer_06/L6H7/density_heatmap.png,/root/autodl-tmp/project/experiment/results/split/attentionhead/plots/layer_06/L6H7/decision_row.png
6,8,L6H8,/root/autodl-tmp/project/experiment/results/split/attentionhead/plots/layer_06/L6H8/mass_heatmap.png,/root/autodl-tmp/project/experiment/results/split/attentionhead/plots/layer_06/L6H8/density_heatmap.png,/root/autodl-tmp/project/experiment/results/split/attentionhead/plots/layer_06/L6H8/decision_row.png
6,9,L6H9,/root/autodl-tmp/project/experiment/results/split/attentionhead/plots/layer_06/L6H9/mass_heatmap.png,/root/autodl-tmp/project/experiment/results/split/attentionhead/plots/layer_06/L6H9/density_heatmap.png,/root/autodl-tmp/project/experiment/results/split/attentionhead/plots/layer_06/L6H9/decision_row.png
6,10,L6H10,/root/autodl-tmp/project/experiment/results/split/attentionhead/plots/layer_06/L6H10/mass_heatmap.png,/root/autodl-tmp/project/experiment/results/split/attentionhead/plots/layer_06/L6H10/density_heatmap.png,/root/autodl-tmp/project/experiment/results/split/attentionhead/plots/layer_06/L6H10/decision_row.png
6,11,L6H11,/root/autodl-tmp/project/experiment/results/split/attentionhead/plots/layer_06/L6H11/mass_heatmap.png,/root/autodl-tmp/project/experiment/results/split/attentionhead/plots/layer_06/L6H11/density_heatmap.png,/root/autodl-tmp/project/experiment/results/split/attentionhead/plots/layer_06/L6H11/decision_row.png
6,12,L6H12,/root/autodl-tmp/project/experiment/results/split/attentionhead/plots/layer_06/L6H12/mass_heatmap.png,/root/autodl-tmp/project/experiment/results/split/attentionhead/plots/layer_06/L6H12/density_heatmap.png,/root/autodl-tmp/project/experiment/results/split/attentionhead/plots/layer_06/L6H12/decision_row.png
6,13,L6H13,/root/autodl-tmp/project/experiment/results/split/attentionhead/plots/layer_06/L6H13/mass_heatmap.png,/root/autodl-tmp/project/experiment/results/split/attentionhead/plots/layer_06/L6H13/density_heatmap.png,/root/autodl-tmp/project/experiment/results/split/attentionhead/plots/layer_06/L6H13/decision_row.png
6,14,L6H14,/root/autodl-tmp/project/experiment/results/split/attentionhead/plots/layer_06/L6H14/mass_heatmap.png,/root/autodl-tmp/project/experiment/results/split/attentionhead/plots/layer_06/L6H14/density_heatmap.png,/root/autodl-tmp/project/experiment/results/split/attentionhead/plots/layer_06/L6H14/decision_row.png
6,15,L6H15,/root/autodl-tmp/project/experiment/results/split/attentionhead/plots/layer_06/L6H15/mass_heatmap.png,/root/autodl-tmp/project/experiment/results/split/attentionhead/plots/layer_06/L6H15/density_heatmap.png,/root/autodl-tmp/project/experiment/results/split/attentionhead/plots/layer_06/L6H15/decision_row.png
7,0,L7H0,/root/autodl-tmp/project/experiment/results/split/attentionhead/plots/layer_07/L7H0/mass_heatmap.png,/root/autodl-tmp/project/experiment/results/split/attentionhead/plots/layer_07/L7H0/density_heatmap.png,/root/autodl-tmp/project/experiment/results/split/attentionhead/plots/layer_07/L7H0/decision_row.png
7,1,L7H1,/root/autodl-tmp/project/experiment/results/split/attentionhead/plots/layer_07/L7H1/mass_heatmap.png,/root/autodl-tmp/project/experiment/results/split/attentionhead/plots/layer_07/L7H1/density_heatmap.png,/root/autodl-tmp/project/experiment/results/split/attentionhead/plots/layer_07/L7H1/decision_row.png
7,2,L7H2,/root/autodl-tmp/project/experiment/results/split/attentionhead/plots/layer_07/L7H2/mass_heatmap.png,/root/autodl-tmp/project/experiment/results/split/attentionhead/plots/layer_07/L7H2/density_heatmap.png,/root/autodl-tmp/project/experiment/results/split/attentionhead/plots/layer_07/L7H2/decision_row.png
7,3,L7H3,/root/autodl-tmp/project/experiment/results/split/attentionhead/plots/layer_07/L7H3/mass_heatmap.png,/root/autodl-tmp/project/experiment/results/split/attentionhead/plots/layer_07/L7H3/density_heatmap.png,/root/autodl-tmp/project/experiment/results/split/attentionhead/plots/layer_07/L7H3/decision_row.png
7,4,L7H4,/root/autodl-tmp/project/experiment/results/split/attentionhead/plots/layer_07/L7H4/mass_heatmap.png,/root/autodl-tmp/project/experiment/results/split/attentionhead/plots/layer_07/L7H4/density_heatmap.png,/root/autodl-tmp/project/experiment/results/split/attentionhead/plots/layer_07/L7H4/decision_row.png
7,5,L7H5,/root/autodl-tmp/project/experiment/results/split/attentionhead/plots/layer_07/L7H5/mass_heatmap.png,/root/autodl-tmp/project/experiment/results/split/attentionhead/plots/layer_07/L7H5/density_heatmap.png,/root/autodl-tmp/project/experiment/results/split/attentionhead/plots/layer_07/L7H5/decision_row.png
7,6,L7H6,/root/autodl-tmp/project/experiment/results/split/attentionhead/plots/layer_07/L7H6/mass_heatmap.png,/root/autodl-tmp/project/experiment/results/split/attentionhead/plots/layer_07/L7H6/density_heatmap.png,/root/autodl-tmp/project/experiment/results/split/attentionhead/plots/layer_07/L7H6/decision_row.png
7,7,L7H7,/root/autodl-tmp/project/experiment/results/split/attentionhead/plots/layer_07/L7H7/mass_heatmap.png,/root/autodl-tmp/project/experiment/results/split/attentionhead/plots/layer_07/L7H7/density_heatmap.png,/root/autodl-tmp/project/experiment/results/split/attentionhead/plots/layer_07/L7H7/decision_row.png
7,8,L7H8,/root/autodl-tmp/project/experiment/results/split/attentionhead/plots/layer_07/L7H8/mass_heatmap.png,/root/autodl-tmp/project/experiment/results/split/attentionhead/plots/layer_07/L7H8/density_heatmap.png,/root/autodl-tmp/project/experiment/results/split/attentionhead/plots/layer_07/L7H8/decision_row.png
7,9,L7H9,/root/autodl-tmp/project/experiment/results/split/attentionhead/plots/layer_07/L7H9/mass_heatmap.png,/root/autodl-tmp/project/experiment/results/split/attentionhead/plots/layer_07/L7H9/density_heatmap.png,/root/autodl-tmp/project/experiment/results/split/attentionhead/plots/layer_07/L7H9/decision_row.png
7,10,L7H10,/root/autodl-tmp/project/experiment/results/split/attentionhead/plots/layer_07/L7H10/mass_heatmap.png,/root/autodl-tmp/project/experiment/results/split/attentionhead/plots/layer_07/L7H10/density_heatmap.png,/root/autodl-tmp/project/experiment/results/split/attentionhead/plots/layer_07/L7H10/decision_row.png
7,11,L7H11,/root/autodl-tmp/project/experiment/results/split/attentionhead/plots/layer_07/L7H11/mass_heatmap.png,/root/autodl-tmp/project/experiment/results/split/attentionhead/plots/layer_07/L7H11/density_heatmap.png,/root/autodl-tmp/project/experiment/results/split/attentionhead/plots/layer_07/L7H11/decision_row.png
7,12,L7H12,/root/autodl-tmp/project/experiment/results/split/attentionhead/plots/layer_07/L7H12/mass_heatmap.png,/root/autodl-tmp/project/experiment/results/split/attentionhead/plots/layer_07/L7H12/density_heatmap.png,/root/autodl-tmp/project/experiment/results/split/attentionhead/plots/layer_07/L7H12/decision_row.png
7,13,L7H13,/root/autodl-tmp/project/experiment/results/split/attentionhead/plots/layer_07/L7H13/mass_heatmap.png,/root/autodl-tmp/project/experiment/results/split/attentionhead/plots/layer_07/L7H13/density_heatmap.png,/root/autodl-tmp/project/experiment/results/split/attentionhead/plots/layer_07/L7H13/decision_row.png
7,14,L7H14,/root/autodl-tmp/project/experiment/results/split/attentionhead/plots/layer_07/L7H14/mass_heatmap.png,/root/autodl-tmp/project/experiment/results/split/attentionhead/plots/layer_07/L7H14/density_heatmap.png,/root/autodl-tmp/project/experiment/results/split/attentionhead/plots/layer_07/L7H14/decision_row.png
7,15,L7H15,/root/autodl-tmp/project/experiment/results/split/attentionhead/plots/layer_07/L7H15/mass_heatmap.png,/root/autodl-tmp/project/experiment/results/split/attentionhead/plots/layer_07/L7H15/density_heatmap.png,/root/autodl-tmp/project/experiment/results/split/attentionhead/plots/layer_07/L7H15/decision_row.png
8,0,L8H0,/root/autodl-tmp/project/experiment/results/split/attentionhead/plots/layer_08/L8H0/mass_heatmap.png,/root/autodl-tmp/project/experiment/results/split/attentionhead/plots/layer_08/L8H0/density_heatmap.png,/root/autodl-tmp/project/experiment/results/split/attentionhead/plots/layer_08/L8H0/decision_row.png
8,1,L8H1,/root/autodl-tmp/project/experiment/results/split/attentionhead/plots/layer_08/L8H1/mass_heatmap.png,/root/autodl-tmp/project/experiment/results/split/attentionhead/plots/layer_08/L8H1/density_heatmap.png,/root/autodl-tmp/project/experiment/results/split/attentionhead/plots/layer_08/L8H1/decision_row.png
8,2,L8H2,/root/autodl-tmp/project/experiment/results/split/attentionhead/plots/layer_08/L8H2/mass_heatmap.png,/root/autodl-tmp/project/experiment/results/split/attentionhead/plots/layer_08/L8H2/density_heatmap.png,/root/autodl-tmp/project/experiment/results/split/attentionhead/plots/layer_08/L8H2/decision_row.png
8,3,L8H3,/root/autodl-tmp/project/experiment/results/split/attentionhead/plots/layer_08/L8H3/mass_heatmap.png,/root/autodl-tmp/project/experiment/results/split/attentionhead/plots/layer_08/L8H3/density_heatmap.png,/root/autodl-tmp/project/experiment/results/split/attentionhead/plots/layer_08/L8H3/decision_row.png
8,4,L8H4,/root/autodl-tmp/project/experiment/results/split/attentionhead/plots/layer_08/L8H4/mass_heatmap.png,/root/autodl-tmp/project/experiment/results/split/attentionhead/plots/layer_08/L8H4/density_heatmap.png,/root/autodl-tmp/project/experiment/results/split/attentionhead/plots/layer_08/L8H4/decision_row.png
8,5,L8H5,/root/autodl-tmp/project/experiment/results/split/attentionhead/plots/layer_08/L8H5/mass_heatmap.png,/root/autodl-tmp/project/experiment/results/split/attentionhead/plots/layer_08/L8H5/density_heatmap.png,/root/autodl-tmp/project/experiment/results/split/attentionhead/plots/layer_08/L8H5/decision_row.png
8,6,L8H6,/root/autodl-tmp/project/experiment/results/split/attentionhead/plots/layer_08/L8H6/mass_heatmap.png,/root/autodl-tmp/project/experiment/results/split/attentionhead/plots/layer_08/L8H6/density_heatmap.png,/root/autodl-tmp/project/experiment/results/split/attentionhead/plots/layer_08/L8H6/decision_row.png
8,7,L8H7,/root/autodl-tmp/project/experiment/results/split/attentionhead/plots/layer_08/L8H7/mass_heatmap.png,/root/autodl-tmp/project/experiment/results/split/attentionhead/plots/layer_08/L8H7/density_heatmap.png,/root/autodl-tmp/project/experiment/results/split/attentionhead/plots/layer_08/L8H7/decision_row.png
8,8,L8H8,/root/autodl-tmp/project/experiment/results/split/attentionhead/plots/layer_08/L8H8/mass_heatmap.png,/root/autodl-tmp/project/experiment/results/split/attentionhead/plots/layer_08/L8H8/density_heatmap.png,/root/autodl-tmp/project/experiment/results/split/attentionhead/plots/layer_08/L8H8/decision_row.png
8,9,L8H9,/root/autodl-tmp/project/experiment/results/split/attentionhead/plots/layer_08/L8H9/mass_heatmap.png,/root/autodl-tmp/project/experiment/results/split/attentionhead/plots/layer_08/L8H9/density_heatmap.png,/root/autodl-tmp/project/experiment/results/split/attentionhead/plots/layer_08/L8H9/decision_row.png
8,10,L8H10,/root/autodl-tmp/project/experiment/results/split/attentionhead/plots/layer_08/L8H10/mass_heatmap.png,/root/autodl-tmp/project/experiment/results/split/attentionhead/plots/layer_08/L8H10/density_heatmap.png,/root/autodl-tmp/project/experiment/results/split/attentionhead/plots/layer_08/L8H10/decision_row.png
8,11,L8H11,/root/autodl-tmp/project/experiment/results/split/attentionhead/plots/layer_08/L8H11/mass_heatmap.png,/root/autodl-tmp/project/experiment/results/split/attentionhead/plots/layer_08/L8H11/density_heatmap.png,/root/autodl-tmp/project/experiment/results/split/attentionhead/plots/layer_08/L8H11/decision_row.png
8,12,L8H12,/root/autodl-tmp/project/experiment/results/split/attentionhead/plots/layer_08/L8H12/mass_heatmap.png,/root/autodl-tmp/project/experiment/results/split/attentionhead/plots/layer_08/L8H12/density_heatmap.png,/root/autodl-tmp/project/experiment/results/split/attentionhead/plots/layer_08/L8H12/decision_row.png
8,13,L8H13,/root/autodl-tmp/project/experiment/results/split/attentionhead/plots/layer_08/L8H13/mass_heatmap.png,/root/autodl-tmp/project/experiment/results/split/attentionhead/plots/layer_08/L8H13/density_heatmap.png,/root/autodl-tmp/project/experiment/results/split/attentionhead/plots/layer_08/L8H13/decision_row.png
8,14,L8H14,/root/autodl-tmp/project/experiment/results/split/attentionhead/plots/layer_08/L8H14/mass_heatmap.png,/root/autodl-tmp/project/experiment/results/split/attentionhead/plots/layer_08/L8H14/density_heatmap.png,/root/autodl-tmp/project/experiment/results/split/attentionhead/plots/layer_08/L8H14/decision_row.png
8,15,L8H15,/root/autodl-tmp/project/experiment/results/split/attentionhead/plots/layer_08/L8H15/mass_heatmap.png,/root/autodl-tmp/project/experiment/results/split/attentionhead/plots/layer_08/L8H15/density_heatmap.png,/root/autodl-tmp/project/experiment/results/split/attentionhead/plots/layer_08/L8H15/decision_row.png
9,0,L9H0,/root/autodl-tmp/project/experiment/results/split/attentionhead/plots/layer_09/L9H0/mass_heatmap.png,/root/autodl-tmp/project/experiment/results/split/attentionhead/plots/layer_09/L9H0/density_heatmap.png,/root/autodl-tmp/project/experiment/results/split/attentionhead/plots/layer_09/L9H0/decision_row.png
9,1,L9H1,/root/autodl-tmp/project/experiment/results/split/attentionhead/plots/layer_09/L9H1/mass_heatmap.png,/root/autodl-tmp/project/experiment/results/split/attentionhead/plots/layer_09/L9H1/density_heatmap.png,/root/autodl-tmp/project/experiment/results/split/attentionhead/plots/layer_09/L9H1/decision_row.png
9,2,L9H2,/root/autodl-tmp/project/experiment/results/split/attentionhead/plots/layer_09/L9H2/mass_heatmap.png,/root/autodl-tmp/project/experiment/results/split/attentionhead/plots/layer_09/L9H2/density_heatmap.png,/root/autodl-tmp/project/experiment/results/split/attentionhead/plots/layer_09/L9H2/decision_row.png
9,3,L9H3,/root/autodl-tmp/project/experiment/results/split/attentionhead/plots/layer_09/L9H3/mass_heatmap.png,/root/autodl-tmp/project/experiment/results/split/attentionhead/plots/layer_09/L9H3/density_heatmap.png,/root/autodl-tmp/project/experiment/results/split/attentionhead/plots/layer_09/L9H3/decision_row.png
9,4,L9H4,/root/autodl-tmp/project/experiment/results/split/attentionhead/plots/layer_09/L9H4/mass_heatmap.png,/root/autodl-tmp/project/experiment/results/split/attentionhead/plots/layer_09/L9H4/density_heatmap.png,/root/autodl-tmp/project/experiment/results/split/attentionhead/plots/layer_09/L9H4/decision_row.png
9,5,L9H5,/root/autodl-tmp/project/experiment/results/split/attentionhead/plots/layer_09/L9H5/mass_heatmap.png,/root/autodl-tmp/project/experiment/results/split/attentionhead/plots/layer_09/L9H5/density_heatmap.png,/root/autodl-tmp/project/experiment/results/split/attentionhead/plots/layer_09/L9H5/decision_row.png
9,6,L9H6,/root/autodl-tmp/project/experiment/results/split/attentionhead/plots/layer_09/L9H6/mass_heatmap.png,/root/autodl-tmp/project/experiment/results/split/attentionhead/plots/layer_09/L9H6/density_heatmap.png,/root/autodl-tmp/project/experiment/results/split/attentionhead/plots/layer_09/L9H6/decision_row.png
9,7,L9H7,/root/autodl-tmp/project/experiment/results/split/attentionhead/plots/layer_09/L9H7/mass_heatmap.png,/root/autodl-tmp/project/experiment/results/split/attentionhead/plots/layer_09/L9H7/density_heatmap.png,/root/autodl-tmp/project/experiment/results/split/attentionhead/plots/layer_09/L9H7/decision_row.png
9,8,L9H8,/root/autodl-tmp/project/experiment/results/split/attentionhead/plots/layer_09/L9H8/mass_heatmap.png,/root/autodl-tmp/project/experiment/results/split/attentionhead/plots/layer_09/L9H8/density_heatmap.png,/root/autodl-tmp/project/experiment/results/split/attentionhead/plots/layer_09/L9H8/decision_row.png
9,9,L9H9,/root/autodl-tmp/project/experiment/results/split/attentionhead/plots/layer_09/L9H9/mass_heatmap.png,/root/autodl-tmp/project/experiment/results/split/attentionhead/plots/layer_09/L9H9/density_heatmap.png,/root/autodl-tmp/project/experiment/results/split/attentionhead/plots/layer_09/L9H9/decision_row.png
9,10,L9H10,/root/autodl-tmp/project/experiment/results/split/attentionhead/plots/layer_09/L9H10/mass_heatmap.png,/root/autodl-tmp/project/experiment/results/split/attentionhead/plots/layer_09/L9H10/density_heatmap.png,/root/autodl-tmp/project/experiment/results/split/attentionhead/plots/layer_09/L9H10/decision_row.png
9,11,L9H11,/root/autodl-tmp/project/experiment/results/split/attentionhead/plots/layer_09/L9H11/mass_heatmap.png,/root/autodl-tmp/project/experiment/results/split/attentionhead/plots/layer_09/L9H11/density_heatmap.png,/root/autodl-tmp/project/experiment/results/split/attentionhead/plots/layer_09/L9H11/decision_row.png
9,12,L9H12,/root/autodl-tmp/project/experiment/results/split/attentionhead/plots/layer_09/L9H12/mass_heatmap.png,/root/autodl-tmp/project/experiment/results/split/attentionhead/plots/layer_09/L9H12/density_heatmap.png,/root/autodl-tmp/project/experiment/results/split/attentionhead/plots/layer_09/L9H12/decision_row.png
9,13,L9H13,/root/autodl-tmp/project/experiment/results/split/attentionhead/plots/layer_09/L9H13/mass_heatmap.png,/root/autodl-tmp/project/experiment/results/split/attentionhead/plots/layer_09/L9H13/density_heatmap.png,/root/autodl-tmp/project/experiment/results/split/attentionhead/plots/layer_09/L9H13/decision_row.png
9,14,L9H14,/root/autodl-tmp/project/experiment/results/split/attentionhead/plots/layer_09/L9H14/mass_heatmap.png,/root/autodl-tmp/project/experiment/results/split/attentionhead/plots/layer_09/L9H14/density_heatmap.png,/root/autodl-tmp/project/experiment/results/split/attentionhead/plots/layer_09/L9H14/decision_row.png
9,15,L9H15,/root/autodl-tmp/project/experiment/results/split/attentionhead/plots/layer_09/L9H15/mass_heatmap.png,/root/autodl-tmp/project/experiment/results/split/attentionhead/plots/layer_09/L9H15/density_heatmap.png,/root/autodl-tmp/project/experiment/results/split/attentionhead/plots/layer_09/L9H15/decision_row.png
10,0,L10H0,/root/autodl-tmp/project/experiment/results/split/attentionhead/plots/layer_10/L10H0/mass_heatmap.png,/root/autodl-tmp/project/experiment/results/split/attentionhead/plots/layer_10/L10H0/density_heatmap.png,/root/autodl-tmp/project/experiment/results/split/attentionhead/plots/layer_10/L10H0/decision_row.png
10,1,L10H1,/root/autodl-tmp/project/experiment/results/split/attentionhead/plots/layer_10/L10H1/mass_heatmap.png,/root/autodl-tmp/project/experiment/results/split/attentionhead/plots/layer_10/L10H1/density_heatmap.png,/root/autodl-tmp/project/experiment/results/split/attentionhead/plots/layer_10/L10H1/decision_row.png
10,2,L10H2,/root/autodl-tmp/project/experiment/results/split/attentionhead/plots/layer_10/L10H2/mass_heatmap.png,/root/autodl-tmp/project/experiment/results/split/attentionhead/plots/layer_10/L10H2/density_heatmap.png,/root/autodl-tmp/project/experiment/results/split/attentionhead/plots/layer_10/L10H2/decision_row.png
10,3,L10H3,/root/autodl-tmp/project/experiment/results/split/attentionhead/plots/layer_10/L10H3/mass_heatmap.png,/root/autodl-tmp/project/experiment/results/split/attentionhead/plots/layer_10/L10H3/density_heatmap.png,/root/autodl-tmp/project/experiment/results/split/attentionhead/plots/layer_10/L10H3/decision_row.png
10,4,L10H4,/root/autodl-tmp/project/experiment/results/split/attentionhead/plots/layer_10/L10H4/mass_heatmap.png,/root/autodl-tmp/project/experiment/results/split/attentionhead/plots/layer_10/L10H4/density_heatmap.png,/root/autodl-tmp/project/experiment/results/split/attentionhead/plots/layer_10/L10H4/decision_row.png
10,5,L10H5,/root/autodl-tmp/project/experiment/results/split/attentionhead/plots/layer_10/L10H5/mass_heatmap.png,/root/autodl-tmp/project/experiment/results/split/attentionhead/plots/layer_10/L10H5/density_heatmap.png,/root/autodl-tmp/project/experiment/results/split/attentionhead/plots/layer_10/L10H5/decision_row.png
10,6,L10H6,/root/autodl-tmp/project/experiment/results/split/attentionhead/plots/layer_10/L10H6/mass_heatmap.png,/root/autodl-tmp/project/experiment/results/split/attentionhead/plots/layer_10/L10H6/density_heatmap.png,/root/autodl-tmp/project/experiment/results/split/attentionhead/plots/layer_10/L10H6/decision_row.png
10,7,L10H7,/root/autodl-tmp/project/experiment/results/split/attentionhead/plots/layer_10/L10H7/mass_heatmap.png,/root/autodl-tmp/project/experiment/results/split/attentionhead/plots/layer_10/L10H7/density_heatmap.png,/root/autodl-tmp/project/experiment/results/split/attentionhead/plots/layer_10/L10H7/decision_row.png
10,8,L10H8,/root/autodl-tmp/project/experiment/results/split/attentionhead/plots/layer_10/L10H8/mass_heatmap.png,/root/autodl-tmp/project/experiment/results/split/attentionhead/plots/layer_10/L10H8/density_heatmap.png,/root/autodl-tmp/project/experiment/results/split/attentionhead/plots/layer_10/L10H8/decision_row.png
10,9,L10H9,/root/autodl-tmp/project/experiment/results/split/attentionhead/plots/layer_10/L10H9/mass_heatmap.png,/root/autodl-tmp/project/experiment/results/split/attentionhead/plots/layer_10/L10H9/density_heatmap.png,/root/autodl-tmp/project/experiment/results/split/attentionhead/plots/layer_10/L10H9/decision_row.png
10,10,L10H10,/root/autodl-tmp/project/experiment/results/split/attentionhead/plots/layer_10/L10H10/mass_heatmap.png,/root/autodl-tmp/project/experiment/results/split/attentionhead/plots/layer_10/L10H10/density_heatmap.png,/root/autodl-tmp/project/experiment/results/split/attentionhead/plots/layer_10/L10H10/decision_row.png
10,11,L10H11,/root/autodl-tmp/project/experiment/results/split/attentionhead/plots/layer_10/L10H11/mass_heatmap.png,/root/autodl-tmp/project/experiment/results/split/attentionhead/plots/layer_10/L10H11/density_heatmap.png,/root/autodl-tmp/project/experiment/results/split/attentionhead/plots/layer_10/L10H11/decision_row.png
10,12,L10H12,/root/autodl-tmp/project/experiment/results/split/attentionhead/plots/layer_10/L10H12/mass_heatmap.png,/root/autodl-tmp/project/experiment/results/split/attentionhead/plots/layer_10/L10H12/density_heatmap.png,/root/autodl-tmp/project/experiment/results/split/attentionhead/plots/layer_10/L10H12/decision_row.png
10,13,L10H13,/root/autodl-tmp/project/experiment/results/split/attentionhead/plots/layer_10/L10H13/mass_heatmap.png,/root/autodl-tmp/project/experiment/results/split/attentionhead/plots/layer_10/L10H13/density_heatmap.png,/root/autodl-tmp/project/experiment/results/split/attentionhead/plots/layer_10/L10H13/decision_row.png
10,14,L10H14,/root/autodl-tmp/project/experiment/results/split/attentionhead/plots/layer_10/L10H14/mass_heatmap.png,/root/autodl-tmp/project/experiment/results/split/attentionhead/plots/layer_10/L10H14/density_heatmap.png,/root/autodl-tmp/project/experiment/results/split/attentionhead/plots/layer_10/L10H14/decision_row.png
10,15,L10H15,/root/autodl-tmp/project/experiment/results/split/attentionhead/plots/layer_10/L10H15/mass_heatmap.png,/root/autodl-tmp/project/experiment/results/split/attentionhead/plots/layer_10/L10H15/density_heatmap.png,/root/autodl-tmp/project/experiment/results/split/attentionhead/plots/layer_10/L10H15/decision_row.png
11,0,L11H0,/root/autodl-tmp/project/experiment/results/split/attentionhead/plots/layer_11/L11H0/mass_heatmap.png,/root/autodl-tmp/project/experiment/results/split/attentionhead/plots/layer_11/L11H0/density_heatmap.png,/root/autodl-tmp/project/experiment/results/split/attentionhead/plots/layer_11/L11H0/decision_row.png
11,1,L11H1,/root/autodl-tmp/project/experiment/results/split/attentionhead/plots/layer_11/L11H1/mass_heatmap.png,/root/autodl-tmp/project/experiment/results/split/attentionhead/plots/layer_11/L11H1/density_heatmap.png,/root/autodl-tmp/project/experiment/results/split/attentionhead/plots/layer_11/L11H1/decision_row.png
11,2,L11H2,/root/autodl-tmp/project/experiment/results/split/attentionhead/plots/layer_11/L11H2/mass_heatmap.png,/root/autodl-tmp/project/experiment/results/split/attentionhead/plots/layer_11/L11H2/density_heatmap.png,/root/autodl-tmp/project/experiment/results/split/attentionhead/plots/layer_11/L11H2/decision_row.png
11,3,L11H3,/root/autodl-tmp/project/experiment/results/split/attentionhead/plots/layer_11/L11H3/mass_heatmap.png,/root/autodl-tmp/project/experiment/results/split/attentionhead/plots/layer_11/L11H3/density_heatmap.png,/root/autodl-tmp/project/experiment/results/split/attentionhead/plots/layer_11/L11H3/decision_row.png
11,4,L11H4,/root/autodl-tmp/project/experiment/results/split/attentionhead/plots/layer_11/L11H4/mass_heatmap.png,/root/autodl-tmp/project/experiment/results/split/attentionhead/plots/layer_11/L11H4/density_heatmap.png,/root/autodl-tmp/project/experiment/results/split/attentionhead/plots/layer_11/L11H4/decision_row.png
11,5,L11H5,/root/autodl-tmp/project/experiment/results/split/attentionhead/plots/layer_11/L11H5/mass_heatmap.png,/root/autodl-tmp/project/experiment/results/split/attentionhead/plots/layer_11/L11H5/density_heatmap.png,/root/autodl-tmp/project/experiment/results/split/attentionhead/plots/layer_11/L11H5/decision_row.png
11,6,L11H6,/root/autodl-tmp/project/experiment/results/split/attentionhead/plots/layer_11/L11H6/mass_heatmap.png,/root/autodl-tmp/project/experiment/results/split/attentionhead/plots/layer_11/L11H6/density_heatmap.png,/root/autodl-tmp/project/experiment/results/split/attentionhead/plots/layer_11/L11H6/decision_row.png
11,7,L11H7,/root/autodl-tmp/project/experiment/results/split/attentionhead/plots/layer_11/L11H7/mass_heatmap.png,/root/autodl-tmp/project/experiment/results/split/attentionhead/plots/layer_11/L11H7/density_heatmap.png,/root/autodl-tmp/project/experiment/results/split/attentionhead/plots/layer_11/L11H7/decision_row.png
11,8,L11H8,/root/autodl-tmp/project/experiment/results/split/attentionhead/plots/layer_11/L11H8/mass_heatmap.png,/root/autodl-tmp/project/experiment/results/split/attentionhead/plots/layer_11/L11H8/density_heatmap.png,/root/autodl-tmp/project/experiment/results/split/attentionhead/plots/layer_11/L11H8/decision_row.png
11,9,L11H9,/root/autodl-tmp/project/experiment/results/split/attentionhead/plots/layer_11/L11H9/mass_heatmap.png,/root/autodl-tmp/project/experiment/results/split/attentionhead/plots/layer_11/L11H9/density_heatmap.png,/root/autodl-tmp/project/experiment/results/split/attentionhead/plots/layer_11/L11H9/decision_row.png
11,10,L11H10,/root/autodl-tmp/project/experiment/results/split/attentionhead/plots/layer_11/L11H10/mass_heatmap.png,/root/autodl-tmp/project/experiment/results/split/attentionhead/plots/layer_11/L11H10/density_heatmap.png,/root/autodl-tmp/project/experiment/results/split/attentionhead/plots/layer_11/L11H10/decision_row.png
11,11,L11H11,/root/autodl-tmp/project/experiment/results/split/attentionhead/plots/layer_11/L11H11/mass_heatmap.png,/root/autodl-tmp/project/experiment/results/split/attentionhead/plots/layer_11/L11H11/density_heatmap.png,/root/autodl-tmp/project/experiment/results/split/attentionhead/plots/layer_11/L11H11/decision_row.png
11,12,L11H12,/root/autodl-tmp/project/experiment/results/split/attentionhead/plots/layer_11/L11H12/mass_heatmap.png,/root/autodl-tmp/project/experiment/results/split/attentionhead/plots/layer_11/L11H12/density_heatmap.png,/root/autodl-tmp/project/experiment/results/split/attentionhead/plots/layer_11/L11H12/decision_row.png
11,13,L11H13,/root/autodl-tmp/project/experiment/results/split/attentionhead/plots/layer_11/L11H13/mass_heatmap.png,/root/autodl-tmp/project/experiment/results/split/attentionhead/plots/layer_11/L11H13/density_heatmap.png,/root/autodl-tmp/project/experiment/results/split/attentionhead/plots/layer_11/L11H13/decision_row.png
11,14,L11H14,/root/autodl-tmp/project/experiment/results/split/attentionhead/plots/layer_11/L11H14/mass_heatmap.png,/root/autodl-tmp/project/experiment/results/split/attentionhead/plots/layer_11/L11H14/density_heatmap.png,/root/autodl-tmp/project/experiment/results/split/attentionhead/plots/layer_11/L11H14/decision_row.png
11,15,L11H15,/root/autodl-tmp/project/experiment/results/split/attentionhead/plots/layer_11/L11H15/mass_heatmap.png,/root/autodl-tmp/project/experiment/results/split/attentionhead/plots/layer_11/L11H15/density_heatmap.png,/root/autodl-tmp/project/experiment/results/split/attentionhead/plots/layer_11/L11H15/decision_row.png
12,0,L12H0,/root/autodl-tmp/project/experiment/results/split/attentionhead/plots/layer_12/L12H0/mass_heatmap.png,/root/autodl-tmp/project/experiment/results/split/attentionhead/plots/layer_12/L12H0/density_heatmap.png,/root/autodl-tmp/project/experiment/results/split/attentionhead/plots/layer_12/L12H0/decision_row.png
12,1,L12H1,/root/autodl-tmp/project/experiment/results/split/attentionhead/plots/layer_12/L12H1/mass_heatmap.png,/root/autodl-tmp/project/experiment/results/split/attentionhead/plots/layer_12/L12H1/density_heatmap.png,/root/autodl-tmp/project/experiment/results/split/attentionhead/plots/layer_12/L12H1/decision_row.png
12,2,L12H2,/root/autodl-tmp/project/experiment/results/split/attentionhead/plots/layer_12/L12H2/mass_heatmap.png,/root/autodl-tmp/project/experiment/results/split/attentionhead/plots/layer_12/L12H2/density_heatmap.png,/root/autodl-tmp/project/experiment/results/split/attentionhead/plots/layer_12/L12H2/decision_row.png
12,3,L12H3,/root/autodl-tmp/project/experiment/results/split/attentionhead/plots/layer_12/L12H3/mass_heatmap.png,/root/autodl-tmp/project/experiment/results/split/attentionhead/plots/layer_12/L12H3/density_heatmap.png,/root/autodl-tmp/project/experiment/results/split/attentionhead/plots/layer_12/L12H3/decision_row.png
12,4,L12H4,/root/autodl-tmp/project/experiment/results/split/attentionhead/plots/layer_12/L12H4/mass_heatmap.png,/root/autodl-tmp/project/experiment/results/split/attentionhead/plots/layer_12/L12H4/density_heatmap.png,/root/autodl-tmp/project/experiment/results/split/attentionhead/plots/layer_12/L12H4/decision_row.png
12,5,L12H5,/root/autodl-tmp/project/experiment/results/split/attentionhead/plots/layer_12/L12H5/mass_heatmap.png,/root/autodl-tmp/project/experiment/results/split/attentionhead/plots/layer_12/L12H5/density_heatmap.png,/root/autodl-tmp/project/experiment/results/split/attentionhead/plots/layer_12/L12H5/decision_row.png
12,6,L12H6,/root/autodl-tmp/project/experiment/results/split/attentionhead/plots/layer_12/L12H6/mass_heatmap.png,/root/autodl-tmp/project/experiment/results/split/attentionhead/plots/layer_12/L12H6/density_heatmap.png,/root/autodl-tmp/project/experiment/results/split/attentionhead/plots/layer_12/L12H6/decision_row.png
12,7,L12H7,/root/autodl-tmp/project/experiment/results/split/attentionhead/plots/layer_12/L12H7/mass_heatmap.png,/root/autodl-tmp/project/experiment/results/split/attentionhead/plots/layer_12/L12H7/density_heatmap.png,/root/autodl-tmp/project/experiment/results/split/attentionhead/plots/layer_12/L12H7/decision_row.png
12,8,L12H8,/root/autodl-tmp/project/experiment/results/split/attentionhead/plots/layer_12/L12H8/mass_heatmap.png,/root/autodl-tmp/project/experiment/results/split/attentionhead/plots/layer_12/L12H8/density_heatmap.png,/root/autodl-tmp/project/experiment/results/split/attentionhead/plots/layer_12/L12H8/decision_row.png
12,9,L12H9,/root/autodl-tmp/project/experiment/results/split/attentionhead/plots/layer_12/L12H9/mass_heatmap.png,/root/autodl-tmp/project/experiment/results/split/attentionhead/plots/layer_12/L12H9/density_heatmap.png,/root/autodl-tmp/project/experiment/results/split/attentionhead/plots/layer_12/L12H9/decision_row.png
12,10,L12H10,/root/autodl-tmp/project/experiment/results/split/attentionhead/plots/layer_12/L12H10/mass_heatmap.png,/root/autodl-tmp/project/experiment/results/split/attentionhead/plots/layer_12/L12H10/density_heatmap.png,/root/autodl-tmp/project/experiment/results/split/attentionhead/plots/layer_12/L12H10/decision_row.png
12,11,L12H11,/root/autodl-tmp/project/experiment/results/split/attentionhead/plots/layer_12/L12H11/mass_heatmap.png,/root/autodl-tmp/project/experiment/results/split/attentionhead/plots/layer_12/L12H11/density_heatmap.png,/root/autodl-tmp/project/experiment/results/split/attentionhead/plots/layer_12/L12H11/decision_row.png
12,12,L12H12,/root/autodl-tmp/project/experiment/results/split/attentionhead/plots/layer_12/L12H12/mass_heatmap.png,/root/autodl-tmp/project/experiment/results/split/attentionhead/plots/layer_12/L12H12/density_heatmap.png,/root/autodl-tmp/project/experiment/results/split/attentionhead/plots/layer_12/L12H12/decision_row.png
12,13,L12H13,/root/autodl-tmp/project/experiment/results/split/attentionhead/plots/layer_12/L12H13/mass_heatmap.png,/root/autodl-tmp/project/experiment/results/split/attentionhead/plots/layer_12/L12H13/density_heatmap.png,/root/autodl-tmp/project/experiment/results/split/attentionhead/plots/layer_12/L12H13/decision_row.png
12,14,L12H14,/root/autodl-tmp/project/experiment/results/split/attentionhead/plots/layer_12/L12H14/mass_heatmap.png,/root/autodl-tmp/project/experiment/results/split/attentionhead/plots/layer_12/L12H14/density_heatmap.png,/root/autodl-tmp/project/experiment/results/split/attentionhead/plots/layer_12/L12H14/decision_row.png
12,15,L12H15,/root/autodl-tmp/project/experiment/results/split/attentionhead/plots/layer_12/L12H15/mass_heatmap.png,/root/autodl-tmp/project/experiment/results/split/attentionhead/plots/layer_12/L12H15/density_heatmap.png,/root/autodl-tmp/project/experiment/results/split/attentionhead/plots/layer_12/L12H15/decision_row.png
13,0,L13H0,/root/autodl-tmp/project/experiment/results/split/attentionhead/plots/layer_13/L13H0/mass_heatmap.png,/root/autodl-tmp/project/experiment/results/split/attentionhead/plots/layer_13/L13H0/density_heatmap.png,/root/autodl-tmp/project/experiment/results/split/attentionhead/plots/layer_13/L13H0/decision_row.png
13,1,L13H1,/root/autodl-tmp/project/experiment/results/split/attentionhead/plots/layer_13/L13H1/mass_heatmap.png,/root/autodl-tmp/project/experiment/results/split/attentionhead/plots/layer_13/L13H1/density_heatmap.png,/root/autodl-tmp/project/experiment/results/split/attentionhead/plots/layer_13/L13H1/decision_row.png
13,2,L13H2,/root/autodl-tmp/project/experiment/results/split/attentionhead/plots/layer_13/L13H2/mass_heatmap.png,/root/autodl-tmp/project/experiment/results/split/attentionhead/plots/layer_13/L13H2/density_heatmap.png,/root/autodl-tmp/project/experiment/results/split/attentionhead/plots/layer_13/L13H2/decision_row.png
13,3,L13H3,/root/autodl-tmp/project/experiment/results/split/attentionhead/plots/layer_13/L13H3/mass_heatmap.png,/root/autodl-tmp/project/experiment/results/split/attentionhead/plots/layer_13/L13H3/density_heatmap.png,/root/autodl-tmp/project/experiment/results/split/attentionhead/plots/layer_13/L13H3/decision_row.png
13,4,L13H4,/root/autodl-tmp/project/experiment/results/split/attentionhead/plots/layer_13/L13H4/mass_heatmap.png,/root/autodl-tmp/project/experiment/results/split/attentionhead/plots/layer_13/L13H4/density_heatmap.png,/root/autodl-tmp/project/experiment/results/split/attentionhead/plots/layer_13/L13H4/decision_row.png
13,5,L13H5,/root/autodl-tmp/project/experiment/results/split/attentionhead/plots/layer_13/L13H5/mass_heatmap.png,/root/autodl-tmp/project/experiment/results/split/attentionhead/plots/layer_13/L13H5/density_heatmap.png,/root/autodl-tmp/project/experiment/results/split/attentionhead/plots/layer_13/L13H5/decision_row.png
13,6,L13H6,/root/autodl-tmp/project/experiment/results/split/attentionhead/plots/layer_13/L13H6/mass_heatmap.png,/root/autodl-tmp/project/experiment/results/split/attentionhead/plots/layer_13/L13H6/density_heatmap.png,/root/autodl-tmp/project/experiment/results/split/attentionhead/plots/layer_13/L13H6/decision_row.png
13,7,L13H7,/root/autodl-tmp/project/experiment/results/split/attentionhead/plots/layer_13/L13H7/mass_heatmap.png,/root/autodl-tmp/project/experiment/results/split/attentionhead/plots/layer_13/L13H7/density_heatmap.png,/root/autodl-tmp/project/experiment/results/split/attentionhead/plots/layer_13/L13H7/decision_row.png
13,8,L13H8,/root/autodl-tmp/project/experiment/results/split/attentionhead/plots/layer_13/L13H8/mass_heatmap.png,/root/autodl-tmp/project/experiment/results/split/attentionhead/plots/layer_13/L13H8/density_heatmap.png,/root/autodl-tmp/project/experiment/results/split/attentionhead/plots/layer_13/L13H8/decision_row.png
13,9,L13H9,/root/autodl-tmp/project/experiment/results/split/attentionhead/plots/layer_13/L13H9/mass_heatmap.png,/root/autodl-tmp/project/experiment/results/split/attentionhead/plots/layer_13/L13H9/density_heatmap.png,/root/autodl-tmp/project/experiment/results/split/attentionhead/plots/layer_13/L13H9/decision_row.png
13,10,L13H10,/root/autodl-tmp/project/experiment/results/split/attentionhead/plots/layer_13/L13H10/mass_heatmap.png,/root/autodl-tmp/project/experiment/results/split/attentionhead/plots/layer_13/L13H10/density_heatmap.png,/root/autodl-tmp/project/experiment/results/split/attentionhead/plots/layer_13/L13H10/decision_row.png
13,11,L13H11,/root/autodl-tmp/project/experiment/results/split/attentionhead/plots/layer_13/L13H11/mass_heatmap.png,/root/autodl-tmp/project/experiment/results/split/attentionhead/plots/layer_13/L13H11/density_heatmap.png,/root/autodl-tmp/project/experiment/results/split/attentionhead/plots/layer_13/L13H11/decision_row.png
13,12,L13H12,/root/autodl-tmp/project/experiment/results/split/attentionhead/plots/layer_13/L13H12/mass_heatmap.png,/root/autodl-tmp/project/experiment/results/split/attentionhead/plots/layer_13/L13H12/density_heatmap.png,/root/autodl-tmp/project/experiment/results/split/attentionhead/plots/layer_13/L13H12/decision_row.png
13,13,L13H13,/root/autodl-tmp/project/experiment/results/split/attentionhead/plots/layer_13/L13H13/mass_heatmap.png,/root/autodl-tmp/project/experiment/results/split/attentionhead/plots/layer_13/L13H13/density_heatmap.png,/root/autodl-tmp/project/experiment/results/split/attentionhead/plots/layer_13/L13H13/decision_row.png
13,14,L13H14,/root/autodl-tmp/project/experiment/results/split/attentionhead/plots/layer_13/L13H14/mass_heatmap.png,/root/autodl-tmp/project/experiment/results/split/attentionhead/plots/layer_13/L13H14/density_heatmap.png,/root/autodl-tmp/project/experiment/results/split/attentionhead/plots/layer_13/L13H14/decision_row.png
13,15,L13H15,/root/autodl-tmp/project/experiment/results/split/attentionhead/plots/layer_13/L13H15/mass_heatmap.png,/root/autodl-tmp/project/experiment/results/split/attentionhead/plots/layer_13/L13H15/density_heatmap.png,/root/autodl-tmp/project/experiment/results/split/attentionhead/plots/layer_13/L13H15/decision_row.png
14,0,L14H0,/root/autodl-tmp/project/experiment/results/split/attentionhead/plots/layer_14/L14H0/mass_heatmap.png,/root/autodl-tmp/project/experiment/results/split/attentionhead/plots/layer_14/L14H0/density_heatmap.png,/root/autodl-tmp/project/experiment/results/split/attentionhead/plots/layer_14/L14H0/decision_row.png
14,1,L14H1,/root/autodl-tmp/project/experiment/results/split/attentionhead/plots/layer_14/L14H1/mass_heatmap.png,/root/autodl-tmp/project/experiment/results/split/attentionhead/plots/layer_14/L14H1/density_heatmap.png,/root/autodl-tmp/project/experiment/results/split/attentionhead/plots/layer_14/L14H1/decision_row.png
14,2,L14H2,/root/autodl-tmp/project/experiment/results/split/attentionhead/plots/layer_14/L14H2/mass_heatmap.png,/root/autodl-tmp/project/experiment/results/split/attentionhead/plots/layer_14/L14H2/density_heatmap.png,/root/autodl-tmp/project/experiment/results/split/attentionhead/plots/layer_14/L14H2/decision_row.png
14,3,L14H3,/root/autodl-tmp/project/experiment/results/split/attentionhead/plots/layer_14/L14H3/mass_heatmap.png,/root/autodl-tmp/project/experiment/results/split/attentionhead/plots/layer_14/L14H3/density_heatmap.png,/root/autodl-tmp/project/experiment/results/split/attentionhead/plots/layer_14/L14H3/decision_row.png
14,4,L14H4,/root/autodl-tmp/project/experiment/results/split/attentionhead/plots/layer_14/L14H4/mass_heatmap.png,/root/autodl-tmp/project/experiment/results/split/attentionhead/plots/layer_14/L14H4/density_heatmap.png,/root/autodl-tmp/project/experiment/results/split/attentionhead/plots/layer_14/L14H4/decision_row.png
14,5,L14H5,/root/autodl-tmp/project/experiment/results/split/attentionhead/plots/layer_14/L14H5/mass_heatmap.png,/root/autodl-tmp/project/experiment/results/split/attentionhead/plots/layer_14/L14H5/density_heatmap.png,/root/autodl-tmp/project/experiment/results/split/attentionhead/plots/layer_14/L14H5/decision_row.png
14,6,L14H6,/root/autodl-tmp/project/experiment/results/split/attentionhead/plots/layer_14/L14H6/mass_heatmap.png,/root/autodl-tmp/project/experiment/results/split/attentionhead/plots/layer_14/L14H6/density_heatmap.png,/root/autodl-tmp/project/experiment/results/split/attentionhead/plots/layer_14/L14H6/decision_row.png
14,7,L14H7,/root/autodl-tmp/project/experiment/results/split/attentionhead/plots/layer_14/L14H7/mass_heatmap.png,/root/autodl-tmp/project/experiment/results/split/attentionhead/plots/layer_14/L14H7/density_heatmap.png,/root/autodl-tmp/project/experiment/results/split/attentionhead/plots/layer_14/L14H7/decision_row.png
14,8,L14H8,/root/autodl-tmp/project/experiment/results/split/attentionhead/plots/layer_14/L14H8/mass_heatmap.png,/root/autodl-tmp/project/experiment/results/split/attentionhead/plots/layer_14/L14H8/density_heatmap.png,/root/autodl-tmp/project/experiment/results/split/attentionhead/plots/layer_14/L14H8/decision_row.png
14,9,L14H9,/root/autodl-tmp/project/experiment/results/split/attentionhead/plots/layer_14/L14H9/mass_heatmap.png,/root/autodl-tmp/project/experiment/results/split/attentionhead/plots/layer_14/L14H9/density_heatmap.png,/root/autodl-tmp/project/experiment/results/split/attentionhead/plots/layer_14/L14H9/decision_row.png
14,10,L14H10,/root/autodl-tmp/project/experiment/results/split/attentionhead/plots/layer_14/L14H10/mass_heatmap.png,/root/autodl-tmp/project/experiment/results/split/attentionhead/plots/layer_14/L14H10/density_heatmap.png,/root/autodl-tmp/project/experiment/results/split/attentionhead/plots/layer_14/L14H10/decision_row.png
14,11,L14H11,/root/autodl-tmp/project/experiment/results/split/attentionhead/plots/layer_14/L14H11/mass_heatmap.png,/root/autodl-tmp/project/experiment/results/split/attentionhead/plots/layer_14/L14H11/density_heatmap.png,/root/autodl-tmp/project/experiment/results/split/attentionhead/plots/layer_14/L14H11/decision_row.png
14,12,L14H12,/root/autodl-tmp/project/experiment/results/split/attentionhead/plots/layer_14/L14H12/mass_heatmap.png,/root/autodl-tmp/project/experiment/results/split/attentionhead/plots/layer_14/L14H12/density_heatmap.png,/root/autodl-tmp/project/experiment/results/split/attentionhead/plots/layer_14/L14H12/decision_row.png
14,13,L14H13,/root/autodl-tmp/project/experiment/results/split/attentionhead/plots/layer_14/L14H13/mass_heatmap.png,/root/autodl-tmp/project/experiment/results/split/attentionhead/plots/layer_14/L14H13/density_heatmap.png,/root/autodl-tmp/project/experiment/results/split/attentionhead/plots/layer_14/L14H13/decision_row.png
14,14,L14H14,/root/autodl-tmp/project/experiment/results/split/attentionhead/plots/layer_14/L14H14/mass_heatmap.png,/root/autodl-tmp/project/experiment/results/split/attentionhead/plots/layer_14/L14H14/density_heatmap.png,/root/autodl-tmp/project/experiment/results/split/attentionhead/plots/layer_14/L14H14/decision_row.png
14,15,L14H15,/root/autodl-tmp/project/experiment/results/split/attentionhead/plots/layer_14/L14H15/mass_heatmap.png,/root/autodl-tmp/project/experiment/results/split/attentionhead/plots/layer_14/L14H15/density_heatmap.png,/root/autodl-tmp/project/experiment/results/split/attentionhead/plots/layer_14/L14H15/decision_row.png
15,0,L15H0,/root/autodl-tmp/project/experiment/results/split/attentionhead/plots/layer_15/L15H0/mass_heatmap.png,/root/autodl-tmp/project/experiment/results/split/attentionhead/plots/layer_15/L15H0/density_heatmap.png,/root/autodl-tmp/project/experiment/results/split/attentionhead/plots/layer_15/L15H0/decision_row.png
15,1,L15H1,/root/autodl-tmp/project/experiment/results/split/attentionhead/plots/layer_15/L15H1/mass_heatmap.png,/root/autodl-tmp/project/experiment/results/split/attentionhead/plots/layer_15/L15H1/density_heatmap.png,/root/autodl-tmp/project/experiment/results/split/attentionhead/plots/layer_15/L15H1/decision_row.png
15,2,L15H2,/root/autodl-tmp/project/experiment/results/split/attentionhead/plots/layer_15/L15H2/mass_heatmap.png,/root/autodl-tmp/project/experiment/results/split/attentionhead/plots/layer_15/L15H2/density_heatmap.png,/root/autodl-tmp/project/experiment/results/split/attentionhead/plots/layer_15/L15H2/decision_row.png
15,3,L15H3,/root/autodl-tmp/project/experiment/results/split/attentionhead/plots/layer_15/L15H3/mass_heatmap.png,/root/autodl-tmp/project/experiment/results/split/attentionhead/plots/layer_15/L15H3/density_heatmap.png,/root/autodl-tmp/project/experiment/results/split/attentionhead/plots/layer_15/L15H3/decision_row.png
15,4,L15H4,/root/autodl-tmp/project/experiment/results/split/attentionhead/plots/layer_15/L15H4/mass_heatmap.png,/root/autodl-tmp/project/experiment/results/split/attentionhead/plots/layer_15/L15H4/density_heatmap.png,/root/autodl-tmp/project/experiment/results/split/attentionhead/plots/layer_15/L15H4/decision_row.png
15,5,L15H5,/root/autodl-tmp/project/experiment/results/split/attentionhead/plots/layer_15/L15H5/mass_heatmap.png,/root/autodl-tmp/project/experiment/results/split/attentionhead/plots/layer_15/L15H5/density_heatmap.png,/root/autodl-tmp/project/experiment/results/split/attentionhead/plots/layer_15/L15H5/decision_row.png
15,6,L15H6,/root/autodl-tmp/project/experiment/results/split/attentionhead/plots/layer_15/L15H6/mass_heatmap.png,/root/autodl-tmp/project/experiment/results/split/attentionhead/plots/layer_15/L15H6/density_heatmap.png,/root/autodl-tmp/project/experiment/results/split/attentionhead/plots/layer_15/L15H6/decision_row.png
15,7,L15H7,/root/autodl-tmp/project/experiment/results/split/attentionhead/plots/layer_15/L15H7/mass_heatmap.png,/root/autodl-tmp/project/experiment/results/split/attentionhead/plots/layer_15/L15H7/density_heatmap.png,/root/autodl-tmp/project/experiment/results/split/attentionhead/plots/layer_15/L15H7/decision_row.png
15,8,L15H8,/root/autodl-tmp/project/experiment/results/split/attentionhead/plots/layer_15/L15H8/mass_heatmap.png,/root/autodl-tmp/project/experiment/results/split/attentionhead/plots/layer_15/L15H8/density_heatmap.png,/root/autodl-tmp/project/experiment/results/split/attentionhead/plots/layer_15/L15H8/decision_row.png
15,9,L15H9,/root/autodl-tmp/project/experiment/results/split/attentionhead/plots/layer_15/L15H9/mass_heatmap.png,/root/autodl-tmp/project/experiment/results/split/attentionhead/plots/layer_15/L15H9/density_heatmap.png,/root/autodl-tmp/project/experiment/results/split/attentionhead/plots/layer_15/L15H9/decision_row.png
15,10,L15H10,/root/autodl-tmp/project/experiment/results/split/attentionhead/plots/layer_15/L15H10/mass_heatmap.png,/root/autodl-tmp/project/experiment/results/split/attentionhead/plots/layer_15/L15H10/density_heatmap.png,/root/autodl-tmp/project/experiment/results/split/attentionhead/plots/layer_15/L15H10/decision_row.png
15,11,L15H11,/root/autodl-tmp/project/experiment/results/split/attentionhead/plots/layer_15/L15H11/mass_heatmap.png,/root/autodl-tmp/project/experiment/results/split/attentionhead/plots/layer_15/L15H11/density_heatmap.png,/root/autodl-tmp/project/experiment/results/split/attentionhead/plots/layer_15/L15H11/decision_row.png
15,12,L15H12,/root/autodl-tmp/project/experiment/results/split/attentionhead/plots/layer_15/L15H12/mass_heatmap.png,/root/autodl-tmp/project/experiment/results/split/attentionhead/plots/layer_15/L15H12/density_heatmap.png,/root/autodl-tmp/project/experiment/results/split/attentionhead/plots/layer_15/L15H12/decision_row.png
15,13,L15H13,/root/autodl-tmp/project/experiment/results/split/attentionhead/plots/layer_15/L15H13/mass_heatmap.png,/root/autodl-tmp/project/experiment/results/split/attentionhead/plots/layer_15/L15H13/density_heatmap.png,/root/autodl-tmp/project/experiment/results/split/attentionhead/plots/layer_15/L15H13/decision_row.png
15,14,L15H14,/root/autodl-tmp/project/experiment/results/split/attentionhead/plots/layer_15/L15H14/mass_heatmap.png,/root/autodl-tmp/project/experiment/results/split/attentionhead/plots/layer_15/L15H14/density_heatmap.png,/root/autodl-tmp/project/experiment/results/split/attentionhead/plots/layer_15/L15H14/decision_row.png
15,15,L15H15,/root/autodl-tmp/project/experiment/results/split/attentionhead/plots/layer_15/L15H15/mass_heatmap.png,/root/autodl-tmp/project/experiment/results/split/attentionhead/plots/layer_15/L15H15/density_heatmap.png,/root/autodl-tmp/project/experiment/results/split/attentionhead/plots/layer_15/L15H15/decision_row.png
16,0,L16H0,/root/autodl-tmp/project/experiment/results/split/attentionhead/plots/layer_16/L16H0/mass_heatmap.png,/root/autodl-tmp/project/experiment/results/split/attentionhead/plots/layer_16/L16H0/density_heatmap.png,/root/autodl-tmp/project/experiment/results/split/attentionhead/plots/layer_16/L16H0/decision_row.png
16,1,L16H1,/root/autodl-tmp/project/experiment/results/split/attentionhead/plots/layer_16/L16H1/mass_heatmap.png,/root/autodl-tmp/project/experiment/results/split/attentionhead/plots/layer_16/L16H1/density_heatmap.png,/root/autodl-tmp/project/experiment/results/split/attentionhead/plots/layer_16/L16H1/decision_row.png
16,2,L16H2,/root/autodl-tmp/project/experiment/results/split/attentionhead/plots/layer_16/L16H2/mass_heatmap.png,/root/autodl-tmp/project/experiment/results/split/attentionhead/plots/layer_16/L16H2/density_heatmap.png,/root/autodl-tmp/project/experiment/results/split/attentionhead/plots/layer_16/L16H2/decision_row.png
16,3,L16H3,/root/autodl-tmp/project/experiment/results/split/attentionhead/plots/layer_16/L16H3/mass_heatmap.png,/root/autodl-tmp/project/experiment/results/split/attentionhead/plots/layer_16/L16H3/density_heatmap.png,/root/autodl-tmp/project/experiment/results/split/attentionhead/plots/layer_16/L16H3/decision_row.png
16,4,L16H4,/root/autodl-tmp/project/experiment/results/split/attentionhead/plots/layer_16/L16H4/mass_heatmap.png,/root/autodl-tmp/project/experiment/results/split/attentionhead/plots/layer_16/L16H4/density_heatmap.png,/root/autodl-tmp/project/experiment/results/split/attentionhead/plots/layer_16/L16H4/decision_row.png
16,5,L16H5,/root/autodl-tmp/project/experiment/results/split/attentionhead/plots/layer_16/L16H5/mass_heatmap.png,/root/autodl-tmp/project/experiment/results/split/attentionhead/plots/layer_16/L16H5/density_heatmap.png,/root/autodl-tmp/project/experiment/results/split/attentionhead/plots/layer_16/L16H5/decision_row.png
16,6,L16H6,/root/autodl-tmp/project/experiment/results/split/attentionhead/plots/layer_16/L16H6/mass_heatmap.png,/root/autodl-tmp/project/experiment/results/split/attentionhead/plots/layer_16/L16H6/density_heatmap.png,/root/autodl-tmp/project/experiment/results/split/attentionhead/plots/layer_16/L16H6/decision_row.png
16,7,L16H7,/root/autodl-tmp/project/experiment/results/split/attentionhead/plots/layer_16/L16H7/mass_heatmap.png,/root/autodl-tmp/project/experiment/results/split/attentionhead/plots/layer_16/L16H7/density_heatmap.png,/root/autodl-tmp/project/experiment/results/split/attentionhead/plots/layer_16/L16H7/decision_row.png
16,8,L16H8,/root/autodl-tmp/project/experiment/results/split/attentionhead/plots/layer_16/L16H8/mass_heatmap.png,/root/autodl-tmp/project/experiment/results/split/attentionhead/plots/layer_16/L16H8/density_heatmap.png,/root/autodl-tmp/project/experiment/results/split/attentionhead/plots/layer_16/L16H8/decision_row.png
16,9,L16H9,/root/autodl-tmp/project/experiment/results/split/attentionhead/plots/layer_16/L16H9/mass_heatmap.png,/root/autodl-tmp/project/experiment/results/split/attentionhead/plots/layer_16/L16H9/density_heatmap.png,/root/autodl-tmp/project/experiment/results/split/attentionhead/plots/layer_16/L16H9/decision_row.png
16,10,L16H10,/root/autodl-tmp/project/experiment/results/split/attentionhead/plots/layer_16/L16H10/mass_heatmap.png,/root/autodl-tmp/project/experiment/results/split/attentionhead/plots/layer_16/L16H10/density_heatmap.png,/root/autodl-tmp/project/experiment/results/split/attentionhead/plots/layer_16/L16H10/decision_row.png
16,11,L16H11,/root/autodl-tmp/project/experiment/results/split/attentionhead/plots/layer_16/L16H11/mass_heatmap.png,/root/autodl-tmp/project/experiment/results/split/attentionhead/plots/layer_16/L16H11/density_heatmap.png,/root/autodl-tmp/project/experiment/results/split/attentionhead/plots/layer_16/L16H11/decision_row.png
16,12,L16H12,/root/autodl-tmp/project/experiment/results/split/attentionhead/plots/layer_16/L16H12/mass_heatmap.png,/root/autodl-tmp/project/experiment/results/split/attentionhead/plots/layer_16/L16H12/density_heatmap.png,/root/autodl-tmp/project/experiment/results/split/attentionhead/plots/layer_16/L16H12/decision_row.png
16,13,L16H13,/root/autodl-tmp/project/experiment/results/split/attentionhead/plots/layer_16/L16H13/mass_heatmap.png,/root/autodl-tmp/project/experiment/results/split/attentionhead/plots/layer_16/L16H13/density_heatmap.png,/root/autodl-tmp/project/experiment/results/split/attentionhead/plots/layer_16/L16H13/decision_row.png
16,14,L16H14,/root/autodl-tmp/project/experiment/results/split/attentionhead/plots/layer_16/L16H14/mass_heatmap.png,/root/autodl-tmp/project/experiment/results/split/attentionhead/plots/layer_16/L16H14/density_heatmap.png,/root/autodl-tmp/project/experiment/results/split/attentionhead/plots/layer_16/L16H14/decision_row.png
16,15,L16H15,/root/autodl-tmp/project/experiment/results/split/attentionhead/plots/layer_16/L16H15/mass_heatmap.png,/root/autodl-tmp/project/experiment/results/split/attentionhead/plots/layer_16/L16H15/density_heatmap.png,/root/autodl-tmp/project/experiment/results/split/attentionhead/plots/layer_16/L16H15/decision_row.png
17,0,L17H0,/root/autodl-tmp/project/experiment/results/split/attentionhead/plots/layer_17/L17H0/mass_heatmap.png,/root/autodl-tmp/project/experiment/results/split/attentionhead/plots/layer_17/L17H0/density_heatmap.png,/root/autodl-tmp/project/experiment/results/split/attentionhead/plots/layer_17/L17H0/decision_row.png
17,1,L17H1,/root/autodl-tmp/project/experiment/results/split/attentionhead/plots/layer_17/L17H1/mass_heatmap.png,/root/autodl-tmp/project/experiment/results/split/attentionhead/plots/layer_17/L17H1/density_heatmap.png,/root/autodl-tmp/project/experiment/results/split/attentionhead/plots/layer_17/L17H1/decision_row.png
17,2,L17H2,/root/autodl-tmp/project/experiment/results/split/attentionhead/plots/layer_17/L17H2/mass_heatmap.png,/root/autodl-tmp/project/experiment/results/split/attentionhead/plots/layer_17/L17H2/density_heatmap.png,/root/autodl-tmp/project/experiment/results/split/attentionhead/plots/layer_17/L17H2/decision_row.png
17,3,L17H3,/root/autodl-tmp/project/experiment/results/split/attentionhead/plots/layer_17/L17H3/mass_heatmap.png,/root/autodl-tmp/project/experiment/results/split/attentionhead/plots/layer_17/L17H3/density_heatmap.png,/root/autodl-tmp/project/experiment/results/split/attentionhead/plots/layer_17/L17H3/decision_row.png
17,4,L17H4,/root/autodl-tmp/project/experiment/results/split/attentionhead/plots/layer_17/L17H4/mass_heatmap.png,/root/autodl-tmp/project/experiment/results/split/attentionhead/plots/layer_17/L17H4/density_heatmap.png,/root/autodl-tmp/project/experiment/results/split/attentionhead/plots/layer_17/L17H4/decision_row.png
17,5,L17H5,/root/autodl-tmp/project/experiment/results/split/attentionhead/plots/layer_17/L17H5/mass_heatmap.png,/root/autodl-tmp/project/experiment/results/split/attentionhead/plots/layer_17/L17H5/density_heatmap.png,/root/autodl-tmp/project/experiment/results/split/attentionhead/plots/layer_17/L17H5/decision_row.png
17,6,L17H6,/root/autodl-tmp/project/experiment/results/split/attentionhead/plots/layer_17/L17H6/mass_heatmap.png,/root/autodl-tmp/project/experiment/results/split/attentionhead/plots/layer_17/L17H6/density_heatmap.png,/root/autodl-tmp/project/experiment/results/split/attentionhead/plots/layer_17/L17H6/decision_row.png
17,7,L17H7,/root/autodl-tmp/project/experiment/results/split/attentionhead/plots/layer_17/L17H7/mass_heatmap.png,/root/autodl-tmp/project/experiment/results/split/attentionhead/plots/layer_17/L17H7/density_heatmap.png,/root/autodl-tmp/project/experiment/results/split/attentionhead/plots/layer_17/L17H7/decision_row.png
17,8,L17H8,/root/autodl-tmp/project/experiment/results/split/attentionhead/plots/layer_17/L17H8/mass_heatmap.png,/root/autodl-tmp/project/experiment/results/split/attentionhead/plots/layer_17/L17H8/density_heatmap.png,/root/autodl-tmp/project/experiment/results/split/attentionhead/plots/layer_17/L17H8/decision_row.png
17,9,L17H9,/root/autodl-tmp/project/experiment/results/split/attentionhead/plots/layer_17/L17H9/mass_heatmap.png,/root/autodl-tmp/project/experiment/results/split/attentionhead/plots/layer_17/L17H9/density_heatmap.png,/root/autodl-tmp/project/experiment/results/split/attentionhead/plots/layer_17/L17H9/decision_row.png
17,10,L17H10,/root/autodl-tmp/project/experiment/results/split/attentionhead/plots/layer_17/L17H10/mass_heatmap.png,/root/autodl-tmp/project/experiment/results/split/attentionhead/plots/layer_17/L17H10/density_heatmap.png,/root/autodl-tmp/project/experiment/results/split/attentionhead/plots/layer_17/L17H10/decision_row.png
17,11,L17H11,/root/autodl-tmp/project/experiment/results/split/attentionhead/plots/layer_17/L17H11/mass_heatmap.png,/root/autodl-tmp/project/experiment/results/split/attentionhead/plots/layer_17/L17H11/density_heatmap.png,/root/autodl-tmp/project/experiment/results/split/attentionhead/plots/layer_17/L17H11/decision_row.png
17,12,L17H12,/root/autodl-tmp/project/experiment/results/split/attentionhead/plots/layer_17/L17H12/mass_heatmap.png,/root/autodl-tmp/project/experiment/results/split/attentionhead/plots/layer_17/L17H12/density_heatmap.png,/root/autodl-tmp/project/experiment/results/split/attentionhead/plots/layer_17/L17H12/decision_row.png
17,13,L17H13,/root/autodl-tmp/project/experiment/results/split/attentionhead/plots/layer_17/L17H13/mass_heatmap.png,/root/autodl-tmp/project/experiment/results/split/attentionhead/plots/layer_17/L17H13/density_heatmap.png,/root/autodl-tmp/project/experiment/results/split/attentionhead/plots/layer_17/L17H13/decision_row.png
17,14,L17H14,/root/autodl-tmp/project/experiment/results/split/attentionhead/plots/layer_17/L17H14/mass_heatmap.png,/root/autodl-tmp/project/experiment/results/split/attentionhead/plots/layer_17/L17H14/density_heatmap.png,/root/autodl-tmp/project/experiment/results/split/attentionhead/plots/layer_17/L17H14/decision_row.png
17,15,L17H15,/root/autodl-tmp/project/experiment/results/split/attentionhead/plots/layer_17/L17H15/mass_heatmap.png,/root/autodl-tmp/project/experiment/results/split/attentionhead/plots/layer_17/L17H15/density_heatmap.png,/root/autodl-tmp/project/experiment/results/split/attentionhead/plots/layer_17/L17H15/decision_row.png
18,0,L18H0,/root/autodl-tmp/project/experiment/results/split/attentionhead/plots/layer_18/L18H0/mass_heatmap.png,/root/autodl-tmp/project/experiment/results/split/attentionhead/plots/layer_18/L18H0/density_heatmap.png,/root/autodl-tmp/project/experiment/results/split/attentionhead/plots/layer_18/L18H0/decision_row.png
18,1,L18H1,/root/autodl-tmp/project/experiment/results/split/attentionhead/plots/layer_18/L18H1/mass_heatmap.png,/root/autodl-tmp/project/experiment/results/split/attentionhead/plots/layer_18/L18H1/density_heatmap.png,/root/autodl-tmp/project/experiment/results/split/attentionhead/plots/layer_18/L18H1/decision_row.png
18,2,L18H2,/root/autodl-tmp/project/experiment/results/split/attentionhead/plots/layer_18/L18H2/mass_heatmap.png,/root/autodl-tmp/project/experiment/results/split/attentionhead/plots/layer_18/L18H2/density_heatmap.png,/root/autodl-tmp/project/experiment/results/split/attentionhead/plots/layer_18/L18H2/decision_row.png
18,3,L18H3,/root/autodl-tmp/project/experiment/results/split/attentionhead/plots/layer_18/L18H3/mass_heatmap.png,/root/autodl-tmp/project/experiment/results/split/attentionhead/plots/layer_18/L18H3/density_heatmap.png,/root/autodl-tmp/project/experiment/results/split/attentionhead/plots/layer_18/L18H3/decision_row.png
18,4,L18H4,/root/autodl-tmp/project/experiment/results/split/attentionhead/plots/layer_18/L18H4/mass_heatmap.png,/root/autodl-tmp/project/experiment/results/split/attentionhead/plots/layer_18/L18H4/density_heatmap.png,/root/autodl-tmp/project/experiment/results/split/attentionhead/plots/layer_18/L18H4/decision_row.png
18,5,L18H5,/root/autodl-tmp/project/experiment/results/split/attentionhead/plots/layer_18/L18H5/mass_heatmap.png,/root/autodl-tmp/project/experiment/results/split/attentionhead/plots/layer_18/L18H5/density_heatmap.png,/root/autodl-tmp/project/experiment/results/split/attentionhead/plots/layer_18/L18H5/decision_row.png
18,6,L18H6,/root/autodl-tmp/project/experiment/results/split/attentionhead/plots/layer_18/L18H6/mass_heatmap.png,/root/autodl-tmp/project/experiment/results/split/attentionhead/plots/layer_18/L18H6/density_heatmap.png,/root/autodl-tmp/project/experiment/results/split/attentionhead/plots/layer_18/L18H6/decision_row.png
18,7,L18H7,/root/autodl-tmp/project/experiment/results/split/attentionhead/plots/layer_18/L18H7/mass_heatmap.png,/root/autodl-tmp/project/experiment/results/split/attentionhead/plots/layer_18/L18H7/density_heatmap.png,/root/autodl-tmp/project/experiment/results/split/attentionhead/plots/layer_18/L18H7/decision_row.png
18,8,L18H8,/root/autodl-tmp/project/experiment/results/split/attentionhead/plots/layer_18/L18H8/mass_heatmap.png,/root/autodl-tmp/project/experiment/results/split/attentionhead/plots/layer_18/L18H8/density_heatmap.png,/root/autodl-tmp/project/experiment/results/split/attentionhead/plots/layer_18/L18H8/decision_row.png
18,9,L18H9,/root/autodl-tmp/project/experiment/results/split/attentionhead/plots/layer_18/L18H9/mass_heatmap.png,/root/autodl-tmp/project/experiment/results/split/attentionhead/plots/layer_18/L18H9/density_heatmap.png,/root/autodl-tmp/project/experiment/results/split/attentionhead/plots/layer_18/L18H9/decision_row.png
18,10,L18H10,/root/autodl-tmp/project/experiment/results/split/attentionhead/plots/layer_18/L18H10/mass_heatmap.png,/root/autodl-tmp/project/experiment/results/split/attentionhead/plots/layer_18/L18H10/density_heatmap.png,/root/autodl-tmp/project/experiment/results/split/attentionhead/plots/layer_18/L18H10/decision_row.png
18,11,L18H11,/root/autodl-tmp/project/experiment/results/split/attentionhead/plots/layer_18/L18H11/mass_heatmap.png,/root/autodl-tmp/project/experiment/results/split/attentionhead/plots/layer_18/L18H11/density_heatmap.png,/root/autodl-tmp/project/experiment/results/split/attentionhead/plots/layer_18/L18H11/decision_row.png
18,12,L18H12,/root/autodl-tmp/project/experiment/results/split/attentionhead/plots/layer_18/L18H12/mass_heatmap.png,/root/autodl-tmp/project/experiment/results/split/attentionhead/plots/layer_18/L18H12/density_heatmap.png,/root/autodl-tmp/project/experiment/results/split/attentionhead/plots/layer_18/L18H12/decision_row.png
18,13,L18H13,/root/autodl-tmp/project/experiment/results/split/attentionhead/plots/layer_18/L18H13/mass_heatmap.png,/root/autodl-tmp/project/experiment/results/split/attentionhead/plots/layer_18/L18H13/density_heatmap.png,/root/autodl-tmp/project/experiment/results/split/attentionhead/plots/layer_18/L18H13/decision_row.png
18,14,L18H14,/root/autodl-tmp/project/experiment/results/split/attentionhead/plots/layer_18/L18H14/mass_heatmap.png,/root/autodl-tmp/project/experiment/results/split/attentionhead/plots/layer_18/L18H14/density_heatmap.png,/root/autodl-tmp/project/experiment/results/split/attentionhead/plots/layer_18/L18H14/decision_row.png
18,15,L18H15,/root/autodl-tmp/project/experiment/results/split/attentionhead/plots/layer_18/L18H15/mass_heatmap.png,/root/autodl-tmp/project/experiment/results/split/attentionhead/plots/layer_18/L18H15/density_heatmap.png,/root/autodl-tmp/project/experiment/results/split/attentionhead/plots/layer_18/L18H15/decision_row.png
19,0,L19H0,/root/autodl-tmp/project/experiment/results/split/attentionhead/plots/layer_19/L19H0/mass_heatmap.png,/root/autodl-tmp/project/experiment/results/split/attentionhead/plots/layer_19/L19H0/density_heatmap.png,/root/autodl-tmp/project/experiment/results/split/attentionhead/plots/layer_19/L19H0/decision_row.png
19,1,L19H1,/root/autodl-tmp/project/experiment/results/split/attentionhead/plots/layer_19/L19H1/mass_heatmap.png,/root/autodl-tmp/project/experiment/results/split/attentionhead/plots/layer_19/L19H1/density_heatmap.png,/root/autodl-tmp/project/experiment/results/split/attentionhead/plots/layer_19/L19H1/decision_row.png
19,2,L19H2,/root/autodl-tmp/project/experiment/results/split/attentionhead/plots/layer_19/L19H2/mass_heatmap.png,/root/autodl-tmp/project/experiment/results/split/attentionhead/plots/layer_19/L19H2/density_heatmap.png,/root/autodl-tmp/project/experiment/results/split/attentionhead/plots/layer_19/L19H2/decision_row.png
19,3,L19H3,/root/autodl-tmp/project/experiment/results/split/attentionhead/plots/layer_19/L19H3/mass_heatmap.png,/root/autodl-tmp/project/experiment/results/split/attentionhead/plots/layer_19/L19H3/density_heatmap.png,/root/autodl-tmp/project/experiment/results/split/attentionhead/plots/layer_19/L19H3/decision_row.png
19,4,L19H4,/root/autodl-tmp/project/experiment/results/split/attentionhead/plots/layer_19/L19H4/mass_heatmap.png,/root/autodl-tmp/project/experiment/results/split/attentionhead/plots/layer_19/L19H4/density_heatmap.png,/root/autodl-tmp/project/experiment/results/split/attentionhead/plots/layer_19/L19H4/decision_row.png
19,5,L19H5,/root/autodl-tmp/project/experiment/results/split/attentionhead/plots/layer_19/L19H5/mass_heatmap.png,/root/autodl-tmp/project/experiment/results/split/attentionhead/plots/layer_19/L19H5/density_heatmap.png,/root/autodl-tmp/project/experiment/results/split/attentionhead/plots/layer_19/L19H5/decision_row.png
19,6,L19H6,/root/autodl-tmp/project/experiment/results/split/attentionhead/plots/layer_19/L19H6/mass_heatmap.png,/root/autodl-tmp/project/experiment/results/split/attentionhead/plots/layer_19/L19H6/density_heatmap.png,/root/autodl-tmp/project/experiment/results/split/attentionhead/plots/layer_19/L19H6/decision_row.png
19,7,L19H7,/root/autodl-tmp/project/experiment/results/split/attentionhead/plots/layer_19/L19H7/mass_heatmap.png,/root/autodl-tmp/project/experiment/results/split/attentionhead/plots/layer_19/L19H7/density_heatmap.png,/root/autodl-tmp/project/experiment/results/split/attentionhead/plots/layer_19/L19H7/decision_row.png
19,8,L19H8,/root/autodl-tmp/project/experiment/results/split/attentionhead/plots/layer_19/L19H8/mass_heatmap.png,/root/autodl-tmp/project/experiment/results/split/attentionhead/plots/layer_19/L19H8/density_heatmap.png,/root/autodl-tmp/project/experiment/results/split/attentionhead/plots/layer_19/L19H8/decision_row.png
19,9,L19H9,/root/autodl-tmp/project/experiment/results/split/attentionhead/plots/layer_19/L19H9/mass_heatmap.png,/root/autodl-tmp/project/experiment/results/split/attentionhead/plots/layer_19/L19H9/density_heatmap.png,/root/autodl-tmp/project/experiment/results/split/attentionhead/plots/layer_19/L19H9/decision_row.png
19,10,L19H10,/root/autodl-tmp/project/experiment/results/split/attentionhead/plots/layer_19/L19H10/mass_heatmap.png,/root/autodl-tmp/project/experiment/results/split/attentionhead/plots/layer_19/L19H10/density_heatmap.png,/root/autodl-tmp/project/experiment/results/split/attentionhead/plots/layer_19/L19H10/decision_row.png
19,11,L19H11,/root/autodl-tmp/project/experiment/results/split/attentionhead/plots/layer_19/L19H11/mass_heatmap.png,/root/autodl-tmp/project/experiment/results/split/attentionhead/plots/layer_19/L19H11/density_heatmap.png,/root/autodl-tmp/project/experiment/results/split/attentionhead/plots/layer_19/L19H11/decision_row.png
19,12,L19H12,/root/autodl-tmp/project/experiment/results/split/attentionhead/plots/layer_19/L19H12/mass_heatmap.png,/root/autodl-tmp/project/experiment/results/split/attentionhead/plots/layer_19/L19H12/density_heatmap.png,/root/autodl-tmp/project/experiment/results/split/attentionhead/plots/layer_19/L19H12/decision_row.png
19,13,L19H13,/root/autodl-tmp/project/experiment/results/split/attentionhead/plots/layer_19/L19H13/mass_heatmap.png,/root/autodl-tmp/project/experiment/results/split/attentionhead/plots/layer_19/L19H13/density_heatmap.png,/root/autodl-tmp/project/experiment/results/split/attentionhead/plots/layer_19/L19H13/decision_row.png
19,14,L19H14,/root/autodl-tmp/project/experiment/results/split/attentionhead/plots/layer_19/L19H14/mass_heatmap.png,/root/autodl-tmp/project/experiment/results/split/attentionhead/plots/layer_19/L19H14/density_heatmap.png,/root/autodl-tmp/project/experiment/results/split/attentionhead/plots/layer_19/L19H14/decision_row.png
19,15,L19H15,/root/autodl-tmp/project/experiment/results/split/attentionhead/plots/layer_19/L19H15/mass_heatmap.png,/root/autodl-tmp/project/experiment/results/split/attentionhead/plots/layer_19/L19H15/density_heatmap.png,/root/autodl-tmp/project/experiment/results/split/attentionhead/plots/layer_19/L19H15/decision_row.png
20,0,L20H0,/root/autodl-tmp/project/experiment/results/split/attentionhead/plots/layer_20/L20H0/mass_heatmap.png,/root/autodl-tmp/project/experiment/results/split/attentionhead/plots/layer_20/L20H0/density_heatmap.png,/root/autodl-tmp/project/experiment/results/split/attentionhead/plots/layer_20/L20H0/decision_row.png
20,1,L20H1,/root/autodl-tmp/project/experiment/results/split/attentionhead/plots/layer_20/L20H1/mass_heatmap.png,/root/autodl-tmp/project/experiment/results/split/attentionhead/plots/layer_20/L20H1/density_heatmap.png,/root/autodl-tmp/project/experiment/results/split/attentionhead/plots/layer_20/L20H1/decision_row.png
20,2,L20H2,/root/autodl-tmp/project/experiment/results/split/attentionhead/plots/layer_20/L20H2/mass_heatmap.png,/root/autodl-tmp/project/experiment/results/split/attentionhead/plots/layer_20/L20H2/density_heatmap.png,/root/autodl-tmp/project/experiment/results/split/attentionhead/plots/layer_20/L20H2/decision_row.png
20,3,L20H3,/root/autodl-tmp/project/experiment/results/split/attentionhead/plots/layer_20/L20H3/mass_heatmap.png,/root/autodl-tmp/project/experiment/results/split/attentionhead/plots/layer_20/L20H3/density_heatmap.png,/root/autodl-tmp/project/experiment/results/split/attentionhead/plots/layer_20/L20H3/decision_row.png
20,4,L20H4,/root/autodl-tmp/project/experiment/results/split/attentionhead/plots/layer_20/L20H4/mass_heatmap.png,/root/autodl-tmp/project/experiment/results/split/attentionhead/plots/layer_20/L20H4/density_heatmap.png,/root/autodl-tmp/project/experiment/results/split/attentionhead/plots/layer_20/L20H4/decision_row.png
20,5,L20H5,/root/autodl-tmp/project/experiment/results/split/attentionhead/plots/layer_20/L20H5/mass_heatmap.png,/root/autodl-tmp/project/experiment/results/split/attentionhead/plots/layer_20/L20H5/density_heatmap.png,/root/autodl-tmp/project/experiment/results/split/attentionhead/plots/layer_20/L20H5/decision_row.png
20,6,L20H6,/root/autodl-tmp/project/experiment/results/split/attentionhead/plots/layer_20/L20H6/mass_heatmap.png,/root/autodl-tmp/project/experiment/results/split/attentionhead/plots/layer_20/L20H6/density_heatmap.png,/root/autodl-tmp/project/experiment/results/split/attentionhead/plots/layer_20/L20H6/decision_row.png
20,7,L20H7,/root/autodl-tmp/project/experiment/results/split/attentionhead/plots/layer_20/L20H7/mass_heatmap.png,/root/autodl-tmp/project/experiment/results/split/attentionhead/plots/layer_20/L20H7/density_heatmap.png,/root/autodl-tmp/project/experiment/results/split/attentionhead/plots/layer_20/L20H7/decision_row.png
20,8,L20H8,/root/autodl-tmp/project/experiment/results/split/attentionhead/plots/layer_20/L20H8/mass_heatmap.png,/root/autodl-tmp/project/experiment/results/split/attentionhead/plots/layer_20/L20H8/density_heatmap.png,/root/autodl-tmp/project/experiment/results/split/attentionhead/plots/layer_20/L20H8/decision_row.png
20,9,L20H9,/root/autodl-tmp/project/experiment/results/split/attentionhead/plots/layer_20/L20H9/mass_heatmap.png,/root/autodl-tmp/project/experiment/results/split/attentionhead/plots/layer_20/L20H9/density_heatmap.png,/root/autodl-tmp/project/experiment/results/split/attentionhead/plots/layer_20/L20H9/decision_row.png
20,10,L20H10,/root/autodl-tmp/project/experiment/results/split/attentionhead/plots/layer_20/L20H10/mass_heatmap.png,/root/autodl-tmp/project/experiment/results/split/attentionhead/plots/layer_20/L20H10/density_heatmap.png,/root/autodl-tmp/project/experiment/results/split/attentionhead/plots/layer_20/L20H10/decision_row.png
20,11,L20H11,/root/autodl-tmp/project/experiment/results/split/attentionhead/plots/layer_20/L20H11/mass_heatmap.png,/root/autodl-tmp/project/experiment/results/split/attentionhead/plots/layer_20/L20H11/density_heatmap.png,/root/autodl-tmp/project/experiment/results/split/attentionhead/plots/layer_20/L20H11/decision_row.png
20,12,L20H12,/root/autodl-tmp/project/experiment/results/split/attentionhead/plots/layer_20/L20H12/mass_heatmap.png,/root/autodl-tmp/project/experiment/results/split/attentionhead/plots/layer_20/L20H12/density_heatmap.png,/root/autodl-tmp/project/experiment/results/split/attentionhead/plots/layer_20/L20H12/decision_row.png
20,13,L20H13,/root/autodl-tmp/project/experiment/results/split/attentionhead/plots/layer_20/L20H13/mass_heatmap.png,/root/autodl-tmp/project/experiment/results/split/attentionhead/plots/layer_20/L20H13/density_heatmap.png,/root/autodl-tmp/project/experiment/results/split/attentionhead/plots/layer_20/L20H13/decision_row.png
20,14,L20H14,/root/autodl-tmp/project/experiment/results/split/attentionhead/plots/layer_20/L20H14/mass_heatmap.png,/root/autodl-tmp/project/experiment/results/split/attentionhead/plots/layer_20/L20H14/density_heatmap.png,/root/autodl-tmp/project/experiment/results/split/attentionhead/plots/layer_20/L20H14/decision_row.png
20,15,L20H15,/root/autodl-tmp/project/experiment/results/split/attentionhead/plots/layer_20/L20H15/mass_heatmap.png,/root/autodl-tmp/project/experiment/results/split/attentionhead/plots/layer_20/L20H15/density_heatmap.png,/root/autodl-tmp/project/experiment/results/split/attentionhead/plots/layer_20/L20H15/decision_row.png
21,0,L21H0,/root/autodl-tmp/project/experiment/results/split/attentionhead/plots/layer_21/L21H0/mass_heatmap.png,/root/autodl-tmp/project/experiment/results/split/attentionhead/plots/layer_21/L21H0/density_heatmap.png,/root/autodl-tmp/project/experiment/results/split/attentionhead/plots/layer_21/L21H0/decision_row.png
21,1,L21H1,/root/autodl-tmp/project/experiment/results/split/attentionhead/plots/layer_21/L21H1/mass_heatmap.png,/root/autodl-tmp/project/experiment/results/split/attentionhead/plots/layer_21/L21H1/density_heatmap.png,/root/autodl-tmp/project/experiment/results/split/attentionhead/plots/layer_21/L21H1/decision_row.png
21,2,L21H2,/root/autodl-tmp/project/experiment/results/split/attentionhead/plots/layer_21/L21H2/mass_heatmap.png,/root/autodl-tmp/project/experiment/results/split/attentionhead/plots/layer_21/L21H2/density_heatmap.png,/root/autodl-tmp/project/experiment/results/split/attentionhead/plots/layer_21/L21H2/decision_row.png
21,3,L21H3,/root/autodl-tmp/project/experiment/results/split/attentionhead/plots/layer_21/L21H3/mass_heatmap.png,/root/autodl-tmp/project/experiment/results/split/attentionhead/plots/layer_21/L21H3/density_heatmap.png,/root/autodl-tmp/project/experiment/results/split/attentionhead/plots/layer_21/L21H3/decision_row.png
21,4,L21H4,/root/autodl-tmp/project/experiment/results/split/attentionhead/plots/layer_21/L21H4/mass_heatmap.png,/root/autodl-tmp/project/experiment/results/split/attentionhead/plots/layer_21/L21H4/density_heatmap.png,/root/autodl-tmp/project/experiment/results/split/attentionhead/plots/layer_21/L21H4/decision_row.png
21,5,L21H5,/root/autodl-tmp/project/experiment/results/split/attentionhead/plots/layer_21/L21H5/mass_heatmap.png,/root/autodl-tmp/project/experiment/results/split/attentionhead/plots/layer_21/L21H5/density_heatmap.png,/root/autodl-tmp/project/experiment/results/split/attentionhead/plots/layer_21/L21H5/decision_row.png
21,6,L21H6,/root/autodl-tmp/project/experiment/results/split/attentionhead/plots/layer_21/L21H6/mass_heatmap.png,/root/autodl-tmp/project/experiment/results/split/attentionhead/plots/layer_21/L21H6/density_heatmap.png,/root/autodl-tmp/project/experiment/results/split/attentionhead/plots/layer_21/L21H6/decision_row.png
21,7,L21H7,/root/autodl-tmp/project/experiment/results/split/attentionhead/plots/layer_21/L21H7/mass_heatmap.png,/root/autodl-tmp/project/experiment/results/split/attentionhead/plots/layer_21/L21H7/density_heatmap.png,/root/autodl-tmp/project/experiment/results/split/attentionhead/plots/layer_21/L21H7/decision_row.png
21,8,L21H8,/root/autodl-tmp/project/experiment/results/split/attentionhead/plots/layer_21/L21H8/mass_heatmap.png,/root/autodl-tmp/project/experiment/results/split/attentionhead/plots/layer_21/L21H8/density_heatmap.png,/root/autodl-tmp/project/experiment/results/split/attentionhead/plots/layer_21/L21H8/decision_row.png
21,9,L21H9,/root/autodl-tmp/project/experiment/results/split/attentionhead/plots/layer_21/L21H9/mass_heatmap.png,/root/autodl-tmp/project/experiment/results/split/attentionhead/plots/layer_21/L21H9/density_heatmap.png,/root/autodl-tmp/project/experiment/results/split/attentionhead/plots/layer_21/L21H9/decision_row.png
21,10,L21H10,/root/autodl-tmp/project/experiment/results/split/attentionhead/plots/layer_21/L21H10/mass_heatmap.png,/root/autodl-tmp/project/experiment/results/split/attentionhead/plots/layer_21/L21H10/density_heatmap.png,/root/autodl-tmp/project/experiment/results/split/attentionhead/plots/layer_21/L21H10/decision_row.png
21,11,L21H11,/root/autodl-tmp/project/experiment/results/split/attentionhead/plots/layer_21/L21H11/mass_heatmap.png,/root/autodl-tmp/project/experiment/results/split/attentionhead/plots/layer_21/L21H11/density_heatmap.png,/root/autodl-tmp/project/experiment/results/split/attentionhead/plots/layer_21/L21H11/decision_row.png
21,12,L21H12,/root/autodl-tmp/project/experiment/results/split/attentionhead/plots/layer_21/L21H12/mass_heatmap.png,/root/autodl-tmp/project/experiment/results/split/attentionhead/plots/layer_21/L21H12/density_heatmap.png,/root/autodl-tmp/project/experiment/results/split/attentionhead/plots/layer_21/L21H12/decision_row.png
21,13,L21H13,/root/autodl-tmp/project/experiment/results/split/attentionhead/plots/layer_21/L21H13/mass_heatmap.png,/root/autodl-tmp/project/experiment/results/split/attentionhead/plots/layer_21/L21H13/density_heatmap.png,/root/autodl-tmp/project/experiment/results/split/attentionhead/plots/layer_21/L21H13/decision_row.png
21,14,L21H14,/root/autodl-tmp/project/experiment/results/split/attentionhead/plots/layer_21/L21H14/mass_heatmap.png,/root/autodl-tmp/project/experiment/results/split/attentionhead/plots/layer_21/L21H14/density_heatmap.png,/root/autodl-tmp/project/experiment/results/split/attentionhead/plots/layer_21/L21H14/decision_row.png
21,15,L21H15,/root/autodl-tmp/project/experiment/results/split/attentionhead/plots/layer_21/L21H15/mass_heatmap.png,/root/autodl-tmp/project/experiment/results/split/attentionhead/plots/layer_21/L21H15/density_heatmap.png,/root/autodl-tmp/project/experiment/results/split/attentionhead/plots/layer_21/L21H15/decision_row.png
22,0,L22H0,/root/autodl-tmp/project/experiment/results/split/attentionhead/plots/layer_22/L22H0/mass_heatmap.png,/root/autodl-tmp/project/experiment/results/split/attentionhead/plots/layer_22/L22H0/density_heatmap.png,/root/autodl-tmp/project/experiment/results/split/attentionhead/plots/layer_22/L22H0/decision_row.png
22,1,L22H1,/root/autodl-tmp/project/experiment/results/split/attentionhead/plots/layer_22/L22H1/mass_heatmap.png,/root/autodl-tmp/project/experiment/results/split/attentionhead/plots/layer_22/L22H1/density_heatmap.png,/root/autodl-tmp/project/experiment/results/split/attentionhead/plots/layer_22/L22H1/decision_row.png
22,2,L22H2,/root/autodl-tmp/project/experiment/results/split/attentionhead/plots/layer_22/L22H2/mass_heatmap.png,/root/autodl-tmp/project/experiment/results/split/attentionhead/plots/layer_22/L22H2/density_heatmap.png,/root/autodl-tmp/project/experiment/results/split/attentionhead/plots/layer_22/L22H2/decision_row.png
22,3,L22H3,/root/autodl-tmp/project/experiment/results/split/attentionhead/plots/layer_22/L22H3/mass_heatmap.png,/root/autodl-tmp/project/experiment/results/split/attentionhead/plots/layer_22/L22H3/density_heatmap.png,/root/autodl-tmp/project/experiment/results/split/attentionhead/plots/layer_22/L22H3/decision_row.png
22,4,L22H4,/root/autodl-tmp/project/experiment/results/split/attentionhead/plots/layer_22/L22H4/mass_heatmap.png,/root/autodl-tmp/project/experiment/results/split/attentionhead/plots/layer_22/L22H4/density_heatmap.png,/root/autodl-tmp/project/experiment/results/split/attentionhead/plots/layer_22/L22H4/decision_row.png
22,5,L22H5,/root/autodl-tmp/project/experiment/results/split/attentionhead/plots/layer_22/L22H5/mass_heatmap.png,/root/autodl-tmp/project/experiment/results/split/attentionhead/plots/layer_22/L22H5/density_heatmap.png,/root/autodl-tmp/project/experiment/results/split/attentionhead/plots/layer_22/L22H5/decision_row.png
22,6,L22H6,/root/autodl-tmp/project/experiment/results/split/attentionhead/plots/layer_22/L22H6/mass_heatmap.png,/root/autodl-tmp/project/experiment/results/split/attentionhead/plots/layer_22/L22H6/density_heatmap.png,/root/autodl-tmp/project/experiment/results/split/attentionhead/plots/layer_22/L22H6/decision_row.png
22,7,L22H7,/root/autodl-tmp/project/experiment/results/split/attentionhead/plots/layer_22/L22H7/mass_heatmap.png,/root/autodl-tmp/project/experiment/results/split/attentionhead/plots/layer_22/L22H7/density_heatmap.png,/root/autodl-tmp/project/experiment/results/split/attentionhead/plots/layer_22/L22H7/decision_row.png
22,8,L22H8,/root/autodl-tmp/project/experiment/results/split/attentionhead/plots/layer_22/L22H8/mass_heatmap.png,/root/autodl-tmp/project/experiment/results/split/attentionhead/plots/layer_22/L22H8/density_heatmap.png,/root/autodl-tmp/project/experiment/results/split/attentionhead/plots/layer_22/L22H8/decision_row.png
22,9,L22H9,/root/autodl-tmp/project/experiment/results/split/attentionhead/plots/layer_22/L22H9/mass_heatmap.png,/root/autodl-tmp/project/experiment/results/split/attentionhead/plots/layer_22/L22H9/density_heatmap.png,/root/autodl-tmp/project/experiment/results/split/attentionhead/plots/layer_22/L22H9/decision_row.png
22,10,L22H10,/root/autodl-tmp/project/experiment/results/split/attentionhead/plots/layer_22/L22H10/mass_heatmap.png,/root/autodl-tmp/project/experiment/results/split/attentionhead/plots/layer_22/L22H10/density_heatmap.png,/root/autodl-tmp/project/experiment/results/split/attentionhead/plots/layer_22/L22H10/decision_row.png
22,11,L22H11,/root/autodl-tmp/project/experiment/results/split/attentionhead/plots/layer_22/L22H11/mass_heatmap.png,/root/autodl-tmp/project/experiment/results/split/attentionhead/plots/layer_22/L22H11/density_heatmap.png,/root/autodl-tmp/project/experiment/results/split/attentionhead/plots/layer_22/L22H11/decision_row.png
22,12,L22H12,/root/autodl-tmp/project/experiment/results/split/attentionhead/plots/layer_22/L22H12/mass_heatmap.png,/root/autodl-tmp/project/experiment/results/split/attentionhead/plots/layer_22/L22H12/density_heatmap.png,/root/autodl-tmp/project/experiment/results/split/attentionhead/plots/layer_22/L22H12/decision_row.png
22,13,L22H13,/root/autodl-tmp/project/experiment/results/split/attentionhead/plots/layer_22/L22H13/mass_heatmap.png,/root/autodl-tmp/project/experiment/results/split/attentionhead/plots/layer_22/L22H13/density_heatmap.png,/root/autodl-tmp/project/experiment/results/split/attentionhead/plots/layer_22/L22H13/decision_row.png
22,14,L22H14,/root/autodl-tmp/project/experiment/results/split/attentionhead/plots/layer_22/L22H14/mass_heatmap.png,/root/autodl-tmp/project/experiment/results/split/attentionhead/plots/layer_22/L22H14/density_heatmap.png,/root/autodl-tmp/project/experiment/results/split/attentionhead/plots/layer_22/L22H14/decision_row.png
22,15,L22H15,/root/autodl-tmp/project/experiment/results/split/attentionhead/plots/layer_22/L22H15/mass_heatmap.png,/root/autodl-tmp/project/experiment/results/split/attentionhead/plots/layer_22/L22H15/density_heatmap.png,/root/autodl-tmp/project/experiment/results/split/attentionhead/plots/layer_22/L22H15/decision_row.png
23,0,L23H0,/root/autodl-tmp/project/experiment/results/split/attentionhead/plots/layer_23/L23H0/mass_heatmap.png,/root/autodl-tmp/project/experiment/results/split/attentionhead/plots/layer_23/L23H0/density_heatmap.png,/root/autodl-tmp/project/experiment/results/split/attentionhead/plots/layer_23/L23H0/decision_row.png
23,1,L23H1,/root/autodl-tmp/project/experiment/results/split/attentionhead/plots/layer_23/L23H1/mass_heatmap.png,/root/autodl-tmp/project/experiment/results/split/attentionhead/plots/layer_23/L23H1/density_heatmap.png,/root/autodl-tmp/project/experiment/results/split/attentionhead/plots/layer_23/L23H1/decision_row.png
23,2,L23H2,/root/autodl-tmp/project/experiment/results/split/attentionhead/plots/layer_23/L23H2/mass_heatmap.png,/root/autodl-tmp/project/experiment/results/split/attentionhead/plots/layer_23/L23H2/density_heatmap.png,/root/autodl-tmp/project/experiment/results/split/attentionhead/plots/layer_23/L23H2/decision_row.png
23,3,L23H3,/root/autodl-tmp/project/experiment/results/split/attentionhead/plots/layer_23/L23H3/mass_heatmap.png,/root/autodl-tmp/project/experiment/results/split/attentionhead/plots/layer_23/L23H3/density_heatmap.png,/root/autodl-tmp/project/experiment/results/split/attentionhead/plots/layer_23/L23H3/decision_row.png
23,4,L23H4,/root/autodl-tmp/project/experiment/results/split/attentionhead/plots/layer_23/L23H4/mass_heatmap.png,/root/autodl-tmp/project/experiment/results/split/attentionhead/plots/layer_23/L23H4/density_heatmap.png,/root/autodl-tmp/project/experiment/results/split/attentionhead/plots/layer_23/L23H4/decision_row.png
23,5,L23H5,/root/autodl-tmp/project/experiment/results/split/attentionhead/plots/layer_23/L23H5/mass_heatmap.png,/root/autodl-tmp/project/experiment/results/split/attentionhead/plots/layer_23/L23H5/density_heatmap.png,/root/autodl-tmp/project/experiment/results/split/attentionhead/plots/layer_23/L23H5/decision_row.png
23,6,L23H6,/root/autodl-tmp/project/experiment/results/split/attentionhead/plots/layer_23/L23H6/mass_heatmap.png,/root/autodl-tmp/project/experiment/results/split/attentionhead/plots/layer_23/L23H6/density_heatmap.png,/root/autodl-tmp/project/experiment/results/split/attentionhead/plots/layer_23/L23H6/decision_row.png
23,7,L23H7,/root/autodl-tmp/project/experiment/results/split/attentionhead/plots/layer_23/L23H7/mass_heatmap.png,/root/autodl-tmp/project/experiment/results/split/attentionhead/plots/layer_23/L23H7/density_heatmap.png,/root/autodl-tmp/project/experiment/results/split/attentionhead/plots/layer_23/L23H7/decision_row.png
23,8,L23H8,/root/autodl-tmp/project/experiment/results/split/attentionhead/plots/layer_23/L23H8/mass_heatmap.png,/root/autodl-tmp/project/experiment/results/split/attentionhead/plots/layer_23/L23H8/density_heatmap.png,/root/autodl-tmp/project/experiment/results/split/attentionhead/plots/layer_23/L23H8/decision_row.png
23,9,L23H9,/root/autodl-tmp/project/experiment/results/split/attentionhead/plots/layer_23/L23H9/mass_heatmap.png,/root/autodl-tmp/project/experiment/results/split/attentionhead/plots/layer_23/L23H9/density_heatmap.png,/root/autodl-tmp/project/experiment/results/split/attentionhead/plots/layer_23/L23H9/decision_row.png
23,10,L23H10,/root/autodl-tmp/project/experiment/results/split/attentionhead/plots/layer_23/L23H10/mass_heatmap.png,/root/autodl-tmp/project/experiment/results/split/attentionhead/plots/layer_23/L23H10/density_heatmap.png,/root/autodl-tmp/project/experiment/results/split/attentionhead/plots/layer_23/L23H10/decision_row.png
23,11,L23H11,/root/autodl-tmp/project/experiment/results/split/attentionhead/plots/layer_23/L23H11/mass_heatmap.png,/root/autodl-tmp/project/experiment/results/split/attentionhead/plots/layer_23/L23H11/density_heatmap.png,/root/autodl-tmp/project/experiment/results/split/attentionhead/plots/layer_23/L23H11/decision_row.png
23,12,L23H12,/root/autodl-tmp/project/experiment/results/split/attentionhead/plots/layer_23/L23H12/mass_heatmap.png,/root/autodl-tmp/project/experiment/results/split/attentionhead/plots/layer_23/L23H12/density_heatmap.png,/root/autodl-tmp/project/experiment/results/split/attentionhead/plots/layer_23/L23H12/decision_row.png
23,13,L23H13,/root/autodl-tmp/project/experiment/results/split/attentionhead/plots/layer_23/L23H13/mass_heatmap.png,/root/autodl-tmp/project/experiment/results/split/attentionhead/plots/layer_23/L23H13/density_heatmap.png,/root/autodl-tmp/project/experiment/results/split/attentionhead/plots/layer_23/L23H13/decision_row.png
23,14,L23H14,/root/autodl-tmp/project/experiment/results/split/attentionhead/plots/layer_23/L23H14/mass_heatmap.png,/root/autodl-tmp/project/experiment/results/split/attentionhead/plots/layer_23/L23H14/density_heatmap.png,/root/autodl-tmp/project/experiment/results/split/attentionhead/plots/layer_23/L23H14/decision_row.png
23,15,L23H15,/root/autodl-tmp/project/experiment/results/split/attentionhead/plots/layer_23/L23H15/mass_heatmap.png,/root/autodl-tmp/project/experiment/results/split/attentionhead/plots/layer_23/L23H15/density_heatmap.png,/root/autodl-tmp/project/experiment/results/split/attentionhead/plots/layer_23/L23H15/decision_row.png
24,0,L24H0,/root/autodl-tmp/project/experiment/results/split/attentionhead/plots/layer_24/L24H0/mass_heatmap.png,/root/autodl-tmp/project/experiment/results/split/attentionhead/plots/layer_24/L24H0/density_heatmap.png,/root/autodl-tmp/project/experiment/results/split/attentionhead/plots/layer_24/L24H0/decision_row.png
24,1,L24H1,/root/autodl-tmp/project/experiment/results/split/attentionhead/plots/layer_24/L24H1/mass_heatmap.png,/root/autodl-tmp/project/experiment/results/split/attentionhead/plots/layer_24/L24H1/density_heatmap.png,/root/autodl-tmp/project/experiment/results/split/attentionhead/plots/layer_24/L24H1/decision_row.png
24,2,L24H2,/root/autodl-tmp/project/experiment/results/split/attentionhead/plots/layer_24/L24H2/mass_heatmap.png,/root/autodl-tmp/project/experiment/results/split/attentionhead/plots/layer_24/L24H2/density_heatmap.png,/root/autodl-tmp/project/experiment/results/split/attentionhead/plots/layer_24/L24H2/decision_row.png
24,3,L24H3,/root/autodl-tmp/project/experiment/results/split/attentionhead/plots/layer_24/L24H3/mass_heatmap.png,/root/autodl-tmp/project/experiment/results/split/attentionhead/plots/layer_24/L24H3/density_heatmap.png,/root/autodl-tmp/project/experiment/results/split/attentionhead/plots/layer_24/L24H3/decision_row.png
24,4,L24H4,/root/autodl-tmp/project/experiment/results/split/attentionhead/plots/layer_24/L24H4/mass_heatmap.png,/root/autodl-tmp/project/experiment/results/split/attentionhead/plots/layer_24/L24H4/density_heatmap.png,/root/autodl-tmp/project/experiment/results/split/attentionhead/plots/layer_24/L24H4/decision_row.png
24,5,L24H5,/root/autodl-tmp/project/experiment/results/split/attentionhead/plots/layer_24/L24H5/mass_heatmap.png,/root/autodl-tmp/project/experiment/results/split/attentionhead/plots/layer_24/L24H5/density_heatmap.png,/root/autodl-tmp/project/experiment/results/split/attentionhead/plots/layer_24/L24H5/decision_row.png
24,6,L24H6,/root/autodl-tmp/project/experiment/results/split/attentionhead/plots/layer_24/L24H6/mass_heatmap.png,/root/autodl-tmp/project/experiment/results/split/attentionhead/plots/layer_24/L24H6/density_heatmap.png,/root/autodl-tmp/project/experiment/results/split/attentionhead/plots/layer_24/L24H6/decision_row.png
24,7,L24H7,/root/autodl-tmp/project/experiment/results/split/attentionhead/plots/layer_24/L24H7/mass_heatmap.png,/root/autodl-tmp/project/experiment/results/split/attentionhead/plots/layer_24/L24H7/density_heatmap.png,/root/autodl-tmp/project/experiment/results/split/attentionhead/plots/layer_24/L24H7/decision_row.png
24,8,L24H8,/root/autodl-tmp/project/experiment/results/split/attentionhead/plots/layer_24/L24H8/mass_heatmap.png,/root/autodl-tmp/project/experiment/results/split/attentionhead/plots/layer_24/L24H8/density_heatmap.png,/root/autodl-tmp/project/experiment/results/split/attentionhead/plots/layer_24/L24H8/decision_row.png
24,9,L24H9,/root/autodl-tmp/project/experiment/results/split/attentionhead/plots/layer_24/L24H9/mass_heatmap.png,/root/autodl-tmp/project/experiment/results/split/attentionhead/plots/layer_24/L24H9/density_heatmap.png,/root/autodl-tmp/project/experiment/results/split/attentionhead/plots/layer_24/L24H9/decision_row.png
24,10,L24H10,/root/autodl-tmp/project/experiment/results/split/attentionhead/plots/layer_24/L24H10/mass_heatmap.png,/root/autodl-tmp/project/experiment/results/split/attentionhead/plots/layer_24/L24H10/density_heatmap.png,/root/autodl-tmp/project/experiment/results/split/attentionhead/plots/layer_24/L24H10/decision_row.png
24,11,L24H11,/root/autodl-tmp/project/experiment/results/split/attentionhead/plots/layer_24/L24H11/mass_heatmap.png,/root/autodl-tmp/project/experiment/results/split/attentionhead/plots/layer_24/L24H11/density_heatmap.png,/root/autodl-tmp/project/experiment/results/split/attentionhead/plots/layer_24/L24H11/decision_row.png
24,12,L24H12,/root/autodl-tmp/project/experiment/results/split/attentionhead/plots/layer_24/L24H12/mass_heatmap.png,/root/autodl-tmp/project/experiment/results/split/attentionhead/plots/layer_24/L24H12/density_heatmap.png,/root/autodl-tmp/project/experiment/results/split/attentionhead/plots/layer_24/L24H12/decision_row.png
24,13,L24H13,/root/autodl-tmp/project/experiment/results/split/attentionhead/plots/layer_24/L24H13/mass_heatmap.png,/root/autodl-tmp/project/experiment/results/split/attentionhead/plots/layer_24/L24H13/density_heatmap.png,/root/autodl-tmp/project/experiment/results/split/attentionhead/plots/layer_24/L24H13/decision_row.png
24,14,L24H14,/root/autodl-tmp/project/experiment/results/split/attentionhead/plots/layer_24/L24H14/mass_heatmap.png,/root/autodl-tmp/project/experiment/results/split/attentionhead/plots/layer_24/L24H14/density_heatmap.png,/root/autodl-tmp/project/experiment/results/split/attentionhead/plots/layer_24/L24H14/decision_row.png
24,15,L24H15,/root/autodl-tmp/project/experiment/results/split/attentionhead/plots/layer_24/L24H15/mass_heatmap.png,/root/autodl-tmp/project/experiment/results/split/attentionhead/plots/layer_24/L24H15/density_heatmap.png,/root/autodl-tmp/project/experiment/results/split/attentionhead/plots/layer_24/L24H15/decision_row.png
25,0,L25H0,/root/autodl-tmp/project/experiment/results/split/attentionhead/plots/layer_25/L25H0/mass_heatmap.png,/root/autodl-tmp/project/experiment/results/split/attentionhead/plots/layer_25/L25H0/density_heatmap.png,/root/autodl-tmp/project/experiment/results/split/attentionhead/plots/layer_25/L25H0/decision_row.png
25,1,L25H1,/root/autodl-tmp/project/experiment/results/split/attentionhead/plots/layer_25/L25H1/mass_heatmap.png,/root/autodl-tmp/project/experiment/results/split/attentionhead/plots/layer_25/L25H1/density_heatmap.png,/root/autodl-tmp/project/experiment/results/split/attentionhead/plots/layer_25/L25H1/decision_row.png
25,2,L25H2,/root/autodl-tmp/project/experiment/results/split/attentionhead/plots/layer_25/L25H2/mass_heatmap.png,/root/autodl-tmp/project/experiment/results/split/attentionhead/plots/layer_25/L25H2/density_heatmap.png,/root/autodl-tmp/project/experiment/results/split/attentionhead/plots/layer_25/L25H2/decision_row.png
25,3,L25H3,/root/autodl-tmp/project/experiment/results/split/attentionhead/plots/layer_25/L25H3/mass_heatmap.png,/root/autodl-tmp/project/experiment/results/split/attentionhead/plots/layer_25/L25H3/density_heatmap.png,/root/autodl-tmp/project/experiment/results/split/attentionhead/plots/layer_25/L25H3/decision_row.png
25,4,L25H4,/root/autodl-tmp/project/experiment/results/split/attentionhead/plots/layer_25/L25H4/mass_heatmap.png,/root/autodl-tmp/project/experiment/results/split/attentionhead/plots/layer_25/L25H4/density_heatmap.png,/root/autodl-tmp/project/experiment/results/split/attentionhead/plots/layer_25/L25H4/decision_row.png
25,5,L25H5,/root/autodl-tmp/project/experiment/results/split/attentionhead/plots/layer_25/L25H5/mass_heatmap.png,/root/autodl-tmp/project/experiment/results/split/attentionhead/plots/layer_25/L25H5/density_heatmap.png,/root/autodl-tmp/project/experiment/results/split/attentionhead/plots/layer_25/L25H5/decision_row.png
25,6,L25H6,/root/autodl-tmp/project/experiment/results/split/attentionhead/plots/layer_25/L25H6/mass_heatmap.png,/root/autodl-tmp/project/experiment/results/split/attentionhead/plots/layer_25/L25H6/density_heatmap.png,/root/autodl-tmp/project/experiment/results/split/attentionhead/plots/layer_25/L25H6/decision_row.png
25,7,L25H7,/root/autodl-tmp/project/experiment/results/split/attentionhead/plots/layer_25/L25H7/mass_heatmap.png,/root/autodl-tmp/project/experiment/results/split/attentionhead/plots/layer_25/L25H7/density_heatmap.png,/root/autodl-tmp/project/experiment/results/split/attentionhead/plots/layer_25/L25H7/decision_row.png
25,8,L25H8,/root/autodl-tmp/project/experiment/results/split/attentionhead/plots/layer_25/L25H8/mass_heatmap.png,/root/autodl-tmp/project/experiment/results/split/attentionhead/plots/layer_25/L25H8/density_heatmap.png,/root/autodl-tmp/project/experiment/results/split/attentionhead/plots/layer_25/L25H8/decision_row.png
25,9,L25H9,/root/autodl-tmp/project/experiment/results/split/attentionhead/plots/layer_25/L25H9/mass_heatmap.png,/root/autodl-tmp/project/experiment/results/split/attentionhead/plots/layer_25/L25H9/density_heatmap.png,/root/autodl-tmp/project/experiment/results/split/attentionhead/plots/layer_25/L25H9/decision_row.png
25,10,L25H10,/root/autodl-tmp/project/experiment/results/split/attentionhead/plots/layer_25/L25H10/mass_heatmap.png,/root/autodl-tmp/project/experiment/results/split/attentionhead/plots/layer_25/L25H10/density_heatmap.png,/root/autodl-tmp/project/experiment/results/split/attentionhead/plots/layer_25/L25H10/decision_row.png
25,11,L25H11,/root/autodl-tmp/project/experiment/results/split/attentionhead/plots/layer_25/L25H11/mass_heatmap.png,/root/autodl-tmp/project/experiment/results/split/attentionhead/plots/layer_25/L25H11/density_heatmap.png,/root/autodl-tmp/project/experiment/results/split/attentionhead/plots/layer_25/L25H11/decision_row.png
25,12,L25H12,/root/autodl-tmp/project/experiment/results/split/attentionhead/plots/layer_25/L25H12/mass_heatmap.png,/root/autodl-tmp/project/experiment/results/split/attentionhead/plots/layer_25/L25H12/density_heatmap.png,/root/autodl-tmp/project/experiment/results/split/attentionhead/plots/layer_25/L25H12/decision_row.png
25,13,L25H13,/root/autodl-tmp/project/experiment/results/split/attentionhead/plots/layer_25/L25H13/mass_heatmap.png,/root/autodl-tmp/project/experiment/results/split/attentionhead/plots/layer_25/L25H13/density_heatmap.png,/root/autodl-tmp/project/experiment/results/split/attentionhead/plots/layer_25/L25H13/decision_row.png
25,14,L25H14,/root/autodl-tmp/project/experiment/results/split/attentionhead/plots/layer_25/L25H14/mass_heatmap.png,/root/autodl-tmp/project/experiment/results/split/attentionhead/plots/layer_25/L25H14/density_heatmap.png,/root/autodl-tmp/project/experiment/results/split/attentionhead/plots/layer_25/L25H14/decision_row.png
25,15,L25H15,/root/autodl-tmp/project/experiment/results/split/attentionhead/plots/layer_25/L25H15/mass_heatmap.png,/root/autodl-tmp/project/experiment/results/split/attentionhead/plots/layer_25/L25H15/density_heatmap.png,/root/autodl-tmp/project/experiment/results/split/attentionhead/plots/layer_25/L25H15/decision_row.png
26,0,L26H0,/root/autodl-tmp/project/experiment/results/split/attentionhead/plots/layer_26/L26H0/mass_heatmap.png,/root/autodl-tmp/project/experiment/results/split/attentionhead/plots/layer_26/L26H0/density_heatmap.png,/root/autodl-tmp/project/experiment/results/split/attentionhead/plots/layer_26/L26H0/decision_row.png
26,1,L26H1,/root/autodl-tmp/project/experiment/results/split/attentionhead/plots/layer_26/L26H1/mass_heatmap.png,/root/autodl-tmp/project/experiment/results/split/attentionhead/plots/layer_26/L26H1/density_heatmap.png,/root/autodl-tmp/project/experiment/results/split/attentionhead/plots/layer_26/L26H1/decision_row.png
26,2,L26H2,/root/autodl-tmp/project/experiment/results/split/attentionhead/plots/layer_26/L26H2/mass_heatmap.png,/root/autodl-tmp/project/experiment/results/split/attentionhead/plots/layer_26/L26H2/density_heatmap.png,/root/autodl-tmp/project/experiment/results/split/attentionhead/plots/layer_26/L26H2/decision_row.png
26,3,L26H3,/root/autodl-tmp/project/experiment/results/split/attentionhead/plots/layer_26/L26H3/mass_heatmap.png,/root/autodl-tmp/project/experiment/results/split/attentionhead/plots/layer_26/L26H3/density_heatmap.png,/root/autodl-tmp/project/experiment/results/split/attentionhead/plots/layer_26/L26H3/decision_row.png
26,4,L26H4,/root/autodl-tmp/project/experiment/results/split/attentionhead/plots/layer_26/L26H4/mass_heatmap.png,/root/autodl-tmp/project/experiment/results/split/attentionhead/plots/layer_26/L26H4/density_heatmap.png,/root/autodl-tmp/project/experiment/results/split/attentionhead/plots/layer_26/L26H4/decision_row.png
26,5,L26H5,/root/autodl-tmp/project/experiment/results/split/attentionhead/plots/layer_26/L26H5/mass_heatmap.png,/root/autodl-tmp/project/experiment/results/split/attentionhead/plots/layer_26/L26H5/density_heatmap.png,/root/autodl-tmp/project/experiment/results/split/attentionhead/plots/layer_26/L26H5/decision_row.png
26,6,L26H6,/root/autodl-tmp/project/experiment/results/split/attentionhead/plots/layer_26/L26H6/mass_heatmap.png,/root/autodl-tmp/project/experiment/results/split/attentionhead/plots/layer_26/L26H6/density_heatmap.png,/root/autodl-tmp/project/experiment/results/split/attentionhead/plots/layer_26/L26H6/decision_row.png
26,7,L26H7,/root/autodl-tmp/project/experiment/results/split/attentionhead/plots/layer_26/L26H7/mass_heatmap.png,/root/autodl-tmp/project/experiment/results/split/attentionhead/plots/layer_26/L26H7/density_heatmap.png,/root/autodl-tmp/project/experiment/results/split/attentionhead/plots/layer_26/L26H7/decision_row.png
26,8,L26H8,/root/autodl-tmp/project/experiment/results/split/attentionhead/plots/layer_26/L26H8/mass_heatmap.png,/root/autodl-tmp/project/experiment/results/split/attentionhead/plots/layer_26/L26H8/density_heatmap.png,/root/autodl-tmp/project/experiment/results/split/attentionhead/plots/layer_26/L26H8/decision_row.png
26,9,L26H9,/root/autodl-tmp/project/experiment/results/split/attentionhead/plots/layer_26/L26H9/mass_heatmap.png,/root/autodl-tmp/project/experiment/results/split/attentionhead/plots/layer_26/L26H9/density_heatmap.png,/root/autodl-tmp/project/experiment/results/split/attentionhead/plots/layer_26/L26H9/decision_row.png
26,10,L26H10,/root/autodl-tmp/project/experiment/results/split/attentionhead/plots/layer_26/L26H10/mass_heatmap.png,/root/autodl-tmp/project/experiment/results/split/attentionhead/plots/layer_26/L26H10/density_heatmap.png,/root/autodl-tmp/project/experiment/results/split/attentionhead/plots/layer_26/L26H10/decision_row.png
26,11,L26H11,/root/autodl-tmp/project/experiment/results/split/attentionhead/plots/layer_26/L26H11/mass_heatmap.png,/root/autodl-tmp/project/experiment/results/split/attentionhead/plots/layer_26/L26H11/density_heatmap.png,/root/autodl-tmp/project/experiment/results/split/attentionhead/plots/layer_26/L26H11/decision_row.png
26,12,L26H12,/root/autodl-tmp/project/experiment/results/split/attentionhead/plots/layer_26/L26H12/mass_heatmap.png,/root/autodl-tmp/project/experiment/results/split/attentionhead/plots/layer_26/L26H12/density_heatmap.png,/root/autodl-tmp/project/experiment/results/split/attentionhead/plots/layer_26/L26H12/decision_row.png
26,13,L26H13,/root/autodl-tmp/project/experiment/results/split/attentionhead/plots/layer_26/L26H13/mass_heatmap.png,/root/autodl-tmp/project/experiment/results/split/attentionhead/plots/layer_26/L26H13/density_heatmap.png,/root/autodl-tmp/project/experiment/results/split/attentionhead/plots/layer_26/L26H13/decision_row.png
26,14,L26H14,/root/autodl-tmp/project/experiment/results/split/attentionhead/plots/layer_26/L26H14/mass_heatmap.png,/root/autodl-tmp/project/experiment/results/split/attentionhead/plots/layer_26/L26H14/density_heatmap.png,/root/autodl-tmp/project/experiment/results/split/attentionhead/plots/layer_26/L26H14/decision_row.png
26,15,L26H15,/root/autodl-tmp/project/experiment/results/split/attentionhead/plots/layer_26/L26H15/mass_heatmap.png,/root/autodl-tmp/project/experiment/results/split/attentionhead/plots/layer_26/L26H15/density_heatmap.png,/root/autodl-tmp/project/experiment/results/split/attentionhead/plots/layer_26/L26H15/decision_row.png
27,0,L27H0,/root/autodl-tmp/project/experiment/results/split/attentionhead/plots/layer_27/L27H0/mass_heatmap.png,/root/autodl-tmp/project/experiment/results/split/attentionhead/plots/layer_27/L27H0/density_heatmap.png,/root/autodl-tmp/project/experiment/results/split/attentionhead/plots/layer_27/L27H0/decision_row.png
27,1,L27H1,/root/autodl-tmp/project/experiment/results/split/attentionhead/plots/layer_27/L27H1/mass_heatmap.png,/root/autodl-tmp/project/experiment/results/split/attentionhead/plots/layer_27/L27H1/density_heatmap.png,/root/autodl-tmp/project/experiment/results/split/attentionhead/plots/layer_27/L27H1/decision_row.png
27,2,L27H2,/root/autodl-tmp/project/experiment/results/split/attentionhead/plots/layer_27/L27H2/mass_heatmap.png,/root/autodl-tmp/project/experiment/results/split/attentionhead/plots/layer_27/L27H2/density_heatmap.png,/root/autodl-tmp/project/experiment/results/split/attentionhead/plots/layer_27/L27H2/decision_row.png
27,3,L27H3,/root/autodl-tmp/project/experiment/results/split/attentionhead/plots/layer_27/L27H3/mass_heatmap.png,/root/autodl-tmp/project/experiment/results/split/attentionhead/plots/layer_27/L27H3/density_heatmap.png,/root/autodl-tmp/project/experiment/results/split/attentionhead/plots/layer_27/L27H3/decision_row.png
27,4,L27H4,/root/autodl-tmp/project/experiment/results/split/attentionhead/plots/layer_27/L27H4/mass_heatmap.png,/root/autodl-tmp/project/experiment/results/split/attentionhead/plots/layer_27/L27H4/density_heatmap.png,/root/autodl-tmp/project/experiment/results/split/attentionhead/plots/layer_27/L27H4/decision_row.png
27,5,L27H5,/root/autodl-tmp/project/experiment/results/split/attentionhead/plots/layer_27/L27H5/mass_heatmap.png,/root/autodl-tmp/project/experiment/results/split/attentionhead/plots/layer_27/L27H5/density_heatmap.png,/root/autodl-tmp/project/experiment/results/split/attentionhead/plots/layer_27/L27H5/decision_row.png
27,6,L27H6,/root/autodl-tmp/project/experiment/results/split/attentionhead/plots/layer_27/L27H6/mass_heatmap.png,/root/autodl-tmp/project/experiment/results/split/attentionhead/plots/layer_27/L27H6/density_heatmap.png,/root/autodl-tmp/project/experiment/results/split/attentionhead/plots/layer_27/L27H6/decision_row.png
27,7,L27H7,/root/autodl-tmp/project/experiment/results/split/attentionhead/plots/layer_27/L27H7/mass_heatmap.png,/root/autodl-tmp/project/experiment/results/split/attentionhead/plots/layer_27/L27H7/density_heatmap.png,/root/autodl-tmp/project/experiment/results/split/attentionhead/plots/layer_27/L27H7/decision_row.png
27,8,L27H8,/root/autodl-tmp/project/experiment/results/split/attentionhead/plots/layer_27/L27H8/mass_heatmap.png,/root/autodl-tmp/project/experiment/results/split/attentionhead/plots/layer_27/L27H8/density_heatmap.png,/root/autodl-tmp/project/experiment/results/split/attentionhead/plots/layer_27/L27H8/decision_row.png
27,9,L27H9,/root/autodl-tmp/project/experiment/results/split/attentionhead/plots/layer_27/L27H9/mass_heatmap.png,/root/autodl-tmp/project/experiment/results/split/attentionhead/plots/layer_27/L27H9/density_heatmap.png,/root/autodl-tmp/project/experiment/results/split/attentionhead/plots/layer_27/L27H9/decision_row.png
27,10,L27H10,/root/autodl-tmp/project/experiment/results/split/attentionhead/plots/layer_27/L27H10/mass_heatmap.png,/root/autodl-tmp/project/experiment/results/split/attentionhead/plots/layer_27/L27H10/density_heatmap.png,/root/autodl-tmp/project/experiment/results/split/attentionhead/plots/layer_27/L27H10/decision_row.png
27,11,L27H11,/root/autodl-tmp/project/experiment/results/split/attentionhead/plots/layer_27/L27H11/mass_heatmap.png,/root/autodl-tmp/project/experiment/results/split/attentionhead/plots/layer_27/L27H11/density_heatmap.png,/root/autodl-tmp/project/experiment/results/split/attentionhead/plots/layer_27/L27H11/decision_row.png
27,12,L27H12,/root/autodl-tmp/project/experiment/results/split/attentionhead/plots/layer_27/L27H12/mass_heatmap.png,/root/autodl-tmp/project/experiment/results/split/attentionhead/plots/layer_27/L27H12/density_heatmap.png,/root/autodl-tmp/project/experiment/results/split/attentionhead/plots/layer_27/L27H12/decision_row.png
27,13,L27H13,/root/autodl-tmp/project/experiment/results/split/attentionhead/plots/layer_27/L27H13/mass_heatmap.png,/root/autodl-tmp/project/experiment/results/split/attentionhead/plots/layer_27/L27H13/density_heatmap.png,/root/autodl-tmp/project/experiment/results/split/attentionhead/plots/layer_27/L27H13/decision_row.png
27,14,L27H14,/root/autodl-tmp/project/experiment/results/split/attentionhead/plots/layer_27/L27H14/mass_heatmap.png,/root/autodl-tmp/project/experiment/results/split/attentionhead/plots/layer_27/L27H14/density_heatmap.png,/root/autodl-tmp/project/experiment/results/split/attentionhead/plots/layer_27/L27H14/decision_row.png
27,15,L27H15,/root/autodl-tmp/project/experiment/results/split/attentionhead/plots/layer_27/L27H15/mass_heatmap.png,/root/autodl-tmp/project/experiment/results/split/attentionhead/plots/layer_27/L27H15/density_heatmap.png,/root/autodl-tmp/project/experiment/results/split/attentionhead/plots/layer_27/L27H15/decision_row.png
