sample_id,base_variant,step_idx,node,rescue_ratio,top1_is_tool,boundary_flip
apps_python_1,clean_no_schema,1,L21H12,0.08031674208144797,True,True
apps_python_1,clean_no_schema,2,MLP27,0.07239819004524888,True,True
apps_python_1,clean_schema_mismatch,1,L21H12,0.9785067873303167,False,False
apps_python_1,clean_schema_mismatch,2,MLP27,1.1787330316742082,True,True
apps_python_1,clean_no_protocol,1,L21H12,2.009049773755656,False,False
apps_python_1,clean_no_protocol,2,MLP27,2.81447963800905,False,False
codecontests_cpp_1,clean_no_schema,1,L21H12,0.33903301886792453,True,True
codecontests_cpp_1,clean_no_schema,2,MLP27,0.3508991745283019,True,True
codecontests_cpp_1,clean_schema_mismatch,1,L21H12,1.0268278301886793,True,True
codecontests_cpp_1,clean_schema_mismatch,2,MLP27,1.0613760318396226,True,True
codecontests_cpp_1,clean_no_protocol,1,L21H12,1.721698113207547,False,False
codecontests_cpp_1,clean_no_protocol,2,MLP27,2.126179245283019,True,True
codecontests_java_1,clean_no_schema,1,L21H12,0.7781711822660099,True,True
codecontests_java_1,clean_no_schema,2,MLP27,0.8038023399014779,True,True
codecontests_java_1,clean_schema_mismatch,1,L21H12,1.0224753694581281,True,True
codecontests_java_1,clean_schema_mismatch,2,MLP27,1.0530999846059113,True,True
codecontests_java_1,clean_no_protocol,1,L21H12,0.6865763546798029,False,False
codecontests_java_1,clean_no_protocol,2,MLP27,0.8005214747536946,True,True
mbpp_python_1,clean_no_schema,1,L21H12,0.02217371323529412,True,True
mbpp_python_1,clean_no_schema,2,MLP27,-0.0044424019607843136,True,True
mbpp_python_1,clean_schema_mismatch,1,L21H12,0.9387254901960784,False,False
mbpp_python_1,clean_schema_mismatch,2,MLP27,1.3504901960784315,True,True
mbpp_python_1,clean_no_protocol,1,L21H12,2.784313725490196,False,False
mbpp_python_1,clean_no_protocol,2,MLP27,4.681372549019608,False,False
codecontests_java_2,clean_no_schema,1,L21H12,0.6108217592592593,True,True
codecontests_java_2,clean_no_schema,2,MLP27,0.6635561342592593,True,True
codecontests_java_2,clean_schema_mismatch,1,L21H12,0.3169849537037037,True,True
codecontests_java_2,clean_schema_mismatch,2,MLP27,0.3470052083333333,True,True
codecontests_java_2,clean_no_protocol,1,L21H12,1.787037037037037,False,False
codecontests_java_2,clean_no_protocol,2,MLP27,2.829861111111111,False,False
codecontests_cpp_3,clean_no_schema,1,L21H12,1.0081967213114753,False,False
codecontests_cpp_3,clean_no_schema,2,MLP27,1.410860655737705,True,True
codecontests_cpp_3,clean_schema_mismatch,1,L21H12,1.5102459016393444,False,False
codecontests_cpp_3,clean_schema_mismatch,2,MLP27,1.9813012295081966,True,True
codecontests_cpp_3,clean_no_protocol,1,L21H12,2.3852459016393444,False,False
codecontests_cpp_3,clean_no_protocol,2,MLP27,3.7879098360655736,False,False
codecontests_java_3,clean_no_schema,1,L21H12,1.179054054054054,False,False
codecontests_java_3,clean_no_schema,2,MLP27,1.262352195945946,True,True
codecontests_java_3,clean_schema_mismatch,1,L21H12,0.20964421452702703,True,True
codecontests_java_3,clean_schema_mismatch,2,MLP27,0.21173260663006757,True,True
codecontests_java_3,clean_no_protocol,1,L21H12,0.738597972972973,False,True
codecontests_java_3,clean_no_protocol,2,MLP27,0.8256967905405406,True,True
apps_python_4,clean_no_schema,1,L21H12,0.0037447133458646618,True,True
apps_python_4,clean_no_schema,2,MLP27,0.0029517152255639097,True,True
apps_python_4,clean_schema_mismatch,1,L21H12,1.1541353383458646,True,True
apps_python_4,clean_schema_mismatch,2,MLP27,1.21875,True,True
apps_python_4,clean_no_protocol,1,L21H12,2.8646616541353382,False,False
apps_python_4,clean_no_protocol,2,MLP27,3.6109022556390977,True,True
codecontests_cpp_4,clean_no_schema,1,L21H12,0.37454379562043794,False,True
codecontests_cpp_4,clean_no_schema,2,MLP27,0.43156934306569344,True,True
codecontests_cpp_4,clean_schema_mismatch,1,L21H12,1.135036496350365,False,False
codecontests_cpp_4,clean_schema_mismatch,2,MLP27,1.4457116788321167,True,True
codecontests_cpp_4,clean_no_protocol,1,L21H12,1.0182481751824817,False,False
codecontests_cpp_4,clean_no_protocol,2,MLP27,1.5773266423357664,True,True
codecontests_java_4,clean_no_schema,1,L21H12,0.4694406077348066,True,True
codecontests_java_4,clean_no_schema,2,MLP27,0.506042817679558,True,True
codecontests_java_4,clean_schema_mismatch,1,L21H12,0.05973756906077348,True,True
codecontests_java_4,clean_schema_mismatch,2,MLP27,0.060933993007596686,True,True
codecontests_java_4,clean_no_protocol,1,L21H12,0.8715469613259669,False,False
codecontests_java_4,clean_no_protocol,2,MLP27,1.1097203038674033,True,True
mbpp_python_4,clean_no_schema,1,L21H12,0.04248991935483871,True,True
mbpp_python_4,clean_no_schema,2,MLP27,0.004435483870967742,True,True
mbpp_python_4,clean_schema_mismatch,1,L21H12,1.010282258064516,True,True
mbpp_python_4,clean_schema_mismatch,2,MLP27,1.0372983870967742,True,True
mbpp_python_4,clean_no_protocol,1,L21H12,1.7161290322580645,False,False
mbpp_python_4,clean_no_protocol,2,MLP27,2.3516129032258064,False,False
apps_python_5,clean_no_schema,1,L21H12,0.2050438596491228,False,False
apps_python_5,clean_no_schema,2,MLP27,0.19517543859649122,False,False
apps_python_5,clean_schema_mismatch,1,L21H12,0.3033625730994152,False,False
apps_python_5,clean_schema_mismatch,2,MLP27,0.42023026315789475,True,True
apps_python_5,clean_no_protocol,1,L21H12,1.409356725146199,False,False
apps_python_5,clean_no_protocol,2,MLP27,2.172514619883041,False,False
codecontests_cpp_5,clean_no_schema,1,L21H12,0.9121621621621622,False,False
codecontests_cpp_5,clean_no_schema,2,MLP27,1.1121199324324325,True,True
codecontests_cpp_5,clean_schema_mismatch,1,L21H12,0.9138513513513513,False,False
codecontests_cpp_5,clean_schema_mismatch,2,MLP27,1.0557432432432432,True,True
codecontests_cpp_5,clean_no_protocol,1,L21H12,1.864864864864865,False,False
codecontests_cpp_5,clean_no_protocol,2,MLP27,3.3902027027027026,False,False
codecontests_java_5,clean_no_schema,1,L21H12,0.78125,False,False
codecontests_java_5,clean_no_schema,2,MLP27,0.890869140625,True,True
codecontests_java_5,clean_schema_mismatch,1,L21H12,0.2510986328125,True,True
codecontests_java_5,clean_schema_mismatch,2,MLP27,0.26268768310546875,True,True
codecontests_java_5,clean_no_protocol,1,L21H12,1.44140625,False,False
codecontests_java_5,clean_no_protocol,2,MLP27,2.1787109375,True,True
codecontests_cpp_6,clean_no_schema,1,L21H12,0.5711436170212766,True,True
codecontests_cpp_6,clean_no_schema,2,MLP27,0.6201795212765957,True,True
codecontests_cpp_6,clean_schema_mismatch,1,L21H12,1.9388297872340425,False,False
codecontests_cpp_6,clean_schema_mismatch,2,MLP27,2.193317819148936,True,True
codecontests_cpp_6,clean_no_protocol,1,L21H12,3.1914893617021276,False,False
codecontests_cpp_6,clean_no_protocol,2,MLP27,4.840425531914893,True,True
codecontests_java_6,clean_no_schema,1,L21H12,0.48538961038961037,False,True
codecontests_java_6,clean_no_schema,2,MLP27,0.5271915584415584,True,True
codecontests_java_6,clean_schema_mismatch,1,L21H12,0.8262987012987013,False,False
codecontests_java_6,clean_schema_mismatch,2,MLP27,0.9943181818181818,True,True
codecontests_java_6,clean_no_protocol,1,L21H12,1.1363636363636365,False,False
codecontests_java_6,clean_no_protocol,2,MLP27,1.8254870129870129,False,False
codecontests_java_7,clean_no_schema,1,L21H12,0.7212009803921569,True,True
codecontests_java_7,clean_no_schema,2,MLP27,0.7908241421568627,True,True
codecontests_java_7,clean_schema_mismatch,1,L21H12,1.3970588235294117,False,False
codecontests_java_7,clean_schema_mismatch,2,MLP27,1.6862745098039216,True,True
codecontests_java_7,clean_no_protocol,1,L21H12,1.3529411764705883,False,False
codecontests_java_7,clean_no_protocol,2,MLP27,1.8442095588235294,True,True
apps_python_8,clean_no_schema,1,L21H12,0.02454022129186603,True,True
apps_python_8,clean_no_schema,2,MLP27,0.018877093301435405,True,True
apps_python_8,clean_schema_mismatch,1,L21H12,1.9162679425837321,False,False
apps_python_8,clean_schema_mismatch,2,MLP27,2.2048444976076556,True,True
apps_python_8,clean_no_protocol,1,L21H12,2.9473684210526314,False,False
apps_python_8,clean_no_protocol,2,MLP27,3.848684210526316,True,True
apps_python_9,clean_no_schema,1,L21H12,0.026917950236966824,True,True
apps_python_9,clean_no_schema,2,MLP27,0.008145734597156399,True,True
apps_python_9,clean_schema_mismatch,1,L21H12,0.8080568720379147,False,False
apps_python_9,clean_schema_mismatch,2,MLP27,1.0364336492890995,True,True
apps_python_9,clean_no_protocol,1,L21H12,1.981042654028436,False,False
apps_python_9,clean_no_protocol,2,MLP27,2.9739336492890995,False,False
codecontests_cpp_9,clean_no_schema,1,L21H12,1.0016891891891893,True,True
codecontests_cpp_9,clean_no_schema,2,MLP27,1.0958614864864864,True,True
codecontests_cpp_9,clean_schema_mismatch,1,L21H12,2.9279279279279278,False,False
codecontests_cpp_9,clean_schema_mismatch,2,MLP27,3.4397522522522523,True,True
codecontests_cpp_9,clean_no_protocol,1,L21H12,3.3423423423423424,False,False
codecontests_cpp_9,clean_no_protocol,2,MLP27,4.493243243243243,True,True
codecontests_java_9,clean_no_schema,1,L21H12,0.5612244897959183,True,True
codecontests_java_9,clean_no_schema,2,MLP27,0.6103316326530612,True,True
codecontests_java_9,clean_schema_mismatch,1,L21H12,1.0595238095238095,False,False
codecontests_java_9,clean_schema_mismatch,2,MLP27,1.174266581632653,True,True
codecontests_java_9,clean_no_protocol,1,L21H12,1.3605442176870748,False,False
codecontests_java_9,clean_no_protocol,2,MLP27,1.9498299319727892,False,True
apps_python_10,clean_no_schema,1,L21H12,0.2761627906976744,True,True
apps_python_10,clean_no_schema,2,MLP27,0.3168604651162791,True,True
apps_python_10,clean_schema_mismatch,1,L21H12,2.127906976744186,False,False
apps_python_10,clean_schema_mismatch,2,MLP27,2.6682412790697674,True,True
apps_python_10,clean_no_protocol,1,L21H12,4.015503875968992,False,False
apps_python_10,clean_no_protocol,2,MLP27,5.837209302325581,False,False
codecontests_cpp_11,clean_no_schema,1,L21H12,0.47832369942196534,True,True
codecontests_cpp_11,clean_no_schema,2,MLP27,0.5375722543352601,True,True
codecontests_cpp_11,clean_schema_mismatch,1,L21H12,0.8923410404624278,True,True
codecontests_cpp_11,clean_schema_mismatch,2,MLP27,0.9668984826589595,True,True
codecontests_cpp_11,clean_no_protocol,1,L21H12,3.5722543352601157,False,False
codecontests_cpp_11,clean_no_protocol,2,MLP27,4.7514450867052025,True,True
codecontests_java_11,clean_no_schema,1,L21H12,0.4344951923076923,True,True
codecontests_java_11,clean_no_schema,2,MLP27,0.4762620192307692,True,True
codecontests_java_11,clean_schema_mismatch,1,L21H12,0.11358173076923077,True,True
codecontests_java_11,clean_schema_mismatch,2,MLP27,0.11748798076923077,True,True
codecontests_java_11,clean_no_protocol,1,L21H12,1.7596153846153846,False,False
codecontests_java_11,clean_no_protocol,2,MLP27,2.3509615384615383,False,True
humaneval_python_11,clean_no_schema,1,L21H12,0.3620967741935484,False,True
humaneval_python_11,clean_no_schema,2,MLP27,0.25806451612903225,False,False
humaneval_python_11,clean_schema_mismatch,1,L21H12,0.6818548387096774,True,True
humaneval_python_11,clean_schema_mismatch,2,MLP27,0.729133064516129,True,True
humaneval_python_11,clean_no_protocol,1,L21H12,1.5870967741935484,False,False
humaneval_python_11,clean_no_protocol,2,MLP27,2.4387096774193546,False,False
mbpp_python_11,clean_no_schema,1,L21H12,0.014599116161616162,True,True
mbpp_python_11,clean_no_schema,2,MLP27,-0.032670454545454544,True,True
mbpp_python_11,clean_schema_mismatch,1,L21H12,0.9873737373737373,False,False
mbpp_python_11,clean_schema_mismatch,2,MLP27,1.5101010101010102,True,True
mbpp_python_11,clean_no_protocol,1,L21H12,2.3838383838383836,False,False
mbpp_python_11,clean_no_protocol,2,MLP27,3.7676767676767677,False,False
codecontests_cpp_12,clean_no_schema,1,L21H12,0.6461267605633803,True,True
codecontests_cpp_12,clean_no_schema,2,MLP27,0.7077464788732394,True,True
codecontests_cpp_12,clean_schema_mismatch,1,L21H12,2.8838028169014085,False,False
codecontests_cpp_12,clean_schema_mismatch,2,MLP27,3.429137323943662,True,True
codecontests_cpp_12,clean_no_protocol,1,L21H12,3.9014084507042255,False,False
codecontests_cpp_12,clean_no_protocol,2,MLP27,6.278169014084507,True,False
codecontests_java_12,clean_no_schema,1,L21H12,0.7557010135135135,True,True
codecontests_java_12,clean_no_schema,2,MLP27,0.7957928631756757,True,True
codecontests_java_12,clean_schema_mismatch,1,L21H12,1.322212837837838,True,True
codecontests_java_12,clean_schema_mismatch,2,MLP27,1.4040065456081081,True,True
codecontests_java_12,clean_no_protocol,1,L21H12,0.839527027027027,False,False
codecontests_java_12,clean_no_protocol,2,MLP27,0.9834512246621622,True,True
apps_python_13,clean_no_schema,1,L21H12,0.3723958333333333,True,True
apps_python_13,clean_no_schema,2,MLP27,0.3859375,True,True
apps_python_13,clean_schema_mismatch,1,L21H12,0.8395833333333333,False,False
apps_python_13,clean_schema_mismatch,2,MLP27,1.0578125,True,True
apps_python_13,clean_no_protocol,1,L21H12,1.5041666666666667,False,False
apps_python_13,clean_no_protocol,2,MLP27,2.1510416666666665,False,True
codecontests_java_13,clean_no_schema,1,L21H12,0.5701844262295082,True,True
codecontests_java_13,clean_no_schema,2,MLP27,0.632172131147541,True,True
codecontests_java_13,clean_schema_mismatch,1,L21H12,0.4022797131147541,True,True
codecontests_java_13,clean_schema_mismatch,2,MLP27,0.42674180327868855,True,True
codecontests_java_13,clean_no_protocol,1,L21H12,1.4180327868852458,False,False
codecontests_java_13,clean_no_protocol,2,MLP27,2.4149590163934427,True,True
apps_python_14,clean_no_schema,1,L21H12,0.15330615942028986,True,True
apps_python_14,clean_no_schema,2,MLP27,0.08831521739130435,True,True
apps_python_14,clean_schema_mismatch,1,L21H12,1.286231884057971,False,False
apps_python_14,clean_schema_mismatch,2,MLP27,1.4173460144927537,True,True
apps_python_14,clean_no_protocol,1,L21H12,1.7463768115942029,False,False
apps_python_14,clean_no_protocol,2,MLP27,2.3768115942028984,False,False
codecontests_cpp_14,clean_no_schema,1,L21H12,0.6949728260869565,False,False
codecontests_cpp_14,clean_no_schema,2,MLP27,0.80078125,True,True
codecontests_cpp_14,clean_schema_mismatch,1,L21H12,0.12822690217391305,True,True
codecontests_cpp_14,clean_schema_mismatch,2,MLP27,0.13991380774456522,True,True
codecontests_cpp_14,clean_no_protocol,1,L21H12,1.6358695652173914,False,False
codecontests_cpp_14,clean_no_protocol,2,MLP27,2.385869565217391,True,True
codecontests_java_14,clean_no_schema,1,L21H12,1.0259615384615384,True,True
codecontests_java_14,clean_no_schema,2,MLP27,1.0993990384615384,True,True
codecontests_java_14,clean_schema_mismatch,1,L21H12,0.20516826923076922,True,True
codecontests_java_14,clean_schema_mismatch,2,MLP27,0.2092510516826923,True,True
codecontests_java_14,clean_no_protocol,1,L21H12,1.5115384615384615,False,False
codecontests_java_14,clean_no_protocol,2,MLP27,2.0502403846153845,True,True
codecontests_cpp_15,clean_no_schema,1,L21H12,0.4326424870466321,False,False
codecontests_cpp_15,clean_no_schema,2,MLP27,0.5531088082901554,False,True
codecontests_cpp_15,clean_schema_mismatch,1,L21H12,1.5544041450777202,False,False
codecontests_cpp_15,clean_schema_mismatch,2,MLP27,2.079339378238342,False,True
codecontests_cpp_15,clean_no_protocol,1,L21H12,1.8860103626943006,False,False
codecontests_cpp_15,clean_no_protocol,2,MLP27,3.3238341968911915,False,False
codecontests_java_15,clean_no_schema,1,L21H12,1.1231751824817517,False,True
codecontests_java_15,clean_no_schema,2,MLP27,1.22211450729927,True,True
codecontests_java_15,clean_schema_mismatch,1,L21H12,1.0642107664233578,True,True
codecontests_java_15,clean_schema_mismatch,2,MLP27,1.0863366788321167,True,True
codecontests_java_15,clean_no_protocol,1,L21H12,0.9397810218978102,False,False
codecontests_java_15,clean_no_protocol,2,MLP27,1.1205234945255473,True,True
apps_python_16,clean_no_schema,1,L21H12,0.02509124087591241,True,True
apps_python_16,clean_no_schema,2,MLP27,-0.032162408759124086,False,True
apps_python_16,clean_schema_mismatch,1,L21H12,0.8120437956204379,False,False
apps_python_16,clean_schema_mismatch,2,MLP27,0.9720574817518248,True,True
apps_python_16,clean_no_protocol,1,L21H12,1.364963503649635,False,False
apps_python_16,clean_no_protocol,2,MLP27,1.9607664233576643,False,True
codecontests_cpp_16,clean_no_schema,1,L21H12,0.24118589743589744,True,True
codecontests_cpp_16,clean_no_schema,2,MLP27,0.28178418803418803,True,True
codecontests_cpp_16,clean_schema_mismatch,1,L21H12,0.9722222222222222,False,False
codecontests_cpp_16,clean_schema_mismatch,2,MLP27,1.1697382478632479,True,True
codecontests_cpp_16,clean_no_protocol,1,L21H12,1.1538461538461537,False,False
codecontests_cpp_16,clean_no_protocol,2,MLP27,1.9017094017094016,False,False
codecontests_java_16,clean_no_schema,1,L21H12,0.5455827067669173,True,True
codecontests_java_16,clean_no_schema,2,MLP27,0.6219454887218046,True,True
codecontests_java_16,clean_schema_mismatch,1,L21H12,1.6353383458646618,False,False
codecontests_java_16,clean_schema_mismatch,2,MLP27,1.8587875939849625,True,True
codecontests_java_16,clean_no_protocol,1,L21H12,2.1654135338345863,False,False
codecontests_java_16,clean_no_protocol,2,MLP27,3.3778195488721803,False,False
apps_python_17,clean_no_schema,1,L21H12,0.2355263157894737,True,True
apps_python_17,clean_no_schema,2,MLP27,0.2471217105263158,True,True
apps_python_17,clean_schema_mismatch,1,L21H12,0.743421052631579,True,True
apps_python_17,clean_schema_mismatch,2,MLP27,0.869860197368421,True,True
apps_python_17,clean_no_protocol,1,L21H12,1.9947368421052631,False,False
apps_python_17,clean_no_protocol,2,MLP27,2.8394736842105264,False,False
codecontests_cpp_17,clean_no_schema,1,L21H12,0.3550420168067227,True,True
codecontests_cpp_17,clean_no_schema,2,MLP27,0.4085477941176471,True,True
codecontests_cpp_17,clean_schema_mismatch,1,L21H12,1.4390756302521008,False,False
codecontests_cpp_17,clean_schema_mismatch,2,MLP27,1.8413865546218486,True,True
codecontests_cpp_17,clean_no_protocol,1,L21H12,1.3067226890756303,False,False
codecontests_cpp_17,clean_no_protocol,2,MLP27,2.067752100840336,True,True
codecontests_java_17,clean_no_schema,1,L21H12,0.6993483412322274,False,False
codecontests_java_17,clean_no_schema,2,MLP27,0.7601821682464455,True,True
codecontests_java_17,clean_schema_mismatch,1,L21H12,0.6792061611374408,True,True
codecontests_java_17,clean_schema_mismatch,2,MLP27,0.7221193720379147,True,True
codecontests_java_17,clean_no_protocol,1,L21H12,0.6848341232227488,False,False
codecontests_java_17,clean_no_protocol,2,MLP27,0.8972156398104265,True,True
mbpp_python_17,clean_no_schema,1,L21H12,0.32094594594594594,True,True
mbpp_python_17,clean_no_schema,2,MLP27,0.2652027027027027,False,False
mbpp_python_17,clean_schema_mismatch,1,L21H12,0.6410472972972973,False,False
mbpp_python_17,clean_schema_mismatch,2,MLP27,0.7780827702702703,True,True
mbpp_python_17,clean_no_protocol,1,L21H12,1.8141891891891893,False,False
mbpp_python_17,clean_no_protocol,2,MLP27,2.363175675675676,False,False
codecontests_cpp_18,clean_no_schema,1,L21H12,0.41880841121495327,True,True
codecontests_cpp_18,clean_no_schema,2,MLP27,0.47313084112149534,True,True
codecontests_cpp_18,clean_schema_mismatch,1,L21H12,2.4848130841121496,False,False
codecontests_cpp_18,clean_schema_mismatch,2,MLP27,2.748028621495327,True,True
codecontests_cpp_18,clean_no_protocol,1,L21H12,2.4158878504672896,False,False
codecontests_cpp_18,clean_no_protocol,2,MLP27,3.36857476635514,True,True
codecontests_java_18,clean_no_schema,1,L21H12,0.6155,False,True
codecontests_java_18,clean_no_schema,2,MLP27,0.642,True,True
codecontests_java_18,clean_schema_mismatch,1,L21H12,1.596,True,True
codecontests_java_18,clean_schema_mismatch,2,MLP27,1.6479375,True,True
codecontests_java_18,clean_no_protocol,1,L21H12,2.38,False,False
codecontests_java_18,clean_no_protocol,2,MLP27,3.192,True,True
humaneval_python_18,clean_no_schema,1,L21H12,0.01039751838235294,True,True
humaneval_python_18,clean_no_schema,2,MLP27,-0.006893382352941176,True,True
humaneval_python_18,clean_schema_mismatch,1,L21H12,0.8915441176470589,False,False
humaneval_python_18,clean_schema_mismatch,2,MLP27,1.1318933823529411,True,True
humaneval_python_18,clean_no_protocol,1,L21H12,2.0661764705882355,False,False
humaneval_python_18,clean_no_protocol,2,MLP27,2.891544117647059,False,False
codecontests_java_19,clean_no_schema,1,L21H12,0.987281976744186,True,True
codecontests_java_19,clean_no_schema,2,MLP27,1.0423101380813953,True,True
codecontests_java_19,clean_schema_mismatch,1,L21H12,1.8191315406976745,True,True
codecontests_java_19,clean_schema_mismatch,2,MLP27,1.8368317360101745,True,True
codecontests_java_19,clean_no_protocol,1,L21H12,1.873546511627907,False,False
codecontests_java_19,clean_no_protocol,2,MLP27,2.1809365915697674,True,True
apps_python_20,clean_no_schema,1,L21H12,0.023331925675675675,True,True
apps_python_20,clean_no_schema,2,MLP27,0.022487331081081082,True,True
apps_python_20,clean_schema_mismatch,1,L21H12,1.8412162162162162,False,False
apps_python_20,clean_schema_mismatch,2,MLP27,2.337626689189189,True,True
apps_python_20,clean_no_protocol,1,L21H12,2.5135135135135136,False,False
apps_python_20,clean_no_protocol,2,MLP27,4.121621621621622,False,False
codecontests_cpp_20,clean_no_schema,1,L21H12,1.4202453987730062,False,False
codecontests_cpp_20,clean_no_schema,2,MLP27,1.8558282208588956,False,False
codecontests_cpp_20,clean_schema_mismatch,1,L21H12,4.131901840490798,False,False
codecontests_cpp_20,clean_schema_mismatch,2,MLP27,4.738113496932515,True,True
codecontests_cpp_20,clean_no_protocol,1,L21H12,2.7607361963190185,False,False
codecontests_cpp_20,clean_no_protocol,2,MLP27,4.7975460122699385,False,False
codecontests_java_20,clean_no_schema,1,L21H12,0.2232532751091703,True,True
codecontests_java_20,clean_no_schema,2,MLP27,0.2423921943231441,True,True
codecontests_java_20,clean_schema_mismatch,1,L21H12,0.22236626637554585,True,True
codecontests_java_20,clean_schema_mismatch,2,MLP27,0.22999112991266377,True,True
codecontests_java_20,clean_no_protocol,1,L21H12,0.9814410480349345,False,False
codecontests_java_20,clean_no_protocol,2,MLP27,1.183610807860262,True,True
humaneval_python_21,clean_no_schema,1,L21H12,0.050083705357142856,True,True
humaneval_python_21,clean_no_schema,2,MLP27,0.033482142857142856,True,True
humaneval_python_21,clean_schema_mismatch,1,L21H12,1.1116071428571428,False,False
humaneval_python_21,clean_schema_mismatch,2,MLP27,1.6901506696428572,True,True
humaneval_python_21,clean_no_protocol,1,L21H12,2.9375,False,False
humaneval_python_21,clean_no_protocol,2,MLP27,4.162946428571429,False,False
apps_python_22,clean_no_schema,1,L21H12,0.0010213589449541284,True,True
apps_python_22,clean_no_schema,2,MLP27,-0.009013044724770642,True,True
apps_python_22,clean_schema_mismatch,1,L21H12,1.165137614678899,False,False
apps_python_22,clean_schema_mismatch,2,MLP27,1.3466169724770642,True,True
apps_python_22,clean_no_protocol,1,L21H12,2.7522935779816513,False,False
apps_python_22,clean_no_protocol,2,MLP27,3.6490825688073394,False,False
codecontests_cpp_22,clean_no_schema,1,L21H12,0.5575916230366492,False,True
codecontests_cpp_22,clean_no_schema,2,MLP27,0.6681937172774869,True,True
codecontests_cpp_22,clean_schema_mismatch,1,L21H12,2.2539267015706805,False,False
codecontests_cpp_22,clean_schema_mismatch,2,MLP27,2.648396596858639,True,True
codecontests_cpp_22,clean_no_protocol,1,L21H12,2.806282722513089,False,False
codecontests_cpp_22,clean_no_protocol,2,MLP27,4.605366492146596,True,True
codecontests_java_22,clean_no_schema,1,L21H12,0.17677696078431374,True,True
codecontests_java_22,clean_no_schema,2,MLP27,0.18841911764705882,True,True
codecontests_java_22,clean_schema_mismatch,1,L21H12,0.5906862745098039,True,True
codecontests_java_22,clean_schema_mismatch,2,MLP27,0.6670687806372549,True,True
codecontests_java_22,clean_no_protocol,1,L21H12,1.303921568627451,False,False
codecontests_java_22,clean_no_protocol,2,MLP27,2.406862745098039,False,False
apps_python_23,clean_no_schema,1,L21H12,0.008761160714285714,True,True
apps_python_23,clean_no_schema,2,MLP27,0.003125,True,True
apps_python_23,clean_schema_mismatch,1,L21H12,0.3475,True,True
apps_python_23,clean_schema_mismatch,2,MLP27,0.40839285714285717,True,True
apps_python_23,clean_no_protocol,1,L21H12,3.5942857142857143,False,False
apps_python_23,clean_no_protocol,2,MLP27,4.467142857142857,True,True
codecontests_cpp_23,clean_no_schema,1,L21H12,0.59375,False,False
codecontests_cpp_23,clean_no_schema,2,MLP27,0.7847222222222222,True,True
codecontests_cpp_23,clean_schema_mismatch,1,L21H12,0.8975694444444444,False,False
codecontests_cpp_23,clean_schema_mismatch,2,MLP27,1.1148003472222223,True,True
codecontests_cpp_23,clean_no_protocol,1,L21H12,1.0173611111111112,False,False
codecontests_cpp_23,clean_no_protocol,2,MLP27,1.7278645833333333,True,True
codecontests_java_23,clean_no_schema,1,L21H12,1.3225108225108224,False,False
codecontests_java_23,clean_no_schema,2,MLP27,1.5784632034632036,True,True
codecontests_java_23,clean_schema_mismatch,1,L21H12,0.9556277056277056,True,True
codecontests_java_23,clean_schema_mismatch,2,MLP27,0.9791666666666666,True,True
codecontests_java_23,clean_no_protocol,1,L21H12,1.725108225108225,False,False
codecontests_java_23,clean_no_protocol,2,MLP27,2.2375541125541125,True,True
codecontests_cpp_24,clean_no_schema,1,L21H12,1.086890243902439,False,False
codecontests_cpp_24,clean_no_schema,2,MLP27,1.3780487804878048,True,True
codecontests_cpp_24,clean_schema_mismatch,1,L21H12,0.49809451219512196,True,True
codecontests_cpp_24,clean_schema_mismatch,2,MLP27,0.5718368902439024,True,True
codecontests_cpp_24,clean_no_protocol,1,L21H12,1.6341463414634145,False,False
codecontests_cpp_24,clean_no_protocol,2,MLP27,2.8780487804878048,False,False
codecontests_java_24,clean_no_schema,1,L21H12,0.6016949152542372,False,False
codecontests_java_24,clean_no_schema,2,MLP27,0.7115995762711864,True,True
codecontests_java_24,clean_schema_mismatch,1,L21H12,0.3135593220338983,True,True
codecontests_java_24,clean_schema_mismatch,2,MLP27,0.3473252118644068,True,True
codecontests_java_24,clean_no_protocol,1,L21H12,1.4406779661016949,False,False
codecontests_java_24,clean_no_protocol,2,MLP27,2.5720338983050848,False,False
apps_python_25,clean_no_schema,1,L21H12,0.0035574776785714285,True,True
apps_python_25,clean_no_schema,2,MLP27,0.011614118303571428,True,True
apps_python_25,clean_schema_mismatch,1,L21H12,0.9748883928571429,False,True
apps_python_25,clean_schema_mismatch,2,MLP27,1.0841238839285714,True,True
apps_python_25,clean_no_protocol,1,L21H12,1.3392857142857142,False,False
apps_python_25,clean_no_protocol,2,MLP27,1.9441964285714286,False,False
codecontests_java_25,clean_no_schema,1,L21H12,0.6100961538461539,True,True
codecontests_java_25,clean_no_schema,2,MLP27,0.6788461538461539,True,True
codecontests_java_25,clean_schema_mismatch,1,L21H12,0.19639423076923077,True,True
codecontests_java_25,clean_schema_mismatch,2,MLP27,0.22078575721153845,True,True
codecontests_java_25,clean_no_protocol,1,L21H12,2.576923076923077,False,False
codecontests_java_25,clean_no_protocol,2,MLP27,3.7759615384615386,True,True
codecontests_cpp_26,clean_no_schema,1,L21H12,0.5146443514644351,False,False
codecontests_cpp_26,clean_no_schema,2,MLP27,0.7709205020920502,True,True
codecontests_cpp_26,clean_schema_mismatch,1,L21H12,1.6359832635983265,False,False
codecontests_cpp_26,clean_schema_mismatch,2,MLP27,2.2405857740585775,True,True
codecontests_cpp_26,clean_no_protocol,1,L21H12,2.1506276150627617,False,False
codecontests_cpp_26,clean_no_protocol,2,MLP27,3.4686192468619246,False,False
codecontests_java_26,clean_no_schema,1,L21H12,0.3214942226890756,True,True
codecontests_java_26,clean_no_schema,2,MLP27,0.3304392069327731,True,True
codecontests_java_26,clean_schema_mismatch,1,L21H12,0.009076286764705883,True,True
codecontests_java_26,clean_schema_mismatch,2,MLP27,0.009313246783088236,True,True
codecontests_java_26,clean_no_protocol,1,L21H12,1.8623949579831933,False,False
codecontests_java_26,clean_no_protocol,2,MLP27,2.0933232668067228,True,True
humaneval_python_26,clean_no_schema,1,L21H12,0.2186117256637168,True,True
humaneval_python_26,clean_no_schema,2,MLP27,0.20464601769911506,True,True
humaneval_python_26,clean_schema_mismatch,1,L21H12,0.1542450221238938,True,True
humaneval_python_26,clean_schema_mismatch,2,MLP27,0.1553339325221239,True,True
humaneval_python_26,clean_no_protocol,1,L21H12,1.8849557522123894,False,False
humaneval_python_26,clean_no_protocol,2,MLP27,2.743362831858407,False,False
codecontests_cpp_27,clean_no_schema,1,L21H12,1.6579545454545455,True,False
codecontests_cpp_27,clean_no_schema,2,MLP27,1.7647727272727274,True,True
codecontests_cpp_27,clean_schema_mismatch,1,L21H12,4.6454545454545455,False,False
codecontests_cpp_27,clean_schema_mismatch,2,MLP27,5.547727272727273,True,True
codecontests_cpp_27,clean_no_protocol,1,L21H12,4.3090909090909095,False,False
codecontests_cpp_27,clean_no_protocol,2,MLP27,6.526136363636364,True,True
codecontests_java_27,clean_no_schema,1,L21H12,0.7971590909090909,True,True
codecontests_java_27,clean_no_schema,2,MLP27,0.8230113636363636,True,True
codecontests_java_27,clean_schema_mismatch,1,L21H12,1.5386363636363636,False,False
codecontests_java_27,clean_schema_mismatch,2,MLP27,1.6761363636363635,True,True
codecontests_java_27,clean_no_protocol,1,L21H12,1.5022727272727272,False,False
codecontests_java_27,clean_no_protocol,2,MLP27,1.9053977272727274,True,True
codecontests_cpp_28,clean_no_schema,1,L21H12,0.7296974522292994,True,True
codecontests_cpp_28,clean_no_schema,2,MLP27,0.7909036624203821,True,True
codecontests_cpp_28,clean_schema_mismatch,1,L21H12,0.2444267515923567,True,True
codecontests_cpp_28,clean_schema_mismatch,2,MLP27,0.26515226910828027,True,True
codecontests_cpp_28,clean_no_protocol,1,L21H12,1.5302547770700636,False,False
codecontests_cpp_28,clean_no_protocol,2,MLP27,1.804811902866242,True,True
codecontests_java_28,clean_no_schema,1,L21H12,1.1711601307189543,True,True
codecontests_java_28,clean_no_schema,2,MLP27,1.238766339869281,True,True
codecontests_java_28,clean_schema_mismatch,1,L21H12,0.2184436274509804,True,True
codecontests_java_28,clean_schema_mismatch,2,MLP27,0.23124106413398693,True,True
codecontests_java_28,clean_no_protocol,1,L21H12,1.6977124183006536,False,False
codecontests_java_28,clean_no_protocol,2,MLP27,1.9822303921568627,True,True
apps_python_29,clean_no_schema,1,L21H12,0.09164507772020726,True,True
apps_python_29,clean_no_schema,2,MLP27,0.036917098445595854,True,True
apps_python_29,clean_schema_mismatch,1,L21H12,1.549222797927461,False,False
apps_python_29,clean_schema_mismatch,2,MLP27,2.2912888601036268,True,True
apps_python_29,clean_no_protocol,1,L21H12,3.305699481865285,False,False
apps_python_29,clean_no_protocol,2,MLP27,4.689119170984456,False,False
codecontests_cpp_29,clean_no_schema,1,L21H12,0.4267578125,True,True
codecontests_cpp_29,clean_no_schema,2,MLP27,0.4586181640625,True,True
codecontests_cpp_29,clean_schema_mismatch,1,L21H12,1.7548828125,False,True
codecontests_cpp_29,clean_schema_mismatch,2,MLP27,1.8785400390625,True,True
codecontests_cpp_29,clean_no_protocol,1,L21H12,2.40625,False,False
codecontests_cpp_29,clean_no_protocol,2,MLP27,2.949462890625,True,True
codecontests_java_29,clean_no_schema,1,L21H12,0.5411849710982659,True,True
codecontests_java_29,clean_no_schema,2,MLP27,0.5789378612716763,True,True
codecontests_java_29,clean_schema_mismatch,1,L21H12,0.47778179190751446,True,True
codecontests_java_29,clean_schema_mismatch,2,MLP27,0.49826138005780346,True,True
codecontests_java_29,clean_no_protocol,1,L21H12,2.861271676300578,False,False
codecontests_java_29,clean_no_protocol,2,MLP27,3.7485549132947975,False,True
apps_python_30,clean_no_schema,1,L21H12,-0.004257997630331753,True,True
apps_python_30,clean_no_schema,2,MLP27,0.00467916913507109,True,True
apps_python_30,clean_schema_mismatch,1,L21H12,0.49200236966824645,True,True
apps_python_30,clean_schema_mismatch,2,MLP27,0.530990817535545,True,True
apps_python_30,clean_no_protocol,1,L21H12,3.023696682464455,False,False
apps_python_30,clean_no_protocol,2,MLP27,3.928909952606635,True,True
codecontests_cpp_30,clean_no_schema,1,L21H12,0.11875,True,True
codecontests_cpp_30,clean_no_schema,2,MLP27,0.1410610465116279,True,True
codecontests_cpp_30,clean_schema_mismatch,1,L21H12,3.3813953488372093,False,False
codecontests_cpp_30,clean_schema_mismatch,2,MLP27,4.061337209302326,True,True
codecontests_cpp_30,clean_no_protocol,1,L21H12,3.33953488372093,False,False
codecontests_cpp_30,clean_no_protocol,2,MLP27,5.111046511627907,True,True
codecontests_java_30,clean_no_schema,1,L21H12,0.4470029239766082,True,True
codecontests_java_30,clean_no_schema,2,MLP27,0.4977156432748538,True,True
codecontests_java_30,clean_schema_mismatch,1,L21H12,1.2258771929824561,False,False
codecontests_java_30,clean_schema_mismatch,2,MLP27,1.3871527777777777,True,True
codecontests_java_30,clean_no_protocol,1,L21H12,2.192982456140351,False,False
codecontests_java_30,clean_no_protocol,2,MLP27,3.0621345029239766,True,True
codecontests_cpp_32,clean_no_schema,1,L21H12,0.41314935064935066,False,True
codecontests_cpp_32,clean_no_schema,2,MLP27,0.5225243506493507,True,True
codecontests_cpp_32,clean_schema_mismatch,1,L21H12,0.9318181818181818,False,False
codecontests_cpp_32,clean_schema_mismatch,2,MLP27,1.2960633116883118,True,True
codecontests_cpp_32,clean_no_protocol,1,L21H12,1.0649350649350648,False,False
codecontests_cpp_32,clean_no_protocol,2,MLP27,1.7637987012987013,False,False
codecontests_java_32,clean_no_schema,1,L21H12,1.184593023255814,False,False
codecontests_java_32,clean_no_schema,2,MLP27,1.2818556201550388,True,True
codecontests_java_32,clean_schema_mismatch,1,L21H12,1.173328488372093,True,True
codecontests_java_32,clean_schema_mismatch,2,MLP27,1.2001347504844961,True,True
codecontests_java_32,clean_no_protocol,1,L21H12,1.4186046511627908,False,False
codecontests_java_32,clean_no_protocol,2,MLP27,1.6952519379844961,True,True
mbpp_python_32,clean_no_schema,1,L21H12,0.5515536723163842,False,True
mbpp_python_32,clean_no_schema,2,MLP27,0.4738700564971751,False,False
mbpp_python_32,clean_schema_mismatch,1,L21H12,1.1723163841807909,False,False
mbpp_python_32,clean_schema_mismatch,2,MLP27,1.2938735875706215,True,True
mbpp_python_32,clean_no_protocol,1,L21H12,1.4858757062146892,False,False
mbpp_python_32,clean_no_protocol,2,MLP27,1.8644067796610169,False,False
codecontests_cpp_33,clean_no_schema,1,L21H12,1.4437086092715232,False,False
codecontests_cpp_33,clean_no_schema,2,MLP27,2.096026490066225,False,False
codecontests_cpp_33,clean_schema_mismatch,1,L21H12,2.1059602649006623,False,False
codecontests_cpp_33,clean_schema_mismatch,2,MLP27,3.173841059602649,False,False
codecontests_cpp_33,clean_no_protocol,1,L21H12,2.172185430463576,False,False
codecontests_cpp_33,clean_no_protocol,2,MLP27,4.248344370860927,False,False
codecontests_java_33,clean_no_schema,1,L21H12,0.36519607843137253,False,False
codecontests_java_33,clean_no_schema,2,MLP27,0.43995098039215685,True,True
codecontests_java_33,clean_schema_mismatch,1,L21H12,0.42769607843137253,False,True
codecontests_java_33,clean_schema_mismatch,2,MLP27,0.49407679738562094,True,True
codecontests_java_33,clean_no_protocol,1,L21H12,1.0718954248366013,False,False
codecontests_java_33,clean_no_protocol,2,MLP27,1.9509803921568627,False,False
humaneval_python_33,clean_no_schema,1,L21H12,0.14331539735099338,True,True
humaneval_python_33,clean_no_schema,2,MLP27,0.1519039735099338,True,True
humaneval_python_33,clean_schema_mismatch,1,L21H12,0.8857615894039735,True,True
humaneval_python_33,clean_schema_mismatch,2,MLP27,0.9454030422185431,True,True
humaneval_python_33,clean_no_protocol,1,L21H12,0.6539735099337748,False,False
humaneval_python_33,clean_no_protocol,2,MLP27,0.9059395695364238,True,True
apps_python_34,clean_no_schema,1,L21H12,0.10743464052287582,True,True
apps_python_34,clean_no_schema,2,MLP27,0.11008986928104575,True,True
apps_python_34,clean_schema_mismatch,1,L21H12,0.6405228758169934,False,False
apps_python_34,clean_schema_mismatch,2,MLP27,0.9499591503267973,True,True
apps_python_34,clean_no_protocol,1,L21H12,2.320261437908497,False,False
apps_python_34,clean_no_protocol,2,MLP27,3.1552287581699345,False,False
apps_python_35,clean_no_schema,1,L21H12,0.0378755179558011,True,True
apps_python_35,clean_no_schema,2,MLP27,-0.02261740331491713,True,True
apps_python_35,clean_schema_mismatch,1,L21H12,1.1408839779005524,False,False
apps_python_35,clean_schema_mismatch,2,MLP27,1.4592541436464088,False,True
apps_python_35,clean_no_protocol,1,L21H12,3.1049723756906076,False,False
apps_python_35,clean_no_protocol,2,MLP27,4.292817679558011,False,False
codecontests_cpp_35,clean_no_schema,1,L21H12,0.6368464052287581,True,True
codecontests_cpp_35,clean_no_schema,2,MLP27,0.6879084967320261,True,True
codecontests_cpp_35,clean_schema_mismatch,1,L21H12,2.3758169934640523,False,False
codecontests_cpp_35,clean_schema_mismatch,2,MLP27,2.8262867647058822,True,True
codecontests_cpp_35,clean_no_protocol,1,L21H12,3.6209150326797386,False,False
codecontests_cpp_35,clean_no_protocol,2,MLP27,5.397058823529412,True,False
codecontests_java_35,clean_no_schema,1,L21H12,1.441326530612245,False,False
codecontests_java_35,clean_no_schema,2,MLP27,1.6983418367346939,True,True
codecontests_java_35,clean_schema_mismatch,1,L21H12,1.5580357142857142,True,True
codecontests_java_35,clean_schema_mismatch,2,MLP27,1.6702806122448979,True,True
codecontests_java_35,clean_no_protocol,1,L21H12,1.7066326530612246,False,True
codecontests_java_35,clean_no_protocol,2,MLP27,2.210140306122449,True,True
mbpp_python_35,clean_no_schema,1,L21H12,0.07992097701149425,True,True
mbpp_python_35,clean_no_schema,2,MLP27,0.06232040229885057,True,True
mbpp_python_35,clean_schema_mismatch,1,L21H12,0.6939655172413793,False,False
mbpp_python_35,clean_schema_mismatch,2,MLP27,0.8976293103448276,True,True
mbpp_python_35,clean_no_protocol,1,L21H12,1.7528735632183907,False,False
mbpp_python_35,clean_no_protocol,2,MLP27,2.4008620689655173,False,False
apps_python_36,clean_no_schema,1,L21H12,0.01755859375,True,True
apps_python_36,clean_no_schema,2,MLP27,0.017161458333333334,True,True
apps_python_36,clean_schema_mismatch,1,L21H12,0.6508333333333334,True,True
apps_python_36,clean_schema_mismatch,2,MLP27,0.72359375,True,True
apps_python_36,clean_no_protocol,1,L21H12,2.2266666666666666,False,False
apps_python_36,clean_no_protocol,2,MLP27,3.4783333333333335,False,True
codecontests_java_36,clean_no_schema,1,L21H12,1.0784883720930232,False,False
codecontests_java_36,clean_no_schema,2,MLP27,1.2318313953488371,False,True
codecontests_java_36,clean_schema_mismatch,1,L21H12,1.1856831395348837,True,True
codecontests_java_36,clean_schema_mismatch,2,MLP27,1.2440043604651163,True,True
codecontests_java_36,clean_no_protocol,1,L21H12,1.744186046511628,False,False
codecontests_java_36,clean_no_protocol,2,MLP27,2.390988372093023,True,True
mbpp_python_36,clean_no_schema,1,L21H12,0.09761904761904762,True,True
mbpp_python_36,clean_no_schema,2,MLP27,0.04880952380952381,False,True
mbpp_python_36,clean_schema_mismatch,1,L21H12,1.7047619047619047,False,False
mbpp_python_36,clean_schema_mismatch,2,MLP27,2.969047619047619,False,False
mbpp_python_36,clean_no_protocol,1,L21H12,2.6952380952380954,False,False
mbpp_python_36,clean_no_protocol,2,MLP27,4.085714285714285,False,False
apps_python_37,clean_no_schema,1,L21H12,0.15704113924050633,True,True
apps_python_37,clean_no_schema,2,MLP27,0.17484177215189872,True,True
apps_python_37,clean_schema_mismatch,1,L21H12,0.9256329113924051,False,False
apps_python_37,clean_schema_mismatch,2,MLP27,1.3034018987341771,True,True
apps_python_37,clean_no_protocol,1,L21H12,2.367088607594937,False,False
apps_python_37,clean_no_protocol,2,MLP27,3.1265822784810124,False,False
codecontests_java_37,clean_no_schema,1,L21H12,0.06859756097560976,True,True
codecontests_java_37,clean_no_schema,2,MLP27,0.08025914634146342,True,True
codecontests_java_37,clean_schema_mismatch,1,L21H12,0.19609375,True,True
codecontests_java_37,clean_schema_mismatch,2,MLP27,0.19632240853658536,True,True
codecontests_java_37,clean_no_protocol,1,L21H12,1.7951219512195122,False,False
codecontests_java_37,clean_no_protocol,2,MLP27,2.828048780487805,False,False
codecontests_java_38,clean_no_schema,1,L21H12,0.6016129032258064,False,False
codecontests_java_38,clean_no_schema,2,MLP27,0.8290322580645161,False,True
codecontests_java_38,clean_schema_mismatch,1,L21H12,0.1461693548387097,True,True
codecontests_java_38,clean_schema_mismatch,2,MLP27,0.13901209677419354,True,True
codecontests_java_38,clean_no_protocol,1,L21H12,0.967741935483871,False,False
codecontests_java_38,clean_no_protocol,2,MLP27,1.7983870967741935,False,False
codecontests_cpp_39,clean_no_schema,1,L21H12,1.3638743455497382,False,False
codecontests_cpp_39,clean_no_schema,2,MLP27,1.5222513089005236,True,True
codecontests_cpp_39,clean_schema_mismatch,1,L21H12,1.8926701570680629,False,False
codecontests_cpp_39,clean_schema_mismatch,2,MLP27,2.290085078534031,True,True
codecontests_cpp_39,clean_no_protocol,1,L21H12,3.654450261780105,False,False
codecontests_cpp_39,clean_no_protocol,2,MLP27,5.4136125654450264,False,False
codecontests_java_39,clean_no_schema,1,L21H12,1.0607707509881423,True,True
codecontests_java_39,clean_no_schema,2,MLP27,1.111227766798419,True,True
codecontests_java_39,clean_schema_mismatch,1,L21H12,0.41705780632411066,True,True
codecontests_java_39,clean_schema_mismatch,2,MLP27,0.4263255002470356,True,True
codecontests_java_39,clean_no_protocol,1,L21H12,1.683794466403162,False,False
codecontests_java_39,clean_no_protocol,2,MLP27,1.941699604743083,True,True
humaneval_python_39,clean_no_schema,1,L21H12,0.15589887640449437,True,True
humaneval_python_39,clean_no_schema,2,MLP27,0.11025280898876405,True,True
humaneval_python_39,clean_schema_mismatch,1,L21H12,1.3764044943820224,True,True
humaneval_python_39,clean_schema_mismatch,2,MLP27,1.5229108146067416,True,True
humaneval_python_39,clean_no_protocol,1,L21H12,3.4775280898876404,False,False
humaneval_python_39,clean_no_protocol,2,MLP27,4.424157303370786,True,True
apps_python_40,clean_no_schema,1,L21H12,0.18772810218978103,True,True
apps_python_40,clean_no_schema,2,MLP27,0.17153284671532848,False,True
apps_python_40,clean_schema_mismatch,1,L21H12,1.427007299270073,False,False
apps_python_40,clean_schema_mismatch,2,MLP27,1.9835766423357664,True,True
apps_python_40,clean_no_protocol,1,L21H12,1.4233576642335766,False,False
apps_python_40,clean_no_protocol,2,MLP27,2.2536496350364965,False,False
codecontests_cpp_40,clean_no_schema,1,L21H12,0.3601063829787234,True,True
codecontests_cpp_40,clean_no_schema,2,MLP27,0.41595744680851066,True,True
codecontests_cpp_40,clean_schema_mismatch,1,L21H12,0.6723404255319149,True,True
codecontests_cpp_40,clean_schema_mismatch,2,MLP27,0.7704787234042553,True,True
codecontests_cpp_40,clean_no_protocol,1,L21H12,1.3617021276595744,False,False
codecontests_cpp_40,clean_no_protocol,2,MLP27,2.2404255319148936,False,False
codecontests_java_40,clean_no_schema,1,L21H12,0.8581288343558282,False,False
codecontests_java_40,clean_no_schema,2,MLP27,0.94670245398773,True,True
codecontests_java_40,clean_schema_mismatch,1,L21H12,2.058282208588957,False,False
codecontests_java_40,clean_schema_mismatch,2,MLP27,2.251150306748466,True,True
codecontests_java_40,clean_no_protocol,1,L21H12,2.3987730061349692,False,False
codecontests_java_40,clean_no_protocol,2,MLP27,3.3098159509202456,False,True
codecontests_cpp_41,clean_no_schema,1,L21H12,0.2785560344827586,True,True
codecontests_cpp_41,clean_no_schema,2,MLP27,0.3097162356321839,True,True
codecontests_cpp_41,clean_schema_mismatch,1,L21H12,2.1551724137931036,False,False
codecontests_cpp_41,clean_schema_mismatch,2,MLP27,2.4947916666666665,True,True
codecontests_cpp_41,clean_no_protocol,1,L21H12,3.2298850574712645,False,False
codecontests_cpp_41,clean_no_protocol,2,MLP27,4.626436781609195,True,True
codecontests_java_41,clean_no_schema,1,L21H12,0.8515193370165746,True,False
codecontests_java_41,clean_no_schema,2,MLP27,0.9231698895027625,True,True
codecontests_java_41,clean_schema_mismatch,1,L21H12,0.3939917127071823,True,True
codecontests_java_41,clean_schema_mismatch,2,MLP27,0.4210117403314917,True,True
codecontests_java_41,clean_no_protocol,1,L21H12,2.4751381215469612,False,False
codecontests_java_41,clean_no_protocol,2,MLP27,3.56353591160221,False,True
humaneval_python_41,clean_no_schema,1,L21H12,0.6036585365853658,False,False
humaneval_python_41,clean_no_schema,2,MLP27,0.573170731707317,False,False
humaneval_python_41,clean_schema_mismatch,1,L21H12,0.7642276422764228,False,False
humaneval_python_41,clean_schema_mismatch,2,MLP27,0.8678861788617886,True,True
humaneval_python_41,clean_no_protocol,1,L21H12,2.0934959349593494,False,False
humaneval_python_41,clean_no_protocol,2,MLP27,2.777439024390244,False,False
codecontests_cpp_42,clean_no_schema,1,L21H12,0.10017730496453901,True,True
codecontests_cpp_42,clean_no_schema,2,MLP27,0.11624556737588652,True,True
codecontests_cpp_42,clean_schema_mismatch,1,L21H12,1.2872340425531914,False,False
codecontests_cpp_42,clean_schema_mismatch,2,MLP27,1.9166666666666667,True,True
codecontests_cpp_42,clean_no_protocol,1,L21H12,1.049645390070922,False,False
codecontests_cpp_42,clean_no_protocol,2,MLP27,1.929078014184397,False,True
codecontests_java_42,clean_no_schema,1,L21H12,0.8756476683937824,False,False
codecontests_java_42,clean_no_schema,2,MLP27,0.9721502590673575,True,True
codecontests_java_42,clean_schema_mismatch,1,L21H12,1.4481865284974094,False,False
codecontests_java_42,clean_schema_mismatch,2,MLP27,1.5846016839378239,True,True
codecontests_java_42,clean_no_protocol,1,L21H12,2.1191709844559585,False,False
codecontests_java_42,clean_no_protocol,2,MLP27,2.8523316062176165,True,True
humaneval_python_42,clean_no_schema,1,L21H12,0.3382142857142857,True,True
humaneval_python_42,clean_no_schema,2,MLP27,0.30392857142857144,False,True
humaneval_python_42,clean_schema_mismatch,1,L21H12,0.8425,True,True
humaneval_python_42,clean_schema_mismatch,2,MLP27,0.9172767857142857,True,True
humaneval_python_42,clean_no_protocol,1,L21H12,1.8628571428571428,False,False
humaneval_python_42,clean_no_protocol,2,MLP27,2.474285714285714,False,False
mbpp_python_42,clean_no_schema,1,L21H12,0.27388535031847133,True,True
mbpp_python_42,clean_no_schema,2,MLP27,0.19347133757961785,True,True
mbpp_python_42,clean_schema_mismatch,1,L21H12,1.9426751592356688,False,False
mbpp_python_42,clean_schema_mismatch,2,MLP27,2.3204617834394905,True,True
mbpp_python_42,clean_no_protocol,1,L21H12,3.3630573248407645,False,False
mbpp_python_42,clean_no_protocol,2,MLP27,4.022292993630574,True,True
apps_python_43,clean_no_schema,1,L21H12,0.35774539877300615,True,True
apps_python_43,clean_no_schema,2,MLP27,0.36503067484662577,True,True
apps_python_43,clean_schema_mismatch,1,L21H12,1.5858895705521472,False,False
apps_python_43,clean_schema_mismatch,2,MLP27,1.712710889570552,True,True
apps_python_43,clean_no_protocol,1,L21H12,2.687116564417178,False,False
apps_python_43,clean_no_protocol,2,MLP27,3.2883435582822087,False,False
codecontests_cpp_43,clean_no_schema,1,L21H12,0.05890376984126984,True,True
codecontests_cpp_43,clean_no_schema,2,MLP27,0.06820436507936507,True,True
codecontests_cpp_43,clean_schema_mismatch,1,L21H12,0.32415674603174605,True,True
codecontests_cpp_43,clean_schema_mismatch,2,MLP27,0.3719230530753968,True,True
codecontests_cpp_43,clean_no_protocol,1,L21H12,2.3253968253968256,False,False
codecontests_cpp_43,clean_no_protocol,2,MLP27,3.5376984126984126,False,False
codecontests_java_43,clean_no_schema,1,L21H12,0.6612261146496815,True,True
codecontests_java_43,clean_no_schema,2,MLP27,0.7096934713375797,True,True
codecontests_java_43,clean_schema_mismatch,1,L21H12,1.234076433121019,False,False
codecontests_java_43,clean_schema_mismatch,2,MLP27,1.3360930035828025,True,True
codecontests_java_43,clean_no_protocol,1,L21H12,0.9856687898089171,False,False
codecontests_java_43,clean_no_protocol,2,MLP27,1.3188196656050954,True,True
apps_python_44,clean_no_schema,1,L21H12,0.2871212121212121,False,True
apps_python_44,clean_no_schema,2,MLP27,0.35265151515151516,True,True
apps_python_44,clean_schema_mismatch,1,L21H12,0.1634469696969697,True,True
apps_python_44,clean_schema_mismatch,2,MLP27,0.1724905303030303,True,True
apps_python_44,clean_no_protocol,1,L21H12,2.012121212121212,False,False
apps_python_44,clean_no_protocol,2,MLP27,2.812121212121212,False,False
codecontests_cpp_44,clean_no_schema,1,L21H12,0.9748603351955307,False,False
codecontests_cpp_44,clean_no_schema,2,MLP27,1.1833100558659218,True,True
codecontests_cpp_44,clean_schema_mismatch,1,L21H12,0.0034043296089385474,True,True
codecontests_cpp_44,clean_schema_mismatch,2,MLP27,0.0051419561801675975,True,True
codecontests_cpp_44,clean_no_protocol,1,L21H12,3.463687150837989,False,False
codecontests_cpp_44,clean_no_protocol,2,MLP27,5.944134078212291,False,False
codecontests_java_44,clean_no_schema,1,L21H12,0.44427083333333334,False,False
codecontests_java_44,clean_no_schema,2,MLP27,0.49296875,True,True
codecontests_java_44,clean_schema_mismatch,1,L21H12,0.5416666666666666,False,False
codecontests_java_44,clean_schema_mismatch,2,MLP27,0.7048990885416667,True,True
codecontests_java_44,clean_no_protocol,1,L21H12,1.2083333333333333,False,False
codecontests_java_44,clean_no_protocol,2,MLP27,2.0708333333333333,False,False
humaneval_python_44,clean_no_schema,1,L21H12,-0.0036090353260869565,True,True
humaneval_python_44,clean_no_schema,2,MLP27,-0.0006029211956521739,True,True
humaneval_python_44,clean_schema_mismatch,1,L21H12,0.675,False,True
humaneval_python_44,clean_schema_mismatch,2,MLP27,0.7732336956521739,True,True
humaneval_python_44,clean_no_protocol,1,L21H12,1.6956521739130435,False,False
humaneval_python_44,clean_no_protocol,2,MLP27,2.127173913043478,True,True
codecontests_cpp_45,clean_no_schema,1,L21H12,0.30800653594771243,False,True
codecontests_cpp_45,clean_no_schema,2,MLP27,0.3929738562091503,True,True
codecontests_cpp_45,clean_schema_mismatch,1,L21H12,0.6388888888888888,False,False
codecontests_cpp_45,clean_schema_mismatch,2,MLP27,0.7815819035947712,True,True
codecontests_cpp_45,clean_no_protocol,1,L21H12,1.6143790849673203,False,False
codecontests_cpp_45,clean_no_protocol,2,MLP27,2.700980392156863,False,False
codecontests_java_45,clean_no_schema,1,L21H12,0.690172697368421,True,True
codecontests_java_45,clean_no_schema,2,MLP27,0.7192896792763158,True,True
codecontests_java_45,clean_schema_mismatch,1,L21H12,0.08074629934210527,True,True
codecontests_java_45,clean_schema_mismatch,2,MLP27,0.08216014661287006,True,True
codecontests_java_45,clean_no_protocol,1,L21H12,1.575657894736842,False,False
codecontests_java_45,clean_no_protocol,2,MLP27,1.959703947368421,True,True
apps_python_46,clean_no_schema,1,L21H12,0.050690406976744186,True,True
apps_python_46,clean_no_schema,2,MLP27,0.03306686046511628,True,True
apps_python_46,clean_schema_mismatch,1,L21H12,0.39244186046511625,False,True
apps_python_46,clean_schema_mismatch,2,MLP27,0.46984011627906974,True,True
apps_python_46,clean_no_protocol,1,L21H12,1.5174418604651163,False,False
apps_python_46,clean_no_protocol,2,MLP27,2.2572674418604652,False,False
codecontests_cpp_46,clean_no_schema,1,L21H12,0.2713647959183674,True,True
codecontests_cpp_46,clean_no_schema,2,MLP27,0.31831951530612246,True,True
codecontests_cpp_46,clean_schema_mismatch,1,L21H12,0.6147959183673469,True,True
codecontests_cpp_46,clean_schema_mismatch,2,MLP27,0.6897321428571429,True,True
codecontests_cpp_46,clean_no_protocol,1,L21H12,1.1785714285714286,False,False
codecontests_cpp_46,clean_no_protocol,2,MLP27,1.882015306122449,True,True
codecontests_java_46,clean_no_schema,1,L21H12,0.7494444444444445,False,False
codecontests_java_46,clean_no_schema,2,MLP27,0.8209027777777778,True,True
codecontests_java_46,clean_schema_mismatch,1,L21H12,0.3965972222222222,True,True
codecontests_java_46,clean_schema_mismatch,2,MLP27,0.41024305555555557,True,True
codecontests_java_46,clean_no_protocol,1,L21H12,0.7033333333333334,False,False
codecontests_java_46,clean_no_protocol,2,MLP27,0.8959722222222222,True,True
apps_python_47,clean_no_schema,1,L21H12,0.019012237762237764,True,True
apps_python_47,clean_no_schema,2,MLP27,-0.008304195804195804,True,True
apps_python_47,clean_schema_mismatch,1,L21H12,0.7001748251748252,False,False
apps_python_47,clean_schema_mismatch,2,MLP27,0.8850524475524476,True,True
apps_python_47,clean_no_protocol,1,L21H12,1.951048951048951,False,False
apps_python_47,clean_no_protocol,2,MLP27,2.625874125874126,False,False
codecontests_cpp_47,clean_no_schema,1,L21H12,0.8212290502793296,False,False
codecontests_cpp_47,clean_no_schema,2,MLP27,1.2905027932960893,False,False
codecontests_cpp_47,clean_schema_mismatch,1,L21H12,1.6480446927374302,False,False
codecontests_cpp_47,clean_schema_mismatch,2,MLP27,2.4800977653631286,True,True
codecontests_cpp_47,clean_no_protocol,1,L21H12,2.6815642458100557,False,False
codecontests_cpp_47,clean_no_protocol,2,MLP27,4.731843575418995,False,False
codecontests_java_47,clean_no_schema,1,L21H12,0.26453488372093026,False,False
codecontests_java_47,clean_no_schema,2,MLP27,0.38299418604651164,False,False
codecontests_java_47,clean_schema_mismatch,1,L21H12,0.25290697674418605,False,False
codecontests_java_47,clean_schema_mismatch,2,MLP27,0.35315225290697677,True,True
codecontests_java_47,clean_no_protocol,1,L21H12,0.4941860465116279,False,False
codecontests_java_47,clean_no_protocol,2,MLP27,0.9066133720930233,False,True
humaneval_python_47,clean_no_schema,1,L21H12,0.026699862637362636,True,True
humaneval_python_47,clean_no_schema,2,MLP27,-0.011332417582417582,False,True
humaneval_python_47,clean_schema_mismatch,1,L21H12,0.5906593406593407,False,False
humaneval_python_47,clean_schema_mismatch,2,MLP27,0.9215315934065934,True,True
humaneval_python_47,clean_no_protocol,1,L21H12,1.4725274725274726,False,False
humaneval_python_47,clean_no_protocol,2,MLP27,2.3516483516483517,False,False
apps_python_48,clean_no_schema,1,L21H12,0.1030732044198895,True,True
apps_python_48,clean_no_schema,2,MLP27,0.07078729281767956,True,True
apps_python_48,clean_schema_mismatch,1,L21H12,1.1401933701657458,False,False
apps_python_48,clean_schema_mismatch,2,MLP27,1.2296270718232045,True,True
apps_python_48,clean_no_protocol,1,L21H12,1.558011049723757,False,False
apps_python_48,clean_no_protocol,2,MLP27,2.0939226519337018,False,False
codecontests_cpp_48,clean_no_schema,1,L21H12,0.8138888888888889,False,False
codecontests_cpp_48,clean_no_schema,2,MLP27,0.9506944444444444,True,True
codecontests_cpp_48,clean_schema_mismatch,1,L21H12,1.1958333333333333,False,False
codecontests_cpp_48,clean_schema_mismatch,2,MLP27,1.4465277777777779,True,True
codecontests_cpp_48,clean_no_protocol,1,L21H12,1.4666666666666666,False,False
codecontests_cpp_48,clean_no_protocol,2,MLP27,2.3583333333333334,False,False
codecontests_java_48,clean_no_schema,1,L21H12,0.4908854166666667,False,True
codecontests_java_48,clean_no_schema,2,MLP27,0.5535888671875,True,True
codecontests_java_48,clean_schema_mismatch,1,L21H12,0.4208984375,True,True
codecontests_java_48,clean_schema_mismatch,2,MLP27,0.449493408203125,True,True
codecontests_java_48,clean_no_protocol,1,L21H12,0.5540364583333334,False,False
codecontests_java_48,clean_no_protocol,2,MLP27,0.68951416015625,True,True
apps_python_49,clean_no_schema,1,L21H12,0.5429936305732485,False,True
apps_python_49,clean_no_schema,2,MLP27,0.5593152866242038,False,True
apps_python_49,clean_schema_mismatch,1,L21H12,0.428343949044586,True,True
apps_python_49,clean_schema_mismatch,2,MLP27,0.4239649681528662,True,True
apps_python_49,clean_no_protocol,1,L21H12,2.388535031847134,False,False
apps_python_49,clean_no_protocol,2,MLP27,3.1146496815286624,False,False
codecontests_cpp_49,clean_no_schema,1,L21H12,0.4408068783068783,True,True
codecontests_cpp_49,clean_no_schema,2,MLP27,0.4738756613756614,True,True
codecontests_cpp_49,clean_schema_mismatch,1,L21H12,0.3017526455026455,True,True
codecontests_cpp_49,clean_schema_mismatch,2,MLP27,0.32312851355820105,True,True
codecontests_cpp_49,clean_no_protocol,1,L21H12,2.2936507936507935,False,False
codecontests_cpp_49,clean_no_protocol,2,MLP27,2.7394179894179893,True,True
codecontests_java_49,clean_no_schema,1,L21H12,0.6386217948717948,False,False
codecontests_java_49,clean_no_schema,2,MLP27,0.7241586538461539,True,True
codecontests_java_49,clean_schema_mismatch,1,L21H12,0.20317508012820512,True,True
codecontests_java_49,clean_schema_mismatch,2,MLP27,0.2095822065304487,True,True
codecontests_java_49,clean_no_protocol,1,L21H12,1.171474358974359,False,False
codecontests_java_49,clean_no_protocol,2,MLP27,1.5579927884615385,True,True
codecontests_cpp_50,clean_no_schema,1,L21H12,0.1875,True,True
codecontests_cpp_50,clean_no_schema,2,MLP27,0.20405629139072848,True,True
codecontests_cpp_50,clean_schema_mismatch,1,L21H12,1.6043046357615893,False,False
codecontests_cpp_50,clean_schema_mismatch,2,MLP27,1.9779594370860927,True,True
codecontests_cpp_50,clean_no_protocol,1,L21H12,1.8940397350993377,False,False
codecontests_cpp_50,clean_no_protocol,2,MLP27,2.8311258278145695,False,False
codecontests_java_50,clean_no_schema,1,L21H12,0.19149881516587677,True,True
codecontests_java_50,clean_no_schema,2,MLP27,0.2177132701421801,True,True
codecontests_java_50,clean_schema_mismatch,1,L21H12,1.3886255924170616,False,False
codecontests_java_50,clean_schema_mismatch,2,MLP27,1.6931279620853081,True,True
codecontests_java_50,clean_no_protocol,1,L21H12,1.6445497630331753,False,False
codecontests_java_50,clean_no_protocol,2,MLP27,2.504739336492891,False,False
apps_python_51,clean_no_schema,1,L21H12,0.100251677852349,True,True
apps_python_51,clean_no_schema,2,MLP27,0.02936241610738255,False,True
apps_python_51,clean_schema_mismatch,1,L21H12,1.325503355704698,False,False
apps_python_51,clean_schema_mismatch,2,MLP27,1.537594379194631,True,True
apps_python_51,clean_no_protocol,1,L21H12,2.87248322147651,False,False
apps_python_51,clean_no_protocol,2,MLP27,3.6308724832214767,False,False
codecontests_java_51,clean_no_schema,1,L21H12,0.666501976284585,True,True
codecontests_java_51,clean_no_schema,2,MLP27,0.7030014822134387,True,True
codecontests_java_51,clean_schema_mismatch,1,L21H12,0.07210350790513834,True,True
codecontests_java_51,clean_schema_mismatch,2,MLP27,0.07347088840167984,True,True
codecontests_java_51,clean_no_protocol,1,L21H12,1.2924901185770752,False,False
codecontests_java_51,clean_no_protocol,2,MLP27,1.6440217391304348,True,True
codecontests_cpp_52,clean_no_schema,1,L21H12,0.4987684729064039,True,True
codecontests_cpp_52,clean_no_schema,2,MLP27,0.5477216748768473,True,True
codecontests_cpp_52,clean_schema_mismatch,1,L21H12,2.3472906403940885,False,False
codecontests_cpp_52,clean_schema_mismatch,2,MLP27,2.6838823891625614,True,True
codecontests_cpp_52,clean_no_protocol,1,L21H12,5.201970443349754,False,False
codecontests_cpp_52,clean_no_protocol,2,MLP27,7.401477832512315,False,False
codecontests_java_52,clean_no_schema,1,L21H12,0.7935049019607843,False,True
codecontests_java_52,clean_no_schema,2,MLP27,0.8503370098039216,True,True
codecontests_java_52,clean_schema_mismatch,1,L21H12,1.1360294117647058,False,False
codecontests_java_52,clean_schema_mismatch,2,MLP27,1.2300857843137254,True,True
codecontests_java_52,clean_no_protocol,1,L21H12,1.8995098039215685,False,False
codecontests_java_52,clean_no_protocol,2,MLP27,2.392156862745098,True,True
apps_python_53,clean_no_schema,1,L21H12,0.4986979166666667,False,False
apps_python_53,clean_no_schema,2,MLP27,0.5169270833333334,False,False
apps_python_53,clean_schema_mismatch,1,L21H12,1.04296875,False,False
apps_python_53,clean_schema_mismatch,2,MLP27,1.3494466145833333,True,True
apps_python_53,clean_no_protocol,1,L21H12,1.0052083333333333,False,False
apps_python_53,clean_no_protocol,2,MLP27,1.4947916666666667,False,False
codecontests_cpp_53,clean_no_schema,1,L21H12,2.6538461538461537,False,False
codecontests_cpp_53,clean_no_schema,2,MLP27,3.0307692307692307,False,False
codecontests_cpp_53,clean_schema_mismatch,1,L21H12,3.8692307692307693,False,False
codecontests_cpp_53,clean_schema_mismatch,2,MLP27,4.226442307692308,True,True
codecontests_cpp_53,clean_no_protocol,1,L21H12,5.507692307692308,False,False
codecontests_cpp_53,clean_no_protocol,2,MLP27,8.271153846153846,False,False
codecontests_java_53,clean_no_schema,1,L21H12,1.488532110091743,False,False
codecontests_java_53,clean_no_schema,2,MLP27,1.716743119266055,False,False
codecontests_java_53,clean_schema_mismatch,1,L21H12,1.3944954128440368,False,False
codecontests_java_53,clean_schema_mismatch,2,MLP27,1.5303899082568808,True,True
codecontests_java_53,clean_no_protocol,1,L21H12,1.8256880733944953,False,False
codecontests_java_53,clean_no_protocol,2,MLP27,2.522935779816514,False,True
apps_python_54,clean_no_schema,1,L21H12,0.11127645502645503,True,True
apps_python_54,clean_no_schema,2,MLP27,0.09821428571428571,True,True
apps_python_54,clean_schema_mismatch,1,L21H12,1.1527777777777777,True,True
apps_python_54,clean_schema_mismatch,2,MLP27,1.2797205687830688,True,True
apps_python_54,clean_no_protocol,1,L21H12,4.084656084656085,False,False
apps_python_54,clean_no_protocol,2,MLP27,5.894179894179894,False,False
codecontests_java_54,clean_no_schema,1,L21H12,0.12192234848484848,True,True
codecontests_java_54,clean_no_schema,2,MLP27,0.1424893465909091,True,True
codecontests_java_54,clean_schema_mismatch,1,L21H12,-0.00041984789299242425,True,True
codecontests_java_54,clean_schema_mismatch,2,MLP27,-7.768110795454545e-05,True,True
codecontests_java_54,clean_no_protocol,1,L21H12,6.53030303030303,False,True
codecontests_java_54,clean_no_protocol,2,MLP27,8.156841856060606,True,True
mbpp_python_54,clean_no_schema,1,L21H12,0.22012867647058823,True,True
mbpp_python_54,clean_no_schema,2,MLP27,0.1879595588235294,False,True
mbpp_python_54,clean_schema_mismatch,1,L21H12,1.1948529411764706,False,False
mbpp_python_54,clean_schema_mismatch,2,MLP27,1.6318933823529411,True,True
mbpp_python_54,clean_no_protocol,1,L21H12,2.323529411764706,False,False
mbpp_python_54,clean_no_protocol,2,MLP27,3.0974264705882355,False,False
codecontests_java_55,clean_no_schema,1,L21H12,1.3256172839506173,True,True
codecontests_java_55,clean_no_schema,2,MLP27,1.4186921296296295,True,True
codecontests_java_55,clean_schema_mismatch,1,L21H12,0.996045524691358,True,True
codecontests_java_55,clean_schema_mismatch,2,MLP27,1.0054976851851851,True,True
codecontests_java_55,clean_no_protocol,1,L21H12,1.6388888888888888,True,True
codecontests_java_55,clean_no_protocol,2,MLP27,1.8305844907407407,True,True
mbpp_python_55,clean_no_schema,1,L21H12,0.12642045454545456,True,True
mbpp_python_55,clean_no_schema,2,MLP27,0.08393595041322315,True,True
mbpp_python_55,clean_schema_mismatch,1,L21H12,1.5284090909090908,True,True
mbpp_python_55,clean_schema_mismatch,2,MLP27,1.608019111570248,True,True
mbpp_python_55,clean_no_protocol,1,L21H12,2.0165289256198347,False,False
mbpp_python_55,clean_no_protocol,2,MLP27,2.590909090909091,False,False
codecontests_cpp_56,clean_no_schema,1,L21H12,0.25357142857142856,False,False
codecontests_cpp_56,clean_no_schema,2,MLP27,0.3630357142857143,True,True
codecontests_cpp_56,clean_schema_mismatch,1,L21H12,0.8471428571428572,False,False
codecontests_cpp_56,clean_schema_mismatch,2,MLP27,1.0775892857142857,True,True
codecontests_cpp_56,clean_no_protocol,1,L21H12,0.9028571428571428,False,False
codecontests_cpp_56,clean_no_protocol,2,MLP27,1.5107142857142857,False,True
codecontests_java_56,clean_no_schema,1,L21H12,0.9519557823129252,True,True
codecontests_java_56,clean_no_schema,2,MLP27,0.9987776360544217,True,True
codecontests_java_56,clean_schema_mismatch,1,L21H12,0.5432610544217688,True,True
codecontests_java_56,clean_schema_mismatch,2,MLP27,0.5473167782738095,True,True
codecontests_java_56,clean_no_protocol,1,L21H12,0.9523809523809523,False,False
codecontests_java_56,clean_no_protocol,2,MLP27,1.11859587585034,True,True
codecontests_cpp_57,clean_no_schema,1,L21H12,0.6184782608695653,False,False
codecontests_cpp_57,clean_no_schema,2,MLP27,0.725,True,True
codecontests_cpp_57,clean_schema_mismatch,1,L21H12,0.9260869565217391,False,False
codecontests_cpp_57,clean_schema_mismatch,2,MLP27,1.1828804347826087,True,True
codecontests_cpp_57,clean_no_protocol,1,L21H12,0.9043478260869565,False,False
codecontests_cpp_57,clean_no_protocol,2,MLP27,1.7717391304347827,False,False
codecontests_java_57,clean_no_schema,1,L21H12,0.9529411764705882,False,False
codecontests_java_57,clean_no_schema,2,MLP27,1.0568474264705883,True,True
codecontests_java_57,clean_schema_mismatch,1,L21H12,1.2044117647058823,False,False
codecontests_java_57,clean_schema_mismatch,2,MLP27,1.2750804227941177,True,True
codecontests_java_57,clean_no_protocol,1,L21H12,0.7308823529411764,False,False
codecontests_java_57,clean_no_protocol,2,MLP27,0.9186121323529411,True,True
apps_python_58,clean_no_schema,1,L21H12,0.10076121794871795,True,True
apps_python_58,clean_no_schema,2,MLP27,0.08844150641025642,True,True
apps_python_58,clean_schema_mismatch,1,L21H12,1.9054487179487178,False,False
apps_python_58,clean_schema_mismatch,2,MLP27,2.2298677884615383,True,True
apps_python_58,clean_no_protocol,1,L21H12,3.9166666666666665,False,False
apps_python_58,clean_no_protocol,2,MLP27,4.913461538461538,True,True
codecontests_java_58,clean_no_schema,1,L21H12,0.48819742489270385,False,False
codecontests_java_58,clean_no_schema,2,MLP27,0.6601394849785408,True,True
codecontests_java_58,clean_schema_mismatch,1,L21H12,0.31303648068669526,True,True
codecontests_java_58,clean_schema_mismatch,2,MLP27,0.3595761802575107,True,True
codecontests_java_58,clean_no_protocol,1,L21H12,1.4163090128755365,False,False
codecontests_java_58,clean_no_protocol,2,MLP27,2.1689914163090127,False,False
apps_python_59,clean_no_schema,1,L21H12,0.08527260638297872,True,True
apps_python_59,clean_no_schema,2,MLP27,0.003324468085106383,True,True
apps_python_59,clean_schema_mismatch,1,L21H12,1.6143617021276595,False,False
apps_python_59,clean_schema_mismatch,2,MLP27,1.9288563829787233,True,True
apps_python_59,clean_no_protocol,1,L21H12,3.3085106382978724,False,False
apps_python_59,clean_no_protocol,2,MLP27,4.212765957446808,False,False
apps_python_60,clean_no_schema,1,L21H12,0.03602789256198347,True,True
apps_python_60,clean_no_schema,2,MLP27,0.024793388429752067,True,True
apps_python_60,clean_schema_mismatch,1,L21H12,1.128099173553719,False,False
apps_python_60,clean_schema_mismatch,2,MLP27,1.3861053719008265,True,True
apps_python_60,clean_no_protocol,1,L21H12,1.128099173553719,False,False
apps_python_60,clean_no_protocol,2,MLP27,1.5929752066115703,False,False
codecontests_java_60,clean_no_schema,1,L21H12,0.40173410404624277,True,True
codecontests_java_60,clean_no_schema,2,MLP27,0.4575505780346821,True,True
codecontests_java_60,clean_schema_mismatch,1,L21H12,0.34898843930635837,True,True
codecontests_java_60,clean_schema_mismatch,2,MLP27,0.37494919617052025,True,True
codecontests_java_60,clean_no_protocol,1,L21H12,2.3352601156069364,False,False
codecontests_java_60,clean_no_protocol,2,MLP27,3.621387283236994,False,False
humaneval_python_60,clean_no_schema,1,L21H12,0.0004098526554404145,True,True
humaneval_python_60,clean_no_schema,2,MLP27,-0.007938997733160622,True,True
humaneval_python_60,clean_schema_mismatch,1,L21H12,0.21454015544041452,True,True
humaneval_python_60,clean_schema_mismatch,2,MLP27,0.23668231865284975,True,True
humaneval_python_60,clean_no_protocol,1,L21H12,1.339378238341969,False,False
humaneval_python_60,clean_no_protocol,2,MLP27,1.7227979274611398,False,True
codecontests_java_61,clean_no_schema,1,L21H12,1.0237676056338028,True,True
codecontests_java_61,clean_no_schema,2,MLP27,1.1163072183098592,True,True
codecontests_java_61,clean_schema_mismatch,1,L21H12,0.5201364436619719,True,True
codecontests_java_61,clean_schema_mismatch,2,MLP27,0.5382922535211268,True,True
codecontests_java_61,clean_no_protocol,1,L21H12,3.176056338028169,False,False
codecontests_java_61,clean_no_protocol,2,MLP27,4.035871478873239,True,True
mbpp_python_61,clean_no_schema,1,L21H12,0.7848360655737705,False,False
mbpp_python_61,clean_no_schema,2,MLP27,0.7971311475409836,False,False
mbpp_python_61,clean_schema_mismatch,1,L21H12,1.1598360655737705,False,False
mbpp_python_61,clean_schema_mismatch,2,MLP27,1.3675717213114753,True,True
mbpp_python_61,clean_no_protocol,1,L21H12,2.0737704918032787,False,False
mbpp_python_61,clean_no_protocol,2,MLP27,2.8586065573770494,False,False
codecontests_cpp_62,clean_no_schema,1,L21H12,2.8633879781420766,False,False
codecontests_cpp_62,clean_no_schema,2,MLP27,3.5368852459016393,False,False
codecontests_cpp_62,clean_schema_mismatch,1,L21H12,3.841530054644809,False,False
codecontests_cpp_62,clean_schema_mismatch,2,MLP27,4.702868852459017,True,True
codecontests_cpp_62,clean_no_protocol,1,L21H12,3.8469945355191255,False,False
codecontests_cpp_62,clean_no_protocol,2,MLP27,6.226775956284153,False,False
codecontests_java_62,clean_no_schema,1,L21H12,0.7222222222222222,False,False
codecontests_java_62,clean_no_schema,2,MLP27,0.8134259259259259,True,True
codecontests_java_62,clean_schema_mismatch,1,L21H12,1.026851851851852,False,False
codecontests_java_62,clean_schema_mismatch,2,MLP27,1.2083333333333333,True,True
codecontests_java_62,clean_no_protocol,1,L21H12,1.1851851851851851,False,False
codecontests_java_62,clean_no_protocol,2,MLP27,1.8458333333333334,True,True
codecontests_cpp_63,clean_no_schema,1,L21H12,1.411214953271028,False,False
codecontests_cpp_63,clean_no_schema,2,MLP27,1.6454439252336448,False,False
codecontests_cpp_63,clean_schema_mismatch,1,L21H12,0.45882009345794394,True,True
codecontests_cpp_63,clean_schema_mismatch,2,MLP27,0.5219407126168224,True,True
codecontests_cpp_63,clean_no_protocol,1,L21H12,1.6869158878504673,False,False
codecontests_cpp_63,clean_no_protocol,2,MLP27,2.5233644859813085,False,False
codecontests_java_63,clean_no_schema,1,L21H12,0.5890086206896552,True,True
codecontests_java_63,clean_no_schema,2,MLP27,0.6125269396551725,True,True
codecontests_java_63,clean_schema_mismatch,1,L21H12,0.008021282327586208,True,True
codecontests_java_63,clean_schema_mismatch,2,MLP27,0.008729290140086207,True,True
codecontests_java_63,clean_no_protocol,1,L21H12,1.021551724137931,False,True
codecontests_java_63,clean_no_protocol,2,MLP27,1.1547952586206895,True,True
apps_python_64,clean_no_schema,1,L21H12,0.15272177419354838,True,True
apps_python_64,clean_no_schema,2,MLP27,0.13004032258064516,True,True
apps_python_64,clean_schema_mismatch,1,L21H12,0.7325268817204301,False,False
apps_python_64,clean_schema_mismatch,2,MLP27,0.8587869623655914,True,True
apps_python_64,clean_no_protocol,1,L21H12,1.0268817204301075,False,False
apps_python_64,clean_no_protocol,2,MLP27,1.5591397849462365,False,False
codecontests_cpp_64,clean_no_schema,1,L21H12,0.14976415094339623,True,True
codecontests_cpp_64,clean_no_schema,2,MLP27,0.19506682389937108,True,True
codecontests_cpp_64,clean_schema_mismatch,1,L21H12,1.5849056603773586,True,True
codecontests_cpp_64,clean_schema_mismatch,2,MLP27,1.7533411949685536,True,True
codecontests_cpp_64,clean_no_protocol,1,L21H12,2.270440251572327,False,False
codecontests_cpp_64,clean_no_protocol,2,MLP27,3.2523584905660377,True,True
codecontests_java_64,clean_no_schema,1,L21H12,1.2373096446700507,True,True
codecontests_java_64,clean_no_schema,2,MLP27,1.2910850253807107,True,True
codecontests_java_64,clean_schema_mismatch,1,L21H12,0.02165787595177665,True,True
codecontests_java_64,clean_schema_mismatch,2,MLP27,0.021711165529822336,True,True
codecontests_java_64,clean_no_protocol,1,L21H12,3.0406091370558377,True,True
codecontests_java_64,clean_no_protocol,2,MLP27,3.3622303299492384,True,True
humaneval_python_64,clean_no_schema,1,L21H12,0.21906565656565657,True,True
humaneval_python_64,clean_no_schema,2,MLP27,0.20833333333333334,True,True
humaneval_python_64,clean_schema_mismatch,1,L21H12,1.2373737373737375,False,False
humaneval_python_64,clean_schema_mismatch,2,MLP27,1.9801136363636365,True,True
humaneval_python_64,clean_no_protocol,1,L21H12,3.0303030303030303,False,False
humaneval_python_64,clean_no_protocol,2,MLP27,4.959595959595959,False,False
codecontests_cpp_65,clean_no_schema,1,L21H12,0.27055921052631576,True,True
codecontests_cpp_65,clean_no_schema,2,MLP27,0.3209292763157895,True,True
codecontests_cpp_65,clean_schema_mismatch,1,L21H12,0.8042763157894737,False,True
codecontests_cpp_65,clean_schema_mismatch,2,MLP27,0.9392475328947368,True,True
codecontests_cpp_65,clean_no_protocol,1,L21H12,1.5164473684210527,False,False
codecontests_cpp_65,clean_no_protocol,2,MLP27,2.1842105263157894,True,True
codecontests_java_65,clean_no_schema,1,L21H12,0.7377232142857143,False,False
codecontests_java_65,clean_no_schema,2,MLP27,0.83984375,False,True
codecontests_java_65,clean_schema_mismatch,1,L21H12,0.47433035714285715,True,True
codecontests_java_65,clean_schema_mismatch,2,MLP27,0.5168805803571429,True,True
codecontests_java_65,clean_no_protocol,1,L21H12,2.0714285714285716,False,False
codecontests_java_65,clean_no_protocol,2,MLP27,2.875,False,False
codecontests_cpp_66,clean_no_schema,1,L21H12,0.4119198312236287,True,True
codecontests_cpp_66,clean_no_schema,2,MLP27,0.44251054852320676,True,True
codecontests_cpp_66,clean_schema_mismatch,1,L21H12,2.018987341772152,False,False
codecontests_cpp_66,clean_schema_mismatch,2,MLP27,2.3005010548523206,True,True
codecontests_cpp_66,clean_no_protocol,1,L21H12,2.3586497890295357,False,False
codecontests_cpp_66,clean_no_protocol,2,MLP27,3.0640822784810124,True,True
codecontests_java_66,clean_no_schema,1,L21H12,0.09508727477477477,True,True
codecontests_java_66,clean_no_schema,2,MLP27,0.10180884009009009,True,True
codecontests_java_66,clean_schema_mismatch,1,L21H12,0.37302927927927926,True,True
codecontests_java_66,clean_schema_mismatch,2,MLP27,0.38195910754504503,True,True
codecontests_java_66,clean_no_protocol,1,L21H12,1.0754504504504505,False,False
codecontests_java_66,clean_no_protocol,2,MLP27,1.3436092342342343,True,True
codecontests_java_67,clean_no_schema,1,L21H12,0.5465389784946236,True,True
codecontests_java_67,clean_no_schema,2,MLP27,0.5674983198924731,True,True
codecontests_java_67,clean_schema_mismatch,1,L21H12,0.6360887096774194,True,True
codecontests_java_67,clean_schema_mismatch,2,MLP27,0.6517977150537635,True,True
codecontests_java_67,clean_no_protocol,1,L21H12,1.5698924731182795,False,False
codecontests_java_67,clean_no_protocol,2,MLP27,2.0561155913978495,True,True
codecontests_cpp_68,clean_no_schema,1,L21H12,0.30357142857142855,False,False
codecontests_cpp_68,clean_no_schema,2,MLP27,0.46237244897959184,True,True
codecontests_cpp_68,clean_schema_mismatch,1,L21H12,0.1758078231292517,True,True
codecontests_cpp_68,clean_schema_mismatch,2,MLP27,0.2086123511904762,True,True
codecontests_cpp_68,clean_no_protocol,1,L21H12,0.9523809523809523,False,False
codecontests_cpp_68,clean_no_protocol,2,MLP27,1.7708333333333333,True,True
apps_python_69,clean_no_schema,1,L21H12,0.10998179611650485,True,True
apps_python_69,clean_no_schema,2,MLP27,0.061893203883495146,True,True
apps_python_69,clean_schema_mismatch,1,L21H12,1.4635922330097086,False,False
apps_python_69,clean_schema_mismatch,2,MLP27,1.9244538834951457,True,True
apps_python_69,clean_no_protocol,1,L21H12,3.6116504854368934,False,False
apps_python_69,clean_no_protocol,2,MLP27,4.754854368932039,False,False
codecontests_cpp_69,clean_no_schema,1,L21H12,1.6954314720812182,False,False
codecontests_cpp_69,clean_no_schema,2,MLP27,2.2741116751269037,False,False
codecontests_cpp_69,clean_schema_mismatch,1,L21H12,2.203045685279188,False,False
codecontests_cpp_69,clean_schema_mismatch,2,MLP27,3.0196700507614214,False,True
codecontests_cpp_69,clean_no_protocol,1,L21H12,2.213197969543147,False,False
codecontests_cpp_69,clean_no_protocol,2,MLP27,4.00507614213198,False,False
codecontests_java_69,clean_no_schema,1,L21H12,0.65625,False,False
codecontests_java_69,clean_no_schema,2,MLP27,0.884046052631579,True,True
codecontests_java_69,clean_schema_mismatch,1,L21H12,0.5962171052631579,False,False
codecontests_java_69,clean_schema_mismatch,2,MLP27,0.7529296875,True,True
codecontests_java_69,clean_no_protocol,1,L21H12,0.6611842105263158,False,False
codecontests_java_69,clean_no_protocol,2,MLP27,1.1803042763157894,True,True
codecontests_cpp_70,clean_no_schema,1,L21H12,0.6069148936170212,True,True
codecontests_cpp_70,clean_no_schema,2,MLP27,0.6349069148936171,True,True
codecontests_cpp_70,clean_schema_mismatch,1,L21H12,3.1319148936170214,False,True
codecontests_cpp_70,clean_schema_mismatch,2,MLP27,3.3811170212765957,True,True
codecontests_cpp_70,clean_no_protocol,1,L21H12,5.3872340425531915,False,False
codecontests_cpp_70,clean_no_protocol,2,MLP27,6.875531914893617,True,True
codecontests_java_70,clean_no_schema,1,L21H12,0.7080838323353293,True,True
codecontests_java_70,clean_no_schema,2,MLP27,0.7580464071856288,True,True
codecontests_java_70,clean_schema_mismatch,1,L21H12,0.5797155688622755,True,True
codecontests_java_70,clean_schema_mismatch,2,MLP27,0.5890309225299402,True,True
codecontests_java_70,clean_no_protocol,1,L21H12,1.7904191616766467,False,True
codecontests_java_70,clean_no_protocol,2,MLP27,2.217065868263473,True,True
codecontests_cpp_72,clean_no_schema,1,L21H12,0.6270933014354066,True,True
codecontests_cpp_72,clean_no_schema,2,MLP27,0.6623803827751196,True,True
codecontests_cpp_72,clean_schema_mismatch,1,L21H12,2.751196172248804,False,False
codecontests_cpp_72,clean_schema_mismatch,2,MLP27,3.026614832535885,True,True
codecontests_cpp_72,clean_no_protocol,1,L21H12,2.291866028708134,False,False
codecontests_cpp_72,clean_no_protocol,2,MLP27,2.9473684210526314,True,True
codecontests_java_72,clean_no_schema,1,L21H12,0.8849085365853658,False,False
codecontests_java_72,clean_no_schema,2,MLP27,1.0247713414634145,True,True
codecontests_java_72,clean_schema_mismatch,1,L21H12,0.8894817073170732,True,True
codecontests_java_72,clean_schema_mismatch,2,MLP27,0.9896150914634146,True,True
codecontests_java_72,clean_no_protocol,1,L21H12,1.9878048780487805,False,False
codecontests_java_72,clean_no_protocol,2,MLP27,2.778963414634146,True,True
codecontests_cpp_73,clean_no_schema,1,L21H12,0.3254523026315789,True,True
codecontests_cpp_73,clean_no_schema,2,MLP27,0.3591180098684211,True,True
codecontests_cpp_73,clean_schema_mismatch,1,L21H12,0.07825349506578948,True,True
codecontests_cpp_73,clean_schema_mismatch,2,MLP27,0.08263517680921052,True,True
codecontests_cpp_73,clean_no_protocol,1,L21H12,1.5723684210526316,False,False
codecontests_cpp_73,clean_no_protocol,2,MLP27,2.5378289473684212,True,True
codecontests_java_73,clean_no_schema,1,L21H12,0.2689814814814815,False,False
codecontests_java_73,clean_no_schema,2,MLP27,0.321875,True,True
codecontests_java_73,clean_schema_mismatch,1,L21H12,0.43194444444444446,True,True
codecontests_java_73,clean_schema_mismatch,2,MLP27,0.48259548611111114,True,True
codecontests_java_73,clean_no_protocol,1,L21H12,0.6925925925925925,False,False
codecontests_java_73,clean_no_protocol,2,MLP27,1.1324074074074073,False,True
apps_python_74,clean_no_schema,1,L21H12,0.3856951871657754,False,False
apps_python_74,clean_no_schema,2,MLP27,0.4077540106951872,False,True
apps_python_74,clean_schema_mismatch,1,L21H12,1.4545454545454546,False,False
apps_python_74,clean_schema_mismatch,2,MLP27,1.9702540106951871,True,True
apps_python_74,clean_no_protocol,1,L21H12,0.8983957219251337,False,False
apps_python_74,clean_no_protocol,2,MLP27,1.5467914438502675,False,False
codecontests_cpp_74,clean_no_schema,1,L21H12,0.26134950248756217,True,True
codecontests_cpp_74,clean_no_schema,2,MLP27,0.29096703980099503,True,True
codecontests_cpp_74,clean_schema_mismatch,1,L21H12,0.46299751243781095,True,True
codecontests_cpp_74,clean_schema_mismatch,2,MLP27,0.529170553482587,True,True
codecontests_cpp_74,clean_no_protocol,1,L21H12,0.6218905472636815,False,False
codecontests_cpp_74,clean_no_protocol,2,MLP27,1.0355254975124377,True,True
codecontests_java_74,clean_no_schema,1,L21H12,0.7386853448275862,False,False
codecontests_java_74,clean_no_schema,2,MLP27,0.8419989224137931,True,True
codecontests_java_74,clean_schema_mismatch,1,L21H12,1.0948275862068966,False,False
codecontests_java_74,clean_schema_mismatch,2,MLP27,1.2471544989224137,True,True
codecontests_java_74,clean_no_protocol,1,L21H12,0.9288793103448276,False,False
codecontests_java_74,clean_no_protocol,2,MLP27,1.4084051724137931,True,True
humaneval_python_74,clean_no_schema,1,L21H12,0.19566441441441443,True,True
humaneval_python_74,clean_no_schema,2,MLP27,0.16216216216216217,False,True
humaneval_python_74,clean_schema_mismatch,1,L21H12,0.8907657657657657,False,False
humaneval_python_74,clean_schema_mismatch,2,MLP27,1.0271677927927927,True,True
humaneval_python_74,clean_no_protocol,1,L21H12,1.2342342342342343,False,False
humaneval_python_74,clean_no_protocol,2,MLP27,1.7376126126126126,False,False
apps_python_75,clean_no_schema,1,L21H12,0.001739083904109589,True,True
apps_python_75,clean_no_schema,2,MLP27,-0.0007491438356164383,True,True
apps_python_75,clean_schema_mismatch,1,L21H12,0.6426940639269406,False,False
apps_python_75,clean_schema_mismatch,2,MLP27,0.8017979452054794,True,True
apps_python_75,clean_no_protocol,1,L21H12,3.506849315068493,False,False
apps_python_75,clean_no_protocol,2,MLP27,4.799086757990867,False,False
codecontests_cpp_75,clean_no_schema,1,L21H12,1.061764705882353,False,False
codecontests_cpp_75,clean_no_schema,2,MLP27,1.2488970588235293,True,True
codecontests_cpp_75,clean_schema_mismatch,1,L21H12,1.688235294117647,False,False
codecontests_cpp_75,clean_schema_mismatch,2,MLP27,2.0338235294117646,True,True
codecontests_cpp_75,clean_no_protocol,1,L21H12,1.7,False,False
codecontests_cpp_75,clean_no_protocol,2,MLP27,2.414705882352941,False,True
codecontests_java_75,clean_no_schema,1,L21H12,0.5252403846153846,True,True
codecontests_java_75,clean_no_schema,2,MLP27,0.5709885817307693,True,True
codecontests_java_75,clean_schema_mismatch,1,L21H12,0.16988431490384615,True,True
codecontests_java_75,clean_schema_mismatch,2,MLP27,0.17629065880408654,True,True
codecontests_java_75,clean_no_protocol,1,L21H12,0.5949519230769231,False,False
codecontests_java_75,clean_no_protocol,2,MLP27,0.6873873197115384,True,True
apps_python_76,clean_no_schema,1,L21H12,0.04499246987951807,True,True
apps_python_76,clean_no_schema,2,MLP27,0.0011295180722891566,True,True
apps_python_76,clean_schema_mismatch,1,L21H12,0.9006024096385542,False,False
apps_python_76,clean_schema_mismatch,2,MLP27,1.2499058734939759,True,True
apps_python_76,clean_no_protocol,1,L21H12,2.819277108433735,False,False
apps_python_76,clean_no_protocol,2,MLP27,4.120481927710843,False,False
codecontests_java_76,clean_no_schema,1,L21H12,0.6206487341772152,True,True
codecontests_java_76,clean_no_schema,2,MLP27,0.6532832278481012,True,True
codecontests_java_76,clean_schema_mismatch,1,L21H12,1.4976265822784811,True,True
codecontests_java_76,clean_schema_mismatch,2,MLP27,1.5706586234177216,True,True
codecontests_java_76,clean_no_protocol,1,L21H12,2.1487341772151898,False,False
codecontests_java_76,clean_no_protocol,2,MLP27,2.695411392405063,True,True
humaneval_python_76,clean_no_schema,1,L21H12,0.7396373056994818,False,False
humaneval_python_76,clean_no_schema,2,MLP27,0.8293393782383419,True,True
humaneval_python_76,clean_schema_mismatch,1,L21H12,0.5909974093264249,True,True
humaneval_python_76,clean_schema_mismatch,2,MLP27,0.646484375,True,True
humaneval_python_76,clean_no_protocol,1,L21H12,0.8471502590673575,False,False
humaneval_python_76,clean_no_protocol,2,MLP27,1.1967292746113989,True,True
apps_python_77,clean_no_schema,1,L21H12,0.20964125560538116,True,True
apps_python_77,clean_no_schema,2,MLP27,0.1975896860986547,True,True
apps_python_77,clean_schema_mismatch,1,L21H12,0.6087443946188341,False,True
apps_python_77,clean_schema_mismatch,2,MLP27,0.6835762331838565,True,True
apps_python_77,clean_no_protocol,1,L21H12,1.1210762331838564,False,False
apps_python_77,clean_no_protocol,2,MLP27,1.5022421524663676,False,False
codecontests_cpp_77,clean_no_schema,1,L21H12,1.1053370786516854,False,False
codecontests_cpp_77,clean_no_schema,2,MLP27,1.3167134831460674,True,True
codecontests_cpp_77,clean_schema_mismatch,1,L21H12,1.0042134831460674,False,False
codecontests_cpp_77,clean_schema_mismatch,2,MLP27,1.194873595505618,True,True
codecontests_cpp_77,clean_no_protocol,1,L21H12,1.098314606741573,False,False
codecontests_cpp_77,clean_no_protocol,2,MLP27,1.6123595505617978,True,True
codecontests_java_77,clean_no_schema,1,L21H12,0.3843137254901961,False,False
codecontests_java_77,clean_no_schema,2,MLP27,0.5009191176470589,True,True
codecontests_java_77,clean_schema_mismatch,1,L21H12,0.5049019607843137,False,False
codecontests_java_77,clean_schema_mismatch,2,MLP27,0.667156862745098,True,True
codecontests_java_77,clean_no_protocol,1,L21H12,0.9568627450980393,False,False
codecontests_java_77,clean_no_protocol,2,MLP27,1.7568627450980392,False,False
humaneval_python_78,clean_no_schema,1,L21H12,0.5652985074626866,False,False
humaneval_python_78,clean_no_schema,2,MLP27,0.7574626865671642,False,False
humaneval_python_78,clean_schema_mismatch,1,L21H12,0.5242537313432836,False,False
humaneval_python_78,clean_schema_mismatch,2,MLP27,0.7171175373134329,True,True
humaneval_python_78,clean_no_protocol,1,L21H12,1.507462686567164,False,False
humaneval_python_78,clean_no_protocol,2,MLP27,2.360074626865672,False,False
apps_python_79,clean_no_schema,1,L21H12,0.7051282051282052,False,False
apps_python_79,clean_no_schema,2,MLP27,0.7064102564102565,False,False
apps_python_79,clean_schema_mismatch,1,L21H12,0.8564102564102564,False,False
apps_python_79,clean_schema_mismatch,2,MLP27,1.026201923076923,True,True
apps_python_79,clean_no_protocol,1,L21H12,1.3948717948717948,False,False
apps_python_79,clean_no_protocol,2,MLP27,1.7615384615384615,False,False
codecontests_cpp_79,clean_no_schema,1,L21H12,0.7092592592592593,False,False
codecontests_cpp_79,clean_no_schema,2,MLP27,0.8916666666666667,True,True
codecontests_cpp_79,clean_schema_mismatch,1,L21H12,1.4481481481481482,False,False
codecontests_cpp_79,clean_schema_mismatch,2,MLP27,1.8689814814814816,True,True
codecontests_cpp_79,clean_no_protocol,1,L21H12,1.9185185185185185,False,False
codecontests_cpp_79,clean_no_protocol,2,MLP27,2.8550925925925927,True,True
codecontests_java_79,clean_no_schema,1,L21H12,1.1932692307692307,True,True
codecontests_java_79,clean_no_schema,2,MLP27,1.2477463942307692,True,True
codecontests_java_79,clean_schema_mismatch,1,L21H12,0.93203125,True,True
codecontests_java_79,clean_schema_mismatch,2,MLP27,0.9452524038461538,True,True
codecontests_java_79,clean_no_protocol,1,L21H12,1.0932692307692307,False,False
codecontests_java_79,clean_no_protocol,2,MLP27,1.326171875,True,True
mbpp_python_79,clean_no_schema,1,L21H12,0.5747663551401869,False,True
mbpp_python_79,clean_no_schema,2,MLP27,0.49883177570093457,False,False
mbpp_python_79,clean_schema_mismatch,1,L21H12,0.852803738317757,False,False
mbpp_python_79,clean_schema_mismatch,2,MLP27,0.9398364485981309,True,True
mbpp_python_79,clean_no_protocol,1,L21H12,3.0093457943925235,False,False
mbpp_python_79,clean_no_protocol,2,MLP27,3.8901869158878504,False,False
apps_python_80,clean_no_schema,1,L21H12,0.4298245614035088,False,False
apps_python_80,clean_no_schema,2,MLP27,0.46765350877192985,False,False
apps_python_80,clean_schema_mismatch,1,L21H12,1.0460526315789473,False,False
apps_python_80,clean_schema_mismatch,2,MLP27,1.4632675438596492,False,True
apps_python_80,clean_no_protocol,1,L21H12,0.8947368421052632,False,False
apps_python_80,clean_no_protocol,2,MLP27,1.4046052631578947,False,False
codecontests_cpp_80,clean_no_schema,1,L21H12,0.8584558823529411,True,True
codecontests_cpp_80,clean_no_schema,2,MLP27,0.9324448529411765,True,True
codecontests_cpp_80,clean_schema_mismatch,1,L21H12,2.4338235294117645,False,False
codecontests_cpp_80,clean_schema_mismatch,2,MLP27,2.783203125,True,True
codecontests_cpp_80,clean_no_protocol,1,L21H12,2.8088235294117645,False,False
codecontests_cpp_80,clean_no_protocol,2,MLP27,3.8621323529411766,True,False
codecontests_java_80,clean_no_schema,1,L21H12,0.5207331730769231,True,True
codecontests_java_80,clean_no_schema,2,MLP27,0.5340544871794872,True,True
codecontests_java_80,clean_schema_mismatch,1,L21H12,0.6668669871794872,True,True
codecontests_java_80,clean_schema_mismatch,2,MLP27,0.694755358573718,True,True
codecontests_java_80,clean_no_protocol,1,L21H12,0.9631410256410257,False,False
codecontests_java_80,clean_no_protocol,2,MLP27,1.167918669871795,True,True
apps_python_81,clean_no_schema,1,L21H12,0.1936813186813187,True,True
apps_python_81,clean_no_schema,2,MLP27,0.20209478021978022,True,True
apps_python_81,clean_schema_mismatch,1,L21H12,1.3537087912087913,False,False
apps_python_81,clean_schema_mismatch,2,MLP27,1.5144230769230769,True,True
apps_python_81,clean_no_protocol,1,L21H12,1.098901098901099,False,False
apps_python_81,clean_no_protocol,2,MLP27,1.370879120879121,True,True
codecontests_java_81,clean_no_schema,1,L21H12,2.089817880794702,True,True
codecontests_java_81,clean_no_schema,2,MLP27,2.1418667218543046,True,True
codecontests_java_81,clean_schema_mismatch,1,L21H12,0.3048427152317881,True,True
codecontests_java_81,clean_schema_mismatch,2,MLP27,0.3074425703642384,True,True
codecontests_java_81,clean_no_protocol,1,L21H12,4.193708609271523,True,True
codecontests_java_81,clean_no_protocol,2,MLP27,4.590335264900662,True,True
mbpp_python_81,clean_no_schema,1,L21H12,0.011707715395480225,True,True
mbpp_python_81,clean_no_schema,2,MLP27,0.007834569209039547,True,True
mbpp_python_81,clean_schema_mismatch,1,L21H12,0.1739053672316384,True,True
mbpp_python_81,clean_schema_mismatch,2,MLP27,0.20348914194915255,True,True
mbpp_python_81,clean_no_protocol,1,L21H12,3.6271186440677967,False,False
mbpp_python_81,clean_no_protocol,2,MLP27,5.598870056497175,False,False
apps_python_82,clean_no_schema,1,L21H12,0.594170403587444,False,False
apps_python_82,clean_no_schema,2,MLP27,0.6973094170403588,False,False
apps_python_82,clean_schema_mismatch,1,L21H12,0.9865470852017937,False,False
apps_python_82,clean_schema_mismatch,2,MLP27,1.3185257847533631,True,True
apps_python_82,clean_no_protocol,1,L21H12,1.0269058295964126,False,False
apps_python_82,clean_no_protocol,2,MLP27,1.5560538116591929,False,False
codecontests_java_82,clean_no_schema,1,L21H12,0.11295324427480916,True,True
codecontests_java_82,clean_no_schema,2,MLP27,0.12822041984732824,True,True
codecontests_java_82,clean_schema_mismatch,1,L21H12,0.5109136450381679,True,True
codecontests_java_82,clean_schema_mismatch,2,MLP27,0.5221664778148855,True,True
codecontests_java_82,clean_no_protocol,1,L21H12,1.1202290076335877,False,False
codecontests_java_82,clean_no_protocol,2,MLP27,1.400345896946565,True,True
apps_python_83,clean_no_schema,1,L21H12,0.0037275326797385623,True,True
apps_python_83,clean_no_schema,2,MLP27,-0.015395220588235295,True,True
apps_python_83,clean_schema_mismatch,1,L21H12,0.13684640522875818,True,True
apps_python_83,clean_schema_mismatch,2,MLP27,0.1670751633986928,True,True
apps_python_83,clean_no_protocol,1,L21H12,1.3202614379084967,False,False
apps_python_83,clean_no_protocol,2,MLP27,1.9264705882352942,False,False
codecontests_cpp_83,clean_no_schema,1,L21H12,0.9726890756302521,False,False
codecontests_cpp_83,clean_no_schema,2,MLP27,1.1470588235294117,True,True
codecontests_cpp_83,clean_schema_mismatch,1,L21H12,0.5278361344537815,True,True
codecontests_cpp_83,clean_schema_mismatch,2,MLP27,0.6004464285714286,True,True
codecontests_cpp_83,clean_no_protocol,1,L21H12,2.302521008403361,False,False
codecontests_cpp_83,clean_no_protocol,2,MLP27,3.786764705882353,False,False
codecontests_java_83,clean_no_schema,1,L21H12,0.6823863636363636,True,True
codecontests_java_83,clean_no_schema,2,MLP27,0.7505681818181819,True,True
codecontests_java_83,clean_schema_mismatch,1,L21H12,0.15234375,True,True
codecontests_java_83,clean_schema_mismatch,2,MLP27,0.15886896306818182,True,True
codecontests_java_83,clean_no_protocol,1,L21H12,1.809090909090909,False,False
codecontests_java_83,clean_no_protocol,2,MLP27,2.9335227272727273,True,True
apps_python_84,clean_no_schema,1,L21H12,0.9285714285714286,False,False
apps_python_84,clean_no_schema,2,MLP27,0.9933862433862434,False,False
apps_python_84,clean_schema_mismatch,1,L21H12,1.062169312169312,False,False
apps_python_84,clean_schema_mismatch,2,MLP27,1.22635582010582,True,True
apps_python_84,clean_no_protocol,1,L21H12,1.7936507936507937,False,False
apps_python_84,clean_no_protocol,2,MLP27,2.5436507936507935,False,False
codecontests_java_84,clean_no_schema,1,L21H12,0.25646551724137934,True,True
codecontests_java_84,clean_no_schema,2,MLP27,0.31124281609195403,True,True
codecontests_java_84,clean_schema_mismatch,1,L21H12,0.26104525862068967,True,True
codecontests_java_84,clean_schema_mismatch,2,MLP27,0.27532327586206895,True,True
codecontests_java_84,clean_no_protocol,1,L21H12,2.045977011494253,False,False
codecontests_java_84,clean_no_protocol,2,MLP27,3.0172413793103448,False,False
humaneval_python_84,clean_no_schema,1,L21H12,0.2150186567164179,False,True
humaneval_python_84,clean_no_schema,2,MLP27,0.19309701492537312,False,True
humaneval_python_84,clean_schema_mismatch,1,L21H12,0.22415267412935325,True,True
humaneval_python_84,clean_schema_mismatch,2,MLP27,0.22671797263681592,True,True
humaneval_python_84,clean_no_protocol,1,L21H12,1.2860696517412935,False,False
humaneval_python_84,clean_no_protocol,2,MLP27,1.5049751243781095,False,True
apps_python_85,clean_no_schema,1,L21H12,0.4988038277511962,False,False
apps_python_85,clean_no_schema,2,MLP27,0.5,False,False
apps_python_85,clean_schema_mismatch,1,L21H12,1.3779904306220097,False,False
apps_python_85,clean_schema_mismatch,2,MLP27,2.0155502392344498,False,True
apps_python_85,clean_no_protocol,1,L21H12,3.444976076555024,False,False
apps_python_85,clean_no_protocol,2,MLP27,4.569377990430622,False,False
codecontests_cpp_85,clean_no_schema,1,L21H12,0.701271186440678,False,False
codecontests_cpp_85,clean_no_schema,2,MLP27,0.9163135593220338,True,True
codecontests_cpp_85,clean_schema_mismatch,1,L21H12,1.8029661016949152,False,False
codecontests_cpp_85,clean_schema_mismatch,2,MLP27,2.1202330508474576,True,True
codecontests_cpp_85,clean_no_protocol,1,L21H12,1.7754237288135593,False,False
codecontests_cpp_85,clean_no_protocol,2,MLP27,2.3540783898305087,True,True
codecontests_java_85,clean_no_schema,1,L21H12,0.7928082191780822,False,False
codecontests_java_85,clean_no_schema,2,MLP27,1.1474743150684932,True,True
codecontests_java_85,clean_schema_mismatch,1,L21H12,0.426583904109589,True,True
codecontests_java_85,clean_schema_mismatch,2,MLP27,0.4764019691780822,True,True
codecontests_java_85,clean_no_protocol,1,L21H12,1.3082191780821917,False,False
codecontests_java_85,clean_no_protocol,2,MLP27,2.3142123287671232,True,True
humaneval_python_85,clean_no_schema,1,L21H12,0.07822779605263158,True,True
humaneval_python_85,clean_no_schema,2,MLP27,-0.05263157894736842,False,True
humaneval_python_85,clean_schema_mismatch,1,L21H12,0.8421052631578947,False,True
humaneval_python_85,clean_schema_mismatch,2,MLP27,0.9747635690789473,True,True
humaneval_python_85,clean_no_protocol,1,L21H12,3.460526315789474,False,False
humaneval_python_85,clean_no_protocol,2,MLP27,4.4292763157894735,False,True
apps_python_86,clean_no_schema,1,L21H12,0.26055194805194803,False,True
apps_python_86,clean_no_schema,2,MLP27,0.20292207792207792,False,False
apps_python_86,clean_schema_mismatch,1,L21H12,0.34334415584415584,False,False
apps_python_86,clean_schema_mismatch,2,MLP27,0.43993506493506496,True,True
apps_python_86,clean_no_protocol,1,L21H12,1.5844155844155845,False,False
apps_python_86,clean_no_protocol,2,MLP27,2.186688311688312,False,False
codecontests_java_86,clean_no_schema,1,L21H12,0.2746212121212121,True,True
codecontests_java_86,clean_no_schema,2,MLP27,0.30699573863636365,True,True
codecontests_java_86,clean_schema_mismatch,1,L21H12,0.2995975378787879,True,True
codecontests_java_86,clean_schema_mismatch,2,MLP27,0.31690932765151514,True,True
codecontests_java_86,clean_no_protocol,1,L21H12,2.5757575757575757,False,False
codecontests_java_86,clean_no_protocol,2,MLP27,3.9119318181818183,True,True
apps_python_87,clean_no_schema,1,L21H12,0.35723350253807107,True,True
apps_python_87,clean_no_schema,2,MLP27,0.3001269035532995,True,True
apps_python_87,clean_schema_mismatch,1,L21H12,1.583756345177665,False,False
apps_python_87,clean_schema_mismatch,2,MLP27,2.08248730964467,False,True
apps_python_87,clean_no_protocol,1,L21H12,3.482233502538071,False,False
apps_python_87,clean_no_protocol,2,MLP27,4.50761421319797,False,False
codecontests_cpp_87,clean_no_schema,1,L21H12,0.9676339285714286,False,False
codecontests_cpp_87,clean_no_schema,2,MLP27,1.1559709821428572,True,True
codecontests_cpp_87,clean_schema_mismatch,1,L21H12,1.8370535714285714,False,False
codecontests_cpp_87,clean_schema_mismatch,2,MLP27,2.193080357142857,True,True
codecontests_cpp_87,clean_no_protocol,1,L21H12,2.5982142857142856,False,False
codecontests_cpp_87,clean_no_protocol,2,MLP27,4.245535714285714,False,False
codecontests_java_87,clean_no_schema,1,L21H12,1.5337009803921569,True,True
codecontests_java_87,clean_no_schema,2,MLP27,1.6372549019607843,True,True
codecontests_java_87,clean_schema_mismatch,1,L21H12,1.4659926470588236,True,True
codecontests_java_87,clean_schema_mismatch,2,MLP27,1.508233762254902,True,True
codecontests_java_87,clean_no_protocol,1,L21H12,1.8112745098039216,False,False
codecontests_java_87,clean_no_protocol,2,MLP27,2.2229626225490198,True,True
apps_python_88,clean_no_schema,1,L21H12,0.416289592760181,False,True
apps_python_88,clean_no_schema,2,MLP27,0.45361990950226244,False,True
apps_python_88,clean_schema_mismatch,1,L21H12,0.5384615384615384,False,False
apps_python_88,clean_schema_mismatch,2,MLP27,0.8180147058823529,True,True
apps_python_88,clean_no_protocol,1,L21H12,0.8235294117647058,False,False
apps_python_88,clean_no_protocol,2,MLP27,1.4434389140271493,False,False
codecontests_java_88,clean_no_schema,1,L21H12,0.2457191780821918,True,True
codecontests_java_88,clean_no_schema,2,MLP27,0.2917915239726027,True,True
codecontests_java_88,clean_schema_mismatch,1,L21H12,0.5398116438356164,False,False
codecontests_java_88,clean_schema_mismatch,2,MLP27,0.618337970890411,True,True
codecontests_java_88,clean_no_protocol,1,L21H12,1.1712328767123288,False,False
codecontests_java_88,clean_no_protocol,2,MLP27,1.8373287671232876,False,False
codecontests_cpp_89,clean_no_schema,1,L21H12,0.5717741935483871,True,True
codecontests_cpp_89,clean_no_schema,2,MLP27,0.6342741935483871,True,True
codecontests_cpp_89,clean_schema_mismatch,1,L21H12,1.1516129032258065,False,False
codecontests_cpp_89,clean_schema_mismatch,2,MLP27,1.3397177419354838,True,True
codecontests_cpp_89,clean_no_protocol,1,L21H12,1.5032258064516129,False,False
codecontests_cpp_89,clean_no_protocol,2,MLP27,2.321774193548387,True,True
codecontests_java_89,clean_no_schema,1,L21H12,0.634765625,True,True
codecontests_java_89,clean_no_schema,2,MLP27,0.65703125,True,True
codecontests_java_89,clean_schema_mismatch,1,L21H12,1.1455729166666666,True,True
codecontests_java_89,clean_schema_mismatch,2,MLP27,1.1572672526041667,True,True
codecontests_java_89,clean_no_protocol,1,L21H12,1.1614583333333333,False,False
codecontests_java_89,clean_no_protocol,2,MLP27,1.3561197916666667,True,True
codecontests_java_90,clean_no_schema,1,L21H12,0.25101214574898784,True,True
codecontests_java_90,clean_no_schema,2,MLP27,0.2902327935222672,True,True
codecontests_java_90,clean_schema_mismatch,1,L21H12,0.046463815789473686,True,True
codecontests_java_90,clean_schema_mismatch,2,MLP27,0.05029494559716599,True,True
codecontests_java_90,clean_no_protocol,1,L21H12,1.611336032388664,False,False
codecontests_java_90,clean_no_protocol,2,MLP27,2.4595141700404857,True,True
apps_python_91,clean_no_schema,1,L21H12,0.03478515625,True,True
apps_python_91,clean_no_schema,2,MLP27,0.025390625,True,True
apps_python_91,clean_schema_mismatch,1,L21H12,1.2875,False,False
apps_python_91,clean_schema_mismatch,2,MLP27,1.6271875,True,True
apps_python_91,clean_no_protocol,1,L21H12,3.33,False,False
apps_python_91,clean_no_protocol,2,MLP27,4.135,False,False
codecontests_cpp_91,clean_no_schema,1,L21H12,0.07566652097902098,True,True
codecontests_cpp_91,clean_no_schema,2,MLP27,0.08066542832167832,True,True
codecontests_cpp_91,clean_schema_mismatch,1,L21H12,2.847902097902098,False,False
codecontests_cpp_91,clean_schema_mismatch,2,MLP27,3.129152097902098,True,True
codecontests_cpp_91,clean_no_protocol,1,L21H12,2.1468531468531467,False,False
codecontests_cpp_91,clean_no_protocol,2,MLP27,3.160620629370629,True,True
codecontests_java_91,clean_no_schema,1,L21H12,0.30538712686567165,True,True
codecontests_java_91,clean_no_schema,2,MLP27,0.3246414412313433,True,True
codecontests_java_91,clean_schema_mismatch,1,L21H12,0.023521309468283583,True,True
codecontests_java_91,clean_schema_mismatch,2,MLP27,0.024043752186333957,True,True
codecontests_java_91,clean_no_protocol,1,L21H12,1.2546641791044777,False,False
codecontests_java_91,clean_no_protocol,2,MLP27,1.4562733208955223,True,True
apps_python_92,clean_no_schema,1,L21H12,0.20372137404580154,True,True
apps_python_92,clean_no_schema,2,MLP27,0.1898854961832061,True,True
apps_python_92,clean_schema_mismatch,1,L21H12,2.0343511450381677,False,False
apps_python_92,clean_schema_mismatch,2,MLP27,2.8795324427480917,True,True
apps_python_92,clean_no_protocol,1,L21H12,4.076335877862595,False,False
apps_python_92,clean_no_protocol,2,MLP27,5.782442748091603,False,False
codecontests_java_92,clean_no_schema,1,L21H12,0.734571129707113,True,True
codecontests_java_92,clean_no_schema,2,MLP27,0.7645135983263598,True,True
codecontests_java_92,clean_schema_mismatch,1,L21H12,0.7632714435146444,True,True
codecontests_java_92,clean_schema_mismatch,2,MLP27,0.7775317076359832,True,True
codecontests_java_92,clean_no_protocol,1,L21H12,3.2343096234309625,False,False
codecontests_java_92,clean_no_protocol,2,MLP27,4.123430962343096,True,True
apps_python_93,clean_no_schema,1,L21H12,0.02534603310502283,True,True
apps_python_93,clean_no_schema,2,MLP27,-0.006563926940639269,True,True
apps_python_93,clean_schema_mismatch,1,L21H12,0.6655251141552512,False,False
apps_python_93,clean_schema_mismatch,2,MLP27,0.7922374429223744,True,True
apps_python_93,clean_no_protocol,1,L21H12,2.73972602739726,False,False
apps_python_93,clean_no_protocol,2,MLP27,3.7260273972602738,False,False
codecontests_cpp_93,clean_no_schema,1,L21H12,0.5949612403100775,False,False
codecontests_cpp_93,clean_no_schema,2,MLP27,0.7066375968992248,True,True
codecontests_cpp_93,clean_schema_mismatch,1,L21H12,2.10077519379845,False,False
codecontests_cpp_93,clean_schema_mismatch,2,MLP27,2.413154069767442,True,True
codecontests_cpp_93,clean_no_protocol,1,L21H12,2.372093023255814,False,False
codecontests_cpp_93,clean_no_protocol,2,MLP27,3.4825581395348837,False,False
codecontests_java_93,clean_no_schema,1,L21H12,0.7012290794979079,True,True
codecontests_java_93,clean_no_schema,2,MLP27,0.7162003138075314,True,True
codecontests_java_93,clean_schema_mismatch,1,L21H12,0.22400464173640167,True,True
codecontests_java_93,clean_schema_mismatch,2,MLP27,0.22575040043148537,True,True
codecontests_java_93,clean_no_protocol,1,L21H12,1.6401673640167365,False,False
codecontests_java_93,clean_no_protocol,2,MLP27,1.9385460251046025,True,True
apps_python_94,clean_no_schema,1,L21H12,0.4094626168224299,False,False
apps_python_94,clean_no_schema,2,MLP27,0.4591121495327103,True,True
apps_python_94,clean_schema_mismatch,1,L21H12,0.9602803738317757,False,False
apps_python_94,clean_schema_mismatch,2,MLP27,1.0915595794392523,True,True
apps_python_94,clean_no_protocol,1,L21H12,1.3691588785046729,False,False
apps_python_94,clean_no_protocol,2,MLP27,1.9626168224299065,False,False
codecontests_cpp_94,clean_no_schema,1,L21H12,0.8158995815899581,False,False
codecontests_cpp_94,clean_no_schema,2,MLP27,0.9743723849372385,True,True
codecontests_cpp_94,clean_schema_mismatch,1,L21H12,1.5899581589958158,True,False
codecontests_cpp_94,clean_schema_mismatch,2,MLP27,1.7899450836820083,True,True
codecontests_cpp_94,clean_no_protocol,1,L21H12,2.8619246861924688,False,False
codecontests_cpp_94,clean_no_protocol,2,MLP27,5.123430962343096,False,False
codecontests_java_94,clean_no_schema,1,L21H12,0.5741525423728814,False,False
codecontests_java_94,clean_no_schema,2,MLP27,0.6795550847457628,True,True
codecontests_java_94,clean_schema_mismatch,1,L21H12,0.4957627118644068,False,False
codecontests_java_94,clean_schema_mismatch,2,MLP27,0.5528005826271186,True,True
codecontests_java_94,clean_no_protocol,1,L21H12,0.5942796610169492,False,False
codecontests_java_94,clean_no_protocol,2,MLP27,0.8349443855932204,True,True
apps_python_95,clean_no_schema,1,L21H12,0.38263358778625955,True,True
apps_python_95,clean_no_schema,2,MLP27,0.3291984732824427,True,True
apps_python_95,clean_schema_mismatch,1,L21H12,2.519083969465649,False,False
apps_python_95,clean_schema_mismatch,2,MLP27,3.5849236641221376,True,True
apps_python_95,clean_no_protocol,1,L21H12,4.320610687022901,False,False
apps_python_95,clean_no_protocol,2,MLP27,6.522900763358779,False,False
codecontests_cpp_95,clean_no_schema,1,L21H12,1.3690987124463518,False,False
codecontests_cpp_95,clean_no_schema,2,MLP27,1.613197424892704,True,True
codecontests_cpp_95,clean_schema_mismatch,1,L21H12,0.4857832618025751,True,True
codecontests_cpp_95,clean_schema_mismatch,2,MLP27,0.5257846030042919,True,True
codecontests_cpp_95,clean_no_protocol,1,L21H12,1.5107296137339057,False,False
codecontests_cpp_95,clean_no_protocol,2,MLP27,2.744098712446352,True,True
codecontests_java_95,clean_no_schema,1,L21H12,1.326086956521739,False,False
codecontests_java_95,clean_no_schema,2,MLP27,1.6925465838509317,False,False
codecontests_java_95,clean_schema_mismatch,1,L21H12,1.5776397515527951,False,False
codecontests_java_95,clean_schema_mismatch,2,MLP27,1.969332298136646,True,True
codecontests_java_95,clean_no_protocol,1,L21H12,1.795031055900621,False,False
codecontests_java_95,clean_no_protocol,2,MLP27,2.891304347826087,False,False
humaneval_python_95,clean_no_schema,1,L21H12,0.19291907514450868,True,True
humaneval_python_95,clean_no_schema,2,MLP27,0.13908959537572255,True,True
humaneval_python_95,clean_schema_mismatch,1,L21H12,0.4541184971098266,True,True
humaneval_python_95,clean_schema_mismatch,2,MLP27,0.49128432080924855,True,True
humaneval_python_95,clean_no_protocol,1,L21H12,2.0346820809248554,False,False
humaneval_python_95,clean_no_protocol,2,MLP27,2.4104046242774566,False,False
apps_python_96,clean_no_schema,1,L21H12,0.38612565445026176,False,True
apps_python_96,clean_no_schema,2,MLP27,0.3880890052356021,False,True
apps_python_96,clean_schema_mismatch,1,L21H12,1.337696335078534,False,False
apps_python_96,clean_schema_mismatch,2,MLP27,1.846776832460733,True,True
apps_python_96,clean_no_protocol,1,L21H12,2.397905759162304,False,False
apps_python_96,clean_no_protocol,2,MLP27,3.481675392670157,False,False
codecontests_java_96,clean_no_schema,1,L21H12,0.1762019230769231,True,True
codecontests_java_96,clean_no_schema,2,MLP27,0.181640625,True,True
codecontests_java_96,clean_schema_mismatch,1,L21H12,2.123076923076923,True,True
codecontests_java_96,clean_schema_mismatch,2,MLP27,2.1950721153846153,True,True
codecontests_java_96,clean_no_protocol,1,L21H12,3.5384615384615383,False,False
codecontests_java_96,clean_no_protocol,2,MLP27,4.578365384615385,True,True
mbpp_python_96,clean_no_schema,1,L21H12,0.5870646766169154,False,False
mbpp_python_96,clean_no_schema,2,MLP27,0.5373134328358209,False,False
mbpp_python_96,clean_schema_mismatch,1,L21H12,0.9639303482587065,False,False
mbpp_python_96,clean_schema_mismatch,2,MLP27,1.1735074626865671,True,True
mbpp_python_96,clean_no_protocol,1,L21H12,1.900497512437811,False,False
mbpp_python_96,clean_no_protocol,2,MLP27,2.6965174129353233,False,False
apps_python_97,clean_no_schema,1,L21H12,0.011363636363636364,True,True
apps_python_97,clean_no_schema,2,MLP27,0.0035511363636363635,True,True
apps_python_97,clean_schema_mismatch,1,L21H12,0.48513986013986016,False,True
apps_python_97,clean_schema_mismatch,2,MLP27,0.592111013986014,True,True
apps_python_97,clean_no_protocol,1,L21H12,2.1188811188811187,False,False
apps_python_97,clean_no_protocol,2,MLP27,2.9344405594405596,False,False
humaneval_python_97,clean_no_schema,1,L21H12,0.1508736559139785,True,True
humaneval_python_97,clean_no_schema,2,MLP27,0.11088709677419355,False,True
humaneval_python_97,clean_schema_mismatch,1,L21H12,0.5678763440860215,False,False
humaneval_python_97,clean_schema_mismatch,2,MLP27,0.7127016129032258,True,True
humaneval_python_97,clean_no_protocol,1,L21H12,1.3387096774193548,False,False
humaneval_python_97,clean_no_protocol,2,MLP27,2.064516129032258,False,False
apps_python_98,clean_no_schema,1,L21H12,0.2460703592814371,True,True
apps_python_98,clean_no_schema,2,MLP27,0.23278443113772454,True,True
apps_python_98,clean_schema_mismatch,1,L21H12,0.9491017964071856,False,False
apps_python_98,clean_schema_mismatch,2,MLP27,1.3220434131736527,True,True
apps_python_98,clean_no_protocol,1,L21H12,0.9281437125748503,False,False
apps_python_98,clean_no_protocol,2,MLP27,1.3667664670658684,False,True
codecontests_cpp_98,clean_no_schema,1,L21H12,0.10669948630136987,True,True
codecontests_cpp_98,clean_no_schema,2,MLP27,0.11494006849315068,True,True
codecontests_cpp_98,clean_schema_mismatch,1,L21H12,0.3394691780821918,True,True
codecontests_cpp_98,clean_schema_mismatch,2,MLP27,0.3570339255136986,True,True
codecontests_cpp_98,clean_no_protocol,1,L21H12,0.8304794520547946,False,False
codecontests_cpp_98,clean_no_protocol,2,MLP27,1.2147902397260273,True,True
codecontests_java_98,clean_no_schema,1,L21H12,0.3984375,True,True
codecontests_java_98,clean_no_schema,2,MLP27,0.41692708333333334,True,True
codecontests_java_98,clean_schema_mismatch,1,L21H12,0.18391927083333334,True,True
codecontests_java_98,clean_schema_mismatch,2,MLP27,0.18800998263888888,True,True
codecontests_java_98,clean_no_protocol,1,L21H12,1.8805555555555555,False,False
codecontests_java_98,clean_no_protocol,2,MLP27,2.372048611111111,True,True
apps_python_99,clean_no_schema,1,L21H12,0.7801507537688442,False,False
apps_python_99,clean_no_schema,2,MLP27,0.8442211055276382,False,False
apps_python_99,clean_schema_mismatch,1,L21H12,1.2613065326633166,False,False
apps_python_99,clean_schema_mismatch,2,MLP27,1.6579773869346734,True,True
apps_python_99,clean_no_protocol,1,L21H12,0.8944723618090452,False,False
apps_python_99,clean_no_protocol,2,MLP27,1.556532663316583,False,False
codecontests_cpp_99,clean_no_schema,1,L21H12,0.10394736842105264,True,True
codecontests_cpp_99,clean_no_schema,2,MLP27,0.1350328947368421,True,True
codecontests_cpp_99,clean_schema_mismatch,1,L21H12,0.530921052631579,True,True
codecontests_cpp_99,clean_schema_mismatch,2,MLP27,0.5902549342105263,True,True
codecontests_cpp_99,clean_no_protocol,1,L21H12,1.4526315789473685,False,False
codecontests_cpp_99,clean_no_protocol,2,MLP27,2.1192434210526314,True,True
codecontests_java_99,clean_no_schema,1,L21H12,0.8253424657534246,False,False
codecontests_java_99,clean_no_schema,2,MLP27,0.9814497716894978,True,True
codecontests_java_99,clean_schema_mismatch,1,L21H12,1.106164383561644,False,False
codecontests_java_99,clean_schema_mismatch,2,MLP27,1.2223173515981736,True,True
codecontests_java_99,clean_no_protocol,1,L21H12,1.5753424657534247,False,False
codecontests_java_99,clean_no_protocol,2,MLP27,2.154680365296804,True,True
apps_python_100,clean_no_schema,1,L21H12,0.022270698051948052,True,True
apps_python_100,clean_no_schema,2,MLP27,0.016233766233766232,True,True
apps_python_100,clean_schema_mismatch,1,L21H12,0.8571428571428571,True,True
apps_python_100,clean_schema_mismatch,2,MLP27,0.9761566558441559,True,True
apps_python_100,clean_no_protocol,1,L21H12,1.7337662337662338,False,False
apps_python_100,clean_no_protocol,2,MLP27,2.521103896103896,False,False
codecontests_cpp_100,clean_no_schema,1,L21H12,0.4594972067039106,False,False
codecontests_cpp_100,clean_no_schema,2,MLP27,0.6005586592178771,True,True
codecontests_cpp_100,clean_schema_mismatch,1,L21H12,0.9078212290502793,False,False
codecontests_cpp_100,clean_schema_mismatch,2,MLP27,1.3683659217877095,True,True
codecontests_cpp_100,clean_no_protocol,1,L21H12,0.9050279329608939,False,False
codecontests_cpp_100,clean_no_protocol,2,MLP27,1.598463687150838,False,True
codecontests_java_100,clean_no_schema,1,L21H12,0.3101851851851852,False,False
codecontests_java_100,clean_no_schema,2,MLP27,0.4185185185185185,False,True
codecontests_java_100,clean_schema_mismatch,1,L21H12,0.6453703703703704,False,False
codecontests_java_100,clean_schema_mismatch,2,MLP27,0.8004050925925926,True,True
codecontests_java_100,clean_no_protocol,1,L21H12,0.7185185185185186,False,False
codecontests_java_100,clean_no_protocol,2,MLP27,1.4064814814814814,False,False
humaneval_python_100,clean_no_schema,1,L21H12,-0.002551020408163265,True,True
humaneval_python_100,clean_no_schema,2,MLP27,0.0003985969387755102,True,True
humaneval_python_100,clean_schema_mismatch,1,L21H12,0.289328231292517,True,True
humaneval_python_100,clean_schema_mismatch,2,MLP27,0.31192867772108845,True,True
humaneval_python_100,clean_no_protocol,1,L21H12,1.7925170068027212,False,False
humaneval_python_100,clean_no_protocol,2,MLP27,2.378826530612245,True,True
apps_python_101,clean_no_schema,1,L21H12,0.4491279069767442,True,True
apps_python_101,clean_no_schema,2,MLP27,0.47129360465116277,True,True
apps_python_101,clean_schema_mismatch,1,L21H12,0.5072674418604651,False,False
apps_python_101,clean_schema_mismatch,2,MLP27,0.7305595930232558,True,True
apps_python_101,clean_no_protocol,1,L21H12,2.8488372093023258,False,False
apps_python_101,clean_no_protocol,2,MLP27,3.8430232558139537,False,False
codecontests_java_101,clean_no_schema,1,L21H12,0.07886284722222223,True,True
codecontests_java_101,clean_no_schema,2,MLP27,0.08565538194444444,True,True
codecontests_java_101,clean_schema_mismatch,1,L21H12,0.08582085503472223,True,True
codecontests_java_101,clean_schema_mismatch,2,MLP27,0.08552788628472222,True,True
codecontests_java_101,clean_no_protocol,1,L21H12,2.338888888888889,False,False
codecontests_java_101,clean_no_protocol,2,MLP27,3.040625,True,True
apps_python_102,clean_no_schema,1,L21H12,1.0145502645502646,False,False
apps_python_102,clean_no_schema,2,MLP27,1.1058201058201058,False,False
apps_python_102,clean_schema_mismatch,1,L21H12,0.9894179894179894,False,False
apps_python_102,clean_schema_mismatch,2,MLP27,1.2958002645502646,True,True
apps_python_102,clean_no_protocol,1,L21H12,3.291005291005291,False,False
apps_python_102,clean_no_protocol,2,MLP27,4.354497354497354,False,False
apps_python_103,clean_no_schema,1,L21H12,0.029449884792626727,True,True
apps_python_103,clean_no_schema,2,MLP27,0.008640552995391706,True,True
apps_python_103,clean_schema_mismatch,1,L21H12,0.6641705069124424,False,True
apps_python_103,clean_schema_mismatch,2,MLP27,0.7867223502304147,True,True
apps_python_103,clean_no_protocol,1,L21H12,2.543778801843318,False,False
apps_python_103,clean_no_protocol,2,MLP27,3.251152073732719,False,False
mbpp_python_103,clean_no_schema,1,L21H12,0.0686831550802139,True,True
mbpp_python_103,clean_no_schema,2,MLP27,0.03442513368983957,True,True
mbpp_python_103,clean_schema_mismatch,1,L21H12,0.5548128342245989,False,False
mbpp_python_103,clean_schema_mismatch,2,MLP27,0.8265792112299465,True,True
mbpp_python_103,clean_no_protocol,1,L21H12,1.695187165775401,False,False
mbpp_python_103,clean_no_protocol,2,MLP27,2.270053475935829,False,False
apps_python_104,clean_no_schema,1,L21H12,0.018362450787401573,True,True
apps_python_104,clean_no_schema,2,MLP27,0.015348179133858268,True,True
apps_python_104,clean_schema_mismatch,1,L21H12,0.7165354330708661,False,False
apps_python_104,clean_schema_mismatch,2,MLP27,0.8257874015748031,True,True
apps_python_104,clean_no_protocol,1,L21H12,2.3464566929133857,False,False
apps_python_104,clean_no_protocol,2,MLP27,3.1988188976377954,False,False
apps_python_105,clean_no_schema,1,L21H12,0.661504424778761,False,False
apps_python_105,clean_no_schema,2,MLP27,0.7046460176991151,False,False
apps_python_105,clean_schema_mismatch,1,L21H12,0.8926991150442478,False,False
apps_python_105,clean_schema_mismatch,2,MLP27,1.0896017699115044,True,True
apps_python_105,clean_no_protocol,1,L21H12,1.6061946902654867,False,False
apps_python_105,clean_no_protocol,2,MLP27,2.1139380530973453,False,False
codecontests_java_105,clean_no_schema,1,L21H12,0.050388088474025976,True,True
codecontests_java_105,clean_no_schema,2,MLP27,0.051072950487012984,True,True
codecontests_java_105,clean_schema_mismatch,1,L21H12,1.6850649350649352,True,True
codecontests_java_105,clean_schema_mismatch,2,MLP27,1.7133979301948052,True,True
codecontests_java_105,clean_no_protocol,1,L21H12,3.0584415584415585,False,False
codecontests_java_105,clean_no_protocol,2,MLP27,3.7228084415584415,True,True
apps_python_106,clean_no_schema,1,L21H12,0.1474029680365297,True,True
apps_python_106,clean_no_schema,2,MLP27,0.14868721461187215,True,True
apps_python_106,clean_schema_mismatch,1,L21H12,0.6255707762557078,True,True
apps_python_106,clean_schema_mismatch,2,MLP27,0.6513002996575342,True,True
apps_python_106,clean_no_protocol,1,L21H12,0.910958904109589,False,False
apps_python_106,clean_no_protocol,2,MLP27,1.2414383561643836,True,True
codecontests_cpp_106,clean_no_schema,1,L21H12,0.30635245901639346,True,True
codecontests_cpp_106,clean_no_schema,2,MLP27,0.34537226775956287,True,True
codecontests_cpp_106,clean_schema_mismatch,1,L21H12,0.47950819672131145,False,True
codecontests_cpp_106,clean_schema_mismatch,2,MLP27,0.5898224043715847,True,True
codecontests_cpp_106,clean_no_protocol,1,L21H12,0.76775956284153,False,False
codecontests_cpp_106,clean_no_protocol,2,MLP27,1.3104508196721312,True,True
codecontests_java_106,clean_no_schema,1,L21H12,0.5702054794520548,False,False
codecontests_java_106,clean_no_schema,2,MLP27,0.7046232876712328,False,False
codecontests_java_106,clean_schema_mismatch,1,L21H12,0.5582191780821918,False,False
codecontests_java_106,clean_schema_mismatch,2,MLP27,0.8065068493150684,True,True
codecontests_java_106,clean_no_protocol,1,L21H12,0.886986301369863,False,False
codecontests_java_106,clean_no_protocol,2,MLP27,1.4751712328767124,False,False
apps_python_107,clean_no_schema,1,L21H12,0.4970703125,False,False
apps_python_107,clean_no_schema,2,MLP27,0.482421875,False,False
apps_python_107,clean_schema_mismatch,1,L21H12,1.1572265625,False,False
apps_python_107,clean_schema_mismatch,2,MLP27,1.388671875,True,True
apps_python_107,clean_no_protocol,1,L21H12,1.90234375,False,False
apps_python_107,clean_no_protocol,2,MLP27,2.5185546875,False,True
codecontests_java_107,clean_no_schema,1,L21H12,0.6768518518518518,False,False
codecontests_java_107,clean_no_schema,2,MLP27,0.7738425925925926,True,True
codecontests_java_107,clean_schema_mismatch,1,L21H12,0.49733796296296295,True,True
codecontests_java_107,clean_schema_mismatch,2,MLP27,0.5162760416666666,True,True
codecontests_java_107,clean_no_protocol,1,L21H12,1.0555555555555556,False,False
codecontests_java_107,clean_no_protocol,2,MLP27,1.4446759259259259,True,True
apps_python_108,clean_no_schema,1,L21H12,0.675531914893617,False,False
apps_python_108,clean_no_schema,2,MLP27,0.7588652482269503,False,False
apps_python_108,clean_schema_mismatch,1,L21H12,0.8404255319148937,False,False
apps_python_108,clean_schema_mismatch,2,MLP27,1.303191489361702,False,True
apps_python_108,clean_no_protocol,1,L21H12,2.6099290780141846,False,False
apps_python_108,clean_no_protocol,2,MLP27,3.7624113475177303,False,False
codecontests_cpp_108,clean_no_schema,1,L21H12,0.39792576419213976,True,True
codecontests_cpp_108,clean_no_schema,2,MLP27,0.48498908296943233,True,True
codecontests_cpp_108,clean_schema_mismatch,1,L21H12,1.9279475982532752,False,False
codecontests_cpp_108,clean_schema_mismatch,2,MLP27,2.2214110262008733,True,True
codecontests_cpp_108,clean_no_protocol,1,L21H12,1.8864628820960698,False,False
codecontests_cpp_108,clean_no_protocol,2,MLP27,3.0382096069868996,True,True
codecontests_java_108,clean_no_schema,1,L21H12,1.0194444444444444,False,False
codecontests_java_108,clean_no_schema,2,MLP27,1.2135416666666667,True,True
codecontests_java_108,clean_schema_mismatch,1,L21H12,1.6652777777777779,False,False
codecontests_java_108,clean_schema_mismatch,2,MLP27,1.7996527777777778,True,True
codecontests_java_108,clean_no_protocol,1,L21H12,1.4083333333333334,False,False
codecontests_java_108,clean_no_protocol,2,MLP27,1.836111111111111,True,True
humaneval_python_108,clean_no_schema,1,L21H12,0.5447976878612717,True,True
humaneval_python_108,clean_no_schema,2,MLP27,0.48988439306358383,False,False
humaneval_python_108,clean_schema_mismatch,1,L21H12,1.4429190751445087,False,True
humaneval_python_108,clean_schema_mismatch,2,MLP27,1.5391528179190752,True,True
humaneval_python_108,clean_no_protocol,1,L21H12,2.352601156069364,False,False
humaneval_python_108,clean_no_protocol,2,MLP27,3.060693641618497,False,False
apps_python_109,clean_no_schema,1,L21H12,0.5230582524271845,False,False
apps_python_109,clean_no_schema,2,MLP27,0.5449029126213593,False,False
apps_python_109,clean_schema_mismatch,1,L21H12,0.8422330097087378,False,False
apps_python_109,clean_schema_mismatch,2,MLP27,1.2120752427184467,False,True
apps_python_109,clean_no_protocol,1,L21H12,1.7815533980582525,False,False
apps_python_109,clean_no_protocol,2,MLP27,2.3592233009708736,False,False
codecontests_cpp_109,clean_no_schema,1,L21H12,0.7255434782608695,True,True
codecontests_cpp_109,clean_no_schema,2,MLP27,0.8152173913043478,True,True
codecontests_cpp_109,clean_schema_mismatch,1,L21H12,3.210144927536232,False,False
codecontests_cpp_109,clean_schema_mismatch,2,MLP27,3.7096920289855073,True,True
codecontests_cpp_109,clean_no_protocol,1,L21H12,4.615942028985507,False,False
codecontests_cpp_109,clean_no_protocol,2,MLP27,6.302536231884058,True,True
codecontests_java_109,clean_no_schema,1,L21H12,0.819683908045977,True,False
codecontests_java_109,clean_no_schema,2,MLP27,0.9215158045977011,True,True
codecontests_java_109,clean_schema_mismatch,1,L21H12,1.0355603448275863,True,True
codecontests_java_109,clean_schema_mismatch,2,MLP27,1.0828394396551724,True,True
codecontests_java_109,clean_no_protocol,1,L21H12,1.5402298850574712,False,False
codecontests_java_109,clean_no_protocol,2,MLP27,1.9020294540229885,True,True
humaneval_python_109,clean_no_schema,1,L21H12,0.03182025547445255,True,True
humaneval_python_109,clean_no_schema,2,MLP27,0.008895985401459854,True,True
humaneval_python_109,clean_schema_mismatch,1,L21H12,0.130132299270073,True,True
humaneval_python_109,clean_schema_mismatch,2,MLP27,0.14624201642335766,True,True
humaneval_python_109,clean_no_protocol,1,L21H12,2.576642335766423,False,False
humaneval_python_109,clean_no_protocol,2,MLP27,3.4644160583941606,True,True
apps_python_110,clean_no_schema,1,L21H12,0.061059706703910616,False,True
apps_python_110,clean_no_schema,2,MLP27,0.013966480446927373,False,True
apps_python_110,clean_schema_mismatch,1,L21H12,0.8812849162011173,False,False
apps_python_110,clean_schema_mismatch,2,MLP27,1.0956703910614525,False,True
apps_python_110,clean_no_protocol,1,L21H12,2.2905027932960893,False,False
apps_python_110,clean_no_protocol,2,MLP27,3.1089385474860336,False,False
codecontests_cpp_110,clean_no_schema,1,L21H12,0.2787576687116564,True,True
codecontests_cpp_110,clean_no_schema,2,MLP27,0.32476993865030673,True,True
codecontests_cpp_110,clean_schema_mismatch,1,L21H12,0.41180981595092025,True,True
codecontests_cpp_110,clean_schema_mismatch,2,MLP27,0.4427243098159509,True,True
codecontests_cpp_110,clean_no_protocol,1,L21H12,0.8619631901840491,False,False
codecontests_cpp_110,clean_no_protocol,2,MLP27,1.3424079754601228,True,True
codecontests_java_110,clean_no_schema,1,L21H12,0.6183774834437086,False,False
codecontests_java_110,clean_no_schema,2,MLP27,0.7052980132450332,True,True
codecontests_java_110,clean_schema_mismatch,1,L21H12,0.6049254966887417,True,True
codecontests_java_110,clean_schema_mismatch,2,MLP27,0.6330582574503312,True,True
codecontests_java_110,clean_no_protocol,1,L21H12,0.8410596026490066,False,False
codecontests_java_110,clean_no_protocol,2,MLP27,1.2456539735099337,True,True
apps_python_111,clean_no_schema,1,L21H12,0.18368544600938966,False,False
apps_python_111,clean_no_schema,2,MLP27,0.22124413145539906,False,True
apps_python_111,clean_schema_mismatch,1,L21H12,0.852112676056338,False,False
apps_python_111,clean_schema_mismatch,2,MLP27,1.3163145539906103,False,True
apps_python_111,clean_no_protocol,1,L21H12,0.7183098591549296,False,False
apps_python_111,clean_no_protocol,2,MLP27,1.1678403755868545,False,False
apps_python_112,clean_no_schema,1,L21H12,0.49944444444444447,False,False
apps_python_112,clean_no_schema,2,MLP27,0.5327777777777778,False,True
apps_python_112,clean_schema_mismatch,1,L21H12,0.8433333333333334,False,False
apps_python_112,clean_schema_mismatch,2,MLP27,1.0102430555555555,True,True
apps_python_112,clean_no_protocol,1,L21H12,1.1777777777777778,False,False
apps_python_112,clean_no_protocol,2,MLP27,1.6344444444444444,False,False
codecontests_cpp_112,clean_no_schema,1,L21H12,1.1409574468085106,False,False
codecontests_cpp_112,clean_no_schema,2,MLP27,1.261968085106383,False,False
codecontests_cpp_112,clean_schema_mismatch,1,L21H12,1.252659574468085,False,False
codecontests_cpp_112,clean_schema_mismatch,2,MLP27,1.5565159574468086,False,True
codecontests_cpp_112,clean_no_protocol,1,L21H12,2.4148936170212765,False,False
codecontests_cpp_112,clean_no_protocol,2,MLP27,4.026595744680851,False,False
codecontests_java_112,clean_no_schema,1,L21H12,0.7866666666666666,False,False
codecontests_java_112,clean_no_schema,2,MLP27,0.8535416666666666,True,True
codecontests_java_112,clean_schema_mismatch,1,L21H12,0.5281944444444444,True,True
codecontests_java_112,clean_schema_mismatch,2,MLP27,0.5607638888888888,True,True
codecontests_java_112,clean_no_protocol,1,L21H12,0.7088888888888889,False,False
codecontests_java_112,clean_no_protocol,2,MLP27,0.8794791666666667,True,True
humaneval_python_112,clean_no_schema,1,L21H12,0.620752427184466,False,True
humaneval_python_112,clean_no_schema,2,MLP27,0.6213592233009708,False,True
humaneval_python_112,clean_schema_mismatch,1,L21H12,0.6692961165048543,False,True
humaneval_python_112,clean_schema_mismatch,2,MLP27,0.7688106796116505,True,True
humaneval_python_112,clean_no_protocol,1,L21H12,2.7766990291262137,False,False
humaneval_python_112,clean_no_protocol,2,MLP27,4.194174757281553,False,False
mbpp_python_112,clean_no_schema,1,L21H12,0.15028994845360824,True,True
mbpp_python_112,clean_no_schema,2,MLP27,0.12886597938144329,True,True
mbpp_python_112,clean_schema_mismatch,1,L21H12,1.518041237113402,False,False
mbpp_python_112,clean_schema_mismatch,2,MLP27,1.7264014175257731,True,True
mbpp_python_112,clean_no_protocol,1,L21H12,2.0309278350515463,False,False
mbpp_python_112,clean_no_protocol,2,MLP27,3.033505154639175,False,False
apps_python_113,clean_no_schema,1,L21H12,0.14735401459854014,True,True
apps_python_113,clean_no_schema,2,MLP27,0.15465328467153286,True,True
apps_python_113,clean_schema_mismatch,1,L21H12,0.8152372262773723,True,True
apps_python_113,clean_schema_mismatch,2,MLP27,0.856131671989051,True,True
apps_python_113,clean_no_protocol,1,L21H12,0.6167883211678832,False,False
apps_python_113,clean_no_protocol,2,MLP27,0.8038321167883211,True,True
codecontests_cpp_113,clean_no_schema,1,L21H12,0.6374309392265194,True,True
codecontests_cpp_113,clean_no_schema,2,MLP27,0.7142610497237569,True,True
codecontests_cpp_113,clean_schema_mismatch,1,L21H12,2.5801104972375692,False,False
codecontests_cpp_113,clean_schema_mismatch,2,MLP27,2.802486187845304,True,True
codecontests_cpp_113,clean_no_protocol,1,L21H12,2.5138121546961325,False,False
codecontests_cpp_113,clean_no_protocol,2,MLP27,3.3639502762430937,True,True
codecontests_java_113,clean_no_schema,1,L21H12,0.6545358649789029,True,True
codecontests_java_113,clean_no_schema,2,MLP27,0.7049050632911392,True,True
codecontests_java_113,clean_schema_mismatch,1,L21H12,0.3599683544303797,True,True
codecontests_java_113,clean_schema_mismatch,2,MLP27,0.37124208860759494,True,True
codecontests_java_113,clean_no_protocol,1,L21H12,2.7848101265822787,False,False
codecontests_java_113,clean_no_protocol,2,MLP27,3.931434599156118,True,True
apps_python_114,clean_no_schema,1,L21H12,0.86328125,False,False
apps_python_114,clean_no_schema,2,MLP27,0.9322916666666666,False,False
apps_python_114,clean_schema_mismatch,1,L21H12,0.734375,False,False
apps_python_114,clean_schema_mismatch,2,MLP27,0.8995768229166666,True,True
apps_python_114,clean_no_protocol,1,L21H12,1.5625,False,False
apps_python_114,clean_no_protocol,2,MLP27,2.2317708333333335,False,False
codecontests_cpp_114,clean_no_schema,1,L21H12,1.3878048780487804,False,False
codecontests_cpp_114,clean_no_schema,2,MLP27,1.6115853658536585,True,True
codecontests_cpp_114,clean_schema_mismatch,1,L21H12,2.6195121951219513,False,False
codecontests_cpp_114,clean_schema_mismatch,2,MLP27,3.2219512195121953,False,False
codecontests_cpp_114,clean_no_protocol,1,L21H12,2.819512195121951,False,False
codecontests_cpp_114,clean_no_protocol,2,MLP27,4.517073170731707,False,False
codecontests_java_114,clean_no_schema,1,L21H12,0.15246212121212122,True,True
codecontests_java_114,clean_no_schema,2,MLP27,0.171875,True,True
codecontests_java_114,clean_schema_mismatch,1,L21H12,0.4029356060606061,True,True
codecontests_java_114,clean_schema_mismatch,2,MLP27,0.45532966382575757,True,True
codecontests_java_114,clean_no_protocol,1,L21H12,0.9621212121212122,False,False
codecontests_java_114,clean_no_protocol,2,MLP27,1.3832859848484849,True,True
codecontests_cpp_115,clean_no_schema,1,L21H12,0.9299698795180723,False,True
codecontests_cpp_115,clean_no_schema,2,MLP27,1.0192018072289157,True,True
codecontests_cpp_115,clean_schema_mismatch,1,L21H12,1.6506024096385543,False,False
codecontests_cpp_115,clean_schema_mismatch,2,MLP27,2.3200301204819276,True,True
codecontests_cpp_115,clean_no_protocol,1,L21H12,2.566265060240964,False,False
codecontests_cpp_115,clean_no_protocol,2,MLP27,4.355421686746988,False,False
codecontests_java_115,clean_no_schema,1,L21H12,0.9147058823529411,True,True
codecontests_java_115,clean_no_schema,2,MLP27,0.9526654411764706,True,True
codecontests_java_115,clean_schema_mismatch,1,L21H12,1.3509803921568628,True,True
codecontests_java_115,clean_schema_mismatch,2,MLP27,1.4186734068627451,True,True
codecontests_java_115,clean_no_protocol,1,L21H12,1.1274509803921569,False,False
codecontests_java_115,clean_no_protocol,2,MLP27,1.4603553921568628,True,True
humaneval_python_115,clean_no_schema,1,L21H12,0.7360335195530726,False,False
humaneval_python_115,clean_no_schema,2,MLP27,0.7486033519553073,False,False
humaneval_python_115,clean_schema_mismatch,1,L21H12,1.3282122905027933,False,False
humaneval_python_115,clean_schema_mismatch,2,MLP27,1.6071927374301676,True,True
humaneval_python_115,clean_no_protocol,1,L21H12,1.9217877094972067,False,False
humaneval_python_115,clean_no_protocol,2,MLP27,2.4385474860335195,False,False
mbpp_python_115,clean_no_schema,1,L21H12,0.7960526315789473,False,False
mbpp_python_115,clean_no_schema,2,MLP27,0.8881578947368421,False,False
mbpp_python_115,clean_schema_mismatch,1,L21H12,0.8305921052631579,False,False
mbpp_python_115,clean_schema_mismatch,2,MLP27,1.0826480263157894,True,True
mbpp_python_115,clean_no_protocol,1,L21H12,1.9046052631578947,False,False
mbpp_python_115,clean_no_protocol,2,MLP27,2.491776315789474,False,False
apps_python_116,clean_no_schema,1,L21H12,0.5161516853932584,False,True
apps_python_116,clean_no_schema,2,MLP27,0.4353932584269663,False,False
apps_python_116,clean_schema_mismatch,1,L21H12,0.9915730337078652,False,False
apps_python_116,clean_schema_mismatch,2,MLP27,1.2864290730337078,True,True
apps_python_116,clean_no_protocol,1,L21H12,2.191011235955056,False,False
apps_python_116,clean_no_protocol,2,MLP27,3.2865168539325844,False,False
codecontests_cpp_116,clean_no_schema,1,L21H12,0.9921465968586387,False,False
codecontests_cpp_116,clean_no_schema,2,MLP27,1.1724476439790577,True,True
codecontests_cpp_116,clean_schema_mismatch,1,L21H12,1.2696335078534031,False,False
codecontests_cpp_116,clean_schema_mismatch,2,MLP27,1.4834751308900525,True,True
codecontests_cpp_116,clean_no_protocol,1,L21H12,1.549738219895288,False,False
codecontests_cpp_116,clean_no_protocol,2,MLP27,2.243782722513089,True,True
codecontests_java_116,clean_no_schema,1,L21H12,0.54443359375,True,True
codecontests_java_116,clean_no_schema,2,MLP27,0.5566813151041666,True,True
codecontests_java_116,clean_schema_mismatch,1,L21H12,0.6189778645833334,True,True
codecontests_java_116,clean_schema_mismatch,2,MLP27,0.6480026245117188,True,True
codecontests_java_116,clean_no_protocol,1,L21H12,0.76171875,False,False
codecontests_java_116,clean_no_protocol,2,MLP27,0.949462890625,True,True
humaneval_python_116,clean_no_schema,1,L21H12,0.1757028112449799,False,True
humaneval_python_116,clean_no_schema,2,MLP27,0.09939759036144578,False,False
humaneval_python_116,clean_schema_mismatch,1,L21H12,0.9337349397590361,False,False
humaneval_python_116,clean_schema_mismatch,2,MLP27,1.2003012048192772,False,True
humaneval_python_116,clean_no_protocol,1,L21H12,1.6224899598393574,False,False
humaneval_python_116,clean_no_protocol,2,MLP27,2.216867469879518,False,False
apps_python_117,clean_no_schema,1,L21H12,0.3131067961165049,True,True
apps_python_117,clean_no_schema,2,MLP27,0.283373786407767,False,True
apps_python_117,clean_schema_mismatch,1,L21H12,1.1535194174757282,False,False
apps_python_117,clean_schema_mismatch,2,MLP27,1.2459799757281553,True,True
apps_python_117,clean_no_protocol,1,L21H12,1.7233009708737863,False,False
apps_python_117,clean_no_protocol,2,MLP27,2.3385922330097086,False,False
codecontests_cpp_117,clean_no_schema,1,L21H12,0.37514076576576577,True,True
codecontests_cpp_117,clean_no_schema,2,MLP27,0.400830518018018,True,True
codecontests_cpp_117,clean_schema_mismatch,1,L21H12,0.1270411036036036,True,True
codecontests_cpp_117,clean_schema_mismatch,2,MLP27,0.14032587274774774,True,True
codecontests_cpp_117,clean_no_protocol,1,L21H12,2.1486486486486487,False,False
codecontests_cpp_117,clean_no_protocol,2,MLP27,3.015765765765766,True,True
codecontests_java_117,clean_no_schema,1,L21H12,0.5991189427312775,True,True
codecontests_java_117,clean_no_schema,2,MLP27,0.6609306167400881,True,True
codecontests_java_117,clean_schema_mismatch,1,L21H12,0.12083562775330396,True,True
codecontests_java_117,clean_schema_mismatch,2,MLP27,0.12561949339207049,True,True
codecontests_java_117,clean_no_protocol,1,L21H12,2.2202643171806167,False,False
codecontests_java_117,clean_no_protocol,2,MLP27,2.86976872246696,True,True
mbpp_python_117,clean_no_schema,1,L21H12,0.061807753164556965,True,True
mbpp_python_117,clean_no_schema,2,MLP27,0.030854430379746837,True,True
mbpp_python_117,clean_schema_mismatch,1,L21H12,0.9287974683544303,True,True
mbpp_python_117,clean_schema_mismatch,2,MLP27,1.0650712025316456,True,True
mbpp_python_117,clean_no_protocol,1,L21H12,3.367088607594937,False,False
mbpp_python_117,clean_no_protocol,2,MLP27,4.068037974683544,True,True
apps_python_118,clean_no_schema,1,L21H12,0.4230072463768116,False,False
apps_python_118,clean_no_schema,2,MLP27,0.44957729468599034,True,True
apps_python_118,clean_schema_mismatch,1,L21H12,0.6334541062801933,False,True
apps_python_118,clean_schema_mismatch,2,MLP27,0.6888964371980676,True,True
apps_python_118,clean_no_protocol,1,L21H12,0.46618357487922707,False,False
apps_python_118,clean_no_protocol,2,MLP27,0.6828200483091788,True,True
codecontests_cpp_118,clean_no_schema,1,L21H12,0.23911516853932585,True,True
codecontests_cpp_118,clean_no_schema,2,MLP27,0.25649578651685395,True,True
codecontests_cpp_118,clean_schema_mismatch,1,L21H12,2.053370786516854,False,False
codecontests_cpp_118,clean_schema_mismatch,2,MLP27,2.284058988764045,True,True
codecontests_cpp_118,clean_no_protocol,1,L21H12,3.0168539325842696,False,False
codecontests_cpp_118,clean_no_protocol,2,MLP27,4.046348314606742,True,True
codecontests_java_118,clean_no_schema,1,L21H12,0.23729166666666668,True,True
codecontests_java_118,clean_no_schema,2,MLP27,0.246875,True,True
codecontests_java_118,clean_schema_mismatch,1,L21H12,0.3541666666666667,True,True
codecontests_java_118,clean_schema_mismatch,2,MLP27,0.3640625,True,True
codecontests_java_118,clean_no_protocol,1,L21H12,0.815,False,False
codecontests_java_118,clean_no_protocol,2,MLP27,1.0917708333333334,True,True
apps_python_119,clean_no_schema,1,L21H12,1.0320247933884297,False,False
apps_python_119,clean_no_schema,2,MLP27,0.996900826446281,False,False
apps_python_119,clean_schema_mismatch,1,L21H12,1.3481404958677685,False,False
apps_python_119,clean_schema_mismatch,2,MLP27,1.4932851239669422,True,True
apps_python_119,clean_no_protocol,1,L21H12,3.479338842975207,False,False
apps_python_119,clean_no_protocol,2,MLP27,4.483471074380165,False,False
humaneval_python_119,clean_no_schema,1,L21H12,0.1097608024691358,True,True
humaneval_python_119,clean_no_schema,2,MLP27,0.05015432098765432,False,True
humaneval_python_119,clean_schema_mismatch,1,L21H12,0.41512345679012347,False,True
humaneval_python_119,clean_schema_mismatch,2,MLP27,0.48017939814814814,True,True
humaneval_python_119,clean_no_protocol,1,L21H12,2.361111111111111,False,False
humaneval_python_119,clean_no_protocol,2,MLP27,2.771604938271605,False,False
apps_python_120,clean_no_schema,1,L21H12,0.84375,False,False
apps_python_120,clean_no_schema,2,MLP27,0.9395833333333333,False,False
apps_python_120,clean_schema_mismatch,1,L21H12,0.721875,False,False
apps_python_120,clean_schema_mismatch,2,MLP27,0.9559895833333333,True,True
apps_python_120,clean_no_protocol,1,L21H12,2.216666666666667,False,False
apps_python_120,clean_no_protocol,2,MLP27,3.325,False,False
codecontests_java_120,clean_no_schema,1,L21H12,0.49107142857142855,True,True
codecontests_java_120,clean_no_schema,2,MLP27,0.5199922360248447,True,True
codecontests_java_120,clean_schema_mismatch,1,L21H12,1.562111801242236,False,False
codecontests_java_120,clean_schema_mismatch,2,MLP27,1.9165372670807452,True,True
codecontests_java_120,clean_no_protocol,1,L21H12,1.7391304347826086,False,False
codecontests_java_120,clean_no_protocol,2,MLP27,2.9953416149068324,False,False
humaneval_python_120,clean_no_schema,1,L21H12,0.26395631067961167,False,True
humaneval_python_120,clean_no_schema,2,MLP27,0.2979368932038835,True,True
humaneval_python_120,clean_schema_mismatch,1,L21H12,0.22360436893203883,True,True
humaneval_python_120,clean_schema_mismatch,2,MLP27,0.24439661711165048,True,True
humaneval_python_120,clean_no_protocol,1,L21H12,1.2864077669902914,False,False
humaneval_python_120,clean_no_protocol,2,MLP27,1.733009708737864,False,False
apps_python_121,clean_no_schema,1,L21H12,0.17583732057416268,True,True
apps_python_121,clean_no_schema,2,MLP27,0.09808612440191387,False,True
apps_python_121,clean_schema_mismatch,1,L21H12,0.611244019138756,False,False
apps_python_121,clean_schema_mismatch,2,MLP27,0.7507476076555024,True,True
apps_python_121,clean_no_protocol,1,L21H12,2.6794258373205744,False,False
apps_python_121,clean_no_protocol,2,MLP27,3.8839712918660285,False,False
codecontests_java_121,clean_no_schema,1,L21H12,0.5492957746478874,True,True
codecontests_java_121,clean_no_schema,2,MLP27,0.6001320422535211,True,True
codecontests_java_121,clean_schema_mismatch,1,L21H12,0.06415052816901408,True,True
codecontests_java_121,clean_schema_mismatch,2,MLP27,0.06675469483568075,True,True
codecontests_java_121,clean_no_protocol,1,L21H12,2.6291079812206575,False,False
codecontests_java_121,clean_no_protocol,2,MLP27,3.2018779342723005,True,True
humaneval_python_121,clean_no_schema,1,L21H12,0.08577405857740586,True,True
humaneval_python_121,clean_no_schema,2,MLP27,0.06328451882845189,True,True
humaneval_python_121,clean_schema_mismatch,1,L21H12,1.5638075313807531,False,False
humaneval_python_121,clean_schema_mismatch,2,MLP27,1.7439526673640167,True,True
humaneval_python_121,clean_no_protocol,1,L21H12,2.9539748953974896,False,False
humaneval_python_121,clean_no_protocol,2,MLP27,4.066945606694561,False,False
apps_python_122,clean_no_schema,1,L21H12,0.07035340314136125,True,True
apps_python_122,clean_no_schema,2,MLP27,0.0662630890052356,True,True
apps_python_122,clean_schema_mismatch,1,L21H12,1.130890052356021,False,False
apps_python_122,clean_schema_mismatch,2,MLP27,1.2964659685863875,True,True
apps_python_122,clean_no_protocol,1,L21H12,1.1099476439790577,False,False
apps_python_122,clean_no_protocol,2,MLP27,1.637434554973822,False,False
codecontests_java_122,clean_no_schema,1,L21H12,0.4350328947368421,False,False
codecontests_java_122,clean_no_schema,2,MLP27,0.5304276315789473,True,True
codecontests_java_122,clean_schema_mismatch,1,L21H12,0.569078947368421,False,False
codecontests_java_122,clean_schema_mismatch,2,MLP27,0.8512541118421053,True,True
codecontests_java_122,clean_no_protocol,1,L21H12,0.7697368421052632,False,False
codecontests_java_122,clean_no_protocol,2,MLP27,1.4769736842105263,False,False
apps_python_123,clean_no_schema,1,L21H12,0.3037383177570093,True,True
apps_python_123,clean_no_schema,2,MLP27,0.24065420560747663,False,False
apps_python_123,clean_schema_mismatch,1,L21H12,0.6600467289719626,True,True
apps_python_123,clean_schema_mismatch,2,MLP27,0.8005257009345794,True,True
apps_python_123,clean_no_protocol,1,L21H12,3.411214953271028,False,False
apps_python_123,clean_no_protocol,2,MLP27,4.61214953271028,False,False
codecontests_cpp_123,clean_no_schema,1,L21H12,0.6452020202020202,False,False
codecontests_cpp_123,clean_no_schema,2,MLP27,0.8014520202020202,True,True
codecontests_cpp_123,clean_schema_mismatch,1,L21H12,1.85479797979798,False,False
codecontests_cpp_123,clean_schema_mismatch,2,MLP27,2.077414772727273,True,True
codecontests_cpp_123,clean_no_protocol,1,L21H12,3.1313131313131315,False,False
codecontests_cpp_123,clean_no_protocol,2,MLP27,4.906565656565657,True,True
codecontests_java_123,clean_no_schema,1,L21H12,0.4273897058823529,False,False
codecontests_java_123,clean_no_schema,2,MLP27,0.5160845588235294,True,True
codecontests_java_123,clean_schema_mismatch,1,L21H12,0.3454733455882353,True,True
codecontests_java_123,clean_schema_mismatch,2,MLP27,0.3630227481617647,True,True
codecontests_java_123,clean_no_protocol,1,L21H12,1.2573529411764706,False,False
codecontests_java_123,clean_no_protocol,2,MLP27,1.8988970588235294,False,False
apps_python_124,clean_no_schema,1,L21H12,0.6517857142857143,False,False
apps_python_124,clean_no_schema,2,MLP27,0.7580357142857143,False,False
apps_python_124,clean_schema_mismatch,1,L21H12,0.5892857142857143,True,True
apps_python_124,clean_schema_mismatch,2,MLP27,0.7040736607142857,True,True
apps_python_124,clean_no_protocol,1,L21H12,1.75,False,False
apps_python_124,clean_no_protocol,2,MLP27,2.557142857142857,False,False
codecontests_cpp_124,clean_no_schema,1,L21H12,1.0223880597014925,False,False
codecontests_cpp_124,clean_no_schema,2,MLP27,1.2406716417910448,False,False
codecontests_cpp_124,clean_schema_mismatch,1,L21H12,1.5055970149253732,False,False
codecontests_cpp_124,clean_schema_mismatch,2,MLP27,1.912313432835821,True,True
codecontests_cpp_124,clean_no_protocol,1,L21H12,1.492537313432836,False,False
codecontests_cpp_124,clean_no_protocol,2,MLP27,2.3698694029850746,False,True
codecontests_java_124,clean_no_schema,1,L21H12,0.9226017441860465,True,True
codecontests_java_124,clean_no_schema,2,MLP27,0.9431474079457365,True,True
codecontests_java_124,clean_schema_mismatch,1,L21H12,1.0325218023255813,True,True
codecontests_java_124,clean_schema_mismatch,2,MLP27,1.038322507873062,True,True
codecontests_java_124,clean_no_protocol,1,L21H12,1.122093023255814,False,False
codecontests_java_124,clean_no_protocol,2,MLP27,1.2921663032945736,True,True
humaneval_python_124,clean_no_schema,1,L21H12,0.03026293682795699,True,True
humaneval_python_124,clean_no_schema,2,MLP27,-0.011592741935483871,True,True
humaneval_python_124,clean_schema_mismatch,1,L21H12,0.7755376344086021,True,True
humaneval_python_124,clean_schema_mismatch,2,MLP27,0.8650873655913979,True,True
humaneval_python_124,clean_no_protocol,1,L21H12,3.6129032258064515,False,False
humaneval_python_124,clean_no_protocol,2,MLP27,4.35752688172043,True,True
apps_python_125,clean_no_schema,1,L21H12,0.6666666666666666,False,True
apps_python_125,clean_no_schema,2,MLP27,0.56,False,False
apps_python_125,clean_schema_mismatch,1,L21H12,0.9416666666666667,False,False
apps_python_125,clean_schema_mismatch,2,MLP27,1.1295833333333334,True,True
apps_python_125,clean_no_protocol,1,L21H12,2.223333333333333,False,False
apps_python_125,clean_no_protocol,2,MLP27,2.700833333333333,True,True
codecontests_cpp_125,clean_no_schema,1,L21H12,0.9533783783783784,False,False
codecontests_cpp_125,clean_no_schema,2,MLP27,1.0349662162162163,True,True
codecontests_cpp_125,clean_schema_mismatch,1,L21H12,1.9635135135135136,False,False
codecontests_cpp_125,clean_schema_mismatch,2,MLP27,2.171537162162162,True,True
codecontests_cpp_125,clean_no_protocol,1,L21H12,2.2486486486486488,False,False
codecontests_cpp_125,clean_no_protocol,2,MLP27,3.272972972972973,False,False
codecontests_java_125,clean_no_schema,1,L21H12,0.8651162790697674,True,True
codecontests_java_125,clean_no_schema,2,MLP27,0.9040334302325581,True,True
codecontests_java_125,clean_schema_mismatch,1,L21H12,0.8879360465116279,True,True
codecontests_java_125,clean_schema_mismatch,2,MLP27,0.9158225835755814,True,True
codecontests_java_125,clean_no_protocol,1,L21H12,1.0313953488372094,False,False
codecontests_java_125,clean_no_protocol,2,MLP27,1.286046511627907,True,True
humaneval_python_125,clean_no_schema,1,L21H12,0.9064516129032258,False,False
humaneval_python_125,clean_no_schema,2,MLP27,0.85,False,False
humaneval_python_125,clean_schema_mismatch,1,L21H12,1.0483870967741935,False,False
humaneval_python_125,clean_schema_mismatch,2,MLP27,1.6866935483870968,True,True
humaneval_python_125,clean_no_protocol,1,L21H12,3.9741935483870967,False,False
humaneval_python_125,clean_no_protocol,2,MLP27,5.251612903225807,False,False
apps_python_126,clean_no_schema,1,L21H12,0.48879716981132076,True,True
apps_python_126,clean_no_schema,2,MLP27,0.44752358490566035,False,False
apps_python_126,clean_schema_mismatch,1,L21H12,1.0023584905660377,True,True
apps_python_126,clean_schema_mismatch,2,MLP27,1.0655955188679245,True,True
apps_python_126,clean_no_protocol,1,L21H12,1.6273584905660377,False,False
apps_python_126,clean_no_protocol,2,MLP27,2.168632075471698,False,False
codecontests_cpp_126,clean_no_schema,1,L21H12,0.8298611111111112,False,False
codecontests_cpp_126,clean_no_schema,2,MLP27,0.9776475694444444,True,True
codecontests_cpp_126,clean_schema_mismatch,1,L21H12,0.4605034722222222,True,True
codecontests_cpp_126,clean_schema_mismatch,2,MLP27,0.5386284722222222,True,True
codecontests_cpp_126,clean_no_protocol,1,L21H12,1.4930555555555556,False,False
codecontests_cpp_126,clean_no_protocol,2,MLP27,2.101779513888889,True,True
codecontests_java_126,clean_no_schema,1,L21H12,0.9021739130434783,False,False
codecontests_java_126,clean_no_schema,2,MLP27,1.2771739130434783,False,False
codecontests_java_126,clean_schema_mismatch,1,L21H12,0.017776268115942028,True,True
codecontests_java_126,clean_schema_mismatch,2,MLP27,0.018908514492753624,True,True
codecontests_java_126,clean_no_protocol,1,L21H12,1.0507246376811594,False,False
codecontests_java_126,clean_no_protocol,2,MLP27,1.557518115942029,False,True
apps_python_127,clean_no_schema,1,L21H12,-0.0087890625,True,True
apps_python_127,clean_no_schema,2,MLP27,-0.01158977004716981,True,True
apps_python_127,clean_schema_mismatch,1,L21H12,0.8926886792452831,False,False
apps_python_127,clean_schema_mismatch,2,MLP27,1.049823113207547,True,True
apps_python_127,clean_no_protocol,1,L21H12,2.0707547169811322,False,False
apps_python_127,clean_no_protocol,2,MLP27,2.767688679245283,False,True
codecontests_cpp_127,clean_no_schema,1,L21H12,1.0341726618705036,True,True
codecontests_cpp_127,clean_no_schema,2,MLP27,1.1996402877697843,True,True
codecontests_cpp_127,clean_schema_mismatch,1,L21H12,1.004496402877698,True,True
codecontests_cpp_127,clean_schema_mismatch,2,MLP27,1.092513489208633,True,True
codecontests_cpp_127,clean_no_protocol,1,L21H12,3.1079136690647484,False,False
codecontests_cpp_127,clean_no_protocol,2,MLP27,5.529676258992806,True,True
codecontests_java_127,clean_no_schema,1,L21H12,0.7464887640449438,False,True
codecontests_java_127,clean_no_schema,2,MLP27,0.8151334269662921,True,True
codecontests_java_127,clean_schema_mismatch,1,L21H12,1.4115168539325842,False,False
codecontests_java_127,clean_schema_mismatch,2,MLP27,1.5866836376404494,True,True
codecontests_java_127,clean_no_protocol,1,L21H12,1.6741573033707866,False,False
codecontests_java_127,clean_no_protocol,2,MLP27,2.643258426966292,True,True
apps_python_128,clean_no_schema,1,L21H12,0.3653409090909091,True,True
apps_python_128,clean_no_schema,2,MLP27,0.3380681818181818,True,True
apps_python_128,clean_schema_mismatch,1,L21H12,0.8272727272727273,False,True
apps_python_128,clean_schema_mismatch,2,MLP27,0.9840909090909091,True,True
apps_python_128,clean_no_protocol,1,L21H12,2.8545454545454545,False,False
apps_python_128,clean_no_protocol,2,MLP27,3.8204545454545453,False,False
apps_python_129,clean_no_schema,1,L21H12,0.18583333333333332,True,True
apps_python_129,clean_no_schema,2,MLP27,0.06222222222222222,False,False
apps_python_129,clean_schema_mismatch,1,L21H12,1.1711111111111112,False,False
apps_python_129,clean_schema_mismatch,2,MLP27,1.4327777777777777,True,True
apps_python_129,clean_no_protocol,1,L21H12,2.471111111111111,False,False
apps_python_129,clean_no_protocol,2,MLP27,3.2,False,False
codecontests_java_129,clean_no_schema,1,L21H12,3.5203252032520327,False,False
codecontests_java_129,clean_no_schema,2,MLP27,3.7459349593495936,False,False
codecontests_java_129,clean_schema_mismatch,1,L21H12,4.33130081300813,False,False
codecontests_java_129,clean_schema_mismatch,2,MLP27,4.6432926829268295,True,True
codecontests_java_129,clean_no_protocol,1,L21H12,6.308943089430894,False,False
codecontests_java_129,clean_no_protocol,2,MLP27,8.692073170731707,True,True
apps_python_130,clean_no_schema,1,L21H12,0.6571428571428571,False,False
apps_python_130,clean_no_schema,2,MLP27,0.5892857142857143,False,False
apps_python_130,clean_schema_mismatch,1,L21H12,1.7190476190476192,False,False
apps_python_130,clean_schema_mismatch,2,MLP27,2.2964285714285713,True,True
apps_python_130,clean_no_protocol,1,L21H12,3.2666666666666666,False,False
apps_python_130,clean_no_protocol,2,MLP27,4.257142857142857,False,False
codecontests_cpp_130,clean_no_schema,1,L21H12,0.5055031446540881,True,True
codecontests_cpp_130,clean_no_schema,2,MLP27,0.589622641509434,True,True
codecontests_cpp_130,clean_schema_mismatch,1,L21H12,0.07193396226415094,True,True
codecontests_cpp_130,clean_schema_mismatch,2,MLP27,0.08024395636792453,True,True
codecontests_cpp_130,clean_no_protocol,1,L21H12,1.6477987421383649,False,False
codecontests_cpp_130,clean_no_protocol,2,MLP27,3.001572327044025,False,False
codecontests_java_130,clean_no_schema,1,L21H12,0.5314716312056738,False,False
codecontests_java_130,clean_no_schema,2,MLP27,0.6023936170212766,True,True
codecontests_java_130,clean_schema_mismatch,1,L21H12,0.38996010638297873,True,True
codecontests_java_130,clean_schema_mismatch,2,MLP27,0.40346229499113473,True,True
codecontests_java_130,clean_no_protocol,1,L21H12,1.2375886524822695,False,False
codecontests_java_130,clean_no_protocol,2,MLP27,1.899822695035461,True,True
humaneval_python_130,clean_no_schema,1,L21H12,0.5604838709677419,False,False
humaneval_python_130,clean_no_schema,2,MLP27,0.38870967741935486,False,False
humaneval_python_130,clean_schema_mismatch,1,L21H12,1.2870967741935484,False,False
humaneval_python_130,clean_schema_mismatch,2,MLP27,1.8830645161290323,False,False
humaneval_python_130,clean_no_protocol,1,L21H12,2.1032258064516127,False,False
humaneval_python_130,clean_no_protocol,2,MLP27,2.970967741935484,False,False
mbpp_python_130,clean_no_schema,1,L21H12,0.028880049542682928,True,True
mbpp_python_130,clean_no_schema,2,MLP27,-0.002858231707317073,True,True
mbpp_python_130,clean_schema_mismatch,1,L21H12,1.1951219512195121,False,False
mbpp_python_130,clean_schema_mismatch,2,MLP27,1.3671875,True,True
mbpp_python_130,clean_no_protocol,1,L21H12,4.317073170731708,False,False
mbpp_python_130,clean_no_protocol,2,MLP27,5.0685975609756095,False,False
apps_python_131,clean_no_schema,1,L21H12,0.9008379888268156,False,False
apps_python_131,clean_no_schema,2,MLP27,0.9350558659217877,False,True
apps_python_131,clean_schema_mismatch,1,L21H12,1.4392458100558658,True,True
apps_python_131,clean_schema_mismatch,2,MLP27,1.544998254189944,True,True
apps_python_131,clean_no_protocol,1,L21H12,1.988826815642458,False,False
apps_python_131,clean_no_protocol,2,MLP27,2.9483240223463687,False,True
codecontests_cpp_131,clean_no_schema,1,L21H12,0.32965116279069767,True,True
codecontests_cpp_131,clean_no_schema,2,MLP27,0.3414970930232558,True,True
codecontests_cpp_131,clean_schema_mismatch,1,L21H12,1.5063953488372093,True,True
codecontests_cpp_131,clean_schema_mismatch,2,MLP27,1.583030523255814,True,True
codecontests_cpp_131,clean_no_protocol,1,L21H12,1.6372093023255814,False,False
codecontests_cpp_131,clean_no_protocol,2,MLP27,2.127906976744186,False,True
codecontests_java_131,clean_no_schema,1,L21H12,0.20617816091954022,True,True
codecontests_java_131,clean_no_schema,2,MLP27,0.2252155172413793,True,True
codecontests_java_131,clean_schema_mismatch,1,L21H12,0.3380028735632184,True,True
codecontests_java_131,clean_schema_mismatch,2,MLP27,0.3671790813577586,True,True
codecontests_java_131,clean_no_protocol,1,L21H12,0.7097701149425287,False,False
codecontests_java_131,clean_no_protocol,2,MLP27,0.9533943965517241,True,True
humaneval_python_131,clean_no_schema,1,L21H12,0.4680232558139535,False,True
humaneval_python_131,clean_no_schema,2,MLP27,0.4316860465116279,False,False
humaneval_python_131,clean_schema_mismatch,1,L21H12,1.3372093023255813,False,False
humaneval_python_131,clean_schema_mismatch,2,MLP27,1.7351017441860466,True,True
humaneval_python_131,clean_no_protocol,1,L21H12,1.308139534883721,False,False
humaneval_python_131,clean_no_protocol,2,MLP27,2.1482558139534884,False,False
apps_python_132,clean_no_schema,1,L21H12,0.7319182389937107,False,False
apps_python_132,clean_no_schema,2,MLP27,0.7327044025157232,False,False
apps_python_132,clean_schema_mismatch,1,L21H12,1.0790094339622642,True,True
apps_python_132,clean_schema_mismatch,2,MLP27,1.1404038915094339,True,True
apps_python_132,clean_no_protocol,1,L21H12,1.8553459119496856,False,False
apps_python_132,clean_no_protocol,2,MLP27,2.4716981132075473,False,False
codecontests_cpp_132,clean_no_schema,1,L21H12,0.24967948717948718,False,True
codecontests_cpp_132,clean_no_schema,2,MLP27,0.28397435897435896,True,True
codecontests_cpp_132,clean_schema_mismatch,1,L21H12,0.44375,True,True
codecontests_cpp_132,clean_schema_mismatch,2,MLP27,0.4807391826923077,True,True
codecontests_cpp_132,clean_no_protocol,1,L21H12,1.5128205128205128,False,False
codecontests_cpp_132,clean_no_protocol,2,MLP27,2.546153846153846,False,False
codecontests_java_132,clean_no_schema,1,L21H12,0.6687192118226601,True,True
codecontests_java_132,clean_no_schema,2,MLP27,0.7127463054187192,True,True
codecontests_java_132,clean_schema_mismatch,1,L21H12,0.44623614532019706,True,True
codecontests_java_132,clean_schema_mismatch,2,MLP27,0.4526559613608374,True,True
codecontests_java_132,clean_no_protocol,1,L21H12,0.9741379310344828,False,False
codecontests_java_132,clean_no_protocol,2,MLP27,1.13829664408867,True,True
apps_python_133,clean_no_schema,1,L21H12,0.8257042253521126,True,True
apps_python_133,clean_no_schema,2,MLP27,0.7711267605633803,False,False
apps_python_133,clean_schema_mismatch,1,L21H12,1.0387323943661972,True,True
apps_python_133,clean_schema_mismatch,2,MLP27,1.0927046654929577,True,True
apps_python_133,clean_no_protocol,1,L21H12,2.556338028169014,False,False
apps_python_133,clean_no_protocol,2,MLP27,3.443661971830986,False,False
codecontests_java_133,clean_no_schema,1,L21H12,1.3806818181818181,False,False
codecontests_java_133,clean_no_schema,2,MLP27,1.5198863636363635,True,True
codecontests_java_133,clean_schema_mismatch,1,L21H12,1.6953125,False,False
codecontests_java_133,clean_schema_mismatch,2,MLP27,1.8541814630681819,True,True
codecontests_java_133,clean_no_protocol,1,L21H12,2.0795454545454546,False,False
codecontests_java_133,clean_no_protocol,2,MLP27,2.71484375,True,True
mbpp_python_133,clean_no_schema,1,L21H12,0.26789529914529914,True,True
mbpp_python_133,clean_no_schema,2,MLP27,0.23130341880341881,True,True
mbpp_python_133,clean_schema_mismatch,1,L21H12,0.6688034188034188,False,False
mbpp_python_133,clean_schema_mismatch,2,MLP27,0.8279246794871795,True,True
mbpp_python_133,clean_no_protocol,1,L21H12,3.076923076923077,False,False
mbpp_python_133,clean_no_protocol,2,MLP27,4.061965811965812,False,False
apps_python_134,clean_no_schema,1,L21H12,0.31877729257641924,False,False
apps_python_134,clean_no_schema,2,MLP27,0.25436681222707425,False,False
apps_python_134,clean_schema_mismatch,1,L21H12,1.0218340611353711,False,False
apps_python_134,clean_schema_mismatch,2,MLP27,1.7532751091703056,False,True
apps_python_134,clean_no_protocol,1,L21H12,1.0043668122270741,False,False
apps_python_134,clean_no_protocol,2,MLP27,1.5906113537117903,False,False
codecontests_cpp_134,clean_no_schema,1,L21H12,0.2972623966942149,True,True
codecontests_cpp_134,clean_no_schema,2,MLP27,0.34265237603305787,True,True
codecontests_cpp_134,clean_schema_mismatch,1,L21H12,1.0578512396694215,False,False
codecontests_cpp_134,clean_schema_mismatch,2,MLP27,1.4022469008264462,True,True
codecontests_cpp_134,clean_no_protocol,1,L21H12,1.1900826446280992,False,False
codecontests_cpp_134,clean_no_protocol,2,MLP27,2.268595041322314,False,False
codecontests_java_134,clean_no_schema,1,L21H12,0.9409871244635193,False,False
codecontests_java_134,clean_no_schema,2,MLP27,1.1000536480686696,True,True
codecontests_java_134,clean_schema_mismatch,1,L21H12,1.4570815450643777,False,False
codecontests_java_134,clean_schema_mismatch,2,MLP27,1.701716738197425,True,True
codecontests_java_134,clean_no_protocol,1,L21H12,1.3261802575107295,False,False
codecontests_java_134,clean_no_protocol,2,MLP27,1.9066523605150214,True,True
apps_python_135,clean_no_schema,1,L21H12,0.21118630573248406,True,True
apps_python_135,clean_no_schema,2,MLP27,0.1321656050955414,True,True
apps_python_135,clean_schema_mismatch,1,L21H12,1.5222929936305734,False,False
apps_python_135,clean_schema_mismatch,2,MLP27,1.875796178343949,True,True
apps_python_135,clean_no_protocol,1,L21H12,4.509554140127388,False,False
apps_python_135,clean_no_protocol,2,MLP27,5.646496815286624,False,False
apps_python_136,clean_no_schema,1,L21H12,0.1794871794871795,True,True
apps_python_136,clean_no_schema,2,MLP27,0.14775641025641026,True,True
apps_python_136,clean_schema_mismatch,1,L21H12,1.7538461538461538,False,False
apps_python_136,clean_schema_mismatch,2,MLP27,2.146474358974359,True,True
apps_python_136,clean_no_protocol,1,L21H12,3.98974358974359,False,False
apps_python_136,clean_no_protocol,2,MLP27,4.9743589743589745,False,False
codecontests_cpp_136,clean_no_schema,1,L21H12,0.9555214723926381,False,False
codecontests_cpp_136,clean_no_schema,2,MLP27,1.187883435582822,True,True
codecontests_cpp_136,clean_schema_mismatch,1,L21H12,1.469325153374233,True,False
codecontests_cpp_136,clean_schema_mismatch,2,MLP27,1.6680406441717792,True,True
codecontests_cpp_136,clean_no_protocol,1,L21H12,3.6196319018404908,False,False
codecontests_cpp_136,clean_no_protocol,2,MLP27,5.223926380368098,True,False
codecontests_java_136,clean_no_schema,1,L21H12,0.9106481481481481,False,False
codecontests_java_136,clean_no_schema,2,MLP27,0.9877314814814815,True,True
codecontests_java_136,clean_schema_mismatch,1,L21H12,0.8166666666666667,True,True
codecontests_java_136,clean_schema_mismatch,2,MLP27,0.8561921296296297,True,True
codecontests_java_136,clean_no_protocol,1,L21H12,1.3333333333333333,False,False
codecontests_java_136,clean_no_protocol,2,MLP27,1.8462962962962963,False,True
codecontests_cpp_137,clean_no_schema,1,L21H12,0.26871019108280253,True,True
codecontests_cpp_137,clean_no_schema,2,MLP27,0.3092157643312102,True,True
codecontests_cpp_137,clean_schema_mismatch,1,L21H12,0.552547770700637,False,False
codecontests_cpp_137,clean_schema_mismatch,2,MLP27,0.7476114649681529,True,True
codecontests_cpp_137,clean_no_protocol,1,L21H12,1.0254777070063694,False,False
codecontests_cpp_137,clean_no_protocol,2,MLP27,2.1544585987261144,False,False
codecontests_java_137,clean_no_schema,1,L21H12,0.3149207746478873,True,True
codecontests_java_137,clean_no_schema,2,MLP27,0.34540052816901406,True,True
codecontests_java_137,clean_schema_mismatch,1,L21H12,0.07721720950704225,True,True
codecontests_java_137,clean_schema_mismatch,2,MLP27,0.07992510728433098,True,True
codecontests_java_137,clean_no_protocol,1,L21H12,0.9454225352112676,False,False
codecontests_java_137,clean_no_protocol,2,MLP27,1.2363693882042253,True,True
humaneval_python_137,clean_no_schema,1,L21H12,0.32188967136150237,False,True
humaneval_python_137,clean_no_schema,2,MLP27,0.2822769953051643,False,True
humaneval_python_137,clean_schema_mismatch,1,L21H12,1.1830985915492958,False,False
humaneval_python_137,clean_schema_mismatch,2,MLP27,1.653755868544601,True,True
humaneval_python_137,clean_no_protocol,1,L21H12,2.516431924882629,False,False
humaneval_python_137,clean_no_protocol,2,MLP27,3.5211267605633805,False,False
apps_python_138,clean_no_schema,1,L21H12,0.13931772908366533,True,True
apps_python_138,clean_no_schema,2,MLP27,0.05179282868525897,False,True
apps_python_138,clean_schema_mismatch,1,L21H12,0.8446215139442231,False,False
apps_python_138,clean_schema_mismatch,2,MLP27,0.9711155378486056,True,True
apps_python_138,clean_no_protocol,1,L21H12,2.4183266932270917,False,False
apps_python_138,clean_no_protocol,2,MLP27,3.00996015936255,False,False
codecontests_cpp_138,clean_no_schema,1,L21H12,0.1687956204379562,True,True
codecontests_cpp_138,clean_no_schema,2,MLP27,0.24076186131386862,True,True
codecontests_cpp_138,clean_schema_mismatch,1,L21H12,0.30246350364963503,True,True
codecontests_cpp_138,clean_schema_mismatch,2,MLP27,0.3556398266423358,True,True
codecontests_cpp_138,clean_no_protocol,1,L21H12,1.2335766423357664,False,False
codecontests_cpp_138,clean_no_protocol,2,MLP27,2.2208029197080292,False,False
codecontests_java_138,clean_no_schema,1,L21H12,0.5522388059701493,False,False
codecontests_java_138,clean_no_schema,2,MLP27,0.6546952736318408,True,True
codecontests_java_138,clean_schema_mismatch,1,L21H12,0.07429648631840796,True,True
codecontests_java_138,clean_schema_mismatch,2,MLP27,0.07644395211442787,True,True
codecontests_java_138,clean_no_protocol,1,L21H12,2.154228855721393,False,False
codecontests_java_138,clean_no_protocol,2,MLP27,2.955223880597015,True,True
codecontests_cpp_139,clean_no_schema,1,L21H12,0.0609375,True,True
codecontests_cpp_139,clean_no_schema,2,MLP27,0.06858552631578947,True,True
codecontests_cpp_139,clean_schema_mismatch,1,L21H12,1.1013157894736842,True,True
codecontests_cpp_139,clean_schema_mismatch,2,MLP27,1.1896792763157895,True,True
codecontests_cpp_139,clean_no_protocol,1,L21H12,2.068421052631579,False,False
codecontests_cpp_139,clean_no_protocol,2,MLP27,2.9,True,True
codecontests_java_139,clean_no_schema,1,L21H12,0.9019808743169399,True,True
codecontests_java_139,clean_no_schema,2,MLP27,0.9466786202185792,True,True
codecontests_java_139,clean_schema_mismatch,1,L21H12,0.5482197745901639,True,True
codecontests_java_139,clean_schema_mismatch,2,MLP27,0.5516684276810109,True,True
codecontests_java_139,clean_no_protocol,1,L21H12,0.8811475409836066,False,False
codecontests_java_139,clean_no_protocol,2,MLP27,1.0684234118852458,True,True
humaneval_python_139,clean_no_schema,1,L21H12,0.5204545454545455,False,True
humaneval_python_139,clean_no_schema,2,MLP27,0.5450757575757575,True,True
humaneval_python_139,clean_schema_mismatch,1,L21H12,1.065909090909091,False,False
humaneval_python_139,clean_schema_mismatch,2,MLP27,1.2091382575757577,True,True
humaneval_python_139,clean_no_protocol,1,L21H12,2.6424242424242426,False,False
humaneval_python_139,clean_no_protocol,2,MLP27,3.1454545454545455,False,False
apps_python_140,clean_no_schema,1,L21H12,0.2892857142857143,True,True
apps_python_140,clean_no_schema,2,MLP27,0.2955357142857143,True,True
apps_python_140,clean_schema_mismatch,1,L21H12,0.45,True,True
apps_python_140,clean_schema_mismatch,2,MLP27,0.4822963169642857,True,True
apps_python_140,clean_no_protocol,1,L21H12,0.7446428571428572,False,False
apps_python_140,clean_no_protocol,2,MLP27,1.00390625,True,True
codecontests_cpp_140,clean_no_schema,1,L21H12,0.639937106918239,False,False
codecontests_cpp_140,clean_no_schema,2,MLP27,0.8863993710691824,True,True
codecontests_cpp_140,clean_schema_mismatch,1,L21H12,1.0628930817610063,False,False
codecontests_cpp_140,clean_schema_mismatch,2,MLP27,1.372248427672956,True,True
codecontests_cpp_140,clean_no_protocol,1,L21H12,1.10062893081761,False,False
codecontests_cpp_140,clean_no_protocol,2,MLP27,1.8549528301886793,True,True
codecontests_java_140,clean_no_schema,1,L21H12,0.751953125,True,True
codecontests_java_140,clean_no_schema,2,MLP27,0.81728515625,True,True
codecontests_java_140,clean_schema_mismatch,1,L21H12,0.0987548828125,True,True
codecontests_java_140,clean_schema_mismatch,2,MLP27,0.1019805908203125,True,True
codecontests_java_140,clean_no_protocol,1,L21H12,0.7765625,False,False
codecontests_java_140,clean_no_protocol,2,MLP27,0.890283203125,True,True
mbpp_python_140,clean_no_schema,1,L21H12,0.37657563025210083,True,True
mbpp_python_140,clean_no_schema,2,MLP27,0.37657563025210083,True,True
mbpp_python_140,clean_schema_mismatch,1,L21H12,1.0997899159663866,False,False
mbpp_python_140,clean_schema_mismatch,2,MLP27,1.325236344537815,True,True
mbpp_python_140,clean_no_protocol,1,L21H12,1.226890756302521,False,False
mbpp_python_140,clean_no_protocol,2,MLP27,1.8277310924369747,False,False
apps_python_141,clean_no_schema,1,L21H12,0.2856182795698925,False,True
apps_python_141,clean_no_schema,2,MLP27,0.2856182795698925,False,True
apps_python_141,clean_schema_mismatch,1,L21H12,1.1397849462365592,False,False
apps_python_141,clean_schema_mismatch,2,MLP27,2.0504032258064515,False,False
apps_python_141,clean_no_protocol,1,L21H12,1.2311827956989247,False,False
apps_python_141,clean_no_protocol,2,MLP27,1.9381720430107527,False,False
codecontests_cpp_141,clean_no_schema,1,L21H12,1.4607142857142856,False,False
codecontests_cpp_141,clean_no_schema,2,MLP27,1.7375,True,True
codecontests_cpp_141,clean_schema_mismatch,1,L21H12,3.7642857142857142,False,False
codecontests_cpp_141,clean_schema_mismatch,2,MLP27,4.996428571428571,False,False
codecontests_cpp_141,clean_no_protocol,1,L21H12,4.871428571428571,False,False
codecontests_cpp_141,clean_no_protocol,2,MLP27,6.932142857142857,False,False
codecontests_java_141,clean_no_schema,1,L21H12,0.3415492957746479,True,True
codecontests_java_141,clean_no_schema,2,MLP27,0.39106514084507044,True,True
codecontests_java_141,clean_schema_mismatch,1,L21H12,1.0657276995305165,False,False
codecontests_java_141,clean_schema_mismatch,2,MLP27,1.3634096244131455,True,True
codecontests_java_141,clean_no_protocol,1,L21H12,1.6056338028169015,False,False
codecontests_java_141,clean_no_protocol,2,MLP27,2.6572769953051645,False,False
apps_python_142,clean_no_schema,1,L21H12,0.7029109589041096,True,True
apps_python_142,clean_no_schema,2,MLP27,0.5513698630136986,False,False
apps_python_142,clean_schema_mismatch,1,L21H12,1.1421232876712328,False,False
apps_python_142,clean_schema_mismatch,2,MLP27,1.5308219178082192,True,True
apps_python_142,clean_no_protocol,1,L21H12,4.136986301369863,False,False
apps_python_142,clean_no_protocol,2,MLP27,5.458904109589041,False,False
codecontests_cpp_142,clean_no_schema,1,L21H12,0.7551020408163265,False,False
codecontests_cpp_142,clean_no_schema,2,MLP27,0.9753401360544217,True,True
codecontests_cpp_142,clean_schema_mismatch,1,L21H12,1.6462585034013606,False,False
codecontests_cpp_142,clean_schema_mismatch,2,MLP27,2.506377551020408,True,True
codecontests_cpp_142,clean_no_protocol,1,L21H12,1.7414965986394557,False,False
codecontests_cpp_142,clean_no_protocol,2,MLP27,3.2244897959183674,False,False
codecontests_java_142,clean_no_schema,1,L21H12,1.081781914893617,False,False
codecontests_java_142,clean_no_schema,2,MLP27,1.1864611037234043,True,True
codecontests_java_142,clean_schema_mismatch,1,L21H12,1.0272606382978724,True,True
codecontests_java_142,clean_schema_mismatch,2,MLP27,1.094736951462766,True,True
codecontests_java_142,clean_no_protocol,1,L21H12,0.9321808510638298,False,False
codecontests_java_142,clean_no_protocol,2,MLP27,1.2219082446808511,True,True
apps_python_143,clean_no_schema,1,L21H12,0.18467133620689655,True,True
apps_python_143,clean_no_schema,2,MLP27,0.14304956896551724,True,True
apps_python_143,clean_schema_mismatch,1,L21H12,1.0942887931034482,True,True
apps_python_143,clean_schema_mismatch,2,MLP27,1.179552801724138,True,True
apps_python_143,clean_no_protocol,1,L21H12,1.9525862068965518,False,False
apps_python_143,clean_no_protocol,2,MLP27,2.5711206896551726,False,False
codecontests_cpp_143,clean_no_schema,1,L21H12,0.41294642857142855,True,True
codecontests_cpp_143,clean_no_schema,2,MLP27,0.4616071428571429,True,True
codecontests_cpp_143,clean_schema_mismatch,1,L21H12,0.78125,False,True
codecontests_cpp_143,clean_schema_mismatch,2,MLP27,0.9029854910714286,True,True
codecontests_cpp_143,clean_no_protocol,1,L21H12,0.9464285714285714,False,False
codecontests_cpp_143,clean_no_protocol,2,MLP27,1.5098214285714286,True,True
codecontests_java_143,clean_no_schema,1,L21H12,0.22298387096774194,False,True
codecontests_java_143,clean_no_schema,2,MLP27,0.2743951612903226,True,True
codecontests_java_143,clean_schema_mismatch,1,L21H12,0.5975806451612903,False,False
codecontests_java_143,clean_schema_mismatch,2,MLP27,0.7071572580645161,True,True
codecontests_java_143,clean_no_protocol,1,L21H12,0.9,False,False
codecontests_java_143,clean_no_protocol,2,MLP27,1.2969758064516128,True,True
apps_python_144,clean_no_schema,1,L21H12,0.9704641350210971,False,False
apps_python_144,clean_no_schema,2,MLP27,1.128691983122363,False,False
apps_python_144,clean_schema_mismatch,1,L21H12,0.9825949367088608,False,False
apps_python_144,clean_schema_mismatch,2,MLP27,1.0895305907172996,True,True
apps_python_144,clean_no_protocol,1,L21H12,1.1729957805907174,False,False
apps_python_144,clean_no_protocol,2,MLP27,1.6023206751054853,False,False
codecontests_java_144,clean_no_schema,1,L21H12,1.5392857142857144,True,True
codecontests_java_144,clean_no_schema,2,MLP27,1.6172321428571428,True,True
codecontests_java_144,clean_schema_mismatch,1,L21H12,0.8235267857142857,True,True
codecontests_java_144,clean_schema_mismatch,2,MLP27,0.8274107142857143,True,True
codecontests_java_144,clean_no_protocol,1,L21H12,1.4714285714285715,True,True
codecontests_java_144,clean_no_protocol,2,MLP27,1.6614732142857143,True,True
mbpp_python_144,clean_no_schema,1,L21H12,0.3804054054054054,True,True
mbpp_python_144,clean_no_schema,2,MLP27,0.4226351351351351,True,True
mbpp_python_144,clean_schema_mismatch,1,L21H12,0.8081081081081081,False,False
mbpp_python_144,clean_schema_mismatch,2,MLP27,1.020016891891892,True,True
mbpp_python_144,clean_no_protocol,1,L21H12,1.962162162162162,False,False
mbpp_python_144,clean_no_protocol,2,MLP27,2.5837837837837836,False,False
codecontests_cpp_145,clean_no_schema,1,L21H12,1.0043478260869565,False,False
codecontests_cpp_145,clean_no_schema,2,MLP27,1.232608695652174,True,True
codecontests_cpp_145,clean_schema_mismatch,1,L21H12,1.225,False,False
codecontests_cpp_145,clean_schema_mismatch,2,MLP27,1.4278532608695653,True,True
codecontests_cpp_145,clean_no_protocol,1,L21H12,1.626086956521739,False,False
codecontests_cpp_145,clean_no_protocol,2,MLP27,2.3119565217391305,False,True
codecontests_java_145,clean_no_schema,1,L21H12,0.8555045871559633,False,False
codecontests_java_145,clean_no_schema,2,MLP27,1.0255160550458715,True,True
codecontests_java_145,clean_schema_mismatch,1,L21H12,0.30296731651376146,True,True
codecontests_java_145,clean_schema_mismatch,2,MLP27,0.3136557482798165,True,True
codecontests_java_145,clean_no_protocol,1,L21H12,0.8646788990825688,False,False
codecontests_java_145,clean_no_protocol,2,MLP27,1.1351060779816513,True,True
humaneval_python_145,clean_no_schema,1,L21H12,0.6881188118811881,False,False
humaneval_python_145,clean_no_schema,2,MLP27,0.8106435643564357,False,False
humaneval_python_145,clean_schema_mismatch,1,L21H12,0.6188118811881188,False,False
humaneval_python_145,clean_schema_mismatch,2,MLP27,0.7857363861386139,True,True
humaneval_python_145,clean_no_protocol,1,L21H12,1.2227722772277227,False,False
humaneval_python_145,clean_no_protocol,2,MLP27,1.9170792079207921,False,False
apps_python_146,clean_no_schema,1,L21H12,0.03980891719745223,True,True
apps_python_146,clean_no_schema,2,MLP27,0.016321656050955414,True,True
apps_python_146,clean_schema_mismatch,1,L21H12,1.2046178343949046,False,False
apps_python_146,clean_schema_mismatch,2,MLP27,1.373109076433121,True,True
apps_python_146,clean_no_protocol,1,L21H12,1.8471337579617835,False,False
apps_python_146,clean_no_protocol,2,MLP27,2.7404458598726116,False,False
codecontests_java_146,clean_no_schema,1,L21H12,0.35827850877192985,True,True
codecontests_java_146,clean_no_schema,2,MLP27,0.42023026315789475,True,True
codecontests_java_146,clean_schema_mismatch,1,L21H12,0.24917763157894737,True,True
codecontests_java_146,clean_schema_mismatch,2,MLP27,0.2696254797149123,True,True
codecontests_java_146,clean_no_protocol,1,L21H12,1.6885964912280702,False,False
codecontests_java_146,clean_no_protocol,2,MLP27,2.580043859649123,False,False
codecontests_cpp_147,clean_no_schema,1,L21H12,0.3855140186915888,True,True
codecontests_cpp_147,clean_no_schema,2,MLP27,0.4142085280373832,True,True
codecontests_cpp_147,clean_schema_mismatch,1,L21H12,0.5257009345794392,True,True
codecontests_cpp_147,clean_schema_mismatch,2,MLP27,0.6074766355140186,True,True
codecontests_cpp_147,clean_no_protocol,1,L21H12,0.7990654205607477,False,False
codecontests_cpp_147,clean_no_protocol,2,MLP27,1.2313084112149533,True,True
codecontests_java_147,clean_no_schema,1,L21H12,0.41794871794871796,False,False
codecontests_java_147,clean_no_schema,2,MLP27,0.5490384615384616,False,True
codecontests_java_147,clean_schema_mismatch,1,L21H12,0.40384615384615385,False,False
codecontests_java_147,clean_schema_mismatch,2,MLP27,0.5570512820512821,True,True
codecontests_java_147,clean_no_protocol,1,L21H12,0.5769230769230769,False,False
codecontests_java_147,clean_no_protocol,2,MLP27,0.9471153846153846,False,True
mbpp_python_147,clean_no_schema,1,L21H12,0.12125,True,True
mbpp_python_147,clean_no_schema,2,MLP27,0.0815625,True,True
mbpp_python_147,clean_schema_mismatch,1,L21H12,0.87,False,False
mbpp_python_147,clean_schema_mismatch,2,MLP27,1.288125,True,True
mbpp_python_147,clean_no_protocol,1,L21H12,1.56,False,False
mbpp_python_147,clean_no_protocol,2,MLP27,1.97125,False,False
apps_python_148,clean_no_schema,1,L21H12,0.10161952554744526,True,True
apps_python_148,clean_no_schema,2,MLP27,0.0677463503649635,True,True
apps_python_148,clean_schema_mismatch,1,L21H12,0.6838503649635036,True,True
apps_python_148,clean_schema_mismatch,2,MLP27,0.7060618156934306,True,True
apps_python_148,clean_no_protocol,1,L21H12,2.240875912408759,False,False
apps_python_148,clean_no_protocol,2,MLP27,2.9726277372262775,False,False
codecontests_cpp_148,clean_no_schema,1,L21H12,1.5703592814371257,False,False
codecontests_cpp_148,clean_no_schema,2,MLP27,1.8502994011976048,True,True
codecontests_cpp_148,clean_schema_mismatch,1,L21H12,3.1467065868263475,False,False
codecontests_cpp_148,clean_schema_mismatch,2,MLP27,3.6706586826347305,True,True
codecontests_cpp_148,clean_no_protocol,1,L21H12,3.053892215568862,False,False
codecontests_cpp_148,clean_no_protocol,2,MLP27,5.449101796407185,False,False
codecontests_java_148,clean_no_schema,1,L21H12,0.7105603448275862,True,True
codecontests_java_148,clean_no_schema,2,MLP27,0.7442349137931035,True,True
codecontests_java_148,clean_schema_mismatch,1,L21H12,1.0823275862068966,True,True
codecontests_java_148,clean_schema_mismatch,2,MLP27,1.1095669450431034,True,True
codecontests_java_148,clean_no_protocol,1,L21H12,0.8737068965517242,False,True
codecontests_java_148,clean_no_protocol,2,MLP27,0.9564520474137931,True,True
humaneval_python_148,clean_no_schema,1,L21H12,0.29459798994974873,True,True
humaneval_python_148,clean_no_schema,2,MLP27,0.21545226130653267,False,True
humaneval_python_148,clean_schema_mismatch,1,L21H12,0.7123115577889447,False,False
humaneval_python_148,clean_schema_mismatch,2,MLP27,0.8982412060301508,True,True
humaneval_python_148,clean_no_protocol,1,L21H12,3.185929648241206,False,False
humaneval_python_148,clean_no_protocol,2,MLP27,4.097989949748744,False,False
mbpp_python_148,clean_no_schema,1,L21H12,1.7328767123287672,False,False
mbpp_python_148,clean_no_schema,2,MLP27,2.256849315068493,False,False
mbpp_python_148,clean_schema_mismatch,1,L21H12,0.13425727739726026,True,True
mbpp_python_148,clean_schema_mismatch,2,MLP27,0.14448442851027396,True,True
mbpp_python_148,clean_no_protocol,1,L21H12,2.287671232876712,False,False
mbpp_python_148,clean_no_protocol,2,MLP27,3.410958904109589,False,False
codecontests_cpp_149,clean_no_schema,1,L21H12,1.3305555555555555,False,False
codecontests_cpp_149,clean_no_schema,2,MLP27,1.5291666666666666,True,True
codecontests_cpp_149,clean_schema_mismatch,1,L21H12,2.272222222222222,False,False
codecontests_cpp_149,clean_schema_mismatch,2,MLP27,2.5881944444444445,True,True
codecontests_cpp_149,clean_no_protocol,1,L21H12,3.3,False,False
codecontests_cpp_149,clean_no_protocol,2,MLP27,4.786111111111111,False,False
codecontests_java_149,clean_no_schema,1,L21H12,0.18053057553956833,True,True
codecontests_java_149,clean_no_schema,2,MLP27,0.2129187275179856,True,True
codecontests_java_149,clean_schema_mismatch,1,L21H12,0.3983812949640288,True,True
codecontests_java_149,clean_schema_mismatch,2,MLP27,0.46516692895683454,True,True
codecontests_java_149,clean_no_protocol,1,L21H12,1.158273381294964,False,False
codecontests_java_149,clean_no_protocol,2,MLP27,2.033273381294964,False,False
humaneval_python_149,clean_no_schema,1,L21H12,0.09258720930232558,True,True
humaneval_python_149,clean_no_schema,2,MLP27,0.056976744186046514,True,True
humaneval_python_149,clean_schema_mismatch,1,L21H12,0.9651162790697675,False,False
humaneval_python_149,clean_schema_mismatch,2,MLP27,1.3184593023255815,True,True
humaneval_python_149,clean_no_protocol,1,L21H12,1.8790697674418604,False,False
humaneval_python_149,clean_no_protocol,2,MLP27,2.916279069767442,False,False
mbpp_python_149,clean_no_schema,1,L21H12,0.75,False,False
mbpp_python_149,clean_no_schema,2,MLP27,0.5811688311688312,False,False
mbpp_python_149,clean_schema_mismatch,1,L21H12,1.2987012987012987,False,False
mbpp_python_149,clean_schema_mismatch,2,MLP27,2.0405844155844157,False,True
mbpp_python_149,clean_no_protocol,1,L21H12,1.5974025974025974,False,False
mbpp_python_149,clean_no_protocol,2,MLP27,2.6298701298701297,False,False
apps_python_150,clean_no_schema,1,L21H12,0.3376865671641791,False,False
apps_python_150,clean_no_schema,2,MLP27,0.32649253731343286,False,False
apps_python_150,clean_schema_mismatch,1,L21H12,0.5144589552238806,False,True
apps_python_150,clean_schema_mismatch,2,MLP27,0.5758512126865671,True,True
apps_python_150,clean_no_protocol,1,L21H12,2.298507462686567,False,False
apps_python_150,clean_no_protocol,2,MLP27,3.156716417910448,False,False
apps_python_151,clean_no_schema,1,L21H12,1.7373737373737375,False,False
apps_python_151,clean_no_schema,2,MLP27,2.2386363636363638,False,False
apps_python_151,clean_schema_mismatch,1,L21H12,1.5025252525252526,False,False
apps_python_151,clean_schema_mismatch,2,MLP27,1.878787878787879,True,True
apps_python_151,clean_no_protocol,1,L21H12,3.7474747474747474,False,False
apps_python_151,clean_no_protocol,2,MLP27,5.570707070707071,False,False
codecontests_java_151,clean_no_schema,1,L21H12,0.5316558441558441,False,False
codecontests_java_151,clean_no_schema,2,MLP27,0.6576704545454546,True,True
codecontests_java_151,clean_schema_mismatch,1,L21H12,0.19617491883116883,True,True
codecontests_java_151,clean_schema_mismatch,2,MLP27,0.20561079545454544,True,True
codecontests_java_151,clean_no_protocol,1,L21H12,2.3701298701298703,False,False
codecontests_java_151,clean_no_protocol,2,MLP27,3.768668831168831,True,True
humaneval_python_151,clean_no_schema,1,L21H12,0.14807692307692308,True,True
humaneval_python_151,clean_no_schema,2,MLP27,0.028846153846153848,True,True
humaneval_python_151,clean_schema_mismatch,1,L21H12,0.6951923076923077,True,True
humaneval_python_151,clean_schema_mismatch,2,MLP27,0.7610576923076923,True,True
humaneval_python_151,clean_no_protocol,1,L21H12,3.2846153846153845,False,False
humaneval_python_151,clean_no_protocol,2,MLP27,4.411538461538462,False,False
apps_python_152,clean_no_schema,1,L21H12,2.118150684931507,False,False
apps_python_152,clean_no_schema,2,MLP27,2.2363013698630136,False,False
apps_python_152,clean_schema_mismatch,1,L21H12,2.815068493150685,False,False
apps_python_152,clean_schema_mismatch,2,MLP27,3.6857876712328768,False,False
apps_python_152,clean_no_protocol,1,L21H12,2.4383561643835616,False,False
apps_python_152,clean_no_protocol,2,MLP27,3.1027397260273974,False,False
codecontests_cpp_152,clean_no_schema,1,L21H12,0.6472222222222223,True,True
codecontests_cpp_152,clean_no_schema,2,MLP27,0.685625,True,True
codecontests_cpp_152,clean_schema_mismatch,1,L21H12,1.815,True,True
codecontests_cpp_152,clean_schema_mismatch,2,MLP27,1.8710763888888888,True,True
codecontests_cpp_152,clean_no_protocol,1,L21H12,2.7688888888888887,False,False
codecontests_cpp_152,clean_no_protocol,2,MLP27,3.308611111111111,True,True
codecontests_java_152,clean_no_schema,1,L21H12,0.9822080291970803,False,False
codecontests_java_152,clean_no_schema,2,MLP27,1.0469890510948905,True,True
codecontests_java_152,clean_schema_mismatch,1,L21H12,1.1692518248175183,False,False
codecontests_java_152,clean_schema_mismatch,2,MLP27,1.2465214416058394,True,True
codecontests_java_152,clean_no_protocol,1,L21H12,1.2773722627737227,False,False
codecontests_java_152,clean_no_protocol,2,MLP27,1.5782390510948905,True,True
apps_python_153,clean_no_schema,1,L21H12,0.09245689655172414,True,True
apps_python_153,clean_no_schema,2,MLP27,0.036637931034482756,True,True
apps_python_153,clean_schema_mismatch,1,L21H12,0.5465517241379311,False,False
apps_python_153,clean_schema_mismatch,2,MLP27,0.6637392241379311,True,True
apps_python_153,clean_no_protocol,1,L21H12,1.7241379310344827,False,False
apps_python_153,clean_no_protocol,2,MLP27,2.393103448275862,False,False
codecontests_cpp_153,clean_no_schema,1,L21H12,1.4918478260869565,False,False
codecontests_cpp_153,clean_no_schema,2,MLP27,1.7547554347826086,True,True
codecontests_cpp_153,clean_schema_mismatch,1,L21H12,3.358695652173913,False,False
codecontests_cpp_153,clean_schema_mismatch,2,MLP27,4.205163043478261,False,False
codecontests_cpp_153,clean_no_protocol,1,L21H12,3.717391304347826,False,False
codecontests_cpp_153,clean_no_protocol,2,MLP27,5.798913043478261,False,False
codecontests_java_153,clean_no_schema,1,L21H12,0.5234806629834254,False,False
codecontests_java_153,clean_no_schema,2,MLP27,0.7130524861878453,False,False
codecontests_java_153,clean_schema_mismatch,1,L21H12,0.6961325966850829,False,False
codecontests_java_153,clean_schema_mismatch,2,MLP27,1.0552486187845305,False,False
codecontests_java_153,clean_no_protocol,1,L21H12,0.8287292817679558,False,False
codecontests_java_153,clean_no_protocol,2,MLP27,1.4433701657458564,False,False
apps_python_154,clean_no_schema,1,L21H12,0.834375,False,False
apps_python_154,clean_no_schema,2,MLP27,1.115625,False,False
apps_python_154,clean_schema_mismatch,1,L21H12,0.815625,False,False
apps_python_154,clean_schema_mismatch,2,MLP27,1.13515625,False,True
apps_python_154,clean_no_protocol,1,L21H12,2.475,False,False
apps_python_154,clean_no_protocol,2,MLP27,3.925,False,False
codecontests_cpp_154,clean_no_schema,1,L21H12,1.6835443037974684,False,False
codecontests_cpp_154,clean_no_schema,2,MLP27,2.2436708860759493,False,False
codecontests_cpp_154,clean_schema_mismatch,1,L21H12,1.2025316455696202,False,False
codecontests_cpp_154,clean_schema_mismatch,2,MLP27,1.5828059071729959,True,True
codecontests_cpp_154,clean_no_protocol,1,L21H12,1.890295358649789,False,False
codecontests_cpp_154,clean_no_protocol,2,MLP27,3.4556962025316458,False,False
codecontests_java_154,clean_no_schema,1,L21H12,1.1179245283018868,False,False
codecontests_java_154,clean_no_schema,2,MLP27,1.2556751179245282,True,True
codecontests_java_154,clean_schema_mismatch,1,L21H12,0.8298938679245284,True,True
codecontests_java_154,clean_schema_mismatch,2,MLP27,0.8670447007665094,True,True
codecontests_java_154,clean_no_protocol,1,L21H12,0.7547169811320755,False,False
codecontests_java_154,clean_no_protocol,2,MLP27,0.9745725235849056,True,True
humaneval_python_154,clean_no_schema,1,L21H12,0.07864583333333333,True,True
humaneval_python_154,clean_no_schema,2,MLP27,0.03046875,True,True
humaneval_python_154,clean_schema_mismatch,1,L21H12,0.8041666666666667,False,False
humaneval_python_154,clean_schema_mismatch,2,MLP27,1.0966145833333334,True,True
humaneval_python_154,clean_no_protocol,1,L21H12,4.883333333333334,False,False
humaneval_python_154,clean_no_protocol,2,MLP27,7.375,False,False
apps_python_155,clean_no_schema,1,L21H12,0.3300233644859813,False,False
apps_python_155,clean_no_schema,2,MLP27,0.23014018691588786,False,False
apps_python_155,clean_schema_mismatch,1,L21H12,0.8060747663551402,False,False
apps_python_155,clean_schema_mismatch,2,MLP27,1.017231308411215,False,True
apps_python_155,clean_no_protocol,1,L21H12,1.5981308411214954,False,False
apps_python_155,clean_no_protocol,2,MLP27,2.086448598130841,False,False
apps_python_156,clean_no_schema,1,L21H12,0.01403061224489796,True,True
apps_python_156,clean_no_schema,2,MLP27,0.00625,True,True
apps_python_156,clean_schema_mismatch,1,L21H12,1.079591836734694,False,False
apps_python_156,clean_schema_mismatch,2,MLP27,1.4542091836734694,True,True
apps_python_156,clean_no_protocol,1,L21H12,1.1591836734693877,False,False
apps_python_156,clean_no_protocol,2,MLP27,1.8479591836734695,False,True
codecontests_cpp_156,clean_no_schema,1,L21H12,0.26453488372093026,True,True
codecontests_cpp_156,clean_no_schema,2,MLP27,0.299327761627907,True,True
codecontests_cpp_156,clean_schema_mismatch,1,L21H12,0.7979651162790697,False,False
codecontests_cpp_156,clean_schema_mismatch,2,MLP27,0.9777888808139535,True,True
codecontests_cpp_156,clean_no_protocol,1,L21H12,1.191860465116279,False,False
codecontests_cpp_156,clean_no_protocol,2,MLP27,2.0348837209302326,False,False
codecontests_java_156,clean_no_schema,1,L21H12,0.7689606741573034,True,True
codecontests_java_156,clean_no_schema,2,MLP27,0.8074525983146067,True,True
codecontests_java_156,clean_schema_mismatch,1,L21H12,0.8026685393258427,True,True
codecontests_java_156,clean_schema_mismatch,2,MLP27,0.8474477703651685,True,True
codecontests_java_156,clean_no_protocol,1,L21H12,0.776685393258427,False,False
codecontests_java_156,clean_no_protocol,2,MLP27,1.0659234550561798,True,True
apps_python_157,clean_no_schema,1,L21H12,0.1508582746478873,True,True
apps_python_157,clean_no_schema,2,MLP27,0.12720070422535212,True,True
apps_python_157,clean_schema_mismatch,1,L21H12,0.9810739436619719,True,True
apps_python_157,clean_schema_mismatch,2,MLP27,1.0678917253521127,True,True
apps_python_157,clean_no_protocol,1,L21H12,1.806338028169014,False,False
apps_python_157,clean_no_protocol,2,MLP27,2.4295774647887325,False,False
codecontests_java_157,clean_no_schema,1,L21H12,0.9270209580838323,True,True
codecontests_java_157,clean_no_schema,2,MLP27,0.9747848053892215,True,True
codecontests_java_157,clean_schema_mismatch,1,L21H12,0.5751309880239521,True,True
codecontests_java_157,clean_schema_mismatch,2,MLP27,0.5833323587200598,True,True
codecontests_java_157,clean_no_protocol,1,L21H12,0.7870508982035929,False,False
codecontests_java_157,clean_no_protocol,2,MLP27,0.8780174026946108,True,True
apps_python_158,clean_no_schema,1,L21H12,0.05472883597883598,True,True
apps_python_158,clean_no_schema,2,MLP27,-0.044642857142857144,False,True
apps_python_158,clean_schema_mismatch,1,L21H12,0.9417989417989417,False,False
apps_python_158,clean_schema_mismatch,2,MLP27,1.4269179894179893,True,True
apps_python_158,clean_no_protocol,1,L21H12,2.0423280423280423,False,False
apps_python_158,clean_no_protocol,2,MLP27,2.962962962962963,False,False
codecontests_cpp_158,clean_no_schema,1,L21H12,0.7108938547486033,False,False
codecontests_cpp_158,clean_no_schema,2,MLP27,0.8987430167597765,True,True
codecontests_cpp_158,clean_schema_mismatch,1,L21H12,1.3631284916201116,False,False
codecontests_cpp_158,clean_schema_mismatch,2,MLP27,1.661836592178771,True,True
codecontests_cpp_158,clean_no_protocol,1,L21H12,1.8770949720670391,False,False
codecontests_cpp_158,clean_no_protocol,2,MLP27,3.340782122905028,False,False
codecontests_java_158,clean_no_schema,1,L21H12,0.7825342465753424,False,True
codecontests_java_158,clean_no_schema,2,MLP27,0.8585901826484018,True,True
codecontests_java_158,clean_schema_mismatch,1,L21H12,0.5776255707762558,True,True
codecontests_java_158,clean_schema_mismatch,2,MLP27,0.590378852739726,True,True
codecontests_java_158,clean_no_protocol,1,L21H12,1.3036529680365296,False,False
codecontests_java_158,clean_no_protocol,2,MLP27,1.7210331050228311,True,True
codecontests_cpp_159,clean_no_schema,1,L21H12,0.44752358490566035,True,True
codecontests_cpp_159,clean_no_schema,2,MLP27,0.4739583333333333,True,True
codecontests_cpp_159,clean_schema_mismatch,1,L21H12,1.0318396226415094,True,True
codecontests_cpp_159,clean_schema_mismatch,2,MLP27,1.0666764937106918,True,True
codecontests_cpp_159,clean_no_protocol,1,L21H12,1.9559748427672956,False,False
codecontests_cpp_159,clean_no_protocol,2,MLP27,2.7354559748427674,True,True
codecontests_java_159,clean_no_schema,1,L21H12,0.6431327160493827,True,True
codecontests_java_159,clean_no_schema,2,MLP27,0.6663130144032922,True,True
codecontests_java_159,clean_schema_mismatch,1,L21H12,0.010107220936213992,True,True
codecontests_java_159,clean_schema_mismatch,2,MLP27,0.010640211066100823,True,True
codecontests_java_159,clean_no_protocol,1,L21H12,1.146090534979424,True,True
codecontests_java_159,clean_no_protocol,2,MLP27,1.2160333076131686,True,True
apps_python_160,clean_no_schema,1,L21H12,0.010477511682242991,True,True
apps_python_160,clean_no_schema,2,MLP27,-0.005695093457943925,True,True
apps_python_160,clean_schema_mismatch,1,L21H12,0.6927570093457944,True,True
apps_python_160,clean_schema_mismatch,2,MLP27,0.773072429906542,True,True
apps_python_160,clean_no_protocol,1,L21H12,2.588785046728972,False,False
apps_python_160,clean_no_protocol,2,MLP27,3.635514018691589,False,False
codecontests_java_160,clean_no_schema,1,L21H12,0.3841059602649007,True,True
codecontests_java_160,clean_no_schema,2,MLP27,0.3824503311258278,True,True
codecontests_java_160,clean_schema_mismatch,1,L21H12,3.6456953642384105,False,False
codecontests_java_160,clean_schema_mismatch,2,MLP27,4.105753311258278,True,True
codecontests_java_160,clean_no_protocol,1,L21H12,4.582781456953643,False,False
codecontests_java_160,clean_no_protocol,2,MLP27,6.4072847682119205,True,True
apps_python_161,clean_no_schema,1,L21H12,0.6189024390243902,False,False
apps_python_161,clean_no_schema,2,MLP27,0.879954268292683,False,True
apps_python_161,clean_schema_mismatch,1,L21H12,0.583079268292683,True,True
apps_python_161,clean_schema_mismatch,2,MLP27,0.6414586509146342,True,True
apps_python_161,clean_no_protocol,1,L21H12,1.4390243902439024,False,False
apps_python_161,clean_no_protocol,2,MLP27,2.2713414634146343,False,False
codecontests_cpp_161,clean_no_schema,1,L21H12,0.053347280334728034,True,True
codecontests_cpp_161,clean_no_schema,2,MLP27,0.06263075313807531,True,True
codecontests_cpp_161,clean_schema_mismatch,1,L21H12,3.2468619246861925,False,False
codecontests_cpp_161,clean_schema_mismatch,2,MLP27,3.8276673640167362,True,True
codecontests_cpp_161,clean_no_protocol,1,L21H12,3.414225941422594,False,False
codecontests_cpp_161,clean_no_protocol,2,MLP27,4.449790794979079,True,True
codecontests_java_161,clean_no_schema,1,L21H12,0.705514705882353,True,True
codecontests_java_161,clean_no_schema,2,MLP27,0.7349264705882353,True,True
codecontests_java_161,clean_schema_mismatch,1,L21H12,0.5371323529411764,True,True
codecontests_java_161,clean_schema_mismatch,2,MLP27,0.5565946691176471,True,True
codecontests_java_161,clean_no_protocol,1,L21H12,2.8941176470588235,False,False
codecontests_java_161,clean_no_protocol,2,MLP27,3.458455882352941,True,True
humaneval_python_161,clean_no_schema,1,L21H12,0.7552910052910053,False,False
humaneval_python_161,clean_no_schema,2,MLP27,0.7037037037037037,False,False
humaneval_python_161,clean_schema_mismatch,1,L21H12,1.0396825396825398,False,False
humaneval_python_161,clean_schema_mismatch,2,MLP27,1.499834656084656,True,True
humaneval_python_161,clean_no_protocol,1,L21H12,2.613756613756614,False,False
humaneval_python_161,clean_no_protocol,2,MLP27,3.417989417989418,False,False
apps_python_162,clean_no_schema,1,L21H12,0.8462962962962963,False,False
apps_python_162,clean_no_schema,2,MLP27,0.9351851851851852,False,False
apps_python_162,clean_schema_mismatch,1,L21H12,0.43125,True,True
apps_python_162,clean_schema_mismatch,2,MLP27,0.46456886574074074,True,True
apps_python_162,clean_no_protocol,1,L21H12,1.7259259259259259,False,False
apps_python_162,clean_no_protocol,2,MLP27,2.462962962962963,False,False
codecontests_cpp_162,clean_no_schema,1,L21H12,0.4542338709677419,True,True
codecontests_cpp_162,clean_no_schema,2,MLP27,0.46683467741935486,True,True
codecontests_cpp_162,clean_schema_mismatch,1,L21H12,1.9161290322580644,False,False
codecontests_cpp_162,clean_schema_mismatch,2,MLP27,2.09304435483871,True,True
codecontests_cpp_162,clean_no_protocol,1,L21H12,1.706451612903226,False,False
codecontests_cpp_162,clean_no_protocol,2,MLP27,2.198891129032258,True,True
codecontests_java_162,clean_no_schema,1,L21H12,0.15681053811659193,True,True
codecontests_java_162,clean_no_schema,2,MLP27,0.16423766816143498,True,True
codecontests_java_162,clean_schema_mismatch,1,L21H12,3.382286995515695,True,True
codecontests_java_162,clean_schema_mismatch,2,MLP27,3.444576793721973,True,True
codecontests_java_162,clean_no_protocol,1,L21H12,3.5739910313901344,False,True
codecontests_java_162,clean_no_protocol,2,MLP27,3.936519058295964,True,True
apps_python_163,clean_no_schema,1,L21H12,0.0036014731413398695,True,True
apps_python_163,clean_no_schema,2,MLP27,-0.03183721405228758,True,True
apps_python_163,clean_schema_mismatch,1,L21H12,0.5236928104575164,True,True
apps_python_163,clean_schema_mismatch,2,MLP27,0.5821333741830066,True,True
apps_python_163,clean_no_protocol,1,L21H12,2.826797385620915,False,False
apps_python_163,clean_no_protocol,2,MLP27,3.3251633986928106,False,False
codecontests_cpp_163,clean_no_schema,1,L21H12,0.5954391891891891,False,False
codecontests_cpp_163,clean_no_schema,2,MLP27,0.6841216216216216,True,True
codecontests_cpp_163,clean_schema_mismatch,1,L21H12,1.0160472972972974,False,False
codecontests_cpp_163,clean_schema_mismatch,2,MLP27,1.2158994932432432,True,True
codecontests_cpp_163,clean_no_protocol,1,L21H12,1.8513513513513513,False,False
codecontests_cpp_163,clean_no_protocol,2,MLP27,3.3783783783783785,False,False
codecontests_java_163,clean_no_schema,1,L21H12,1.0056014150943395,True,True
codecontests_java_163,clean_no_schema,2,MLP27,1.0415315448113207,True,True
codecontests_java_163,clean_schema_mismatch,1,L21H12,0.19289873231132076,True,True
codecontests_java_163,clean_schema_mismatch,2,MLP27,0.19668176039209906,True,True
codecontests_java_163,clean_no_protocol,1,L21H12,1.8278301886792452,False,False
codecontests_java_163,clean_no_protocol,2,MLP27,2.227741745283019,True,True
apps_python_164,clean_no_schema,1,L21H12,0.12210264900662252,True,True
apps_python_164,clean_no_schema,2,MLP27,0.13058774834437087,True,True
apps_python_164,clean_schema_mismatch,1,L21H12,0.6076158940397351,False,False
apps_python_164,clean_schema_mismatch,2,MLP27,0.742213369205298,True,True
apps_python_164,clean_no_protocol,1,L21H12,1.3245033112582782,False,False
apps_python_164,clean_no_protocol,2,MLP27,1.8658940397350994,False,False
codecontests_cpp_165,clean_no_schema,1,L21H12,0.4354508196721312,False,True
codecontests_cpp_165,clean_no_schema,2,MLP27,0.5394467213114754,True,True
codecontests_cpp_165,clean_schema_mismatch,1,L21H12,1.0747950819672132,True,True
codecontests_cpp_165,clean_schema_mismatch,2,MLP27,1.2001152663934427,True,True
codecontests_cpp_165,clean_no_protocol,1,L21H12,2.0491803278688523,False,False
codecontests_cpp_165,clean_no_protocol,2,MLP27,3.1623975409836067,True,True
codecontests_java_165,clean_no_schema,1,L21H12,0.6844594594594594,True,True
codecontests_java_165,clean_no_schema,2,MLP27,0.7375,True,True
codecontests_java_165,clean_schema_mismatch,1,L21H12,0.7621621621621621,True,True
codecontests_java_165,clean_schema_mismatch,2,MLP27,0.7853462837837838,True,True
codecontests_java_165,clean_no_protocol,1,L21H12,1.8675675675675676,False,False
codecontests_java_165,clean_no_protocol,2,MLP27,2.4449324324324326,True,True
mbpp_python_165,clean_no_schema,1,L21H12,0.3528761061946903,False,False
mbpp_python_165,clean_no_schema,2,MLP27,0.3108407079646018,False,False
mbpp_python_165,clean_schema_mismatch,1,L21H12,0.7422566371681416,False,False
mbpp_python_165,clean_schema_mismatch,2,MLP27,0.8824668141592921,True,True
mbpp_python_165,clean_no_protocol,1,L21H12,1.6106194690265487,False,False
mbpp_python_165,clean_no_protocol,2,MLP27,2.2787610619469025,False,False
apps_python_166,clean_no_schema,1,L21H12,0.047061011904761904,True,True
apps_python_166,clean_no_schema,2,MLP27,0.017609126984126984,True,True
apps_python_166,clean_schema_mismatch,1,L21H12,0.4781746031746032,False,False
apps_python_166,clean_schema_mismatch,2,MLP27,0.6294642857142857,True,True
apps_python_166,clean_no_protocol,1,L21H12,1.7023809523809523,False,False
apps_python_166,clean_no_protocol,2,MLP27,2.3462301587301586,False,False
codecontests_java_166,clean_no_schema,1,L21H12,0.9314814814814815,False,False
codecontests_java_166,clean_no_schema,2,MLP27,1.1592592592592592,False,False
codecontests_java_166,clean_schema_mismatch,1,L21H12,2.0185185185185186,False,False
codecontests_java_166,clean_schema_mismatch,2,MLP27,2.243634259259259,True,True
codecontests_java_166,clean_no_protocol,1,L21H12,2.1925925925925926,False,False
codecontests_java_166,clean_no_protocol,2,MLP27,3.2981481481481483,False,False
apps_python_167,clean_no_schema,1,L21H12,0.35331632653061223,True,True
apps_python_167,clean_no_schema,2,MLP27,0.3107142857142857,True,True
apps_python_167,clean_schema_mismatch,1,L21H12,1.6734693877551021,False,False
apps_python_167,clean_schema_mismatch,2,MLP27,2.313265306122449,True,True
apps_python_167,clean_no_protocol,1,L21H12,2.906122448979592,False,False
apps_python_167,clean_no_protocol,2,MLP27,3.512244897959184,False,False
codecontests_java_167,clean_no_schema,1,L21H12,1.1076530612244897,True,True
codecontests_java_167,clean_no_schema,2,MLP27,1.1561224489795918,True,True
codecontests_java_167,clean_schema_mismatch,1,L21H12,2.879591836734694,False,True
codecontests_java_167,clean_schema_mismatch,2,MLP27,3.023214285714286,True,True
codecontests_java_167,clean_no_protocol,1,L21H12,3.3469387755102042,False,False
codecontests_java_167,clean_no_protocol,2,MLP27,4.292857142857143,True,True
mbpp_python_167,clean_no_schema,1,L21H12,0.6061320754716981,False,False
mbpp_python_167,clean_no_schema,2,MLP27,0.8490566037735849,False,False
mbpp_python_167,clean_schema_mismatch,1,L21H12,0.589622641509434,False,False
mbpp_python_167,clean_schema_mismatch,2,MLP27,0.8012971698113207,True,True
mbpp_python_167,clean_no_protocol,1,L21H12,0.5566037735849056,False,False
mbpp_python_167,clean_no_protocol,2,MLP27,0.9056603773584906,False,False
codecontests_java_168,clean_no_schema,1,L21H12,0.4725467289719626,False,True
codecontests_java_168,clean_no_schema,2,MLP27,0.5515478971962616,True,True
codecontests_java_168,clean_schema_mismatch,1,L21H12,0.35689252336448596,True,True
codecontests_java_168,clean_schema_mismatch,2,MLP27,0.39412967289719625,True,True
codecontests_java_168,clean_no_protocol,1,L21H12,1.6074766355140186,False,False
codecontests_java_168,clean_no_protocol,2,MLP27,2.4643691588785046,True,True
apps_python_169,clean_no_schema,1,L21H12,1.0088235294117647,False,False
apps_python_169,clean_no_schema,2,MLP27,1.035294117647059,False,False
apps_python_169,clean_schema_mismatch,1,L21H12,1.9764705882352942,False,False
apps_python_169,clean_schema_mismatch,2,MLP27,2.6496323529411763,True,True
apps_python_169,clean_no_protocol,1,L21H12,2.2705882352941176,False,False
apps_python_169,clean_no_protocol,2,MLP27,3.1941176470588237,False,False
codecontests_java_169,clean_no_schema,1,L21H12,1.014240506329114,False,False
codecontests_java_169,clean_no_schema,2,MLP27,1.1376582278481013,True,True
codecontests_java_169,clean_schema_mismatch,1,L21H12,1.0466772151898733,False,True
codecontests_java_169,clean_schema_mismatch,2,MLP27,1.1559038765822784,True,True
codecontests_java_169,clean_no_protocol,1,L21H12,2.3164556962025316,False,False
codecontests_java_169,clean_no_protocol,2,MLP27,3.536392405063291,False,False
apps_python_170,clean_no_schema,1,L21H12,0.03665865384615385,True,True
apps_python_170,clean_no_schema,2,MLP27,0.013857466063348416,True,True
apps_python_170,clean_schema_mismatch,1,L21H12,0.17830882352941177,True,True
apps_python_170,clean_schema_mismatch,2,MLP27,0.18689903846153846,True,True
apps_python_170,clean_no_protocol,1,L21H12,2.7058823529411766,False,False
apps_python_170,clean_no_protocol,2,MLP27,3.332579185520362,True,True
codecontests_cpp_170,clean_no_schema,1,L21H12,0.4403225806451613,False,False
codecontests_cpp_170,clean_no_schema,2,MLP27,0.5475806451612903,False,True
codecontests_cpp_170,clean_schema_mismatch,1,L21H12,1.2741935483870968,False,False
codecontests_cpp_170,clean_schema_mismatch,2,MLP27,1.6548387096774193,False,False
codecontests_cpp_170,clean_no_protocol,1,L21H12,1.4580645161290322,False,False
codecontests_cpp_170,clean_no_protocol,2,MLP27,2.5935483870967744,False,False
codecontests_java_170,clean_no_schema,1,L21H12,0.2897727272727273,False,False
codecontests_java_170,clean_no_schema,2,MLP27,0.3654119318181818,False,False
codecontests_java_170,clean_schema_mismatch,1,L21H12,0.2862215909090909,False,False
codecontests_java_170,clean_schema_mismatch,2,MLP27,0.34168590198863635,True,True
codecontests_java_170,clean_no_protocol,1,L21H12,0.5284090909090909,False,False
codecontests_java_170,clean_no_protocol,2,MLP27,1.01171875,False,False
apps_python_171,clean_no_schema,1,L21H12,0.15792650214592274,True,True
apps_python_171,clean_no_schema,2,MLP27,0.05257510729613734,True,True
apps_python_171,clean_schema_mismatch,1,L21H12,0.8894179184549357,True,True
apps_python_171,clean_schema_mismatch,2,MLP27,0.8997451716738197,True,True
apps_python_171,clean_no_protocol,1,L21H12,2.6394849785407724,False,False
apps_python_171,clean_no_protocol,2,MLP27,3.351931330472103,False,False
codecontests_cpp_171,clean_no_schema,1,L21H12,0.37932692307692306,True,True
codecontests_cpp_171,clean_no_schema,2,MLP27,0.4381610576923077,True,True
codecontests_cpp_171,clean_schema_mismatch,1,L21H12,1.9538461538461538,False,False
codecontests_cpp_171,clean_schema_mismatch,2,MLP27,2.616826923076923,True,True
codecontests_cpp_171,clean_no_protocol,1,L21H12,1.6807692307692308,False,False
codecontests_cpp_171,clean_no_protocol,2,MLP27,2.423076923076923,True,True
codecontests_java_171,clean_no_schema,1,L21H12,0.3795454545454545,True,True
codecontests_java_171,clean_no_schema,2,MLP27,0.4127840909090909,True,True
codecontests_java_171,clean_schema_mismatch,1,L21H12,1.0556818181818182,False,False
codecontests_java_171,clean_schema_mismatch,2,MLP27,1.2074573863636364,True,True
codecontests_java_171,clean_no_protocol,1,L21H12,1.5,False,False
codecontests_java_171,clean_no_protocol,2,MLP27,2.005113636363636,False,True
apps_python_172,clean_no_schema,1,L21H12,0.05419193097014925,True,True
apps_python_172,clean_no_schema,2,MLP27,0.03952891791044776,True,True
apps_python_172,clean_schema_mismatch,1,L21H12,0.490205223880597,False,False
apps_python_172,clean_schema_mismatch,2,MLP27,0.5937791511194029,True,True
apps_python_172,clean_no_protocol,1,L21H12,2.0634328358208953,False,False
apps_python_172,clean_no_protocol,2,MLP27,2.730410447761194,False,False
codecontests_java_172,clean_no_schema,1,L21H12,1.6071428571428572,False,False
codecontests_java_172,clean_no_schema,2,MLP27,1.7648809523809523,True,True
codecontests_java_172,clean_schema_mismatch,1,L21H12,1.4118303571428572,True,True
codecontests_java_172,clean_schema_mismatch,2,MLP27,1.4528459821428572,True,True
codecontests_java_172,clean_no_protocol,1,L21H12,2.3452380952380953,False,False
codecontests_java_172,clean_no_protocol,2,MLP27,3.0911458333333335,True,True
apps_python_173,clean_no_schema,1,L21H12,0.4476010101010101,False,False
apps_python_173,clean_no_schema,2,MLP27,0.4715909090909091,False,True
apps_python_173,clean_schema_mismatch,1,L21H12,0.7045454545454546,False,False
apps_python_173,clean_schema_mismatch,2,MLP27,0.826467803030303,True,True
apps_python_173,clean_no_protocol,1,L21H12,1.2575757575757576,False,False
apps_python_173,clean_no_protocol,2,MLP27,1.7941919191919191,True,True
codecontests_cpp_173,clean_no_schema,1,L21H12,0.8850671140939598,True,True
codecontests_cpp_173,clean_no_schema,2,MLP27,0.9841652684563759,True,True
codecontests_cpp_173,clean_schema_mismatch,1,L21H12,1.8557046979865772,True,True
codecontests_cpp_173,clean_schema_mismatch,2,MLP27,1.9639261744966443,True,True
codecontests_cpp_173,clean_no_protocol,1,L21H12,2.912751677852349,False,False
codecontests_cpp_173,clean_no_protocol,2,MLP27,3.9253355704697985,True,True
codecontests_java_173,clean_no_schema,1,L21H12,0.8625954198473282,False,True
codecontests_java_173,clean_no_schema,2,MLP27,0.9236641221374046,True,True
codecontests_java_173,clean_schema_mismatch,1,L21H12,0.23580629770992367,True,True
codecontests_java_173,clean_schema_mismatch,2,MLP27,0.24615338740458015,True,True
codecontests_java_173,clean_no_protocol,1,L21H12,1.3053435114503817,False,False
codecontests_java_173,clean_no_protocol,2,MLP27,1.88668893129771,True,True
apps_python_174,clean_no_schema,1,L21H12,0.3727409638554217,True,True
apps_python_174,clean_no_schema,2,MLP27,0.38930722891566266,True,True
apps_python_174,clean_schema_mismatch,1,L21H12,1.3855421686746987,False,True
apps_python_174,clean_schema_mismatch,2,MLP27,1.519578313253012,True,True
apps_python_174,clean_no_protocol,1,L21H12,1.2951807228915662,False,False
apps_python_174,clean_no_protocol,2,MLP27,1.8719879518072289,False,True
codecontests_cpp_174,clean_no_schema,1,L21H12,0.1111111111111111,True,True
codecontests_cpp_174,clean_no_schema,2,MLP27,0.13405797101449277,True,True
codecontests_cpp_174,clean_schema_mismatch,1,L21H12,1.160024154589372,True,True
codecontests_cpp_174,clean_schema_mismatch,2,MLP27,1.2906099033816425,True,True
codecontests_cpp_174,clean_no_protocol,1,L21H12,1.9371980676328502,False,False
codecontests_cpp_174,clean_no_protocol,2,MLP27,3.092995169082126,True,True
codecontests_java_174,clean_no_schema,1,L21H12,0.023009950248756218,True,True
codecontests_java_174,clean_no_schema,2,MLP27,0.027120258084577114,True,True
codecontests_java_174,clean_schema_mismatch,1,L21H12,0.4404539800995025,True,True
codecontests_java_174,clean_schema_mismatch,2,MLP27,0.4494519589552239,True,True
codecontests_java_174,clean_no_protocol,1,L21H12,2.3656716417910446,False,False
codecontests_java_174,clean_no_protocol,2,MLP27,2.8683924129353233,True,True
apps_python_175,clean_no_schema,1,L21H12,0.0975354381443299,True,True
apps_python_175,clean_no_schema,2,MLP27,0.08489046391752578,True,True
apps_python_175,clean_schema_mismatch,1,L21H12,0.09556217783505154,True,True
apps_python_175,clean_schema_mismatch,2,MLP27,0.10067654639175258,True,True
apps_python_175,clean_no_protocol,1,L21H12,1.5670103092783505,False,False
apps_python_175,clean_no_protocol,2,MLP27,2.1301546391752577,False,True
codecontests_cpp_175,clean_no_schema,1,L21H12,0.42177152317880795,True,True
codecontests_cpp_175,clean_no_schema,2,MLP27,0.46781870860927155,True,True
codecontests_cpp_175,clean_schema_mismatch,1,L21H12,0.0006992769557119205,True,True
codecontests_cpp_175,clean_schema_mismatch,2,MLP27,0.0007360597319950331,True,True
codecontests_cpp_175,clean_no_protocol,1,L21H12,4.874172185430464,False,False
codecontests_cpp_175,clean_no_protocol,2,MLP27,6.9155629139072845,True,True
codecontests_java_175,clean_no_schema,1,L21H12,0.6287162162162162,True,True
codecontests_java_175,clean_no_schema,2,MLP27,0.6699324324324324,True,True
codecontests_java_175,clean_schema_mismatch,1,L21H12,0.008845808699324324,True,True
codecontests_java_175,clean_schema_mismatch,2,MLP27,0.009012088260135135,True,True
codecontests_java_175,clean_no_protocol,1,L21H12,2.443243243243243,False,False
codecontests_java_175,clean_no_protocol,2,MLP27,3.0650337837837838,True,True
mbpp_python_175,clean_no_schema,1,L21H12,0.5486725663716814,False,False
mbpp_python_175,clean_no_schema,2,MLP27,0.6980088495575221,False,False
mbpp_python_175,clean_schema_mismatch,1,L21H12,0.8860619469026548,False,True
mbpp_python_175,clean_schema_mismatch,2,MLP27,1.0882190265486726,True,True
mbpp_python_175,clean_no_protocol,1,L21H12,1.6106194690265487,False,False
mbpp_python_175,clean_no_protocol,2,MLP27,2.325221238938053,False,True
apps_python_176,clean_no_schema,1,L21H12,0.13410874439461884,True,True
apps_python_176,clean_no_schema,2,MLP27,0.10061659192825112,False,True
apps_python_176,clean_schema_mismatch,1,L21H12,1.1076233183856503,False,False
apps_python_176,clean_schema_mismatch,2,MLP27,1.4086322869955157,False,True
apps_python_176,clean_no_protocol,1,L21H12,1.7354260089686098,False,False
apps_python_176,clean_no_protocol,2,MLP27,2.2623318385650224,False,False
codecontests_java_176,clean_no_schema,1,L21H12,0.2706766917293233,True,True
codecontests_java_176,clean_no_schema,2,MLP27,0.3092105263157895,True,True
codecontests_java_176,clean_schema_mismatch,1,L21H12,0.4367951127819549,True,True
codecontests_java_176,clean_schema_mismatch,2,MLP27,0.49146058505639095,True,True
codecontests_java_176,clean_no_protocol,1,L21H12,1.0263157894736843,False,False
codecontests_java_176,clean_no_protocol,2,MLP27,1.5958646616541354,True,True
codecontests_cpp_177,clean_no_schema,1,L21H12,0.7902131782945736,True,True
codecontests_cpp_177,clean_no_schema,2,MLP27,0.8351501937984496,True,True
codecontests_cpp_177,clean_schema_mismatch,1,L21H12,5.101744186046512,True,True
codecontests_cpp_177,clean_schema_mismatch,2,MLP27,5.314922480620155,True,True
codecontests_cpp_177,clean_no_protocol,1,L21H12,5.089147286821706,False,False
codecontests_cpp_177,clean_no_protocol,2,MLP27,5.960755813953488,True,True
codecontests_java_177,clean_no_schema,1,L21H12,0.25439133986928103,True,True
codecontests_java_177,clean_no_schema,2,MLP27,0.27415236928104575,True,True
codecontests_java_177,clean_schema_mismatch,1,L21H12,1.5727124183006536,False,True
codecontests_java_177,clean_schema_mismatch,2,MLP27,1.7041973039215685,True,True
codecontests_java_177,clean_no_protocol,1,L21H12,1.8104575163398693,False,False
codecontests_java_177,clean_no_protocol,2,MLP27,2.269812091503268,True,True
mbpp_python_177,clean_no_schema,1,L21H12,0.282703488372093,True,True
mbpp_python_177,clean_no_schema,2,MLP27,0.16763565891472867,False,False
mbpp_python_177,clean_schema_mismatch,1,L21H12,1.0174418604651163,False,False
mbpp_python_177,clean_schema_mismatch,2,MLP27,1.3200096899224807,True,True
mbpp_python_177,clean_no_protocol,1,L21H12,2.1550387596899223,False,False
mbpp_python_177,clean_no_protocol,2,MLP27,2.699612403100775,False,False
apps_python_178,clean_no_schema,1,L21H12,0.06533430232558139,True,True
apps_python_178,clean_no_schema,2,MLP27,0.02558139534883721,True,True
apps_python_178,clean_schema_mismatch,1,L21H12,0.5627906976744186,True,True
apps_python_178,clean_schema_mismatch,2,MLP27,0.6601744186046512,True,True
apps_python_178,clean_no_protocol,1,L21H12,1.5627906976744186,False,False
apps_python_178,clean_no_protocol,2,MLP27,2.029360465116279,True,True
codecontests_cpp_178,clean_no_schema,1,L21H12,0.6413043478260869,False,False
codecontests_cpp_178,clean_no_schema,2,MLP27,0.8052536231884058,True,True
codecontests_cpp_178,clean_schema_mismatch,1,L21H12,0.927536231884058,False,False
codecontests_cpp_178,clean_schema_mismatch,2,MLP27,1.0953351449275361,True,True
codecontests_cpp_178,clean_no_protocol,1,L21H12,1.681159420289855,False,False
codecontests_cpp_178,clean_no_protocol,2,MLP27,2.9692028985507246,False,False
codecontests_java_178,clean_no_schema,1,L21H12,0.6871165644171779,False,False
codecontests_java_178,clean_no_schema,2,MLP27,0.8029141104294478,True,True
codecontests_java_178,clean_schema_mismatch,1,L21H12,0.5598159509202454,True,True
codecontests_java_178,clean_schema_mismatch,2,MLP27,0.6002204754601227,True,True
codecontests_java_178,clean_no_protocol,1,L21H12,0.9325153374233128,False,False
codecontests_java_178,clean_no_protocol,2,MLP27,1.298888036809816,True,True
apps_python_179,clean_no_schema,1,L21H12,0.14827935222672065,True,True
apps_python_179,clean_no_schema,2,MLP27,0.1437246963562753,True,True
apps_python_179,clean_schema_mismatch,1,L21H12,0.395748987854251,True,True
apps_python_179,clean_schema_mismatch,2,MLP27,0.49481275303643724,True,True
apps_python_179,clean_no_protocol,1,L21H12,2.4048582995951415,False,False
apps_python_179,clean_no_protocol,2,MLP27,3.304655870445344,True,False
codecontests_java_179,clean_no_schema,1,L21H12,0.2552083333333333,True,True
codecontests_java_179,clean_no_schema,2,MLP27,0.2727521929824561,True,True
codecontests_java_179,clean_schema_mismatch,1,L21H12,0.15854577850877194,True,True
codecontests_java_179,clean_schema_mismatch,2,MLP27,0.1626147889254386,True,True
codecontests_java_179,clean_no_protocol,1,L21H12,2.1008771929824563,False,False
codecontests_java_179,clean_no_protocol,2,MLP27,2.6639254385964914,True,True
apps_python_180,clean_no_schema,1,L21H12,-0.007931472081218274,True,True
apps_python_180,clean_no_schema,2,MLP27,-0.032043147208121826,False,True
apps_python_180,clean_schema_mismatch,1,L21H12,0.766497461928934,False,True
apps_python_180,clean_schema_mismatch,2,MLP27,1.0253807106598984,True,True
apps_python_180,clean_no_protocol,1,L21H12,1.766497461928934,False,False
apps_python_180,clean_no_protocol,2,MLP27,2.467005076142132,False,False
codecontests_java_180,clean_no_schema,1,L21H12,1.4543478260869565,True,True
codecontests_java_180,clean_no_schema,2,MLP27,1.5933423913043478,True,True
codecontests_java_180,clean_schema_mismatch,1,L21H12,0.08614130434782609,True,True
codecontests_java_180,clean_schema_mismatch,2,MLP27,0.0891898777173913,True,True
codecontests_java_180,clean_no_protocol,1,L21H12,9.130434782608695,False,False
codecontests_java_180,clean_no_protocol,2,MLP27,10.665760869565217,True,True
apps_python_181,clean_no_schema,1,L21H12,0.6386255924170616,False,False
apps_python_181,clean_no_schema,2,MLP27,0.7085308056872038,False,False
apps_python_181,clean_schema_mismatch,1,L21H12,1.5592417061611374,False,False
apps_python_181,clean_schema_mismatch,2,MLP27,2.1963862559241707,True,True
apps_python_181,clean_no_protocol,1,L21H12,2.265402843601896,False,False
apps_python_181,clean_no_protocol,2,MLP27,3.3696682464454977,False,False
codecontests_cpp_181,clean_no_schema,1,L21H12,0.24649784482758622,True,True
codecontests_cpp_181,clean_no_schema,2,MLP27,0.29088092672413796,True,True
codecontests_cpp_181,clean_schema_mismatch,1,L21H12,1.1088362068965518,True,True
codecontests_cpp_181,clean_schema_mismatch,2,MLP27,1.2561287715517242,True,True
codecontests_cpp_181,clean_no_protocol,1,L21H12,2.939655172413793,False,False
codecontests_cpp_181,clean_no_protocol,2,MLP27,3.8828125,True,True
codecontests_java_181,clean_no_schema,1,L21H12,0.14096615720524017,True,True
codecontests_java_181,clean_no_schema,2,MLP27,0.15863810043668122,True,True
codecontests_java_181,clean_schema_mismatch,1,L21H12,0.18149563318777293,True,True
codecontests_java_181,clean_schema_mismatch,2,MLP27,0.18744029748908297,True,True
codecontests_java_181,clean_no_protocol,1,L21H12,1.1091703056768558,False,False
codecontests_java_181,clean_no_protocol,2,MLP27,1.4010644104803494,True,True
apps_python_182,clean_no_schema,1,L21H12,0.21477272727272728,True,True
apps_python_182,clean_no_schema,2,MLP27,0.1625,True,True
apps_python_182,clean_schema_mismatch,1,L21H12,1.253409090909091,False,False
apps_python_182,clean_schema_mismatch,2,MLP27,1.4534090909090909,True,True
apps_python_182,clean_no_protocol,1,L21H12,2.7636363636363637,False,False
apps_python_182,clean_no_protocol,2,MLP27,3.4045454545454548,False,True
codecontests_cpp_182,clean_no_schema,1,L21H12,0.1282051282051282,True,True
codecontests_cpp_182,clean_no_schema,2,MLP27,0.14723557692307693,True,True
codecontests_cpp_182,clean_schema_mismatch,1,L21H12,1.2532051282051282,False,False
codecontests_cpp_182,clean_schema_mismatch,2,MLP27,1.4731570512820513,True,True
codecontests_cpp_182,clean_no_protocol,1,L21H12,2.0256410256410255,False,False
codecontests_cpp_182,clean_no_protocol,2,MLP27,2.9767628205128207,False,False
codecontests_java_182,clean_no_schema,1,L21H12,0.06590432960893855,True,True
codecontests_java_182,clean_no_schema,2,MLP27,0.07264752094972067,True,True
codecontests_java_182,clean_schema_mismatch,1,L21H12,0.04395076815642458,True,True
codecontests_java_182,clean_schema_mismatch,2,MLP27,0.0459857280027933,True,True
codecontests_java_182,clean_no_protocol,1,L21H12,2.625698324022346,False,False
codecontests_java_182,clean_no_protocol,2,MLP27,3.3554469273743015,True,True
apps_python_183,clean_no_schema,1,L21H12,0.10955056179775281,True,True
apps_python_183,clean_no_schema,2,MLP27,0.07057584269662921,False,True
apps_python_183,clean_schema_mismatch,1,L21H12,0.45575842696629215,False,False
apps_python_183,clean_schema_mismatch,2,MLP27,0.5456460674157303,True,True
apps_python_183,clean_no_protocol,1,L21H12,1.0702247191011236,False,False
apps_python_183,clean_no_protocol,2,MLP27,1.3995786516853932,False,True
codecontests_java_183,clean_no_schema,1,L21H12,0.03607536764705882,True,True
codecontests_java_183,clean_no_schema,2,MLP27,0.04262767118566176,True,True
codecontests_java_183,clean_schema_mismatch,1,L21H12,0.29308363970588236,True,True
codecontests_java_183,clean_schema_mismatch,2,MLP27,0.3044038660386029,True,True
codecontests_java_183,clean_no_protocol,1,L21H12,1.911764705882353,False,False
codecontests_java_183,clean_no_protocol,2,MLP27,2.9021139705882355,True,True
apps_python_184,clean_no_schema,1,L21H12,0.08157630522088354,True,True
apps_python_184,clean_no_schema,2,MLP27,0.054969879518072286,True,True
apps_python_184,clean_schema_mismatch,1,L21H12,0.6917670682730924,False,True
apps_python_184,clean_schema_mismatch,2,MLP27,0.8171435742971888,True,True
apps_python_184,clean_no_protocol,1,L21H12,1.7108433734939759,False,False
apps_python_184,clean_no_protocol,2,MLP27,2.463855421686747,False,False
apps_python_185,clean_no_schema,1,L21H12,0.4949664429530201,False,False
apps_python_185,clean_no_schema,2,MLP27,0.5201342281879194,False,False
apps_python_185,clean_schema_mismatch,1,L21H12,1.3456375838926173,False,False
apps_python_185,clean_schema_mismatch,2,MLP27,1.929530201342282,False,True
apps_python_185,clean_no_protocol,1,L21H12,1.395973154362416,False,False
apps_python_185,clean_no_protocol,2,MLP27,2.2885906040268456,False,False
codecontests_cpp_185,clean_no_schema,1,L21H12,0.07201423267326733,True,True
codecontests_cpp_185,clean_no_schema,2,MLP27,0.08114170792079207,True,True
codecontests_cpp_185,clean_schema_mismatch,1,L21H12,3.0544554455445545,False,False
codecontests_cpp_185,clean_schema_mismatch,2,MLP27,3.9715346534653464,True,True
codecontests_cpp_185,clean_no_protocol,1,L21H12,2.2524752475247523,False,False
codecontests_cpp_185,clean_no_protocol,2,MLP27,3.219059405940594,True,True
codecontests_java_185,clean_no_schema,1,L21H12,0.4015,True,True
codecontests_java_185,clean_no_schema,2,MLP27,0.43625,True,True
codecontests_java_185,clean_schema_mismatch,1,L21H12,1.228,False,False
codecontests_java_185,clean_schema_mismatch,2,MLP27,1.465,True,True
codecontests_java_185,clean_no_protocol,1,L21H12,1.172,False,False
codecontests_java_185,clean_no_protocol,2,MLP27,1.684,True,True
mbpp_python_185,clean_no_schema,1,L21H12,0.2983490566037736,True,True
mbpp_python_185,clean_no_schema,2,MLP27,0.18396226415094338,False,True
mbpp_python_185,clean_schema_mismatch,1,L21H12,0.9748427672955975,False,False
mbpp_python_185,clean_schema_mismatch,2,MLP27,1.2421383647798743,False,True
mbpp_python_185,clean_no_protocol,1,L21H12,1.7547169811320755,False,False
mbpp_python_185,clean_no_protocol,2,MLP27,2.157232704402516,False,False
apps_python_186,clean_no_schema,1,L21H12,0.2810185185185185,True,True
apps_python_186,clean_no_schema,2,MLP27,0.2671296296296296,True,True
apps_python_186,clean_schema_mismatch,1,L21H12,0.9851851851851852,False,False
apps_python_186,clean_schema_mismatch,2,MLP27,1.5483796296296297,True,True
apps_python_186,clean_no_protocol,1,L21H12,1.548148148148148,False,False
apps_python_186,clean_no_protocol,2,MLP27,2.348148148148148,False,True
codecontests_cpp_186,clean_no_schema,1,L21H12,1.096774193548387,False,False
codecontests_cpp_186,clean_no_schema,2,MLP27,1.3079637096774193,True,True
codecontests_cpp_186,clean_schema_mismatch,1,L21H12,0.49143145161290325,True,True
codecontests_cpp_186,clean_schema_mismatch,2,MLP27,0.559601814516129,True,True
codecontests_cpp_186,clean_no_protocol,1,L21H12,1.5887096774193548,False,False
codecontests_cpp_186,clean_no_protocol,2,MLP27,2.724798387096774,False,False
codecontests_java_186,clean_no_schema,1,L21H12,0.9445266272189349,False,False
codecontests_java_186,clean_no_schema,2,MLP27,1.0214034763313609,True,True
codecontests_java_186,clean_schema_mismatch,1,L21H12,1.0891272189349113,True,True
codecontests_java_186,clean_schema_mismatch,2,MLP27,1.1227810650887573,True,True
codecontests_java_186,clean_no_protocol,1,L21H12,0.9260355029585798,False,False
codecontests_java_186,clean_no_protocol,2,MLP27,1.083325628698225,True,True
apps_python_187,clean_no_schema,1,L21H12,0.8972868217054264,False,False
apps_python_187,clean_no_schema,2,MLP27,1.0852713178294573,False,False
apps_python_187,clean_schema_mismatch,1,L21H12,0.437015503875969,False,False
apps_python_187,clean_schema_mismatch,2,MLP27,0.557109980620155,True,True
apps_python_187,clean_no_protocol,1,L21H12,1.5968992248062015,False,False
apps_python_187,clean_no_protocol,2,MLP27,2.546511627906977,False,False
codecontests_java_187,clean_no_schema,1,L21H12,0.37519778481012656,True,True
codecontests_java_187,clean_no_schema,2,MLP27,0.39141613924050633,True,True
codecontests_java_187,clean_schema_mismatch,1,L21H12,5.4636075949367084,True,True
codecontests_java_187,clean_schema_mismatch,2,MLP27,5.555379746835443,True,True
codecontests_java_187,clean_no_protocol,1,L21H12,5.6075949367088604,False,True
codecontests_java_187,clean_no_protocol,2,MLP27,7.369462025316456,True,True
apps_python_188,clean_no_schema,1,L21H12,0.7467320261437909,False,False
apps_python_188,clean_no_schema,2,MLP27,0.8398692810457516,False,False
apps_python_188,clean_schema_mismatch,1,L21H12,1.0490196078431373,False,False
apps_python_188,clean_schema_mismatch,2,MLP27,1.40890522875817,False,True
apps_python_188,clean_no_protocol,1,L21H12,1.7973856209150327,False,False
apps_python_188,clean_no_protocol,2,MLP27,2.676470588235294,False,False
codecontests_cpp_188,clean_no_schema,1,L21H12,0.748792270531401,False,False
codecontests_cpp_188,clean_no_schema,2,MLP27,1.0078502415458936,True,True
codecontests_cpp_188,clean_schema_mismatch,1,L21H12,2.077294685990338,False,False
codecontests_cpp_188,clean_schema_mismatch,2,MLP27,2.8955314009661834,True,True
codecontests_cpp_188,clean_no_protocol,1,L21H12,2.473429951690821,False,False
codecontests_cpp_188,clean_no_protocol,2,MLP27,3.989130434782609,False,False
codecontests_java_188,clean_no_schema,1,L21H12,0.8284801136363636,True,True
codecontests_java_188,clean_no_schema,2,MLP27,0.8599076704545454,True,True
codecontests_java_188,clean_schema_mismatch,1,L21H12,0.5185102982954546,True,True
codecontests_java_188,clean_schema_mismatch,2,MLP27,0.5224096124822443,True,True
codecontests_java_188,clean_no_protocol,1,L21H12,0.9367897727272727,False,False
codecontests_java_188,clean_no_protocol,2,MLP27,1.0600474964488635,True,True
codecontests_cpp_189,clean_no_schema,1,L21H12,1.2112403100775193,True,False
codecontests_cpp_189,clean_no_schema,2,MLP27,1.371608527131783,True,True
codecontests_cpp_189,clean_schema_mismatch,1,L21H12,3.60077519379845,False,False
codecontests_cpp_189,clean_schema_mismatch,2,MLP27,3.949127906976744,True,True
codecontests_cpp_189,clean_no_protocol,1,L21H12,4.27906976744186,False,False
codecontests_cpp_189,clean_no_protocol,2,MLP27,5.665697674418604,True,True
codecontests_java_189,clean_no_schema,1,L21H12,0.29295154185022027,True,True
codecontests_java_189,clean_no_schema,2,MLP27,0.31697411894273125,True,True
codecontests_java_189,clean_schema_mismatch,1,L21H12,0.21689151982378854,True,True
codecontests_java_189,clean_schema_mismatch,2,MLP27,0.22641838174559473,True,True
codecontests_java_189,clean_no_protocol,1,L21H12,1.1762114537444934,False,False
codecontests_java_189,clean_no_protocol,2,MLP27,1.4878854625550662,True,True
apps_python_190,clean_no_schema,1,L21H12,0.8571428571428571,False,False
apps_python_190,clean_no_schema,2,MLP27,1.2027649769585254,False,False
apps_python_190,clean_schema_mismatch,1,L21H12,1.0506912442396312,False,False
apps_python_190,clean_schema_mismatch,2,MLP27,1.4251152073732718,False,True
apps_python_190,clean_no_protocol,1,L21H12,1.6497695852534562,False,False
apps_python_190,clean_no_protocol,2,MLP27,2.5944700460829493,False,False
codecontests_cpp_190,clean_no_schema,1,L21H12,0.4149377593360996,False,False
codecontests_cpp_190,clean_no_schema,2,MLP27,0.5905082987551867,True,True
codecontests_cpp_190,clean_schema_mismatch,1,L21H12,0.13543827800829875,True,True
codecontests_cpp_190,clean_schema_mismatch,2,MLP27,0.14220532935684646,True,True
codecontests_cpp_190,clean_no_protocol,1,L21H12,2.091286307053942,False,False
codecontests_cpp_190,clean_no_protocol,2,MLP27,3.636929460580913,False,False
codecontests_java_190,clean_no_schema,1,L21H12,0.7140151515151515,False,False
codecontests_java_190,clean_no_schema,2,MLP27,0.8229166666666666,True,True
codecontests_java_190,clean_schema_mismatch,1,L21H12,0.41820549242424243,True,True
codecontests_java_190,clean_schema_mismatch,2,MLP27,0.4401041666666667,True,True
codecontests_java_190,clean_no_protocol,1,L21H12,1.0700757575757576,False,False
codecontests_java_190,clean_no_protocol,2,MLP27,1.5107717803030303,True,True
apps_python_191,clean_no_schema,1,L21H12,0.5223214285714286,True,True
apps_python_191,clean_no_schema,2,MLP27,0.5064935064935064,False,True
apps_python_191,clean_schema_mismatch,1,L21H12,1.0706168831168832,False,True
apps_python_191,clean_schema_mismatch,2,MLP27,1.2510146103896105,True,True
apps_python_191,clean_no_protocol,1,L21H12,2.1818181818181817,False,False
apps_python_191,clean_no_protocol,2,MLP27,3.1103896103896105,False,False
codecontests_cpp_191,clean_no_schema,1,L21H12,0.4072420634920635,True,True
codecontests_cpp_191,clean_no_schema,2,MLP27,0.5024801587301587,True,True
codecontests_cpp_191,clean_schema_mismatch,1,L21H12,0.9523809523809523,False,False
codecontests_cpp_191,clean_schema_mismatch,2,MLP27,1.2189980158730158,True,True
codecontests_cpp_191,clean_no_protocol,1,L21H12,1.376984126984127,False,False
codecontests_cpp_191,clean_no_protocol,2,MLP27,2.2162698412698414,True,True
codecontests_java_191,clean_no_schema,1,L21H12,0.5737235915492958,True,True
codecontests_java_191,clean_no_schema,2,MLP27,0.6027591329225352,True,True
codecontests_java_191,clean_schema_mismatch,1,L21H12,0.03655232174295775,True,True
codecontests_java_191,clean_schema_mismatch,2,MLP27,0.03790283203125,True,True
codecontests_java_191,clean_no_protocol,1,L21H12,1.142605633802817,False,True
codecontests_java_191,clean_no_protocol,2,MLP27,1.2854863556338028,True,True
apps_python_192,clean_no_schema,1,L21H12,0.016475340136054423,True,True
apps_python_192,clean_no_schema,2,MLP27,-0.005739795918367347,True,True
apps_python_192,clean_schema_mismatch,1,L21H12,0.18452380952380953,False,True
apps_python_192,clean_schema_mismatch,2,MLP27,0.2741284013605442,True,True
apps_python_192,clean_no_protocol,1,L21H12,1.6598639455782314,False,False
apps_python_192,clean_no_protocol,2,MLP27,2.9047619047619047,False,False
codecontests_cpp_192,clean_no_schema,1,L21H12,1.4555555555555555,False,False
codecontests_cpp_192,clean_no_schema,2,MLP27,1.8527777777777779,False,True
codecontests_cpp_192,clean_schema_mismatch,1,L21H12,1.8805555555555555,False,False
codecontests_cpp_192,clean_schema_mismatch,2,MLP27,2.31640625,True,True
codecontests_cpp_192,clean_no_protocol,1,L21H12,2.2333333333333334,False,False
codecontests_cpp_192,clean_no_protocol,2,MLP27,3.623611111111111,False,False
codecontests_java_192,clean_no_schema,1,L21H12,0.7223154362416108,False,False
codecontests_java_192,clean_no_schema,2,MLP27,0.8198406040268457,True,True
codecontests_java_192,clean_schema_mismatch,1,L21H12,0.4586828859060403,True,True
codecontests_java_192,clean_schema_mismatch,2,MLP27,0.4837195889261745,True,True
codecontests_java_192,clean_no_protocol,1,L21H12,0.6661073825503355,False,False
codecontests_java_192,clean_no_protocol,2,MLP27,0.7829802852348994,True,True
apps_python_193,clean_no_schema,1,L21H12,0.8195364238410596,False,False
apps_python_193,clean_no_schema,2,MLP27,0.8857615894039735,False,False
apps_python_193,clean_schema_mismatch,1,L21H12,0.8899006622516556,False,False
apps_python_193,clean_schema_mismatch,2,MLP27,1.0200745033112584,True,True
apps_python_193,clean_no_protocol,1,L21H12,1.1523178807947019,False,False
apps_python_193,clean_no_protocol,2,MLP27,1.978476821192053,False,False
codecontests_java_193,clean_no_schema,1,L21H12,0.5038793103448276,True,True
codecontests_java_193,clean_no_schema,2,MLP27,0.5404094827586207,True,True
codecontests_java_193,clean_schema_mismatch,1,L21H12,0.971551724137931,True,True
codecontests_java_193,clean_schema_mismatch,2,MLP27,1.0729525862068965,True,True
codecontests_java_193,clean_no_protocol,1,L21H12,1.596551724137931,False,False
codecontests_java_193,clean_no_protocol,2,MLP27,2.3758620689655174,True,True
apps_python_194,clean_no_schema,1,L21H12,0.09154929577464789,True,True
apps_python_194,clean_no_schema,2,MLP27,0.15096830985915494,True,True
apps_python_194,clean_schema_mismatch,1,L21H12,0.21170774647887325,True,True
apps_python_194,clean_schema_mismatch,2,MLP27,0.2956646126760563,True,True
apps_python_194,clean_no_protocol,1,L21H12,2.556338028169014,False,False
apps_python_194,clean_no_protocol,2,MLP27,3.6161971830985915,False,False
codecontests_cpp_194,clean_no_schema,1,L21H12,1.1708860759493671,False,False
codecontests_cpp_194,clean_no_schema,2,MLP27,1.3979430379746836,True,True
codecontests_cpp_194,clean_schema_mismatch,1,L21H12,0.6127373417721519,True,True
codecontests_cpp_194,clean_schema_mismatch,2,MLP27,0.6467316060126582,True,True
codecontests_cpp_194,clean_no_protocol,1,L21H12,2.1455696202531644,False,False
codecontests_cpp_194,clean_no_protocol,2,MLP27,3.2262658227848102,False,False
codecontests_java_194,clean_no_schema,1,L21H12,0.7894736842105263,False,False
codecontests_java_194,clean_no_schema,2,MLP27,0.9855263157894737,False,False
codecontests_java_194,clean_schema_mismatch,1,L21H12,0.6473684210526316,False,False
codecontests_java_194,clean_schema_mismatch,2,MLP27,0.813733552631579,True,True
codecontests_java_194,clean_no_protocol,1,L21H12,0.6736842105263158,False,False
codecontests_java_194,clean_no_protocol,2,MLP27,1.0743421052631579,False,True
mbpp_python_194,clean_no_schema,1,L21H12,0.3533834586466165,False,True
mbpp_python_194,clean_no_schema,2,MLP27,0.3073308270676692,False,True
mbpp_python_194,clean_schema_mismatch,1,L21H12,1.1654135338345866,False,False
mbpp_python_194,clean_schema_mismatch,2,MLP27,1.6005639097744362,False,True
mbpp_python_194,clean_no_protocol,1,L21H12,1.8571428571428572,False,False
mbpp_python_194,clean_no_protocol,2,MLP27,2.725563909774436,False,False
apps_python_195,clean_no_schema,1,L21H12,0.14464820359281438,True,True
apps_python_195,clean_no_schema,2,MLP27,0.0561377245508982,False,True
apps_python_195,clean_schema_mismatch,1,L21H12,0.4786676646706587,False,True
apps_python_195,clean_schema_mismatch,2,MLP27,0.5414483532934131,True,True
apps_python_195,clean_no_protocol,1,L21H12,1.5748502994011977,False,False
apps_python_195,clean_no_protocol,2,MLP27,1.969311377245509,True,True
codecontests_cpp_195,clean_no_schema,1,L21H12,1.1428571428571428,False,False
codecontests_cpp_195,clean_no_schema,2,MLP27,1.5861344537815125,False,False
codecontests_cpp_195,clean_schema_mismatch,1,L21H12,0.6386554621848739,False,False
codecontests_cpp_195,clean_schema_mismatch,2,MLP27,0.9645483193277311,True,True
codecontests_cpp_195,clean_no_protocol,1,L21H12,1.6050420168067228,False,False
codecontests_cpp_195,clean_no_protocol,2,MLP27,3.1638655462184873,False,False
codecontests_java_195,clean_no_schema,1,L21H12,0.8485331632653061,True,True
codecontests_java_195,clean_no_schema,2,MLP27,0.8924585459183674,True,True
codecontests_java_195,clean_schema_mismatch,1,L21H12,0.2830436862244898,True,True
codecontests_java_195,clean_schema_mismatch,2,MLP27,0.2887486049107143,True,True
codecontests_java_195,clean_no_protocol,1,L21H12,0.7799744897959183,False,False
codecontests_java_195,clean_no_protocol,2,MLP27,0.9042769451530612,True,True
apps_python_196,clean_no_schema,1,L21H12,0.859375,False,False
apps_python_196,clean_no_schema,2,MLP27,0.8337053571428571,False,False
apps_python_196,clean_schema_mismatch,1,L21H12,0.9614955357142857,True,True
apps_python_196,clean_schema_mismatch,2,MLP27,1.0559430803571428,True,True
apps_python_196,clean_no_protocol,1,L21H12,2.1875,False,False
apps_python_196,clean_no_protocol,2,MLP27,2.888392857142857,False,False
codecontests_java_196,clean_no_schema,1,L21H12,0.8740530303030303,True,True
codecontests_java_196,clean_no_schema,2,MLP27,0.8899147727272727,True,True
codecontests_java_196,clean_schema_mismatch,1,L21H12,2.913825757575758,True,True
codecontests_java_196,clean_schema_mismatch,2,MLP27,3.014914772727273,True,True
codecontests_java_196,clean_no_protocol,1,L21H12,3.2196969696969697,False,True
codecontests_java_196,clean_no_protocol,2,MLP27,4.790719696969697,True,True
apps_python_197,clean_no_schema,1,L21H12,0.07103413654618473,True,True
apps_python_197,clean_no_schema,2,MLP27,0.0356425702811245,True,True
apps_python_197,clean_schema_mismatch,1,L21H12,0.7730923694779116,False,False
apps_python_197,clean_schema_mismatch,2,MLP27,1.1659136546184738,True,True
apps_python_197,clean_no_protocol,1,L21H12,3.004016064257028,False,False
apps_python_197,clean_no_protocol,2,MLP27,4.289156626506024,False,False
codecontests_cpp_197,clean_no_schema,1,L21H12,0.9231927710843374,False,False
codecontests_cpp_197,clean_no_schema,2,MLP27,1.0432981927710843,True,True
codecontests_cpp_197,clean_schema_mismatch,1,L21H12,2.2048192771084336,False,False
codecontests_cpp_197,clean_schema_mismatch,2,MLP27,2.9924698795180724,True,True
codecontests_cpp_197,clean_no_protocol,1,L21H12,2.397590361445783,False,False
codecontests_cpp_197,clean_no_protocol,2,MLP27,3.960843373493976,False,False
codecontests_java_197,clean_no_schema,1,L21H12,0.9334170854271356,False,False
codecontests_java_197,clean_no_schema,2,MLP27,1.120603015075377,False,True
codecontests_java_197,clean_schema_mismatch,1,L21H12,1.4522613065326633,False,False
codecontests_java_197,clean_schema_mismatch,2,MLP27,1.6672424623115578,True,True
codecontests_java_197,clean_no_protocol,1,L21H12,1.2311557788944723,False,False
codecontests_java_197,clean_no_protocol,2,MLP27,1.8850502512562815,True,True
apps_python_198,clean_no_schema,1,L21H12,0.1287745786516854,True,True
apps_python_198,clean_no_schema,2,MLP27,0.12289325842696629,True,True
apps_python_198,clean_schema_mismatch,1,L21H12,0.04729195926966292,True,True
apps_python_198,clean_schema_mismatch,2,MLP27,0.008075842696629214,True,True
apps_python_198,clean_no_protocol,1,L21H12,2.044943820224719,False,False
apps_python_198,clean_no_protocol,2,MLP27,2.991573033707865,False,False
codecontests_java_198,clean_no_schema,1,L21H12,0.4823651452282158,False,False
codecontests_java_198,clean_no_schema,2,MLP27,0.6008817427385892,True,True
codecontests_java_198,clean_schema_mismatch,1,L21H12,0.6701244813278008,False,False
codecontests_java_198,clean_schema_mismatch,2,MLP27,0.8362292531120332,True,True
codecontests_java_198,clean_no_protocol,1,L21H12,1.066390041493776,False,False
codecontests_java_198,clean_no_protocol,2,MLP27,1.8412863070539418,False,False
apps_python_199,clean_no_schema,1,L21H12,1.6666666666666667,False,False
apps_python_199,clean_no_schema,2,MLP27,2.2291666666666665,False,False
apps_python_199,clean_schema_mismatch,1,L21H12,1.6927083333333333,False,False
apps_python_199,clean_schema_mismatch,2,MLP27,2.3346354166666665,False,False
apps_python_199,clean_no_protocol,1,L21H12,3.2916666666666665,False,False
apps_python_199,clean_no_protocol,2,MLP27,5.03125,False,False
codecontests_cpp_199,clean_no_schema,1,L21H12,2.28,False,False
codecontests_cpp_199,clean_no_schema,2,MLP27,2.8754166666666667,True,True
codecontests_cpp_199,clean_schema_mismatch,1,L21H12,1.1091666666666666,True,True
codecontests_cpp_199,clean_schema_mismatch,2,MLP27,1.2530729166666668,True,True
codecontests_cpp_199,clean_no_protocol,1,L21H12,2.9066666666666667,False,False
codecontests_cpp_199,clean_no_protocol,2,MLP27,4.81,True,True
codecontests_java_199,clean_no_schema,1,L21H12,0.5904471544715447,False,False
codecontests_java_199,clean_no_schema,2,MLP27,0.7439024390243902,True,True
codecontests_java_199,clean_schema_mismatch,1,L21H12,0.6290650406504065,True,True
codecontests_java_199,clean_schema_mismatch,2,MLP27,0.7087779471544715,True,True
codecontests_java_199,clean_no_protocol,1,L21H12,1.556910569105691,False,False
codecontests_java_199,clean_no_protocol,2,MLP27,2.331808943089431,True,True
apps_python_200,clean_no_schema,1,L21H12,0.05703125,True,True
apps_python_200,clean_no_schema,2,MLP27,0.016015625,True,True
apps_python_200,clean_schema_mismatch,1,L21H12,1.303125,False,False
apps_python_200,clean_schema_mismatch,2,MLP27,1.7625,False,True
apps_python_200,clean_no_protocol,1,L21H12,2.35625,False,False
apps_python_200,clean_no_protocol,2,MLP27,3.259375,False,False
codecontests_cpp_200,clean_no_schema,1,L21H12,0.6592261904761905,True,True
codecontests_cpp_200,clean_no_schema,2,MLP27,0.6799532312925171,True,True
codecontests_cpp_200,clean_schema_mismatch,1,L21H12,1.46343537414966,True,True
codecontests_cpp_200,clean_schema_mismatch,2,MLP27,1.5183354591836735,True,True
codecontests_cpp_200,clean_no_protocol,1,L21H12,2.425170068027211,False,False
codecontests_cpp_200,clean_no_protocol,2,MLP27,3.1641156462585034,True,True
codecontests_java_200,clean_no_schema,1,L21H12,0.27129888268156427,False,False
codecontests_java_200,clean_no_schema,2,MLP27,0.3100558659217877,True,True
codecontests_java_200,clean_schema_mismatch,1,L21H12,0.2805516759776536,True,True
codecontests_java_200,clean_schema_mismatch,2,MLP27,0.31915590083798884,True,True
codecontests_java_200,clean_no_protocol,1,L21H12,0.8016759776536313,False,False
codecontests_java_200,clean_no_protocol,2,MLP27,1.2360335195530727,True,True
apps_python_201,clean_no_schema,1,L21H12,0.6976744186046512,False,False
apps_python_201,clean_no_schema,2,MLP27,0.7025193798449613,False,False
apps_python_201,clean_schema_mismatch,1,L21H12,1.4883720930232558,False,False
apps_python_201,clean_schema_mismatch,2,MLP27,1.9450096899224807,True,True
apps_python_201,clean_no_protocol,1,L21H12,1.5968992248062015,False,False
apps_python_201,clean_no_protocol,2,MLP27,2.2751937984496124,False,False
codecontests_cpp_201,clean_no_schema,1,L21H12,0.7479508196721312,False,False
codecontests_cpp_201,clean_no_schema,2,MLP27,0.8541666666666666,True,True
codecontests_cpp_201,clean_schema_mismatch,1,L21H12,1.0491803278688525,False,False
codecontests_cpp_201,clean_schema_mismatch,2,MLP27,1.2880806010928962,True,True
codecontests_cpp_201,clean_no_protocol,1,L21H12,1.3060109289617485,False,False
codecontests_cpp_201,clean_no_protocol,2,MLP27,2.0044398907103824,True,True
codecontests_java_201,clean_no_schema,1,L21H12,0.8404255319148937,False,False
codecontests_java_201,clean_no_schema,2,MLP27,0.9782801418439716,True,True
codecontests_java_201,clean_schema_mismatch,1,L21H12,0.7167553191489362,False,False
codecontests_java_201,clean_schema_mismatch,2,MLP27,0.7980385638297872,True,True
codecontests_java_201,clean_no_protocol,1,L21H12,1.0815602836879432,False,False
codecontests_java_201,clean_no_protocol,2,MLP27,1.775709219858156,False,True
apps_python_202,clean_no_schema,1,L21H12,-0.011572873443983403,True,True
apps_python_202,clean_no_schema,2,MLP27,-0.003338952282157676,True,True
apps_python_202,clean_schema_mismatch,1,L21H12,0.6431535269709544,False,True
apps_python_202,clean_schema_mismatch,2,MLP27,0.7581690871369294,True,True
apps_python_202,clean_no_protocol,1,L21H12,1.8091286307053942,False,True
apps_python_202,clean_no_protocol,2,MLP27,2.229771784232365,True,True
codecontests_cpp_202,clean_no_schema,1,L21H12,2.0473684210526315,False,False
codecontests_cpp_202,clean_no_schema,2,MLP27,2.361842105263158,True,True
codecontests_cpp_202,clean_schema_mismatch,1,L21H12,2.9026315789473682,False,False
codecontests_cpp_202,clean_schema_mismatch,2,MLP27,3.2529605263157895,True,True
codecontests_cpp_202,clean_no_protocol,1,L21H12,3.5157894736842104,False,False
codecontests_cpp_202,clean_no_protocol,2,MLP27,4.7006578947368425,True,True
codecontests_java_202,clean_no_schema,1,L21H12,1.1168154761904763,False,False
codecontests_java_202,clean_no_schema,2,MLP27,1.2170758928571428,True,True
codecontests_java_202,clean_schema_mismatch,1,L21H12,1.4655877976190477,True,True
codecontests_java_202,clean_schema_mismatch,2,MLP27,1.4944661458333333,True,True
codecontests_java_202,clean_no_protocol,1,L21H12,2.4285714285714284,False,False
codecontests_java_202,clean_no_protocol,2,MLP27,3.0863095238095237,True,True
apps_python_203,clean_no_schema,1,L21H12,0.13850846613545817,True,True
apps_python_203,clean_no_schema,2,MLP27,0.11254980079681275,True,True
apps_python_203,clean_schema_mismatch,1,L21H12,0.2204930278884462,True,True
apps_python_203,clean_schema_mismatch,2,MLP27,0.2385613794820717,True,True
apps_python_203,clean_no_protocol,1,L21H12,2.545816733067729,False,False
apps_python_203,clean_no_protocol,2,MLP27,3.260956175298805,True,True
codecontests_cpp_203,clean_no_schema,1,L21H12,0.17926829268292682,True,True
codecontests_cpp_203,clean_no_schema,2,MLP27,0.18216463414634146,True,True
codecontests_cpp_203,clean_schema_mismatch,1,L21H12,0.7222560975609756,True,True
codecontests_cpp_203,clean_schema_mismatch,2,MLP27,0.78125,True,True
codecontests_cpp_203,clean_no_protocol,1,L21H12,3.9317073170731707,False,False
codecontests_cpp_203,clean_no_protocol,2,MLP27,5.375609756097561,False,False
codecontests_java_203,clean_no_schema,1,L21H12,0.42713903743315507,True,True
codecontests_java_203,clean_no_schema,2,MLP27,0.4522058823529412,True,True
codecontests_java_203,clean_schema_mismatch,1,L21H12,0.7869318181818182,True,True
codecontests_java_203,clean_schema_mismatch,2,MLP27,0.8012982536764706,True,True
codecontests_java_203,clean_no_protocol,1,L21H12,4.973262032085562,False,False
codecontests_java_203,clean_no_protocol,2,MLP27,6.397058823529412,True,True
apps_python_204,clean_no_schema,1,L21H12,0.6086387434554974,False,False
apps_python_204,clean_no_schema,2,MLP27,0.5641361256544503,False,False
apps_python_204,clean_schema_mismatch,1,L21H12,1.0890052356020943,False,False
apps_python_204,clean_schema_mismatch,2,MLP27,1.5003272251308901,True,True
apps_python_204,clean_no_protocol,1,L21H12,1.9162303664921465,False,False
apps_python_204,clean_no_protocol,2,MLP27,3.081151832460733,False,False
codecontests_cpp_204,clean_no_schema,1,L21H12,0.33648255813953487,False,True
codecontests_cpp_204,clean_no_schema,2,MLP27,0.42023982558139533,True,True
codecontests_cpp_204,clean_schema_mismatch,1,L21H12,0.6642441860465116,False,False
codecontests_cpp_204,clean_schema_mismatch,2,MLP27,0.8283066860465116,True,True
codecontests_cpp_204,clean_no_protocol,1,L21H12,1.1686046511627908,False,False
codecontests_cpp_204,clean_no_protocol,2,MLP27,1.880813953488372,False,False
codecontests_java_204,clean_no_schema,1,L21H12,0.8711656441717791,False,True
codecontests_java_204,clean_no_schema,2,MLP27,0.9624233128834356,True,True
codecontests_java_204,clean_schema_mismatch,1,L21H12,0.5216641104294478,True,True
codecontests_java_204,clean_schema_mismatch,2,MLP27,0.561745111196319,True,True
codecontests_java_204,clean_no_protocol,1,L21H12,1.9846625766871167,False,False
codecontests_java_204,clean_no_protocol,2,MLP27,2.64340490797546,True,True
mbpp_python_204,clean_no_schema,1,L21H12,0.7786561264822134,False,False
mbpp_python_204,clean_no_schema,2,MLP27,0.6225296442687747,False,False
mbpp_python_204,clean_schema_mismatch,1,L21H12,1.0691699604743083,False,False
mbpp_python_204,clean_schema_mismatch,2,MLP27,1.450098814229249,False,True
mbpp_python_204,clean_no_protocol,1,L21H12,1.9288537549407114,False,False
mbpp_python_204,clean_no_protocol,2,MLP27,2.6936758893280635,False,False
apps_python_205,clean_no_schema,1,L21H12,0.9851851851851852,True,True
apps_python_205,clean_no_schema,2,MLP27,1.0546296296296296,True,True
apps_python_205,clean_schema_mismatch,1,L21H12,1.8796296296296295,False,True
apps_python_205,clean_schema_mismatch,2,MLP27,2.1104166666666666,True,True
apps_python_205,clean_no_protocol,1,L21H12,1.7518518518518518,False,False
apps_python_205,clean_no_protocol,2,MLP27,2.3814814814814813,True,True
codecontests_java_205,clean_no_schema,1,L21H12,0.431205035971223,False,False
codecontests_java_205,clean_no_schema,2,MLP27,0.5019671762589928,True,True
codecontests_java_205,clean_schema_mismatch,1,L21H12,0.6636690647482014,False,False
codecontests_java_205,clean_schema_mismatch,2,MLP27,0.8646020683453237,True,True
codecontests_java_205,clean_no_protocol,1,L21H12,1.0719424460431655,False,False
codecontests_java_205,clean_no_protocol,2,MLP27,1.868705035971223,False,False
apps_python_206,clean_no_schema,1,L21H12,0.8324607329842932,False,False
apps_python_206,clean_no_schema,2,MLP27,0.9149214659685864,True,True
apps_python_206,clean_schema_mismatch,1,L21H12,0.7051701570680629,True,True
apps_python_206,clean_schema_mismatch,2,MLP27,0.7618005562827225,True,True
apps_python_206,clean_no_protocol,1,L21H12,0.849476439790576,False,False
apps_python_206,clean_no_protocol,2,MLP27,1.1421793193717278,True,True
codecontests_cpp_206,clean_no_schema,1,L21H12,0.8144654088050315,False,False
codecontests_cpp_206,clean_no_schema,2,MLP27,1.0668238993710693,False,False
codecontests_cpp_206,clean_schema_mismatch,1,L21H12,0.9622641509433962,False,False
codecontests_cpp_206,clean_schema_mismatch,2,MLP27,1.421383647798742,False,True
codecontests_cpp_206,clean_no_protocol,1,L21H12,1.5849056603773586,False,False
codecontests_cpp_206,clean_no_protocol,2,MLP27,2.8176100628930816,False,False
codecontests_java_206,clean_no_schema,1,L21H12,0.7357723577235772,False,False
codecontests_java_206,clean_no_schema,2,MLP27,0.850609756097561,True,True
codecontests_java_206,clean_schema_mismatch,1,L21H12,0.8201219512195121,False,False
codecontests_java_206,clean_schema_mismatch,2,MLP27,0.9296557418699187,True,True
codecontests_java_206,clean_no_protocol,1,L21H12,1.3414634146341464,False,False
codecontests_java_206,clean_no_protocol,2,MLP27,2.298780487804878,False,False
apps_python_207,clean_no_schema,1,L21H12,0.1338263358778626,True,True
apps_python_207,clean_no_schema,2,MLP27,0.09064885496183206,True,True
apps_python_207,clean_schema_mismatch,1,L21H12,0.6085400763358778,True,True
apps_python_207,clean_schema_mismatch,2,MLP27,0.6385376908396947,True,True
apps_python_207,clean_no_protocol,1,L21H12,2.4656488549618323,False,False
apps_python_207,clean_no_protocol,2,MLP27,3.3931297709923665,False,False
codecontests_cpp_207,clean_no_schema,1,L21H12,0.8232466063348416,True,True
codecontests_cpp_207,clean_no_schema,2,MLP27,0.8602941176470589,True,True
codecontests_cpp_207,clean_schema_mismatch,1,L21H12,0.9015837104072398,False,False
codecontests_cpp_207,clean_schema_mismatch,2,MLP27,1.0586821266968325,True,True
codecontests_cpp_207,clean_no_protocol,1,L21H12,2.760180995475113,False,False
codecontests_cpp_207,clean_no_protocol,2,MLP27,4.028846153846154,True,True
codecontests_java_207,clean_no_schema,1,L21H12,0.5767045454545454,False,False
codecontests_java_207,clean_no_schema,2,MLP27,0.6426542207792207,True,True
codecontests_java_207,clean_schema_mismatch,1,L21H12,0.8141233766233766,False,False
codecontests_java_207,clean_schema_mismatch,2,MLP27,0.9754464285714286,True,True
codecontests_java_207,clean_no_protocol,1,L21H12,0.8311688311688312,False,False
codecontests_java_207,clean_no_protocol,2,MLP27,1.291396103896104,False,False
apps_python_208,clean_no_schema,1,L21H12,0.15808823529411764,True,True
apps_python_208,clean_no_schema,2,MLP27,0.13848039215686275,False,True
apps_python_208,clean_schema_mismatch,1,L21H12,0.5498366013071896,False,True
apps_python_208,clean_schema_mismatch,2,MLP27,0.6530841503267973,True,True
apps_python_208,clean_no_protocol,1,L21H12,1.5294117647058822,False,False
apps_python_208,clean_no_protocol,2,MLP27,2.4673202614379086,False,False
codecontests_java_208,clean_no_schema,1,L21H12,0.49686192468619245,False,False
codecontests_java_208,clean_no_schema,2,MLP27,0.6072175732217573,True,True
codecontests_java_208,clean_schema_mismatch,1,L21H12,0.5920502092050209,False,True
codecontests_java_208,clean_schema_mismatch,2,MLP27,0.6819429916317992,True,True
codecontests_java_208,clean_no_protocol,1,L21H12,1.1757322175732217,False,False
codecontests_java_208,clean_no_protocol,2,MLP27,2.0052301255230125,True,False
apps_python_209,clean_no_schema,1,L21H12,0.2173202614379085,True,True
apps_python_209,clean_no_schema,2,MLP27,0.15522875816993464,True,True
apps_python_209,clean_schema_mismatch,1,L21H12,0.9285130718954249,True,True
apps_python_209,clean_schema_mismatch,2,MLP27,0.9760008169934641,True,True
apps_python_209,clean_no_protocol,1,L21H12,2.934640522875817,False,False
apps_python_209,clean_no_protocol,2,MLP27,3.6241830065359477,False,False
codecontests_java_209,clean_no_schema,1,L21H12,1.2143382352941177,True,True
codecontests_java_209,clean_no_schema,2,MLP27,1.2362132352941178,True,True
codecontests_java_209,clean_schema_mismatch,1,L21H12,0.3772518382352941,True,True
codecontests_java_209,clean_schema_mismatch,2,MLP27,0.3766888786764706,True,True
codecontests_java_209,clean_no_protocol,1,L21H12,1.8147058823529412,False,False
codecontests_java_209,clean_no_protocol,2,MLP27,2.4573529411764707,True,True
apps_python_210,clean_no_schema,1,L21H12,0.3767605633802817,False,False
apps_python_210,clean_no_schema,2,MLP27,0.34507042253521125,False,False
apps_python_210,clean_schema_mismatch,1,L21H12,1.028169014084507,True,True
apps_python_210,clean_schema_mismatch,2,MLP27,1.1349031690140845,True,True
apps_python_210,clean_no_protocol,1,L21H12,2.084507042253521,False,False
apps_python_210,clean_no_protocol,2,MLP27,3.3274647887323945,False,True
codecontests_java_210,clean_no_schema,1,L21H12,0.721318493150685,True,True
codecontests_java_210,clean_no_schema,2,MLP27,0.7763270547945206,True,True
codecontests_java_210,clean_schema_mismatch,1,L21H12,0.3446061643835616,True,True
codecontests_java_210,clean_schema_mismatch,2,MLP27,0.3502013324058219,True,True
codecontests_java_210,clean_no_protocol,1,L21H12,1.9726027397260273,False,False
codecontests_java_210,clean_no_protocol,2,MLP27,2.7579195205479454,True,True
apps_python_211,clean_no_schema,1,L21H12,0.5226244343891403,False,False
apps_python_211,clean_no_schema,2,MLP27,0.5950226244343891,False,True
apps_python_211,clean_schema_mismatch,1,L21H12,0.1166218891402715,True,True
apps_python_211,clean_schema_mismatch,2,MLP27,0.11686934389140272,True,True
apps_python_211,clean_no_protocol,1,L21H12,1.1990950226244343,False,False
apps_python_211,clean_no_protocol,2,MLP27,1.8653846153846154,False,False
codecontests_cpp_211,clean_no_schema,1,L21H12,0.8808290155440415,False,False
codecontests_cpp_211,clean_no_schema,2,MLP27,1.189119170984456,False,False
codecontests_cpp_211,clean_schema_mismatch,1,L21H12,0.8419689119170984,False,False
codecontests_cpp_211,clean_schema_mismatch,2,MLP27,1.1586787564766838,True,True
codecontests_cpp_211,clean_no_protocol,1,L21H12,1.1761658031088082,False,False
codecontests_cpp_211,clean_no_protocol,2,MLP27,2.018134715025907,False,False
codecontests_java_211,clean_no_schema,1,L21H12,1.1507936507936507,False,False
codecontests_java_211,clean_no_schema,2,MLP27,1.2966269841269842,True,True
codecontests_java_211,clean_schema_mismatch,1,L21H12,0.8640873015873016,True,True
codecontests_java_211,clean_schema_mismatch,2,MLP27,0.9093605324074074,True,True
codecontests_java_211,clean_no_protocol,1,L21H12,0.6772486772486772,False,False
codecontests_java_211,clean_no_protocol,2,MLP27,0.941385582010582,True,True
apps_python_212,clean_no_schema,1,L21H12,0.47029702970297027,False,False
apps_python_212,clean_no_schema,2,MLP27,0.44801980198019803,False,False
apps_python_212,clean_schema_mismatch,1,L21H12,1.0334158415841583,False,False
apps_python_212,clean_schema_mismatch,2,MLP27,1.1633663366336633,True,True
apps_python_212,clean_no_protocol,1,L21H12,1.6435643564356435,False,False
apps_python_212,clean_no_protocol,2,MLP27,2.5841584158415842,False,False
codecontests_java_212,clean_no_schema,1,L21H12,0.3404255319148936,True,True
codecontests_java_212,clean_no_schema,2,MLP27,0.37145390070921985,True,True
codecontests_java_212,clean_schema_mismatch,1,L21H12,0.9233156028368794,True,True
codecontests_java_212,clean_schema_mismatch,2,MLP27,0.9579454787234043,True,True
codecontests_java_212,clean_no_protocol,1,L21H12,2.1702127659574466,False,False
codecontests_java_212,clean_no_protocol,2,MLP27,3.254432624113475,True,True
apps_python_213,clean_no_schema,1,L21H12,0.7872340425531915,False,False
apps_python_213,clean_no_schema,2,MLP27,0.9180851063829787,False,False
apps_python_213,clean_schema_mismatch,1,L21H12,1.3085106382978724,False,False
apps_python_213,clean_schema_mismatch,2,MLP27,1.7731382978723405,True,True
apps_python_213,clean_no_protocol,1,L21H12,1.9234042553191488,False,False
apps_python_213,clean_no_protocol,2,MLP27,3.0617021276595744,False,False
codecontests_cpp_213,clean_no_schema,1,L21H12,0.5144557823129252,True,True
codecontests_cpp_213,clean_no_schema,2,MLP27,0.6133078231292517,True,True
codecontests_cpp_213,clean_schema_mismatch,1,L21H12,2.738095238095238,False,False
codecontests_cpp_213,clean_schema_mismatch,2,MLP27,2.9651360544217686,True,True
codecontests_cpp_213,clean_no_protocol,1,L21H12,3.578231292517007,False,False
codecontests_cpp_213,clean_no_protocol,2,MLP27,4.542942176870748,True,True
codecontests_java_213,clean_no_schema,1,L21H12,0.7051724137931035,False,False
codecontests_java_213,clean_no_schema,2,MLP27,0.7396551724137931,False,False
codecontests_java_213,clean_schema_mismatch,1,L21H12,1.5275862068965518,False,False
codecontests_java_213,clean_schema_mismatch,2,MLP27,1.763793103448276,False,True
codecontests_java_213,clean_no_protocol,1,L21H12,1.6517241379310346,False,False
codecontests_java_213,clean_no_protocol,2,MLP27,2.3025862068965517,False,True
apps_python_214,clean_no_schema,1,L21H12,0.22494369369369369,True,True
apps_python_214,clean_no_schema,2,MLP27,0.1751126126126126,False,True
apps_python_214,clean_schema_mismatch,1,L21H12,0.38006756756756754,False,True
apps_python_214,clean_schema_mismatch,2,MLP27,0.5093609234234234,True,True
apps_python_214,clean_no_protocol,1,L21H12,1.8738738738738738,False,False
apps_python_214,clean_no_protocol,2,MLP27,2.777027027027027,False,False
codecontests_java_214,clean_no_schema,1,L21H12,2.142543859649123,False,False
codecontests_java_214,clean_no_schema,2,MLP27,2.5520833333333335,True,True
codecontests_java_214,clean_schema_mismatch,1,L21H12,0.20411441200657895,True,True
codecontests_java_214,clean_schema_mismatch,2,MLP27,0.20470334772478072,True,True
codecontests_java_214,clean_no_protocol,1,L21H12,1.7719298245614035,False,False
codecontests_java_214,clean_no_protocol,2,MLP27,2.3578673245614037,True,True
apps_python_215,clean_no_schema,1,L21H12,0.05091911764705882,True,True
apps_python_215,clean_no_schema,2,MLP27,0.05229779411764706,True,True
apps_python_215,clean_schema_mismatch,1,L21H12,1.3198529411764706,True,True
apps_python_215,clean_schema_mismatch,2,MLP27,1.4204044117647059,True,True
apps_python_215,clean_no_protocol,1,L21H12,0.861764705882353,False,False
apps_python_215,clean_no_protocol,2,MLP27,1.171139705882353,True,True
codecontests_cpp_215,clean_no_schema,1,L21H12,0.7324561403508771,False,True
codecontests_cpp_215,clean_no_schema,2,MLP27,0.8020833333333334,True,True
codecontests_cpp_215,clean_schema_mismatch,1,L21H12,1.4276315789473684,False,False
codecontests_cpp_215,clean_schema_mismatch,2,MLP27,1.7859100877192982,True,True
codecontests_cpp_215,clean_no_protocol,1,L21H12,1.4298245614035088,False,False
codecontests_cpp_215,clean_no_protocol,2,MLP27,2.2708333333333335,True,True
codecontests_java_215,clean_no_schema,1,L21H12,0.44125939849624063,False,False
codecontests_java_215,clean_no_schema,2,MLP27,0.5146851503759399,True,True
codecontests_java_215,clean_schema_mismatch,1,L21H12,0.1458529135338346,True,True
codecontests_java_215,clean_schema_mismatch,2,MLP27,0.15310737781954886,True,True
codecontests_java_215,clean_no_protocol,1,L21H12,1.3533834586466165,False,False
codecontests_java_215,clean_no_protocol,2,MLP27,1.9081296992481203,True,True
apps_python_216,clean_no_schema,1,L21H12,0.7303149606299213,False,False
apps_python_216,clean_no_schema,2,MLP27,0.7834645669291339,False,False
apps_python_216,clean_schema_mismatch,1,L21H12,0.34375,True,True
apps_python_216,clean_schema_mismatch,2,MLP27,0.3673720472440945,True,True
apps_python_216,clean_no_protocol,1,L21H12,1.2598425196850394,False,False
apps_python_216,clean_no_protocol,2,MLP27,1.736220472440945,False,False
codecontests_cpp_216,clean_no_schema,1,L21H12,0.9543918918918919,False,False
codecontests_cpp_216,clean_no_schema,2,MLP27,1.2191722972972974,True,True
codecontests_cpp_216,clean_schema_mismatch,1,L21H12,1.885135135135135,False,False
codecontests_cpp_216,clean_schema_mismatch,2,MLP27,2.1186655405405403,True,True
codecontests_cpp_216,clean_no_protocol,1,L21H12,2.418918918918919,False,False
codecontests_cpp_216,clean_no_protocol,2,MLP27,3.8902027027027026,False,False
codecontests_java_216,clean_no_schema,1,L21H12,0.9375,False,False
codecontests_java_216,clean_no_schema,2,MLP27,1.0815104166666667,True,True
codecontests_java_216,clean_schema_mismatch,1,L21H12,1.18828125,False,False
codecontests_java_216,clean_schema_mismatch,2,MLP27,1.2481363932291667,True,True
codecontests_java_216,clean_no_protocol,1,L21H12,1.009375,False,False
codecontests_java_216,clean_no_protocol,2,MLP27,1.201171875,True,True
apps_python_217,clean_no_schema,1,L21H12,0.007666308008982036,True,True
apps_python_217,clean_no_schema,2,MLP27,-0.022688997005988025,True,True
apps_python_217,clean_schema_mismatch,1,L21H12,0.7934131736526946,False,False
apps_python_217,clean_schema_mismatch,2,MLP27,1.0271332335329342,True,True
apps_python_217,clean_no_protocol,1,L21H12,1.81437125748503,False,False
apps_python_217,clean_no_protocol,2,MLP27,2.461077844311377,False,False
codecontests_java_217,clean_no_schema,1,L21H12,0.07722513089005235,True,True
codecontests_java_217,clean_no_schema,2,MLP27,0.09910831151832461,True,True
codecontests_java_217,clean_schema_mismatch,1,L21H12,0.04286649214659686,True,True
codecontests_java_217,clean_schema_mismatch,2,MLP27,0.04773907886125654,True,True
codecontests_java_217,clean_no_protocol,1,L21H12,1.774869109947644,False,False
codecontests_java_217,clean_no_protocol,2,MLP27,2.8710732984293195,True,True
apps_python_218,clean_no_schema,1,L21H12,0.31791338582677164,False,False
apps_python_218,clean_no_schema,2,MLP27,0.3188976377952756,False,False
apps_python_218,clean_schema_mismatch,1,L21H12,1.110236220472441,False,False
apps_python_218,clean_schema_mismatch,2,MLP27,1.779527559055118,False,False
apps_python_218,clean_no_protocol,1,L21H12,1.6062992125984252,False,False
apps_python_218,clean_no_protocol,2,MLP27,2.3897637795275593,False,False
codecontests_cpp_218,clean_no_schema,1,L21H12,0.07576438848920863,True,True
codecontests_cpp_218,clean_no_schema,2,MLP27,0.09897706834532374,True,True
codecontests_cpp_218,clean_schema_mismatch,1,L21H12,0.8093525179856115,False,False
codecontests_cpp_218,clean_schema_mismatch,2,MLP27,1.0224820143884892,True,True
codecontests_cpp_218,clean_no_protocol,1,L21H12,1.381294964028777,False,False
codecontests_cpp_218,clean_no_protocol,2,MLP27,2.533273381294964,True,True
codecontests_java_218,clean_no_schema,1,L21H12,0.13212719298245615,False,True
codecontests_java_218,clean_no_schema,2,MLP27,0.15999634502923976,True,True
codecontests_java_218,clean_schema_mismatch,1,L21H12,0.4130116959064328,False,False
codecontests_java_218,clean_schema_mismatch,2,MLP27,0.5209247076023392,True,True
codecontests_java_218,clean_no_protocol,1,L21H12,0.5760233918128655,False,False
codecontests_java_218,clean_no_protocol,2,MLP27,1.0211988304093567,False,False
apps_python_219,clean_no_schema,1,L21H12,0.8854166666666666,False,False
apps_python_219,clean_no_schema,2,MLP27,0.9077380952380952,False,False
apps_python_219,clean_schema_mismatch,1,L21H12,1.1488095238095237,False,False
apps_python_219,clean_schema_mismatch,2,MLP27,1.4944196428571428,True,True
apps_python_219,clean_no_protocol,1,L21H12,1.4166666666666667,False,False
apps_python_219,clean_no_protocol,2,MLP27,2.1041666666666665,False,False
codecontests_cpp_219,clean_no_schema,1,L21H12,0.05149147727272727,True,True
codecontests_cpp_219,clean_no_schema,2,MLP27,0.06221590909090909,True,True
codecontests_cpp_219,clean_schema_mismatch,1,L21H12,0.2649147727272727,True,True
codecontests_cpp_219,clean_schema_mismatch,2,MLP27,0.2906072443181818,True,True
codecontests_cpp_219,clean_no_protocol,1,L21H12,1.4954545454545454,False,False
codecontests_cpp_219,clean_no_protocol,2,MLP27,2.150284090909091,True,True
codecontests_java_219,clean_no_schema,1,L21H12,0.8022904829545454,True,True
codecontests_java_219,clean_no_schema,2,MLP27,0.8205788352272727,True,True
codecontests_java_219,clean_schema_mismatch,1,L21H12,1.0226384943181819,True,True
codecontests_java_219,clean_schema_mismatch,2,MLP27,1.0389792702414773,True,True
codecontests_java_219,clean_no_protocol,1,L21H12,0.8799715909090909,False,False
codecontests_java_219,clean_no_protocol,2,MLP27,1.0310946377840908,True,True
apps_python_220,clean_no_schema,1,L21H12,0.059375,True,True
apps_python_220,clean_no_schema,2,MLP27,0.068125,True,True
apps_python_220,clean_schema_mismatch,1,L21H12,0.57125,False,False
apps_python_220,clean_schema_mismatch,2,MLP27,0.7275,True,True
apps_python_220,clean_no_protocol,1,L21H12,1.49,False,False
apps_python_220,clean_no_protocol,2,MLP27,2.16625,False,False
codecontests_cpp_220,clean_no_schema,1,L21H12,0.26914739884393063,True,True
codecontests_cpp_220,clean_no_schema,2,MLP27,0.3105130057803468,True,True
codecontests_cpp_220,clean_schema_mismatch,1,L21H12,1.407514450867052,False,False
codecontests_cpp_220,clean_schema_mismatch,2,MLP27,1.6490245664739884,True,True
codecontests_cpp_220,clean_no_protocol,1,L21H12,2.61271676300578,False,False
codecontests_cpp_220,clean_no_protocol,2,MLP27,3.958092485549133,True,False
codecontests_java_220,clean_no_schema,1,L21H12,1.1534926470588236,True,True
codecontests_java_220,clean_no_schema,2,MLP27,1.1878063725490196,True,True
codecontests_java_220,clean_schema_mismatch,1,L21H12,1.1631433823529411,True,True
codecontests_java_220,clean_schema_mismatch,2,MLP27,1.1768152573529411,True,True
codecontests_java_220,clean_no_protocol,1,L21H12,1.7181372549019607,True,True
codecontests_java_220,clean_no_protocol,2,MLP27,1.8171338848039216,True,True
apps_python_221,clean_no_schema,1,L21H12,0.13098086124401914,True,True
apps_python_221,clean_no_schema,2,MLP27,0.08911483253588516,True,True
apps_python_221,clean_schema_mismatch,1,L21H12,1.1898923444976077,True,True
apps_python_221,clean_schema_mismatch,2,MLP27,1.2236842105263157,True,True
apps_python_221,clean_no_protocol,1,L21H12,2.722488038277512,False,False
apps_python_221,clean_no_protocol,2,MLP27,3.2392344497607657,False,False
codecontests_java_221,clean_no_schema,1,L21H12,1.0301724137931034,True,True
codecontests_java_221,clean_no_schema,2,MLP27,1.0780711206896552,True,True
codecontests_java_221,clean_schema_mismatch,1,L21H12,0.9375,True,True
codecontests_java_221,clean_schema_mismatch,2,MLP27,0.9513756061422414,True,True
codecontests_java_221,clean_no_protocol,1,L21H12,0.9758620689655172,False,False
codecontests_java_221,clean_no_protocol,2,MLP27,1.0939251077586207,True,True
mbpp_python_221,clean_no_schema,1,L21H12,0.31642857142857145,True,True
mbpp_python_221,clean_no_schema,2,MLP27,0.21357142857142858,False,False
mbpp_python_221,clean_schema_mismatch,1,L21H12,1.5657142857142856,False,False
mbpp_python_221,clean_schema_mismatch,2,MLP27,1.9985714285714287,False,True
mbpp_python_221,clean_no_protocol,1,L21H12,3.08,False,False
mbpp_python_221,clean_no_protocol,2,MLP27,3.934285714285714,False,False
apps_python_222,clean_no_schema,1,L21H12,0.03048495103686636,True,True
apps_python_222,clean_no_schema,2,MLP27,0.000576036866359447,True,True
apps_python_222,clean_schema_mismatch,1,L21H12,0.3450460829493088,True,True
apps_python_222,clean_schema_mismatch,2,MLP27,0.430767569124424,True,True
apps_python_222,clean_no_protocol,1,L21H12,2.377880184331797,False,False
apps_python_222,clean_no_protocol,2,MLP27,3.129032258064516,False,False
codecontests_java_222,clean_no_schema,1,L21H12,0.2858952702702703,True,True
codecontests_java_222,clean_no_schema,2,MLP27,0.2934966216216216,True,True
codecontests_java_222,clean_schema_mismatch,1,L21H12,1.7314189189189189,True,True
codecontests_java_222,clean_schema_mismatch,2,MLP27,1.7709565033783783,True,True
codecontests_java_222,clean_no_protocol,1,L21H12,4.4972972972972975,False,False
codecontests_java_222,clean_no_protocol,2,MLP27,5.897972972972973,True,True
apps_python_223,clean_no_schema,1,L21H12,0.0396286231884058,True,True
apps_python_223,clean_no_schema,2,MLP27,0.021437198067632852,True,True
apps_python_223,clean_schema_mismatch,1,L21H12,2.1159420289855073,False,False
apps_python_223,clean_schema_mismatch,2,MLP27,2.6696859903381642,True,True
apps_python_223,clean_no_protocol,1,L21H12,1.565217391304348,False,False
apps_python_223,clean_no_protocol,2,MLP27,2.7028985507246377,False,False
codecontests_cpp_223,clean_no_schema,1,L21H12,0.4888663967611336,True,True
codecontests_cpp_223,clean_no_schema,2,MLP27,0.5875506072874493,True,True
codecontests_cpp_223,clean_schema_mismatch,1,L21H12,0.6892712550607287,True,True
codecontests_cpp_223,clean_schema_mismatch,2,MLP27,0.8100961538461539,True,True
codecontests_cpp_223,clean_no_protocol,1,L21H12,1.5546558704453441,False,False
codecontests_cpp_223,clean_no_protocol,2,MLP27,2.4979757085020244,False,False
codecontests_java_223,clean_no_schema,1,L21H12,0.5387254901960784,False,False
codecontests_java_223,clean_no_schema,2,MLP27,0.6138480392156863,True,True
codecontests_java_223,clean_schema_mismatch,1,L21H12,0.15180759803921567,True,True
codecontests_java_223,clean_schema_mismatch,2,MLP27,0.15686657475490196,True,True
codecontests_java_223,clean_no_protocol,1,L21H12,1.8666666666666667,False,False
codecontests_java_223,clean_no_protocol,2,MLP27,2.6098039215686275,False,True
apps_python_224,clean_no_schema,1,L21H12,0.48148148148148145,False,True
apps_python_224,clean_no_schema,2,MLP27,0.5621693121693122,False,True
apps_python_224,clean_schema_mismatch,1,L21H12,0.7208994708994709,False,False
apps_python_224,clean_schema_mismatch,2,MLP27,0.9639550264550265,True,True
apps_python_224,clean_no_protocol,1,L21H12,2.1587301587301586,False,False
apps_python_224,clean_no_protocol,2,MLP27,2.814814814814815,False,False
codecontests_cpp_224,clean_no_schema,1,L21H12,0.4272598870056497,True,True
codecontests_cpp_224,clean_no_schema,2,MLP27,0.5120056497175142,True,True
codecontests_cpp_224,clean_schema_mismatch,1,L21H12,1.25,True,True
codecontests_cpp_224,clean_schema_mismatch,2,MLP27,1.3125662076271187,True,True
codecontests_cpp_224,clean_no_protocol,1,L21H12,2.8135593220338984,False,False
codecontests_cpp_224,clean_no_protocol,2,MLP27,4.237288135593221,True,True
codecontests_java_224,clean_no_schema,1,L21H12,0.889792899408284,True,True
codecontests_java_224,clean_no_schema,2,MLP27,0.9241863905325444,True,True
codecontests_java_224,clean_schema_mismatch,1,L21H12,0.7936852810650887,True,True
codecontests_java_224,clean_schema_mismatch,2,MLP27,0.8040171967455622,True,True
codecontests_java_224,clean_no_protocol,1,L21H12,4.029585798816568,False,False
codecontests_java_224,clean_no_protocol,2,MLP27,5.08228550295858,True,True
mbpp_python_224,clean_no_schema,1,L21H12,0.5611233480176211,True,True
mbpp_python_224,clean_no_schema,2,MLP27,0.5872797356828194,True,True
mbpp_python_224,clean_schema_mismatch,1,L21H12,1.4416299559471366,False,True
mbpp_python_224,clean_schema_mismatch,2,MLP27,1.5565459801762114,True,True
mbpp_python_224,clean_no_protocol,1,L21H12,0.9493392070484582,False,False
mbpp_python_224,clean_no_protocol,2,MLP27,1.2227422907488987,True,True
apps_python_225,clean_no_schema,1,L21H12,0.10162213740458015,False,True
apps_python_225,clean_no_schema,2,MLP27,0.07681297709923664,False,True
apps_python_225,clean_schema_mismatch,1,L21H12,0.7767175572519084,False,False
apps_python_225,clean_schema_mismatch,2,MLP27,1.0432371183206106,True,True
apps_python_225,clean_no_protocol,1,L21H12,1.618320610687023,False,False
apps_python_225,clean_no_protocol,2,MLP27,2.5381679389312977,False,False
codecontests_cpp_225,clean_no_schema,1,L21H12,1.378787878787879,False,False
codecontests_cpp_225,clean_no_schema,2,MLP27,1.928030303030303,False,True
codecontests_cpp_225,clean_schema_mismatch,1,L21H12,0.6016414141414141,False,True
codecontests_cpp_225,clean_schema_mismatch,2,MLP27,0.733270202020202,True,True
codecontests_cpp_225,clean_no_protocol,1,L21H12,2.292929292929293,False,False
codecontests_cpp_225,clean_no_protocol,2,MLP27,4.2146464646464645,False,False
codecontests_java_225,clean_no_schema,1,L21H12,0.8200934579439252,False,False
codecontests_java_225,clean_no_schema,2,MLP27,0.9040595794392523,True,True
codecontests_java_225,clean_schema_mismatch,1,L21H12,0.9240654205607477,True,True
codecontests_java_225,clean_schema_mismatch,2,MLP27,0.9926620911214953,True,True
codecontests_java_225,clean_no_protocol,1,L21H12,2.032710280373832,False,False
codecontests_java_225,clean_no_protocol,2,MLP27,2.8271028037383177,True,True
codecontests_java_226,clean_no_schema,1,L21H12,0.59765625,True,True
codecontests_java_226,clean_no_schema,2,MLP27,0.6729329427083334,True,True
codecontests_java_226,clean_schema_mismatch,1,L21H12,0.2779947916666667,True,True
codecontests_java_226,clean_schema_mismatch,2,MLP27,0.296142578125,True,True
codecontests_java_226,clean_no_protocol,1,L21H12,1.75,False,False
codecontests_java_226,clean_no_protocol,2,MLP27,2.671875,True,True
apps_python_227,clean_no_schema,1,L21H12,0.42625,True,True
apps_python_227,clean_no_schema,2,MLP27,0.44875,True,True
apps_python_227,clean_schema_mismatch,1,L21H12,0.845625,True,True
apps_python_227,clean_schema_mismatch,2,MLP27,0.9058984375,True,True
apps_python_227,clean_no_protocol,1,L21H12,0.9575,False,False
apps_python_227,clean_no_protocol,2,MLP27,1.1578125,True,True
codecontests_cpp_227,clean_no_schema,1,L21H12,0.7966101694915254,False,True
codecontests_cpp_227,clean_no_schema,2,MLP27,0.905367231638418,True,True
codecontests_cpp_227,clean_schema_mismatch,1,L21H12,2.2598870056497176,False,False
codecontests_cpp_227,clean_schema_mismatch,2,MLP27,2.67478813559322,True,True
codecontests_cpp_227,clean_no_protocol,1,L21H12,2.4971751412429377,False,False
codecontests_cpp_227,clean_no_protocol,2,MLP27,3.9533898305084745,False,False
codecontests_java_227,clean_no_schema,1,L21H12,1.609732824427481,False,False
codecontests_java_227,clean_no_schema,2,MLP27,1.779341603053435,True,True
codecontests_java_227,clean_schema_mismatch,1,L21H12,1.9770992366412214,True,True
codecontests_java_227,clean_schema_mismatch,2,MLP27,2.0892175572519083,True,True
codecontests_java_227,clean_no_protocol,1,L21H12,3.1526717557251906,False,False
codecontests_java_227,clean_no_protocol,2,MLP27,4.316793893129771,True,True
codecontests_cpp_228,clean_no_schema,1,L21H12,0.4270833333333333,False,False
codecontests_cpp_228,clean_no_schema,2,MLP27,0.53515625,True,True
codecontests_cpp_228,clean_schema_mismatch,1,L21H12,1.7645833333333334,False,False
codecontests_cpp_228,clean_schema_mismatch,2,MLP27,2.1303385416666667,True,True
codecontests_cpp_228,clean_no_protocol,1,L21H12,1.9583333333333333,False,False
codecontests_cpp_228,clean_no_protocol,2,MLP27,2.910416666666667,False,False
codecontests_java_228,clean_no_schema,1,L21H12,0.4573019801980198,True,True
codecontests_java_228,clean_no_schema,2,MLP27,0.5191831683168316,True,True
codecontests_java_228,clean_schema_mismatch,1,L21H12,0.1491723391089109,True,True
codecontests_java_228,clean_schema_mismatch,2,MLP27,0.1562475827660891,True,True
codecontests_java_228,clean_no_protocol,1,L21H12,1.801980198019802,False,False
codecontests_java_228,clean_no_protocol,2,MLP27,2.3100247524752477,True,True
apps_python_229,clean_no_schema,1,L21H12,0.16117294520547945,True,True
apps_python_229,clean_no_schema,2,MLP27,0.1172945205479452,True,True
apps_python_229,clean_schema_mismatch,1,L21H12,0.809931506849315,False,False
apps_python_229,clean_schema_mismatch,2,MLP27,1.125,True,True
apps_python_229,clean_no_protocol,1,L21H12,3.2739726027397262,False,False
apps_python_229,clean_no_protocol,2,MLP27,4.808219178082192,False,False
codecontests_cpp_229,clean_no_schema,1,L21H12,0.8299319727891157,False,False
codecontests_cpp_229,clean_no_schema,2,MLP27,1.2049319727891157,False,False
codecontests_cpp_229,clean_schema_mismatch,1,L21H12,0.8860544217687075,False,False
codecontests_cpp_229,clean_schema_mismatch,2,MLP27,1.1639030612244898,True,True
codecontests_cpp_229,clean_no_protocol,1,L21H12,1.6326530612244898,False,False
codecontests_cpp_229,clean_no_protocol,2,MLP27,2.7406462585034013,False,False
codecontests_java_229,clean_no_schema,1,L21H12,0.6997767857142857,True,True
codecontests_java_229,clean_no_schema,2,MLP27,0.7573939732142857,True,True
codecontests_java_229,clean_schema_mismatch,1,L21H12,0.10391090029761904,True,True
codecontests_java_229,clean_schema_mismatch,2,MLP27,0.10740443638392858,True,True
codecontests_java_229,clean_no_protocol,1,L21H12,1.0803571428571428,False,False
codecontests_java_229,clean_no_protocol,2,MLP27,1.3636067708333333,True,True
apps_python_230,clean_no_schema,1,L21H12,0.6837837837837838,False,False
apps_python_230,clean_no_schema,2,MLP27,0.975,False,False
apps_python_230,clean_schema_mismatch,1,L21H12,1.1027027027027028,False,False
apps_python_230,clean_schema_mismatch,2,MLP27,1.6033783783783784,True,True
apps_python_230,clean_no_protocol,1,L21H12,2.7027027027027026,False,False
apps_python_230,clean_no_protocol,2,MLP27,4.124324324324324,False,False
codecontests_java_230,clean_no_schema,1,L21H12,0.6361607142857143,True,True
codecontests_java_230,clean_no_schema,2,MLP27,0.7150297619047619,True,True
codecontests_java_230,clean_schema_mismatch,1,L21H12,3.369047619047619,False,False
codecontests_java_230,clean_schema_mismatch,2,MLP27,3.9557291666666665,True,True
codecontests_java_230,clean_no_protocol,1,L21H12,3.9523809523809526,False,False
codecontests_java_230,clean_no_protocol,2,MLP27,6.4375,True,False
mbpp_python_230,clean_no_schema,1,L21H12,0.38112745098039214,True,True
mbpp_python_230,clean_no_schema,2,MLP27,0.3545751633986928,True,True
mbpp_python_230,clean_schema_mismatch,1,L21H12,1.341503267973856,False,False
mbpp_python_230,clean_schema_mismatch,2,MLP27,1.5364583333333333,True,True
mbpp_python_230,clean_no_protocol,1,L21H12,1.522875816993464,False,False
mbpp_python_230,clean_no_protocol,2,MLP27,2.037581699346405,False,False
apps_python_231,clean_no_schema,1,L21H12,0.5131278538812786,False,True
apps_python_231,clean_no_schema,2,MLP27,0.5131278538812786,False,True
apps_python_231,clean_schema_mismatch,1,L21H12,0.2948059360730594,True,True
apps_python_231,clean_schema_mismatch,2,MLP27,0.3326243222031963,True,True
apps_python_231,clean_no_protocol,1,L21H12,1.356164383561644,False,False
apps_python_231,clean_no_protocol,2,MLP27,1.9383561643835616,False,False
codecontests_java_231,clean_no_schema,1,L21H12,1.047077922077922,False,False
codecontests_java_231,clean_no_schema,2,MLP27,1.140219155844156,True,True
codecontests_java_231,clean_schema_mismatch,1,L21H12,1.6501623376623376,True,True
codecontests_java_231,clean_schema_mismatch,2,MLP27,1.773817978896104,True,True
codecontests_java_231,clean_no_protocol,1,L21H12,1.844155844155844,False,False
codecontests_java_231,clean_no_protocol,2,MLP27,2.676948051948052,True,True
apps_python_232,clean_no_schema,1,L21H12,0.6817269076305221,False,False
apps_python_232,clean_no_schema,2,MLP27,0.7570281124497992,True,True
apps_python_232,clean_schema_mismatch,1,L21H12,1.0426706827309238,True,True
apps_python_232,clean_schema_mismatch,2,MLP27,1.1432605421686748,True,True
apps_python_232,clean_no_protocol,1,L21H12,1.7188755020080322,False,False
apps_python_232,clean_no_protocol,2,MLP27,2.3714859437751006,False,False
apps_python_233,clean_no_schema,1,L21H12,0.5346153846153846,True,True
apps_python_233,clean_no_schema,2,MLP27,0.5721153846153846,True,True
apps_python_233,clean_schema_mismatch,1,L21H12,0.8860576923076923,True,True
apps_python_233,clean_schema_mismatch,2,MLP27,0.9625300480769231,True,True
apps_python_233,clean_no_protocol,1,L21H12,2.0,False,False
apps_python_233,clean_no_protocol,2,MLP27,2.7826923076923076,True,True
codecontests_java_233,clean_no_schema,1,L21H12,0.317394578313253,True,True
codecontests_java_233,clean_no_schema,2,MLP27,0.3280308734939759,True,True
codecontests_java_233,clean_schema_mismatch,1,L21H12,0.48917545180722893,True,True
codecontests_java_233,clean_schema_mismatch,2,MLP27,0.49671733810240964,True,True
codecontests_java_233,clean_no_protocol,1,L21H12,1.0572289156626506,False,False
codecontests_java_233,clean_no_protocol,2,MLP27,1.5240963855421688,False,True
mbpp_python_233,clean_no_schema,1,L21H12,0.30049668874172186,True,True
mbpp_python_233,clean_no_schema,2,MLP27,0.19619205298013245,False,False
mbpp_python_233,clean_schema_mismatch,1,L21H12,0.6581125827814569,False,False
mbpp_python_233,clean_schema_mismatch,2,MLP27,0.7454470198675497,True,True
mbpp_python_233,clean_no_protocol,1,L21H12,1.4304635761589404,False,False
mbpp_python_233,clean_no_protocol,2,MLP27,2.013245033112583,False,False
apps_python_234,clean_no_schema,1,L21H12,0.19086826347305388,False,False
apps_python_234,clean_no_schema,2,MLP27,0.1467065868263473,False,False
apps_python_234,clean_schema_mismatch,1,L21H12,0.15456586826347304,False,True
apps_python_234,clean_schema_mismatch,2,MLP27,0.2304453592814371,True,True
apps_python_234,clean_no_protocol,1,L21H12,1.3952095808383234,False,False
apps_python_234,clean_no_protocol,2,MLP27,2.320359281437126,False,False
codecontests_java_234,clean_no_schema,1,L21H12,1.2351778656126482,False,False
codecontests_java_234,clean_no_schema,2,MLP27,1.490612648221344,False,False
codecontests_java_234,clean_schema_mismatch,1,L21H12,0.7855731225296443,True,True
codecontests_java_234,clean_schema_mismatch,2,MLP27,0.8498178112648221,True,True
codecontests_java_234,clean_no_protocol,1,L21H12,1.2648221343873518,False,False
codecontests_java_234,clean_no_protocol,2,MLP27,1.9634387351778657,False,True
apps_python_235,clean_no_schema,1,L21H12,1.1816546762589928,False,False
apps_python_235,clean_no_schema,2,MLP27,1.2176258992805755,False,False
apps_python_235,clean_schema_mismatch,1,L21H12,0.8183453237410072,False,False
apps_python_235,clean_schema_mismatch,2,MLP27,1.0546312949640289,False,True
apps_python_235,clean_no_protocol,1,L21H12,2.20863309352518,False,False
apps_python_235,clean_no_protocol,2,MLP27,2.6654676258992804,False,False
codecontests_cpp_235,clean_no_schema,1,L21H12,0.7585714285714286,False,False
codecontests_cpp_235,clean_no_schema,2,MLP27,0.8585714285714285,True,True
codecontests_cpp_235,clean_schema_mismatch,1,L21H12,2.28,False,False
codecontests_cpp_235,clean_schema_mismatch,2,MLP27,3.1364285714285716,True,True
codecontests_cpp_235,clean_no_protocol,1,L21H12,3.577142857142857,False,False
codecontests_cpp_235,clean_no_protocol,2,MLP27,5.488571428571428,False,False
codecontests_java_235,clean_no_schema,1,L21H12,0.2183159722222222,True,True
codecontests_java_235,clean_no_schema,2,MLP27,0.2416087962962963,True,True
codecontests_java_235,clean_schema_mismatch,1,L21H12,0.3744212962962963,True,True
codecontests_java_235,clean_schema_mismatch,2,MLP27,0.40610532407407407,True,True
codecontests_java_235,clean_no_protocol,1,L21H12,1.4490740740740742,False,False
codecontests_java_235,clean_no_protocol,2,MLP27,2.0772569444444446,True,True
mbpp_python_235,clean_no_schema,1,L21H12,0.1063468992248062,True,True
mbpp_python_235,clean_no_schema,2,MLP27,0.07921511627906977,True,True
mbpp_python_235,clean_schema_mismatch,1,L21H12,1.0271317829457365,False,False
mbpp_python_235,clean_schema_mismatch,2,MLP27,1.3915334302325582,True,True
mbpp_python_235,clean_no_protocol,1,L21H12,4.155038759689923,False,False
mbpp_python_235,clean_no_protocol,2,MLP27,5.844961240310077,False,False
apps_python_236,clean_no_schema,1,L21H12,0.24796747967479674,True,True
apps_python_236,clean_no_schema,2,MLP27,0.18597560975609756,False,False
apps_python_236,clean_schema_mismatch,1,L21H12,0.7947154471544715,False,False
apps_python_236,clean_schema_mismatch,2,MLP27,1.0509400406504066,True,True
apps_python_236,clean_no_protocol,1,L21H12,1.3008130081300813,False,False
apps_python_236,clean_no_protocol,2,MLP27,2.095528455284553,False,False
codecontests_cpp_236,clean_no_schema,1,L21H12,0.9712389380530974,False,False
codecontests_cpp_236,clean_no_schema,2,MLP27,1.1891592920353982,False,False
codecontests_cpp_236,clean_schema_mismatch,1,L21H12,1.2190265486725664,False,False
codecontests_cpp_236,clean_schema_mismatch,2,MLP27,1.6472621681415929,True,True
codecontests_cpp_236,clean_no_protocol,1,L21H12,2.0353982300884956,False,False
codecontests_cpp_236,clean_no_protocol,2,MLP27,3.2610619469026547,False,False
codecontests_java_236,clean_no_schema,1,L21H12,0.921875,False,False
codecontests_java_236,clean_no_schema,2,MLP27,0.9950390625,True,True
codecontests_java_236,clean_schema_mismatch,1,L21H12,0.941875,False,False
codecontests_java_236,clean_schema_mismatch,2,MLP27,1.0434765625,True,True
codecontests_java_236,clean_no_protocol,1,L21H12,0.98125,False,False
codecontests_java_236,clean_no_protocol,2,MLP27,1.252734375,True,True
apps_python_237,clean_no_schema,1,L21H12,0.030783913352272728,True,True
apps_python_237,clean_no_schema,2,MLP27,0.009232954545454546,False,True
apps_python_237,clean_schema_mismatch,1,L21H12,0.15638316761363635,True,True
apps_python_237,clean_schema_mismatch,2,MLP27,0.1356534090909091,True,True
apps_python_237,clean_no_protocol,1,L21H12,1.2215909090909092,False,False
apps_python_237,clean_no_protocol,2,MLP27,1.9332386363636365,False,False
codecontests_java_237,clean_no_schema,1,L21H12,0.3283898305084746,True,True
codecontests_java_237,clean_no_schema,2,MLP27,0.3975768008474576,True,True
codecontests_java_237,clean_schema_mismatch,1,L21H12,0.7786016949152542,False,False
codecontests_java_237,clean_schema_mismatch,2,MLP27,0.8736758474576272,True,True
codecontests_java_237,clean_no_protocol,1,L21H12,1.1567796610169492,False,False
codecontests_java_237,clean_no_protocol,2,MLP27,1.7981991525423728,True,True
apps_python_238,clean_no_schema,1,L21H12,0.010405204665492957,True,True
apps_python_238,clean_no_schema,2,MLP27,-0.0022007042253521128,True,True
apps_python_238,clean_schema_mismatch,1,L21H12,0.698943661971831,True,True
apps_python_238,clean_schema_mismatch,2,MLP27,0.7816351232394366,True,True
apps_python_238,clean_no_protocol,1,L21H12,2.084507042253521,False,False
apps_python_238,clean_no_protocol,2,MLP27,2.7244718309859155,True,True
codecontests_java_238,clean_no_schema,1,L21H12,0.8525641025641025,True,True
codecontests_java_238,clean_no_schema,2,MLP27,0.9138621794871795,True,True
codecontests_java_238,clean_schema_mismatch,1,L21H12,0.7870592948717948,True,True
codecontests_java_238,clean_schema_mismatch,2,MLP27,0.8088191105769231,True,True
codecontests_java_238,clean_no_protocol,1,L21H12,2.673076923076923,False,False
codecontests_java_238,clean_no_protocol,2,MLP27,3.582532051282051,True,True
apps_python_239,clean_no_schema,1,L21H12,0.025256849315068493,True,True
apps_python_239,clean_no_schema,2,MLP27,0.0293236301369863,True,True
apps_python_239,clean_schema_mismatch,1,L21H12,1.1592465753424657,True,True
apps_python_239,clean_schema_mismatch,2,MLP27,1.3037778253424657,True,True
apps_python_239,clean_no_protocol,1,L21H12,1.63013698630137,False,False
apps_python_239,clean_no_protocol,2,MLP27,2.356164383561644,False,False
codecontests_java_239,clean_no_schema,1,L21H12,1.466804979253112,False,False
codecontests_java_239,clean_no_schema,2,MLP27,1.66597510373444,True,True
codecontests_java_239,clean_schema_mismatch,1,L21H12,2.2489626556016598,True,True
codecontests_java_239,clean_schema_mismatch,2,MLP27,2.3159037863070537,True,True
codecontests_java_239,clean_no_protocol,1,L21H12,2.7219917012448134,False,True
codecontests_java_239,clean_no_protocol,2,MLP27,3.8280601659751037,True,True
apps_python_240,clean_no_schema,1,L21H12,0.6203358208955224,True,True
apps_python_240,clean_no_schema,2,MLP27,0.5942164179104478,False,True
apps_python_240,clean_schema_mismatch,1,L21H12,1.2276119402985075,False,False
apps_python_240,clean_schema_mismatch,2,MLP27,1.418201958955224,True,True
apps_python_240,clean_no_protocol,1,L21H12,2.291044776119403,False,False
apps_python_240,clean_no_protocol,2,MLP27,3.128731343283582,False,False
codecontests_java_240,clean_no_schema,1,L21H12,0.07666666666666666,True,True
codecontests_java_240,clean_no_schema,2,MLP27,0.0849609375,True,True
codecontests_java_240,clean_schema_mismatch,1,L21H12,0.61359375,True,True
codecontests_java_240,clean_schema_mismatch,2,MLP27,0.6258919270833333,True,True
codecontests_java_240,clean_no_protocol,1,L21H12,1.1454166666666667,True,True
codecontests_java_240,clean_no_protocol,2,MLP27,1.2443098958333334,True,True
apps_python_241,clean_no_schema,1,L21H12,0.22077922077922077,True,True
apps_python_241,clean_no_schema,2,MLP27,0.2418831168831169,True,True
apps_python_241,clean_schema_mismatch,1,L21H12,1.7813852813852813,False,False
apps_python_241,clean_schema_mismatch,2,MLP27,2.240327380952381,True,True
apps_python_241,clean_no_protocol,1,L21H12,2.9696969696969697,False,False
apps_python_241,clean_no_protocol,2,MLP27,4.0562770562770565,False,False
codecontests_java_241,clean_no_schema,1,L21H12,0.29617537313432835,True,True
codecontests_java_241,clean_no_schema,2,MLP27,0.31061489427860695,True,True
codecontests_java_241,clean_schema_mismatch,1,L21H12,0.38347325870646765,True,True
codecontests_java_241,clean_schema_mismatch,2,MLP27,0.3951701453669154,True,True
codecontests_java_241,clean_no_protocol,1,L21H12,2.0497512437810945,False,False
codecontests_java_241,clean_no_protocol,2,MLP27,2.6772388059701493,True,True
apps_python_242,clean_no_schema,1,L21H12,0.22767857142857142,False,False
apps_python_242,clean_no_schema,2,MLP27,0.27901785714285715,False,True
apps_python_242,clean_schema_mismatch,1,L21H12,0.5357142857142857,False,False
apps_python_242,clean_schema_mismatch,2,MLP27,0.8708612351190477,True,True
apps_python_242,clean_no_protocol,1,L21H12,0.7291666666666666,False,False
apps_python_242,clean_no_protocol,2,MLP27,1.1763392857142858,True,True
codecontests_cpp_242,clean_no_schema,1,L21H12,2.1792828685258963,False,True
codecontests_cpp_242,clean_no_schema,2,MLP27,2.4078685258964145,True,True
codecontests_cpp_242,clean_schema_mismatch,1,L21H12,4.0,False,False
codecontests_cpp_242,clean_schema_mismatch,2,MLP27,4.756972111553785,False,False
codecontests_cpp_242,clean_no_protocol,1,L21H12,5.059760956175299,False,False
codecontests_cpp_242,clean_no_protocol,2,MLP27,6.5717131474103585,False,False
codecontests_java_242,clean_no_schema,1,L21H12,0.7711038961038961,False,False
codecontests_java_242,clean_no_schema,2,MLP27,0.8341450216450217,True,True
codecontests_java_242,clean_schema_mismatch,1,L21H12,0.5449134199134199,True,True
codecontests_java_242,clean_schema_mismatch,2,MLP27,0.583198051948052,True,True
codecontests_java_242,clean_no_protocol,1,L21H12,0.6179653679653679,False,False
codecontests_java_242,clean_no_protocol,2,MLP27,0.8338744588744589,True,True
apps_python_243,clean_no_schema,1,L21H12,0.2618110236220472,False,False
apps_python_243,clean_no_schema,2,MLP27,0.25984251968503935,False,False
apps_python_243,clean_schema_mismatch,1,L21H12,0.7716535433070866,False,False
apps_python_243,clean_schema_mismatch,2,MLP27,1.0388779527559056,False,True
apps_python_243,clean_no_protocol,1,L21H12,1.2440944881889764,False,False
apps_python_243,clean_no_protocol,2,MLP27,2.188976377952756,False,False
codecontests_java_243,clean_no_schema,1,L21H12,0.520333904109589,True,True
codecontests_java_243,clean_no_schema,2,MLP27,0.5397581335616438,True,True
codecontests_java_243,clean_schema_mismatch,1,L21H12,2.42722602739726,True,True
codecontests_java_243,clean_schema_mismatch,2,MLP27,2.5097388698630136,True,True
codecontests_java_243,clean_no_protocol,1,L21H12,3.136986301369863,False,False
codecontests_java_243,clean_no_protocol,2,MLP27,3.6230736301369864,True,True
apps_python_244,clean_no_schema,1,L21H12,0.9842767295597484,False,False
apps_python_244,clean_no_schema,2,MLP27,1.1352201257861636,False,False
apps_python_244,clean_schema_mismatch,1,L21H12,1.2075471698113207,False,False
apps_python_244,clean_schema_mismatch,2,MLP27,1.5812696540880504,True,True
apps_python_244,clean_no_protocol,1,L21H12,1.8364779874213837,False,False
apps_python_244,clean_no_protocol,2,MLP27,2.943396226415094,False,False
apps_python_245,clean_no_schema,1,L21H12,0.07618104460093897,True,True
apps_python_245,clean_no_schema,2,MLP27,0.07394366197183098,True,True
apps_python_245,clean_schema_mismatch,1,L21H12,2.0434272300469485,True,True
apps_python_245,clean_schema_mismatch,2,MLP27,2.178587147887324,True,True
apps_python_245,clean_no_protocol,1,L21H12,3.3896713615023475,False,False
apps_python_245,clean_no_protocol,2,MLP27,4.619718309859155,True,True
codecontests_cpp_245,clean_no_schema,1,L21H12,1.3392857142857142,False,False
codecontests_cpp_245,clean_no_schema,2,MLP27,1.7767857142857142,False,False
codecontests_cpp_245,clean_schema_mismatch,1,L21H12,1.6607142857142858,False,False
codecontests_cpp_245,clean_schema_mismatch,2,MLP27,2.154017857142857,True,True
codecontests_cpp_245,clean_no_protocol,1,L21H12,1.8857142857142857,False,False
codecontests_cpp_245,clean_no_protocol,2,MLP27,3.1732142857142858,False,False
codecontests_java_245,clean_no_schema,1,L21H12,1.289906103286385,False,False
codecontests_java_245,clean_no_schema,2,MLP27,1.5102699530516432,True,True
codecontests_java_245,clean_schema_mismatch,1,L21H12,1.1120892018779343,True,True
codecontests_java_245,clean_schema_mismatch,2,MLP27,1.2049589201877935,True,True
codecontests_java_245,clean_no_protocol,1,L21H12,1.7887323943661972,False,False
codecontests_java_245,clean_no_protocol,2,MLP27,2.6666666666666665,True,True
mbpp_python_245,clean_no_schema,1,L21H12,0.8325892857142857,False,False
mbpp_python_245,clean_no_schema,2,MLP27,0.9241071428571429,False,False
mbpp_python_245,clean_schema_mismatch,1,L21H12,0.3627232142857143,True,True
mbpp_python_245,clean_schema_mismatch,2,MLP27,0.4003383091517857,True,True
mbpp_python_245,clean_no_protocol,1,L21H12,0.8370535714285714,False,False
mbpp_python_245,clean_no_protocol,2,MLP27,1.2131696428571428,False,True
apps_python_246,clean_no_schema,1,L21H12,0.5677710843373494,True,True
apps_python_246,clean_no_schema,2,MLP27,0.4894578313253012,True,True
apps_python_246,clean_schema_mismatch,1,L21H12,1.0022590361445782,True,True
apps_python_246,clean_schema_mismatch,2,MLP27,1.0294302208835342,True,True
apps_python_246,clean_no_protocol,1,L21H12,2.6506024096385543,False,False
apps_python_246,clean_no_protocol,2,MLP27,3.42570281124498,False,False
codecontests_cpp_246,clean_no_schema,1,L21H12,0.40902777777777777,False,False
codecontests_cpp_246,clean_no_schema,2,MLP27,0.5029513888888889,True,True
codecontests_cpp_246,clean_schema_mismatch,1,L21H12,0.7027777777777777,False,False
codecontests_cpp_246,clean_schema_mismatch,2,MLP27,0.8440104166666667,True,True
codecontests_cpp_246,clean_no_protocol,1,L21H12,1.1333333333333333,False,False
codecontests_cpp_246,clean_no_protocol,2,MLP27,1.8180555555555555,False,False
codecontests_java_246,clean_no_schema,1,L21H12,0.8341836734693877,False,False
codecontests_java_246,clean_no_schema,2,MLP27,0.9518494897959183,True,True
codecontests_java_246,clean_schema_mismatch,1,L21H12,0.5491071428571429,False,False
codecontests_java_246,clean_schema_mismatch,2,MLP27,0.6256078603316326,True,True
codecontests_java_246,clean_no_protocol,1,L21H12,0.5969387755102041,False,False
codecontests_java_246,clean_no_protocol,2,MLP27,0.9532844387755102,True,True
codecontests_java_247,clean_no_schema,1,L21H12,0.3495762711864407,True,True
codecontests_java_247,clean_no_schema,2,MLP27,0.353416313559322,True,True
codecontests_java_247,clean_schema_mismatch,1,L21H12,1.0346045197740112,True,True
codecontests_java_247,clean_schema_mismatch,2,MLP27,1.0872175141242937,True,True
codecontests_java_247,clean_no_protocol,1,L21H12,2.0338983050847457,False,False
codecontests_java_247,clean_no_protocol,2,MLP27,2.7796610169491527,False,True
apps_python_248,clean_no_schema,1,L21H12,0.3475877192982456,False,False
apps_python_248,clean_no_schema,2,MLP27,0.41776315789473684,False,False
apps_python_248,clean_schema_mismatch,1,L21H12,0.7510964912280702,False,False
apps_python_248,clean_schema_mismatch,2,MLP27,1.0034950657894737,True,True
apps_python_248,clean_no_protocol,1,L21H12,1.0921052631578947,False,False
apps_python_248,clean_no_protocol,2,MLP27,1.5526315789473684,False,False
codecontests_cpp_248,clean_no_schema,1,L21H12,1.1662946428571428,False,False
codecontests_cpp_248,clean_no_schema,2,MLP27,1.3253348214285714,True,True
codecontests_cpp_248,clean_schema_mismatch,1,L21H12,2.8950892857142856,False,False
codecontests_cpp_248,clean_schema_mismatch,2,MLP27,3.257533482142857,True,True
codecontests_cpp_248,clean_no_protocol,1,L21H12,3.3035714285714284,False,False
codecontests_cpp_248,clean_no_protocol,2,MLP27,4.154296875,True,True
codecontests_java_248,clean_no_schema,1,L21H12,0.7779126213592233,False,False
codecontests_java_248,clean_no_schema,2,MLP27,0.9044296116504854,True,True
codecontests_java_248,clean_schema_mismatch,1,L21H12,0.392748786407767,True,True
codecontests_java_248,clean_schema_mismatch,2,MLP27,0.41535194174757284,True,True
codecontests_java_248,clean_no_protocol,1,L21H12,2.1601941747572817,False,False
codecontests_java_248,clean_no_protocol,2,MLP27,2.820388349514563,True,True
apps_python_249,clean_no_schema,1,L21H12,0.10948822463768115,True,True
apps_python_249,clean_no_schema,2,MLP27,0.06431159420289854,True,True
apps_python_249,clean_schema_mismatch,1,L21H12,1.1032608695652173,False,False
apps_python_249,clean_schema_mismatch,2,MLP27,1.457427536231884,True,True
apps_python_249,clean_no_protocol,1,L21H12,2.1231884057971016,False,False
apps_python_249,clean_no_protocol,2,MLP27,2.864130434782609,False,False
codecontests_cpp_249,clean_no_schema,1,L21H12,0.7385496183206107,False,False
codecontests_cpp_249,clean_no_schema,2,MLP27,0.7729007633587787,False,False
codecontests_cpp_249,clean_schema_mismatch,1,L21H12,1.5076335877862594,False,False
codecontests_cpp_249,clean_schema_mismatch,2,MLP27,1.7666984732824427,True,True
codecontests_cpp_249,clean_no_protocol,1,L21H12,2.2977099236641223,False,False
codecontests_cpp_249,clean_no_protocol,2,MLP27,3.633587786259542,False,False
codecontests_java_249,clean_no_schema,1,L21H12,0.39895833333333336,True,True
codecontests_java_249,clean_no_schema,2,MLP27,0.4192708333333333,True,True
codecontests_java_249,clean_schema_mismatch,1,L21H12,1.319047619047619,False,False
codecontests_java_249,clean_schema_mismatch,2,MLP27,1.5145833333333334,True,True
codecontests_java_249,clean_no_protocol,1,L21H12,1.638095238095238,False,False
codecontests_java_249,clean_no_protocol,2,MLP27,2.3997023809523808,True,True
apps_python_250,clean_no_schema,1,L21H12,0.7574404761904762,False,False
apps_python_250,clean_no_schema,2,MLP27,0.7291666666666666,False,False
apps_python_250,clean_schema_mismatch,1,L21H12,1.6964285714285714,False,False
apps_python_250,clean_schema_mismatch,2,MLP27,2.1597842261904763,True,True
apps_python_250,clean_no_protocol,1,L21H12,3.4761904761904763,False,False
apps_python_250,clean_no_protocol,2,MLP27,5.238095238095238,False,False
codecontests_java_250,clean_no_schema,1,L21H12,0.4789915966386555,False,False
codecontests_java_250,clean_no_schema,2,MLP27,0.7066701680672269,True,True
codecontests_java_250,clean_schema_mismatch,1,L21H12,0.5036764705882353,False,False
codecontests_java_250,clean_schema_mismatch,2,MLP27,0.6213235294117647,True,True
codecontests_java_250,clean_no_protocol,1,L21H12,1.184873949579832,False,False
codecontests_java_250,clean_no_protocol,2,MLP27,2.2436974789915967,False,False
apps_python_251,clean_no_schema,1,L21H12,0.8923444976076556,False,False
apps_python_251,clean_no_schema,2,MLP27,1.0669856459330143,False,False
apps_python_251,clean_schema_mismatch,1,L21H12,1.4019138755980862,False,False
apps_python_251,clean_schema_mismatch,2,MLP27,1.9162679425837321,False,False
apps_python_251,clean_no_protocol,1,L21H12,1.674641148325359,False,False
apps_python_251,clean_no_protocol,2,MLP27,2.6220095693779903,False,False
codecontests_java_251,clean_no_schema,1,L21H12,0.17842261904761905,True,True
codecontests_java_251,clean_no_schema,2,MLP27,0.194140625,True,True
codecontests_java_251,clean_schema_mismatch,1,L21H12,0.028859747023809525,True,True
codecontests_java_251,clean_schema_mismatch,2,MLP27,0.030202520461309525,True,True
codecontests_java_251,clean_no_protocol,1,L21H12,2.0761904761904764,False,False
codecontests_java_251,clean_no_protocol,2,MLP27,2.766517857142857,True,True
apps_python_252,clean_no_schema,1,L21H12,0.7342836257309941,True,True
apps_python_252,clean_no_schema,2,MLP27,0.7609649122807017,True,True
apps_python_252,clean_schema_mismatch,1,L21H12,0.702485380116959,True,True
apps_python_252,clean_schema_mismatch,2,MLP27,0.7381441885964912,True,True
apps_python_252,clean_no_protocol,1,L21H12,1.1637426900584795,False,False
apps_python_252,clean_no_protocol,2,MLP27,1.5101425438596492,True,True
codecontests_cpp_252,clean_no_schema,1,L21H12,1.3851063829787233,False,False
codecontests_cpp_252,clean_no_schema,2,MLP27,1.7111702127659574,True,True
codecontests_cpp_252,clean_schema_mismatch,1,L21H12,4.395744680851064,False,False
codecontests_cpp_252,clean_schema_mismatch,2,MLP27,5.093617021276596,True,True
codecontests_cpp_252,clean_no_protocol,1,L21H12,4.485106382978723,False,False
codecontests_cpp_252,clean_no_protocol,2,MLP27,6.339361702127659,True,True
codecontests_java_252,clean_no_schema,1,L21H12,1.3128930817610063,False,False
codecontests_java_252,clean_no_schema,2,MLP27,1.4606918238993711,True,True
codecontests_java_252,clean_schema_mismatch,1,L21H12,1.2775157232704402,True,True
codecontests_java_252,clean_schema_mismatch,2,MLP27,1.3555424528301887,True,True
codecontests_java_252,clean_no_protocol,1,L21H12,1.9685534591194969,False,False
codecontests_java_252,clean_no_protocol,2,MLP27,2.5151336477987423,True,True
apps_python_253,clean_no_schema,1,L21H12,0.5406698564593302,False,False
apps_python_253,clean_no_schema,2,MLP27,0.6435406698564593,False,False
apps_python_253,clean_schema_mismatch,1,L21H12,1.5813397129186604,False,False
apps_python_253,clean_schema_mismatch,2,MLP27,1.9677033492822966,False,True
apps_python_253,clean_no_protocol,1,L21H12,2.7942583732057416,False,False
apps_python_253,clean_no_protocol,2,MLP27,4.440191387559809,False,False
codecontests_cpp_253,clean_no_schema,1,L21H12,1.0095419847328244,False,False
codecontests_cpp_253,clean_no_schema,2,MLP27,1.256679389312977,False,False
codecontests_cpp_253,clean_schema_mismatch,1,L21H12,1.6374045801526718,False,False
codecontests_cpp_253,clean_schema_mismatch,2,MLP27,2.0935114503816794,False,True
codecontests_cpp_253,clean_no_protocol,1,L21H12,1.5648854961832062,False,False
codecontests_cpp_253,clean_no_protocol,2,MLP27,2.564885496183206,False,False
codecontests_java_253,clean_no_schema,1,L21H12,0.25,True,True
codecontests_java_253,clean_no_schema,2,MLP27,0.2834280303030303,True,True
codecontests_java_253,clean_schema_mismatch,1,L21H12,0.49772727272727274,True,True
codecontests_java_253,clean_schema_mismatch,2,MLP27,0.5585227272727272,True,True
codecontests_java_253,clean_no_protocol,1,L21H12,0.8909090909090909,False,False
codecontests_java_253,clean_no_protocol,2,MLP27,1.2425189393939393,True,True
apps_python_254,clean_no_schema,1,L21H12,0.5444444444444444,False,False
apps_python_254,clean_no_schema,2,MLP27,0.6078703703703704,False,False
apps_python_254,clean_schema_mismatch,1,L21H12,0.549074074074074,False,False
apps_python_254,clean_schema_mismatch,2,MLP27,0.7127893518518519,True,True
apps_python_254,clean_no_protocol,1,L21H12,1.0037037037037038,False,False
apps_python_254,clean_no_protocol,2,MLP27,1.4416666666666667,False,False
codecontests_cpp_254,clean_no_schema,1,L21H12,0.2504370629370629,True,True
codecontests_cpp_254,clean_no_schema,2,MLP27,0.26248361013986016,True,True
codecontests_cpp_254,clean_schema_mismatch,1,L21H12,2.0913461538461537,True,True
codecontests_cpp_254,clean_schema_mismatch,2,MLP27,2.14881993006993,True,True
codecontests_cpp_254,clean_no_protocol,1,L21H12,2.265734265734266,False,False
codecontests_cpp_254,clean_no_protocol,2,MLP27,2.737325174825175,True,True
codecontests_java_254,clean_no_schema,1,L21H12,0.420236013986014,True,True
codecontests_java_254,clean_no_schema,2,MLP27,0.4624125874125874,True,True
codecontests_java_254,clean_schema_mismatch,1,L21H12,0.6566870629370629,True,True
codecontests_java_254,clean_schema_mismatch,2,MLP27,0.690081402972028,True,True
codecontests_java_254,clean_no_protocol,1,L21H12,1.0017482517482517,False,False
codecontests_java_254,clean_no_protocol,2,MLP27,1.2818509615384615,True,True
apps_python_255,clean_no_schema,1,L21H12,0.9693877551020408,False,False
apps_python_255,clean_no_schema,2,MLP27,1.1360544217687074,False,False
apps_python_255,clean_schema_mismatch,1,L21H12,1.619047619047619,False,False
apps_python_255,clean_schema_mismatch,2,MLP27,2.5,False,True
apps_python_255,clean_no_protocol,1,L21H12,1.965986394557823,False,False
apps_python_255,clean_no_protocol,2,MLP27,2.9489795918367347,False,False
codecontests_cpp_255,clean_no_schema,1,L21H12,0.2904624277456647,False,False
codecontests_cpp_255,clean_no_schema,2,MLP27,0.4393063583815029,False,True
codecontests_cpp_255,clean_schema_mismatch,1,L21H12,0.930635838150289,False,False
codecontests_cpp_255,clean_schema_mismatch,2,MLP27,1.2648121387283238,False,True
codecontests_cpp_255,clean_no_protocol,1,L21H12,1.115606936416185,False,False
codecontests_cpp_255,clean_no_protocol,2,MLP27,1.8150289017341041,False,False
codecontests_java_255,clean_no_schema,1,L21H12,1.033811475409836,False,False
codecontests_java_255,clean_no_schema,2,MLP27,1.1337090163934427,True,True
codecontests_java_255,clean_schema_mismatch,1,L21H12,1.4344262295081966,False,False
codecontests_java_255,clean_schema_mismatch,2,MLP27,1.6253842213114753,True,True
codecontests_java_255,clean_no_protocol,1,L21H12,1.6926229508196722,False,False
codecontests_java_255,clean_no_protocol,2,MLP27,2.252049180327869,True,True
apps_python_256,clean_no_schema,1,L21H12,0.035179640718562874,True,True
apps_python_256,clean_no_schema,2,MLP27,0.0016841317365269462,True,True
apps_python_256,clean_schema_mismatch,1,L21H12,0.2986526946107784,True,True
apps_python_256,clean_schema_mismatch,2,MLP27,0.3577376497005988,True,True
apps_python_256,clean_no_protocol,1,L21H12,2.3323353293413174,False,False
apps_python_256,clean_no_protocol,2,MLP27,2.7619760479041915,False,False
codecontests_cpp_256,clean_no_schema,1,L21H12,0.8686131386861314,True,True
codecontests_cpp_256,clean_no_schema,2,MLP27,0.994867700729927,True,True
codecontests_cpp_256,clean_schema_mismatch,1,L21H12,1.104014598540146,False,False
codecontests_cpp_256,clean_schema_mismatch,2,MLP27,1.3781934306569343,True,True
codecontests_cpp_256,clean_no_protocol,1,L21H12,3.781021897810219,False,False
codecontests_cpp_256,clean_no_protocol,2,MLP27,6.12043795620438,True,True
codecontests_java_256,clean_no_schema,1,L21H12,0.48274101307189543,True,True
codecontests_java_256,clean_no_schema,2,MLP27,0.4953342013888889,True,True
codecontests_java_256,clean_schema_mismatch,1,L21H12,0.9967320261437909,True,True
codecontests_java_256,clean_schema_mismatch,2,MLP27,1.0060763888888888,True,True
codecontests_java_256,clean_no_protocol,1,L21H12,1.2467320261437909,False,False
codecontests_java_256,clean_no_protocol,2,MLP27,1.5885416666666667,True,True
apps_python_257,clean_no_schema,1,L21H12,0.536504424778761,False,False
apps_python_257,clean_no_schema,2,MLP27,0.6565265486725663,False,False
apps_python_257,clean_schema_mismatch,1,L21H12,0.7123893805309734,False,False
apps_python_257,clean_schema_mismatch,2,MLP27,1.1841814159292035,False,False
apps_python_257,clean_no_protocol,1,L21H12,0.7876106194690266,False,False
apps_python_257,clean_no_protocol,2,MLP27,1.636061946902655,False,False
codecontests_cpp_257,clean_no_schema,1,L21H12,0.7182765151515151,True,True
codecontests_cpp_257,clean_no_schema,2,MLP27,0.7826704545454546,True,True
codecontests_cpp_257,clean_schema_mismatch,1,L21H12,1.1695075757575757,False,False
codecontests_cpp_257,clean_schema_mismatch,2,MLP27,1.3712713068181819,True,True
codecontests_cpp_257,clean_no_protocol,1,L21H12,2.4545454545454546,False,False
codecontests_cpp_257,clean_no_protocol,2,MLP27,3.546401515151515,True,True
codecontests_java_257,clean_no_schema,1,L21H12,0.6184640522875817,False,False
codecontests_java_257,clean_no_schema,2,MLP27,0.7749183006535948,True,True
codecontests_java_257,clean_schema_mismatch,1,L21H12,0.4513888888888889,False,False
codecontests_java_257,clean_schema_mismatch,2,MLP27,0.5240374795751634,True,True
codecontests_java_257,clean_no_protocol,1,L21H12,1.0686274509803921,False,False
codecontests_java_257,clean_no_protocol,2,MLP27,1.7769607843137254,False,False
apps_python_258,clean_no_schema,1,L21H12,0.04507643884892086,True,True
apps_python_258,clean_no_schema,2,MLP27,0.018884892086330936,True,True
apps_python_258,clean_schema_mismatch,1,L21H12,0.36151079136690645,False,False
apps_python_258,clean_schema_mismatch,2,MLP27,0.49280575539568344,True,True
apps_python_258,clean_no_protocol,1,L21H12,1.79136690647482,False,False
apps_python_258,clean_no_protocol,2,MLP27,2.431654676258993,False,False
codecontests_cpp_258,clean_no_schema,1,L21H12,1.1646341463414633,False,False
codecontests_cpp_258,clean_no_schema,2,MLP27,1.5193089430894309,False,False
codecontests_cpp_258,clean_schema_mismatch,1,L21H12,1.7682926829268293,False,False
codecontests_cpp_258,clean_schema_mismatch,2,MLP27,2.466971544715447,True,True
codecontests_cpp_258,clean_no_protocol,1,L21H12,2.032520325203252,False,False
codecontests_cpp_258,clean_no_protocol,2,MLP27,3.758130081300813,False,False
codecontests_java_258,clean_no_schema,1,L21H12,0.885472972972973,False,False
codecontests_java_258,clean_no_schema,2,MLP27,0.9550253378378378,True,True
codecontests_java_258,clean_schema_mismatch,1,L21H12,0.15880489864864866,True,True
codecontests_java_258,clean_schema_mismatch,2,MLP27,0.16195233319256758,True,True
codecontests_java_258,clean_no_protocol,1,L21H12,0.8540540540540541,False,False
codecontests_java_258,clean_no_protocol,2,MLP27,0.9759923986486486,True,True
apps_python_259,clean_no_schema,1,L21H12,0.15212264150943397,False,True
apps_python_259,clean_no_schema,2,MLP27,0.1214622641509434,False,True
apps_python_259,clean_schema_mismatch,1,L21H12,0.7629716981132075,False,False
apps_python_259,clean_schema_mismatch,2,MLP27,1.007370283018868,True,True
apps_python_259,clean_no_protocol,1,L21H12,1.7358490566037736,False,False
apps_python_259,clean_no_protocol,2,MLP27,2.6650943396226414,False,False
codecontests_cpp_259,clean_no_schema,1,L21H12,0.24800796812749004,False,False
codecontests_cpp_259,clean_no_schema,2,MLP27,0.3690239043824701,True,True
codecontests_cpp_259,clean_schema_mismatch,1,L21H12,0.5637450199203188,False,False
codecontests_cpp_259,clean_schema_mismatch,2,MLP27,0.6974601593625498,True,True
codecontests_cpp_259,clean_no_protocol,1,L21H12,0.7091633466135459,False,False
codecontests_cpp_259,clean_no_protocol,2,MLP27,1.168824701195219,True,True
codecontests_java_259,clean_no_schema,1,L21H12,0.9496268656716418,False,False
codecontests_java_259,clean_no_schema,2,MLP27,1.087919776119403,True,True
codecontests_java_259,clean_schema_mismatch,1,L21H12,0.341806592039801,True,True
codecontests_java_259,clean_schema_mismatch,2,MLP27,0.35231557058457713,True,True
codecontests_java_259,clean_no_protocol,1,L21H12,0.763681592039801,False,False
codecontests_java_259,clean_no_protocol,2,MLP27,0.9306980721393034,True,True
apps_python_260,clean_no_schema,1,L21H12,0.34675925925925927,True,True
apps_python_260,clean_no_schema,2,MLP27,0.29444444444444445,False,False
apps_python_260,clean_schema_mismatch,1,L21H12,1.511111111111111,False,False
apps_python_260,clean_schema_mismatch,2,MLP27,1.942939814814815,True,True
apps_python_260,clean_no_protocol,1,L21H12,1.674074074074074,False,False
apps_python_260,clean_no_protocol,2,MLP27,2.5546296296296296,False,False
codecontests_java_260,clean_no_schema,1,L21H12,0.018279599471830985,True,True
codecontests_java_260,clean_no_schema,2,MLP27,0.02015019806338028,True,True
codecontests_java_260,clean_schema_mismatch,1,L21H12,0.5404929577464789,True,True
codecontests_java_260,clean_schema_mismatch,2,MLP27,0.597931338028169,True,True
codecontests_java_260,clean_no_protocol,1,L21H12,0.8908450704225352,False,False
codecontests_java_260,clean_no_protocol,2,MLP27,1.4091109154929577,True,True
apps_python_261,clean_no_schema,1,L21H12,0.21451965065502182,False,False
apps_python_261,clean_no_schema,2,MLP27,0.11790393013100436,False,False
apps_python_261,clean_schema_mismatch,1,L21H12,0.4596069868995633,False,False
apps_python_261,clean_schema_mismatch,2,MLP27,0.6547489082969432,True,True
apps_python_261,clean_no_protocol,1,L21H12,1.4672489082969433,False,False
apps_python_261,clean_no_protocol,2,MLP27,2.1877729257641922,False,False
codecontests_cpp_261,clean_no_schema,1,L21H12,0.4237588652482269,True,True
codecontests_cpp_261,clean_no_schema,2,MLP27,0.45113031914893614,True,True
codecontests_cpp_261,clean_schema_mismatch,1,L21H12,1.2171985815602837,False,False
codecontests_cpp_261,clean_schema_mismatch,2,MLP27,1.3581006205673758,True,True
codecontests_cpp_261,clean_no_protocol,1,L21H12,1.9432624113475176,False,False
codecontests_cpp_261,clean_no_protocol,2,MLP27,2.9414893617021276,True,True
codecontests_java_261,clean_no_schema,1,L21H12,0.5697368421052632,False,False
codecontests_java_261,clean_no_schema,2,MLP27,0.7513157894736842,True,True
codecontests_java_261,clean_schema_mismatch,1,L21H12,0.190625,True,True
codecontests_java_261,clean_schema_mismatch,2,MLP27,0.20205592105263157,True,True
codecontests_java_261,clean_no_protocol,1,L21H12,2.026315789473684,False,False
codecontests_java_261,clean_no_protocol,2,MLP27,3.067105263157895,True,False
apps_python_262,clean_no_schema,1,L21H12,0.7398648648648649,False,False
apps_python_262,clean_no_schema,2,MLP27,0.7027027027027027,False,False
apps_python_262,clean_schema_mismatch,1,L21H12,1.722972972972973,False,False
apps_python_262,clean_schema_mismatch,2,MLP27,2.38597972972973,False,False
apps_python_262,clean_no_protocol,1,L21H12,1.8243243243243243,False,False
apps_python_262,clean_no_protocol,2,MLP27,2.560810810810811,False,False
codecontests_cpp_262,clean_no_schema,1,L21H12,0.2748493975903614,True,True
codecontests_cpp_262,clean_no_schema,2,MLP27,0.29668674698795183,True,True
codecontests_cpp_262,clean_schema_mismatch,1,L21H12,1.7906626506024097,True,True
codecontests_cpp_262,clean_schema_mismatch,2,MLP27,1.9819277108433735,True,True
codecontests_cpp_262,clean_no_protocol,1,L21H12,3.608433734939759,False,False
codecontests_cpp_262,clean_no_protocol,2,MLP27,4.754518072289157,True,False
codecontests_java_262,clean_no_schema,1,L21H12,0.8621212121212121,True,True
codecontests_java_262,clean_no_schema,2,MLP27,0.9001893939393939,True,True
codecontests_java_262,clean_schema_mismatch,1,L21H12,1.3375,True,True
codecontests_java_262,clean_schema_mismatch,2,MLP27,1.4168619791666666,True,True
codecontests_java_262,clean_no_protocol,1,L21H12,2.3212121212121213,False,False
codecontests_java_262,clean_no_protocol,2,MLP27,2.959090909090909,False,False
apps_python_263,clean_no_schema,1,L21H12,0.35813492063492064,False,False
apps_python_263,clean_no_schema,2,MLP27,0.3055555555555556,False,False
apps_python_263,clean_schema_mismatch,1,L21H12,0.6884920634920635,False,False
apps_python_263,clean_schema_mismatch,2,MLP27,0.8453621031746031,True,True
apps_python_263,clean_no_protocol,1,L21H12,1.1746031746031746,False,False
apps_python_263,clean_no_protocol,2,MLP27,1.8492063492063493,False,False
codecontests_cpp_263,clean_no_schema,1,L21H12,0.8305084745762712,False,False
codecontests_cpp_263,clean_no_schema,2,MLP27,1.115819209039548,False,False
codecontests_cpp_263,clean_schema_mismatch,1,L21H12,1.6271186440677967,False,False
codecontests_cpp_263,clean_schema_mismatch,2,MLP27,2.1532485875706215,False,True
codecontests_cpp_263,clean_no_protocol,1,L21H12,1.6836158192090396,False,False
codecontests_cpp_263,clean_no_protocol,2,MLP27,3.1186440677966103,False,False
codecontests_java_263,clean_no_schema,1,L21H12,0.7667100694444444,True,True
codecontests_java_263,clean_no_schema,2,MLP27,0.8099500868055556,True,True
codecontests_java_263,clean_schema_mismatch,1,L21H12,0.5530598958333334,True,True
codecontests_java_263,clean_schema_mismatch,2,MLP27,0.5585191514756944,True,True
codecontests_java_263,clean_no_protocol,1,L21H12,0.8342013888888888,False,False
codecontests_java_263,clean_no_protocol,2,MLP27,1.0299207899305556,True,True
codecontests_cpp_264,clean_no_schema,1,L21H12,0.5182119205298014,False,False
codecontests_cpp_264,clean_no_schema,2,MLP27,0.6759105960264901,True,True
codecontests_cpp_264,clean_schema_mismatch,1,L21H12,0.9486754966887417,False,False
codecontests_cpp_264,clean_schema_mismatch,2,MLP27,1.2309602649006623,True,True
codecontests_cpp_264,clean_no_protocol,1,L21H12,1.1986754966887416,False,False
codecontests_cpp_264,clean_no_protocol,2,MLP27,1.9155629139072847,False,False
codecontests_java_264,clean_no_schema,1,L21H12,0.5853080568720379,False,False
codecontests_java_264,clean_no_schema,2,MLP27,0.6496963862559242,True,True
codecontests_java_264,clean_schema_mismatch,1,L21H12,0.07705124407582939,True,True
codecontests_java_264,clean_schema_mismatch,2,MLP27,0.07869716843157583,True,True
codecontests_java_264,clean_no_protocol,1,L21H12,0.7790284360189573,False,False
codecontests_java_264,clean_no_protocol,2,MLP27,0.9089899289099526,True,True
apps_python_265,clean_no_schema,1,L21H12,0.5161290322580645,False,False
apps_python_265,clean_no_schema,2,MLP27,0.5599078341013825,False,False
apps_python_265,clean_schema_mismatch,1,L21H12,0.6566820276497696,False,False
apps_python_265,clean_schema_mismatch,2,MLP27,0.9315416186635944,True,True
apps_python_265,clean_no_protocol,1,L21H12,2.0276497695852536,False,False
apps_python_265,clean_no_protocol,2,MLP27,3.4055299539170507,False,False
codecontests_cpp_265,clean_no_schema,1,L21H12,1.7875874125874125,True,True
codecontests_cpp_265,clean_no_schema,2,MLP27,1.9064685314685315,True,True
codecontests_cpp_265,clean_schema_mismatch,1,L21H12,2.450174825174825,True,True
codecontests_cpp_265,clean_schema_mismatch,2,MLP27,2.5609702797202796,True,True
codecontests_cpp_265,clean_no_protocol,1,L21H12,5.034965034965035,False,False
codecontests_cpp_265,clean_no_protocol,2,MLP27,7.340034965034965,True,True
codecontests_java_265,clean_no_schema,1,L21H12,0.5128472222222222,True,True
codecontests_java_265,clean_no_schema,2,MLP27,0.5543402777777777,True,True
codecontests_java_265,clean_schema_mismatch,1,L21H12,0.14505208333333333,True,True
codecontests_java_265,clean_schema_mismatch,2,MLP27,0.16241319444444444,True,True
codecontests_java_265,clean_no_protocol,1,L21H12,2.3555555555555556,False,False
codecontests_java_265,clean_no_protocol,2,MLP27,3.6788194444444446,True,True
apps_python_266,clean_no_schema,1,L21H12,0.08265532544378698,True,True
apps_python_266,clean_no_schema,2,MLP27,0.0915310650887574,True,True
apps_python_266,clean_schema_mismatch,1,L21H12,0.3783284023668639,True,True
apps_python_266,clean_schema_mismatch,2,MLP27,0.4232387204142012,True,True
apps_python_266,clean_no_protocol,1,L21H12,1.4437869822485208,False,False
apps_python_266,clean_no_protocol,2,MLP27,2.184171597633136,True,True
codecontests_java_266,clean_no_schema,1,L21H12,0.5722305389221557,True,True
codecontests_java_266,clean_no_schema,2,MLP27,0.6431511976047904,True,True
codecontests_java_266,clean_schema_mismatch,1,L21H12,0.4195359281437126,True,True
codecontests_java_266,clean_schema_mismatch,2,MLP27,0.4664811002994012,True,True
codecontests_java_266,clean_no_protocol,1,L21H12,1.9940119760479043,False,False
codecontests_java_266,clean_no_protocol,2,MLP27,3.0,True,True
apps_python_267,clean_no_schema,1,L21H12,0.21350806451612903,True,True
apps_python_267,clean_no_schema,2,MLP27,0.19294354838709676,False,True
apps_python_267,clean_schema_mismatch,1,L21H12,0.1810483870967742,True,True
apps_python_267,clean_schema_mismatch,2,MLP27,0.2130670362903226,True,True
apps_python_267,clean_no_protocol,1,L21H12,2.367741935483871,False,False
apps_python_267,clean_no_protocol,2,MLP27,3.338709677419355,False,False
codecontests_java_267,clean_no_schema,1,L21H12,0.32462121212121214,True,True
codecontests_java_267,clean_no_schema,2,MLP27,0.34356060606060607,True,True
codecontests_java_267,clean_schema_mismatch,1,L21H12,2.3075757575757576,True,True
codecontests_java_267,clean_schema_mismatch,2,MLP27,2.433333333333333,True,True
codecontests_java_267,clean_no_protocol,1,L21H12,4.454545454545454,False,False
codecontests_java_267,clean_no_protocol,2,MLP27,5.791666666666667,True,True
apps_python_268,clean_no_schema,1,L21H12,0.5251677852348994,False,False
apps_python_268,clean_no_schema,2,MLP27,0.5570469798657718,False,False
apps_python_268,clean_schema_mismatch,1,L21H12,0.6090604026845637,False,False
apps_python_268,clean_schema_mismatch,2,MLP27,0.7839765100671141,True,True
apps_python_268,clean_no_protocol,1,L21H12,1.1845637583892616,False,False
apps_python_268,clean_no_protocol,2,MLP27,1.7634228187919463,False,False
codecontests_cpp_268,clean_no_schema,1,L21H12,0.4899193548387097,False,True
codecontests_cpp_268,clean_no_schema,2,MLP27,0.5529233870967742,True,True
codecontests_cpp_268,clean_schema_mismatch,1,L21H12,1.4879032258064515,False,False
codecontests_cpp_268,clean_schema_mismatch,2,MLP27,1.8361895161290323,True,True
codecontests_cpp_268,clean_no_protocol,1,L21H12,1.125,False,False
codecontests_cpp_268,clean_no_protocol,2,MLP27,1.8147681451612903,True,True
codecontests_java_268,clean_no_schema,1,L21H12,0.2698744769874477,True,True
codecontests_java_268,clean_no_schema,2,MLP27,0.3181223849372385,True,True
codecontests_java_268,clean_schema_mismatch,1,L21H12,0.5434100418410042,True,True
codecontests_java_268,clean_schema_mismatch,2,MLP27,0.5840415794979079,True,True
codecontests_java_268,clean_no_protocol,1,L21H12,0.8179916317991632,False,False
codecontests_java_268,clean_no_protocol,2,MLP27,1.1877615062761506,True,True
apps_python_270,clean_no_schema,1,L21H12,0.06303510273972603,True,True
apps_python_270,clean_no_schema,2,MLP27,0.022688356164383562,False,True
apps_python_270,clean_schema_mismatch,1,L21H12,0.7174657534246576,False,False
apps_python_270,clean_schema_mismatch,2,MLP27,0.916095890410959,False,True
apps_python_270,clean_no_protocol,1,L21H12,1.7054794520547945,False,False
apps_python_270,clean_no_protocol,2,MLP27,2.3236301369863015,False,False
codecontests_java_270,clean_no_schema,1,L21H12,1.8077777777777777,False,False
codecontests_java_270,clean_no_schema,2,MLP27,1.8522222222222222,False,False
codecontests_java_270,clean_schema_mismatch,1,L21H12,2.588888888888889,False,False
codecontests_java_270,clean_schema_mismatch,2,MLP27,2.7022222222222223,True,True
codecontests_java_270,clean_no_protocol,1,L21H12,3.048888888888889,False,False
codecontests_java_270,clean_no_protocol,2,MLP27,4.706666666666667,True,True
codecontests_java_271,clean_no_schema,1,L21H12,0.8863636363636364,False,False
codecontests_java_271,clean_no_schema,2,MLP27,0.9813311688311688,False,False
codecontests_java_271,clean_schema_mismatch,1,L21H12,1.0738636363636365,False,False
codecontests_java_271,clean_schema_mismatch,2,MLP27,1.1485389610389611,True,True
codecontests_java_271,clean_no_protocol,1,L21H12,1.0178571428571428,False,False
codecontests_java_271,clean_no_protocol,2,MLP27,1.3198051948051948,False,True
mbpp_python_271,clean_no_schema,1,L21H12,0.37652439024390244,True,True
mbpp_python_271,clean_no_schema,2,MLP27,0.36890243902439024,True,True
mbpp_python_271,clean_schema_mismatch,1,L21H12,1.4420731707317074,False,False
mbpp_python_271,clean_schema_mismatch,2,MLP27,1.6802591463414633,True,True
mbpp_python_271,clean_no_protocol,1,L21H12,1.9939024390243902,False,False
mbpp_python_271,clean_no_protocol,2,MLP27,2.7042682926829267,False,False
apps_python_272,clean_no_schema,1,L21H12,0.729957805907173,False,False
apps_python_272,clean_no_schema,2,MLP27,0.8154008438818565,False,False
apps_python_272,clean_schema_mismatch,1,L21H12,0.20965189873417722,True,True
apps_python_272,clean_schema_mismatch,2,MLP27,0.2611418776371308,True,True
apps_python_272,clean_no_protocol,1,L21H12,2.49789029535865,False,False
apps_python_272,clean_no_protocol,2,MLP27,3.518987341772152,False,False
codecontests_cpp_272,clean_no_schema,1,L21H12,1.0476190476190477,False,False
codecontests_cpp_272,clean_no_schema,2,MLP27,1.405844155844156,False,False
codecontests_cpp_272,clean_schema_mismatch,1,L21H12,1.4372294372294372,False,False
codecontests_cpp_272,clean_schema_mismatch,2,MLP27,2.2196969696969697,False,False
codecontests_cpp_272,clean_no_protocol,1,L21H12,1.7662337662337662,False,False
codecontests_cpp_272,clean_no_protocol,2,MLP27,3.346320346320346,False,False
codecontests_java_272,clean_no_schema,1,L21H12,0.9334016393442623,True,True
codecontests_java_272,clean_no_schema,2,MLP27,0.9817921789617486,True,True
codecontests_java_272,clean_schema_mismatch,1,L21H12,1.25,False,False
codecontests_java_272,clean_schema_mismatch,2,MLP27,1.4188972848360655,True,True
codecontests_java_272,clean_no_protocol,1,L21H12,1.1311475409836065,False,False
codecontests_java_272,clean_no_protocol,2,MLP27,1.638148907103825,True,True
apps_python_273,clean_no_schema,1,L21H12,0.5413669064748201,False,True
apps_python_273,clean_no_schema,2,MLP27,0.5445143884892086,False,True
apps_python_273,clean_schema_mismatch,1,L21H12,0.48606115107913667,True,True
apps_python_273,clean_schema_mismatch,2,MLP27,0.4970773381294964,True,True
apps_python_273,clean_no_protocol,1,L21H12,2.179856115107914,False,False
apps_python_273,clean_no_protocol,2,MLP27,2.9244604316546763,False,False
codecontests_java_273,clean_no_schema,1,L21H12,2.126659292035398,True,True
codecontests_java_273,clean_no_schema,2,MLP27,2.197179203539823,True,True
codecontests_java_273,clean_schema_mismatch,1,L21H12,0.7703263274336283,True,True
codecontests_java_273,clean_schema_mismatch,2,MLP27,0.7713633849557522,True,True
codecontests_java_273,clean_no_protocol,1,L21H12,4.380530973451328,True,True
codecontests_java_273,clean_no_protocol,2,MLP27,4.911988384955753,True,True
mbpp_python_273,clean_no_schema,1,L21H12,1.1823899371069182,False,False
mbpp_python_273,clean_no_schema,2,MLP27,1.2830188679245282,False,False
mbpp_python_273,clean_schema_mismatch,1,L21H12,1.7735849056603774,False,False
mbpp_python_273,clean_schema_mismatch,2,MLP27,2.8529874213836477,False,True
mbpp_python_273,clean_no_protocol,1,L21H12,3.4213836477987423,False,False
mbpp_python_273,clean_no_protocol,2,MLP27,4.484276729559748,False,False
apps_python_274,clean_no_schema,1,L21H12,0.03691275167785235,True,True
apps_python_274,clean_no_schema,2,MLP27,0.05725671140939597,True,True
apps_python_274,clean_schema_mismatch,1,L21H12,0.5008389261744967,False,False
apps_python_274,clean_schema_mismatch,2,MLP27,0.691432466442953,True,True
apps_python_274,clean_no_protocol,1,L21H12,1.1476510067114094,False,False
apps_python_274,clean_no_protocol,2,MLP27,1.8590604026845639,False,True
codecontests_cpp_274,clean_no_schema,1,L21H12,0.6605329949238579,True,True
codecontests_cpp_274,clean_no_schema,2,MLP27,0.7753807106598984,True,True
codecontests_cpp_274,clean_schema_mismatch,1,L21H12,0.8026649746192893,True,True
codecontests_cpp_274,clean_schema_mismatch,2,MLP27,0.8734137055837563,True,True
codecontests_cpp_274,clean_no_protocol,1,L21H12,2.487309644670051,False,False
codecontests_cpp_274,clean_no_protocol,2,MLP27,3.4498730964467006,True,True
codecontests_java_274,clean_no_schema,1,L21H12,0.8506224066390041,False,False
codecontests_java_274,clean_no_schema,2,MLP27,0.9515041493775933,True,True
codecontests_java_274,clean_schema_mismatch,1,L21H12,0.4992219917012448,True,True
codecontests_java_274,clean_schema_mismatch,2,MLP27,0.5205523858921162,True,True
codecontests_java_274,clean_no_protocol,1,L21H12,1.4481327800829875,False,False
codecontests_java_274,clean_no_protocol,2,MLP27,2.029045643153527,False,True
apps_python_275,clean_no_schema,1,L21H12,1.032934131736527,False,False
apps_python_275,clean_no_schema,2,MLP27,1.1152694610778444,True,True
apps_python_275,clean_schema_mismatch,1,L21H12,1.6758982035928143,False,False
apps_python_275,clean_schema_mismatch,2,MLP27,1.8262069610778444,True,True
apps_python_275,clean_no_protocol,1,L21H12,1.3982035928143712,False,False
apps_python_275,clean_no_protocol,2,MLP27,1.78312125748503,True,True
codecontests_java_275,clean_no_schema,1,L21H12,0.7919871794871794,True,True
codecontests_java_275,clean_no_schema,2,MLP27,0.8092948717948718,True,True
codecontests_java_275,clean_schema_mismatch,1,L21H12,1.9474358974358974,True,True
codecontests_java_275,clean_schema_mismatch,2,MLP27,2.0622596153846153,True,True
codecontests_java_275,clean_no_protocol,1,L21H12,3.0358974358974358,False,False
codecontests_java_275,clean_no_protocol,2,MLP27,4.32051282051282,True,True
codecontests_cpp_276,clean_no_schema,1,L21H12,0.17357142857142857,True,True
codecontests_cpp_276,clean_no_schema,2,MLP27,0.2175892857142857,True,True
codecontests_cpp_276,clean_schema_mismatch,1,L21H12,1.0771428571428572,False,False
codecontests_cpp_276,clean_schema_mismatch,2,MLP27,1.2966071428571428,True,True
codecontests_cpp_276,clean_no_protocol,1,L21H12,0.9942857142857143,False,False
codecontests_cpp_276,clean_no_protocol,2,MLP27,1.8146428571428572,True,True
codecontests_java_276,clean_no_schema,1,L21H12,0.7147129186602871,False,True
codecontests_java_276,clean_no_schema,2,MLP27,0.8008373205741627,True,True
codecontests_java_276,clean_schema_mismatch,1,L21H12,0.5162978468899522,True,True
codecontests_java_276,clean_schema_mismatch,2,MLP27,0.539146605861244,True,True
codecontests_java_276,clean_no_protocol,1,L21H12,1.124401913875598,False,True
codecontests_java_276,clean_no_protocol,2,MLP27,1.4619467703349283,True,True
mbpp_python_276,clean_no_schema,1,L21H12,0.1476658950617284,True,True
mbpp_python_276,clean_no_schema,2,MLP27,0.11766975308641975,True,True
mbpp_python_276,clean_schema_mismatch,1,L21H12,1.216820987654321,False,True
mbpp_python_276,clean_schema_mismatch,2,MLP27,1.321855709876543,True,True
mbpp_python_276,clean_no_protocol,1,L21H12,2.2839506172839505,False,False
mbpp_python_276,clean_no_protocol,2,MLP27,3.080246913580247,False,False
apps_python_277,clean_no_schema,1,L21H12,1.2335766423357664,False,False
apps_python_277,clean_no_schema,2,MLP27,1.3923357664233578,False,False
apps_python_277,clean_schema_mismatch,1,L21H12,1.5802919708029197,False,False
apps_python_277,clean_schema_mismatch,2,MLP27,2.116788321167883,True,True
apps_python_277,clean_no_protocol,1,L21H12,1.4014598540145986,False,False
apps_python_277,clean_no_protocol,2,MLP27,2.164233576642336,False,False
codecontests_cpp_277,clean_no_schema,1,L21H12,1.2854077253218885,False,False
codecontests_cpp_277,clean_no_schema,2,MLP27,1.446351931330472,False,False
codecontests_cpp_277,clean_schema_mismatch,1,L21H12,1.9270386266094421,False,False
codecontests_cpp_277,clean_schema_mismatch,2,MLP27,2.778969957081545,False,False
codecontests_cpp_277,clean_no_protocol,1,L21H12,2.128755364806867,False,False
codecontests_cpp_277,clean_no_protocol,2,MLP27,3.532188841201717,False,False
codecontests_java_277,clean_no_schema,1,L21H12,0.36939102564102566,False,False
codecontests_java_277,clean_no_schema,2,MLP27,0.4567307692307692,False,False
codecontests_java_277,clean_schema_mismatch,1,L21H12,0.6346153846153846,False,False
codecontests_java_277,clean_schema_mismatch,2,MLP27,1.0204326923076923,False,True
codecontests_java_277,clean_no_protocol,1,L21H12,0.7948717948717948,False,False
codecontests_java_277,clean_no_protocol,2,MLP27,1.5224358974358974,False,False
codecontests_java_278,clean_no_schema,1,L21H12,1.5233812949640289,True,True
codecontests_java_278,clean_no_schema,2,MLP27,1.589928057553957,True,True
codecontests_java_278,clean_schema_mismatch,1,L21H12,2.6402877697841727,False,False
codecontests_java_278,clean_schema_mismatch,2,MLP27,2.91636690647482,True,True
codecontests_java_278,clean_no_protocol,1,L21H12,2.7194244604316546,False,False
codecontests_java_278,clean_no_protocol,2,MLP27,3.868705035971223,False,True
apps_python_279,clean_no_schema,1,L21H12,0.3511318897637795,True,True
apps_python_279,clean_no_schema,2,MLP27,0.359990157480315,True,True
apps_python_279,clean_schema_mismatch,1,L21H12,0.5640994094488189,True,True
apps_python_279,clean_schema_mismatch,2,MLP27,0.5774329478346457,True,True
apps_python_279,clean_no_protocol,1,L21H12,1.2421259842519685,False,False
apps_python_279,clean_no_protocol,2,MLP27,1.5554872047244095,True,True
codecontests_cpp_279,clean_no_schema,1,L21H12,0.1532608695652174,True,True
codecontests_cpp_279,clean_no_schema,2,MLP27,0.16671195652173912,True,True
codecontests_cpp_279,clean_schema_mismatch,1,L21H12,0.9032608695652173,False,False
codecontests_cpp_279,clean_schema_mismatch,2,MLP27,1.151358695652174,True,True
codecontests_cpp_279,clean_no_protocol,1,L21H12,1.008695652173913,False,False
codecontests_cpp_279,clean_no_protocol,2,MLP27,1.5266304347826087,True,True
codecontests_java_279,clean_no_schema,1,L21H12,0.5809096534653465,True,True
codecontests_java_279,clean_no_schema,2,MLP27,0.6045115253712872,True,True
codecontests_java_279,clean_schema_mismatch,1,L21H12,0.3284730816831683,True,True
codecontests_java_279,clean_schema_mismatch,2,MLP27,0.3363883141243812,True,True
codecontests_java_279,clean_no_protocol,1,L21H12,0.6581064356435643,True,True
codecontests_java_279,clean_no_protocol,2,MLP27,0.7266833616955446,True,True
apps_python_280,clean_no_schema,1,L21H12,0.09492481203007519,False,True
apps_python_280,clean_no_schema,2,MLP27,0.1231203007518797,False,True
apps_python_280,clean_schema_mismatch,1,L21H12,0.42105263157894735,False,False
apps_python_280,clean_schema_mismatch,2,MLP27,0.731203007518797,False,True
apps_python_280,clean_no_protocol,1,L21H12,0.49624060150375937,False,False
apps_python_280,clean_no_protocol,2,MLP27,1.0855263157894737,False,True
codecontests_java_280,clean_no_schema,1,L21H12,0.03313253012048193,True,True
codecontests_java_280,clean_no_schema,2,MLP27,0.04339231927710843,True,True
codecontests_java_280,clean_schema_mismatch,1,L21H12,0.011673157473644578,True,True
codecontests_java_280,clean_schema_mismatch,2,MLP27,0.01168933546686747,True,True
codecontests_java_280,clean_no_protocol,1,L21H12,2.7650602409638556,False,False
codecontests_java_280,clean_no_protocol,2,MLP27,3.3783885542168677,True,True
apps_python_281,clean_no_schema,1,L21H12,0.4220430107526882,False,False
apps_python_281,clean_no_schema,2,MLP27,0.5672043010752689,False,True
apps_python_281,clean_schema_mismatch,1,L21H12,0.3911290322580645,False,False
apps_python_281,clean_schema_mismatch,2,MLP27,0.6328860047043011,True,True
apps_python_281,clean_no_protocol,1,L21H12,1.5806451612903225,False,False
apps_python_281,clean_no_protocol,2,MLP27,2.575268817204301,False,False
codecontests_cpp_281,clean_no_schema,1,L21H12,0.58828125,True,True
codecontests_cpp_281,clean_no_schema,2,MLP27,0.669921875,True,True
codecontests_cpp_281,clean_schema_mismatch,1,L21H12,0.588671875,True,True
codecontests_cpp_281,clean_schema_mismatch,2,MLP27,0.66357421875,True,True
codecontests_cpp_281,clean_no_protocol,1,L21H12,1.490625,False,False
codecontests_cpp_281,clean_no_protocol,2,MLP27,2.108984375,True,True
codecontests_java_281,clean_no_schema,1,L21H12,1.0199115044247788,True,True
codecontests_java_281,clean_no_schema,2,MLP27,1.0373340707964602,True,True
codecontests_java_281,clean_schema_mismatch,1,L21H12,1.5719026548672566,False,False
codecontests_java_281,clean_schema_mismatch,2,MLP27,1.716537610619469,True,True
codecontests_java_281,clean_no_protocol,1,L21H12,1.6858407079646018,False,False
codecontests_java_281,clean_no_protocol,2,MLP27,2.256637168141593,False,True
mbpp_python_281,clean_no_schema,1,L21H12,0.2027529761904762,True,True
mbpp_python_281,clean_no_schema,2,MLP27,0.10491071428571429,True,True
mbpp_python_281,clean_schema_mismatch,1,L21H12,0.8311011904761905,True,True
mbpp_python_281,clean_schema_mismatch,2,MLP27,0.9164806547619048,True,True
mbpp_python_281,clean_no_protocol,1,L21H12,3.9047619047619047,False,False
mbpp_python_281,clean_no_protocol,2,MLP27,4.988095238095238,False,False
apps_python_282,clean_no_schema,1,L21H12,0.14657079646017698,True,True
apps_python_282,clean_no_schema,2,MLP27,0.13274336283185842,True,True
apps_python_282,clean_schema_mismatch,1,L21H12,1.6393805309734513,False,False
apps_python_282,clean_schema_mismatch,2,MLP27,1.9247096238938053,True,True
apps_python_282,clean_no_protocol,1,L21H12,2.1415929203539825,False,False
apps_python_282,clean_no_protocol,2,MLP27,3.015486725663717,False,False
codecontests_java_282,clean_no_schema,1,L21H12,0.175,True,True
codecontests_java_282,clean_no_schema,2,MLP27,0.19116586538461539,True,True
codecontests_java_282,clean_schema_mismatch,1,L21H12,0.1664362980769231,True,True
codecontests_java_282,clean_schema_mismatch,2,MLP27,0.17332106370192307,True,True
codecontests_java_282,clean_no_protocol,1,L21H12,1.1692307692307693,False,False
codecontests_java_282,clean_no_protocol,2,MLP27,1.8158653846153847,True,True
apps_python_283,clean_no_schema,1,L21H12,0.3674698795180723,False,False
apps_python_283,clean_no_schema,2,MLP27,0.38604417670682734,False,True
apps_python_283,clean_schema_mismatch,1,L21H12,0.6144578313253012,False,False
apps_python_283,clean_schema_mismatch,2,MLP27,0.7314884538152611,True,True
apps_python_283,clean_no_protocol,1,L21H12,0.678714859437751,False,False
apps_python_283,clean_no_protocol,2,MLP27,1.0170682730923695,False,True
codecontests_cpp_283,clean_no_schema,1,L21H12,0.7220812182741116,False,False
codecontests_cpp_283,clean_no_schema,2,MLP27,0.8477157360406091,False,True
codecontests_cpp_283,clean_schema_mismatch,1,L21H12,1.4416243654822336,False,False
codecontests_cpp_283,clean_schema_mismatch,2,MLP27,1.7833121827411167,True,True
codecontests_cpp_283,clean_no_protocol,1,L21H12,1.6243654822335025,False,False
codecontests_cpp_283,clean_no_protocol,2,MLP27,2.5666243654822334,False,True
codecontests_java_283,clean_no_schema,1,L21H12,0.20503048780487804,True,True
codecontests_java_283,clean_no_schema,2,MLP27,0.23999618902439024,True,True
codecontests_java_283,clean_schema_mismatch,1,L21H12,0.5059070121951219,True,True
codecontests_java_283,clean_schema_mismatch,2,MLP27,0.5450886051829268,True,True
codecontests_java_283,clean_no_protocol,1,L21H12,0.7957317073170732,False,False
codecontests_java_283,clean_no_protocol,2,MLP27,1.2056021341463414,True,True
apps_python_284,clean_no_schema,1,L21H12,0.6238317757009346,False,False
apps_python_284,clean_no_schema,2,MLP27,0.8177570093457944,False,False
apps_python_284,clean_schema_mismatch,1,L21H12,0.45794392523364486,False,False
apps_python_284,clean_schema_mismatch,2,MLP27,0.6815858644859814,True,True
apps_python_284,clean_no_protocol,1,L21H12,1.4439252336448598,False,False
apps_python_284,clean_no_protocol,2,MLP27,2.1401869158878504,False,False
codecontests_cpp_284,clean_no_schema,1,L21H12,0.40217391304347827,True,True
codecontests_cpp_284,clean_no_schema,2,MLP27,0.45997509057971014,True,True
codecontests_cpp_284,clean_schema_mismatch,1,L21H12,0.6639492753623188,True,True
codecontests_cpp_284,clean_schema_mismatch,2,MLP27,0.740616508152174,True,True
codecontests_cpp_284,clean_no_protocol,1,L21H12,0.6141304347826086,False,False
codecontests_cpp_284,clean_no_protocol,2,MLP27,0.8645833333333334,True,True
codecontests_java_284,clean_no_schema,1,L21H12,0.8222361809045227,False,False
codecontests_java_284,clean_no_schema,2,MLP27,0.9335348618090452,True,True
codecontests_java_284,clean_schema_mismatch,1,L21H12,0.5160175879396985,True,True
codecontests_java_284,clean_schema_mismatch,2,MLP27,0.5396808260050251,True,True
codecontests_java_284,clean_no_protocol,1,L21H12,0.5552763819095478,False,False
codecontests_java_284,clean_no_protocol,2,MLP27,0.6753101444723618,True,True
apps_python_285,clean_no_schema,1,L21H12,0.029389880952380952,True,True
apps_python_285,clean_no_schema,2,MLP27,0.0298859126984127,True,True
apps_python_285,clean_schema_mismatch,1,L21H12,0.6795634920634921,False,False
apps_python_285,clean_schema_mismatch,2,MLP27,0.8359375,True,True
apps_python_285,clean_no_protocol,1,L21H12,2.1984126984126986,False,False
apps_python_285,clean_no_protocol,2,MLP27,2.9970238095238093,False,False
codecontests_cpp_285,clean_no_schema,1,L21H12,1.3657718120805369,False,False
codecontests_cpp_285,clean_no_schema,2,MLP27,1.7315436241610738,True,True
codecontests_cpp_285,clean_schema_mismatch,1,L21H12,2.5906040268456376,False,False
codecontests_cpp_285,clean_schema_mismatch,2,MLP27,3.6801593959731544,True,True
codecontests_cpp_285,clean_no_protocol,1,L21H12,2.912751677852349,False,False
codecontests_cpp_285,clean_no_protocol,2,MLP27,5.355704697986577,False,False
codecontests_java_285,clean_no_schema,1,L21H12,0.7173423423423423,False,False
codecontests_java_285,clean_no_schema,2,MLP27,0.7848043355855856,True,True
codecontests_java_285,clean_schema_mismatch,1,L21H12,0.3588119369369369,True,True
codecontests_java_285,clean_schema_mismatch,2,MLP27,0.3711333403716216,True,True
codecontests_java_285,clean_no_protocol,1,L21H12,0.9313063063063063,False,False
codecontests_java_285,clean_no_protocol,2,MLP27,1.1791948198198199,True,True
mbpp_python_285,clean_no_schema,1,L21H12,0.13722826086956522,True,True
mbpp_python_285,clean_no_schema,2,MLP27,0.08646245059288538,True,True
mbpp_python_285,clean_schema_mismatch,1,L21H12,0.9624505928853755,False,False
mbpp_python_285,clean_schema_mismatch,2,MLP27,1.386116600790514,True,True
mbpp_python_285,clean_no_protocol,1,L21H12,1.1936758893280632,False,False
mbpp_python_285,clean_no_protocol,2,MLP27,1.8557312252964426,False,False
apps_python_286,clean_no_schema,1,L21H12,0.14540816326530612,True,True
apps_python_286,clean_no_schema,2,MLP27,0.15433673469387754,True,True
apps_python_286,clean_schema_mismatch,1,L21H12,0.8545918367346939,False,False
apps_python_286,clean_schema_mismatch,2,MLP27,1.0550063775510203,True,True
apps_python_286,clean_no_protocol,1,L21H12,2.2448979591836733,False,False
apps_python_286,clean_no_protocol,2,MLP27,3.241496598639456,False,False
codecontests_java_286,clean_no_schema,1,L21H12,1.356012658227848,False,False
codecontests_java_286,clean_no_schema,2,MLP27,1.6918512658227849,True,True
codecontests_java_286,clean_schema_mismatch,1,L21H12,0.9553006329113924,True,True
codecontests_java_286,clean_schema_mismatch,2,MLP27,0.9781942246835443,True,True
codecontests_java_286,clean_no_protocol,1,L21H12,3.569620253164557,False,False
codecontests_java_286,clean_no_protocol,2,MLP27,5.055379746835443,False,True
codecontests_java_287,clean_no_schema,1,L21H12,0.33320063694267515,False,True
codecontests_java_287,clean_no_schema,2,MLP27,0.40012937898089174,True,True
codecontests_java_287,clean_schema_mismatch,1,L21H12,0.49960191082802546,False,False
codecontests_java_287,clean_schema_mismatch,2,MLP27,0.570859872611465,True,True
codecontests_java_287,clean_no_protocol,1,L21H12,1.0605095541401275,False,False
codecontests_java_287,clean_no_protocol,2,MLP27,1.749203821656051,False,False
apps_python_288,clean_no_schema,1,L21H12,0.1450320512820513,True,True
apps_python_288,clean_no_schema,2,MLP27,0.16519764957264957,True,True
apps_python_288,clean_schema_mismatch,1,L21H12,0.22409188034188035,True,True
apps_python_288,clean_schema_mismatch,2,MLP27,0.2524706196581197,True,True
apps_python_288,clean_no_protocol,1,L21H12,1.4316239316239316,False,False
apps_python_288,clean_no_protocol,2,MLP27,2.251068376068376,False,False
codecontests_cpp_288,clean_no_schema,1,L21H12,0.294811320754717,True,True
codecontests_cpp_288,clean_no_schema,2,MLP27,0.32940251572327045,True,True
codecontests_cpp_288,clean_schema_mismatch,1,L21H12,0.23250786163522014,True,True
codecontests_cpp_288,clean_schema_mismatch,2,MLP27,0.25780021619496857,True,True
codecontests_cpp_288,clean_no_protocol,1,L21H12,0.7311320754716981,False,False
codecontests_cpp_288,clean_no_protocol,2,MLP27,1.022995283018868,True,True
codecontests_java_288,clean_no_schema,1,L21H12,0.3678977272727273,False,False
codecontests_java_288,clean_no_schema,2,MLP27,0.484375,False,False
codecontests_java_288,clean_schema_mismatch,1,L21H12,0.21750710227272727,True,True
codecontests_java_288,clean_schema_mismatch,2,MLP27,0.2463045987215909,True,True
codecontests_java_288,clean_no_protocol,1,L21H12,0.71875,False,False
codecontests_java_288,clean_no_protocol,2,MLP27,1.2393465909090908,False,True
apps_python_289,clean_no_schema,1,L21H12,0.31441717791411045,False,False
apps_python_289,clean_no_schema,2,MLP27,0.24923312883435583,False,False
apps_python_289,clean_schema_mismatch,1,L21H12,0.4570552147239264,False,False
apps_python_289,clean_schema_mismatch,2,MLP27,0.5541602760736196,True,True
apps_python_289,clean_no_protocol,1,L21H12,1.0260736196319018,False,False
apps_python_289,clean_no_protocol,2,MLP27,1.2860429447852761,False,True
codecontests_java_289,clean_no_schema,1,L21H12,0.5519736842105263,False,False
codecontests_java_289,clean_no_schema,2,MLP27,0.6759046052631579,True,True
codecontests_java_289,clean_schema_mismatch,1,L21H12,0.40625,False,True
codecontests_java_289,clean_schema_mismatch,2,MLP27,0.45734220805921055,True,True
codecontests_java_289,clean_no_protocol,1,L21H12,1.1894736842105262,False,False
codecontests_java_289,clean_no_protocol,2,MLP27,2.056578947368421,False,False
codecontests_cpp_290,clean_no_schema,1,L21H12,0.8511904761904762,False,False
codecontests_cpp_290,clean_no_schema,2,MLP27,1.25,True,False
codecontests_cpp_290,clean_schema_mismatch,1,L21H12,1.3020833333333333,False,False
codecontests_cpp_290,clean_schema_mismatch,2,MLP27,1.5265997023809523,True,True
codecontests_cpp_290,clean_no_protocol,1,L21H12,2.9047619047619047,False,False
codecontests_cpp_290,clean_no_protocol,2,MLP27,5.529761904761905,False,False
codecontests_java_290,clean_no_schema,1,L21H12,0.8850574712643678,False,False
codecontests_java_290,clean_no_schema,2,MLP27,0.9845545977011494,True,True
codecontests_java_290,clean_schema_mismatch,1,L21H12,0.5327765804597702,True,True
codecontests_java_290,clean_schema_mismatch,2,MLP27,0.5488056752873564,True,True
codecontests_java_290,clean_no_protocol,1,L21H12,1.8218390804597702,False,False
codecontests_java_290,clean_no_protocol,2,MLP27,2.8929597701149423,True,True
apps_python_291,clean_no_schema,1,L21H12,0.7356687898089171,False,False
apps_python_291,clean_no_schema,2,MLP27,1.0414012738853504,False,False
apps_python_291,clean_schema_mismatch,1,L21H12,0.6592356687898089,False,False
apps_python_291,clean_schema_mismatch,2,MLP27,1.1020601114649682,True,True
apps_python_291,clean_no_protocol,1,L21H12,0.8375796178343949,False,False
apps_python_291,clean_no_protocol,2,MLP27,1.1480891719745223,True,True
codecontests_cpp_291,clean_no_schema,1,L21H12,0.5533333333333333,True,True
codecontests_cpp_291,clean_no_schema,2,MLP27,0.6825,True,True
codecontests_cpp_291,clean_schema_mismatch,1,L21H12,2.49,False,False
codecontests_cpp_291,clean_schema_mismatch,2,MLP27,2.935208333333333,True,True
codecontests_cpp_291,clean_no_protocol,1,L21H12,3.36,False,False
codecontests_cpp_291,clean_no_protocol,2,MLP27,5.101666666666667,False,False
codecontests_java_291,clean_no_schema,1,L21H12,0.5912356321839081,False,False
codecontests_java_291,clean_no_schema,2,MLP27,0.7009698275862069,True,True
codecontests_java_291,clean_schema_mismatch,1,L21H12,0.8397988505747126,True,True
codecontests_java_291,clean_schema_mismatch,2,MLP27,0.9040499281609196,True,True
codecontests_java_291,clean_no_protocol,1,L21H12,2.2701149425287355,False,False
codecontests_java_291,clean_no_protocol,2,MLP27,3.3692528735632186,False,False
mbpp_python_291,clean_no_schema,1,L21H12,0.16584429824561403,True,True
mbpp_python_291,clean_no_schema,2,MLP27,0.1825657894736842,True,True
mbpp_python_291,clean_schema_mismatch,1,L21H12,1.605263157894737,False,False
mbpp_python_291,clean_schema_mismatch,2,MLP27,2.2521929824561404,True,True
mbpp_python_291,clean_no_protocol,1,L21H12,1.236842105263158,False,False
mbpp_python_291,clean_no_protocol,2,MLP27,1.7521929824561404,True,True
apps_python_292,clean_no_schema,1,L21H12,0.6290322580645161,False,False
apps_python_292,clean_no_schema,2,MLP27,0.9241935483870968,False,False
apps_python_292,clean_schema_mismatch,1,L21H12,0.5483870967741935,False,False
apps_python_292,clean_schema_mismatch,2,MLP27,0.8766129032258064,False,False
apps_python_292,clean_no_protocol,1,L21H12,1.3741935483870968,False,False
apps_python_292,clean_no_protocol,2,MLP27,2.164516129032258,False,False
codecontests_cpp_292,clean_no_schema,1,L21H12,1.0313807531380754,False,False
codecontests_cpp_292,clean_no_schema,2,MLP27,1.299163179916318,True,True
codecontests_cpp_292,clean_schema_mismatch,1,L21H12,1.5146443514644352,False,False
codecontests_cpp_292,clean_schema_mismatch,2,MLP27,2.005099372384937,True,True
codecontests_cpp_292,clean_no_protocol,1,L21H12,1.9497907949790796,False,False
codecontests_cpp_292,clean_no_protocol,2,MLP27,3.3368200836820083,False,False
codecontests_java_292,clean_no_schema,1,L21H12,1.0823699421965318,True,True
codecontests_java_292,clean_no_schema,2,MLP27,1.1394282875722543,True,True
codecontests_java_292,clean_schema_mismatch,1,L21H12,0.8476336705202312,True,True
codecontests_java_292,clean_schema_mismatch,2,MLP27,0.8607664604407514,True,True
codecontests_java_292,clean_no_protocol,1,L21H12,0.8063583815028902,False,False
codecontests_java_292,clean_no_protocol,2,MLP27,0.9971098265895953,True,True
apps_python_293,clean_no_schema,1,L21H12,0.022756410256410255,True,True
apps_python_293,clean_no_schema,2,MLP27,0.0020833333333333333,True,True
apps_python_293,clean_schema_mismatch,1,L21H12,1.0102564102564102,False,False
apps_python_293,clean_schema_mismatch,2,MLP27,1.309375,True,True
apps_python_293,clean_no_protocol,1,L21H12,3.3025641025641024,False,False
apps_python_293,clean_no_protocol,2,MLP27,4.958974358974359,False,False
apps_python_294,clean_no_schema,1,L21H12,0.7727272727272727,False,False
apps_python_294,clean_no_schema,2,MLP27,0.9786096256684492,False,False
apps_python_294,clean_schema_mismatch,1,L21H12,0.4786096256684492,True,True
apps_python_294,clean_schema_mismatch,2,MLP27,0.5582804144385026,True,True
apps_python_294,clean_no_protocol,1,L21H12,3.165775401069519,False,False
apps_python_294,clean_no_protocol,2,MLP27,4.708556149732621,False,False
codecontests_cpp_294,clean_no_schema,1,L21H12,0.5561926605504587,False,False
codecontests_cpp_294,clean_no_schema,2,MLP27,0.6852064220183486,True,True
codecontests_cpp_294,clean_schema_mismatch,1,L21H12,1.393348623853211,False,False
codecontests_cpp_294,clean_schema_mismatch,2,MLP27,1.5531106651376148,True,True
codecontests_cpp_294,clean_no_protocol,1,L21H12,1.8073394495412844,False,False
codecontests_cpp_294,clean_no_protocol,2,MLP27,3.05848623853211,False,False
codecontests_java_294,clean_no_schema,1,L21H12,0.8362676056338029,False,False
codecontests_java_294,clean_no_schema,2,MLP27,0.9443955399061033,True,True
codecontests_java_294,clean_schema_mismatch,1,L21H12,0.4414612676056338,True,True
codecontests_java_294,clean_schema_mismatch,2,MLP27,0.4539961120892019,True,True
codecontests_java_294,clean_no_protocol,1,L21H12,1.284037558685446,False,False
codecontests_java_294,clean_no_protocol,2,MLP27,1.7341549295774648,True,True
apps_python_295,clean_no_schema,1,L21H12,0.9522727272727273,False,False
apps_python_295,clean_no_schema,2,MLP27,1.05,False,False
apps_python_295,clean_schema_mismatch,1,L21H12,1.7954545454545454,False,False
apps_python_295,clean_schema_mismatch,2,MLP27,2.1761363636363638,True,True
apps_python_295,clean_no_protocol,1,L21H12,1.7818181818181817,False,False
apps_python_295,clean_no_protocol,2,MLP27,2.6795454545454547,False,False
codecontests_cpp_295,clean_no_schema,1,L21H12,0.038129664179104475,True,True
codecontests_cpp_295,clean_no_schema,2,MLP27,0.05216592817164179,True,True
codecontests_cpp_295,clean_schema_mismatch,1,L21H12,2.5522388059701493,False,False
codecontests_cpp_295,clean_schema_mismatch,2,MLP27,2.8482975746268657,True,True
codecontests_cpp_295,clean_no_protocol,1,L21H12,2.798507462686567,False,False
codecontests_cpp_295,clean_no_protocol,2,MLP27,4.072761194029851,True,True
codecontests_java_295,clean_no_schema,1,L21H12,0.6243622448979592,False,True
codecontests_java_295,clean_no_schema,2,MLP27,0.6972257653061225,True,True
codecontests_java_295,clean_schema_mismatch,1,L21H12,1.285076530612245,False,False
codecontests_java_295,clean_schema_mismatch,2,MLP27,1.3862404336734695,True,True
codecontests_java_295,clean_no_protocol,1,L21H12,1.4591836734693877,False,False
codecontests_java_295,clean_no_protocol,2,MLP27,2.1033163265306123,False,True
apps_python_296,clean_no_schema,1,L21H12,0.2701271186440678,True,True
apps_python_296,clean_no_schema,2,MLP27,0.24364406779661016,True,True
apps_python_296,clean_schema_mismatch,1,L21H12,1.5805084745762712,True,True
apps_python_296,clean_schema_mismatch,2,MLP27,1.6979608050847457,True,True
apps_python_296,clean_no_protocol,1,L21H12,2.2033898305084745,False,False
apps_python_296,clean_no_protocol,2,MLP27,3.169491525423729,False,False
codecontests_cpp_296,clean_no_schema,1,L21H12,0.2727976831896552,True,True
codecontests_cpp_296,clean_no_schema,2,MLP27,0.27321861530172414,True,True
codecontests_cpp_296,clean_schema_mismatch,1,L21H12,4.017241379310345,False,False
codecontests_cpp_296,clean_schema_mismatch,2,MLP27,4.364224137931035,True,True
codecontests_cpp_296,clean_no_protocol,1,L21H12,5.25,False,False
codecontests_cpp_296,clean_no_protocol,2,MLP27,6.471443965517241,True,True
codecontests_java_296,clean_no_schema,1,L21H12,1.416044776119403,True,True
codecontests_java_296,clean_no_schema,2,MLP27,1.4724813432835822,True,True
codecontests_java_296,clean_schema_mismatch,1,L21H12,1.2365904850746268,True,True
codecontests_java_296,clean_schema_mismatch,2,MLP27,1.2532467059235075,True,True
codecontests_java_296,clean_no_protocol,1,L21H12,1.3059701492537314,False,False
codecontests_java_296,clean_no_protocol,2,MLP27,1.488135494402985,True,True
apps_python_297,clean_no_schema,1,L21H12,0.4854014598540146,True,True
apps_python_297,clean_no_schema,2,MLP27,0.5132299270072993,True,True
apps_python_297,clean_schema_mismatch,1,L21H12,0.4541514598540146,True,True
apps_python_297,clean_schema_mismatch,2,MLP27,0.47319086450729925,True,True
apps_python_297,clean_no_protocol,1,L21H12,1.5036496350364963,False,False
apps_python_297,clean_no_protocol,2,MLP27,1.9863138686131387,True,True
codecontests_cpp_297,clean_no_schema,1,L21H12,0.4001053370786517,True,True
codecontests_cpp_297,clean_no_schema,2,MLP27,0.4140625,True,True
codecontests_cpp_297,clean_schema_mismatch,1,L21H12,1.9634831460674158,True,True
codecontests_cpp_297,clean_schema_mismatch,2,MLP27,2.149754213483146,True,True
codecontests_cpp_297,clean_no_protocol,1,L21H12,2.707865168539326,False,False
codecontests_cpp_297,clean_no_protocol,2,MLP27,3.4708567415730336,True,True
codecontests_java_297,clean_no_schema,1,L21H12,0.32606589147286824,True,True
codecontests_java_297,clean_no_schema,2,MLP27,0.33587693798449614,True,True
codecontests_java_297,clean_schema_mismatch,1,L21H12,0.4881298449612403,True,True
codecontests_java_297,clean_schema_mismatch,2,MLP27,0.5033687621124031,True,True
codecontests_java_297,clean_no_protocol,1,L21H12,0.7751937984496124,False,False
codecontests_java_297,clean_no_protocol,2,MLP27,0.9685077519379846,True,True
apps_python_298,clean_no_schema,1,L21H12,0.18804505813953487,True,True
apps_python_298,clean_no_schema,2,MLP27,0.19285973837209303,True,True
apps_python_298,clean_schema_mismatch,1,L21H12,0.16492550872093023,True,True
apps_python_298,clean_schema_mismatch,2,MLP27,0.16727891079215115,True,True
apps_python_298,clean_no_protocol,1,L21H12,0.9135174418604651,True,True
apps_python_298,clean_no_protocol,2,MLP27,1.0643622819767442,True,True
codecontests_cpp_298,clean_no_schema,1,L21H12,0.15,True,True
codecontests_cpp_298,clean_no_schema,2,MLP27,0.16375,True,True
codecontests_cpp_298,clean_schema_mismatch,1,L21H12,2.24,False,False
codecontests_cpp_298,clean_schema_mismatch,2,MLP27,2.512142857142857,True,True
codecontests_cpp_298,clean_no_protocol,1,L21H12,4.182857142857143,False,False
codecontests_cpp_298,clean_no_protocol,2,MLP27,5.672142857142857,True,True
codecontests_java_298,clean_no_schema,1,L21H12,0.3895631067961165,True,True
codecontests_java_298,clean_no_schema,2,MLP27,0.4475121359223301,True,True
codecontests_java_298,clean_schema_mismatch,1,L21H12,0.04234299150485437,True,True
codecontests_java_298,clean_schema_mismatch,2,MLP27,0.04398797785194175,True,True
codecontests_java_298,clean_no_protocol,1,L21H12,2.203883495145631,False,False
codecontests_java_298,clean_no_protocol,2,MLP27,3.282766990291262,False,False
apps_python_299,clean_no_schema,1,L21H12,0.5420560747663551,False,False
apps_python_299,clean_no_schema,2,MLP27,0.6880841121495327,False,True
apps_python_299,clean_schema_mismatch,1,L21H12,0.4929906542056075,False,True
apps_python_299,clean_schema_mismatch,2,MLP27,0.6113098714953271,True,True
apps_python_299,clean_no_protocol,1,L21H12,1.4766355140186915,False,False
apps_python_299,clean_no_protocol,2,MLP27,2.3341121495327104,False,False
codecontests_java_299,clean_no_schema,1,L21H12,0.36889367816091956,True,True
codecontests_java_299,clean_no_schema,2,MLP27,0.38995150862068967,True,True
codecontests_java_299,clean_schema_mismatch,1,L21H12,0.9655172413793104,False,False
codecontests_java_299,clean_schema_mismatch,2,MLP27,1.1602011494252873,True,True
codecontests_java_299,clean_no_protocol,1,L21H12,2.0344827586206895,False,False
codecontests_java_299,clean_no_protocol,2,MLP27,3.163793103448276,False,False
mbpp_python_299,clean_no_schema,1,L21H12,0.14974832214765102,True,True
mbpp_python_299,clean_no_schema,2,MLP27,0.12709731543624161,True,True
mbpp_python_299,clean_schema_mismatch,1,L21H12,1.113255033557047,True,True
mbpp_python_299,clean_schema_mismatch,2,MLP27,1.2180159395973154,True,True
mbpp_python_299,clean_no_protocol,1,L21H12,1.74496644295302,False,False
mbpp_python_299,clean_no_protocol,2,MLP27,2.420302013422819,False,False
apps_python_300,clean_no_schema,1,L21H12,0.04461805555555556,True,True
apps_python_300,clean_no_schema,2,MLP27,0.03697916666666667,True,True
apps_python_300,clean_schema_mismatch,1,L21H12,1.0645833333333334,True,True
apps_python_300,clean_schema_mismatch,2,MLP27,1.1493055555555556,True,True
apps_python_300,clean_no_protocol,1,L21H12,2.3055555555555554,False,False
apps_python_300,clean_no_protocol,2,MLP27,3.102777777777778,False,False
codecontests_java_300,clean_no_schema,1,L21H12,0.5876893939393939,True,True
codecontests_java_300,clean_no_schema,2,MLP27,0.6072916666666667,True,True
codecontests_java_300,clean_schema_mismatch,1,L21H12,0.029302793560606062,True,True
codecontests_java_300,clean_schema_mismatch,2,MLP27,0.02970229640151515,True,True
codecontests_java_300,clean_no_protocol,1,L21H12,1.893939393939394,False,False
codecontests_java_300,clean_no_protocol,2,MLP27,2.529166666666667,True,True
apps_python_301,clean_no_schema,1,L21H12,0.23406040268456377,True,True
apps_python_301,clean_no_schema,2,MLP27,0.21308724832214765,True,True
apps_python_301,clean_schema_mismatch,1,L21H12,0.9765100671140939,False,False
apps_python_301,clean_schema_mismatch,2,MLP27,1.4108640939597314,True,True
apps_python_301,clean_no_protocol,1,L21H12,2.12751677852349,False,False
apps_python_301,clean_no_protocol,2,MLP27,2.9496644295302015,False,False
codecontests_cpp_301,clean_no_schema,1,L21H12,0.7482517482517482,False,False
codecontests_cpp_301,clean_no_schema,2,MLP27,0.9921328671328671,False,True
codecontests_cpp_301,clean_schema_mismatch,1,L21H12,2.1363636363636362,False,False
codecontests_cpp_301,clean_schema_mismatch,2,MLP27,2.7010489510489513,True,True
codecontests_cpp_301,clean_no_protocol,1,L21H12,1.972027972027972,False,False
codecontests_cpp_301,clean_no_protocol,2,MLP27,3.195804195804196,False,False
codecontests_java_301,clean_no_schema,1,L21H12,0.9868630573248408,True,True
codecontests_java_301,clean_no_schema,2,MLP27,1.0385151273885351,True,True
codecontests_java_301,clean_schema_mismatch,1,L21H12,1.0050756369426752,True,True
codecontests_java_301,clean_schema_mismatch,2,MLP27,1.0246068869426752,True,True
codecontests_java_301,clean_no_protocol,1,L21H12,1.1894904458598725,False,False
codecontests_java_301,clean_no_protocol,2,MLP27,1.3408140923566878,True,True
apps_python_302,clean_no_schema,1,L21H12,0.31424581005586594,True,True
apps_python_302,clean_no_schema,2,MLP27,0.348463687150838,True,True
apps_python_302,clean_schema_mismatch,1,L21H12,1.452513966480447,False,False
apps_python_302,clean_schema_mismatch,2,MLP27,2.111382681564246,True,True
apps_python_302,clean_no_protocol,1,L21H12,1.4972067039106145,False,False
apps_python_302,clean_no_protocol,2,MLP27,2.329608938547486,False,False
codecontests_cpp_302,clean_no_schema,1,L21H12,1.1818181818181819,False,False
codecontests_cpp_302,clean_no_schema,2,MLP27,1.390495867768595,True,True
codecontests_cpp_302,clean_schema_mismatch,1,L21H12,2.075413223140496,False,False
codecontests_cpp_302,clean_schema_mismatch,2,MLP27,2.288352272727273,True,True
codecontests_cpp_302,clean_no_protocol,1,L21H12,2.243801652892562,False,False
codecontests_cpp_302,clean_no_protocol,2,MLP27,3.1518595041322315,True,True
codecontests_java_302,clean_no_schema,1,L21H12,0.3140625,True,True
codecontests_java_302,clean_no_schema,2,MLP27,0.3377197265625,True,True
codecontests_java_302,clean_schema_mismatch,1,L21H12,0.61015625,True,True
codecontests_java_302,clean_schema_mismatch,2,MLP27,0.6604248046875,True,True
codecontests_java_302,clean_no_protocol,1,L21H12,0.834375,False,False
codecontests_java_302,clean_no_protocol,2,MLP27,1.171875,True,True
mbpp_python_302,clean_no_schema,1,L21H12,0.7520833333333333,False,False
mbpp_python_302,clean_no_schema,2,MLP27,0.9885416666666667,False,False
mbpp_python_302,clean_schema_mismatch,1,L21H12,0.49375,False,True
mbpp_python_302,clean_schema_mismatch,2,MLP27,0.612890625,True,True
mbpp_python_302,clean_no_protocol,1,L21H12,0.9708333333333333,False,False
mbpp_python_302,clean_no_protocol,2,MLP27,1.5729166666666667,False,False
apps_python_303,clean_no_schema,1,L21H12,0.9511278195488722,False,False
apps_python_303,clean_no_schema,2,MLP27,0.9530075187969925,False,False
apps_python_303,clean_schema_mismatch,1,L21H12,1.0639097744360901,False,False
apps_python_303,clean_schema_mismatch,2,MLP27,1.3768796992481203,True,True
apps_python_303,clean_no_protocol,1,L21H12,1.7669172932330828,False,False
apps_python_303,clean_no_protocol,2,MLP27,2.5996240601503757,False,False
codecontests_cpp_303,clean_no_schema,1,L21H12,0.7294117647058823,True,True
codecontests_cpp_303,clean_no_schema,2,MLP27,0.8323529411764706,True,True
codecontests_cpp_303,clean_schema_mismatch,1,L21H12,2.551470588235294,False,False
codecontests_cpp_303,clean_schema_mismatch,2,MLP27,2.8419117647058822,True,True
codecontests_cpp_303,clean_no_protocol,1,L21H12,2.8058823529411763,False,False
codecontests_cpp_303,clean_no_protocol,2,MLP27,3.7540441176470587,True,True
codecontests_java_303,clean_no_schema,1,L21H12,0.7779166666666667,True,True
codecontests_java_303,clean_no_schema,2,MLP27,0.820625,True,True
codecontests_java_303,clean_schema_mismatch,1,L21H12,2.276666666666667,False,False
codecontests_java_303,clean_schema_mismatch,2,MLP27,2.6727083333333335,True,True
codecontests_java_303,clean_no_protocol,1,L21H12,2.466666666666667,False,False
codecontests_java_303,clean_no_protocol,2,MLP27,3.4616666666666664,False,True
apps_python_304,clean_no_schema,1,L21H12,0.6918016194331984,False,False
apps_python_304,clean_no_schema,2,MLP27,0.7196356275303644,False,True
apps_python_304,clean_schema_mismatch,1,L21H12,0.8739878542510121,True,True
apps_python_304,clean_schema_mismatch,2,MLP27,0.9501201923076923,True,True
apps_python_304,clean_no_protocol,1,L21H12,0.6659919028340081,False,False
apps_python_304,clean_no_protocol,2,MLP27,0.9557186234817814,True,True
codecontests_cpp_304,clean_no_schema,1,L21H12,1.599601593625498,False,False
codecontests_cpp_304,clean_no_schema,2,MLP27,1.9068725099601593,True,True
codecontests_cpp_304,clean_schema_mismatch,1,L21H12,1.154382470119522,True,False
codecontests_cpp_304,clean_schema_mismatch,2,MLP27,1.338894422310757,True,True
codecontests_cpp_304,clean_no_protocol,1,L21H12,2.7729083665338647,False,False
codecontests_cpp_304,clean_no_protocol,2,MLP27,3.8341633466135456,True,True
codecontests_java_304,clean_no_schema,1,L21H12,1.06875,False,False
codecontests_java_304,clean_no_schema,2,MLP27,1.1612847222222222,True,True
codecontests_java_304,clean_schema_mismatch,1,L21H12,0.8927083333333333,True,True
codecontests_java_304,clean_schema_mismatch,2,MLP27,0.9447699652777778,True,True
codecontests_java_304,clean_no_protocol,1,L21H12,1.6777777777777778,False,False
codecontests_java_304,clean_no_protocol,2,MLP27,2.3090277777777777,True,True
mbpp_python_305,clean_no_schema,1,L21H12,0.010514884159482759,True,True
mbpp_python_305,clean_no_schema,2,MLP27,-0.030037715517241378,True,True
mbpp_python_305,clean_schema_mismatch,1,L21H12,0.6530172413793104,False,True
mbpp_python_305,clean_schema_mismatch,2,MLP27,0.732489224137931,True,True
mbpp_python_305,clean_no_protocol,1,L21H12,1.4612068965517242,False,False
mbpp_python_305,clean_no_protocol,2,MLP27,1.9396551724137931,False,False
apps_python_306,clean_no_schema,1,L21H12,0.5848445595854922,True,True
apps_python_306,clean_no_schema,2,MLP27,0.6185233160621761,True,True
apps_python_306,clean_schema_mismatch,1,L21H12,0.594559585492228,True,True
apps_python_306,clean_schema_mismatch,2,MLP27,0.6412726683937824,True,True
apps_python_306,clean_no_protocol,1,L21H12,0.8005181347150259,False,False
apps_python_306,clean_no_protocol,2,MLP27,1.1034650259067358,True,True
codecontests_cpp_306,clean_no_schema,1,L21H12,1.2,False,False
codecontests_cpp_306,clean_no_schema,2,MLP27,1.577659574468085,False,False
codecontests_cpp_306,clean_schema_mismatch,1,L21H12,1.7234042553191489,False,False
codecontests_cpp_306,clean_schema_mismatch,2,MLP27,2.2186170212765957,True,True
codecontests_cpp_306,clean_no_protocol,1,L21H12,2.076595744680851,False,False
codecontests_cpp_306,clean_no_protocol,2,MLP27,3.2074468085106385,False,False
codecontests_java_306,clean_no_schema,1,L21H12,0.7919463087248322,False,False
codecontests_java_306,clean_no_schema,2,MLP27,0.9666526845637584,True,True
codecontests_java_306,clean_schema_mismatch,1,L21H12,0.32948825503355705,True,True
codecontests_java_306,clean_schema_mismatch,2,MLP27,0.35773647231543626,True,True
codecontests_java_306,clean_no_protocol,1,L21H12,1.0973154362416107,False,False
codecontests_java_306,clean_no_protocol,2,MLP27,1.6514261744966443,False,True
codecontests_java_307,clean_no_schema,1,L21H12,0.7671130952380952,True,True
codecontests_java_307,clean_no_schema,2,MLP27,0.7909226190476191,True,True
codecontests_java_307,clean_schema_mismatch,1,L21H12,1.6837797619047619,False,True
codecontests_java_307,clean_schema_mismatch,2,MLP27,1.8107328869047619,True,True
codecontests_java_307,clean_no_protocol,1,L21H12,2.625,False,False
codecontests_java_307,clean_no_protocol,2,MLP27,3.6175595238095237,True,True
apps_python_308,clean_no_schema,1,L21H12,0.06859485815602837,True,True
apps_python_308,clean_no_schema,2,MLP27,0.025487588652482268,True,True
apps_python_308,clean_schema_mismatch,1,L21H12,1.2185283687943262,True,True
apps_python_308,clean_schema_mismatch,2,MLP27,1.2953235815602837,True,True
apps_python_308,clean_no_protocol,1,L21H12,1.6028368794326242,False,False
apps_python_308,clean_no_protocol,2,MLP27,2.354609929078014,False,False
codecontests_java_308,clean_no_schema,1,L21H12,1.0829596412556053,False,False
codecontests_java_308,clean_no_schema,2,MLP27,1.2556053811659194,False,False
codecontests_java_308,clean_schema_mismatch,1,L21H12,0.7550448430493274,False,False
codecontests_java_308,clean_schema_mismatch,2,MLP27,0.8287556053811659,True,True
codecontests_java_308,clean_no_protocol,1,L21H12,1.2869955156950672,False,False
codecontests_java_308,clean_no_protocol,2,MLP27,1.968609865470852,False,False
mbpp_python_308,clean_no_schema,1,L21H12,0.08384486607142858,True,True
mbpp_python_308,clean_no_schema,2,MLP27,-0.005022321428571429,False,True
mbpp_python_308,clean_schema_mismatch,1,L21H12,0.8772321428571429,False,False
mbpp_python_308,clean_schema_mismatch,2,MLP27,1.1328125,True,True
mbpp_python_308,clean_no_protocol,1,L21H12,2.4732142857142856,False,False
mbpp_python_308,clean_no_protocol,2,MLP27,3.5111607142857144,False,False
apps_python_309,clean_no_schema,1,L21H12,0.4072398190045249,False,False
apps_python_309,clean_no_schema,2,MLP27,0.6153846153846154,False,False
apps_python_309,clean_schema_mismatch,1,L21H12,1.0180995475113122,False,False
apps_python_309,clean_schema_mismatch,2,MLP27,1.8076923076923077,False,False
apps_python_309,clean_no_protocol,1,L21H12,1.7194570135746607,False,False
apps_python_309,clean_no_protocol,2,MLP27,2.9502262443438916,False,False
codecontests_cpp_309,clean_no_schema,1,L21H12,0.5428832116788321,True,True
codecontests_cpp_309,clean_no_schema,2,MLP27,0.6129105839416058,True,True
codecontests_cpp_309,clean_schema_mismatch,1,L21H12,1.8394160583941606,True,True
codecontests_cpp_309,clean_schema_mismatch,2,MLP27,1.9912750912408759,True,True
codecontests_cpp_309,clean_no_protocol,1,L21H12,3.6715328467153285,False,False
codecontests_cpp_309,clean_no_protocol,2,MLP27,4.6286496350364965,True,True
codecontests_java_309,clean_no_schema,1,L21H12,0.444331983805668,True,True
codecontests_java_309,clean_no_schema,2,MLP27,0.5186298076923077,True,True
codecontests_java_309,clean_schema_mismatch,1,L21H12,0.9180161943319838,True,True
codecontests_java_309,clean_schema_mismatch,2,MLP27,0.9723083248987854,True,True
codecontests_java_309,clean_no_protocol,1,L21H12,1.7975708502024292,False,False
codecontests_java_309,clean_no_protocol,2,MLP27,2.2584134615384617,True,True
apps_python_310,clean_no_schema,1,L21H12,0.7489837398373984,False,True
apps_python_310,clean_no_schema,2,MLP27,0.5975609756097561,False,False
apps_python_310,clean_schema_mismatch,1,L21H12,1.7764227642276422,False,False
apps_python_310,clean_schema_mismatch,2,MLP27,2.1122967479674797,True,True
apps_python_310,clean_no_protocol,1,L21H12,3.4146341463414633,False,False
apps_python_310,clean_no_protocol,2,MLP27,5.260162601626016,False,False
codecontests_cpp_310,clean_no_schema,1,L21H12,0.4410860655737705,True,True
codecontests_cpp_310,clean_no_schema,2,MLP27,0.46314677254098363,True,True
codecontests_cpp_310,clean_schema_mismatch,1,L21H12,1.4026639344262295,False,False
codecontests_cpp_310,clean_schema_mismatch,2,MLP27,1.6460681352459017,True,True
codecontests_cpp_310,clean_no_protocol,1,L21H12,2.2704918032786887,False,False
codecontests_cpp_310,clean_no_protocol,2,MLP27,3.55327868852459,False,False
codecontests_java_310,clean_no_schema,1,L21H12,0.7639388489208633,True,True
codecontests_java_310,clean_no_schema,2,MLP27,0.7786083633093526,True,True
codecontests_java_310,clean_schema_mismatch,1,L21H12,0.3568738758992806,True,True
codecontests_java_310,clean_schema_mismatch,2,MLP27,0.36128860583408273,True,True
codecontests_java_310,clean_no_protocol,1,L21H12,1.5953237410071943,False,False
codecontests_java_310,clean_no_protocol,2,MLP27,1.933003597122302,True,True
apps_python_311,clean_no_schema,1,L21H12,0.37895927601809953,False,False
apps_python_311,clean_no_schema,2,MLP27,0.4117647058823529,False,False
apps_python_311,clean_schema_mismatch,1,L21H12,0.33031674208144796,False,False
apps_python_311,clean_schema_mismatch,2,MLP27,0.528987556561086,False,True
apps_python_311,clean_no_protocol,1,L21H12,0.8280542986425339,False,False
apps_python_311,clean_no_protocol,2,MLP27,1.2873303167420815,False,False
codecontests_java_311,clean_no_schema,1,L21H12,0.7272727272727273,False,False
codecontests_java_311,clean_no_schema,2,MLP27,0.8302556818181818,True,True
codecontests_java_311,clean_schema_mismatch,1,L21H12,1.3508522727272727,False,False
codecontests_java_311,clean_schema_mismatch,2,MLP27,1.5552201704545454,True,True
codecontests_java_311,clean_no_protocol,1,L21H12,1.7954545454545454,False,False
codecontests_java_311,clean_no_protocol,2,MLP27,2.96875,False,False
apps_python_312,clean_no_schema,1,L21H12,0.28726708074534163,True,True
apps_python_312,clean_no_schema,2,MLP27,0.23680124223602483,False,True
apps_python_312,clean_schema_mismatch,1,L21H12,0.7569875776397516,True,True
apps_python_312,clean_schema_mismatch,2,MLP27,0.8302600931677019,True,True
apps_python_312,clean_no_protocol,1,L21H12,1.5590062111801242,False,False
apps_python_312,clean_no_protocol,2,MLP27,2.142857142857143,False,False
codecontests_cpp_312,clean_no_schema,1,L21H12,1.1953488372093024,False,False
codecontests_cpp_312,clean_no_schema,2,MLP27,1.423546511627907,True,True
codecontests_cpp_312,clean_schema_mismatch,1,L21H12,2.4651162790697674,False,False
codecontests_cpp_312,clean_schema_mismatch,2,MLP27,2.8290697674418603,True,True
codecontests_cpp_312,clean_no_protocol,1,L21H12,2.9488372093023254,False,False
codecontests_cpp_312,clean_no_protocol,2,MLP27,4.6,False,False
codecontests_java_312,clean_no_schema,1,L21H12,0.5002765486725663,True,True
codecontests_java_312,clean_no_schema,2,MLP27,0.5288301991150443,True,True
codecontests_java_312,clean_schema_mismatch,1,L21H12,1.0,False,False
codecontests_java_312,clean_schema_mismatch,2,MLP27,1.164148921460177,True,True
codecontests_java_312,clean_no_protocol,1,L21H12,1.1017699115044248,False,False
codecontests_java_312,clean_no_protocol,2,MLP27,1.6946902654867257,True,True
apps_python_313,clean_no_schema,1,L21H12,1.231958762886598,False,False
apps_python_313,clean_no_schema,2,MLP27,1.5283505154639174,False,False
apps_python_313,clean_schema_mismatch,1,L21H12,1.3814432989690721,False,False
apps_python_313,clean_schema_mismatch,2,MLP27,1.8907860824742269,True,True
apps_python_313,clean_no_protocol,1,L21H12,1.9896907216494846,False,False
apps_python_313,clean_no_protocol,2,MLP27,3.1237113402061856,False,False
codecontests_cpp_313,clean_no_schema,1,L21H12,0.33575581395348836,True,True
codecontests_cpp_313,clean_no_schema,2,MLP27,0.3605862403100775,True,True
codecontests_cpp_313,clean_schema_mismatch,1,L21H12,0.7829457364341085,False,False
codecontests_cpp_313,clean_schema_mismatch,2,MLP27,1.1409883720930232,True,True
codecontests_cpp_313,clean_no_protocol,1,L21H12,0.8565891472868217,False,False
codecontests_cpp_313,clean_no_protocol,2,MLP27,1.37015503875969,False,False
codecontests_java_313,clean_no_schema,1,L21H12,0.46909265350877194,True,True
codecontests_java_313,clean_no_schema,2,MLP27,0.4810512609649123,True,True
codecontests_java_313,clean_schema_mismatch,1,L21H12,0.46374725877192985,True,True
codecontests_java_313,clean_schema_mismatch,2,MLP27,0.47775322094298245,True,True
codecontests_java_313,clean_no_protocol,1,L21H12,0.6491228070175439,False,False
codecontests_java_313,clean_no_protocol,2,MLP27,0.7817982456140351,True,True
apps_python_314,clean_no_schema,1,L21H12,0.045882936507936505,False,True
apps_python_314,clean_no_schema,2,MLP27,0.012896825396825396,False,True
apps_python_314,clean_schema_mismatch,1,L21H12,0.23462301587301587,False,True
apps_python_314,clean_schema_mismatch,2,MLP27,0.3072296626984127,True,True
apps_python_314,clean_no_protocol,1,L21H12,1.5357142857142858,False,False
apps_python_314,clean_no_protocol,2,MLP27,2.25,False,False
codecontests_cpp_314,clean_no_schema,1,L21H12,0.3669642857142857,True,True
codecontests_cpp_314,clean_no_schema,2,MLP27,0.3962797619047619,True,True
codecontests_cpp_314,clean_schema_mismatch,1,L21H12,1.8738095238095238,False,False
codecontests_cpp_314,clean_schema_mismatch,2,MLP27,2.2351190476190474,True,True
codecontests_cpp_314,clean_no_protocol,1,L21H12,2.7523809523809524,False,False
codecontests_cpp_314,clean_no_protocol,2,MLP27,4.357142857142857,False,False
codecontests_java_314,clean_no_schema,1,L21H12,0.57847533632287,True,True
codecontests_java_314,clean_no_schema,2,MLP27,0.6076233183856502,True,True
codecontests_java_314,clean_schema_mismatch,1,L21H12,0.3195067264573991,True,True
codecontests_java_314,clean_schema_mismatch,2,MLP27,0.33183856502242154,True,True
codecontests_java_314,clean_no_protocol,1,L21H12,2.2511210762331837,False,False
codecontests_java_314,clean_no_protocol,2,MLP27,3.118834080717489,False,False
apps_python_315,clean_no_schema,1,L21H12,0.33133971291866027,False,True
apps_python_315,clean_no_schema,2,MLP27,0.361244019138756,True,True
apps_python_315,clean_schema_mismatch,1,L21H12,1.263157894736842,False,False
apps_python_315,clean_schema_mismatch,2,MLP27,1.7257775119617225,True,True
apps_python_315,clean_no_protocol,1,L21H12,0.9282296650717703,False,False
apps_python_315,clean_no_protocol,2,MLP27,1.4898325358851674,True,True
codecontests_cpp_315,clean_no_schema,1,L21H12,0.9585798816568047,False,False
codecontests_cpp_315,clean_no_schema,2,MLP27,1.3801775147928994,True,True
codecontests_cpp_315,clean_schema_mismatch,1,L21H12,1.3920118343195267,False,False
codecontests_cpp_315,clean_schema_mismatch,2,MLP27,1.703125,True,True
codecontests_cpp_315,clean_no_protocol,1,L21H12,2.4497041420118344,False,False
codecontests_cpp_315,clean_no_protocol,2,MLP27,4.099112426035503,False,False
codecontests_java_315,clean_no_schema,1,L21H12,0.8544973544973545,False,False
codecontests_java_315,clean_no_schema,2,MLP27,1.1111111111111112,False,True
codecontests_java_315,clean_schema_mismatch,1,L21H12,0.14914021164021163,True,True
codecontests_java_315,clean_schema_mismatch,2,MLP27,0.1531291335978836,True,True
codecontests_java_315,clean_no_protocol,1,L21H12,1.439153439153439,False,False
codecontests_java_315,clean_no_protocol,2,MLP27,2.2698412698412698,False,False
apps_python_316,clean_no_schema,1,L21H12,0.043434927983539096,True,True
apps_python_316,clean_no_schema,2,MLP27,0.018647119341563784,True,True
apps_python_316,clean_schema_mismatch,1,L21H12,0.20318930041152264,False,True
apps_python_316,clean_schema_mismatch,2,MLP27,0.26697530864197533,True,True
apps_python_316,clean_no_protocol,1,L21H12,1.5637860082304527,False,False
apps_python_316,clean_no_protocol,2,MLP27,2.2757201646090537,False,False
apps_python_317,clean_no_schema,1,L21H12,0.92,False,False
apps_python_317,clean_no_schema,2,MLP27,1.0514285714285714,False,False
apps_python_317,clean_schema_mismatch,1,L21H12,1.1714285714285715,False,False
apps_python_317,clean_schema_mismatch,2,MLP27,1.690357142857143,True,True
apps_python_317,clean_no_protocol,1,L21H12,1.3828571428571428,False,False
apps_python_317,clean_no_protocol,2,MLP27,2.217142857142857,False,False
codecontests_cpp_317,clean_no_schema,1,L21H12,0.9539877300613497,True,True
codecontests_cpp_317,clean_no_schema,2,MLP27,1.0498466257668713,True,True
codecontests_cpp_317,clean_schema_mismatch,1,L21H12,1.5897239263803682,True,True
codecontests_cpp_317,clean_schema_mismatch,2,MLP27,1.68611004601227,True,True
codecontests_cpp_317,clean_no_protocol,1,L21H12,5.2024539877300615,False,False
codecontests_cpp_317,clean_no_protocol,2,MLP27,6.7024539877300615,True,True
codecontests_java_317,clean_no_schema,1,L21H12,1.1303475935828877,True,True
codecontests_java_317,clean_no_schema,2,MLP27,1.1851604278074865,True,True
codecontests_java_317,clean_schema_mismatch,1,L21H12,1.1691176470588236,True,True
codecontests_java_317,clean_schema_mismatch,2,MLP27,1.2099348262032086,True,True
codecontests_java_317,clean_no_protocol,1,L21H12,2.518716577540107,False,False
codecontests_java_317,clean_no_protocol,2,MLP27,3.268716577540107,False,True
apps_python_318,clean_no_schema,1,L21H12,0.19634146341463415,False,True
apps_python_318,clean_no_schema,2,MLP27,0.22865853658536586,False,True
apps_python_318,clean_schema_mismatch,1,L21H12,0.474390243902439,False,True
apps_python_318,clean_schema_mismatch,2,MLP27,0.6253429878048781,True,True
apps_python_318,clean_no_protocol,1,L21H12,1.0878048780487806,False,False
apps_python_318,clean_no_protocol,2,MLP27,1.8439024390243903,False,False
codecontests_cpp_318,clean_no_schema,1,L21H12,0.6877777777777778,True,True
codecontests_cpp_318,clean_no_schema,2,MLP27,0.7759722222222222,True,True
codecontests_cpp_318,clean_schema_mismatch,1,L21H12,0.04079861111111111,True,True
codecontests_cpp_318,clean_schema_mismatch,2,MLP27,0.04583767361111111,True,True
codecontests_cpp_318,clean_no_protocol,1,L21H12,2.4355555555555557,False,False
codecontests_cpp_318,clean_no_protocol,2,MLP27,3.5975,True,True
codecontests_java_318,clean_no_schema,1,L21H12,0.7756076388888888,False,True
codecontests_java_318,clean_no_schema,2,MLP27,0.7942708333333334,True,True
codecontests_java_318,clean_schema_mismatch,1,L21H12,1.3598090277777777,False,True
codecontests_java_318,clean_schema_mismatch,2,MLP27,1.4350043402777777,True,True
codecontests_java_318,clean_no_protocol,1,L21H12,2.3055555555555554,False,False
codecontests_java_318,clean_no_protocol,2,MLP27,3.302951388888889,True,True
apps_python_319,clean_no_schema,1,L21H12,0.14533132530120482,True,True
apps_python_319,clean_no_schema,2,MLP27,0.0677710843373494,False,True
apps_python_319,clean_schema_mismatch,1,L21H12,1.091867469879518,False,False
apps_python_319,clean_schema_mismatch,2,MLP27,1.4430534638554218,True,True
apps_python_319,clean_no_protocol,1,L21H12,2.0180722891566263,False,False
apps_python_319,clean_no_protocol,2,MLP27,2.9156626506024095,False,False
codecontests_cpp_319,clean_no_schema,1,L21H12,0.85,True,True
codecontests_cpp_319,clean_no_schema,2,MLP27,0.9378378378378378,True,True
codecontests_cpp_319,clean_schema_mismatch,1,L21H12,1.7891891891891891,False,False
codecontests_cpp_319,clean_schema_mismatch,2,MLP27,2.3831081081081082,True,True
codecontests_cpp_319,clean_no_protocol,1,L21H12,2.616216216216216,False,False
codecontests_cpp_319,clean_no_protocol,2,MLP27,4.875675675675676,False,False
codecontests_java_319,clean_no_schema,1,L21H12,1.2344827586206897,False,False
codecontests_java_319,clean_no_schema,2,MLP27,1.5456896551724137,False,False
codecontests_java_319,clean_schema_mismatch,1,L21H12,0.5107758620689655,False,True
codecontests_java_319,clean_schema_mismatch,2,MLP27,0.5846241918103449,True,True
codecontests_java_319,clean_no_protocol,1,L21H12,1.4551724137931035,False,False
codecontests_java_319,clean_no_protocol,2,MLP27,2.722413793103448,False,False
codecontests_cpp_320,clean_no_schema,1,L21H12,0.26844262295081966,False,True
codecontests_cpp_320,clean_no_schema,2,MLP27,0.3480191256830601,True,True
codecontests_cpp_320,clean_schema_mismatch,1,L21H12,0.6550546448087432,False,True
codecontests_cpp_320,clean_schema_mismatch,2,MLP27,0.7351434426229508,True,True
codecontests_cpp_320,clean_no_protocol,1,L21H12,0.8442622950819673,False,False
codecontests_cpp_320,clean_no_protocol,2,MLP27,1.2616120218579234,False,True
codecontests_java_320,clean_no_schema,1,L21H12,0.23218457943925233,True,True
codecontests_java_320,clean_no_schema,2,MLP27,0.27548189252336447,True,True
codecontests_java_320,clean_schema_mismatch,1,L21H12,0.2578125,True,True
codecontests_java_320,clean_schema_mismatch,2,MLP27,0.2732914719626168,True,True
codecontests_java_320,clean_no_protocol,1,L21H12,1.5070093457943925,False,False
codecontests_java_320,clean_no_protocol,2,MLP27,1.9766355140186915,True,True
apps_python_321,clean_no_schema,1,L21H12,-0.004518072289156626,True,True
apps_python_321,clean_no_schema,2,MLP27,9.412650602409639e-05,True,True
apps_python_321,clean_schema_mismatch,1,L21H12,0.5760542168674698,False,False
apps_python_321,clean_schema_mismatch,2,MLP27,0.721667921686747,True,True
apps_python_321,clean_no_protocol,1,L21H12,2.0542168674698793,False,False
apps_python_321,clean_no_protocol,2,MLP27,3.1920180722891565,False,True
codecontests_java_321,clean_no_schema,1,L21H12,0.12521306818181818,True,True
codecontests_java_321,clean_no_schema,2,MLP27,0.13121448863636365,True,True
codecontests_java_321,clean_schema_mismatch,1,L21H12,0.006911399147727273,True,True
codecontests_java_321,clean_schema_mismatch,2,MLP27,0.007058438387784091,True,True
codecontests_java_321,clean_no_protocol,1,L21H12,4.415909090909091,False,True
codecontests_java_321,clean_no_protocol,2,MLP27,4.7534090909090905,True,True
mbpp_python_321,clean_no_schema,1,L21H12,0.9691358024691358,False,False
mbpp_python_321,clean_no_schema,2,MLP27,0.970679012345679,False,False
mbpp_python_321,clean_schema_mismatch,1,L21H12,1.1558641975308641,False,False
mbpp_python_321,clean_schema_mismatch,2,MLP27,1.5084876543209877,True,True
mbpp_python_321,clean_no_protocol,1,L21H12,2.4444444444444446,False,False
mbpp_python_321,clean_no_protocol,2,MLP27,3.682098765432099,False,False
apps_python_322,clean_no_schema,1,L21H12,0.061436170212765956,True,True
apps_python_322,clean_no_schema,2,MLP27,0.0747340425531915,True,True
apps_python_322,clean_schema_mismatch,1,L21H12,0.7340425531914894,False,False
apps_python_322,clean_schema_mismatch,2,MLP27,1.0452127659574468,True,True
apps_python_322,clean_no_protocol,1,L21H12,1.174468085106383,False,False
apps_python_322,clean_no_protocol,2,MLP27,2.029787234042553,True,True
codecontests_cpp_322,clean_no_schema,1,L21H12,0.600896860986547,True,True
codecontests_cpp_322,clean_no_schema,2,MLP27,0.6137892376681614,True,True
codecontests_cpp_322,clean_schema_mismatch,1,L21H12,0.4170403587443946,True,True
codecontests_cpp_322,clean_schema_mismatch,2,MLP27,0.5027326233183856,True,True
codecontests_cpp_322,clean_no_protocol,1,L21H12,1.946188340807175,False,False
codecontests_cpp_322,clean_no_protocol,2,MLP27,2.93890134529148,True,True
codecontests_java_322,clean_no_schema,1,L21H12,1.2608695652173914,False,False
codecontests_java_322,clean_no_schema,2,MLP27,1.2445652173913044,False,False
codecontests_java_322,clean_schema_mismatch,1,L21H12,0.511322463768116,True,True
codecontests_java_322,clean_schema_mismatch,2,MLP27,0.5274569746376812,True,True
codecontests_java_322,clean_no_protocol,1,L21H12,1.7318840579710144,False,False
codecontests_java_322,clean_no_protocol,2,MLP27,2.281929347826087,True,True
apps_python_323,clean_no_schema,1,L21H12,0.5796296296296296,True,True
apps_python_323,clean_no_schema,2,MLP27,0.6481481481481481,True,True
apps_python_323,clean_schema_mismatch,1,L21H12,2.214814814814815,False,False
apps_python_323,clean_schema_mismatch,2,MLP27,3.2916666666666665,True,True
apps_python_323,clean_no_protocol,1,L21H12,1.5851851851851853,False,False
apps_python_323,clean_no_protocol,2,MLP27,2.759259259259259,False,False
codecontests_cpp_323,clean_no_schema,1,L21H12,1.2372262773722629,False,True
codecontests_cpp_323,clean_no_schema,2,MLP27,1.4028284671532847,True,True
codecontests_cpp_323,clean_schema_mismatch,1,L21H12,4.364963503649635,False,False
codecontests_cpp_323,clean_schema_mismatch,2,MLP27,4.701642335766423,True,True
codecontests_cpp_323,clean_no_protocol,1,L21H12,5.306569343065694,False,False
codecontests_cpp_323,clean_no_protocol,2,MLP27,6.925182481751825,True,True
codecontests_java_323,clean_no_schema,1,L21H12,0.475251677852349,True,True
codecontests_java_323,clean_no_schema,2,MLP27,0.5122692953020134,True,True
codecontests_java_323,clean_schema_mismatch,1,L21H12,0.8942953020134228,True,True
codecontests_java_323,clean_schema_mismatch,2,MLP27,0.9802590184563759,True,True
codecontests_java_323,clean_no_protocol,1,L21H12,3.0268456375838926,False,False
codecontests_java_323,clean_no_protocol,2,MLP27,4.018456375838926,False,True
apps_python_324,clean_no_schema,1,L21H12,0.1459227467811159,False,True
apps_python_324,clean_no_schema,2,MLP27,0.15879828326180256,False,True
apps_python_324,clean_schema_mismatch,1,L21H12,0.778969957081545,False,False
apps_python_324,clean_schema_mismatch,2,MLP27,1.1738197424892705,True,True
apps_python_324,clean_no_protocol,1,L21H12,1.1244635193133048,False,False
apps_python_324,clean_no_protocol,2,MLP27,2.087982832618026,False,False
codecontests_java_324,clean_no_schema,1,L21H12,1.1135371179039302,False,False
codecontests_java_324,clean_no_schema,2,MLP27,1.2194323144104804,True,True
codecontests_java_324,clean_schema_mismatch,1,L21H12,1.0611353711790392,False,False
codecontests_java_324,clean_schema_mismatch,2,MLP27,1.2277565502183405,True,True
codecontests_java_324,clean_no_protocol,1,L21H12,1.4410480349344978,False,False
codecontests_java_324,clean_no_protocol,2,MLP27,2.311135371179039,False,True
apps_python_325,clean_no_schema,1,L21H12,0.28044871794871795,False,True
apps_python_325,clean_no_schema,2,MLP27,0.25106837606837606,False,True
apps_python_325,clean_schema_mismatch,1,L21H12,1.1111111111111112,False,False
apps_python_325,clean_schema_mismatch,2,MLP27,1.4612713675213675,True,True
apps_python_325,clean_no_protocol,1,L21H12,1.5128205128205128,False,False
apps_python_325,clean_no_protocol,2,MLP27,2.2457264957264957,False,True
codecontests_java_325,clean_no_schema,1,L21H12,1.190909090909091,False,False
codecontests_java_325,clean_no_schema,2,MLP27,1.3143939393939394,True,True
codecontests_java_325,clean_schema_mismatch,1,L21H12,0.6757575757575758,True,True
codecontests_java_325,clean_schema_mismatch,2,MLP27,0.6908143939393939,True,True
codecontests_java_325,clean_no_protocol,1,L21H12,1.4681818181818183,False,False
codecontests_java_325,clean_no_protocol,2,MLP27,1.7631155303030304,True,True
mbpp_python_325,clean_no_schema,1,L21H12,0.2208904109589041,False,True
mbpp_python_325,clean_no_schema,2,MLP27,0.17465753424657535,False,True
mbpp_python_325,clean_schema_mismatch,1,L21H12,0.75,False,False
mbpp_python_325,clean_schema_mismatch,2,MLP27,1.0425941780821917,False,True
mbpp_python_325,clean_no_protocol,1,L21H12,1.2671232876712328,False,False
mbpp_python_325,clean_no_protocol,2,MLP27,1.8210616438356164,False,True
apps_python_326,clean_no_schema,1,L21H12,0.7992957746478874,False,False
apps_python_326,clean_no_schema,2,MLP27,1.1232394366197183,False,False
apps_python_326,clean_schema_mismatch,1,L21H12,0.6012323943661971,False,False
apps_python_326,clean_schema_mismatch,2,MLP27,0.7460387323943662,True,True
apps_python_326,clean_no_protocol,1,L21H12,1.1690140845070423,False,False
apps_python_326,clean_no_protocol,2,MLP27,1.732394366197183,False,False
codecontests_cpp_326,clean_no_schema,1,L21H12,0.6128048780487805,True,True
codecontests_cpp_326,clean_no_schema,2,MLP27,0.6693025914634146,True,True
codecontests_cpp_326,clean_schema_mismatch,1,L21H12,0.9645579268292683,True,True
codecontests_cpp_326,clean_schema_mismatch,2,MLP27,1.006859756097561,True,True
codecontests_cpp_326,clean_no_protocol,1,L21H12,1.9115853658536586,False,False
codecontests_cpp_326,clean_no_protocol,2,MLP27,2.622713414634146,True,True
codecontests_java_326,clean_no_schema,1,L21H12,0.9008928571428572,True,True
codecontests_java_326,clean_no_schema,2,MLP27,0.9575055803571428,True,True
codecontests_java_326,clean_schema_mismatch,1,L21H12,1.1997767857142858,True,True
codecontests_java_326,clean_schema_mismatch,2,MLP27,1.2419084821428572,True,True
codecontests_java_326,clean_no_protocol,1,L21H12,1.0071428571428571,False,False
codecontests_java_326,clean_no_protocol,2,MLP27,1.2585379464285715,True,True
apps_python_327,clean_no_schema,1,L21H12,0.20787259615384615,True,True
apps_python_327,clean_no_schema,2,MLP27,0.175,True,True
apps_python_327,clean_schema_mismatch,1,L21H12,0.9826923076923076,True,True
apps_python_327,clean_schema_mismatch,2,MLP27,1.0420072115384615,True,True
apps_python_327,clean_no_protocol,1,L21H12,2.6307692307692307,False,False
apps_python_327,clean_no_protocol,2,MLP27,3.4269230769230767,False,False
codecontests_cpp_327,clean_no_schema,1,L21H12,1.4538461538461538,False,False
codecontests_cpp_327,clean_no_schema,2,MLP27,1.748076923076923,True,True
codecontests_cpp_327,clean_schema_mismatch,1,L21H12,2.008974358974359,False,False
codecontests_cpp_327,clean_schema_mismatch,2,MLP27,2.259695512820513,True,True
codecontests_cpp_327,clean_no_protocol,1,L21H12,3.364102564102564,False,False
codecontests_cpp_327,clean_no_protocol,2,MLP27,4.842307692307692,False,True
codecontests_java_327,clean_no_schema,1,L21H12,1.273936170212766,False,False
codecontests_java_327,clean_no_schema,2,MLP27,1.5871010638297873,True,True
codecontests_java_327,clean_schema_mismatch,1,L21H12,0.6858377659574468,True,True
codecontests_java_327,clean_schema_mismatch,2,MLP27,0.729970079787234,True,True
codecontests_java_327,clean_no_protocol,1,L21H12,2.2074468085106385,False,False
codecontests_java_327,clean_no_protocol,2,MLP27,3.310505319148936,False,False
mbpp_python_327,clean_no_schema,1,L21H12,0.8812949640287769,False,False
mbpp_python_327,clean_no_schema,2,MLP27,1.1978417266187051,False,False
mbpp_python_327,clean_schema_mismatch,1,L21H12,0.841726618705036,False,False
mbpp_python_327,clean_schema_mismatch,2,MLP27,1.02503934352518,True,True
mbpp_python_327,clean_no_protocol,1,L21H12,1.3021582733812949,False,False
mbpp_python_327,clean_no_protocol,2,MLP27,1.9928057553956835,False,False
apps_python_328,clean_no_schema,1,L21H12,0.25689935064935066,True,True
apps_python_328,clean_no_schema,2,MLP27,0.2650162337662338,True,True
apps_python_328,clean_schema_mismatch,1,L21H12,1.1810064935064934,False,True
apps_python_328,clean_schema_mismatch,2,MLP27,1.2947443181818181,True,True
apps_python_328,clean_no_protocol,1,L21H12,1.603896103896104,False,False
apps_python_328,clean_no_protocol,2,MLP27,2.340909090909091,False,False
codecontests_cpp_328,clean_no_schema,1,L21H12,1.0084033613445378,False,False
codecontests_cpp_328,clean_no_schema,2,MLP27,1.3476890756302522,False,False
codecontests_cpp_328,clean_schema_mismatch,1,L21H12,0.9653361344537815,False,False
codecontests_cpp_328,clean_schema_mismatch,2,MLP27,1.2211134453781514,True,True
codecontests_cpp_328,clean_no_protocol,1,L21H12,1.7899159663865547,False,False
codecontests_cpp_328,clean_no_protocol,2,MLP27,3.0798319327731094,False,False
codecontests_java_328,clean_no_schema,1,L21H12,0.9354281767955801,True,True
codecontests_java_328,clean_no_schema,2,MLP27,0.9684694406077348,True,True
codecontests_java_328,clean_schema_mismatch,1,L21H12,0.07728332182320442,True,True
codecontests_java_328,clean_schema_mismatch,2,MLP27,0.07862879294716851,True,True
codecontests_java_328,clean_no_protocol,1,L21H12,0.863950276243094,False,True
codecontests_java_328,clean_no_protocol,2,MLP27,0.9756344958563536,True,True
apps_python_329,clean_no_schema,1,L21H12,0.20012019230769232,True,True
apps_python_329,clean_no_schema,2,MLP27,0.1622596153846154,True,True
apps_python_329,clean_schema_mismatch,1,L21H12,1.6490384615384615,False,False
apps_python_329,clean_schema_mismatch,2,MLP27,2.183293269230769,True,True
apps_python_329,clean_no_protocol,1,L21H12,1.9230769230769231,False,False
apps_python_329,clean_no_protocol,2,MLP27,2.7548076923076925,False,True
codecontests_cpp_329,clean_no_schema,1,L21H12,0.4130271084337349,True,True
codecontests_cpp_329,clean_no_schema,2,MLP27,0.4265813253012048,True,True
codecontests_cpp_329,clean_schema_mismatch,1,L21H12,3.0376506024096384,True,False
codecontests_cpp_329,clean_schema_mismatch,2,MLP27,3.228539156626506,True,True
codecontests_cpp_329,clean_no_protocol,1,L21H12,3.602409638554217,False,False
codecontests_cpp_329,clean_no_protocol,2,MLP27,4.865210843373494,True,True
codecontests_java_329,clean_no_schema,1,L21H12,0.42824074074074076,True,True
codecontests_java_329,clean_no_schema,2,MLP27,0.44560185185185186,True,True
codecontests_java_329,clean_schema_mismatch,1,L21H12,1.1226851851851851,True,True
codecontests_java_329,clean_schema_mismatch,2,MLP27,1.1676311728395061,True,True
codecontests_java_329,clean_no_protocol,1,L21H12,1.9876543209876543,False,False
codecontests_java_329,clean_no_protocol,2,MLP27,2.685956790123457,True,True
apps_python_330,clean_no_schema,1,L21H12,0.06072916666666667,True,True
apps_python_330,clean_no_schema,2,MLP27,0.044583333333333336,True,True
apps_python_330,clean_schema_mismatch,1,L21H12,1.2216666666666667,False,False
apps_python_330,clean_schema_mismatch,2,MLP27,1.3488020833333334,True,True
apps_python_330,clean_no_protocol,1,L21H12,2.08,False,False
apps_python_330,clean_no_protocol,2,MLP27,2.8733333333333335,False,False
codecontests_cpp_330,clean_no_schema,1,L21H12,0.6241258741258742,False,False
codecontests_cpp_330,clean_no_schema,2,MLP27,0.7180944055944056,True,True
codecontests_cpp_330,clean_schema_mismatch,1,L21H12,1.5297202797202798,False,False
codecontests_cpp_330,clean_schema_mismatch,2,MLP27,1.8706293706293706,True,True
codecontests_cpp_330,clean_no_protocol,1,L21H12,1.6083916083916083,False,False
codecontests_cpp_330,clean_no_protocol,2,MLP27,2.3916083916083917,False,False
codecontests_java_330,clean_no_schema,1,L21H12,0.38083791208791207,True,True
codecontests_java_330,clean_no_schema,2,MLP27,0.417239010989011,True,True
codecontests_java_330,clean_schema_mismatch,1,L21H12,0.7022664835164835,True,True
codecontests_java_330,clean_schema_mismatch,2,MLP27,0.7256610576923077,True,True
codecontests_java_330,clean_no_protocol,1,L21H12,1.684065934065934,False,False
codecontests_java_330,clean_no_protocol,2,MLP27,2.233173076923077,True,True
apps_python_331,clean_no_schema,1,L21H12,0.47435897435897434,False,False
apps_python_331,clean_no_schema,2,MLP27,0.8183760683760684,False,False
apps_python_331,clean_schema_mismatch,1,L21H12,1.123931623931624,False,False
apps_python_331,clean_schema_mismatch,2,MLP27,1.9417735042735043,False,False
apps_python_331,clean_no_protocol,1,L21H12,1.4957264957264957,False,False
apps_python_331,clean_no_protocol,2,MLP27,2.4444444444444446,False,False
codecontests_java_331,clean_no_schema,1,L21H12,0.9739010989010989,False,False
codecontests_java_331,clean_no_schema,2,MLP27,1.1414835164835164,True,True
codecontests_java_331,clean_schema_mismatch,1,L21H12,0.32967032967032966,True,True
codecontests_java_331,clean_schema_mismatch,2,MLP27,0.3745278159340659,True,True
codecontests_java_331,clean_no_protocol,1,L21H12,1.4230769230769231,False,False
codecontests_java_331,clean_no_protocol,2,MLP27,2.370879120879121,False,False
apps_python_332,clean_no_schema,1,L21H12,0.006237887596899225,True,True
apps_python_332,clean_no_schema,2,MLP27,-0.006359011627906977,True,True
apps_python_332,clean_schema_mismatch,1,L21H12,0.8236434108527132,False,False
apps_python_332,clean_schema_mismatch,2,MLP27,1.059593023255814,True,True
apps_python_332,clean_no_protocol,1,L21H12,2.441860465116279,False,False
apps_python_332,clean_no_protocol,2,MLP27,3.439922480620155,False,False
codecontests_cpp_332,clean_no_schema,1,L21H12,1.1449704142011834,False,False
codecontests_cpp_332,clean_no_schema,2,MLP27,1.485207100591716,False,False
codecontests_cpp_332,clean_schema_mismatch,1,L21H12,1.5355029585798816,False,False
codecontests_cpp_332,clean_schema_mismatch,2,MLP27,1.8382026627218935,True,True
codecontests_cpp_332,clean_no_protocol,1,L21H12,2.6508875739644973,False,False
codecontests_cpp_332,clean_no_protocol,2,MLP27,4.514792899408284,False,False
codecontests_java_332,clean_no_schema,1,L21H12,1.322596153846154,True,True
codecontests_java_332,clean_no_schema,2,MLP27,1.3991586538461538,True,True
codecontests_java_332,clean_schema_mismatch,1,L21H12,0.7634014423076924,True,True
codecontests_java_332,clean_schema_mismatch,2,MLP27,0.768798828125,True,True
codecontests_java_332,clean_no_protocol,1,L21H12,1.4317307692307693,False,False
codecontests_java_332,clean_no_protocol,2,MLP27,1.6313401442307693,True,True
apps_python_333,clean_no_schema,1,L21H12,0.10399377593360996,True,True
apps_python_333,clean_no_schema,2,MLP27,0.04616182572614108,True,True
apps_python_333,clean_schema_mismatch,1,L21H12,0.7717842323651453,False,False
apps_python_333,clean_schema_mismatch,2,MLP27,0.9263485477178424,True,True
apps_python_333,clean_no_protocol,1,L21H12,2.929460580912863,False,False
apps_python_333,clean_no_protocol,2,MLP27,3.595435684647303,False,False
codecontests_cpp_333,clean_no_schema,1,L21H12,0.8755364806866953,True,True
codecontests_cpp_333,clean_no_schema,2,MLP27,0.9370976394849786,True,True
codecontests_cpp_333,clean_schema_mismatch,1,L21H12,2.0257510729613735,False,False
codecontests_cpp_333,clean_schema_mismatch,2,MLP27,2.656115879828326,True,True
codecontests_cpp_333,clean_no_protocol,1,L21H12,3.0901287553648067,False,False
codecontests_cpp_333,clean_no_protocol,2,MLP27,4.894849785407725,False,False
codecontests_java_333,clean_no_schema,1,L21H12,0.7886513157894737,False,False
codecontests_java_333,clean_no_schema,2,MLP27,0.9198190789473685,True,True
codecontests_java_333,clean_schema_mismatch,1,L21H12,0.6768092105263158,False,False
codecontests_java_333,clean_schema_mismatch,2,MLP27,0.7799907483552632,True,True
codecontests_java_333,clean_no_protocol,1,L21H12,1.0230263157894737,False,False
codecontests_java_333,clean_no_protocol,2,MLP27,1.71875,False,False
codecontests_cpp_334,clean_no_schema,1,L21H12,0.761437908496732,True,True
codecontests_cpp_334,clean_no_schema,2,MLP27,0.8758169934640523,True,True
codecontests_cpp_334,clean_schema_mismatch,1,L21H12,0.6111111111111112,True,True
codecontests_cpp_334,clean_schema_mismatch,2,MLP27,0.7452001633986928,True,True
codecontests_cpp_334,clean_no_protocol,1,L21H12,2.2483660130718954,False,False
codecontests_cpp_334,clean_no_protocol,2,MLP27,3.8986928104575163,False,False
codecontests_java_334,clean_no_schema,1,L21H12,0.6444209039548022,True,True
codecontests_java_334,clean_no_schema,2,MLP27,0.6759578036723164,True,True
codecontests_java_334,clean_schema_mismatch,1,L21H12,0.3422492937853107,True,True
codecontests_java_334,clean_schema_mismatch,2,MLP27,0.3582218838276836,True,True
codecontests_java_334,clean_no_protocol,1,L21H12,0.8884180790960452,False,False
codecontests_java_334,clean_no_protocol,2,MLP27,1.1180261299435028,True,True
codecontests_cpp_335,clean_no_schema,1,L21H12,1.5251677852348993,False,False
codecontests_cpp_335,clean_no_schema,2,MLP27,1.789010067114094,True,True
codecontests_cpp_335,clean_schema_mismatch,1,L21H12,2.0251677852348995,True,False
codecontests_cpp_335,clean_schema_mismatch,2,MLP27,2.2964555369127515,True,True
codecontests_cpp_335,clean_no_protocol,1,L21H12,4.859060402684563,False,False
codecontests_cpp_335,clean_no_protocol,2,MLP27,6.953020134228188,True,False
codecontests_java_335,clean_no_schema,1,L21H12,0.8251295336787565,False,False
codecontests_java_335,clean_no_schema,2,MLP27,0.9613018134715026,True,True
codecontests_java_335,clean_schema_mismatch,1,L21H12,1.0754533678756477,True,True
codecontests_java_335,clean_schema_mismatch,2,MLP27,1.1335816062176165,True,True
codecontests_java_335,clean_no_protocol,1,L21H12,1.7150259067357514,False,False
codecontests_java_335,clean_no_protocol,2,MLP27,2.3788860103626943,True,True
mbpp_python_335,clean_no_schema,1,L21H12,0.7253086419753086,False,False
mbpp_python_335,clean_no_schema,2,MLP27,0.9629629629629629,False,False
mbpp_python_335,clean_schema_mismatch,1,L21H12,0.3881172839506173,False,False
mbpp_python_335,clean_schema_mismatch,2,MLP27,0.5015432098765432,True,True
mbpp_python_335,clean_no_protocol,1,L21H12,0.808641975308642,False,False
mbpp_python_335,clean_no_protocol,2,MLP27,1.3410493827160495,False,False
apps_python_336,clean_no_schema,1,L21H12,1.0454545454545454,False,False
apps_python_336,clean_no_schema,2,MLP27,1.3778409090909092,False,False
apps_python_336,clean_schema_mismatch,1,L21H12,1.3636363636363635,False,False
apps_python_336,clean_schema_mismatch,2,MLP27,2.2542613636363638,False,False
apps_python_336,clean_no_protocol,1,L21H12,2.284090909090909,False,False
apps_python_336,clean_no_protocol,2,MLP27,3.3068181818181817,False,False
codecontests_java_336,clean_no_schema,1,L21H12,1.4917218543046358,False,False
codecontests_java_336,clean_no_schema,2,MLP27,1.6928807947019868,True,True
codecontests_java_336,clean_schema_mismatch,1,L21H12,3.410596026490066,False,False
codecontests_java_336,clean_schema_mismatch,2,MLP27,3.869101821192053,True,True
codecontests_java_336,clean_no_protocol,1,L21H12,3.3509933774834435,False,False
codecontests_java_336,clean_no_protocol,2,MLP27,4.7947019867549665,True,True
apps_python_337,clean_no_schema,1,L21H12,0.2507102272727273,False,True
apps_python_337,clean_no_schema,2,MLP27,0.1768465909090909,False,True
apps_python_337,clean_schema_mismatch,1,L21H12,0.8409090909090909,False,False
apps_python_337,clean_schema_mismatch,2,MLP27,1.3160511363636365,False,True
apps_python_337,clean_no_protocol,1,L21H12,1.0,False,False
apps_python_337,clean_no_protocol,2,MLP27,1.6647727272727273,False,False
codecontests_cpp_337,clean_no_schema,1,L21H12,0.5116758241758241,True,True
codecontests_cpp_337,clean_no_schema,2,MLP27,0.5903159340659341,True,True
codecontests_cpp_337,clean_schema_mismatch,1,L21H12,1.125,False,False
codecontests_cpp_337,clean_schema_mismatch,2,MLP27,1.412603021978022,True,True
codecontests_cpp_337,clean_no_protocol,1,L21H12,3.2747252747252746,False,False
codecontests_cpp_337,clean_no_protocol,2,MLP27,5.403846153846154,False,False
codecontests_java_337,clean_no_schema,1,L21H12,0.23533519553072627,False,False
codecontests_java_337,clean_no_schema,2,MLP27,0.33170391061452514,False,True
codecontests_java_337,clean_schema_mismatch,1,L21H12,0.4581005586592179,False,False
codecontests_java_337,clean_schema_mismatch,2,MLP27,0.6632332402234636,True,True
codecontests_java_337,clean_no_protocol,1,L21H12,0.6787709497206704,False,False
codecontests_java_337,clean_no_protocol,2,MLP27,1.1689944134078212,False,False
apps_python_338,clean_no_schema,1,L21H12,0.5521653543307087,False,True
apps_python_338,clean_no_schema,2,MLP27,0.46358267716535434,False,False
apps_python_338,clean_schema_mismatch,1,L21H12,0.8356299212598425,False,False
apps_python_338,clean_schema_mismatch,2,MLP27,1.013779527559055,True,True
apps_python_338,clean_no_protocol,1,L21H12,1.779527559055118,False,False
apps_python_338,clean_no_protocol,2,MLP27,2.4586614173228347,False,False
codecontests_java_338,clean_no_schema,1,L21H12,0.4889502762430939,True,True
codecontests_java_338,clean_no_schema,2,MLP27,0.5402279005524862,True,True
codecontests_java_338,clean_schema_mismatch,1,L21H12,1.381560773480663,True,True
codecontests_java_338,clean_schema_mismatch,2,MLP27,1.444578729281768,True,True
codecontests_java_338,clean_no_protocol,1,L21H12,2.314917127071823,False,False
codecontests_java_338,clean_no_protocol,2,MLP27,3.0904696132596685,True,True
apps_python_339,clean_no_schema,1,L21H12,0.7284768211920529,False,False
apps_python_339,clean_no_schema,2,MLP27,0.7268211920529801,False,False
apps_python_339,clean_schema_mismatch,1,L21H12,1.2549668874172186,False,False
apps_python_339,clean_schema_mismatch,2,MLP27,1.5885761589403973,True,True
apps_python_339,clean_no_protocol,1,L21H12,1.8609271523178808,False,False
apps_python_339,clean_no_protocol,2,MLP27,2.6556291390728477,False,False
codecontests_cpp_339,clean_no_schema,1,L21H12,0.27328020134228187,True,True
codecontests_cpp_339,clean_no_schema,2,MLP27,0.29850041946308725,True,True
codecontests_cpp_339,clean_schema_mismatch,1,L21H12,1.0335570469798658,False,False
codecontests_cpp_339,clean_schema_mismatch,2,MLP27,1.1624370805369129,True,True
codecontests_cpp_339,clean_no_protocol,1,L21H12,1.5503355704697988,False,False
codecontests_cpp_339,clean_no_protocol,2,MLP27,2.152265100671141,True,True
codecontests_java_339,clean_no_schema,1,L21H12,0.7205882352941176,False,False
codecontests_java_339,clean_no_schema,2,MLP27,0.9012366310160428,True,True
codecontests_java_339,clean_schema_mismatch,1,L21H12,1.1684491978609626,False,False
codecontests_java_339,clean_schema_mismatch,2,MLP27,1.3878676470588236,True,True
codecontests_java_339,clean_no_protocol,1,L21H12,1.3262032085561497,False,False
codecontests_java_339,clean_no_protocol,2,MLP27,2.014705882352941,False,True
apps_python_340,clean_no_schema,1,L21H12,0.47540983606557374,False,False
apps_python_340,clean_no_schema,2,MLP27,0.4948770491803279,False,True
apps_python_340,clean_schema_mismatch,1,L21H12,0.7346311475409836,False,False
apps_python_340,clean_schema_mismatch,2,MLP27,0.8578381147540983,True,True
apps_python_340,clean_no_protocol,1,L21H12,2.401639344262295,False,False
apps_python_340,clean_no_protocol,2,MLP27,3.0686475409836067,True,True
codecontests_cpp_340,clean_no_schema,1,L21H12,0.5857843137254902,False,True
codecontests_cpp_340,clean_no_schema,2,MLP27,0.6887254901960784,True,True
codecontests_cpp_340,clean_schema_mismatch,1,L21H12,1.3970588235294117,False,False
codecontests_cpp_340,clean_schema_mismatch,2,MLP27,1.6810661764705883,True,True
codecontests_cpp_340,clean_no_protocol,1,L21H12,1.9509803921568627,False,False
codecontests_cpp_340,clean_no_protocol,2,MLP27,3.0919117647058822,True,True
codecontests_java_340,clean_no_schema,1,L21H12,0.8458549222797928,False,False
codecontests_java_340,clean_no_schema,2,MLP27,1.0531088082901554,True,True
codecontests_java_340,clean_schema_mismatch,1,L21H12,0.18907869170984457,True,True
codecontests_java_340,clean_schema_mismatch,2,MLP27,0.19742248218911918,True,True
codecontests_java_340,clean_no_protocol,1,L21H12,2.0673575129533677,False,False
codecontests_java_340,clean_no_protocol,2,MLP27,3.0469559585492227,True,True
apps_python_341,clean_no_schema,1,L21H12,0.1455592105263158,True,True
apps_python_341,clean_no_schema,2,MLP27,0.12746710526315788,False,True
apps_python_341,clean_schema_mismatch,1,L21H12,0.42351973684210525,False,False
apps_python_341,clean_schema_mismatch,2,MLP27,0.5370065789473685,True,True
apps_python_341,clean_no_protocol,1,L21H12,2.013157894736842,False,False
apps_python_341,clean_no_protocol,2,MLP27,2.710526315789474,False,False
codecontests_cpp_341,clean_no_schema,1,L21H12,0.13982371794871795,True,True
codecontests_cpp_341,clean_no_schema,2,MLP27,0.16286057692307693,True,True
codecontests_cpp_341,clean_schema_mismatch,1,L21H12,0.5612980769230769,True,True
codecontests_cpp_341,clean_schema_mismatch,2,MLP27,0.6139698517628205,True,True
codecontests_cpp_341,clean_no_protocol,1,L21H12,1.6923076923076923,False,False
codecontests_cpp_341,clean_no_protocol,2,MLP27,2.9983974358974357,False,False
codecontests_java_341,clean_no_schema,1,L21H12,0.5650735294117647,True,True
codecontests_java_341,clean_no_schema,2,MLP27,0.6284926470588236,True,True
codecontests_java_341,clean_schema_mismatch,1,L21H12,1.4470588235294117,False,False
codecontests_java_341,clean_schema_mismatch,2,MLP27,1.7044117647058823,True,True
codecontests_java_341,clean_no_protocol,1,L21H12,1.7941176470588236,False,False
codecontests_java_341,clean_no_protocol,2,MLP27,2.7794117647058822,False,False
apps_python_342,clean_no_schema,1,L21H12,0.12640881147540983,True,True
apps_python_342,clean_no_schema,2,MLP27,0.07120901639344263,True,True
apps_python_342,clean_schema_mismatch,1,L21H12,0.6060450819672131,True,True
apps_python_342,clean_schema_mismatch,2,MLP27,0.7086001536885246,True,True
apps_python_342,clean_no_protocol,1,L21H12,3.377049180327869,False,False
apps_python_342,clean_no_protocol,2,MLP27,4.211065573770492,False,False
codecontests_cpp_342,clean_no_schema,1,L21H12,0.7884615384615384,False,False
codecontests_cpp_342,clean_no_schema,2,MLP27,0.9625,True,True
codecontests_cpp_342,clean_schema_mismatch,1,L21H12,0.8350961538461539,False,True
codecontests_cpp_342,clean_schema_mismatch,2,MLP27,0.9353365384615384,True,True
codecontests_cpp_342,clean_no_protocol,1,L21H12,2.276923076923077,False,False
codecontests_cpp_342,clean_no_protocol,2,MLP27,3.770192307692308,False,False
codecontests_java_342,clean_no_schema,1,L21H12,0.6157786885245902,False,False
codecontests_java_342,clean_no_schema,2,MLP27,0.6828893442622951,True,False
codecontests_java_342,clean_schema_mismatch,1,L21H12,0.5568647540983607,True,False
codecontests_java_342,clean_schema_mismatch,2,MLP27,0.6414574795081968,True,True
codecontests_java_342,clean_no_protocol,1,L21H12,1.5368852459016393,False,False
codecontests_java_342,clean_no_protocol,2,MLP27,2.3493852459016393,False,False
apps_python_343,clean_no_schema,1,L21H12,0.06389232673267327,True,True
apps_python_343,clean_no_schema,2,MLP27,0.04176980198019802,True,True
apps_python_343,clean_schema_mismatch,1,L21H12,1.5315594059405941,True,True
apps_python_343,clean_schema_mismatch,2,MLP27,1.59375,True,True
apps_python_343,clean_no_protocol,1,L21H12,3.267326732673267,False,False
apps_python_343,clean_no_protocol,2,MLP27,4.4727722772277225,False,False
codecontests_cpp_343,clean_no_schema,1,L21H12,0.07472541841004184,True,True
codecontests_cpp_343,clean_no_schema,2,MLP27,0.08250523012552301,True,True
codecontests_cpp_343,clean_schema_mismatch,1,L21H12,1.5580543933054394,True,True
codecontests_cpp_343,clean_schema_mismatch,2,MLP27,1.6034747646443515,True,True
codecontests_cpp_343,clean_no_protocol,1,L21H12,3.5481171548117154,False,False
codecontests_cpp_343,clean_no_protocol,2,MLP27,5.012029288702929,True,True
codecontests_java_343,clean_no_schema,1,L21H12,0.08723187869822485,True,True
codecontests_java_343,clean_no_schema,2,MLP27,0.09095321745562131,True,True
codecontests_java_343,clean_schema_mismatch,1,L21H12,0.4081453402366864,True,True
codecontests_java_343,clean_schema_mismatch,2,MLP27,0.41314950073964496,True,True
codecontests_java_343,clean_no_protocol,1,L21H12,3.1449704142011834,False,True
codecontests_java_343,clean_no_protocol,2,MLP27,3.617534208579882,True,True
apps_python_344,clean_no_schema,1,L21H12,0.5397245762711864,True,True
apps_python_344,clean_no_schema,2,MLP27,0.5778601694915254,True,True
apps_python_344,clean_schema_mismatch,1,L21H12,0.8448093220338984,False,True
apps_python_344,clean_schema_mismatch,2,MLP27,0.947067002118644,True,True
apps_python_344,clean_no_protocol,1,L21H12,0.649364406779661,False,True
apps_python_344,clean_no_protocol,2,MLP27,0.8147510593220338,True,True
codecontests_cpp_344,clean_no_schema,1,L21H12,0.2068292025862069,True,True
codecontests_cpp_344,clean_no_schema,2,MLP27,0.21299164870689655,True,True
codecontests_cpp_344,clean_schema_mismatch,1,L21H12,1.6002155172413792,False,False
codecontests_cpp_344,clean_schema_mismatch,2,MLP27,1.8230064655172413,True,True
codecontests_cpp_344,clean_no_protocol,1,L21H12,2.3620689655172415,False,False
codecontests_cpp_344,clean_no_protocol,2,MLP27,3.5053879310344827,False,True
codecontests_java_344,clean_no_schema,1,L21H12,0.8361702127659575,False,False
codecontests_java_344,clean_no_schema,2,MLP27,0.925531914893617,True,True
codecontests_java_344,clean_schema_mismatch,1,L21H12,1.221276595744681,False,False
codecontests_java_344,clean_schema_mismatch,2,MLP27,1.3382978723404255,True,True
codecontests_java_344,clean_no_protocol,1,L21H12,1.348936170212766,False,False
codecontests_java_344,clean_no_protocol,2,MLP27,1.922340425531915,False,True
apps_python_345,clean_no_schema,1,L21H12,0.9533898305084746,False,False
apps_python_345,clean_no_schema,2,MLP27,0.934322033898305,False,False
apps_python_345,clean_schema_mismatch,1,L21H12,0.8744703389830508,False,True
apps_python_345,clean_schema_mismatch,2,MLP27,0.9277012711864406,True,True
apps_python_345,clean_no_protocol,1,L21H12,2.0508474576271185,False,False
apps_python_345,clean_no_protocol,2,MLP27,2.8665254237288136,False,False
codecontests_java_345,clean_no_schema,1,L21H12,0.48743556701030927,True,True
codecontests_java_345,clean_no_schema,2,MLP27,0.5404317010309279,True,True
codecontests_java_345,clean_schema_mismatch,1,L21H12,0.7569265463917526,True,True
codecontests_java_345,clean_schema_mismatch,2,MLP27,0.7859817976804123,True,True
codecontests_java_345,clean_no_protocol,1,L21H12,1.2989690721649485,False,False
codecontests_java_345,clean_no_protocol,2,MLP27,1.762242268041237,True,True
apps_python_346,clean_no_schema,1,L21H12,0.4594594594594595,False,False
apps_python_346,clean_no_schema,2,MLP27,0.5709459459459459,False,False
apps_python_346,clean_schema_mismatch,1,L21H12,1.4707207207207207,False,False
apps_python_346,clean_schema_mismatch,2,MLP27,2.017314189189189,True,True
apps_python_346,clean_no_protocol,1,L21H12,2.4324324324324325,False,False
apps_python_346,clean_no_protocol,2,MLP27,3.855855855855856,False,False
codecontests_cpp_346,clean_no_schema,1,L21H12,1.045,True,True
codecontests_cpp_346,clean_no_schema,2,MLP27,1.1316666666666666,True,True
codecontests_cpp_346,clean_schema_mismatch,1,L21H12,1.6858333333333333,True,True
codecontests_cpp_346,clean_schema_mismatch,2,MLP27,1.737986111111111,True,True
codecontests_cpp_346,clean_no_protocol,1,L21H12,3.9244444444444446,False,False
codecontests_cpp_346,clean_no_protocol,2,MLP27,4.533055555555555,True,True
codecontests_java_346,clean_no_schema,1,L21H12,0.48978365384615385,True,True
codecontests_java_346,clean_no_schema,2,MLP27,0.5125450721153846,True,True
codecontests_java_346,clean_schema_mismatch,1,L21H12,0.3894606370192308,True,True
codecontests_java_346,clean_schema_mismatch,2,MLP27,0.3976862980769231,True,True
codecontests_java_346,clean_no_protocol,1,L21H12,1.5528846153846154,False,False
codecontests_java_346,clean_no_protocol,2,MLP27,1.9272085336538463,True,True
apps_python_347,clean_no_schema,1,L21H12,0.2238372093023256,False,False
apps_python_347,clean_no_schema,2,MLP27,0.2553294573643411,False,True
apps_python_347,clean_schema_mismatch,1,L21H12,0.9806201550387597,False,False
apps_python_347,clean_schema_mismatch,2,MLP27,1.6162790697674418,False,True
apps_python_347,clean_no_protocol,1,L21H12,0.5310077519379846,False,False
apps_python_347,clean_no_protocol,2,MLP27,1.0765503875968991,False,True
codecontests_cpp_347,clean_no_schema,1,L21H12,0.7370892018779343,False,False
codecontests_cpp_347,clean_no_schema,2,MLP27,0.8544600938967136,True,True
codecontests_cpp_347,clean_schema_mismatch,1,L21H12,1.6854460093896713,False,False
codecontests_cpp_347,clean_schema_mismatch,2,MLP27,2.143192488262911,True,True
codecontests_cpp_347,clean_no_protocol,1,L21H12,2.751173708920188,False,False
codecontests_cpp_347,clean_no_protocol,2,MLP27,4.539906103286385,False,False
codecontests_java_347,clean_no_schema,1,L21H12,0.5089285714285714,False,False
codecontests_java_347,clean_no_schema,2,MLP27,0.5770745798319328,True,True
codecontests_java_347,clean_schema_mismatch,1,L21H12,0.14412092962184875,True,True
codecontests_java_347,clean_schema_mismatch,2,MLP27,0.14748555672268907,True,True
codecontests_java_347,clean_no_protocol,1,L21H12,1.5252100840336134,False,False
codecontests_java_347,clean_no_protocol,2,MLP27,2.3781512605042017,False,False
apps_python_348,clean_no_schema,1,L21H12,0.5649271844660194,True,True
apps_python_348,clean_no_schema,2,MLP27,0.5981492718446602,True,True
apps_python_348,clean_schema_mismatch,1,L21H12,0.17982023665048544,True,True
apps_python_348,clean_schema_mismatch,2,MLP27,0.17995297330097088,True,True
apps_python_348,clean_no_protocol,1,L21H12,2.0,False,False
apps_python_348,clean_no_protocol,2,MLP27,2.9611650485436893,False,False
codecontests_java_348,clean_no_schema,1,L21H12,0.4661764705882353,True,True
codecontests_java_348,clean_no_schema,2,MLP27,0.5037683823529412,True,True
codecontests_java_348,clean_schema_mismatch,1,L21H12,0.18740808823529412,True,True
codecontests_java_348,clean_schema_mismatch,2,MLP27,0.19258961397058824,True,True
codecontests_java_348,clean_no_protocol,1,L21H12,1.1529411764705881,False,True
codecontests_java_348,clean_no_protocol,2,MLP27,1.3638786764705881,True,True
apps_python_349,clean_no_schema,1,L21H12,0.015099158653846154,True,True
apps_python_349,clean_no_schema,2,MLP27,0.011756310096153846,True,True
apps_python_349,clean_schema_mismatch,1,L21H12,0.06343900240384616,True,True
apps_python_349,clean_schema_mismatch,2,MLP27,0.06825608473557693,True,True
apps_python_349,clean_no_protocol,1,L21H12,1.7740384615384615,False,False
apps_python_349,clean_no_protocol,2,MLP27,2.6322115384615383,False,False
codecontests_cpp_349,clean_no_schema,1,L21H12,0.39646946564885494,True,True
codecontests_cpp_349,clean_no_schema,2,MLP27,0.4594465648854962,True,True
codecontests_cpp_349,clean_schema_mismatch,1,L21H12,3.786259541984733,False,False
codecontests_cpp_349,clean_schema_mismatch,2,MLP27,4.432729007633588,True,True
codecontests_cpp_349,clean_no_protocol,1,L21H12,4.396946564885496,False,False
codecontests_cpp_349,clean_no_protocol,2,MLP27,6.2958015267175576,False,False
codecontests_java_349,clean_no_schema,1,L21H12,2.1666666666666665,False,False
codecontests_java_349,clean_no_schema,2,MLP27,2.688008130081301,True,True
codecontests_java_349,clean_schema_mismatch,1,L21H12,5.430894308943089,False,False
codecontests_java_349,clean_schema_mismatch,2,MLP27,6.495934959349594,True,True
codecontests_java_349,clean_no_protocol,1,L21H12,6.065040650406504,False,False
codecontests_java_349,clean_no_protocol,2,MLP27,8.664634146341463,False,False
apps_python_350,clean_no_schema,1,L21H12,2.0853174603174605,False,False
apps_python_350,clean_no_schema,2,MLP27,2.1686507936507935,False,False
apps_python_350,clean_schema_mismatch,1,L21H12,2.3015873015873014,False,False
apps_python_350,clean_schema_mismatch,2,MLP27,2.7217261904761907,True,True
apps_python_350,clean_no_protocol,1,L21H12,2.7777777777777777,False,False
apps_python_350,clean_no_protocol,2,MLP27,3.6865079365079363,False,False
codecontests_java_350,clean_no_schema,1,L21H12,0.5983455882352942,False,False
codecontests_java_350,clean_no_schema,2,MLP27,0.7284007352941176,True,True
codecontests_java_350,clean_schema_mismatch,1,L21H12,0.4177389705882353,True,True
codecontests_java_350,clean_schema_mismatch,2,MLP27,0.44624777401194854,True,True
codecontests_java_350,clean_no_protocol,1,L21H12,1.2389705882352942,False,False
codecontests_java_350,clean_no_protocol,2,MLP27,2.051470588235294,False,False
apps_python_351,clean_no_schema,1,L21H12,0.5190839694656488,False,False
apps_python_351,clean_no_schema,2,MLP27,0.8625954198473282,False,False
apps_python_351,clean_schema_mismatch,1,L21H12,0.2738549618320611,False,False
apps_python_351,clean_schema_mismatch,2,MLP27,0.3848401717557252,True,True
apps_python_351,clean_no_protocol,1,L21H12,0.732824427480916,False,False
apps_python_351,clean_no_protocol,2,MLP27,1.2633587786259541,False,False
apps_python_352,clean_no_schema,1,L21H12,1.1536144578313252,False,False
apps_python_352,clean_no_schema,2,MLP27,1.2921686746987953,False,False
apps_python_352,clean_schema_mismatch,1,L21H12,0.20971385542168675,True,True
apps_python_352,clean_schema_mismatch,2,MLP27,0.2664015436746988,True,True
apps_python_352,clean_no_protocol,1,L21H12,2.5542168674698793,False,False
apps_python_352,clean_no_protocol,2,MLP27,3.460843373493976,False,False
apps_python_353,clean_no_schema,1,L21H12,0.32130281690140844,True,True
apps_python_353,clean_no_schema,2,MLP27,0.3314260563380282,True,True
apps_python_353,clean_schema_mismatch,1,L21H12,0.5,False,False
apps_python_353,clean_schema_mismatch,2,MLP27,0.6505831866197183,True,True
apps_python_353,clean_no_protocol,1,L21H12,2.767605633802817,False,False
apps_python_353,clean_no_protocol,2,MLP27,3.943661971830986,False,False
codecontests_java_353,clean_no_schema,1,L21H12,0.702020202020202,True,True
codecontests_java_353,clean_no_schema,2,MLP27,0.7533143939393939,True,True
codecontests_java_353,clean_schema_mismatch,1,L21H12,0.1040976167929293,True,True
codecontests_java_353,clean_schema_mismatch,2,MLP27,0.10531338778409091,True,True
codecontests_java_353,clean_no_protocol,1,L21H12,1.0454545454545454,False,False
codecontests_java_353,clean_no_protocol,2,MLP27,1.4226641414141414,True,True
apps_python_354,clean_no_schema,1,L21H12,0.4920774647887324,False,False
apps_python_354,clean_no_schema,2,MLP27,0.5079225352112676,False,False
apps_python_354,clean_schema_mismatch,1,L21H12,0.6214788732394366,False,True
apps_python_354,clean_schema_mismatch,2,MLP27,0.7389964788732394,True,True
apps_python_354,clean_no_protocol,1,L21H12,2.0774647887323945,False,False
apps_python_354,clean_no_protocol,2,MLP27,2.920774647887324,False,False
codecontests_cpp_354,clean_no_schema,1,L21H12,1.18875,False,False
codecontests_cpp_354,clean_no_schema,2,MLP27,1.418125,True,True
codecontests_cpp_354,clean_schema_mismatch,1,L21H12,2.5525,False,False
codecontests_cpp_354,clean_schema_mismatch,2,MLP27,2.8084375,True,True
codecontests_cpp_354,clean_no_protocol,1,L21H12,2.32,False,False
codecontests_cpp_354,clean_no_protocol,2,MLP27,3.87375,False,True
codecontests_java_354,clean_no_schema,1,L21H12,0.8058252427184466,True,True
codecontests_java_354,clean_no_schema,2,MLP27,0.8417779126213593,True,True
codecontests_java_354,clean_schema_mismatch,1,L21H12,0.34989381067961167,True,True
codecontests_java_354,clean_schema_mismatch,2,MLP27,0.3588037583434466,True,True
codecontests_java_354,clean_no_protocol,1,L21H12,0.8228155339805825,False,False
codecontests_java_354,clean_no_protocol,2,MLP27,1.0298278216019416,True,True
apps_python_355,clean_no_schema,1,L21H12,0.8924870466321243,False,False
apps_python_355,clean_no_schema,2,MLP27,0.883419689119171,False,False
apps_python_355,clean_schema_mismatch,1,L21H12,0.6230569948186528,False,True
apps_python_355,clean_schema_mismatch,2,MLP27,0.6863665803108808,True,True
apps_python_355,clean_no_protocol,1,L21H12,1.4300518134715026,False,False
apps_python_355,clean_no_protocol,2,MLP27,1.9300518134715026,False,False
codecontests_java_355,clean_no_schema,1,L21H12,2.011904761904762,True,True
codecontests_java_355,clean_no_schema,2,MLP27,2.0124458874458875,True,True
codecontests_java_355,clean_schema_mismatch,1,L21H12,4.025974025974026,True,True
codecontests_java_355,clean_schema_mismatch,2,MLP27,4.084009740259741,True,True
codecontests_java_355,clean_no_protocol,1,L21H12,6.9437229437229435,False,False
codecontests_java_355,clean_no_protocol,2,MLP27,9.068181818181818,True,True
apps_python_356,clean_no_schema,1,L21H12,0.580568720379147,False,False
apps_python_356,clean_no_schema,2,MLP27,0.7239336492890995,False,False
apps_python_356,clean_schema_mismatch,1,L21H12,1.037914691943128,False,False
apps_python_356,clean_schema_mismatch,2,MLP27,1.3170171800947867,True,True
apps_python_356,clean_no_protocol,1,L21H12,1.9241706161137442,False,False
apps_python_356,clean_no_protocol,2,MLP27,2.8696682464454977,False,False
codecontests_java_356,clean_no_schema,1,L21H12,0.75,False,False
codecontests_java_356,clean_no_schema,2,MLP27,0.8829511834319527,True,True
codecontests_java_356,clean_schema_mismatch,1,L21H12,0.13808247041420119,True,True
codecontests_java_356,clean_schema_mismatch,2,MLP27,0.14319064349112426,True,True
codecontests_java_356,clean_no_protocol,1,L21H12,2.396449704142012,False,False
codecontests_java_356,clean_no_protocol,2,MLP27,3.2810650887573964,True,True
apps_python_357,clean_no_schema,1,L21H12,0.7382352941176471,False,False
apps_python_357,clean_no_schema,2,MLP27,0.8176470588235294,False,False
apps_python_357,clean_schema_mismatch,1,L21H12,0.6897058823529412,False,False
apps_python_357,clean_schema_mismatch,2,MLP27,1.0251838235294117,True,True
apps_python_357,clean_no_protocol,1,L21H12,2.4352941176470586,False,False
apps_python_357,clean_no_protocol,2,MLP27,3.8558823529411765,False,False
codecontests_cpp_357,clean_no_schema,1,L21H12,1.2544642857142858,False,False
codecontests_cpp_357,clean_no_schema,2,MLP27,1.3519345238095237,True,True
codecontests_cpp_357,clean_schema_mismatch,1,L21H12,2.050595238095238,False,False
codecontests_cpp_357,clean_schema_mismatch,2,MLP27,2.494419642857143,True,True
codecontests_cpp_357,clean_no_protocol,1,L21H12,4.440476190476191,False,False
codecontests_cpp_357,clean_no_protocol,2,MLP27,6.227678571428571,False,False
codecontests_java_357,clean_no_schema,1,L21H12,0.4595744680851064,False,False
codecontests_java_357,clean_no_schema,2,MLP27,0.5946808510638298,False,False
codecontests_java_357,clean_schema_mismatch,1,L21H12,0.3771276595744681,False,False
codecontests_java_357,clean_schema_mismatch,2,MLP27,0.48868434175531916,True,True
codecontests_java_357,clean_no_protocol,1,L21H12,0.8851063829787233,False,False
codecontests_java_357,clean_no_protocol,2,MLP27,1.7351063829787234,False,False
codecontests_cpp_358,clean_no_schema,1,L21H12,1.15,True,True
codecontests_cpp_358,clean_no_schema,2,MLP27,1.3261160714285714,True,True
codecontests_cpp_358,clean_schema_mismatch,1,L21H12,0.19949776785714285,True,True
codecontests_cpp_358,clean_schema_mismatch,2,MLP27,0.21068638392857142,True,True
codecontests_cpp_358,clean_no_protocol,1,L21H12,2.9,False,False
codecontests_cpp_358,clean_no_protocol,2,MLP27,4.600446428571429,True,True
codecontests_java_358,clean_no_schema,1,L21H12,0.1504794034090909,True,True
codecontests_java_358,clean_no_schema,2,MLP27,0.16477272727272727,True,True
codecontests_java_358,clean_schema_mismatch,1,L21H12,0.055009321732954544,True,True
codecontests_java_358,clean_schema_mismatch,2,MLP27,0.05666698109019886,True,True
codecontests_java_358,clean_no_protocol,1,L21H12,1.7627840909090908,False,False
codecontests_java_358,clean_no_protocol,2,MLP27,2.108132102272727,True,True
apps_python_359,clean_no_schema,1,L21H12,0.3629943502824859,False,False
apps_python_359,clean_no_schema,2,MLP27,0.4576271186440678,False,False
apps_python_359,clean_schema_mismatch,1,L21H12,0.8728813559322034,False,False
apps_python_359,clean_schema_mismatch,2,MLP27,1.189353813559322,True,True
apps_python_359,clean_no_protocol,1,L21H12,1.7062146892655368,False,False
apps_python_359,clean_no_protocol,2,MLP27,2.1553672316384183,False,False
codecontests_java_359,clean_no_schema,1,L21H12,0.7544964028776978,True,True
codecontests_java_359,clean_no_schema,2,MLP27,0.8376798561151079,True,True
codecontests_java_359,clean_schema_mismatch,1,L21H12,1.977068345323741,True,True
codecontests_java_359,clean_schema_mismatch,2,MLP27,2.0674460431654675,True,True
codecontests_java_359,clean_no_protocol,1,L21H12,2.723021582733813,False,False
codecontests_java_359,clean_no_protocol,2,MLP27,3.462230215827338,True,True
apps_python_360,clean_no_schema,1,L21H12,0.010247564935064936,True,True
apps_python_360,clean_no_schema,2,MLP27,0.010907061688311688,True,True
apps_python_360,clean_schema_mismatch,1,L21H12,0.9691558441558441,False,False
apps_python_360,clean_schema_mismatch,2,MLP27,1.180093344155844,True,True
apps_python_360,clean_no_protocol,1,L21H12,2.74025974025974,False,False
apps_python_360,clean_no_protocol,2,MLP27,4.003246753246753,False,False
codecontests_cpp_360,clean_no_schema,1,L21H12,0.20741580310880828,True,True
codecontests_cpp_360,clean_no_schema,2,MLP27,0.21462111398963732,True,True
codecontests_cpp_360,clean_schema_mismatch,1,L21H12,2.098445595854922,True,True
codecontests_cpp_360,clean_schema_mismatch,2,MLP27,2.22251457253886,True,True
codecontests_cpp_360,clean_no_protocol,1,L21H12,3.4922279792746114,False,False
codecontests_cpp_360,clean_no_protocol,2,MLP27,5.301813471502591,True,True
codecontests_java_360,clean_no_schema,1,L21H12,0.5670731707317073,False,False
codecontests_java_360,clean_no_schema,2,MLP27,0.6303353658536586,True,True
codecontests_java_360,clean_schema_mismatch,1,L21H12,0.7032520325203252,False,True
codecontests_java_360,clean_schema_mismatch,2,MLP27,0.7657202743902439,True,True
codecontests_java_360,clean_no_protocol,1,L21H12,1.4796747967479675,False,False
codecontests_java_360,clean_no_protocol,2,MLP27,2.313008130081301,False,False
apps_python_361,clean_no_schema,1,L21H12,1.188073394495413,False,False
apps_python_361,clean_no_schema,2,MLP27,1.6077981651376148,False,False
apps_python_361,clean_schema_mismatch,1,L21H12,1.4243119266055047,False,False
apps_python_361,clean_schema_mismatch,2,MLP27,1.957282110091743,True,True
apps_python_361,clean_no_protocol,1,L21H12,1.5412844036697249,False,False
apps_python_361,clean_no_protocol,2,MLP27,2.5252293577981653,True,True
codecontests_cpp_361,clean_no_schema,1,L21H12,0.4994266055045872,False,True
codecontests_cpp_361,clean_no_schema,2,MLP27,0.5639334862385321,True,True
codecontests_cpp_361,clean_schema_mismatch,1,L21H12,1.264908256880734,False,False
codecontests_cpp_361,clean_schema_mismatch,2,MLP27,1.493262614678899,True,True
codecontests_cpp_361,clean_no_protocol,1,L21H12,1.5321100917431192,False,False
codecontests_cpp_361,clean_no_protocol,2,MLP27,2.4541284403669725,False,True
codecontests_java_361,clean_no_schema,1,L21H12,0.6305490654205608,True,True
codecontests_java_361,clean_no_schema,2,MLP27,0.6784827686915887,True,True
codecontests_java_361,clean_schema_mismatch,1,L21H12,0.39544392523364486,True,True
codecontests_java_361,clean_schema_mismatch,2,MLP27,0.40317884783878505,True,True
codecontests_java_361,clean_no_protocol,1,L21H12,1.8831775700934579,False,False
codecontests_java_361,clean_no_protocol,2,MLP27,2.6153621495327104,True,True
apps_python_362,clean_no_schema,1,L21H12,0.7027777777777777,True,True
apps_python_362,clean_no_schema,2,MLP27,0.7398148148148148,True,True
apps_python_362,clean_schema_mismatch,1,L21H12,0.7375,True,True
apps_python_362,clean_schema_mismatch,2,MLP27,0.7830005787037037,True,True
apps_python_362,clean_no_protocol,1,L21H12,1.125925925925926,False,False
apps_python_362,clean_no_protocol,2,MLP27,1.4096064814814815,True,True
codecontests_cpp_362,clean_no_schema,1,L21H12,0.6075858778625954,True,True
codecontests_cpp_362,clean_no_schema,2,MLP27,0.6368976622137404,True,True
codecontests_cpp_362,clean_schema_mismatch,1,L21H12,2.1717557251908395,True,True
codecontests_cpp_362,clean_schema_mismatch,2,MLP27,2.2268010496183206,True,True
codecontests_cpp_362,clean_no_protocol,1,L21H12,2.645038167938931,False,False
codecontests_cpp_362,clean_no_protocol,2,MLP27,3.3619990458015265,True,True
codecontests_java_362,clean_no_schema,1,L21H12,0.5138888888888888,False,False
codecontests_java_362,clean_no_schema,2,MLP27,0.6048177083333334,True,True
codecontests_java_362,clean_schema_mismatch,1,L21H12,0.6541666666666667,False,False
codecontests_java_362,clean_schema_mismatch,2,MLP27,0.9536892361111111,True,True
codecontests_java_362,clean_no_protocol,1,L21H12,0.7305555555555555,False,False
codecontests_java_362,clean_no_protocol,2,MLP27,1.1923611111111112,False,True
apps_python_363,clean_no_schema,1,L21H12,0.13812154696132597,False,True
apps_python_363,clean_no_schema,2,MLP27,0.09046961325966851,False,False
apps_python_363,clean_schema_mismatch,1,L21H12,0.9074585635359116,False,False
apps_python_363,clean_schema_mismatch,2,MLP27,1.0707872928176796,True,True
apps_python_363,clean_no_protocol,1,L21H12,1.6022099447513811,False,False
apps_python_363,clean_no_protocol,2,MLP27,2.2154696132596685,False,False
codecontests_java_363,clean_no_schema,1,L21H12,1.0157563025210083,False,False
codecontests_java_363,clean_no_schema,2,MLP27,1.0955882352941178,True,True
codecontests_java_363,clean_schema_mismatch,1,L21H12,2.0399159663865545,False,False
codecontests_java_363,clean_schema_mismatch,2,MLP27,2.3090861344537816,True,True
codecontests_java_363,clean_no_protocol,1,L21H12,3.3529411764705883,False,False
codecontests_java_363,clean_no_protocol,2,MLP27,4.716911764705882,True,True
apps_python_364,clean_no_schema,1,L21H12,1.3098039215686275,False,False
apps_python_364,clean_no_schema,2,MLP27,1.5019607843137255,False,False
apps_python_364,clean_schema_mismatch,1,L21H12,2.176470588235294,False,False
apps_python_364,clean_schema_mismatch,2,MLP27,3.0632352941176473,True,True
apps_python_364,clean_no_protocol,1,L21H12,1.6784313725490196,False,False
apps_python_364,clean_no_protocol,2,MLP27,2.6019607843137256,False,False
codecontests_java_364,clean_no_schema,1,L21H12,0.33729338842975204,True,True
codecontests_java_364,clean_no_schema,2,MLP27,0.35785769628099173,True,True
codecontests_java_364,clean_schema_mismatch,1,L21H12,0.17606372675619836,True,True
codecontests_java_364,clean_schema_mismatch,2,MLP27,0.17578125,True,True
codecontests_java_364,clean_no_protocol,1,L21H12,0.9648760330578512,False,True
codecontests_java_364,clean_no_protocol,2,MLP27,1.2539385330578512,True,True
mbpp_python_364,clean_no_schema,1,L21H12,0.918918918918919,False,False
mbpp_python_364,clean_no_schema,2,MLP27,0.9527027027027027,True,True
mbpp_python_364,clean_schema_mismatch,1,L21H12,1.822072072072072,True,True
mbpp_python_364,clean_schema_mismatch,2,MLP27,1.955518018018018,True,True
mbpp_python_364,clean_no_protocol,1,L21H12,1.8513513513513513,False,False
mbpp_python_364,clean_no_protocol,2,MLP27,2.5878378378378377,False,False
apps_python_365,clean_no_schema,1,L21H12,0.4589920948616601,True,True
apps_python_365,clean_no_schema,2,MLP27,0.5133399209486166,True,True
apps_python_365,clean_schema_mismatch,1,L21H12,1.0869565217391304,False,False
apps_python_365,clean_schema_mismatch,2,MLP27,1.3682682806324111,True,True
apps_python_365,clean_no_protocol,1,L21H12,1.849802371541502,False,False
apps_python_365,clean_no_protocol,2,MLP27,2.8181818181818183,False,False
codecontests_cpp_365,clean_no_schema,1,L21H12,0.6551282051282051,False,False
codecontests_cpp_365,clean_no_schema,2,MLP27,0.8115384615384615,True,True
codecontests_cpp_365,clean_schema_mismatch,1,L21H12,0.7576923076923077,False,False
codecontests_cpp_365,clean_schema_mismatch,2,MLP27,0.9254807692307693,True,True
codecontests_cpp_365,clean_no_protocol,1,L21H12,1.3128205128205128,False,False
codecontests_cpp_365,clean_no_protocol,2,MLP27,2.253846153846154,False,False
codecontests_java_365,clean_no_schema,1,L21H12,0.644140625,True,True
codecontests_java_365,clean_no_schema,2,MLP27,0.6767333984375,True,True
codecontests_java_365,clean_schema_mismatch,1,L21H12,0.04510498046875,True,True
codecontests_java_365,clean_schema_mismatch,2,MLP27,0.04681320190429687,True,True
codecontests_java_365,clean_no_protocol,1,L21H12,1.1203125,False,False
codecontests_java_365,clean_no_protocol,2,MLP27,1.386474609375,True,True
apps_python_366,clean_no_schema,1,L21H12,0.21810699588477367,False,False
apps_python_366,clean_no_schema,2,MLP27,0.21810699588477367,False,False
apps_python_366,clean_schema_mismatch,1,L21H12,0.9012345679012346,False,False
apps_python_366,clean_schema_mismatch,2,MLP27,1.2011316872427984,True,True
apps_python_366,clean_no_protocol,1,L21H12,1.0246913580246915,False,False
apps_python_366,clean_no_protocol,2,MLP27,1.5720164609053497,False,False
codecontests_cpp_366,clean_no_schema,1,L21H12,0.3118811881188119,False,False
codecontests_cpp_366,clean_no_schema,2,MLP27,0.4435334158415842,True,True
codecontests_cpp_366,clean_schema_mismatch,1,L21H12,0.8960396039603961,False,False
codecontests_cpp_366,clean_schema_mismatch,2,MLP27,1.2784653465346534,False,False
codecontests_cpp_366,clean_no_protocol,1,L21H12,0.7103960396039604,False,False
codecontests_cpp_366,clean_no_protocol,2,MLP27,1.1284034653465347,True,True
codecontests_java_366,clean_no_schema,1,L21H12,0.5815397350993378,True,True
codecontests_java_366,clean_no_schema,2,MLP27,0.6119877897350994,True,True
codecontests_java_366,clean_schema_mismatch,1,L21H12,0.42197847682119205,True,True
codecontests_java_366,clean_schema_mismatch,2,MLP27,0.4298879863410596,True,True
codecontests_java_366,clean_no_protocol,1,L21H12,0.9966887417218543,False,False
codecontests_java_366,clean_no_protocol,2,MLP27,1.1040588783112584,True,True
apps_python_367,clean_no_schema,1,L21H12,0.5142405063291139,False,False
apps_python_367,clean_no_schema,2,MLP27,0.7049050632911392,False,True
apps_python_367,clean_schema_mismatch,1,L21H12,0.026095233386075948,True,True
apps_python_367,clean_schema_mismatch,2,MLP27,0.024253362341772153,True,True
apps_python_367,clean_no_protocol,1,L21H12,1.5063291139240507,False,False
apps_python_367,clean_no_protocol,2,MLP27,2.3322784810126582,False,False
codecontests_cpp_367,clean_no_schema,1,L21H12,0.3592592592592593,True,True
codecontests_cpp_367,clean_no_schema,2,MLP27,0.44699074074074074,True,True
codecontests_cpp_367,clean_schema_mismatch,1,L21H12,0.7981481481481482,True,True
codecontests_cpp_367,clean_schema_mismatch,2,MLP27,0.8888888888888888,True,True
codecontests_cpp_367,clean_no_protocol,1,L21H12,1.6814814814814816,False,False
codecontests_cpp_367,clean_no_protocol,2,MLP27,2.8685185185185187,False,False
codecontests_java_367,clean_no_schema,1,L21H12,0.7841435185185185,True,True
codecontests_java_367,clean_no_schema,2,MLP27,0.8424479166666666,True,True
codecontests_java_367,clean_schema_mismatch,1,L21H12,0.7977430555555556,True,True
codecontests_java_367,clean_schema_mismatch,2,MLP27,0.8279079861111112,True,True
codecontests_java_367,clean_no_protocol,1,L21H12,1.9814814814814814,False,False
codecontests_java_367,clean_no_protocol,2,MLP27,2.8854166666666665,False,True
apps_python_368,clean_no_schema,1,L21H12,1.0828729281767955,False,False
apps_python_368,clean_no_schema,2,MLP27,1.022099447513812,False,False
apps_python_368,clean_schema_mismatch,1,L21H12,1.419889502762431,False,False
apps_python_368,clean_schema_mismatch,2,MLP27,1.9785911602209945,True,True
apps_python_368,clean_no_protocol,1,L21H12,3.1933701657458564,False,False
apps_python_368,clean_no_protocol,2,MLP27,4.237569060773481,False,False
codecontests_cpp_368,clean_no_schema,1,L21H12,0.5234848484848484,False,False
codecontests_cpp_368,clean_no_schema,2,MLP27,0.6060606060606061,True,True
codecontests_cpp_368,clean_schema_mismatch,1,L21H12,1.156060606060606,False,False
codecontests_cpp_368,clean_schema_mismatch,2,MLP27,1.4806818181818182,True,True
codecontests_cpp_368,clean_no_protocol,1,L21H12,1.509090909090909,False,False
codecontests_cpp_368,clean_no_protocol,2,MLP27,2.515151515151515,False,False
codecontests_java_368,clean_no_schema,1,L21H12,0.8796791443850267,False,False
codecontests_java_368,clean_no_schema,2,MLP27,0.9979946524064172,True,True
codecontests_java_368,clean_schema_mismatch,1,L21H12,0.9090909090909091,False,False
codecontests_java_368,clean_schema_mismatch,2,MLP27,0.9979842078877005,True,True
codecontests_java_368,clean_no_protocol,1,L21H12,0.7566844919786097,False,False
codecontests_java_368,clean_no_protocol,2,MLP27,1.0787098930481283,True,True
apps_python_369,clean_no_schema,1,L21H12,0.6142676767676768,True,True
apps_python_369,clean_no_schema,2,MLP27,0.6524621212121212,True,True
apps_python_369,clean_schema_mismatch,1,L21H12,0.9324494949494949,True,True
apps_python_369,clean_schema_mismatch,2,MLP27,1.0072009154040404,True,True
apps_python_369,clean_no_protocol,1,L21H12,1.0404040404040404,False,False
apps_python_369,clean_no_protocol,2,MLP27,1.3636363636363635,True,True
codecontests_cpp_369,clean_no_schema,1,L21H12,0.34815705128205127,True,True
codecontests_cpp_369,clean_no_schema,2,MLP27,0.39503205128205127,True,True
codecontests_cpp_369,clean_schema_mismatch,1,L21H12,0.5769230769230769,False,True
codecontests_cpp_369,clean_schema_mismatch,2,MLP27,0.6709735576923077,True,True
codecontests_cpp_369,clean_no_protocol,1,L21H12,1.1346153846153846,False,False
codecontests_cpp_369,clean_no_protocol,2,MLP27,1.766025641025641,False,False
codecontests_java_369,clean_no_schema,1,L21H12,0.416,False,False
codecontests_java_369,clean_no_schema,2,MLP27,0.49675,True,True
codecontests_java_369,clean_schema_mismatch,1,L21H12,0.1188125,True,True
codecontests_java_369,clean_schema_mismatch,2,MLP27,0.12555859375,True,True
codecontests_java_369,clean_no_protocol,1,L21H12,1.548,False,False
codecontests_java_369,clean_no_protocol,2,MLP27,2.1935,False,False
apps_python_370,clean_no_schema,1,L21H12,0.11423444976076555,True,True
apps_python_370,clean_no_schema,2,MLP27,0.13666267942583732,True,True
apps_python_370,clean_schema_mismatch,1,L21H12,0.8253588516746412,False,False
apps_python_370,clean_schema_mismatch,2,MLP27,1.1166267942583732,True,True
apps_python_370,clean_no_protocol,1,L21H12,1.2727272727272727,False,False
apps_python_370,clean_no_protocol,2,MLP27,2.3636363636363638,False,False
codecontests_cpp_370,clean_no_schema,1,L21H12,0.7224137931034482,True,True
codecontests_cpp_370,clean_no_schema,2,MLP27,0.7459590517241379,True,True
codecontests_cpp_370,clean_schema_mismatch,1,L21H12,1.2314655172413793,True,True
codecontests_cpp_370,clean_schema_mismatch,2,MLP27,1.2839978448275862,True,True
codecontests_cpp_370,clean_no_protocol,1,L21H12,2.331034482758621,False,False
codecontests_cpp_370,clean_no_protocol,2,MLP27,3.275,True,True
codecontests_java_370,clean_no_schema,1,L21H12,0.902027027027027,False,False
codecontests_java_370,clean_no_schema,2,MLP27,1.017820945945946,True,True
codecontests_java_370,clean_schema_mismatch,1,L21H12,0.22529560810810811,True,True
codecontests_java_370,clean_schema_mismatch,2,MLP27,0.2319942989864865,True,True
codecontests_java_370,clean_no_protocol,1,L21H12,1.1689189189189189,False,False
codecontests_java_370,clean_no_protocol,2,MLP27,1.4658783783783784,True,True
mbpp_python_370,clean_no_schema,1,L21H12,0.17375,True,True
mbpp_python_370,clean_no_schema,2,MLP27,0.054,False,True
mbpp_python_370,clean_schema_mismatch,1,L21H12,0.97,False,False
mbpp_python_370,clean_schema_mismatch,2,MLP27,1.2428125,True,True
mbpp_python_370,clean_no_protocol,1,L21H12,1.688,False,False
mbpp_python_370,clean_no_protocol,2,MLP27,2.738,False,False
apps_python_371,clean_no_schema,1,L21H12,0.7215909090909091,False,False
apps_python_371,clean_no_schema,2,MLP27,0.8295454545454546,True,True
apps_python_371,clean_schema_mismatch,1,L21H12,0.875,False,False
apps_python_371,clean_schema_mismatch,2,MLP27,1.096306818181818,True,True
apps_python_371,clean_no_protocol,1,L21H12,2.2545454545454544,False,False
apps_python_371,clean_no_protocol,2,MLP27,3.1818181818181817,False,False
codecontests_cpp_371,clean_no_schema,1,L21H12,0.48277439024390245,True,True
codecontests_cpp_371,clean_no_schema,2,MLP27,0.5086128048780488,True,True
codecontests_cpp_371,clean_schema_mismatch,1,L21H12,1.498780487804878,True,True
codecontests_cpp_371,clean_schema_mismatch,2,MLP27,1.6256288109756099,True,True
codecontests_cpp_371,clean_no_protocol,1,L21H12,2.4634146341463414,False,False
codecontests_cpp_371,clean_no_protocol,2,MLP27,3.1609756097560977,True,True
codecontests_java_371,clean_no_schema,1,L21H12,0.3830213903743315,True,True
codecontests_java_371,clean_no_schema,2,MLP27,0.46039438502673796,True,True
codecontests_java_371,clean_schema_mismatch,1,L21H12,0.5528074866310161,True,True
codecontests_java_371,clean_schema_mismatch,2,MLP27,0.6056985294117647,True,True
codecontests_java_371,clean_no_protocol,1,L21H12,2.037433155080214,False,False
codecontests_java_371,clean_no_protocol,2,MLP27,2.736631016042781,True,True
apps_python_372,clean_no_schema,1,L21H12,0.24842964824120603,True,True
apps_python_372,clean_no_schema,2,MLP27,0.2592650753768844,True,True
apps_python_372,clean_schema_mismatch,1,L21H12,1.8379396984924623,True,True
apps_python_372,clean_schema_mismatch,2,MLP27,1.9222283291457287,True,True
apps_python_372,clean_no_protocol,1,L21H12,1.5175879396984924,False,False
apps_python_372,clean_no_protocol,2,MLP27,2.009108040201005,True,True
codecontests_cpp_372,clean_no_schema,1,L21H12,0.747907949790795,False,False
codecontests_cpp_372,clean_no_schema,2,MLP27,0.8211297071129707,False,False
codecontests_cpp_372,clean_schema_mismatch,1,L21H12,1.5899581589958158,False,False
codecontests_cpp_372,clean_schema_mismatch,2,MLP27,2.186715481171548,False,True
codecontests_cpp_372,clean_no_protocol,1,L21H12,1.707112970711297,False,False
codecontests_cpp_372,clean_no_protocol,2,MLP27,3.0585774058577404,False,False
codecontests_java_372,clean_no_schema,1,L21H12,0.9522664835164835,True,True
codecontests_java_372,clean_no_schema,2,MLP27,0.9986692994505495,True,True
codecontests_java_372,clean_schema_mismatch,1,L21H12,0.7318853021978022,True,True
codecontests_java_372,clean_schema_mismatch,2,MLP27,0.7468717805631868,True,True
codecontests_java_372,clean_no_protocol,1,L21H12,0.6998626373626373,False,False
codecontests_java_372,clean_no_protocol,2,MLP27,0.8324283138736264,True,True
apps_python_373,clean_no_schema,1,L21H12,0.8454198473282443,False,False
apps_python_373,clean_no_schema,2,MLP27,0.9236641221374046,True,True
apps_python_373,clean_schema_mismatch,1,L21H12,1.8377862595419847,True,True
apps_python_373,clean_schema_mismatch,2,MLP27,1.994960639312977,True,True
apps_python_373,clean_no_protocol,1,L21H12,1.797709923664122,False,False
apps_python_373,clean_no_protocol,2,MLP27,2.270753816793893,True,True
codecontests_cpp_373,clean_no_schema,1,L21H12,0.5523255813953488,True,True
codecontests_cpp_373,clean_no_schema,2,MLP27,0.6237887596899225,True,True
codecontests_cpp_373,clean_schema_mismatch,1,L21H12,1.306201550387597,True,True
codecontests_cpp_373,clean_schema_mismatch,2,MLP27,1.4012839147286822,True,True
codecontests_cpp_373,clean_no_protocol,1,L21H12,1.5852713178294573,False,False
codecontests_cpp_373,clean_no_protocol,2,MLP27,2.2655038759689923,True,True
codecontests_java_373,clean_no_schema,1,L21H12,0.8148148148148148,False,False
codecontests_java_373,clean_no_schema,2,MLP27,0.9108796296296297,True,True
codecontests_java_373,clean_schema_mismatch,1,L21H12,0.7163065843621399,True,True
codecontests_java_373,clean_schema_mismatch,2,MLP27,0.7452096193415638,True,True
codecontests_java_373,clean_no_protocol,1,L21H12,0.8106995884773662,False,True
codecontests_java_373,clean_no_protocol,2,MLP27,0.9627700617283951,True,True
apps_python_374,clean_no_schema,1,L21H12,0.5213815789473685,False,False
apps_python_374,clean_no_schema,2,MLP27,0.6381578947368421,False,False
apps_python_374,clean_schema_mismatch,1,L21H12,0.20970394736842105,True,True
apps_python_374,clean_schema_mismatch,2,MLP27,0.26444284539473684,True,True
apps_python_374,clean_no_protocol,1,L21H12,0.7236842105263158,False,False
apps_python_374,clean_no_protocol,2,MLP27,1.1644736842105263,False,False
codecontests_cpp_374,clean_no_schema,1,L21H12,0.7876712328767124,False,False
codecontests_cpp_374,clean_no_schema,2,MLP27,0.884703196347032,True,True
codecontests_cpp_374,clean_schema_mismatch,1,L21H12,1.6894977168949772,False,False
codecontests_cpp_374,clean_schema_mismatch,2,MLP27,2.459474885844749,True,True
codecontests_cpp_374,clean_no_protocol,1,L21H12,2.2009132420091326,False,False
codecontests_cpp_374,clean_no_protocol,2,MLP27,3.817351598173516,False,False
codecontests_java_374,clean_no_schema,1,L21H12,0.6376953125,False,False
codecontests_java_374,clean_no_schema,2,MLP27,0.77490234375,False,True
codecontests_java_374,clean_schema_mismatch,1,L21H12,0.6005859375,False,False
codecontests_java_374,clean_schema_mismatch,2,MLP27,0.7430419921875,True,True
codecontests_java_374,clean_no_protocol,1,L21H12,0.98828125,False,False
codecontests_java_374,clean_no_protocol,2,MLP27,1.708984375,False,False
apps_python_375,clean_no_schema,1,L21H12,1.084090909090909,False,False
apps_python_375,clean_no_schema,2,MLP27,1.371590909090909,False,False
apps_python_375,clean_schema_mismatch,1,L21H12,1.1,False,False
apps_python_375,clean_schema_mismatch,2,MLP27,1.7230113636363635,True,True
apps_python_375,clean_no_protocol,1,L21H12,1.75,False,False
apps_python_375,clean_no_protocol,2,MLP27,2.390909090909091,False,False
codecontests_cpp_375,clean_no_schema,1,L21H12,0.9097222222222222,False,False
codecontests_cpp_375,clean_no_schema,2,MLP27,1.0342261904761905,False,True
codecontests_cpp_375,clean_schema_mismatch,1,L21H12,1.5396825396825398,False,False
codecontests_cpp_375,clean_schema_mismatch,2,MLP27,1.8055555555555556,True,True
codecontests_cpp_375,clean_no_protocol,1,L21H12,2.365079365079365,False,False
codecontests_cpp_375,clean_no_protocol,2,MLP27,4.035714285714286,False,False
codecontests_java_375,clean_no_schema,1,L21H12,0.17392578125,True,True
codecontests_java_375,clean_no_schema,2,MLP27,0.19248046875,True,True
codecontests_java_375,clean_schema_mismatch,1,L21H12,0.52734375,False,False
codecontests_java_375,clean_schema_mismatch,2,MLP27,0.67515869140625,True,True
codecontests_java_375,clean_no_protocol,1,L21H12,0.8375,False,False
codecontests_java_375,clean_no_protocol,2,MLP27,1.44453125,False,False
apps_python_376,clean_no_schema,1,L21H12,0.03453947368421053,True,True
apps_python_376,clean_no_schema,2,MLP27,0.02919407894736842,True,True
apps_python_376,clean_schema_mismatch,1,L21H12,0.6303453947368421,True,True
apps_python_376,clean_schema_mismatch,2,MLP27,0.712171052631579,True,True
apps_python_376,clean_no_protocol,1,L21H12,1.2828947368421053,False,False
apps_python_376,clean_no_protocol,2,MLP27,1.8042763157894737,False,False
codecontests_java_376,clean_no_schema,1,L21H12,0.8507142857142858,False,True
codecontests_java_376,clean_no_schema,2,MLP27,0.91,True,True
codecontests_java_376,clean_schema_mismatch,1,L21H12,1.4496428571428572,True,True
codecontests_java_376,clean_schema_mismatch,2,MLP27,1.4917857142857143,True,True
codecontests_java_376,clean_no_protocol,1,L21H12,2.1885714285714286,False,False
codecontests_java_376,clean_no_protocol,2,MLP27,3.467857142857143,True,True
apps_python_377,clean_no_schema,1,L21H12,0.7786458333333334,False,False
apps_python_377,clean_no_schema,2,MLP27,0.7604166666666666,False,False
apps_python_377,clean_schema_mismatch,1,L21H12,1.453125,False,False
apps_python_377,clean_schema_mismatch,2,MLP27,1.8665364583333333,False,True
apps_python_377,clean_no_protocol,1,L21H12,2.3020833333333335,False,False
apps_python_377,clean_no_protocol,2,MLP27,3.2708333333333335,False,False
apps_python_378,clean_no_schema,1,L21H12,0.24356223175965666,False,False
apps_python_378,clean_no_schema,2,MLP27,0.28594420600858367,True,True
apps_python_378,clean_schema_mismatch,1,L21H12,0.3851931330472103,True,True
apps_python_378,clean_schema_mismatch,2,MLP27,0.45882510729613735,True,True
apps_python_378,clean_no_protocol,1,L21H12,1.9484978540772533,False,False
apps_python_378,clean_no_protocol,2,MLP27,3.004291845493562,False,False
codecontests_cpp_378,clean_no_schema,1,L21H12,0.4071354166666667,True,True
codecontests_cpp_378,clean_no_schema,2,MLP27,0.41473958333333333,True,True
codecontests_cpp_378,clean_schema_mismatch,1,L21H12,0.6348958333333333,True,True
codecontests_cpp_378,clean_schema_mismatch,2,MLP27,0.642744140625,True,True
codecontests_cpp_378,clean_no_protocol,1,L21H12,1.20125,True,True
codecontests_cpp_378,clean_no_protocol,2,MLP27,1.234296875,True,True
codecontests_java_378,clean_no_schema,1,L21H12,0.5702761627906977,True,True
codecontests_java_378,clean_no_schema,2,MLP27,0.5826671511627907,True,True
codecontests_java_378,clean_schema_mismatch,1,L21H12,0.03203125,True,True
codecontests_java_378,clean_schema_mismatch,2,MLP27,0.032623432957848836,True,True
codecontests_java_378,clean_no_protocol,1,L21H12,1.4593023255813953,False,True
codecontests_java_378,clean_no_protocol,2,MLP27,1.6280886627906976,True,True
apps_python_379,clean_no_schema,1,L21H12,0.1305668016194332,False,True
apps_python_379,clean_no_schema,2,MLP27,0.06325910931174089,False,False
apps_python_379,clean_schema_mismatch,1,L21H12,0.8421052631578947,False,False
apps_python_379,clean_schema_mismatch,2,MLP27,1.312246963562753,False,True
apps_python_379,clean_no_protocol,1,L21H12,1.8704453441295548,False,False
apps_python_379,clean_no_protocol,2,MLP27,2.8421052631578947,False,False
codecontests_cpp_379,clean_no_schema,1,L21H12,0.09274839743589744,True,True
codecontests_cpp_379,clean_no_schema,2,MLP27,0.1312099358974359,True,True
codecontests_cpp_379,clean_schema_mismatch,1,L21H12,1.0080128205128205,False,False
codecontests_cpp_379,clean_schema_mismatch,2,MLP27,1.219150641025641,True,True
codecontests_cpp_379,clean_no_protocol,1,L21H12,1.1602564102564104,False,False
codecontests_cpp_379,clean_no_protocol,2,MLP27,1.9366987179487178,True,True
codecontests_java_379,clean_no_schema,1,L21H12,0.6032338308457711,True,True
codecontests_java_379,clean_no_schema,2,MLP27,0.6560167910447762,True,True
codecontests_java_379,clean_schema_mismatch,1,L21H12,0.3908582089552239,True,True
codecontests_java_379,clean_schema_mismatch,2,MLP27,0.4038596082089552,True,True
codecontests_java_379,clean_no_protocol,1,L21H12,2.681592039800995,False,False
codecontests_java_379,clean_no_protocol,2,MLP27,3.5808457711442787,True,True
apps_python_380,clean_no_schema,1,L21H12,0.1151541095890411,True,True
apps_python_380,clean_no_schema,2,MLP27,0.12371575342465753,True,True
apps_python_380,clean_schema_mismatch,1,L21H12,0.6797945205479452,False,False
apps_python_380,clean_schema_mismatch,2,MLP27,0.8556292808219178,True,True
apps_python_380,clean_no_protocol,1,L21H12,1.5684931506849316,False,False
apps_python_380,clean_no_protocol,2,MLP27,2.3476027397260273,False,False
codecontests_cpp_380,clean_no_schema,1,L21H12,0.42917798913043476,True,True
codecontests_cpp_380,clean_no_schema,2,MLP27,0.4475203804347826,True,True
codecontests_cpp_380,clean_schema_mismatch,1,L21H12,0.8213315217391305,False,False
codecontests_cpp_380,clean_schema_mismatch,2,MLP27,0.9425101902173914,True,True
codecontests_cpp_380,clean_no_protocol,1,L21H12,1.5108695652173914,False,False
codecontests_cpp_380,clean_no_protocol,2,MLP27,2.2666440217391304,True,True
codecontests_java_380,clean_no_schema,1,L21H12,0.5142543859649122,True,True
codecontests_java_380,clean_no_schema,2,MLP27,0.5277292351973685,True,True
codecontests_java_380,clean_schema_mismatch,1,L21H12,0.5182291666666666,True,True
codecontests_java_380,clean_schema_mismatch,2,MLP27,0.5413025973135965,True,True
codecontests_java_380,clean_no_protocol,1,L21H12,0.8322368421052632,False,False
codecontests_java_380,clean_no_protocol,2,MLP27,0.9664199561403509,True,True
mbpp_python_380,clean_no_schema,1,L21H12,0.3793402777777778,False,False
mbpp_python_380,clean_no_schema,2,MLP27,0.2916666666666667,False,False
mbpp_python_380,clean_schema_mismatch,1,L21H12,0.4982638888888889,False,False
mbpp_python_380,clean_schema_mismatch,2,MLP27,0.6927083333333334,False,True
mbpp_python_380,clean_no_protocol,1,L21H12,1.09375,False,False
mbpp_python_380,clean_no_protocol,2,MLP27,1.7291666666666667,False,False
apps_python_381,clean_no_schema,1,L21H12,0.24471830985915494,True,True
apps_python_381,clean_no_schema,2,MLP27,0.22139084507042253,True,True
apps_python_381,clean_schema_mismatch,1,L21H12,0.9339788732394366,False,False
apps_python_381,clean_schema_mismatch,2,MLP27,1.0732834507042253,True,True
apps_python_381,clean_no_protocol,1,L21H12,1.6549295774647887,False,False
apps_python_381,clean_no_protocol,2,MLP27,2.3098591549295775,False,False
codecontests_java_381,clean_no_schema,1,L21H12,0.5674603174603174,False,True
codecontests_java_381,clean_no_schema,2,MLP27,0.6061507936507936,False,True
codecontests_java_381,clean_schema_mismatch,1,L21H12,2.6468253968253967,False,False
codecontests_java_381,clean_schema_mismatch,2,MLP27,2.8953373015873014,True,True
codecontests_java_381,clean_no_protocol,1,L21H12,2.7936507936507935,False,False
codecontests_java_381,clean_no_protocol,2,MLP27,3.797123015873016,True,True
apps_python_382,clean_no_schema,1,L21H12,0.07213785046728972,True,True
apps_python_382,clean_no_schema,2,MLP27,0.05110981308411215,True,True
apps_python_382,clean_schema_mismatch,1,L21H12,1.2686915887850467,False,False
apps_python_382,clean_schema_mismatch,2,MLP27,1.6927570093457944,True,True
apps_python_382,clean_no_protocol,1,L21H12,2.7196261682242993,False,False
apps_python_382,clean_no_protocol,2,MLP27,3.9369158878504673,False,False
codecontests_java_382,clean_no_schema,1,L21H12,1.2455089820359282,False,False
codecontests_java_382,clean_no_schema,2,MLP27,1.3347679640718564,True,True
codecontests_java_382,clean_schema_mismatch,1,L21H12,0.7188435628742516,True,True
codecontests_java_382,clean_schema_mismatch,2,MLP27,0.7300009356287425,True,True
codecontests_java_382,clean_no_protocol,1,L21H12,0.9341317365269461,False,False
codecontests_java_382,clean_no_protocol,2,MLP27,1.237181886227545,True,True
apps_python_383,clean_no_schema,1,L21H12,0.1327319587628866,True,True
apps_python_383,clean_no_schema,2,MLP27,0.09213917525773196,True,True
apps_python_383,clean_schema_mismatch,1,L21H12,1.2989690721649485,False,False
apps_python_383,clean_schema_mismatch,2,MLP27,1.6211340206185567,True,True
apps_python_383,clean_no_protocol,1,L21H12,3.304123711340206,False,False
apps_python_383,clean_no_protocol,2,MLP27,4.144329896907217,False,False
codecontests_cpp_383,clean_no_schema,1,L21H12,0.5122626582278481,True,True
codecontests_cpp_383,clean_no_schema,2,MLP27,0.5555775316455697,True,True
codecontests_cpp_383,clean_schema_mismatch,1,L21H12,1.2112341772151898,False,False
codecontests_cpp_383,clean_schema_mismatch,2,MLP27,1.3960640822784811,True,True
codecontests_cpp_383,clean_no_protocol,1,L21H12,2.050632911392405,False,False
codecontests_cpp_383,clean_no_protocol,2,MLP27,3.454113924050633,False,False
codecontests_java_383,clean_no_schema,1,L21H12,0.03264292635658915,True,True
codecontests_java_383,clean_no_schema,2,MLP27,0.03394500968992248,True,True
codecontests_java_383,clean_schema_mismatch,1,L21H12,0.25172601744186046,True,True
codecontests_java_383,clean_schema_mismatch,2,MLP27,0.25739613614341084,True,True
codecontests_java_383,clean_no_protocol,1,L21H12,1.37984496124031,False,False
codecontests_java_383,clean_no_protocol,2,MLP27,1.6164153343023255,True,True
apps_python_384,clean_no_schema,1,L21H12,0.5147679324894515,False,False
apps_python_384,clean_no_schema,2,MLP27,0.6919831223628692,False,False
apps_python_384,clean_schema_mismatch,1,L21H12,0.7426160337552743,False,False
apps_python_384,clean_schema_mismatch,2,MLP27,1.0659282700421941,False,False
apps_python_384,clean_no_protocol,1,L21H12,0.8438818565400844,False,False
apps_python_384,clean_no_protocol,2,MLP27,1.4113924050632911,False,False
codecontests_cpp_384,clean_no_schema,1,L21H12,0.4097222222222222,False,False
codecontests_cpp_384,clean_no_schema,2,MLP27,0.5324074074074074,True,True
codecontests_cpp_384,clean_schema_mismatch,1,L21H12,0.4849537037037037,False,False
codecontests_cpp_384,clean_schema_mismatch,2,MLP27,0.6067708333333334,True,True
codecontests_cpp_384,clean_no_protocol,1,L21H12,0.8472222222222222,False,False
codecontests_cpp_384,clean_no_protocol,2,MLP27,1.4247685185185186,False,False
codecontests_java_384,clean_no_schema,1,L21H12,0.27510683760683763,True,True
codecontests_java_384,clean_no_schema,2,MLP27,0.28512286324786323,True,True
codecontests_java_384,clean_schema_mismatch,1,L21H12,2.126068376068376,True,True
codecontests_java_384,clean_schema_mismatch,2,MLP27,2.2161124465811968,True,True
codecontests_java_384,clean_no_protocol,1,L21H12,3.2905982905982905,False,False
codecontests_java_384,clean_no_protocol,2,MLP27,3.828926282051282,True,True
apps_python_385,clean_no_schema,1,L21H12,1.1914893617021276,False,False
apps_python_385,clean_no_schema,2,MLP27,1.2627659574468084,False,False
apps_python_385,clean_schema_mismatch,1,L21H12,1.995744680851064,False,False
apps_python_385,clean_schema_mismatch,2,MLP27,2.4888297872340424,True,True
apps_python_385,clean_no_protocol,1,L21H12,1.6893617021276597,False,False
apps_python_385,clean_no_protocol,2,MLP27,2.484042553191489,False,False
codecontests_java_385,clean_no_schema,1,L21H12,0.6982323232323232,False,False
codecontests_java_385,clean_no_schema,2,MLP27,0.8383838383838383,True,True
codecontests_java_385,clean_schema_mismatch,1,L21H12,0.5574494949494949,False,False
codecontests_java_385,clean_schema_mismatch,2,MLP27,0.6553819444444444,True,True
codecontests_java_385,clean_no_protocol,1,L21H12,1.398989898989899,False,False
codecontests_java_385,clean_no_protocol,2,MLP27,2.3106060606060606,False,False
apps_python_386,clean_no_schema,1,L21H12,1.3670212765957446,False,False
apps_python_386,clean_no_schema,2,MLP27,1.6888297872340425,False,False
apps_python_386,clean_schema_mismatch,1,L21H12,1.2180851063829787,False,False
apps_python_386,clean_schema_mismatch,2,MLP27,1.7825797872340425,True,True
apps_python_386,clean_no_protocol,1,L21H12,1.6702127659574468,False,False
apps_python_386,clean_no_protocol,2,MLP27,2.853723404255319,False,False
codecontests_cpp_386,clean_no_schema,1,L21H12,0.09041666666666667,True,True
codecontests_cpp_386,clean_no_schema,2,MLP27,0.09567708333333333,True,True
codecontests_cpp_386,clean_schema_mismatch,1,L21H12,1.58,False,False
codecontests_cpp_386,clean_schema_mismatch,2,MLP27,2.1097916666666667,True,True
codecontests_cpp_386,clean_no_protocol,1,L21H12,0.8833333333333333,False,False
codecontests_cpp_386,clean_no_protocol,2,MLP27,1.5770833333333334,True,True
codecontests_java_386,clean_no_schema,1,L21H12,0.6883802816901409,False,False
codecontests_java_386,clean_no_schema,2,MLP27,0.9339788732394366,False,False
codecontests_java_386,clean_schema_mismatch,1,L21H12,0.6505281690140845,False,False
codecontests_java_386,clean_schema_mismatch,2,MLP27,0.8474361795774648,True,True
codecontests_java_386,clean_no_protocol,1,L21H12,0.8838028169014085,False,False
codecontests_java_386,clean_no_protocol,2,MLP27,1.5387323943661972,False,False
apps_python_387,clean_no_schema,1,L21H12,0.8002008032128514,False,False
apps_python_387,clean_no_schema,2,MLP27,0.8785140562248996,False,True
apps_python_387,clean_schema_mismatch,1,L21H12,0.7228915662650602,False,False
apps_python_387,clean_schema_mismatch,2,MLP27,0.875,True,True
apps_python_387,clean_no_protocol,1,L21H12,1.497991967871486,False,False
apps_python_387,clean_no_protocol,2,MLP27,2.1726907630522088,False,False
codecontests_java_387,clean_no_schema,1,L21H12,1.482421875,False,False
codecontests_java_387,clean_no_schema,2,MLP27,1.64111328125,True,True
codecontests_java_387,clean_schema_mismatch,1,L21H12,2.083984375,True,True
codecontests_java_387,clean_schema_mismatch,2,MLP27,2.1929931640625,True,True
codecontests_java_387,clean_no_protocol,1,L21H12,3.171875,False,False
codecontests_java_387,clean_no_protocol,2,MLP27,4.045166015625,True,True
apps_python_388,clean_no_schema,1,L21H12,0.06875,True,True
apps_python_388,clean_no_schema,2,MLP27,0.057291666666666664,True,True
apps_python_388,clean_schema_mismatch,1,L21H12,1.5541666666666667,False,False
apps_python_388,clean_schema_mismatch,2,MLP27,1.7365885416666667,True,True
apps_python_388,clean_no_protocol,1,L21H12,3.175,False,False
apps_python_388,clean_no_protocol,2,MLP27,4.341666666666667,False,False
codecontests_java_388,clean_no_schema,1,L21H12,0.6863918439716312,True,True
codecontests_java_388,clean_no_schema,2,MLP27,0.7164228723404256,True,True
codecontests_java_388,clean_schema_mismatch,1,L21H12,0.20933067375886524,True,True
codecontests_java_388,clean_schema_mismatch,2,MLP27,0.21336159131205673,True,True
codecontests_java_388,clean_no_protocol,1,L21H12,1.7588652482269505,False,False
codecontests_java_388,clean_no_protocol,2,MLP27,2.6408466312056738,True,True
apps_python_389,clean_no_schema,1,L21H12,0.21812749003984064,False,False
apps_python_389,clean_no_schema,2,MLP27,0.2699203187250996,False,False
apps_python_389,clean_schema_mismatch,1,L21H12,0.7370517928286853,False,False
apps_python_389,clean_schema_mismatch,2,MLP27,1.2556025896414342,True,True
apps_python_389,clean_no_protocol,1,L21H12,1.0677290836653386,False,False
apps_python_389,clean_no_protocol,2,MLP27,2.00199203187251,False,False
codecontests_cpp_389,clean_no_schema,1,L21H12,0.1808774834437086,True,True
codecontests_cpp_389,clean_no_schema,2,MLP27,0.22490687086092714,True,True
codecontests_cpp_389,clean_schema_mismatch,1,L21H12,0.7036423841059603,True,True
codecontests_cpp_389,clean_schema_mismatch,2,MLP27,0.8053600993377483,True,True
codecontests_cpp_389,clean_no_protocol,1,L21H12,1.2384105960264902,False,False
codecontests_cpp_389,clean_no_protocol,2,MLP27,2.0521523178807946,False,True
codecontests_java_389,clean_no_schema,1,L21H12,1.0577256944444444,True,True
codecontests_java_389,clean_no_schema,2,MLP27,1.1032986111111112,True,True
codecontests_java_389,clean_schema_mismatch,1,L21H12,1.2478298611111112,True,True
codecontests_java_389,clean_schema_mismatch,2,MLP27,1.2928331163194444,True,True
codecontests_java_389,clean_no_protocol,1,L21H12,2.1822916666666665,False,False
codecontests_java_389,clean_no_protocol,2,MLP27,2.607421875,True,True
apps_python_390,clean_no_schema,1,L21H12,0.4030373831775701,False,True
apps_python_390,clean_no_schema,2,MLP27,0.308411214953271,False,False
apps_python_390,clean_schema_mismatch,1,L21H12,1.2757009345794392,False,False
apps_python_390,clean_schema_mismatch,2,MLP27,1.8341121495327102,False,True
apps_python_390,clean_no_protocol,1,L21H12,1.5700934579439252,False,False
apps_python_390,clean_no_protocol,2,MLP27,2.371495327102804,False,False
codecontests_cpp_390,clean_no_schema,1,L21H12,0.5529458598726115,True,True
codecontests_cpp_390,clean_no_schema,2,MLP27,0.5902169585987261,True,True
codecontests_cpp_390,clean_schema_mismatch,1,L21H12,3.8343949044585988,False,False
codecontests_cpp_390,clean_schema_mismatch,2,MLP27,4.294287420382165,True,True
codecontests_cpp_390,clean_no_protocol,1,L21H12,4.420382165605096,False,False
codecontests_cpp_390,clean_no_protocol,2,MLP27,5.841162420382165,True,True
codecontests_java_390,clean_no_schema,1,L21H12,0.924831081081081,True,True
codecontests_java_390,clean_no_schema,2,MLP27,1.0252322635135136,True,True
codecontests_java_390,clean_schema_mismatch,1,L21H12,0.8103885135135135,True,True
codecontests_java_390,clean_schema_mismatch,2,MLP27,0.8259343327702703,True,True
codecontests_java_390,clean_no_protocol,1,L21H12,2.4324324324324325,False,False
codecontests_java_390,clean_no_protocol,2,MLP27,3.285050675675676,True,True
apps_python_391,clean_no_schema,1,L21H12,0.16265368852459017,True,True
apps_python_391,clean_no_schema,2,MLP27,0.14907786885245902,True,True
apps_python_391,clean_schema_mismatch,1,L21H12,1.4774590163934427,True,False
apps_python_391,clean_schema_mismatch,2,MLP27,1.6896772540983607,True,True
apps_python_391,clean_no_protocol,1,L21H12,2.0655737704918034,False,False
apps_python_391,clean_no_protocol,2,MLP27,3.07172131147541,False,False
codecontests_cpp_391,clean_no_schema,1,L21H12,2.835294117647059,False,False
codecontests_cpp_391,clean_no_schema,2,MLP27,3.3294117647058825,False,False
codecontests_cpp_391,clean_schema_mismatch,1,L21H12,3.843137254901961,False,False
codecontests_cpp_391,clean_schema_mismatch,2,MLP27,4.440196078431373,False,False
codecontests_cpp_391,clean_no_protocol,1,L21H12,2.776470588235294,False,False
codecontests_cpp_391,clean_no_protocol,2,MLP27,3.765686274509804,True,True
codecontests_java_391,clean_no_schema,1,L21H12,0.4316860465116279,True,True
codecontests_java_391,clean_no_schema,2,MLP27,0.47747093023255816,True,True
codecontests_java_391,clean_schema_mismatch,1,L21H12,0.37609011627906974,True,True
codecontests_java_391,clean_schema_mismatch,2,MLP27,0.38690043604651164,True,True
codecontests_java_391,clean_no_protocol,1,L21H12,0.45058139534883723,False,True
codecontests_java_391,clean_no_protocol,2,MLP27,0.5437863372093024,True,True
apps_python_392,clean_no_schema,1,L21H12,0.014032025709219858,True,True
apps_python_392,clean_no_schema,2,MLP27,-0.008643617021276596,True,True
apps_python_392,clean_schema_mismatch,1,L21H12,0.4516843971631206,True,True
apps_python_392,clean_schema_mismatch,2,MLP27,0.5070921985815603,True,True
apps_python_392,clean_no_protocol,1,L21H12,2.234042553191489,False,False
apps_python_392,clean_no_protocol,2,MLP27,3.1595744680851063,False,False
codecontests_java_392,clean_no_schema,1,L21H12,0.15169270833333334,True,True
codecontests_java_392,clean_no_schema,2,MLP27,0.17159016927083334,True,True
codecontests_java_392,clean_schema_mismatch,1,L21H12,0.2490234375,True,True
codecontests_java_392,clean_schema_mismatch,2,MLP27,0.2750651041666667,True,True
codecontests_java_392,clean_no_protocol,1,L21H12,2.0989583333333335,False,False
codecontests_java_392,clean_no_protocol,2,MLP27,3.2135416666666665,False,False
apps_python_393,clean_no_schema,1,L21H12,0.3855421686746988,False,False
apps_python_393,clean_no_schema,2,MLP27,0.43900602409638556,False,True
apps_python_393,clean_schema_mismatch,1,L21H12,0.5090361445783133,False,False
apps_python_393,clean_schema_mismatch,2,MLP27,0.7257153614457831,True,True
apps_python_393,clean_no_protocol,1,L21H12,0.5813253012048193,False,False
apps_python_393,clean_no_protocol,2,MLP27,0.9446536144578314,True,True
codecontests_cpp_393,clean_no_schema,1,L21H12,0.5405701754385965,False,True
codecontests_cpp_393,clean_no_schema,2,MLP27,0.5616776315789473,False,True
codecontests_cpp_393,clean_schema_mismatch,1,L21H12,2.0,False,False
codecontests_cpp_393,clean_schema_mismatch,2,MLP27,2.6732456140350878,False,False
codecontests_cpp_393,clean_no_protocol,1,L21H12,1.780701754385965,False,False
codecontests_cpp_393,clean_no_protocol,2,MLP27,3.4934210526315788,False,False
codecontests_java_393,clean_no_schema,1,L21H12,1.243125,True,True
codecontests_java_393,clean_no_schema,2,MLP27,1.2826171875,True,True
codecontests_java_393,clean_schema_mismatch,1,L21H12,1.5175,True,True
codecontests_java_393,clean_schema_mismatch,2,MLP27,1.558291015625,True,True
codecontests_java_393,clean_no_protocol,1,L21H12,1.1534375,True,True
codecontests_java_393,clean_no_protocol,2,MLP27,1.213427734375,True,True
apps_python_394,clean_no_schema,1,L21H12,0.04896907216494845,True,True
apps_python_394,clean_no_schema,2,MLP27,0.040270618556701034,True,True
apps_python_394,clean_schema_mismatch,1,L21H12,1.476159793814433,True,True
apps_python_394,clean_schema_mismatch,2,MLP27,1.5625805412371134,True,True
apps_python_394,clean_no_protocol,1,L21H12,2.9587628865979383,False,False
apps_python_394,clean_no_protocol,2,MLP27,4.605670103092783,False,False
codecontests_java_394,clean_no_schema,1,L21H12,0.348328488372093,True,True
codecontests_java_394,clean_no_schema,2,MLP27,0.35933866279069765,True,True
codecontests_java_394,clean_schema_mismatch,1,L21H12,1.2651162790697674,False,True
codecontests_java_394,clean_schema_mismatch,2,MLP27,1.4044331395348837,True,True
codecontests_java_394,clean_no_protocol,1,L21H12,2.0511627906976746,False,False
codecontests_java_394,clean_no_protocol,2,MLP27,2.96453488372093,False,False
apps_python_395,clean_no_schema,1,L21H12,0.15625,True,True
apps_python_395,clean_no_schema,2,MLP27,0.13585069444444445,False,True
apps_python_395,clean_schema_mismatch,1,L21H12,0.7743055555555556,False,False
apps_python_395,clean_schema_mismatch,2,MLP27,1.1953125,True,True
apps_python_395,clean_no_protocol,1,L21H12,0.9340277777777778,False,False
apps_python_395,clean_no_protocol,2,MLP27,1.4357638888888888,False,False
codecontests_cpp_395,clean_no_schema,1,L21H12,1.4,False,False
codecontests_cpp_395,clean_no_schema,2,MLP27,1.8625,False,True
codecontests_cpp_395,clean_schema_mismatch,1,L21H12,1.9041666666666666,False,False
codecontests_cpp_395,clean_schema_mismatch,2,MLP27,2.1666666666666665,True,True
codecontests_cpp_395,clean_no_protocol,1,L21H12,2.058333333333333,False,False
codecontests_cpp_395,clean_no_protocol,2,MLP27,3.1260416666666666,False,True
codecontests_java_395,clean_no_schema,1,L21H12,0.2249087591240876,True,True
codecontests_java_395,clean_no_schema,2,MLP27,0.24914461678832117,True,True
codecontests_java_395,clean_schema_mismatch,1,L21H12,0.02645985401459854,True,True
codecontests_java_395,clean_schema_mismatch,2,MLP27,0.029114660555428832,True,True
codecontests_java_395,clean_no_protocol,1,L21H12,0.8594890510948905,False,False
codecontests_java_395,clean_no_protocol,2,MLP27,1.095517791970803,True,True
apps_python_396,clean_no_schema,1,L21H12,0.3620218579234973,False,False
apps_python_396,clean_no_schema,2,MLP27,0.35040983606557374,False,False
apps_python_396,clean_schema_mismatch,1,L21H12,0.73224043715847,False,False
apps_python_396,clean_schema_mismatch,2,MLP27,0.8225751366120219,True,True
apps_python_396,clean_no_protocol,1,L21H12,1.3825136612021858,False,False
apps_python_396,clean_no_protocol,2,MLP27,1.8128415300546448,False,False
codecontests_java_396,clean_no_schema,1,L21H12,3.485632183908046,False,False
codecontests_java_396,clean_no_schema,2,MLP27,3.8304597701149423,False,False
codecontests_java_396,clean_schema_mismatch,1,L21H12,4.103448275862069,False,False
codecontests_java_396,clean_schema_mismatch,2,MLP27,4.368534482758621,True,True
codecontests_java_396,clean_no_protocol,1,L21H12,5.022988505747127,False,False
codecontests_java_396,clean_no_protocol,2,MLP27,6.558908045977011,True,True
apps_python_397,clean_no_schema,1,L21H12,0.8131313131313131,False,False
apps_python_397,clean_no_schema,2,MLP27,0.98989898989899,False,False
apps_python_397,clean_schema_mismatch,1,L21H12,0.9166666666666666,False,False
apps_python_397,clean_schema_mismatch,2,MLP27,1.325915404040404,True,True
apps_python_397,clean_no_protocol,1,L21H12,1.3636363636363635,False,False
apps_python_397,clean_no_protocol,2,MLP27,2.3181818181818183,False,False
codecontests_cpp_397,clean_no_schema,1,L21H12,0.7142857142857143,False,False
codecontests_cpp_397,clean_no_schema,2,MLP27,0.9116071428571428,True,True
codecontests_cpp_397,clean_schema_mismatch,1,L21H12,0.9080357142857143,False,True
codecontests_cpp_397,clean_schema_mismatch,2,MLP27,1.0516183035714286,True,True
codecontests_cpp_397,clean_no_protocol,1,L21H12,1.582142857142857,False,False
codecontests_cpp_397,clean_no_protocol,2,MLP27,2.3470982142857144,True,True
codecontests_java_397,clean_no_schema,1,L21H12,0.8813694267515924,True,True
codecontests_java_397,clean_no_schema,2,MLP27,0.9175208996815286,True,True
codecontests_java_397,clean_schema_mismatch,1,L21H12,0.5635698646496815,True,True
codecontests_java_397,clean_schema_mismatch,2,MLP27,0.5667506904359076,True,True
codecontests_java_397,clean_no_protocol,1,L21H12,0.9709394904458599,True,False
codecontests_java_397,clean_no_protocol,2,MLP27,1.0619899482484076,True,True
codecontests_cpp_398,clean_no_schema,1,L21H12,0.8585271317829457,False,False
codecontests_cpp_398,clean_no_schema,2,MLP27,1.0305232558139534,True,True
codecontests_cpp_398,clean_schema_mismatch,1,L21H12,0.9631782945736435,False,False
codecontests_cpp_398,clean_schema_mismatch,2,MLP27,1.250484496124031,True,True
codecontests_cpp_398,clean_no_protocol,1,L21H12,2.434108527131783,False,False
codecontests_cpp_398,clean_no_protocol,2,MLP27,4.075581395348837,False,False
codecontests_java_398,clean_no_schema,1,L21H12,2.8189655172413794,False,False
codecontests_java_398,clean_no_schema,2,MLP27,3.045977011494253,False,False
codecontests_java_398,clean_schema_mismatch,1,L21H12,3.2011494252873565,False,False
codecontests_java_398,clean_schema_mismatch,2,MLP27,3.5754310344827585,False,False
codecontests_java_398,clean_no_protocol,1,L21H12,3.045977011494253,False,False
codecontests_java_398,clean_no_protocol,2,MLP27,4.574712643678161,False,True
apps_python_399,clean_no_schema,1,L21H12,0.4759259259259259,False,False
apps_python_399,clean_no_schema,2,MLP27,0.5425925925925926,False,False
apps_python_399,clean_schema_mismatch,1,L21H12,0.7638888888888888,False,False
apps_python_399,clean_schema_mismatch,2,MLP27,0.9305555555555556,True,True
apps_python_399,clean_no_protocol,1,L21H12,1.6888888888888889,False,False
apps_python_399,clean_no_protocol,2,MLP27,2.714814814814815,False,False
codecontests_java_399,clean_no_schema,1,L21H12,1.058091286307054,False,False
codecontests_java_399,clean_no_schema,2,MLP27,1.2365145228215768,True,True
codecontests_java_399,clean_schema_mismatch,1,L21H12,0.7077282157676349,True,True
codecontests_java_399,clean_schema_mismatch,2,MLP27,0.7509076763485477,True,True
codecontests_java_399,clean_no_protocol,1,L21H12,1.1016597510373445,False,False
codecontests_java_399,clean_no_protocol,2,MLP27,1.580783195020747,True,True
mbpp_python_399,clean_no_schema,1,L21H12,0.11512586805555555,True,True
mbpp_python_399,clean_no_schema,2,MLP27,0.10438368055555555,True,True
mbpp_python_399,clean_schema_mismatch,1,L21H12,0.5546875,False,False
mbpp_python_399,clean_schema_mismatch,2,MLP27,0.7373046875,True,True
mbpp_python_399,clean_no_protocol,1,L21H12,1.6770833333333333,False,False
mbpp_python_399,clean_no_protocol,2,MLP27,2.111111111111111,False,False
codecontests_java_400,clean_no_schema,1,L21H12,1.9884615384615385,True,True
codecontests_java_400,clean_no_schema,2,MLP27,2.0658653846153845,True,True
codecontests_java_400,clean_schema_mismatch,1,L21H12,2.1889423076923076,True,True
codecontests_java_400,clean_schema_mismatch,2,MLP27,2.2587740384615387,True,True
codecontests_java_400,clean_no_protocol,1,L21H12,3.5307692307692307,False,False
codecontests_java_400,clean_no_protocol,2,MLP27,4.586538461538462,True,True
apps_python_401,clean_no_schema,1,L21H12,0.8158995815899581,False,False
apps_python_401,clean_no_schema,2,MLP27,0.9037656903765691,False,False
apps_python_401,clean_schema_mismatch,1,L21H12,0.7280334728033473,False,False
apps_python_401,clean_schema_mismatch,2,MLP27,1.013336820083682,True,True
apps_python_401,clean_no_protocol,1,L21H12,1.9497907949790796,False,False
apps_python_401,clean_no_protocol,2,MLP27,2.7531380753138075,False,False
codecontests_cpp_401,clean_no_schema,1,L21H12,1.0828125,True,True
codecontests_cpp_401,clean_no_schema,2,MLP27,1.1900390625,True,True
codecontests_cpp_401,clean_schema_mismatch,1,L21H12,1.565625,True,True
codecontests_cpp_401,clean_schema_mismatch,2,MLP27,1.7361328125,True,True
codecontests_cpp_401,clean_no_protocol,1,L21H12,4.1875,False,False
codecontests_cpp_401,clean_no_protocol,2,MLP27,5.565625,True,True
codecontests_java_401,clean_no_schema,1,L21H12,0.7606951871657754,False,False
codecontests_java_401,clean_no_schema,2,MLP27,0.9241310160427807,False,True
codecontests_java_401,clean_schema_mismatch,1,L21H12,0.4859625668449198,True,True
codecontests_java_401,clean_schema_mismatch,2,MLP27,0.5527239304812834,True,True
codecontests_java_401,clean_no_protocol,1,L21H12,1.5401069518716577,False,False
codecontests_java_401,clean_no_protocol,2,MLP27,2.358288770053476,False,False
apps_python_402,clean_no_schema,1,L21H12,0.19142259414225943,False,True
apps_python_402,clean_no_schema,2,MLP27,0.18253138075313807,False,True
apps_python_402,clean_schema_mismatch,1,L21H12,0.6516736401673641,False,False
apps_python_402,clean_schema_mismatch,2,MLP27,0.8604864016736402,True,True
apps_python_402,clean_no_protocol,1,L21H12,0.9037656903765691,False,False
apps_python_402,clean_no_protocol,2,MLP27,1.3577405857740585,False,False
codecontests_cpp_402,clean_no_schema,1,L21H12,0.6274154589371981,True,True
codecontests_cpp_402,clean_no_schema,2,MLP27,0.6633454106280193,True,True
codecontests_cpp_402,clean_schema_mismatch,1,L21H12,1.0667270531400965,True,True
codecontests_cpp_402,clean_schema_mismatch,2,MLP27,1.115149456521739,True,True
codecontests_cpp_402,clean_no_protocol,1,L21H12,1.8405797101449275,False,False
codecontests_cpp_402,clean_no_protocol,2,MLP27,2.410929951690821,True,True
codecontests_java_402,clean_no_schema,1,L21H12,0.9761574074074074,True,True
codecontests_java_402,clean_no_schema,2,MLP27,1.0142361111111111,True,True
codecontests_java_402,clean_schema_mismatch,1,L21H12,0.7503472222222223,True,True
codecontests_java_402,clean_schema_mismatch,2,MLP27,0.7587311921296296,True,True
codecontests_java_402,clean_no_protocol,1,L21H12,1.0212962962962964,False,False
codecontests_java_402,clean_no_protocol,2,MLP27,1.1597800925925925,True,True
apps_python_403,clean_no_schema,1,L21H12,0.04083076131687243,True,True
apps_python_403,clean_no_schema,2,MLP27,0.012345679012345678,True,True
apps_python_403,clean_schema_mismatch,1,L21H12,0.9711934156378601,False,False
apps_python_403,clean_schema_mismatch,2,MLP27,1.272119341563786,True,True
apps_python_403,clean_no_protocol,1,L21H12,3.3333333333333335,False,False
apps_python_403,clean_no_protocol,2,MLP27,4.51440329218107,False,False
apps_python_404,clean_no_schema,1,L21H12,0.2972222222222222,False,False
apps_python_404,clean_no_schema,2,MLP27,0.30277777777777776,False,False
apps_python_404,clean_schema_mismatch,1,L21H12,0.37962962962962965,False,False
apps_python_404,clean_schema_mismatch,2,MLP27,0.5171296296296296,True,True
apps_python_404,clean_no_protocol,1,L21H12,1.2740740740740741,False,False
apps_python_404,clean_no_protocol,2,MLP27,2.0814814814814815,False,False
mbpp_python_404,clean_no_schema,1,L21H12,0.4690721649484536,True,True
mbpp_python_404,clean_no_schema,2,MLP27,0.43170103092783507,False,False
mbpp_python_404,clean_schema_mismatch,1,L21H12,2.077319587628866,False,False
mbpp_python_404,clean_schema_mismatch,2,MLP27,3.1262886597938144,True,True
mbpp_python_404,clean_no_protocol,1,L21H12,3.556701030927835,False,False
mbpp_python_404,clean_no_protocol,2,MLP27,5.216494845360825,False,False
apps_python_405,clean_no_schema,1,L21H12,0.0494281045751634,True,True
apps_python_405,clean_no_schema,2,MLP27,0.0428921568627451,True,True
apps_python_405,clean_schema_mismatch,1,L21H12,0.9509803921568627,False,False
apps_python_405,clean_schema_mismatch,2,MLP27,1.3982843137254901,True,True
apps_python_405,clean_no_protocol,1,L21H12,0.8594771241830066,False,False
apps_python_405,clean_no_protocol,2,MLP27,1.4060457516339868,False,True
apps_python_406,clean_no_schema,1,L21H12,0.54,False,False
apps_python_406,clean_no_schema,2,MLP27,0.7322222222222222,False,False
apps_python_406,clean_schema_mismatch,1,L21H12,0.6622222222222223,False,False
apps_python_406,clean_schema_mismatch,2,MLP27,0.8765972222222222,True,True
apps_python_406,clean_no_protocol,1,L21H12,1.4577777777777778,False,False
apps_python_406,clean_no_protocol,2,MLP27,2.2644444444444445,False,False
codecontests_java_406,clean_no_schema,1,L21H12,0.754127358490566,True,True
codecontests_java_406,clean_no_schema,2,MLP27,0.7924528301886793,True,True
codecontests_java_406,clean_schema_mismatch,1,L21H12,0.9326847484276729,True,True
codecontests_java_406,clean_schema_mismatch,2,MLP27,0.9547710298742138,True,True
codecontests_java_406,clean_no_protocol,1,L21H12,0.9276729559748428,False,False
codecontests_java_406,clean_no_protocol,2,MLP27,1.1583873820754718,True,True
mbpp_python_406,clean_no_schema,1,L21H12,0.09611344537815127,True,True
mbpp_python_406,clean_no_schema,2,MLP27,0.04254201680672269,False,True
mbpp_python_406,clean_schema_mismatch,1,L21H12,0.17384453781512604,True,True
mbpp_python_406,clean_schema_mismatch,2,MLP27,0.20154936974789917,True,True
mbpp_python_406,clean_no_protocol,1,L21H12,0.9621848739495799,False,False
mbpp_python_406,clean_no_protocol,2,MLP27,1.1680672268907564,False,False
apps_python_407,clean_no_schema,1,L21H12,0.25892857142857145,True,True
apps_python_407,clean_no_schema,2,MLP27,0.2557397959183674,True,True
apps_python_407,clean_schema_mismatch,1,L21H12,2.1964285714285716,False,False
apps_python_407,clean_schema_mismatch,2,MLP27,2.5707908163265305,True,True
apps_python_407,clean_no_protocol,1,L21H12,2.642857142857143,False,False
apps_python_407,clean_no_protocol,2,MLP27,3.5280612244897958,False,False
codecontests_cpp_407,clean_no_schema,1,L21H12,0.6759868421052632,True,True
codecontests_cpp_407,clean_no_schema,2,MLP27,0.7763157894736842,True,True
codecontests_cpp_407,clean_schema_mismatch,1,L21H12,2.1403508771929824,False,False
codecontests_cpp_407,clean_schema_mismatch,2,MLP27,2.4987664473684212,True,True
codecontests_cpp_407,clean_no_protocol,1,L21H12,3.043859649122807,False,False
codecontests_cpp_407,clean_no_protocol,2,MLP27,4.555921052631579,True,True
codecontests_java_407,clean_no_schema,1,L21H12,0.693609022556391,False,False
codecontests_java_407,clean_no_schema,2,MLP27,0.855733082706767,True,True
codecontests_java_407,clean_schema_mismatch,1,L21H12,0.45535714285714285,True,True
codecontests_java_407,clean_schema_mismatch,2,MLP27,0.4997062969924812,True,True
codecontests_java_407,clean_no_protocol,1,L21H12,0.8082706766917294,False,False
codecontests_java_407,clean_no_protocol,2,MLP27,1.1978383458646618,True,True
apps_python_408,clean_no_schema,1,L21H12,0.21566205533596838,True,True
apps_python_408,clean_no_schema,2,MLP27,0.1857707509881423,True,True
apps_python_408,clean_schema_mismatch,1,L21H12,0.8804347826086957,False,False
apps_python_408,clean_schema_mismatch,2,MLP27,1.0616971343873518,True,True
apps_python_408,clean_no_protocol,1,L21H12,0.9090909090909091,False,False
apps_python_408,clean_no_protocol,2,MLP27,1.3868577075098814,True,True
codecontests_cpp_408,clean_no_schema,1,L21H12,0.507120253164557,True,True
codecontests_cpp_408,clean_no_schema,2,MLP27,0.5374472573839663,True,True
codecontests_cpp_408,clean_schema_mismatch,1,L21H12,0.26410864978902954,True,True
codecontests_cpp_408,clean_schema_mismatch,2,MLP27,0.2799479166666667,True,True
codecontests_cpp_408,clean_no_protocol,1,L21H12,1.729957805907173,False,False
codecontests_cpp_408,clean_no_protocol,2,MLP27,2.5321729957805905,True,True
codecontests_java_408,clean_no_schema,1,L21H12,1.346563981042654,True,True
codecontests_java_408,clean_no_schema,2,MLP27,1.4331679502369667,True,True
codecontests_java_408,clean_schema_mismatch,1,L21H12,0.06422171208530805,True,True
codecontests_java_408,clean_schema_mismatch,2,MLP27,0.06564200884922985,True,True
codecontests_java_408,clean_no_protocol,1,L21H12,1.4893364928909953,False,False
codecontests_java_408,clean_no_protocol,2,MLP27,1.728080568720379,True,True
mbpp_python_408,clean_no_schema,1,L21H12,0.05739583333333333,True,True
mbpp_python_408,clean_no_schema,2,MLP27,0.025208333333333333,True,True
mbpp_python_408,clean_schema_mismatch,1,L21H12,0.7858333333333334,False,False
mbpp_python_408,clean_schema_mismatch,2,MLP27,0.9483333333333334,True,True
mbpp_python_408,clean_no_protocol,1,L21H12,1.9933333333333334,False,False
mbpp_python_408,clean_no_protocol,2,MLP27,2.433333333333333,True,True
apps_python_409,clean_no_schema,1,L21H12,0.14655172413793102,True,True
apps_python_409,clean_no_schema,2,MLP27,0.16722790948275862,True,True
apps_python_409,clean_schema_mismatch,1,L21H12,0.20411278735632185,True,True
apps_python_409,clean_schema_mismatch,2,MLP27,0.19127155172413793,True,True
apps_python_409,clean_no_protocol,1,L21H12,1.6781609195402298,False,False
apps_python_409,clean_no_protocol,2,MLP27,2.6882183908045976,False,False
codecontests_cpp_409,clean_no_schema,1,L21H12,0.6281512605042017,False,False
codecontests_cpp_409,clean_no_schema,2,MLP27,0.7534138655462185,True,True
codecontests_cpp_409,clean_schema_mismatch,1,L21H12,1.009453781512605,True,True
codecontests_cpp_409,clean_schema_mismatch,2,MLP27,1.1405593487394958,True,True
codecontests_cpp_409,clean_no_protocol,1,L21H12,2.302521008403361,False,False
codecontests_cpp_409,clean_no_protocol,2,MLP27,3.210609243697479,True,True
codecontests_java_409,clean_no_schema,1,L21H12,0.9316939890710383,False,False
codecontests_java_409,clean_no_schema,2,MLP27,1.119535519125683,True,True
codecontests_java_409,clean_schema_mismatch,1,L21H12,0.4812158469945355,True,True
codecontests_java_409,clean_schema_mismatch,2,MLP27,0.5321465163934426,True,True
codecontests_java_409,clean_no_protocol,1,L21H12,1.6885245901639345,False,False
codecontests_java_409,clean_no_protocol,2,MLP27,2.453551912568306,False,True
apps_python_410,clean_no_schema,1,L21H12,0.1554951690821256,True,True
apps_python_410,clean_no_schema,2,MLP27,0.09722222222222222,True,True
apps_python_410,clean_schema_mismatch,1,L21H12,1.3514492753623188,False,False
apps_python_410,clean_schema_mismatch,2,MLP27,1.5332125603864735,True,True
apps_python_410,clean_no_protocol,1,L21H12,2.5410628019323673,False,False
apps_python_410,clean_no_protocol,2,MLP27,3.6231884057971016,False,False
codecontests_cpp_411,clean_no_schema,1,L21H12,0.07672764227642276,True,True
codecontests_cpp_411,clean_no_schema,2,MLP27,0.1053417174796748,True,True
codecontests_cpp_411,clean_schema_mismatch,1,L21H12,1.1300813008130082,False,False
codecontests_cpp_411,clean_schema_mismatch,2,MLP27,1.4872967479674797,True,True
codecontests_cpp_411,clean_no_protocol,1,L21H12,1.6585365853658536,False,False
codecontests_cpp_411,clean_no_protocol,2,MLP27,2.402439024390244,True,True
codecontests_java_411,clean_no_schema,1,L21H12,0.07786458333333333,True,True
codecontests_java_411,clean_no_schema,2,MLP27,0.09130859375,True,True
codecontests_java_411,clean_schema_mismatch,1,L21H12,0.38876953125,True,True
codecontests_java_411,clean_schema_mismatch,2,MLP27,0.393255615234375,True,True
codecontests_java_411,clean_no_protocol,1,L21H12,1.1416666666666666,False,False
codecontests_java_411,clean_no_protocol,2,MLP27,1.4569010416666666,True,True
apps_python_412,clean_no_schema,1,L21H12,0.7996495327102804,True,True
apps_python_412,clean_no_schema,2,MLP27,0.8434579439252337,True,True
apps_python_412,clean_schema_mismatch,1,L21H12,1.1261682242990654,True,True
apps_python_412,clean_schema_mismatch,2,MLP27,1.1879928446261683,True,True
apps_python_412,clean_no_protocol,1,L21H12,1.8177570093457944,False,False
apps_python_412,clean_no_protocol,2,MLP27,2.3773364485981308,True,True
codecontests_cpp_412,clean_no_schema,1,L21H12,0.8574561403508771,False,False
codecontests_cpp_412,clean_no_schema,2,MLP27,1.0652412280701755,True,True
codecontests_cpp_412,clean_schema_mismatch,1,L21H12,0.8432017543859649,False,False
codecontests_cpp_412,clean_schema_mismatch,2,MLP27,1.0084978070175439,True,True
codecontests_cpp_412,clean_no_protocol,1,L21H12,1.894736842105263,False,False
codecontests_cpp_412,clean_no_protocol,2,MLP27,3.161184210526316,False,False
codecontests_java_412,clean_no_schema,1,L21H12,1.2748161764705883,False,False
codecontests_java_412,clean_no_schema,2,MLP27,1.3992417279411764,True,True
codecontests_java_412,clean_schema_mismatch,1,L21H12,1.070657169117647,True,True
codecontests_java_412,clean_schema_mismatch,2,MLP27,1.0873987534466911,True,True
codecontests_java_412,clean_no_protocol,1,L21H12,1.0606617647058822,False,False
codecontests_java_412,clean_no_protocol,2,MLP27,1.3818359375,True,True
apps_python_413,clean_no_schema,1,L21H12,0.6392156862745098,False,False
apps_python_413,clean_no_schema,2,MLP27,0.888235294117647,False,False
apps_python_413,clean_schema_mismatch,1,L21H12,0.634313725490196,False,False
apps_python_413,clean_schema_mismatch,2,MLP27,0.7627450980392156,True,True
apps_python_413,clean_no_protocol,1,L21H12,1.6,False,False
apps_python_413,clean_no_protocol,2,MLP27,2.5098039215686274,False,False
codecontests_java_413,clean_no_schema,1,L21H12,2.0755102040816324,False,False
codecontests_java_413,clean_no_schema,2,MLP27,2.3377551020408163,False,False
codecontests_java_413,clean_schema_mismatch,1,L21H12,3.330612244897959,False,False
codecontests_java_413,clean_schema_mismatch,2,MLP27,3.726530612244898,False,False
codecontests_java_413,clean_no_protocol,1,L21H12,3.4857142857142858,False,True
codecontests_java_413,clean_no_protocol,2,MLP27,4.410586734693878,True,True
codecontests_cpp_414,clean_no_schema,1,L21H12,0.4149543378995434,True,True
codecontests_cpp_414,clean_no_schema,2,MLP27,0.4607591324200913,True,True
codecontests_cpp_414,clean_schema_mismatch,1,L21H12,1.115296803652968,True,True
codecontests_cpp_414,clean_schema_mismatch,2,MLP27,1.1891766552511416,True,True
codecontests_cpp_414,clean_no_protocol,1,L21H12,2.036529680365297,False,False
codecontests_cpp_414,clean_no_protocol,2,MLP27,2.425085616438356,True,True
codecontests_java_414,clean_no_schema,1,L21H12,0.6007281553398058,False,False
codecontests_java_414,clean_no_schema,2,MLP27,0.7786711165048543,True,True
codecontests_java_414,clean_schema_mismatch,1,L21H12,0.441747572815534,True,True
codecontests_java_414,clean_schema_mismatch,2,MLP27,0.4683138652912621,True,True
codecontests_java_414,clean_no_protocol,1,L21H12,0.8822815533980582,False,False
codecontests_java_414,clean_no_protocol,2,MLP27,1.106492718446602,True,True
apps_python_415,clean_no_schema,1,L21H12,0.561698717948718,False,False
apps_python_415,clean_no_schema,2,MLP27,0.4166666666666667,False,False
apps_python_415,clean_schema_mismatch,1,L21H12,1.1538461538461537,False,False
apps_python_415,clean_schema_mismatch,2,MLP27,1.3854166666666667,True,True
apps_python_415,clean_no_protocol,1,L21H12,2.230769230769231,False,False
apps_python_415,clean_no_protocol,2,MLP27,3.2115384615384617,False,False
codecontests_cpp_416,clean_no_schema,1,L21H12,0.53125,False,True
codecontests_cpp_416,clean_no_schema,2,MLP27,0.6414695945945946,True,True
codecontests_cpp_416,clean_schema_mismatch,1,L21H12,1.3412162162162162,False,False
codecontests_cpp_416,clean_schema_mismatch,2,MLP27,1.6201435810810811,True,True
codecontests_cpp_416,clean_no_protocol,1,L21H12,1.8108108108108107,False,False
codecontests_cpp_416,clean_no_protocol,2,MLP27,2.9535472972972974,False,False
codecontests_java_416,clean_no_schema,1,L21H12,0.5061910377358491,True,True
codecontests_java_416,clean_no_schema,2,MLP27,0.5369251179245284,True,True
codecontests_java_416,clean_schema_mismatch,1,L21H12,1.647995283018868,True,True
codecontests_java_416,clean_schema_mismatch,2,MLP27,1.728073408018868,True,True
codecontests_java_416,clean_no_protocol,1,L21H12,2.1556603773584904,False,False
codecontests_java_416,clean_no_protocol,2,MLP27,3.1161556603773586,True,True
mbpp_python_416,clean_no_schema,1,L21H12,0.0959967320261438,True,True
mbpp_python_416,clean_no_schema,2,MLP27,0.04779411764705882,True,True
mbpp_python_416,clean_schema_mismatch,1,L21H12,0.10518790849673203,True,True
mbpp_python_416,clean_schema_mismatch,2,MLP27,0.1196640114379085,True,True
mbpp_python_416,clean_no_protocol,1,L21H12,5.30718954248366,False,False
mbpp_python_416,clean_no_protocol,2,MLP27,6.437908496732026,False,False
apps_python_417,clean_no_schema,1,L21H12,0.2789115646258503,False,True
apps_python_417,clean_no_schema,2,MLP27,0.24872448979591838,False,False
apps_python_417,clean_schema_mismatch,1,L21H12,0.782312925170068,False,False
apps_python_417,clean_schema_mismatch,2,MLP27,1.165391156462585,False,True
apps_python_417,clean_no_protocol,1,L21H12,1.3401360544217686,False,False
apps_python_417,clean_no_protocol,2,MLP27,2.04421768707483,False,False
codecontests_cpp_417,clean_no_schema,1,L21H12,0.027211893459915613,True,True
codecontests_cpp_417,clean_no_schema,2,MLP27,0.028085443037974684,True,True
codecontests_cpp_417,clean_schema_mismatch,1,L21H12,2.3375527426160336,False,False
codecontests_cpp_417,clean_schema_mismatch,2,MLP27,2.887526371308017,True,True
codecontests_cpp_417,clean_no_protocol,1,L21H12,2.147679324894515,False,False
codecontests_cpp_417,clean_no_protocol,2,MLP27,2.9237869198312234,True,True
codecontests_java_417,clean_no_schema,1,L21H12,0.3932926829268293,False,False
codecontests_java_417,clean_no_schema,2,MLP27,0.4291158536585366,False,True
codecontests_java_417,clean_schema_mismatch,1,L21H12,0.75,False,False
codecontests_java_417,clean_schema_mismatch,2,MLP27,1.0523373983739837,False,True
codecontests_java_417,clean_no_protocol,1,L21H12,0.6585365853658537,False,False
codecontests_java_417,clean_no_protocol,2,MLP27,1.0975609756097562,False,True
apps_python_418,clean_no_schema,1,L21H12,0.06557377049180328,True,True
apps_python_418,clean_no_schema,2,MLP27,0.08060109289617487,True,True
apps_python_418,clean_schema_mismatch,1,L21H12,0.3592896174863388,False,True
apps_python_418,clean_schema_mismatch,2,MLP27,0.4894979508196721,True,True
apps_python_418,clean_no_protocol,1,L21H12,0.6639344262295082,False,False
apps_python_418,clean_no_protocol,2,MLP27,1.0710382513661203,True,True
codecontests_cpp_418,clean_no_schema,1,L21H12,0.4104651162790698,True,True
codecontests_cpp_418,clean_no_schema,2,MLP27,0.4994186046511628,True,True
codecontests_cpp_418,clean_schema_mismatch,1,L21H12,0.601453488372093,True,True
codecontests_cpp_418,clean_schema_mismatch,2,MLP27,0.6531976744186047,True,True
codecontests_cpp_418,clean_no_protocol,1,L21H12,2.0930232558139537,False,False
codecontests_cpp_418,clean_no_protocol,2,MLP27,3.688372093023256,False,False
codecontests_java_418,clean_no_schema,1,L21H12,0.5612068965517242,True,True
codecontests_java_418,clean_no_schema,2,MLP27,0.6182112068965517,True,True
codecontests_java_418,clean_schema_mismatch,1,L21H12,0.21907327586206896,True,True
codecontests_java_418,clean_schema_mismatch,2,MLP27,0.23389008620689655,True,True
codecontests_java_418,clean_no_protocol,1,L21H12,1.993103448275862,False,False
codecontests_java_418,clean_no_protocol,2,MLP27,2.9961206896551724,True,True
mbpp_python_418,clean_no_schema,1,L21H12,0.004844515931372549,True,True
mbpp_python_418,clean_no_schema,2,MLP27,-0.002068014705882353,True,True
mbpp_python_418,clean_schema_mismatch,1,L21H12,0.4736519607843137,True,True
mbpp_python_418,clean_schema_mismatch,2,MLP27,0.5796377144607843,True,True
mbpp_python_418,clean_no_protocol,1,L21H12,2.176470588235294,False,False
mbpp_python_418,clean_no_protocol,2,MLP27,3.077205882352941,True,True
apps_python_419,clean_no_schema,1,L21H12,0.45,False,False
apps_python_419,clean_no_schema,2,MLP27,0.45,False,False
apps_python_419,clean_schema_mismatch,1,L21H12,0.9392857142857143,False,False
apps_python_419,clean_schema_mismatch,2,MLP27,1.4174107142857142,False,False
apps_python_419,clean_no_protocol,1,L21H12,1.2142857142857142,False,False
apps_python_419,clean_no_protocol,2,MLP27,1.9607142857142856,False,False
codecontests_cpp_419,clean_no_schema,1,L21H12,0.5669934640522876,False,False
codecontests_cpp_419,clean_no_schema,2,MLP27,0.7622549019607843,False,False
codecontests_cpp_419,clean_schema_mismatch,1,L21H12,0.6781045751633987,False,False
codecontests_cpp_419,clean_schema_mismatch,2,MLP27,0.9767156862745098,True,True
codecontests_cpp_419,clean_no_protocol,1,L21H12,0.9640522875816994,False,False
codecontests_cpp_419,clean_no_protocol,2,MLP27,1.5931372549019607,False,False
codecontests_java_419,clean_no_schema,1,L21H12,1.280187074829932,True,False
codecontests_java_419,clean_no_schema,2,MLP27,1.351296768707483,True,True
codecontests_java_419,clean_schema_mismatch,1,L21H12,0.762250212585034,True,True
codecontests_java_419,clean_schema_mismatch,2,MLP27,0.7683686755952381,True,True
codecontests_java_419,clean_no_protocol,1,L21H12,1.1666666666666667,False,False
codecontests_java_419,clean_no_protocol,2,MLP27,1.465189200680272,True,True
mbpp_python_419,clean_no_schema,1,L21H12,0.9940119760479041,False,False
mbpp_python_419,clean_no_schema,2,MLP27,1.1474550898203593,False,True
mbpp_python_419,clean_schema_mismatch,1,L21H12,0.49251497005988026,False,True
mbpp_python_419,clean_schema_mismatch,2,MLP27,0.6389876497005988,True,True
mbpp_python_419,clean_no_protocol,1,L21H12,1.9341317365269461,False,False
mbpp_python_419,clean_no_protocol,2,MLP27,2.6736526946107784,False,False
apps_python_420,clean_no_schema,1,L21H12,0.6717557251908397,False,False
apps_python_420,clean_no_schema,2,MLP27,0.7156488549618321,False,False
apps_python_420,clean_schema_mismatch,1,L21H12,0.683206106870229,False,False
apps_python_420,clean_schema_mismatch,2,MLP27,0.8420801526717557,True,True
apps_python_420,clean_no_protocol,1,L21H12,1.8549618320610688,False,False
apps_python_420,clean_no_protocol,2,MLP27,2.866412213740458,False,False
codecontests_cpp_420,clean_no_schema,1,L21H12,0.2964108910891089,True,True
codecontests_cpp_420,clean_no_schema,2,MLP27,0.34405940594059403,True,True
codecontests_cpp_420,clean_schema_mismatch,1,L21H12,0.8514851485148515,False,False
codecontests_cpp_420,clean_schema_mismatch,2,MLP27,1.073793316831683,True,True
codecontests_cpp_420,clean_no_protocol,1,L21H12,1.3663366336633664,False,False
codecontests_cpp_420,clean_no_protocol,2,MLP27,2.135519801980198,True,False
codecontests_java_420,clean_no_schema,1,L21H12,0.3092105263157895,True,False
codecontests_java_420,clean_no_schema,2,MLP27,0.3792293233082707,True,True
codecontests_java_420,clean_schema_mismatch,1,L21H12,0.7330827067669173,False,False
codecontests_java_420,clean_schema_mismatch,2,MLP27,0.8451597744360902,True,True
codecontests_java_420,clean_no_protocol,1,L21H12,0.8796992481203008,False,False
codecontests_java_420,clean_no_protocol,2,MLP27,1.406015037593985,False,True
mbpp_python_420,clean_no_schema,1,L21H12,0.7840236686390533,False,False
mbpp_python_420,clean_no_schema,2,MLP27,0.9482248520710059,False,False
mbpp_python_420,clean_schema_mismatch,1,L21H12,0.8846153846153846,False,False
mbpp_python_420,clean_schema_mismatch,2,MLP27,1.1952662721893492,True,True
mbpp_python_420,clean_no_protocol,1,L21H12,1.9881656804733727,False,False
mbpp_python_420,clean_no_protocol,2,MLP27,2.8727810650887573,False,False
apps_python_421,clean_no_schema,1,L21H12,0.6691176470588235,True,True
apps_python_421,clean_no_schema,2,MLP27,0.6488970588235294,True,True
apps_python_421,clean_schema_mismatch,1,L21H12,2.1691176470588234,False,False
apps_python_421,clean_schema_mismatch,2,MLP27,2.8754595588235294,True,True
apps_python_421,clean_no_protocol,1,L21H12,4.073529411764706,False,False
apps_python_421,clean_no_protocol,2,MLP27,5.382352941176471,False,False
codecontests_cpp_421,clean_no_schema,1,L21H12,0.3712686567164179,True,True
codecontests_cpp_421,clean_no_schema,2,MLP27,0.39614427860696516,True,True
codecontests_cpp_421,clean_schema_mismatch,1,L21H12,1.691542288557214,False,False
codecontests_cpp_421,clean_schema_mismatch,2,MLP27,2.0363805970149254,True,True
codecontests_cpp_421,clean_no_protocol,1,L21H12,1.7661691542288558,False,False
codecontests_cpp_421,clean_no_protocol,2,MLP27,2.584577114427861,True,False
codecontests_java_421,clean_no_schema,1,L21H12,0.38875,True,True
codecontests_java_421,clean_no_schema,2,MLP27,0.403056640625,True,True
codecontests_java_421,clean_schema_mismatch,1,L21H12,0.711875,True,True
codecontests_java_421,clean_schema_mismatch,2,MLP27,0.743505859375,True,True
codecontests_java_421,clean_no_protocol,1,L21H12,0.9425,False,False
codecontests_java_421,clean_no_protocol,2,MLP27,1.07177734375,True,True
mbpp_python_421,clean_no_schema,1,L21H12,0.1600790513833992,True,True
mbpp_python_421,clean_no_schema,2,MLP27,0.13932806324110672,True,True
mbpp_python_421,clean_schema_mismatch,1,L21H12,1.2826086956521738,False,False
mbpp_python_421,clean_schema_mismatch,2,MLP27,1.5318675889328064,True,True
mbpp_python_421,clean_no_protocol,1,L21H12,1.9209486166007905,False,False
mbpp_python_421,clean_no_protocol,2,MLP27,2.7470355731225298,False,False
apps_python_422,clean_no_schema,1,L21H12,0.7308139534883721,True,True
apps_python_422,clean_no_schema,2,MLP27,0.7444767441860465,True,True
apps_python_422,clean_schema_mismatch,1,L21H12,1.0488372093023255,True,True
apps_python_422,clean_schema_mismatch,2,MLP27,1.0930414244186046,True,True
apps_python_422,clean_no_protocol,1,L21H12,1.127906976744186,False,False
apps_python_422,clean_no_protocol,2,MLP27,1.4159883720930233,True,True
codecontests_cpp_422,clean_no_schema,1,L21H12,0.10786033163265306,True,True
codecontests_cpp_422,clean_no_schema,2,MLP27,0.11662946428571429,True,True
codecontests_cpp_422,clean_schema_mismatch,1,L21H12,0.3944515306122449,True,True
codecontests_cpp_422,clean_schema_mismatch,2,MLP27,0.43052455357142855,True,True
codecontests_cpp_422,clean_no_protocol,1,L21H12,0.7423469387755102,False,False
codecontests_cpp_422,clean_no_protocol,2,MLP27,1.3332270408163265,True,True
codecontests_java_422,clean_no_schema,1,L21H12,0.26426174496644295,False,False
codecontests_java_422,clean_no_schema,2,MLP27,0.3498322147651007,True,True
codecontests_java_422,clean_schema_mismatch,1,L21H12,0.46895973154362414,False,False
codecontests_java_422,clean_schema_mismatch,2,MLP27,0.6012479026845637,True,True
codecontests_java_422,clean_no_protocol,1,L21H12,0.7416107382550335,False,False
codecontests_java_422,clean_no_protocol,2,MLP27,1.2256711409395973,False,False
mbpp_python_422,clean_no_schema,1,L21H12,0.4961890243902439,False,True
mbpp_python_422,clean_no_schema,2,MLP27,0.4382621951219512,False,False
mbpp_python_422,clean_schema_mismatch,1,L21H12,1.1890243902439024,False,False
mbpp_python_422,clean_schema_mismatch,2,MLP27,1.881859756097561,True,True
mbpp_python_422,clean_no_protocol,1,L21H12,3.3292682926829267,False,False
mbpp_python_422,clean_no_protocol,2,MLP27,4.323170731707317,False,False
codecontests_cpp_423,clean_no_schema,1,L21H12,0.23574561403508773,True,True
codecontests_cpp_423,clean_no_schema,2,MLP27,0.25511695906432746,True,True
codecontests_cpp_423,clean_schema_mismatch,1,L21H12,0.24497441520467836,True,True
codecontests_cpp_423,clean_schema_mismatch,2,MLP27,0.26707842196637427,True,True
codecontests_cpp_423,clean_no_protocol,1,L21H12,1.409356725146199,False,False
codecontests_cpp_423,clean_no_protocol,2,MLP27,2.158625730994152,False,False
codecontests_java_423,clean_no_schema,1,L21H12,0.19709821428571428,True,True
codecontests_java_423,clean_no_schema,2,MLP27,0.21852678571428572,True,True
codecontests_java_423,clean_schema_mismatch,1,L21H12,0.27684151785714284,True,True
codecontests_java_423,clean_schema_mismatch,2,MLP27,0.28909388950892856,True,True
codecontests_java_423,clean_no_protocol,1,L21H12,0.9660714285714286,False,False
codecontests_java_423,clean_no_protocol,2,MLP27,1.3207589285714285,True,True
mbpp_python_423,clean_no_schema,1,L21H12,0.14042207792207792,True,True
mbpp_python_423,clean_no_schema,2,MLP27,0.11810064935064934,True,True
mbpp_python_423,clean_schema_mismatch,1,L21H12,1.6785714285714286,False,False
mbpp_python_423,clean_schema_mismatch,2,MLP27,2.2719155844155843,True,True
mbpp_python_423,clean_no_protocol,1,L21H12,2.6623376623376624,False,False
mbpp_python_423,clean_no_protocol,2,MLP27,3.948051948051948,False,False
codecontests_cpp_424,clean_no_schema,1,L21H12,0.8516129032258064,False,False
codecontests_cpp_424,clean_no_schema,2,MLP27,1.073790322580645,True,True
codecontests_cpp_424,clean_schema_mismatch,1,L21H12,0.8983870967741936,False,False
codecontests_cpp_424,clean_schema_mismatch,2,MLP27,1.134375,True,True
codecontests_cpp_424,clean_no_protocol,1,L21H12,1.7032258064516128,False,False
codecontests_cpp_424,clean_no_protocol,2,MLP27,2.639516129032258,False,False
codecontests_java_424,clean_no_schema,1,L21H12,1.1225296442687747,False,False
codecontests_java_424,clean_no_schema,2,MLP27,1.3379446640316206,False,False
codecontests_java_424,clean_schema_mismatch,1,L21H12,1.2075098814229248,False,False
codecontests_java_424,clean_schema_mismatch,2,MLP27,1.4567687747035574,True,True
codecontests_java_424,clean_no_protocol,1,L21H12,1.225296442687747,False,False
codecontests_java_424,clean_no_protocol,2,MLP27,1.7495059288537549,True,True
mbpp_python_424,clean_no_schema,1,L21H12,0.4152542372881356,False,False
mbpp_python_424,clean_no_schema,2,MLP27,0.3785310734463277,False,False
mbpp_python_424,clean_schema_mismatch,1,L21H12,0.8983050847457628,False,False
mbpp_python_424,clean_schema_mismatch,2,MLP27,1.2179555084745763,True,True
mbpp_python_424,clean_no_protocol,1,L21H12,2.07909604519774,False,False
mbpp_python_424,clean_no_protocol,2,MLP27,3.248587570621469,False,False
apps_python_425,clean_no_schema,1,L21H12,1.1397849462365592,False,False
apps_python_425,clean_no_schema,2,MLP27,1.4059139784946237,False,False
apps_python_425,clean_schema_mismatch,1,L21H12,1.575268817204301,False,False
apps_python_425,clean_schema_mismatch,2,MLP27,2.431451612903226,False,True
apps_python_425,clean_no_protocol,1,L21H12,2.5053763440860215,False,False
apps_python_425,clean_no_protocol,2,MLP27,3.8629032258064515,False,False
codecontests_java_425,clean_no_schema,1,L21H12,0.36594202898550726,True,True
codecontests_java_425,clean_no_schema,2,MLP27,0.40047554347826086,True,True
codecontests_java_425,clean_schema_mismatch,1,L21H12,0.7479619565217391,True,True
codecontests_java_425,clean_schema_mismatch,2,MLP27,0.778702445652174,True,True
codecontests_java_425,clean_no_protocol,1,L21H12,3.260869565217391,False,False
codecontests_java_425,clean_no_protocol,2,MLP27,4.212409420289855,True,True
mbpp_python_425,clean_no_schema,1,L21H12,0.28814935064935066,True,True
mbpp_python_425,clean_no_schema,2,MLP27,0.2786796536796537,True,True
mbpp_python_425,clean_schema_mismatch,1,L21H12,0.9134199134199135,False,False
mbpp_python_425,clean_schema_mismatch,2,MLP27,1.2246347402597402,True,True
mbpp_python_425,clean_no_protocol,1,L21H12,2.225108225108225,False,False
mbpp_python_425,clean_no_protocol,2,MLP27,3.2034632034632033,False,False
apps_python_426,clean_no_schema,1,L21H12,0.28170620437956206,True,True
apps_python_426,clean_no_schema,2,MLP27,0.26505474452554745,True,True
apps_python_426,clean_schema_mismatch,1,L21H12,0.583029197080292,True,True
apps_python_426,clean_schema_mismatch,2,MLP27,0.6583314324817519,True,True
apps_python_426,clean_no_protocol,1,L21H12,1.9124087591240877,False,False
apps_python_426,clean_no_protocol,2,MLP27,2.7791970802919708,False,False
codecontests_cpp_426,clean_no_schema,1,L21H12,0.7827620967741935,True,True
codecontests_cpp_426,clean_no_schema,2,MLP27,0.8780241935483871,True,True
codecontests_cpp_426,clean_schema_mismatch,1,L21H12,0.38256048387096775,True,True
codecontests_cpp_426,clean_schema_mismatch,2,MLP27,0.42133946572580644,True,True
codecontests_cpp_426,clean_no_protocol,1,L21H12,3.024193548387097,False,False
codecontests_cpp_426,clean_no_protocol,2,MLP27,4.492691532258065,True,True
codecontests_java_426,clean_no_schema,1,L21H12,0.7227328431372549,False,True
codecontests_java_426,clean_no_schema,2,MLP27,0.7752565870098039,True,True
codecontests_java_426,clean_schema_mismatch,1,L21H12,0.530484068627451,True,True
codecontests_java_426,clean_schema_mismatch,2,MLP27,0.5509799134497549,True,True
codecontests_java_426,clean_no_protocol,1,L21H12,0.8517156862745098,False,False
codecontests_java_426,clean_no_protocol,2,MLP27,1.1142769607843137,True,True
apps_python_427,clean_no_schema,1,L21H12,0.4378238341968912,False,False
apps_python_427,clean_no_schema,2,MLP27,0.49352331606217614,False,False
apps_python_427,clean_schema_mismatch,1,L21H12,0.5518134715025906,False,False
apps_python_427,clean_schema_mismatch,2,MLP27,0.767244170984456,True,True
apps_python_427,clean_no_protocol,1,L21H12,0.7616580310880829,False,False
apps_python_427,clean_no_protocol,2,MLP27,1.1398963730569949,False,False
codecontests_cpp_427,clean_no_schema,1,L21H12,0.3391990291262136,True,True
codecontests_cpp_427,clean_no_schema,2,MLP27,0.394872572815534,True,True
codecontests_cpp_427,clean_schema_mismatch,1,L21H12,0.808252427184466,False,False
codecontests_cpp_427,clean_schema_mismatch,2,MLP27,0.9448574029126213,True,True
codecontests_cpp_427,clean_no_protocol,1,L21H12,1.233009708737864,False,False
codecontests_cpp_427,clean_no_protocol,2,MLP27,1.9053398058252426,True,True
codecontests_java_427,clean_no_schema,1,L21H12,0.41321243523316065,False,False
codecontests_java_427,clean_no_schema,2,MLP27,0.4805699481865285,False,False
codecontests_java_427,clean_schema_mismatch,1,L21H12,0.5699481865284974,False,False
codecontests_java_427,clean_schema_mismatch,2,MLP27,0.9316709844559585,False,False
codecontests_java_427,clean_no_protocol,1,L21H12,0.6580310880829016,False,False
codecontests_java_427,clean_no_protocol,2,MLP27,1.2085492227979275,False,False
mbpp_python_427,clean_no_schema,1,L21H12,1.0143939393939394,False,False
mbpp_python_427,clean_no_schema,2,MLP27,1.0651515151515152,False,True
mbpp_python_427,clean_schema_mismatch,1,L21H12,0.7056818181818182,True,True
mbpp_python_427,clean_schema_mismatch,2,MLP27,0.756344696969697,True,True
mbpp_python_427,clean_no_protocol,1,L21H12,1.0363636363636364,False,False
mbpp_python_427,clean_no_protocol,2,MLP27,1.3791666666666667,True,True
apps_python_428,clean_no_schema,1,L21H12,0.7555970149253731,False,False
apps_python_428,clean_no_schema,2,MLP27,1.069962686567164,False,True
apps_python_428,clean_schema_mismatch,1,L21H12,0.43097014925373134,False,True
apps_python_428,clean_schema_mismatch,2,MLP27,0.5407532649253731,True,True
apps_python_428,clean_no_protocol,1,L21H12,1.835820895522388,False,False
apps_python_428,clean_no_protocol,2,MLP27,3.037313432835821,False,False
codecontests_cpp_428,clean_no_schema,1,L21H12,0.38105867346938777,True,True
codecontests_cpp_428,clean_no_schema,2,MLP27,0.3911830357142857,True,True
codecontests_cpp_428,clean_schema_mismatch,1,L21H12,2.048469387755102,False,False
codecontests_cpp_428,clean_schema_mismatch,2,MLP27,2.260921556122449,True,True
codecontests_cpp_428,clean_no_protocol,1,L21H12,3.6020408163265305,False,False
codecontests_cpp_428,clean_no_protocol,2,MLP27,4.691326530612245,True,True
codecontests_java_428,clean_no_schema,1,L21H12,1.2251908396946565,False,False
codecontests_java_428,clean_no_schema,2,MLP27,1.3860925572519085,True,True
codecontests_java_428,clean_schema_mismatch,1,L21H12,0.3877027671755725,True,True
codecontests_java_428,clean_schema_mismatch,2,MLP27,0.3995109732824427,True,True
codecontests_java_428,clean_no_protocol,1,L21H12,1.6259541984732824,False,False
codecontests_java_428,clean_no_protocol,2,MLP27,1.9823473282442747,True,True
mbpp_python_428,clean_no_schema,1,L21H12,0.18400735294117648,True,True
mbpp_python_428,clean_no_schema,2,MLP27,0.15514705882352942,False,True
mbpp_python_428,clean_schema_mismatch,1,L21H12,0.23988970588235295,False,True
mbpp_python_428,clean_schema_mismatch,2,MLP27,0.27035845588235297,True,True
mbpp_python_428,clean_no_protocol,1,L21H12,0.9,False,False
mbpp_python_428,clean_no_protocol,2,MLP27,1.4573529411764705,False,True
apps_python_429,clean_no_schema,1,L21H12,0.10317095588235294,True,True
apps_python_429,clean_no_schema,2,MLP27,0.11603860294117647,True,True
apps_python_429,clean_schema_mismatch,1,L21H12,1.0110294117647058,False,False
apps_python_429,clean_schema_mismatch,2,MLP27,1.3412798713235294,True,True
apps_python_429,clean_no_protocol,1,L21H12,1.411764705882353,False,False
apps_python_429,clean_no_protocol,2,MLP27,2.1075367647058822,False,True
codecontests_cpp_429,clean_no_schema,1,L21H12,1.0235849056603774,False,False
codecontests_cpp_429,clean_no_schema,2,MLP27,1.2330974842767295,True,True
codecontests_cpp_429,clean_schema_mismatch,1,L21H12,1.3333333333333333,False,False
codecontests_cpp_429,clean_schema_mismatch,2,MLP27,1.5249606918238994,True,True
codecontests_cpp_429,clean_no_protocol,1,L21H12,1.7106918238993711,False,False
codecontests_cpp_429,clean_no_protocol,2,MLP27,2.4693396226415096,True,True
codecontests_java_429,clean_no_schema,1,L21H12,0.9302631578947368,False,False
codecontests_java_429,clean_no_schema,2,MLP27,1.084703947368421,True,True
codecontests_java_429,clean_schema_mismatch,1,L21H12,0.23001644736842106,True,True
codecontests_java_429,clean_schema_mismatch,2,MLP27,0.23499177631578946,True,True
codecontests_java_429,clean_no_protocol,1,L21H12,0.7526315789473684,False,False
codecontests_java_429,clean_no_protocol,2,MLP27,0.9201069078947368,True,True
apps_python_430,clean_no_schema,1,L21H12,0.3199152542372881,False,False
apps_python_430,clean_no_schema,2,MLP27,0.2669491525423729,False,False
apps_python_430,clean_schema_mismatch,1,L21H12,0.1818502824858757,True,True
apps_python_430,clean_schema_mismatch,2,MLP27,0.2530896892655367,True,True
apps_python_430,clean_no_protocol,1,L21H12,1.5593220338983051,False,False
apps_python_430,clean_no_protocol,2,MLP27,2.1186440677966103,False,False
codecontests_cpp_430,clean_no_schema,1,L21H12,0.43132716049382713,True,True
codecontests_cpp_430,clean_no_schema,2,MLP27,0.5281635802469136,True,True
codecontests_cpp_430,clean_schema_mismatch,1,L21H12,2.4290123456790123,False,False
codecontests_cpp_430,clean_schema_mismatch,2,MLP27,2.677469135802469,True,True
codecontests_cpp_430,clean_no_protocol,1,L21H12,3.2222222222222223,False,False
codecontests_cpp_430,clean_no_protocol,2,MLP27,4.981481481481482,False,False
codecontests_java_430,clean_no_schema,1,L21H12,0.8550646551724138,True,True
codecontests_java_430,clean_no_schema,2,MLP27,0.9240301724137931,True,True
codecontests_java_430,clean_schema_mismatch,1,L21H12,0.010507780930091595,True,True
codecontests_java_430,clean_schema_mismatch,2,MLP27,0.010558424324824893,True,True
codecontests_java_430,clean_no_protocol,1,L21H12,2.375,False,False
codecontests_java_430,clean_no_protocol,2,MLP27,3.0418911637931036,True,True
mbpp_python_430,clean_no_schema,1,L21H12,-0.02166970802919708,True,True
mbpp_python_430,clean_no_schema,2,MLP27,0.008268704379562043,False,True
mbpp_python_430,clean_schema_mismatch,1,L21H12,0.7864963503649635,False,False
mbpp_python_430,clean_schema_mismatch,2,MLP27,1.063868613138686,False,False
mbpp_python_430,clean_no_protocol,1,L21H12,1.1058394160583942,False,False
mbpp_python_430,clean_no_protocol,2,MLP27,1.6003649635036497,False,False
apps_python_431,clean_no_schema,1,L21H12,0.20766129032258066,True,True
apps_python_431,clean_no_schema,2,MLP27,0.23235887096774194,True,True
apps_python_431,clean_schema_mismatch,1,L21H12,0.9025537634408602,True,True
apps_python_431,clean_schema_mismatch,2,MLP27,0.9939516129032258,True,True
apps_python_431,clean_no_protocol,1,L21H12,2.6236559139784945,False,False
apps_python_431,clean_no_protocol,2,MLP27,3.5873655913978495,True,True
codecontests_java_431,clean_no_schema,1,L21H12,0.4248621323529412,True,True
codecontests_java_431,clean_no_schema,2,MLP27,0.4435891544117647,True,True
codecontests_java_431,clean_schema_mismatch,1,L21H12,1.8189338235294117,True,True
codecontests_java_431,clean_schema_mismatch,2,MLP27,1.9094381893382353,True,True
codecontests_java_431,clean_no_protocol,1,L21H12,3.286764705882353,False,False
codecontests_java_431,clean_no_protocol,2,MLP27,4.3161764705882355,True,True
apps_python_432,clean_no_schema,1,L21H12,0.47093023255813954,False,False
apps_python_432,clean_no_schema,2,MLP27,0.42790697674418604,False,False
apps_python_432,clean_schema_mismatch,1,L21H12,0.9883720930232558,False,False
apps_python_432,clean_schema_mismatch,2,MLP27,1.3825581395348838,False,False
apps_python_432,clean_no_protocol,1,L21H12,1.1023255813953488,False,False
apps_python_432,clean_no_protocol,2,MLP27,1.872093023255814,False,False
codecontests_cpp_432,clean_no_schema,1,L21H12,0.8384615384615385,False,True
codecontests_cpp_432,clean_no_schema,2,MLP27,0.9379807692307692,True,True
codecontests_cpp_432,clean_schema_mismatch,1,L21H12,1.5384615384615385,False,False
codecontests_cpp_432,clean_schema_mismatch,2,MLP27,1.7813701923076923,True,True
codecontests_cpp_432,clean_no_protocol,1,L21H12,2.707692307692308,False,False
codecontests_cpp_432,clean_no_protocol,2,MLP27,3.8884615384615384,False,False
codecontests_java_432,clean_no_schema,1,L21H12,1.0975,True,False
codecontests_java_432,clean_no_schema,2,MLP27,1.1520535714285713,True,True
codecontests_java_432,clean_schema_mismatch,1,L21H12,0.6843303571428572,True,True
codecontests_java_432,clean_schema_mismatch,2,MLP27,0.6882003348214286,True,True
codecontests_java_432,clean_no_protocol,1,L21H12,1.22,False,False
codecontests_java_432,clean_no_protocol,2,MLP27,1.4085267857142858,True,True
codecontests_java_433,clean_no_schema,1,L21H12,0.08358864379084967,True,True
codecontests_java_433,clean_no_schema,2,MLP27,0.08343545751633986,True,True
codecontests_java_433,clean_schema_mismatch,1,L21H12,2.6151960784313726,True,True
codecontests_java_433,clean_schema_mismatch,2,MLP27,2.7387152777777777,True,True
codecontests_java_433,clean_no_protocol,1,L21H12,5.137254901960785,False,False
codecontests_java_433,clean_no_protocol,2,MLP27,6.728758169934641,True,True
mbpp_python_433,clean_no_schema,1,L21H12,0.807843137254902,False,False
mbpp_python_433,clean_no_schema,2,MLP27,0.9558823529411765,False,False
mbpp_python_433,clean_schema_mismatch,1,L21H12,1.268627450980392,False,False
mbpp_python_433,clean_schema_mismatch,2,MLP27,1.5109068627450981,True,True
mbpp_python_433,clean_no_protocol,1,L21H12,1.0627450980392157,False,False
mbpp_python_433,clean_no_protocol,2,MLP27,1.5029411764705882,True,True
apps_python_434,clean_no_schema,1,L21H12,0.6774553571428571,False,False
apps_python_434,clean_no_schema,2,MLP27,0.7818080357142857,True,True
apps_python_434,clean_schema_mismatch,1,L21H12,1.4285714285714286,False,False
apps_python_434,clean_schema_mismatch,2,MLP27,2.064732142857143,True,True
apps_python_434,clean_no_protocol,1,L21H12,1.8258928571428572,False,False
apps_python_434,clean_no_protocol,2,MLP27,2.6473214285714284,False,False
codecontests_java_434,clean_no_schema,1,L21H12,0.487440664556962,True,True
codecontests_java_434,clean_no_schema,2,MLP27,0.4927870352056962,True,True
codecontests_java_434,clean_schema_mismatch,1,L21H12,0.2579361155063291,True,True
codecontests_java_434,clean_schema_mismatch,2,MLP27,0.2608658030063291,True,True
codecontests_java_434,clean_no_protocol,1,L21H12,0.9149525316455697,True,True
codecontests_java_434,clean_no_protocol,2,MLP27,1.0111872033227849,True,True
mbpp_python_434,clean_no_schema,1,L21H12,0.3215767634854772,False,False
mbpp_python_434,clean_no_schema,2,MLP27,0.35217842323651455,False,True
mbpp_python_434,clean_schema_mismatch,1,L21H12,0.6068464730290456,False,False
mbpp_python_434,clean_schema_mismatch,2,MLP27,0.7694502074688797,True,True
mbpp_python_434,clean_no_protocol,1,L21H12,2.763485477178423,False,False
mbpp_python_434,clean_no_protocol,2,MLP27,4.0995850622406635,False,False
apps_python_435,clean_no_schema,1,L21H12,0.21737132352941177,False,True
apps_python_435,clean_no_schema,2,MLP27,0.24356617647058823,False,True
apps_python_435,clean_schema_mismatch,1,L21H12,0.7389705882352942,False,False
apps_python_435,clean_schema_mismatch,2,MLP27,1.2693014705882353,False,True
apps_python_435,clean_no_protocol,1,L21H12,1.5073529411764706,False,False
apps_python_435,clean_no_protocol,2,MLP27,2.454044117647059,False,False
codecontests_cpp_435,clean_no_schema,1,L21H12,1.4024896265560165,False,False
codecontests_cpp_435,clean_no_schema,2,MLP27,1.7199170124481329,False,False
codecontests_cpp_435,clean_schema_mismatch,1,L21H12,1.7717842323651452,False,False
codecontests_cpp_435,clean_schema_mismatch,2,MLP27,2.0534232365145226,True,True
codecontests_cpp_435,clean_no_protocol,1,L21H12,2.6473029045643153,False,False
codecontests_cpp_435,clean_no_protocol,2,MLP27,4.421161825726141,False,False
codecontests_java_435,clean_no_schema,1,L21H12,0.6345588235294117,False,False
codecontests_java_435,clean_no_schema,2,MLP27,0.731985294117647,True,True
codecontests_java_435,clean_schema_mismatch,1,L21H12,0.4400735294117647,False,True
codecontests_java_435,clean_schema_mismatch,2,MLP27,0.49368106617647056,True,True
codecontests_java_435,clean_no_protocol,1,L21H12,0.7735294117647059,False,False
codecontests_java_435,clean_no_protocol,2,MLP27,1.1832720588235295,True,True
apps_python_436,clean_no_schema,1,L21H12,0.7802197802197802,False,False
apps_python_436,clean_no_schema,2,MLP27,0.8489010989010989,False,False
apps_python_436,clean_schema_mismatch,1,L21H12,0.7019230769230769,False,False
apps_python_436,clean_schema_mismatch,2,MLP27,0.8166208791208791,True,True
apps_python_436,clean_no_protocol,1,L21H12,2.4505494505494507,False,False
apps_python_436,clean_no_protocol,2,MLP27,3.9835164835164836,False,False
codecontests_cpp_436,clean_no_schema,1,L21H12,0.7688953488372093,True,False
codecontests_cpp_436,clean_no_schema,2,MLP27,0.850109011627907,True,True
codecontests_cpp_436,clean_schema_mismatch,1,L21H12,1.494186046511628,False,False
codecontests_cpp_436,clean_schema_mismatch,2,MLP27,1.7776162790697674,True,True
codecontests_cpp_436,clean_no_protocol,1,L21H12,1.8546511627906976,False,False
codecontests_cpp_436,clean_no_protocol,2,MLP27,2.752906976744186,False,False
codecontests_java_436,clean_no_schema,1,L21H12,1.3960040983606556,True,True
codecontests_java_436,clean_no_schema,2,MLP27,1.4561987704918034,True,True
codecontests_java_436,clean_schema_mismatch,1,L21H12,1.001921106557377,True,True
codecontests_java_436,clean_schema_mismatch,2,MLP27,1.0117627753586065,True,True
codecontests_java_436,clean_no_protocol,1,L21H12,1.0327868852459017,False,True
codecontests_java_436,clean_no_protocol,2,MLP27,1.1685450819672132,True,True
apps_python_437,clean_no_schema,1,L21H12,0.23377862595419846,False,True
apps_python_437,clean_no_schema,2,MLP27,0.2099236641221374,False,True
apps_python_437,clean_schema_mismatch,1,L21H12,0.8320610687022901,False,False
apps_python_437,clean_schema_mismatch,2,MLP27,1.1702051526717556,True,True
apps_python_437,clean_no_protocol,1,L21H12,1.1145038167938932,False,False
apps_python_437,clean_no_protocol,2,MLP27,1.6412213740458015,False,False
codecontests_cpp_437,clean_no_schema,1,L21H12,0.18892045454545456,True,True
codecontests_cpp_437,clean_no_schema,2,MLP27,0.224609375,True,True
codecontests_cpp_437,clean_schema_mismatch,1,L21H12,0.6910511363636364,False,False
codecontests_cpp_437,clean_schema_mismatch,2,MLP27,0.8449928977272727,True,True
codecontests_cpp_437,clean_no_protocol,1,L21H12,1.4375,False,False
codecontests_cpp_437,clean_no_protocol,2,MLP27,2.309659090909091,False,False
codecontests_java_437,clean_no_schema,1,L21H12,0.7533482142857143,False,False
codecontests_java_437,clean_no_schema,2,MLP27,0.8561662946428571,True,True
codecontests_java_437,clean_schema_mismatch,1,L21H12,0.8454241071428571,False,False
codecontests_java_437,clean_schema_mismatch,2,MLP27,0.9734235491071429,True,True
codecontests_java_437,clean_no_protocol,1,L21H12,0.5892857142857143,False,False
codecontests_java_437,clean_no_protocol,2,MLP27,0.8694196428571429,True,True
mbpp_python_437,clean_no_schema,1,L21H12,0.2548076923076923,True,True
mbpp_python_437,clean_no_schema,2,MLP27,0.2013221153846154,False,True
mbpp_python_437,clean_schema_mismatch,1,L21H12,0.36177884615384615,True,True
mbpp_python_437,clean_schema_mismatch,2,MLP27,0.4085036057692308,True,True
mbpp_python_437,clean_no_protocol,1,L21H12,1.2884615384615385,False,False
mbpp_python_437,clean_no_protocol,2,MLP27,1.5835336538461537,True,True
apps_python_438,clean_no_schema,1,L21H12,0.3252032520325203,True,True
apps_python_438,clean_no_schema,2,MLP27,0.33511178861788615,True,True
apps_python_438,clean_schema_mismatch,1,L21H12,0.5410315040650406,True,True
apps_python_438,clean_schema_mismatch,2,MLP27,0.5555449695121951,True,True
apps_python_438,clean_no_protocol,1,L21H12,1.3089430894308942,False,False
apps_python_438,clean_no_protocol,2,MLP27,1.6312245934959348,True,True
codecontests_cpp_438,clean_no_schema,1,L21H12,0.8197278911564626,False,False
codecontests_cpp_438,clean_no_schema,2,MLP27,1.1683673469387754,True,True
codecontests_cpp_438,clean_schema_mismatch,1,L21H12,0.8086734693877551,True,True
codecontests_cpp_438,clean_schema_mismatch,2,MLP27,0.9112457482993197,True,True
codecontests_cpp_438,clean_no_protocol,1,L21H12,1.5034013605442176,False,False
codecontests_cpp_438,clean_no_protocol,2,MLP27,2.7346938775510203,False,False
codecontests_java_438,clean_no_schema,1,L21H12,1.7725225225225225,False,False
codecontests_java_438,clean_no_schema,2,MLP27,1.9757882882882882,True,True
codecontests_java_438,clean_schema_mismatch,1,L21H12,0.40948761261261263,True,True
codecontests_java_438,clean_schema_mismatch,2,MLP27,0.4167282516891892,True,True
codecontests_java_438,clean_no_protocol,1,L21H12,1.972972972972973,False,False
codecontests_java_438,clean_no_protocol,2,MLP27,2.677751970720721,True,True
mbpp_python_438,clean_no_schema,1,L21H12,0.5535714285714286,False,True
mbpp_python_438,clean_no_schema,2,MLP27,0.5762362637362637,False,True
mbpp_python_438,clean_schema_mismatch,1,L21H12,0.31421703296703296,True,True
mbpp_python_438,clean_schema_mismatch,2,MLP27,0.34688358516483514,True,True
mbpp_python_438,clean_no_protocol,1,L21H12,1.8681318681318682,False,False
mbpp_python_438,clean_no_protocol,2,MLP27,2.8736263736263736,False,False
apps_python_439,clean_no_schema,1,L21H12,0.9324644549763034,True,True
apps_python_439,clean_no_schema,2,MLP27,0.8909952606635071,True,True
apps_python_439,clean_schema_mismatch,1,L21H12,1.697867298578199,True,True
apps_python_439,clean_schema_mismatch,2,MLP27,1.8089454976303319,True,True
apps_python_439,clean_no_protocol,1,L21H12,3.2322274881516586,False,False
apps_python_439,clean_no_protocol,2,MLP27,4.291469194312796,False,False
codecontests_cpp_439,clean_no_schema,1,L21H12,1.845959595959596,False,False
codecontests_cpp_439,clean_no_schema,2,MLP27,2.1464646464646466,False,False
codecontests_cpp_439,clean_schema_mismatch,1,L21H12,2.3636363636363638,False,False
codecontests_cpp_439,clean_schema_mismatch,2,MLP27,2.889520202020202,True,True
codecontests_cpp_439,clean_no_protocol,1,L21H12,3.292929292929293,False,False
codecontests_cpp_439,clean_no_protocol,2,MLP27,5.01010101010101,False,False
codecontests_java_439,clean_no_schema,1,L21H12,0.3638091216216216,True,True
codecontests_java_439,clean_no_schema,2,MLP27,0.37820682010135137,True,True
codecontests_java_439,clean_schema_mismatch,1,L21H12,0.49767736486486486,True,True
codecontests_java_439,clean_schema_mismatch,2,MLP27,0.5196632179054054,True,True
codecontests_java_439,clean_no_protocol,1,L21H12,1.0472972972972974,False,False
codecontests_java_439,clean_no_protocol,2,MLP27,1.219383445945946,True,True
apps_python_440,clean_no_schema,1,L21H12,0.13093575418994413,True,True
apps_python_440,clean_no_schema,2,MLP27,0.12761871508379888,True,True
apps_python_440,clean_schema_mismatch,1,L21H12,0.6101606145251397,True,True
apps_python_440,clean_schema_mismatch,2,MLP27,0.6320814420391061,True,True
apps_python_440,clean_no_protocol,1,L21H12,1.3854748603351956,False,False
apps_python_440,clean_no_protocol,2,MLP27,1.6688198324022345,True,True
codecontests_cpp_440,clean_no_schema,1,L21H12,0.4182692307692308,True,True
codecontests_cpp_440,clean_no_schema,2,MLP27,0.4543269230769231,True,True
codecontests_cpp_440,clean_schema_mismatch,1,L21H12,1.8423076923076922,False,False
codecontests_cpp_440,clean_schema_mismatch,2,MLP27,1.9950320512820512,True,True
codecontests_cpp_440,clean_no_protocol,1,L21H12,1.4974358974358974,False,False
codecontests_cpp_440,clean_no_protocol,2,MLP27,2.119871794871795,True,True
codecontests_java_440,clean_no_schema,1,L21H12,1.0486641221374047,False,False
codecontests_java_440,clean_no_schema,2,MLP27,1.164420324427481,True,True
codecontests_java_440,clean_schema_mismatch,1,L21H12,1.2857824427480915,True,False
codecontests_java_440,clean_schema_mismatch,2,MLP27,1.3997793416030535,True,True
codecontests_java_440,clean_no_protocol,1,L21H12,1.2099236641221374,False,False
codecontests_java_440,clean_no_protocol,2,MLP27,1.5580868320610688,True,True
mbpp_python_440,clean_no_schema,1,L21H12,0.13326035031847133,True,True
mbpp_python_440,clean_no_schema,2,MLP27,0.09872611464968153,True,True
mbpp_python_440,clean_schema_mismatch,1,L21H12,1.015923566878981,True,True
mbpp_python_440,clean_schema_mismatch,2,MLP27,1.1127587579617835,True,True
mbpp_python_440,clean_no_protocol,1,L21H12,2.1910828025477707,False,False
mbpp_python_440,clean_no_protocol,2,MLP27,2.9585987261146496,False,False
apps_python_441,clean_no_schema,1,L21H12,0.6785714285714286,False,False
apps_python_441,clean_no_schema,2,MLP27,0.8814935064935064,False,False
apps_python_441,clean_schema_mismatch,1,L21H12,0.8522727272727273,False,False
apps_python_441,clean_schema_mismatch,2,MLP27,1.2120535714285714,True,True
apps_python_441,clean_no_protocol,1,L21H12,1.7337662337662338,False,False
apps_python_441,clean_no_protocol,2,MLP27,2.4740259740259742,False,False
codecontests_cpp_441,clean_no_schema,1,L21H12,0.16075581395348837,True,True
codecontests_cpp_441,clean_no_schema,2,MLP27,0.19404069767441862,True,True
codecontests_cpp_441,clean_schema_mismatch,1,L21H12,0.6738372093023256,False,False
codecontests_cpp_441,clean_schema_mismatch,2,MLP27,0.7914244186046512,True,True
codecontests_cpp_441,clean_no_protocol,1,L21H12,1.0953488372093023,False,False
codecontests_cpp_441,clean_no_protocol,2,MLP27,1.5674418604651164,True,True
codecontests_java_441,clean_no_schema,1,L21H12,0.2555693069306931,False,False
codecontests_java_441,clean_no_schema,2,MLP27,0.34607054455445546,False,True
codecontests_java_441,clean_schema_mismatch,1,L21H12,0.4962871287128713,False,False
codecontests_java_441,clean_schema_mismatch,2,MLP27,0.6658415841584159,False,True
codecontests_java_441,clean_no_protocol,1,L21H12,0.5767326732673267,False,False
codecontests_java_441,clean_no_protocol,2,MLP27,0.8592202970297029,False,True
apps_python_442,clean_no_schema,1,L21H12,0.6683673469387755,False,False
apps_python_442,clean_no_schema,2,MLP27,0.7278911564625851,False,False
apps_python_442,clean_schema_mismatch,1,L21H12,0.83078231292517,True,True
apps_python_442,clean_schema_mismatch,2,MLP27,0.939094387755102,True,True
apps_python_442,clean_no_protocol,1,L21H12,2.3877551020408165,False,False
apps_python_442,clean_no_protocol,2,MLP27,3.2551020408163267,False,False
codecontests_java_442,clean_no_schema,1,L21H12,1.1964285714285714,False,False
codecontests_java_442,clean_no_schema,2,MLP27,1.3926339285714286,True,True
codecontests_java_442,clean_schema_mismatch,1,L21H12,0.7866071428571428,True,True
codecontests_java_442,clean_schema_mismatch,2,MLP27,0.8625,True,True
codecontests_java_442,clean_no_protocol,1,L21H12,1.6571428571428573,False,False
codecontests_java_442,clean_no_protocol,2,MLP27,2.76875,True,True
mbpp_python_442,clean_no_schema,1,L21H12,0.09461805555555555,True,True
mbpp_python_442,clean_no_schema,2,MLP27,0.09418402777777778,True,True
mbpp_python_442,clean_schema_mismatch,1,L21H12,0.5442708333333334,True,True
mbpp_python_442,clean_schema_mismatch,2,MLP27,0.6477322048611112,True,True
mbpp_python_442,clean_no_protocol,1,L21H12,1.9027777777777777,False,False
mbpp_python_442,clean_no_protocol,2,MLP27,2.8628472222222223,False,False
codecontests_java_443,clean_no_schema,1,L21H12,1.5909763313609468,True,True
codecontests_java_443,clean_no_schema,2,MLP27,1.6246301775147929,True,True
codecontests_java_443,clean_schema_mismatch,1,L21H12,1.3682045118343196,True,True
codecontests_java_443,clean_schema_mismatch,2,MLP27,1.3777910040680474,True,True
codecontests_java_443,clean_no_protocol,1,L21H12,7.4674556213017755,False,False
codecontests_java_443,clean_no_protocol,2,MLP27,9.450813609467456,True,True
mbpp_python_443,clean_no_schema,1,L21H12,0.09723984771573604,True,True
mbpp_python_443,clean_no_schema,2,MLP27,0.006979695431472081,False,True
mbpp_python_443,clean_schema_mismatch,1,L21H12,0.8781725888324873,False,False
mbpp_python_443,clean_schema_mismatch,2,MLP27,1.5609137055837563,False,True
mbpp_python_443,clean_no_protocol,1,L21H12,2.284263959390863,False,False
mbpp_python_443,clean_no_protocol,2,MLP27,3.314720812182741,False,False
apps_python_444,clean_no_schema,1,L21H12,0.06598121761658031,True,True
apps_python_444,clean_no_schema,2,MLP27,0.05569948186528497,True,True
apps_python_444,clean_schema_mismatch,1,L21H12,0.8102331606217616,True,True
apps_python_444,clean_schema_mismatch,2,MLP27,0.8551651554404145,True,True
apps_python_444,clean_no_protocol,1,L21H12,1.4818652849740932,False,False
apps_python_444,clean_no_protocol,2,MLP27,2.051813471502591,False,False
codecontests_cpp_444,clean_no_schema,1,L21H12,1.7329192546583851,False,False
codecontests_cpp_444,clean_no_schema,2,MLP27,1.9949534161490683,True,True
codecontests_cpp_444,clean_schema_mismatch,1,L21H12,1.1972049689440993,False,False
codecontests_cpp_444,clean_schema_mismatch,2,MLP27,1.48631599378882,True,True
codecontests_cpp_444,clean_no_protocol,1,L21H12,3.739130434782609,False,False
codecontests_cpp_444,clean_no_protocol,2,MLP27,5.827639751552795,False,False
codecontests_java_444,clean_no_schema,1,L21H12,0.7096774193548387,False,False
codecontests_java_444,clean_no_schema,2,MLP27,0.8842165898617511,True,True
codecontests_java_444,clean_schema_mismatch,1,L21H12,0.5103686635944701,False,False
codecontests_java_444,clean_schema_mismatch,2,MLP27,0.5951180875576036,True,True
codecontests_java_444,clean_no_protocol,1,L21H12,1.695852534562212,False,False
codecontests_java_444,clean_no_protocol,2,MLP27,2.422811059907834,False,False
mbpp_python_444,clean_no_schema,1,L21H12,0.13797514619883042,True,True
mbpp_python_444,clean_no_schema,2,MLP27,0.16401681286549707,True,True
mbpp_python_444,clean_schema_mismatch,1,L21H12,0.9967105263157895,True,True
mbpp_python_444,clean_schema_mismatch,2,MLP27,1.0733621162280702,True,True
mbpp_python_444,clean_no_protocol,1,L21H12,1.0745614035087718,False,False
mbpp_python_444,clean_no_protocol,2,MLP27,1.4251644736842106,True,True
apps_python_445,clean_no_schema,1,L21H12,0.4216666666666667,False,True
apps_python_445,clean_no_schema,2,MLP27,0.48583333333333334,True,True
apps_python_445,clean_schema_mismatch,1,L21H12,0.9091666666666667,False,True
apps_python_445,clean_schema_mismatch,2,MLP27,1.0553645833333334,True,True
apps_python_445,clean_no_protocol,1,L21H12,0.8333333333333334,False,False
apps_python_445,clean_no_protocol,2,MLP27,1.2045833333333333,True,True
codecontests_java_445,clean_no_schema,1,L21H12,0.557258064516129,True,True
codecontests_java_445,clean_no_schema,2,MLP27,0.583266129032258,True,True
codecontests_java_445,clean_schema_mismatch,1,L21H12,0.07268145161290322,True,True
codecontests_java_445,clean_schema_mismatch,2,MLP27,0.07740360383064517,True,True
codecontests_java_445,clean_no_protocol,1,L21H12,0.6504032258064516,True,True
codecontests_java_445,clean_no_protocol,2,MLP27,0.7390625,True,True
mbpp_python_445,clean_no_schema,1,L21H12,0.5727091633466136,False,True
mbpp_python_445,clean_no_schema,2,MLP27,0.5866533864541833,False,True
mbpp_python_445,clean_schema_mismatch,1,L21H12,0.027826195219123506,True,True
mbpp_python_445,clean_schema_mismatch,2,MLP27,0.008715139442231075,True,True
mbpp_python_445,clean_no_protocol,1,L21H12,1.7609561752988048,False,False
mbpp_python_445,clean_no_protocol,2,MLP27,2.637450199203187,False,True
apps_python_446,clean_no_schema,1,L21H12,0.5479910714285714,True,True
apps_python_446,clean_no_schema,2,MLP27,0.5357142857142857,True,True
apps_python_446,clean_schema_mismatch,1,L21H12,1.7254464285714286,True,True
apps_python_446,clean_schema_mismatch,2,MLP27,1.8349609375,True,True
apps_python_446,clean_no_protocol,1,L21H12,1.34375,False,False
apps_python_446,clean_no_protocol,2,MLP27,1.6636904761904763,True,True
codecontests_cpp_446,clean_no_schema,1,L21H12,0.3072916666666667,True,True
codecontests_cpp_446,clean_no_schema,2,MLP27,0.3294813368055556,True,True
codecontests_cpp_446,clean_schema_mismatch,1,L21H12,0.5147569444444444,True,True
codecontests_cpp_446,clean_schema_mismatch,2,MLP27,0.5460205078125,True,True
codecontests_cpp_446,clean_no_protocol,1,L21H12,2.0972222222222223,False,False
codecontests_cpp_446,clean_no_protocol,2,MLP27,3.107638888888889,False,True
codecontests_java_446,clean_no_schema,1,L21H12,0.699468085106383,False,False
codecontests_java_446,clean_no_schema,2,MLP27,0.8146054964539007,True,True
codecontests_java_446,clean_schema_mismatch,1,L21H12,0.4095744680851064,True,True
codecontests_java_446,clean_schema_mismatch,2,MLP27,0.44209192154255317,True,True
codecontests_java_446,clean_no_protocol,1,L21H12,1.0124113475177305,False,False
codecontests_java_446,clean_no_protocol,2,MLP27,1.3701241134751774,True,True
mbpp_python_446,clean_no_schema,1,L21H12,0.6941823899371069,False,False
mbpp_python_446,clean_no_schema,2,MLP27,0.7397798742138365,False,True
mbpp_python_446,clean_schema_mismatch,1,L21H12,1.070754716981132,False,False
mbpp_python_446,clean_schema_mismatch,2,MLP27,1.3443396226415094,True,True
mbpp_python_446,clean_no_protocol,1,L21H12,2.207547169811321,False,False
mbpp_python_446,clean_no_protocol,2,MLP27,3.0534591194968552,False,False
apps_python_447,clean_no_schema,1,L21H12,0.9469387755102041,False,False
apps_python_447,clean_no_schema,2,MLP27,1.1489795918367347,False,False
apps_python_447,clean_schema_mismatch,1,L21H12,0.55,False,False
apps_python_447,clean_schema_mismatch,2,MLP27,0.7438775510204082,True,True
apps_python_447,clean_no_protocol,1,L21H12,1.8448979591836734,False,False
apps_python_447,clean_no_protocol,2,MLP27,3.0,False,False
codecontests_cpp_447,clean_no_schema,1,L21H12,0.2151573905109489,True,True
codecontests_cpp_447,clean_no_schema,2,MLP27,0.22385378649635038,True,True
codecontests_cpp_447,clean_schema_mismatch,1,L21H12,1.6661724452554745,True,True
codecontests_cpp_447,clean_schema_mismatch,2,MLP27,1.6838788777372262,True,True
codecontests_cpp_447,clean_no_protocol,1,L21H12,2.4726277372262775,False,False
codecontests_cpp_447,clean_no_protocol,2,MLP27,2.7442974452554743,True,True
codecontests_java_447,clean_no_schema,1,L21H12,1.0833333333333333,True,True
codecontests_java_447,clean_no_schema,2,MLP27,1.154344512195122,True,True
codecontests_java_447,clean_schema_mismatch,1,L21H12,1.2670223577235773,True,True
codecontests_java_447,clean_schema_mismatch,2,MLP27,1.291849275914634,True,True
codecontests_java_447,clean_no_protocol,1,L21H12,1.5010162601626016,False,False
codecontests_java_447,clean_no_protocol,2,MLP27,1.7253239329268293,True,True
apps_python_448,clean_no_schema,1,L21H12,0.3612565445026178,True,True
apps_python_448,clean_no_schema,2,MLP27,0.33638743455497383,True,True
apps_python_448,clean_schema_mismatch,1,L21H12,1.213350785340314,True,True
apps_python_448,clean_schema_mismatch,2,MLP27,1.368946335078534,True,True
apps_python_448,clean_no_protocol,1,L21H12,2.4607329842931938,False,False
apps_python_448,clean_no_protocol,2,MLP27,3.5392670157068062,False,False
codecontests_java_448,clean_no_schema,1,L21H12,0.8361918604651163,True,True
codecontests_java_448,clean_no_schema,2,MLP27,0.8394622093023256,True,True
codecontests_java_448,clean_schema_mismatch,1,L21H12,0.5968023255813953,True,True
codecontests_java_448,clean_schema_mismatch,2,MLP27,0.6061409883720931,True,True
codecontests_java_448,clean_no_protocol,1,L21H12,2.097674418604651,False,False
codecontests_java_448,clean_no_protocol,2,MLP27,2.4488372093023254,True,True
mbpp_python_448,clean_no_schema,1,L21H12,0.02928643048128342,True,True
mbpp_python_448,clean_no_schema,2,MLP27,0.018549465240641713,True,True
mbpp_python_448,clean_schema_mismatch,1,L21H12,1.4491978609625669,False,False
mbpp_python_448,clean_schema_mismatch,2,MLP27,1.8322192513368984,True,True
mbpp_python_448,clean_no_protocol,1,L21H12,4.267379679144385,False,False
mbpp_python_448,clean_no_protocol,2,MLP27,5.695187165775401,False,False
apps_python_449,clean_no_schema,1,L21H12,0.17305107526881722,True,True
apps_python_449,clean_no_schema,2,MLP27,0.14818548387096775,True,True
apps_python_449,clean_schema_mismatch,1,L21H12,0.6733870967741935,False,False
apps_python_449,clean_schema_mismatch,2,MLP27,0.8822244623655914,True,True
apps_python_449,clean_no_protocol,1,L21H12,3.086021505376344,False,False
apps_python_449,clean_no_protocol,2,MLP27,4.311827956989247,False,False
codecontests_cpp_449,clean_no_schema,1,L21H12,0.2157218992248062,True,True
codecontests_cpp_449,clean_no_schema,2,MLP27,0.23273982558139536,True,True
codecontests_cpp_449,clean_schema_mismatch,1,L21H12,2.296511627906977,True,True
codecontests_cpp_449,clean_schema_mismatch,2,MLP27,2.441890746124031,True,True
codecontests_cpp_449,clean_no_protocol,1,L21H12,4.542635658914729,False,False
codecontests_cpp_449,clean_no_protocol,2,MLP27,5.840116279069767,True,True
codecontests_java_449,clean_no_schema,1,L21H12,0.20681594488188976,True,True
codecontests_java_449,clean_no_schema,2,MLP27,0.22370201771653545,True,True
codecontests_java_449,clean_schema_mismatch,1,L21H12,0.1271838090551181,True,True
codecontests_java_449,clean_schema_mismatch,2,MLP27,0.1333622969980315,True,True
codecontests_java_449,clean_no_protocol,1,L21H12,1.358267716535433,False,False
codecontests_java_449,clean_no_protocol,2,MLP27,1.9424212598425197,True,True
mbpp_python_449,clean_no_schema,1,L21H12,0.23564189189189189,True,True
mbpp_python_449,clean_no_schema,2,MLP27,0.17567567567567569,True,True
mbpp_python_449,clean_schema_mismatch,1,L21H12,1.1841216216216217,False,True
mbpp_python_449,clean_schema_mismatch,2,MLP27,1.3361486486486487,True,True
mbpp_python_449,clean_no_protocol,1,L21H12,2.5945945945945947,False,False
mbpp_python_449,clean_no_protocol,2,MLP27,3.6114864864864864,False,False
codecontests_java_450,clean_no_schema,1,L21H12,0.6403409090909091,True,True
codecontests_java_450,clean_no_schema,2,MLP27,0.6951704545454546,True,True
codecontests_java_450,clean_schema_mismatch,1,L21H12,0.2824573863636364,True,True
codecontests_java_450,clean_schema_mismatch,2,MLP27,0.2926602450284091,True,True
codecontests_java_450,clean_no_protocol,1,L21H12,1.3272727272727274,False,False
codecontests_java_450,clean_no_protocol,2,MLP27,1.9823863636363637,True,True
mbpp_python_450,clean_no_schema,1,L21H12,0.35697115384615385,False,True
mbpp_python_450,clean_no_schema,2,MLP27,0.3161057692307692,False,False
mbpp_python_450,clean_schema_mismatch,1,L21H12,1.1009615384615385,False,False
mbpp_python_450,clean_schema_mismatch,2,MLP27,1.5835336538461537,True,True
mbpp_python_450,clean_no_protocol,1,L21H12,1.0817307692307692,False,False
mbpp_python_450,clean_no_protocol,2,MLP27,1.7848557692307692,False,False
apps_python_451,clean_no_schema,1,L21H12,0.4112903225806452,False,False
apps_python_451,clean_no_schema,2,MLP27,0.594758064516129,False,False
apps_python_451,clean_schema_mismatch,1,L21H12,0.3911290322580645,False,False
apps_python_451,clean_schema_mismatch,2,MLP27,0.6829637096774194,True,True
apps_python_451,clean_no_protocol,1,L21H12,1.1370967741935485,False,False
apps_python_451,clean_no_protocol,2,MLP27,1.8185483870967742,False,False
codecontests_cpp_451,clean_no_schema,1,L21H12,0.5927672955974843,True,True
codecontests_cpp_451,clean_no_schema,2,MLP27,0.6415094339622641,True,True
codecontests_cpp_451,clean_schema_mismatch,1,L21H12,1.9119496855345912,False,False
codecontests_cpp_451,clean_schema_mismatch,2,MLP27,2.36438679245283,True,True
codecontests_cpp_451,clean_no_protocol,1,L21H12,3.0314465408805034,False,False
codecontests_cpp_451,clean_no_protocol,2,MLP27,5.127358490566038,False,False
codecontests_java_451,clean_no_schema,1,L21H12,0.4049539170506912,True,True
codecontests_java_451,clean_no_schema,2,MLP27,0.43289170506912444,True,True
codecontests_java_451,clean_schema_mismatch,1,L21H12,0.6196716589861752,True,True
codecontests_java_451,clean_schema_mismatch,2,MLP27,0.6487120175691244,True,True
codecontests_java_451,clean_no_protocol,1,L21H12,1.5852534562211982,False,False
codecontests_java_451,clean_no_protocol,2,MLP27,2.296082949308756,True,True
mbpp_python_451,clean_no_schema,1,L21H12,0.10828189300411523,True,True
mbpp_python_451,clean_no_schema,2,MLP27,0.060699588477366256,True,True
mbpp_python_451,clean_schema_mismatch,1,L21H12,0.8549382716049383,False,False
mbpp_python_451,clean_schema_mismatch,2,MLP27,1.0326646090534979,True,True
mbpp_python_451,clean_no_protocol,1,L21H12,1.860082304526749,False,False
mbpp_python_451,clean_no_protocol,2,MLP27,2.396090534979424,True,True
apps_python_452,clean_no_schema,1,L21H12,2.3968253968253967,False,False
apps_python_452,clean_no_schema,2,MLP27,2.6666666666666665,False,False
apps_python_452,clean_schema_mismatch,1,L21H12,2.357142857142857,False,False
apps_python_452,clean_schema_mismatch,2,MLP27,2.8531746031746033,True,True
apps_python_452,clean_no_protocol,1,L21H12,2.888888888888889,False,False
apps_python_452,clean_no_protocol,2,MLP27,3.740740740740741,False,False
codecontests_cpp_452,clean_no_schema,1,L21H12,0.537109375,True,True
codecontests_cpp_452,clean_no_schema,2,MLP27,0.6123046875,True,True
codecontests_cpp_452,clean_schema_mismatch,1,L21H12,0.37255859375,True,True
codecontests_cpp_452,clean_schema_mismatch,2,MLP27,0.41827392578125,True,True
codecontests_cpp_452,clean_no_protocol,1,L21H12,1.58203125,False,False
codecontests_cpp_452,clean_no_protocol,2,MLP27,2.2451171875,True,True
codecontests_java_452,clean_no_schema,1,L21H12,0.3734375,True,True
codecontests_java_452,clean_no_schema,2,MLP27,0.3926532451923077,True,True
codecontests_java_452,clean_schema_mismatch,1,L21H12,0.2377704326923077,True,True
codecontests_java_452,clean_schema_mismatch,2,MLP27,0.24278470552884615,True,True
codecontests_java_452,clean_no_protocol,1,L21H12,1.0365384615384616,False,True
codecontests_java_452,clean_no_protocol,2,MLP27,1.1942007211538461,True,True
mbpp_python_452,clean_no_schema,1,L21H12,0.19942748091603055,True,True
mbpp_python_452,clean_no_schema,2,MLP27,0.19083969465648856,True,True
mbpp_python_452,clean_schema_mismatch,1,L21H12,0.28029580152671757,True,True
mbpp_python_452,clean_schema_mismatch,2,MLP27,0.3243082061068702,True,True
mbpp_python_452,clean_no_protocol,1,L21H12,2.045801526717557,False,False
mbpp_python_452,clean_no_protocol,2,MLP27,2.8263358778625953,False,False
apps_python_453,clean_no_schema,1,L21H12,0.24604072398190044,False,False
apps_python_453,clean_no_schema,2,MLP27,0.2873303167420814,False,True
apps_python_453,clean_schema_mismatch,1,L21H12,0.5113122171945701,False,False
apps_python_453,clean_schema_mismatch,2,MLP27,0.669683257918552,True,True
apps_python_453,clean_no_protocol,1,L21H12,1.1719457013574661,False,False
apps_python_453,clean_no_protocol,2,MLP27,1.6233031674208145,False,False
codecontests_java_453,clean_no_schema,1,L21H12,0.5664225941422594,True,True
codecontests_java_453,clean_no_schema,2,MLP27,0.5989474372384938,True,True
codecontests_java_453,clean_schema_mismatch,1,L21H12,0.26948221757322177,True,True
codecontests_java_453,clean_schema_mismatch,2,MLP27,0.2757093357740586,True,True
codecontests_java_453,clean_no_protocol,1,L21H12,0.9469142259414226,True,True
codecontests_java_453,clean_no_protocol,2,MLP27,0.9973522489539749,True,True
mbpp_python_453,clean_no_schema,1,L21H12,0.15178571428571427,True,True
mbpp_python_453,clean_no_schema,2,MLP27,0.11391625615763547,False,True
mbpp_python_453,clean_schema_mismatch,1,L21H12,1.270935960591133,False,False
mbpp_python_453,clean_schema_mismatch,2,MLP27,1.9119458128078817,True,True
mbpp_python_453,clean_no_protocol,1,L21H12,2.4532019704433496,False,False
mbpp_python_453,clean_no_protocol,2,MLP27,3.645320197044335,False,False
apps_python_454,clean_no_schema,1,L21H12,0.08802480916030535,True,True
apps_python_454,clean_no_schema,2,MLP27,0.06727099236641221,False,True
apps_python_454,clean_schema_mismatch,1,L21H12,0.7977099236641222,False,False
apps_python_454,clean_schema_mismatch,2,MLP27,1.146469465648855,False,True
apps_python_454,clean_no_protocol,1,L21H12,1.534351145038168,False,False
apps_python_454,clean_no_protocol,2,MLP27,2.484732824427481,False,False
codecontests_cpp_454,clean_no_schema,1,L21H12,1.1146288209606987,False,False
codecontests_cpp_454,clean_no_schema,2,MLP27,1.2609170305676856,True,True
codecontests_cpp_454,clean_schema_mismatch,1,L21H12,0.9868995633187773,False,False
codecontests_cpp_454,clean_schema_mismatch,2,MLP27,1.2662390829694323,True,True
codecontests_cpp_454,clean_no_protocol,1,L21H12,2.2096069868995634,False,False
codecontests_cpp_454,clean_no_protocol,2,MLP27,3.606986899563319,False,False
codecontests_java_454,clean_no_schema,1,L21H12,1.0443037974683544,False,False
codecontests_java_454,clean_no_schema,2,MLP27,1.3117088607594938,True,True
codecontests_java_454,clean_schema_mismatch,1,L21H12,0.13479034810126583,True,True
codecontests_java_454,clean_schema_mismatch,2,MLP27,0.13967779618275317,True,True
codecontests_java_454,clean_no_protocol,1,L21H12,1.9240506329113924,False,False
codecontests_java_454,clean_no_protocol,2,MLP27,2.8666930379746836,True,True
apps_python_455,clean_no_schema,1,L21H12,0.41875,False,False
apps_python_455,clean_no_schema,2,MLP27,0.46953125,False,True
apps_python_455,clean_schema_mismatch,1,L21H12,1.084375,False,False
apps_python_455,clean_schema_mismatch,2,MLP27,1.46015625,True,True
apps_python_455,clean_no_protocol,1,L21H12,2.6875,False,False
apps_python_455,clean_no_protocol,2,MLP27,4.38125,False,False
codecontests_java_455,clean_no_schema,1,L21H12,0.8192017180094787,True,True
codecontests_java_455,clean_no_schema,2,MLP27,0.8213492298578199,True,True
codecontests_java_455,clean_schema_mismatch,1,L21H12,0.13020216232227488,True,True
codecontests_java_455,clean_schema_mismatch,2,MLP27,0.12848045023696683,True,True
codecontests_java_455,clean_no_protocol,1,L21H12,3.015402843601896,True,True
codecontests_java_455,clean_no_protocol,2,MLP27,3.2116409952606637,True,True
mbpp_python_455,clean_no_schema,1,L21H12,0.4434782608695652,False,False
mbpp_python_455,clean_no_schema,2,MLP27,0.40869565217391307,False,False
mbpp_python_455,clean_schema_mismatch,1,L21H12,0.8347826086956521,False,False
mbpp_python_455,clean_schema_mismatch,2,MLP27,1.1125,False,False
mbpp_python_455,clean_no_protocol,1,L21H12,2.2,False,False
mbpp_python_455,clean_no_protocol,2,MLP27,2.9217391304347826,False,False
apps_python_456,clean_no_schema,1,L21H12,0.42021276595744683,True,True
apps_python_456,clean_no_schema,2,MLP27,0.3920212765957447,False,True
apps_python_456,clean_schema_mismatch,1,L21H12,0.4425531914893617,False,True
apps_python_456,clean_schema_mismatch,2,MLP27,0.5470744680851064,True,True
apps_python_456,clean_no_protocol,1,L21H12,2.217021276595745,False,False
apps_python_456,clean_no_protocol,2,MLP27,2.9085106382978725,False,False
codecontests_java_456,clean_no_schema,1,L21H12,0.46875,True,True
codecontests_java_456,clean_no_schema,2,MLP27,0.5402777777777777,True,True
codecontests_java_456,clean_schema_mismatch,1,L21H12,1.4,False,False
codecontests_java_456,clean_schema_mismatch,2,MLP27,1.6317708333333334,True,True
codecontests_java_456,clean_no_protocol,1,L21H12,1.8277777777777777,False,False
codecontests_java_456,clean_no_protocol,2,MLP27,2.7055555555555557,False,False
mbpp_python_456,clean_no_schema,1,L21H12,0.361083984375,True,True
mbpp_python_456,clean_no_schema,2,MLP27,0.3037109375,True,True
mbpp_python_456,clean_schema_mismatch,1,L21H12,1.15966796875,True,True
mbpp_python_456,clean_schema_mismatch,2,MLP27,1.2431640625,True,True
mbpp_python_456,clean_no_protocol,1,L21H12,1.421875,False,False
mbpp_python_456,clean_no_protocol,2,MLP27,1.9365234375,False,True
codecontests_cpp_457,clean_no_schema,1,L21H12,4.121212121212121,False,False
codecontests_cpp_457,clean_no_schema,2,MLP27,5.090909090909091,False,False
codecontests_cpp_457,clean_schema_mismatch,1,L21H12,3.569264069264069,False,False
codecontests_cpp_457,clean_schema_mismatch,2,MLP27,4.03030303030303,True,True
codecontests_cpp_457,clean_no_protocol,1,L21H12,4.917748917748917,False,False
codecontests_cpp_457,clean_no_protocol,2,MLP27,8.047619047619047,False,False
codecontests_java_457,clean_no_schema,1,L21H12,0.5546875,False,False
codecontests_java_457,clean_no_schema,2,MLP27,0.703125,True,True
codecontests_java_457,clean_schema_mismatch,1,L21H12,0.25234375,True,True
codecontests_java_457,clean_schema_mismatch,2,MLP27,0.26529541015625,True,True
codecontests_java_457,clean_no_protocol,1,L21H12,1.01875,False,False
codecontests_java_457,clean_no_protocol,2,MLP27,1.71015625,False,False
mbpp_python_457,clean_no_schema,1,L21H12,0.24467329545454544,True,True
mbpp_python_457,clean_no_schema,2,MLP27,0.1846590909090909,False,True
mbpp_python_457,clean_schema_mismatch,1,L21H12,1.7386363636363635,False,False
mbpp_python_457,clean_schema_mismatch,2,MLP27,2.587002840909091,True,True
mbpp_python_457,clean_no_protocol,1,L21H12,2.9545454545454546,False,False
mbpp_python_457,clean_no_protocol,2,MLP27,4.590909090909091,False,False
apps_python_458,clean_no_schema,1,L21H12,0.1707175925925926,True,True
apps_python_458,clean_no_schema,2,MLP27,0.15914351851851852,True,True
apps_python_458,clean_schema_mismatch,1,L21H12,0.7766203703703703,False,False
apps_python_458,clean_schema_mismatch,2,MLP27,0.9477719907407407,True,True
apps_python_458,clean_no_protocol,1,L21H12,2.759259259259259,False,False
apps_python_458,clean_no_protocol,2,MLP27,3.6458333333333335,False,False
codecontests_cpp_458,clean_no_schema,1,L21H12,0.1436491935483871,True,True
codecontests_cpp_458,clean_no_schema,2,MLP27,0.15085265456989247,True,True
codecontests_cpp_458,clean_schema_mismatch,1,L21H12,1.446236559139785,False,False
codecontests_cpp_458,clean_schema_mismatch,2,MLP27,1.7439516129032258,True,True
codecontests_cpp_458,clean_no_protocol,1,L21H12,1.6827956989247312,False,False
codecontests_cpp_458,clean_no_protocol,2,MLP27,2.752688172043011,False,False
codecontests_java_458,clean_no_schema,1,L21H12,1.1387665198237886,False,False
codecontests_java_458,clean_no_schema,2,MLP27,1.3719713656387664,True,True
codecontests_java_458,clean_schema_mismatch,1,L21H12,1.3705947136563876,True,True
codecontests_java_458,clean_schema_mismatch,2,MLP27,1.4666850220264318,True,True
codecontests_java_458,clean_no_protocol,1,L21H12,1.5198237885462555,False,False
codecontests_java_458,clean_no_protocol,2,MLP27,2.091409691629956,True,True
mbpp_python_458,clean_no_schema,1,L21H12,0.06441048034934498,True,True
mbpp_python_458,clean_no_schema,2,MLP27,0.0425764192139738,True,True
mbpp_python_458,clean_schema_mismatch,1,L21H12,1.5131004366812226,True,True
mbpp_python_458,clean_schema_mismatch,2,MLP27,1.6513373362445414,True,True
mbpp_python_458,clean_no_protocol,1,L21H12,2.6899563318777293,False,False
mbpp_python_458,clean_no_protocol,2,MLP27,3.8406113537117905,False,False
apps_python_459,clean_no_schema,1,L21H12,1.103030303030303,False,False
apps_python_459,clean_no_schema,2,MLP27,1.2575757575757576,False,False
apps_python_459,clean_schema_mismatch,1,L21H12,1.606060606060606,False,False
apps_python_459,clean_schema_mismatch,2,MLP27,2.1227272727272726,True,True
apps_python_459,clean_no_protocol,1,L21H12,1.5151515151515151,False,False
apps_python_459,clean_no_protocol,2,MLP27,2.4075757575757577,False,False
codecontests_java_459,clean_no_schema,1,L21H12,0.5908634538152611,False,False
codecontests_java_459,clean_no_schema,2,MLP27,0.6631526104417671,True,True
codecontests_java_459,clean_schema_mismatch,1,L21H12,0.1383659638554217,True,True
codecontests_java_459,clean_schema_mismatch,2,MLP27,0.14516660391566266,True,True
codecontests_java_459,clean_no_protocol,1,L21H12,1.7349397590361446,False,False
codecontests_java_459,clean_no_protocol,2,MLP27,2.5396586345381524,True,True
mbpp_python_459,clean_no_schema,1,L21H12,0.4189723320158103,False,True
mbpp_python_459,clean_no_schema,2,MLP27,0.4352766798418972,False,True
mbpp_python_459,clean_schema_mismatch,1,L21H12,1.1027667984189724,False,False
mbpp_python_459,clean_schema_mismatch,2,MLP27,1.6185770750988142,True,True
mbpp_python_459,clean_no_protocol,1,L21H12,1.9209486166007905,False,False
mbpp_python_459,clean_no_protocol,2,MLP27,2.8379446640316206,False,False
mbpp_python_460,clean_no_schema,1,L21H12,0.8423236514522822,False,False
mbpp_python_460,clean_no_schema,2,MLP27,0.975103734439834,False,False
mbpp_python_460,clean_schema_mismatch,1,L21H12,0.5373443983402489,False,False
mbpp_python_460,clean_schema_mismatch,2,MLP27,0.7053941908713693,True,True
mbpp_python_460,clean_no_protocol,1,L21H12,2.1825726141078836,False,False
mbpp_python_460,clean_no_protocol,2,MLP27,3.0,False,False
apps_python_461,clean_no_schema,1,L21H12,0.0824353448275862,True,True
apps_python_461,clean_no_schema,2,MLP27,0.037176724137931036,True,True
apps_python_461,clean_schema_mismatch,1,L21H12,0.6977370689655172,True,True
apps_python_461,clean_schema_mismatch,2,MLP27,0.7739762931034483,True,True
apps_python_461,clean_no_protocol,1,L21H12,2.8793103448275863,False,False
apps_python_461,clean_no_protocol,2,MLP27,3.6400862068965516,False,False
codecontests_java_461,clean_no_schema,1,L21H12,1.941340782122905,False,False
codecontests_java_461,clean_no_schema,2,MLP27,2.022346368715084,True,True
codecontests_java_461,clean_schema_mismatch,1,L21H12,2.85195530726257,True,True
codecontests_java_461,clean_schema_mismatch,2,MLP27,2.940642458100559,True,True
codecontests_java_461,clean_no_protocol,1,L21H12,4.41340782122905,False,False
codecontests_java_461,clean_no_protocol,2,MLP27,6.1099860335195535,True,True
apps_python_462,clean_no_schema,1,L21H12,0.7094861660079052,False,False
apps_python_462,clean_no_schema,2,MLP27,0.7134387351778656,False,False
apps_python_462,clean_schema_mismatch,1,L21H12,1.8458498023715415,False,False
apps_python_462,clean_schema_mismatch,2,MLP27,2.7198616600790513,True,True
apps_python_462,clean_no_protocol,1,L21H12,1.992094861660079,False,False
apps_python_462,clean_no_protocol,2,MLP27,3.3181818181818183,False,False
codecontests_java_462,clean_no_schema,1,L21H12,0.6600667938931297,True,True
codecontests_java_462,clean_no_schema,2,MLP27,0.6901240458015268,True,True
codecontests_java_462,clean_schema_mismatch,1,L21H12,2.0782442748091605,False,False
codecontests_java_462,clean_schema_mismatch,2,MLP27,2.3122614503816794,True,True
codecontests_java_462,clean_no_protocol,1,L21H12,2.4656488549618323,False,True
codecontests_java_462,clean_no_protocol,2,MLP27,3.3377862595419847,False,True
apps_python_463,clean_no_schema,1,L21H12,0.5279187817258884,False,False
apps_python_463,clean_no_schema,2,MLP27,0.6624365482233503,False,False
apps_python_463,clean_schema_mismatch,1,L21H12,0.6040609137055838,False,False
apps_python_463,clean_schema_mismatch,2,MLP27,0.9333756345177665,True,True
apps_python_463,clean_no_protocol,1,L21H12,0.7309644670050761,False,False
apps_python_463,clean_no_protocol,2,MLP27,1.2461928934010151,False,False
codecontests_cpp_463,clean_no_schema,1,L21H12,0.18393507281553398,True,True
codecontests_cpp_463,clean_no_schema,2,MLP27,0.19288531553398058,True,True
codecontests_cpp_463,clean_schema_mismatch,1,L21H12,0.1865139563106796,True,True
codecontests_cpp_463,clean_schema_mismatch,2,MLP27,0.1950754702669903,True,True
codecontests_cpp_463,clean_no_protocol,1,L21H12,2.650485436893204,False,False
codecontests_cpp_463,clean_no_protocol,2,MLP27,4.091626213592233,True,True
codecontests_java_463,clean_no_schema,1,L21H12,0.6540948275862069,True,True
codecontests_java_463,clean_no_schema,2,MLP27,0.6777119252873564,True,True
codecontests_java_463,clean_schema_mismatch,1,L21H12,0.7886135057471264,True,True
codecontests_java_463,clean_schema_mismatch,2,MLP27,0.7985264569863506,True,True
codecontests_java_463,clean_no_protocol,1,L21H12,1.3908045977011494,False,False
codecontests_java_463,clean_no_protocol,2,MLP27,1.8362068965517242,True,True
apps_python_464,clean_no_schema,1,L21H12,0.8539603960396039,False,False
apps_python_464,clean_no_schema,2,MLP27,0.9084158415841584,False,False
apps_python_464,clean_schema_mismatch,1,L21H12,0.5383663366336634,False,False
apps_python_464,clean_schema_mismatch,2,MLP27,0.7244740099009901,True,True
apps_python_464,clean_no_protocol,1,L21H12,1.6584158415841583,False,False
apps_python_464,clean_no_protocol,2,MLP27,2.2103960396039604,False,False
codecontests_java_464,clean_no_schema,1,L21H12,2.3646341463414635,True,True
codecontests_java_464,clean_no_schema,2,MLP27,2.476219512195122,True,True
codecontests_java_464,clean_schema_mismatch,1,L21H12,0.5125762195121951,True,True
codecontests_java_464,clean_schema_mismatch,2,MLP27,0.5200933689024391,True,True
codecontests_java_464,clean_no_protocol,1,L21H12,3.2878048780487803,False,False
codecontests_java_464,clean_no_protocol,2,MLP27,4.290548780487805,True,True
codecontests_java_465,clean_no_schema,1,L21H12,0.20097477064220184,True,True
codecontests_java_465,clean_no_schema,2,MLP27,0.2227637614678899,True,True
codecontests_java_465,clean_schema_mismatch,1,L21H12,0.04382884174311927,True,True
codecontests_java_465,clean_schema_mismatch,2,MLP27,0.04708554329128441,True,True
codecontests_java_465,clean_no_protocol,1,L21H12,4.761467889908257,False,False
codecontests_java_465,clean_no_protocol,2,MLP27,5.884461009174312,True,True
apps_python_466,clean_no_schema,1,L21H12,0.42395104895104896,True,True
apps_python_466,clean_no_schema,2,MLP27,0.43225524475524474,True,True
apps_python_466,clean_schema_mismatch,1,L21H12,1.972027972027972,False,False
apps_python_466,clean_schema_mismatch,2,MLP27,2.395541958041958,True,True
apps_python_466,clean_no_protocol,1,L21H12,2.4055944055944054,False,False
apps_python_466,clean_no_protocol,2,MLP27,3.152097902097902,False,False
codecontests_java_466,clean_no_schema,1,L21H12,1.8040730337078652,True,True
codecontests_java_466,clean_no_schema,2,MLP27,1.911253511235955,True,True
codecontests_java_466,clean_schema_mismatch,1,L21H12,0.29950842696629215,True,True
codecontests_java_466,clean_schema_mismatch,2,MLP27,0.3085059691011236,True,True
codecontests_java_466,clean_no_protocol,1,L21H12,3.9101123595505616,False,False
codecontests_java_466,clean_no_protocol,2,MLP27,5.209269662921348,True,True
codecontests_java_467,clean_no_schema,1,L21H12,0.6484735023041475,True,True
codecontests_java_467,clean_no_schema,2,MLP27,0.6632344470046083,True,True
codecontests_java_467,clean_schema_mismatch,1,L21H12,0.12223682315668202,True,True
codecontests_java_467,clean_schema_mismatch,2,MLP27,0.12372191820276497,True,True
codecontests_java_467,clean_no_protocol,1,L21H12,3.6682027649769586,False,True
codecontests_java_467,clean_no_protocol,2,MLP27,4.371471774193548,True,True
apps_python_468,clean_no_schema,1,L21H12,0.3034375,True,True
apps_python_468,clean_no_schema,2,MLP27,0.265,False,True
apps_python_468,clean_schema_mismatch,1,L21H12,0.855,False,False
apps_python_468,clean_schema_mismatch,2,MLP27,1.2115625,True,True
apps_python_468,clean_no_protocol,1,L21H12,2.88,False,False
apps_python_468,clean_no_protocol,2,MLP27,4.1275,False,False
codecontests_cpp_468,clean_no_schema,1,L21H12,1.365979381443299,True,False
codecontests_cpp_468,clean_no_schema,2,MLP27,1.6146907216494846,True,True
codecontests_cpp_468,clean_schema_mismatch,1,L21H12,1.5811855670103092,True,False
codecontests_cpp_468,clean_schema_mismatch,2,MLP27,1.8186211340206186,True,True
codecontests_cpp_468,clean_no_protocol,1,L21H12,5.195876288659794,False,False
codecontests_cpp_468,clean_no_protocol,2,MLP27,9.015463917525773,False,False
codecontests_java_468,clean_no_schema,1,L21H12,1.082191780821918,False,False
codecontests_java_468,clean_no_schema,2,MLP27,1.3621575342465753,True,True
codecontests_java_468,clean_schema_mismatch,1,L21H12,0.1775470890410959,True,True
codecontests_java_468,clean_schema_mismatch,2,MLP27,0.1966636344178082,True,True
codecontests_java_468,clean_no_protocol,1,L21H12,2.2260273972602738,False,False
codecontests_java_468,clean_no_protocol,2,MLP27,3.306078767123288,True,True
apps_python_469,clean_no_schema,1,L21H12,0.0667420814479638,True,True
apps_python_469,clean_no_schema,2,MLP27,0.060237556561085974,True,True
apps_python_469,clean_schema_mismatch,1,L21H12,0.26131221719457015,True,True
apps_python_469,clean_schema_mismatch,2,MLP27,0.2971666430995475,True,True
apps_python_469,clean_no_protocol,1,L21H12,1.660633484162896,False,False
apps_python_469,clean_no_protocol,2,MLP27,2.6100113122171944,True,True
codecontests_cpp_469,clean_no_schema,1,L21H12,0.14802631578947367,True,True
codecontests_cpp_469,clean_no_schema,2,MLP27,0.17319078947368421,True,True
codecontests_cpp_469,clean_schema_mismatch,1,L21H12,0.7460526315789474,True,True
codecontests_cpp_469,clean_schema_mismatch,2,MLP27,0.8585115131578948,True,True
codecontests_cpp_469,clean_no_protocol,1,L21H12,3.431578947368421,False,False
codecontests_cpp_469,clean_no_protocol,2,MLP27,4.971052631578948,False,False
codecontests_java_469,clean_no_schema,1,L21H12,0.9264112903225806,False,False
codecontests_java_469,clean_no_schema,2,MLP27,1.0854334677419355,True,True
codecontests_java_469,clean_schema_mismatch,1,L21H12,0.7515120967741935,True,True
codecontests_java_469,clean_schema_mismatch,2,MLP27,0.8128465221774194,True,True
codecontests_java_469,clean_no_protocol,1,L21H12,2.6774193548387095,False,False
codecontests_java_469,clean_no_protocol,2,MLP27,4.058467741935484,True,True
apps_python_470,clean_no_schema,1,L21H12,0.24367088607594936,False,False
apps_python_470,clean_no_schema,2,MLP27,0.33781645569620256,False,True
apps_python_470,clean_schema_mismatch,1,L21H12,0.14715189873417722,False,True
apps_python_470,clean_schema_mismatch,2,MLP27,0.20996402788765822,True,True
apps_python_470,clean_no_protocol,1,L21H12,0.43670886075949367,False,False
apps_python_470,clean_no_protocol,2,MLP27,0.8710443037974683,False,True
codecontests_cpp_470,clean_no_schema,1,L21H12,0.6482035928143712,False,False
codecontests_cpp_470,clean_no_schema,2,MLP27,0.7649700598802395,True,True
codecontests_cpp_470,clean_schema_mismatch,1,L21H12,1.660179640718563,False,False
codecontests_cpp_470,clean_schema_mismatch,2,MLP27,1.9539670658682635,True,True
codecontests_cpp_470,clean_no_protocol,1,L21H12,1.6706586826347305,False,False
codecontests_cpp_470,clean_no_protocol,2,MLP27,2.4191616766467066,True,True
codecontests_java_470,clean_no_schema,1,L21H12,0.6919191919191919,False,False
codecontests_java_470,clean_no_schema,2,MLP27,0.8357007575757576,True,True
codecontests_java_470,clean_schema_mismatch,1,L21H12,0.37279040404040403,True,True
codecontests_java_470,clean_schema_mismatch,2,MLP27,0.4059738005050505,True,True
codecontests_java_470,clean_no_protocol,1,L21H12,0.7070707070707071,False,False
codecontests_java_470,clean_no_protocol,2,MLP27,1.0392992424242424,True,True
codecontests_java_471,clean_no_schema,1,L21H12,0.5466101694915254,False,False
codecontests_java_471,clean_no_schema,2,MLP27,0.6587217514124294,True,True
codecontests_java_471,clean_schema_mismatch,1,L21H12,0.1306497175141243,True,True
codecontests_java_471,clean_schema_mismatch,2,MLP27,0.1401946504237288,True,True
codecontests_java_471,clean_no_protocol,1,L21H12,2.022598870056497,False,False
codecontests_java_471,clean_no_protocol,2,MLP27,3.5120056497175143,True,True
apps_python_472,clean_no_schema,1,L21H12,0.6091772151898734,False,False
apps_python_472,clean_no_schema,2,MLP27,0.6774789029535865,True,True
apps_python_472,clean_schema_mismatch,1,L21H12,1.0532700421940928,False,True
apps_python_472,clean_schema_mismatch,2,MLP27,1.160271624472574,True,True
apps_python_472,clean_no_protocol,1,L21H12,0.8396624472573839,False,False
apps_python_472,clean_no_protocol,2,MLP27,1.1087816455696202,True,True
codecontests_cpp_472,clean_no_schema,1,L21H12,1.673913043478261,False,False
codecontests_cpp_472,clean_no_schema,2,MLP27,2.0144927536231885,False,False
codecontests_cpp_472,clean_schema_mismatch,1,L21H12,2.36231884057971,False,False
codecontests_cpp_472,clean_schema_mismatch,2,MLP27,3.0410628019323673,True,True
codecontests_cpp_472,clean_no_protocol,1,L21H12,3.285024154589372,False,False
codecontests_cpp_472,clean_no_protocol,2,MLP27,4.620772946859903,False,False
codecontests_java_472,clean_no_schema,1,L21H12,0.8084577114427861,False,False
codecontests_java_472,clean_no_schema,2,MLP27,0.9788557213930348,False,True
codecontests_java_472,clean_schema_mismatch,1,L21H12,0.5124378109452736,False,True
codecontests_java_472,clean_schema_mismatch,2,MLP27,0.5933224502487562,True,True
codecontests_java_472,clean_no_protocol,1,L21H12,1.691542288557214,False,False
codecontests_java_472,clean_no_protocol,2,MLP27,2.818407960199005,False,False
apps_python_473,clean_no_schema,1,L21H12,0.3581223628691983,True,True
apps_python_473,clean_no_schema,2,MLP27,0.30168776371308015,False,True
apps_python_473,clean_schema_mismatch,1,L21H12,1.1993670886075949,False,False
apps_python_473,clean_schema_mismatch,2,MLP27,1.3270042194092826,True,True
apps_python_473,clean_no_protocol,1,L21H12,1.759493670886076,False,False
apps_python_473,clean_no_protocol,2,MLP27,2.432489451476793,False,False
codecontests_cpp_473,clean_no_schema,1,L21H12,1.170343137254902,False,False
codecontests_cpp_473,clean_no_schema,2,MLP27,1.321078431372549,True,True
codecontests_cpp_473,clean_schema_mismatch,1,L21H12,0.4791666666666667,True,True
codecontests_cpp_473,clean_schema_mismatch,2,MLP27,0.5579810049019608,True,True
codecontests_cpp_473,clean_no_protocol,1,L21H12,1.9509803921568627,False,False
codecontests_cpp_473,clean_no_protocol,2,MLP27,2.983762254901961,True,True
codecontests_java_473,clean_no_schema,1,L21H12,0.3214897260273973,True,True
codecontests_java_473,clean_no_schema,2,MLP27,0.3446061643835616,True,True
codecontests_java_473,clean_schema_mismatch,1,L21H12,0.03685074200913242,True,True
codecontests_java_473,clean_schema_mismatch,2,MLP27,0.03898390678510274,True,True
codecontests_java_473,clean_no_protocol,1,L21H12,1.4349315068493151,False,False
codecontests_java_473,clean_no_protocol,2,MLP27,1.6947060502283104,True,True
apps_python_474,clean_no_schema,1,L21H12,0.0799463190184049,True,True
apps_python_474,clean_no_schema,2,MLP27,0.05138036809815951,True,True
apps_python_474,clean_schema_mismatch,1,L21H12,0.665260736196319,True,True
apps_python_474,clean_schema_mismatch,2,MLP27,0.711944018404908,True,True
apps_python_474,clean_no_protocol,1,L21H12,1.7239263803680982,False,False
apps_python_474,clean_no_protocol,2,MLP27,2.3803680981595092,False,False
codecontests_java_474,clean_no_schema,1,L21H12,0.13656767955801105,True,True
codecontests_java_474,clean_no_schema,2,MLP27,0.15089779005524862,True,True
codecontests_java_474,clean_schema_mismatch,1,L21H12,0.09868137085635359,True,True
codecontests_java_474,clean_schema_mismatch,2,MLP27,0.09997086498618785,True,True
codecontests_java_474,clean_no_protocol,1,L21H12,2.574585635359116,False,False
codecontests_java_474,clean_no_protocol,2,MLP27,3.469267955801105,True,True
apps_python_475,clean_no_schema,1,L21H12,0.5946180555555556,False,False
apps_python_475,clean_no_schema,2,MLP27,0.6527777777777778,False,True
apps_python_475,clean_schema_mismatch,1,L21H12,0.5798611111111112,False,False
apps_python_475,clean_schema_mismatch,2,MLP27,0.8513454861111112,True,True
apps_python_475,clean_no_protocol,1,L21H12,1.4513888888888888,False,False
apps_python_475,clean_no_protocol,2,MLP27,2.1996527777777777,False,False
codecontests_cpp_475,clean_no_schema,1,L21H12,0.3411458333333333,True,True
codecontests_cpp_475,clean_no_schema,2,MLP27,0.3728693181818182,True,True
codecontests_cpp_475,clean_schema_mismatch,1,L21H12,0.7736742424242424,True,True
codecontests_cpp_475,clean_schema_mismatch,2,MLP27,0.8264382102272727,True,True
codecontests_cpp_475,clean_no_protocol,1,L21H12,1.9053030303030303,False,False
codecontests_cpp_475,clean_no_protocol,2,MLP27,2.7869318181818183,True,True
codecontests_java_475,clean_no_schema,1,L21H12,0.9120833333333334,True,True
codecontests_java_475,clean_no_schema,2,MLP27,0.9610677083333333,True,True
codecontests_java_475,clean_schema_mismatch,1,L21H12,1.040625,True,True
codecontests_java_475,clean_schema_mismatch,2,MLP27,1.0656640625,True,True
codecontests_java_475,clean_no_protocol,1,L21H12,1.2683333333333333,False,False
codecontests_java_475,clean_no_protocol,2,MLP27,1.4816927083333333,True,True
apps_python_476,clean_no_schema,1,L21H12,0.703921568627451,False,False
apps_python_476,clean_no_schema,2,MLP27,0.8607843137254902,False,False
apps_python_476,clean_schema_mismatch,1,L21H12,0.696078431372549,False,False
apps_python_476,clean_schema_mismatch,2,MLP27,1.0318627450980393,False,True
apps_python_476,clean_no_protocol,1,L21H12,1.1490196078431372,False,False
apps_python_476,clean_no_protocol,2,MLP27,1.7215686274509805,False,False
codecontests_cpp_476,clean_no_schema,1,L21H12,0.64375,False,False
codecontests_cpp_476,clean_no_schema,2,MLP27,0.9171875,False,False
codecontests_cpp_476,clean_schema_mismatch,1,L21H12,0.5703125,False,False
codecontests_cpp_476,clean_schema_mismatch,2,MLP27,0.76025390625,True,True
codecontests_cpp_476,clean_no_protocol,1,L21H12,1.375,False,False
codecontests_cpp_476,clean_no_protocol,2,MLP27,2.553125,False,False
codecontests_java_476,clean_no_schema,1,L21H12,0.7534562211981567,False,False
codecontests_java_476,clean_no_schema,2,MLP27,0.9809907834101382,False,False
codecontests_java_476,clean_schema_mismatch,1,L21H12,0.23084677419354838,True,True
codecontests_java_476,clean_schema_mismatch,2,MLP27,0.23945132488479262,True,True
codecontests_java_476,clean_no_protocol,1,L21H12,1.5391705069124424,False,False
codecontests_java_476,clean_no_protocol,2,MLP27,2.511520737327189,False,False
apps_python_477,clean_no_schema,1,L21H12,0.47282608695652173,False,False
apps_python_477,clean_no_schema,2,MLP27,0.605072463768116,False,False
apps_python_477,clean_schema_mismatch,1,L21H12,0.6956521739130435,False,False
apps_python_477,clean_schema_mismatch,2,MLP27,0.9766757246376812,True,True
apps_python_477,clean_no_protocol,1,L21H12,1.0942028985507246,False,False
apps_python_477,clean_no_protocol,2,MLP27,1.7445652173913044,False,False
codecontests_cpp_477,clean_no_schema,1,L21H12,0.9244186046511628,False,False
codecontests_cpp_477,clean_no_schema,2,MLP27,1.2102713178294573,False,True
codecontests_cpp_477,clean_schema_mismatch,1,L21H12,0.5939922480620154,False,True
codecontests_cpp_477,clean_schema_mismatch,2,MLP27,0.7312257751937985,True,True
codecontests_cpp_477,clean_no_protocol,1,L21H12,1.6705426356589148,False,False
codecontests_cpp_477,clean_no_protocol,2,MLP27,2.4748062015503876,False,True
codecontests_java_477,clean_no_schema,1,L21H12,1.1431451612903225,False,False
codecontests_java_477,clean_no_schema,2,MLP27,1.2091733870967742,True,True
codecontests_java_477,clean_schema_mismatch,1,L21H12,0.6979586693548387,True,True
codecontests_java_477,clean_schema_mismatch,2,MLP27,0.7131229523689516,True,True
codecontests_java_477,clean_no_protocol,1,L21H12,1.5161290322580645,False,False
codecontests_java_477,clean_no_protocol,2,MLP27,2.039818548387097,True,True
apps_python_478,clean_no_schema,1,L21H12,0.9443832599118943,True,True
apps_python_478,clean_no_schema,2,MLP27,0.9140969162995595,False,True
apps_python_478,clean_schema_mismatch,1,L21H12,1.4636563876651982,True,True
apps_python_478,clean_schema_mismatch,2,MLP27,1.5403359030837005,True,True
apps_python_478,clean_no_protocol,1,L21H12,3.0748898678414096,False,False
apps_python_478,clean_no_protocol,2,MLP27,3.995594713656388,False,False
apps_python_479,clean_no_schema,1,L21H12,1.0091240875912408,False,False
apps_python_479,clean_no_schema,2,MLP27,1.0401459854014599,False,False
apps_python_479,clean_schema_mismatch,1,L21H12,1.9726277372262773,False,False
apps_python_479,clean_schema_mismatch,2,MLP27,2.378193430656934,True,True
apps_python_479,clean_no_protocol,1,L21H12,3.4014598540145986,False,False
apps_python_479,clean_no_protocol,2,MLP27,5.200729927007299,False,False
codecontests_cpp_479,clean_no_schema,1,L21H12,0.8693181818181818,True,True
codecontests_cpp_479,clean_no_schema,2,MLP27,0.9178977272727272,True,True
codecontests_cpp_479,clean_schema_mismatch,1,L21H12,1.1920454545454546,True,True
codecontests_cpp_479,clean_schema_mismatch,2,MLP27,1.3049005681818182,True,True
codecontests_cpp_479,clean_no_protocol,1,L21H12,1.9954545454545454,False,False
codecontests_cpp_479,clean_no_protocol,2,MLP27,2.6915482954545453,True,True
codecontests_java_479,clean_no_schema,1,L21H12,0.3125,True,True
codecontests_java_479,clean_no_schema,2,MLP27,0.32920172275641024,True,True
codecontests_java_479,clean_schema_mismatch,1,L21H12,0.28490584935897434,True,True
codecontests_java_479,clean_schema_mismatch,2,MLP27,0.289821526943109,True,True
codecontests_java_479,clean_no_protocol,1,L21H12,1.0280448717948718,True,True
codecontests_java_479,clean_no_protocol,2,MLP27,1.1312850560897436,True,True
apps_python_480,clean_no_schema,1,L21H12,0.2517688679245283,True,True
apps_python_480,clean_no_schema,2,MLP27,0.2275943396226415,True,True
apps_python_480,clean_schema_mismatch,1,L21H12,0.9870283018867925,False,False
apps_python_480,clean_schema_mismatch,2,MLP27,1.221255896226415,True,True
apps_python_480,clean_no_protocol,1,L21H12,2.1367924528301887,False,False
apps_python_480,clean_no_protocol,2,MLP27,2.9976415094339623,False,False
apps_python_481,clean_no_schema,1,L21H12,0.07377616995073892,True,True
apps_python_481,clean_no_schema,2,MLP27,0.061422413793103446,True,True
apps_python_481,clean_schema_mismatch,1,L21H12,0.07058189655172414,True,True
apps_python_481,clean_schema_mismatch,2,MLP27,0.06931188423645321,True,True
apps_python_481,clean_no_protocol,1,L21H12,1.3029556650246306,False,False
apps_python_481,clean_no_protocol,2,MLP27,1.6551724137931034,False,False
codecontests_cpp_481,clean_no_schema,1,L21H12,1.0838709677419356,False,False
codecontests_cpp_481,clean_no_schema,2,MLP27,1.3504032258064516,True,True
codecontests_cpp_481,clean_schema_mismatch,1,L21H12,0.4157258064516129,True,True
codecontests_cpp_481,clean_schema_mismatch,2,MLP27,0.4915826612903226,True,True
codecontests_cpp_481,clean_no_protocol,1,L21H12,1.3096774193548386,False,False
codecontests_cpp_481,clean_no_protocol,2,MLP27,2.3161290322580643,False,False
codecontests_java_481,clean_no_schema,1,L21H12,1.031021897810219,False,False
codecontests_java_481,clean_no_schema,2,MLP27,1.3494525547445255,False,False
codecontests_java_481,clean_schema_mismatch,1,L21H12,0.8877737226277372,False,False
codecontests_java_481,clean_schema_mismatch,2,MLP27,1.0180200729927007,True,True
codecontests_java_481,clean_no_protocol,1,L21H12,1.1240875912408759,False,False
codecontests_java_481,clean_no_protocol,2,MLP27,1.7244525547445255,False,False
apps_python_482,clean_no_schema,1,L21H12,0.05303030303030303,True,True
apps_python_482,clean_no_schema,2,MLP27,0.0375,True,True
apps_python_482,clean_schema_mismatch,1,L21H12,0.2636363636363636,True,True
apps_python_482,clean_schema_mismatch,2,MLP27,0.31221590909090907,True,True
apps_python_482,clean_no_protocol,1,L21H12,1.2121212121212122,False,False
apps_python_482,clean_no_protocol,2,MLP27,1.906060606060606,False,False
codecontests_java_482,clean_no_schema,1,L21H12,0.49594594594594593,False,False
codecontests_java_482,clean_no_schema,2,MLP27,0.5940878378378378,True,True
codecontests_java_482,clean_schema_mismatch,1,L21H12,1.2148648648648648,False,False
codecontests_java_482,clean_schema_mismatch,2,MLP27,1.399662162162162,True,True
codecontests_java_482,clean_no_protocol,1,L21H12,1.3216216216216217,False,False
codecontests_java_482,clean_no_protocol,2,MLP27,1.8513513513513513,True,True
apps_python_483,clean_no_schema,1,L21H12,0.9603960396039604,False,False
apps_python_483,clean_no_schema,2,MLP27,1.1707920792079207,False,False
apps_python_483,clean_schema_mismatch,1,L21H12,0.24087252475247525,True,True
apps_python_483,clean_schema_mismatch,2,MLP27,0.2771310334158416,True,True
apps_python_483,clean_no_protocol,1,L21H12,1.4653465346534653,False,False
apps_python_483,clean_no_protocol,2,MLP27,2.25990099009901,False,False
codecontests_cpp_483,clean_no_schema,1,L21H12,0.21731321839080459,True,True
codecontests_cpp_483,clean_no_schema,2,MLP27,0.26275143678160917,True,True
codecontests_cpp_483,clean_schema_mismatch,1,L21H12,0.6910919540229885,False,False
codecontests_cpp_483,clean_schema_mismatch,2,MLP27,0.9184626436781609,True,True
codecontests_cpp_483,clean_no_protocol,1,L21H12,1.2126436781609196,False,False
codecontests_cpp_483,clean_no_protocol,2,MLP27,1.889367816091954,True,True
codecontests_java_483,clean_no_schema,1,L21H12,0.8006944444444445,False,False
codecontests_java_483,clean_no_schema,2,MLP27,0.8824652777777777,True,True
codecontests_java_483,clean_schema_mismatch,1,L21H12,0.24184027777777778,True,True
codecontests_java_483,clean_schema_mismatch,2,MLP27,0.24931098090277778,True,True
codecontests_java_483,clean_no_protocol,1,L21H12,0.9409722222222222,False,False
codecontests_java_483,clean_no_protocol,2,MLP27,1.0471571180555554,True,True
apps_python_484,clean_no_schema,1,L21H12,-0.01069078947368421,True,True
apps_python_484,clean_no_schema,2,MLP27,0.013939144736842105,True,True
apps_python_484,clean_schema_mismatch,1,L21H12,0.7039473684210527,True,True
apps_python_484,clean_schema_mismatch,2,MLP27,0.7451480263157895,True,True
apps_python_484,clean_no_protocol,1,L21H12,1.7894736842105263,False,False
apps_python_484,clean_no_protocol,2,MLP27,2.4368421052631577,False,False
codecontests_java_484,clean_no_schema,1,L21H12,0.4125615763546798,False,True
codecontests_java_484,clean_no_schema,2,MLP27,0.49676724137931033,True,True
codecontests_java_484,clean_schema_mismatch,1,L21H12,1.1921182266009853,False,False
codecontests_java_484,clean_schema_mismatch,2,MLP27,1.4862992610837438,True,True
codecontests_java_484,clean_no_protocol,1,L21H12,1.4236453201970443,False,False
codecontests_java_484,clean_no_protocol,2,MLP27,2.1366995073891624,True,True
apps_python_485,clean_no_schema,1,L21H12,0.05010269953051643,True,True
apps_python_485,clean_no_schema,2,MLP27,0.0487455985915493,True,True
apps_python_485,clean_schema_mismatch,1,L21H12,0.3068148474178404,True,True
apps_python_485,clean_schema_mismatch,2,MLP27,0.31354074970657275,True,True
apps_python_485,clean_no_protocol,1,L21H12,0.7523474178403756,True,True
apps_python_485,clean_no_protocol,2,MLP27,0.8248606220657277,True,True
codecontests_cpp_485,clean_no_schema,1,L21H12,1.393162393162393,False,False
codecontests_cpp_485,clean_no_schema,2,MLP27,1.7008547008547008,False,False
codecontests_cpp_485,clean_schema_mismatch,1,L21H12,2.2371794871794872,False,False
codecontests_cpp_485,clean_schema_mismatch,2,MLP27,2.546207264957265,True,True
codecontests_cpp_485,clean_no_protocol,1,L21H12,2.5982905982905984,False,False
codecontests_cpp_485,clean_no_protocol,2,MLP27,4.489316239316239,False,False
codecontests_java_485,clean_no_schema,1,L21H12,0.34438775510204084,False,False
codecontests_java_485,clean_no_schema,2,MLP27,0.4289965986394558,False,True
codecontests_java_485,clean_schema_mismatch,1,L21H12,0.5510204081632653,False,False
codecontests_java_485,clean_schema_mismatch,2,MLP27,0.7846513605442177,True,True
codecontests_java_485,clean_no_protocol,1,L21H12,0.7482993197278912,False,False
codecontests_java_485,clean_no_protocol,2,MLP27,1.3273809523809523,False,False
apps_python_486,clean_no_schema,1,L21H12,0.1165625,True,True
apps_python_486,clean_no_schema,2,MLP27,0.083125,True,True
apps_python_486,clean_schema_mismatch,1,L21H12,1.2875,False,False
apps_python_486,clean_schema_mismatch,2,MLP27,1.62875,False,False
apps_python_486,clean_no_protocol,1,L21H12,2.66,False,False
apps_python_486,clean_no_protocol,2,MLP27,3.845,False,False
codecontests_cpp_486,clean_no_schema,1,L21H12,0.6310975609756098,False,False
codecontests_cpp_486,clean_no_schema,2,MLP27,0.7815040650406504,True,True
codecontests_cpp_486,clean_schema_mismatch,1,L21H12,0.568089430894309,False,False
codecontests_cpp_486,clean_schema_mismatch,2,MLP27,0.7670223577235772,True,True
codecontests_cpp_486,clean_no_protocol,1,L21H12,1.8373983739837398,False,False
codecontests_cpp_486,clean_no_protocol,2,MLP27,3.176829268292683,False,False
codecontests_java_486,clean_no_schema,1,L21H12,0.6504360465116279,True,True
codecontests_java_486,clean_no_schema,2,MLP27,0.6906795058139535,True,True
codecontests_java_486,clean_schema_mismatch,1,L21H12,0.034122910610465115,True,True
codecontests_java_486,clean_schema_mismatch,2,MLP27,0.03559201262718023,True,True
codecontests_java_486,clean_no_protocol,1,L21H12,0.8611918604651163,False,True
codecontests_java_486,clean_no_protocol,2,MLP27,0.9777207485465116,True,True
apps_python_487,clean_no_schema,1,L21H12,0.43258426966292135,False,False
apps_python_487,clean_no_schema,2,MLP27,0.40870786516853935,False,False
apps_python_487,clean_schema_mismatch,1,L21H12,1.3595505617977528,False,False
apps_python_487,clean_schema_mismatch,2,MLP27,1.7347261235955056,True,True
apps_python_487,clean_no_protocol,1,L21H12,3.033707865168539,False,False
apps_python_487,clean_no_protocol,2,MLP27,4.264044943820225,False,False
codecontests_java_487,clean_no_schema,1,L21H12,0.3113677536231884,True,True
codecontests_java_487,clean_no_schema,2,MLP27,0.3168591485507246,True,True
codecontests_java_487,clean_schema_mismatch,1,L21H12,1.983695652173913,True,False
codecontests_java_487,clean_schema_mismatch,2,MLP27,2.1295289855072466,True,True
codecontests_java_487,clean_no_protocol,1,L21H12,2.920289855072464,False,False
codecontests_java_487,clean_no_protocol,2,MLP27,3.9420289855072466,False,True
apps_python_488,clean_no_schema,1,L21H12,0.7514367816091954,False,False
apps_python_488,clean_no_schema,2,MLP27,0.7241379310344828,False,False
apps_python_488,clean_schema_mismatch,1,L21H12,2.1206896551724137,False,False
apps_python_488,clean_schema_mismatch,2,MLP27,3.050646551724138,True,True
apps_python_488,clean_no_protocol,1,L21H12,3.045977011494253,False,False
apps_python_488,clean_no_protocol,2,MLP27,4.183908045977011,False,False
codecontests_cpp_488,clean_no_schema,1,L21H12,0.9701492537313433,False,False
codecontests_cpp_488,clean_no_schema,2,MLP27,1.2008706467661692,True,True
codecontests_cpp_488,clean_schema_mismatch,1,L21H12,1.144278606965174,False,False
codecontests_cpp_488,clean_schema_mismatch,2,MLP27,1.3155317164179106,True,True
codecontests_cpp_488,clean_no_protocol,1,L21H12,2.4378109452736316,False,False
codecontests_cpp_488,clean_no_protocol,2,MLP27,3.8638059701492535,True,True
codecontests_java_488,clean_no_schema,1,L21H12,0.7131696428571429,False,False
codecontests_java_488,clean_no_schema,2,MLP27,0.9068080357142857,True,True
codecontests_java_488,clean_schema_mismatch,1,L21H12,0.005545479910714286,True,True
codecontests_java_488,clean_schema_mismatch,2,MLP27,0.006663731166294643,True,True
codecontests_java_488,clean_no_protocol,1,L21H12,1.40625,False,False
codecontests_java_488,clean_no_protocol,2,MLP27,2.3599330357142856,False,False
apps_python_489,clean_no_schema,1,L21H12,0.3950242718446602,True,True
apps_python_489,clean_no_schema,2,MLP27,0.3804611650485437,True,True
apps_python_489,clean_schema_mismatch,1,L21H12,2.203883495145631,False,False
apps_python_489,clean_schema_mismatch,2,MLP27,2.5870752427184467,True,True
apps_python_489,clean_no_protocol,1,L21H12,1.8592233009708738,False,False
apps_python_489,clean_no_protocol,2,MLP27,2.6116504854368934,False,False
codecontests_java_489,clean_no_schema,1,L21H12,0.38414634146341464,True,True
codecontests_java_489,clean_no_schema,2,MLP27,0.4106088033536585,True,True
codecontests_java_489,clean_schema_mismatch,1,L21H12,0.7309451219512195,False,False
codecontests_java_489,clean_schema_mismatch,2,MLP27,0.8506454839939024,True,True
codecontests_java_489,clean_no_protocol,1,L21H12,1.0609756097560976,False,False
codecontests_java_489,clean_no_protocol,2,MLP27,1.6457698170731707,True,True
apps_python_490,clean_no_schema,1,L21H12,0.42012448132780084,False,False
apps_python_490,clean_no_schema,2,MLP27,0.42064315352697096,False,False
apps_python_490,clean_schema_mismatch,1,L21H12,0.91701244813278,False,False
apps_python_490,clean_schema_mismatch,2,MLP27,1.1605290456431536,True,True
apps_python_490,clean_no_protocol,1,L21H12,0.7842323651452282,False,False
apps_python_490,clean_no_protocol,2,MLP27,1.191908713692946,False,False
codecontests_cpp_490,clean_no_schema,1,L21H12,1.1907514450867052,False,False
codecontests_cpp_490,clean_no_schema,2,MLP27,1.4826589595375723,True,True
codecontests_cpp_490,clean_schema_mismatch,1,L21H12,1.6473988439306357,False,False
codecontests_cpp_490,clean_schema_mismatch,2,MLP27,2.040462427745665,True,True
codecontests_cpp_490,clean_no_protocol,1,L21H12,2.208092485549133,False,False
codecontests_cpp_490,clean_no_protocol,2,MLP27,4.089595375722543,False,False
codecontests_java_490,clean_no_schema,1,L21H12,0.7710843373493976,True,True
codecontests_java_490,clean_no_schema,2,MLP27,0.8426204819277109,True,True
codecontests_java_490,clean_schema_mismatch,1,L21H12,0.3445030120481928,True,True
codecontests_java_490,clean_schema_mismatch,2,MLP27,0.3555746423192771,True,True
codecontests_java_490,clean_no_protocol,1,L21H12,2.4036144578313254,False,False
codecontests_java_490,clean_no_protocol,2,MLP27,3.6001506024096384,True,True
apps_python_491,clean_no_schema,1,L21H12,0.37398373983739835,False,False
apps_python_491,clean_no_schema,2,MLP27,0.4400406504065041,False,False
apps_python_491,clean_schema_mismatch,1,L21H12,0.6910569105691057,False,False
apps_python_491,clean_schema_mismatch,2,MLP27,0.9214939024390244,True,True
apps_python_491,clean_no_protocol,1,L21H12,1.1666666666666667,False,False
apps_python_491,clean_no_protocol,2,MLP27,1.7601626016260163,False,False
codecontests_java_491,clean_no_schema,1,L21H12,0.43600478468899523,True,True
codecontests_java_491,clean_no_schema,2,MLP27,0.5019437799043063,True,True
codecontests_java_491,clean_schema_mismatch,1,L21H12,0.06674267344497607,True,True
codecontests_java_491,clean_schema_mismatch,2,MLP27,0.06939083993720095,True,True
codecontests_java_491,clean_no_protocol,1,L21H12,2.2200956937799043,False,False
codecontests_java_491,clean_no_protocol,2,MLP27,2.91566985645933,True,True
apps_python_492,clean_no_schema,1,L21H12,0.28247206703910616,True,True
apps_python_492,clean_no_schema,2,MLP27,0.3058659217877095,True,True
apps_python_492,clean_schema_mismatch,1,L21H12,1.0488826815642458,False,False
apps_python_492,clean_schema_mismatch,2,MLP27,1.3232803770949721,True,True
apps_python_492,clean_no_protocol,1,L21H12,1.3463687150837989,False,False
apps_python_492,clean_no_protocol,2,MLP27,2.043296089385475,True,True
codecontests_cpp_492,clean_no_schema,1,L21H12,0.6370689655172413,True,True
codecontests_cpp_492,clean_no_schema,2,MLP27,0.6577047413793103,True,True
codecontests_cpp_492,clean_schema_mismatch,1,L21H12,2.5008620689655174,True,True
codecontests_cpp_492,clean_schema_mismatch,2,MLP27,2.6002963362068967,True,True
codecontests_cpp_492,clean_no_protocol,1,L21H12,2.103448275862069,False,False
codecontests_cpp_492,clean_no_protocol,2,MLP27,2.528340517241379,True,True
codecontests_java_492,clean_no_schema,1,L21H12,0.8946428571428572,True,True
codecontests_java_492,clean_no_schema,2,MLP27,0.9386383928571429,True,True
codecontests_java_492,clean_schema_mismatch,1,L21H12,1.0242857142857142,True,True
codecontests_java_492,clean_schema_mismatch,2,MLP27,1.0900390625,True,True
codecontests_java_492,clean_no_protocol,1,L21H12,0.6825,False,False
codecontests_java_492,clean_no_protocol,2,MLP27,0.7699330357142857,True,True
codecontests_cpp_493,clean_no_schema,1,L21H12,0.3562091503267974,False,True
codecontests_cpp_493,clean_no_schema,2,MLP27,0.455984477124183,True,True
codecontests_cpp_493,clean_schema_mismatch,1,L21H12,0.571078431372549,False,False
codecontests_cpp_493,clean_schema_mismatch,2,MLP27,0.7062908496732027,True,True
codecontests_cpp_493,clean_no_protocol,1,L21H12,1.1241830065359477,False,False
codecontests_cpp_493,clean_no_protocol,2,MLP27,1.6409313725490196,True,True
codecontests_java_493,clean_no_schema,1,L21H12,0.9494949494949495,False,False
codecontests_java_493,clean_no_schema,2,MLP27,1.1117424242424243,True,True
codecontests_java_493,clean_schema_mismatch,1,L21H12,0.7389520202020202,False,False
codecontests_java_493,clean_schema_mismatch,2,MLP27,0.8051412563131313,True,True
codecontests_java_493,clean_no_protocol,1,L21H12,0.5202020202020202,False,False
codecontests_java_493,clean_no_protocol,2,MLP27,0.7032039141414141,True,True
apps_python_494,clean_no_schema,1,L21H12,0.3321078431372549,False,False
apps_python_494,clean_no_schema,2,MLP27,0.4074754901960784,True,True
apps_python_494,clean_schema_mismatch,1,L21H12,0.7610294117647058,False,False
apps_python_494,clean_schema_mismatch,2,MLP27,1.018765318627451,True,True
apps_python_494,clean_no_protocol,1,L21H12,1.803921568627451,False,False
apps_python_494,clean_no_protocol,2,MLP27,3.019607843137255,False,False
codecontests_cpp_494,clean_no_schema,1,L21H12,0.31474447513812154,True,True
codecontests_cpp_494,clean_no_schema,2,MLP27,0.33688708563535913,True,True
codecontests_cpp_494,clean_schema_mismatch,1,L21H12,1.3294198895027625,True,True
codecontests_cpp_494,clean_schema_mismatch,2,MLP27,1.3833520372928176,True,True
codecontests_cpp_494,clean_no_protocol,1,L21H12,1.5939226519337018,False,False
codecontests_cpp_494,clean_no_protocol,2,MLP27,2.1201657458563536,True,True
codecontests_java_494,clean_no_schema,1,L21H12,0.7824404761904762,True,True
codecontests_java_494,clean_no_schema,2,MLP27,0.8273809523809523,True,True
codecontests_java_494,clean_schema_mismatch,1,L21H12,0.9520833333333333,True,False
codecontests_java_494,clean_schema_mismatch,2,MLP27,1.008500744047619,True,True
codecontests_java_494,clean_no_protocol,1,L21H12,0.7892857142857143,False,False
codecontests_java_494,clean_no_protocol,2,MLP27,0.998735119047619,True,True
apps_python_495,clean_no_schema,1,L21H12,0.9725609756097561,False,False
apps_python_495,clean_no_schema,2,MLP27,1.2057926829268293,False,False
apps_python_495,clean_schema_mismatch,1,L21H12,0.6341463414634146,False,False
apps_python_495,clean_schema_mismatch,2,MLP27,0.8104039634146342,True,True
apps_python_495,clean_no_protocol,1,L21H12,1.5182926829268293,False,False
apps_python_495,clean_no_protocol,2,MLP27,2.448170731707317,False,False
codecontests_java_495,clean_no_schema,1,L21H12,0.7668504901960784,True,True
codecontests_java_495,clean_no_schema,2,MLP27,0.8000919117647058,True,True
codecontests_java_495,clean_schema_mismatch,1,L21H12,0.14450791302849264,True,True
codecontests_java_495,clean_schema_mismatch,2,MLP27,0.14451449525122548,True,True
codecontests_java_495,clean_no_protocol,1,L21H12,1.4877450980392157,False,False
codecontests_java_495,clean_no_protocol,2,MLP27,2.0019914215686274,True,True
apps_python_496,clean_no_schema,1,L21H12,0.2490056818181818,True,True
apps_python_496,clean_no_schema,2,MLP27,0.2375,True,True
apps_python_496,clean_schema_mismatch,1,L21H12,0.7522727272727273,False,False
apps_python_496,clean_schema_mismatch,2,MLP27,0.9951704545454545,True,True
apps_python_496,clean_no_protocol,1,L21H12,2.0545454545454547,False,False
apps_python_496,clean_no_protocol,2,MLP27,2.786363636363636,False,False
codecontests_java_496,clean_no_schema,1,L21H12,1.194055944055944,False,False
codecontests_java_496,clean_no_schema,2,MLP27,1.3031031468531469,True,True
codecontests_java_496,clean_schema_mismatch,1,L21H12,0.7864947552447552,True,True
codecontests_java_496,clean_schema_mismatch,2,MLP27,0.812622923951049,True,True
codecontests_java_496,clean_no_protocol,1,L21H12,1.3601398601398602,False,False
codecontests_java_496,clean_no_protocol,2,MLP27,1.6564685314685315,True,True
apps_python_497,clean_no_schema,1,L21H12,0.3277284263959391,True,True
apps_python_497,clean_no_schema,2,MLP27,0.282994923857868,False,True
apps_python_497,clean_schema_mismatch,1,L21H12,0.5279187817258884,False,False
apps_python_497,clean_schema_mismatch,2,MLP27,0.7915609137055838,True,True
apps_python_497,clean_no_protocol,1,L21H12,2.4263959390862944,False,False
apps_python_497,clean_no_protocol,2,MLP27,3.467005076142132,False,False
apps_python_498,clean_no_schema,1,L21H12,0.02471590909090909,True,True
apps_python_498,clean_no_schema,2,MLP27,0.018821022727272728,True,True
apps_python_498,clean_schema_mismatch,1,L21H12,1.1025568181818182,True,True
apps_python_498,clean_schema_mismatch,2,MLP27,1.153622159090909,True,True
apps_python_498,clean_no_protocol,1,L21H12,3.3727272727272726,False,False
apps_python_498,clean_no_protocol,2,MLP27,5.125,False,False
codecontests_java_498,clean_no_schema,1,L21H12,0.7355442176870748,True,True
codecontests_java_498,clean_no_schema,2,MLP27,0.7737032312925171,True,True
codecontests_java_498,clean_schema_mismatch,1,L21H12,1.0778061224489797,True,True
codecontests_java_498,clean_schema_mismatch,2,MLP27,1.140452274659864,True,True
codecontests_java_498,clean_no_protocol,1,L21H12,2.0884353741496597,False,False
codecontests_java_498,clean_no_protocol,2,MLP27,2.9264455782312924,True,True
apps_python_499,clean_no_schema,1,L21H12,0.20467931937172776,True,True
apps_python_499,clean_no_schema,2,MLP27,0.20975130890052357,True,True
apps_python_499,clean_schema_mismatch,1,L21H12,0.9764397905759162,False,False
apps_python_499,clean_schema_mismatch,2,MLP27,1.190690445026178,True,True
apps_python_499,clean_no_protocol,1,L21H12,0.9738219895287958,False,False
apps_python_499,clean_no_protocol,2,MLP27,1.4037958115183247,True,True
codecontests_java_499,clean_no_schema,1,L21H12,1.6314655172413792,False,False
codecontests_java_499,clean_no_schema,2,MLP27,1.8771551724137931,False,False
codecontests_java_499,clean_schema_mismatch,1,L21H12,2.5474137931034484,False,False
codecontests_java_499,clean_schema_mismatch,2,MLP27,2.9876077586206895,True,True
codecontests_java_499,clean_no_protocol,1,L21H12,2.689655172413793,False,False
codecontests_java_499,clean_no_protocol,2,MLP27,4.113146551724138,True,True
apps_python_500,clean_no_schema,1,L21H12,0.07504857512953368,True,True
apps_python_500,clean_no_schema,2,MLP27,0.0508419689119171,True,True
apps_python_500,clean_schema_mismatch,1,L21H12,1.0155440414507773,False,False
apps_python_500,clean_schema_mismatch,2,MLP27,1.4145077720207253,True,True
apps_python_500,clean_no_protocol,1,L21H12,2.1658031088082903,False,False
apps_python_500,clean_no_protocol,2,MLP27,2.9870466321243523,False,False
codecontests_cpp_500,clean_no_schema,1,L21H12,0.25154702970297027,True,True
codecontests_cpp_500,clean_no_schema,2,MLP27,0.3105662128712871,True,True
codecontests_cpp_500,clean_schema_mismatch,1,L21H12,0.47060643564356436,True,True
codecontests_cpp_500,clean_schema_mismatch,2,MLP27,0.5401454207920792,True,True
codecontests_cpp_500,clean_no_protocol,1,L21H12,0.7747524752475248,False,False
codecontests_cpp_500,clean_no_protocol,2,MLP27,1.328279702970297,True,True
codecontests_java_500,clean_no_schema,1,L21H12,0.7611899563318777,False,True
codecontests_java_500,clean_no_schema,2,MLP27,0.8105895196506551,True,True
codecontests_java_500,clean_schema_mismatch,1,L21H12,0.7828875545851528,True,True
codecontests_java_500,clean_schema_mismatch,2,MLP27,0.8153401337336245,True,True
codecontests_java_500,clean_no_protocol,1,L21H12,0.5327510917030568,False,False
codecontests_java_500,clean_no_protocol,2,MLP27,0.6938455240174672,True,True
apps_python_501,clean_no_schema,1,L21H12,0.7819148936170213,False,False
apps_python_501,clean_no_schema,2,MLP27,0.8922872340425532,False,False
apps_python_501,clean_schema_mismatch,1,L21H12,1.3257978723404256,False,False
apps_python_501,clean_schema_mismatch,2,MLP27,1.5521941489361701,True,True
apps_python_501,clean_no_protocol,1,L21H12,2.776595744680851,False,False
apps_python_501,clean_no_protocol,2,MLP27,3.7819148936170213,False,False
apps_python_502,clean_no_schema,1,L21H12,0.09929435483870967,True,True
apps_python_502,clean_no_schema,2,MLP27,0.09106182795698925,True,True
apps_python_502,clean_schema_mismatch,1,L21H12,1.0403225806451613,False,False
apps_python_502,clean_schema_mismatch,2,MLP27,1.5230174731182795,True,True
apps_python_502,clean_no_protocol,1,L21H12,3.3655913978494625,False,False
apps_python_502,clean_no_protocol,2,MLP27,4.865591397849462,False,False
codecontests_cpp_502,clean_no_schema,1,L21H12,0.9701704545454546,False,False
codecontests_cpp_502,clean_no_schema,2,MLP27,1.0740411931818181,True,True
codecontests_cpp_502,clean_schema_mismatch,1,L21H12,1.4431818181818181,False,False
codecontests_cpp_502,clean_schema_mismatch,2,MLP27,1.6058238636363635,True,True
codecontests_cpp_502,clean_no_protocol,1,L21H12,2.102272727272727,False,False
codecontests_cpp_502,clean_no_protocol,2,MLP27,2.6558948863636362,True,True
codecontests_java_502,clean_no_schema,1,L21H12,0.799492385786802,False,False
codecontests_java_502,clean_no_schema,2,MLP27,0.9300444162436549,True,True
codecontests_java_502,clean_schema_mismatch,1,L21H12,0.13435913705583757,True,True
codecontests_java_502,clean_schema_mismatch,2,MLP27,0.1382244904029188,True,True
codecontests_java_502,clean_no_protocol,1,L21H12,0.8813451776649747,False,False
codecontests_java_502,clean_no_protocol,2,MLP27,1.033351840101523,True,True
apps_python_503,clean_no_schema,1,L21H12,0.37166666666666665,False,True
apps_python_503,clean_no_schema,2,MLP27,0.4275,True,True
apps_python_503,clean_schema_mismatch,1,L21H12,1.44,False,False
apps_python_503,clean_schema_mismatch,2,MLP27,2.4208333333333334,False,False
apps_python_503,clean_no_protocol,1,L21H12,1.96,False,False
apps_python_503,clean_no_protocol,2,MLP27,3.0766666666666667,False,False
codecontests_cpp_503,clean_no_schema,1,L21H12,0.46342329545454547,True,True
codecontests_cpp_503,clean_no_schema,2,MLP27,0.4970703125,True,True
codecontests_cpp_503,clean_schema_mismatch,1,L21H12,1.0275213068181819,True,True
codecontests_cpp_503,clean_schema_mismatch,2,MLP27,1.0525346235795454,True,True
codecontests_cpp_503,clean_no_protocol,1,L21H12,1.7414772727272727,False,False
codecontests_cpp_503,clean_no_protocol,2,MLP27,2.210227272727273,True,True
codecontests_java_503,clean_no_schema,1,L21H12,0.6179096638655462,True,True
codecontests_java_503,clean_no_schema,2,MLP27,0.657891281512605,True,True
codecontests_java_503,clean_schema_mismatch,1,L21H12,0.8432247899159664,True,True
codecontests_java_503,clean_schema_mismatch,2,MLP27,0.8787092962184874,True,True
codecontests_java_503,clean_no_protocol,1,L21H12,1.0210084033613445,False,False
codecontests_java_503,clean_no_protocol,2,MLP27,1.2829569327731092,True,True
apps_python_504,clean_no_schema,1,L21H12,0.2026431718061674,True,True
apps_python_504,clean_no_schema,2,MLP27,0.191079295154185,True,True
apps_python_504,clean_schema_mismatch,1,L21H12,1.2797356828193833,False,False
apps_python_504,clean_schema_mismatch,2,MLP27,1.6618942731277533,True,True
apps_python_504,clean_no_protocol,1,L21H12,2.1145374449339207,False,False
apps_python_504,clean_no_protocol,2,MLP27,2.9647577092511015,False,False
codecontests_cpp_504,clean_no_schema,1,L21H12,0.5022026431718062,False,False
codecontests_cpp_504,clean_no_schema,2,MLP27,0.6861233480176211,False,True
codecontests_cpp_504,clean_schema_mismatch,1,L21H12,0.7951541850220264,False,False
codecontests_cpp_504,clean_schema_mismatch,2,MLP27,1.0503854625550662,True,True
codecontests_cpp_504,clean_no_protocol,1,L21H12,0.8898678414096917,False,False
codecontests_cpp_504,clean_no_protocol,2,MLP27,1.6987885462555066,False,True
codecontests_java_504,clean_no_schema,1,L21H12,0.7116834170854272,False,False
codecontests_java_504,clean_no_schema,2,MLP27,0.7701005025125628,True,True
codecontests_java_504,clean_schema_mismatch,1,L21H12,0.157035175879397,True,True
codecontests_java_504,clean_schema_mismatch,2,MLP27,0.1614346144786432,True,True
codecontests_java_504,clean_no_protocol,1,L21H12,0.7035175879396985,False,False
codecontests_java_504,clean_no_protocol,2,MLP27,0.8668734296482412,True,True
apps_python_505,clean_no_schema,1,L21H12,0.10505319148936171,True,True
apps_python_505,clean_no_schema,2,MLP27,0.08865248226950355,True,True
apps_python_505,clean_schema_mismatch,1,L21H12,0.7163120567375887,False,False
apps_python_505,clean_schema_mismatch,2,MLP27,1.3273492907801419,True,True
apps_python_505,clean_no_protocol,1,L21H12,1.8368794326241136,False,False
apps_python_505,clean_no_protocol,2,MLP27,2.7872340425531914,False,False
codecontests_cpp_505,clean_no_schema,1,L21H12,0.3232843137254902,True,True
codecontests_cpp_505,clean_no_schema,2,MLP27,0.34270833333333334,True,True
codecontests_cpp_505,clean_schema_mismatch,1,L21H12,1.830392156862745,False,False
codecontests_cpp_505,clean_schema_mismatch,2,MLP27,2.061642156862745,True,True
codecontests_cpp_505,clean_no_protocol,1,L21H12,2.5294117647058822,False,False
codecontests_cpp_505,clean_no_protocol,2,MLP27,3.3715686274509804,True,True
codecontests_java_505,clean_no_schema,1,L21H12,0.40239043824701193,False,True
codecontests_java_505,clean_no_schema,2,MLP27,0.4850597609561753,True,True
codecontests_java_505,clean_schema_mismatch,1,L21H12,0.20181772908366533,True,True
codecontests_java_505,clean_schema_mismatch,2,MLP27,0.22513072709163345,True,True
codecontests_java_505,clean_no_protocol,1,L21H12,1.4820717131474104,False,False
codecontests_java_505,clean_no_protocol,2,MLP27,2.4681274900398407,False,False
apps_python_506,clean_no_schema,1,L21H12,0.02749794407894737,True,True
apps_python_506,clean_no_schema,2,MLP27,0.0009594298245614035,True,True
apps_python_506,clean_schema_mismatch,1,L21H12,0.703125,True,True
apps_python_506,clean_schema_mismatch,2,MLP27,0.7495888157894737,True,True
apps_python_506,clean_no_protocol,1,L21H12,3.0350877192982457,False,False
apps_python_506,clean_no_protocol,2,MLP27,3.6030701754385963,False,False
codecontests_java_507,clean_no_schema,1,L21H12,1.2733778625954197,True,True
codecontests_java_507,clean_no_schema,2,MLP27,1.3314646946564885,True,True
codecontests_java_507,clean_schema_mismatch,1,L21H12,0.6209446564885496,True,True
codecontests_java_507,clean_schema_mismatch,2,MLP27,0.6254621898854962,True,True
codecontests_java_507,clean_no_protocol,1,L21H12,1.0632156488549618,True,True
codecontests_java_507,clean_no_protocol,2,MLP27,1.1123866889312977,True,True
codecontests_cpp_508,clean_no_schema,1,L21H12,0.5644904458598726,True,True
codecontests_cpp_508,clean_no_schema,2,MLP27,0.6604299363057324,True,True
codecontests_cpp_508,clean_schema_mismatch,1,L21H12,0.5696656050955414,True,True
codecontests_cpp_508,clean_schema_mismatch,2,MLP27,0.62390525477707,True,True
codecontests_cpp_508,clean_no_protocol,1,L21H12,1.5222929936305734,False,False
codecontests_cpp_508,clean_no_protocol,2,MLP27,2.373407643312102,False,True
codecontests_java_508,clean_no_schema,1,L21H12,0.44886363636363635,True,True
codecontests_java_508,clean_no_schema,2,MLP27,0.48312165775401067,True,True
codecontests_java_508,clean_schema_mismatch,1,L21H12,0.12527155748663102,True,True
codecontests_java_508,clean_schema_mismatch,2,MLP27,0.12817121699532086,True,True
codecontests_java_508,clean_no_protocol,1,L21H12,1.5508021390374331,False,False
codecontests_java_508,clean_no_protocol,2,MLP27,1.916485628342246,True,True
codecontests_cpp_509,clean_no_schema,1,L21H12,0.21988224637681159,True,True
codecontests_cpp_509,clean_no_schema,2,MLP27,0.2303413722826087,True,True
codecontests_cpp_509,clean_schema_mismatch,1,L21H12,0.08868319746376811,True,True
codecontests_cpp_509,clean_schema_mismatch,2,MLP27,0.09235238337862318,True,True
codecontests_cpp_509,clean_no_protocol,1,L21H12,0.9728260869565217,False,False
codecontests_cpp_509,clean_no_protocol,2,MLP27,1.3469202898550725,True,True
codecontests_java_509,clean_no_schema,1,L21H12,0.5483539094650206,False,False
codecontests_java_509,clean_no_schema,2,MLP27,0.650977366255144,True,True
codecontests_java_509,clean_schema_mismatch,1,L21H12,0.6455761316872428,True,True
codecontests_java_509,clean_schema_mismatch,2,MLP27,0.711741255144033,True,True
codecontests_java_509,clean_no_protocol,1,L21H12,0.9609053497942387,False,False
codecontests_java_509,clean_no_protocol,2,MLP27,1.3654835390946503,True,True
codecontests_cpp_510,clean_no_schema,1,L21H12,0.9016666666666666,False,True
codecontests_cpp_510,clean_no_schema,2,MLP27,0.9876041666666666,True,True
codecontests_cpp_510,clean_schema_mismatch,1,L21H12,0.16776041666666666,True,True
codecontests_cpp_510,clean_schema_mismatch,2,MLP27,0.18011393229166667,True,True
codecontests_cpp_510,clean_no_protocol,1,L21H12,1.58,False,False
codecontests_cpp_510,clean_no_protocol,2,MLP27,2.5120833333333334,True,True
codecontests_java_510,clean_no_schema,1,L21H12,1.143491124260355,False,False
codecontests_java_510,clean_no_schema,2,MLP27,1.3668639053254439,False,True
codecontests_java_510,clean_schema_mismatch,1,L21H12,0.014885355029585799,True,True
codecontests_java_510,clean_schema_mismatch,2,MLP27,0.01372965976331361,True,True
codecontests_java_510,clean_no_protocol,1,L21H12,2.485207100591716,False,False
codecontests_java_510,clean_no_protocol,2,MLP27,3.412721893491124,False,True
codecontests_cpp_511,clean_no_schema,1,L21H12,0.21578557312252963,True,True
codecontests_cpp_511,clean_no_schema,2,MLP27,0.2317193675889328,True,True
codecontests_cpp_511,clean_schema_mismatch,1,L21H12,0.4189723320158103,True,True
codecontests_cpp_511,clean_schema_mismatch,2,MLP27,0.48313982213438733,True,True
codecontests_cpp_511,clean_no_protocol,1,L21H12,1.0039525691699605,False,False
codecontests_cpp_511,clean_no_protocol,2,MLP27,1.4871541501976284,False,False
codecontests_java_511,clean_no_schema,1,L21H12,1.1057692307692308,False,False
codecontests_java_511,clean_no_schema,2,MLP27,1.2134415064102564,True,True
codecontests_java_511,clean_schema_mismatch,1,L21H12,0.32957732371794873,True,True
codecontests_java_511,clean_schema_mismatch,2,MLP27,0.33725210336538464,True,True
codecontests_java_511,clean_no_protocol,1,L21H12,1.1282051282051282,False,False
codecontests_java_511,clean_no_protocol,2,MLP27,1.3188100961538463,True,True
codecontests_cpp_512,clean_no_schema,1,L21H12,0.7638888888888888,False,False
codecontests_cpp_512,clean_no_schema,2,MLP27,0.9046296296296297,False,True
codecontests_cpp_512,clean_schema_mismatch,1,L21H12,0.9435185185185185,False,False
codecontests_cpp_512,clean_schema_mismatch,2,MLP27,1.0130787037037037,True,True
codecontests_cpp_512,clean_no_protocol,1,L21H12,1.2703703703703704,False,False
codecontests_cpp_512,clean_no_protocol,2,MLP27,1.7694444444444444,False,False
codecontests_java_512,clean_no_schema,1,L21H12,0.46113989637305697,False,False
codecontests_java_512,clean_no_schema,2,MLP27,0.5378886010362695,True,True
codecontests_java_512,clean_schema_mismatch,1,L21H12,0.21947862694300518,True,True
codecontests_java_512,clean_schema_mismatch,2,MLP27,0.23666460897020725,True,True
codecontests_java_512,clean_no_protocol,1,L21H12,0.8134715025906736,False,False
codecontests_java_512,clean_no_protocol,2,MLP27,1.1649935233160622,True,True
codecontests_java_513,clean_no_schema,1,L21H12,2.2260273972602738,True,True
codecontests_java_513,clean_no_schema,2,MLP27,2.3878424657534247,True,True
codecontests_java_513,clean_schema_mismatch,1,L21H12,0.1273544520547945,True,True
codecontests_java_513,clean_schema_mismatch,2,MLP27,0.13429072131849315,True,True
codecontests_java_513,clean_no_protocol,1,L21H12,7.219178082191781,False,False
codecontests_java_513,clean_no_protocol,2,MLP27,9.931506849315069,True,True
codecontests_java_514,clean_no_schema,1,L21H12,1.2344961240310077,True,True
codecontests_java_514,clean_no_schema,2,MLP27,1.34859496124031,True,True
codecontests_java_514,clean_schema_mismatch,1,L21H12,1.3241279069767442,True,True
codecontests_java_514,clean_schema_mismatch,2,MLP27,1.4026162790697674,True,True
codecontests_java_514,clean_no_protocol,1,L21H12,2.5891472868217056,False,False
codecontests_java_514,clean_no_protocol,2,MLP27,3.6569767441860463,True,True
codecontests_cpp_515,clean_no_schema,1,L21H12,0.22092725409836064,True,True
codecontests_cpp_515,clean_no_schema,2,MLP27,0.2346311475409836,True,True
codecontests_cpp_515,clean_schema_mismatch,1,L21H12,1.2049180327868851,False,False
codecontests_cpp_515,clean_schema_mismatch,2,MLP27,1.3314549180327868,True,True
codecontests_cpp_515,clean_no_protocol,1,L21H12,1.8770491803278688,False,False
codecontests_cpp_515,clean_no_protocol,2,MLP27,2.590548155737705,True,True
codecontests_java_515,clean_no_schema,1,L21H12,0.605667372881356,True,True
codecontests_java_515,clean_no_schema,2,MLP27,0.6313559322033898,True,True
codecontests_java_515,clean_schema_mismatch,1,L21H12,0.7733050847457628,True,True
codecontests_java_515,clean_schema_mismatch,2,MLP27,0.8089247881355932,True,True
codecontests_java_515,clean_no_protocol,1,L21H12,1.4745762711864407,False,False
codecontests_java_515,clean_no_protocol,2,MLP27,2.0720338983050848,True,True
codecontests_cpp_516,clean_no_schema,1,L21H12,0.8558139534883721,True,True
codecontests_cpp_516,clean_no_schema,2,MLP27,0.9709302325581395,True,True
codecontests_cpp_516,clean_schema_mismatch,1,L21H12,4.074418604651163,False,False
codecontests_cpp_516,clean_schema_mismatch,2,MLP27,4.77296511627907,True,True
codecontests_cpp_516,clean_no_protocol,1,L21H12,4.297674418604651,False,False
codecontests_cpp_516,clean_no_protocol,2,MLP27,6.069767441860465,True,True
codecontests_java_516,clean_no_schema,1,L21H12,0.39950980392156865,True,True
codecontests_java_516,clean_no_schema,2,MLP27,0.43310866013071897,True,True
codecontests_java_516,clean_schema_mismatch,1,L21H12,0.5251225490196079,True,True
codecontests_java_516,clean_schema_mismatch,2,MLP27,0.5649765114379085,True,True
codecontests_java_516,clean_no_protocol,1,L21H12,0.6895424836601307,False,False
codecontests_java_516,clean_no_protocol,2,MLP27,0.8584558823529411,True,True
codecontests_cpp_517,clean_no_schema,1,L21H12,0.9862804878048781,False,False
codecontests_cpp_517,clean_no_schema,2,MLP27,1.2202743902439024,True,True
codecontests_cpp_517,clean_schema_mismatch,1,L21H12,1.1791158536585367,False,False
codecontests_cpp_517,clean_schema_mismatch,2,MLP27,1.2970655487804879,True,True
codecontests_cpp_517,clean_no_protocol,1,L21H12,1.829268292682927,False,False
codecontests_cpp_517,clean_no_protocol,2,MLP27,2.9679878048780486,False,False
codecontests_java_517,clean_no_schema,1,L21H12,0.8189655172413793,False,False
codecontests_java_517,clean_no_schema,2,MLP27,0.9215517241379311,True,True
codecontests_java_517,clean_schema_mismatch,1,L21H12,0.565948275862069,True,True
codecontests_java_517,clean_schema_mismatch,2,MLP27,0.6171875,True,True
codecontests_java_517,clean_no_protocol,1,L21H12,1.013793103448276,False,False
codecontests_java_517,clean_no_protocol,2,MLP27,1.4670258620689656,True,True
codecontests_java_518,clean_no_schema,1,L21H12,0.8646313364055299,True,True
codecontests_java_518,clean_no_schema,2,MLP27,0.9369239631336406,True,True
codecontests_java_518,clean_schema_mismatch,1,L21H12,0.9792626728110599,True,True
codecontests_java_518,clean_schema_mismatch,2,MLP27,1.0648221486175116,True,True
codecontests_java_518,clean_no_protocol,1,L21H12,3.5483870967741935,False,False
codecontests_java_518,clean_no_protocol,2,MLP27,5.018433179723503,False,False
codecontests_java_519,clean_no_schema,1,L21H12,0.4816729323308271,True,True
codecontests_java_519,clean_no_schema,2,MLP27,0.5484022556390977,True,True
codecontests_java_519,clean_schema_mismatch,1,L21H12,0.04114779135338346,True,True
codecontests_java_519,clean_schema_mismatch,2,MLP27,0.04508341165413534,True,True
codecontests_java_519,clean_no_protocol,1,L21H12,3.6165413533834587,False,False
codecontests_java_519,clean_no_protocol,2,MLP27,4.75234962406015,True,True
codecontests_cpp_520,clean_no_schema,1,L21H12,0.8529411764705882,True,True
codecontests_cpp_520,clean_no_schema,2,MLP27,0.9608957219251337,True,True
codecontests_cpp_520,clean_schema_mismatch,1,L21H12,1.2713903743315509,False,True
codecontests_cpp_520,clean_schema_mismatch,2,MLP27,1.4496991978609626,True,True
codecontests_cpp_520,clean_no_protocol,1,L21H12,3.122994652406417,False,False
codecontests_cpp_520,clean_no_protocol,2,MLP27,4.997326203208556,False,True
codecontests_java_520,clean_no_schema,1,L21H12,0.3764792899408284,False,False
codecontests_java_520,clean_no_schema,2,MLP27,0.46597633136094674,True,True
codecontests_java_520,clean_schema_mismatch,1,L21H12,0.29105029585798814,True,True
codecontests_java_520,clean_schema_mismatch,2,MLP27,0.3393410225591716,True,True
codecontests_java_520,clean_no_protocol,1,L21H12,0.665680473372781,False,False
codecontests_java_520,clean_no_protocol,2,MLP27,0.9723557692307693,True,True
codecontests_java_521,clean_no_schema,1,L21H12,5.333333333333333,False,False
codecontests_java_521,clean_no_schema,2,MLP27,6.397619047619048,False,False
codecontests_java_521,clean_schema_mismatch,1,L21H12,5.6571428571428575,False,False
codecontests_java_521,clean_schema_mismatch,2,MLP27,5.983333333333333,True,True
codecontests_java_521,clean_no_protocol,1,L21H12,6.038095238095238,False,False
codecontests_java_521,clean_no_protocol,2,MLP27,7.1535714285714285,True,True
codecontests_cpp_522,clean_no_schema,1,L21H12,0.7354166666666667,False,False
codecontests_cpp_522,clean_no_schema,2,MLP27,0.8755208333333333,True,True
codecontests_cpp_522,clean_schema_mismatch,1,L21H12,0.7942708333333334,True,True
codecontests_cpp_522,clean_schema_mismatch,2,MLP27,0.8646158854166667,True,True
codecontests_cpp_522,clean_no_protocol,1,L21H12,2.275,False,False
codecontests_cpp_522,clean_no_protocol,2,MLP27,3.1635416666666667,True,False
codecontests_java_522,clean_no_schema,1,L21H12,0.9672489082969432,False,False
codecontests_java_522,clean_no_schema,2,MLP27,1.189410480349345,True,True
codecontests_java_522,clean_schema_mismatch,1,L21H12,0.5109170305676856,True,True
codecontests_java_522,clean_schema_mismatch,2,MLP27,0.5397789301310044,True,True
codecontests_java_522,clean_no_protocol,1,L21H12,1.0655021834061136,False,False
codecontests_java_522,clean_no_protocol,2,MLP27,1.3542576419213974,True,True
codecontests_java_523,clean_no_schema,1,L21H12,0.9624094202898551,True,True
codecontests_java_523,clean_no_schema,2,MLP27,1.012907608695652,True,True
codecontests_java_523,clean_schema_mismatch,1,L21H12,1.019927536231884,True,True
codecontests_java_523,clean_schema_mismatch,2,MLP27,1.0640851449275361,True,True
codecontests_java_523,clean_no_protocol,1,L21H12,1.4202898550724639,False,False
codecontests_java_523,clean_no_protocol,2,MLP27,1.9257246376811594,False,True
codecontests_cpp_524,clean_no_schema,1,L21H12,0.5510204081632653,True,True
codecontests_cpp_524,clean_no_schema,2,MLP27,0.6164965986394558,True,True
codecontests_cpp_524,clean_schema_mismatch,1,L21H12,1.6870748299319729,True,True
codecontests_cpp_524,clean_schema_mismatch,2,MLP27,1.8087797619047619,True,True
codecontests_cpp_524,clean_no_protocol,1,L21H12,2.1360544217687076,False,False
codecontests_cpp_524,clean_no_protocol,2,MLP27,3.002125850340136,True,True
codecontests_java_524,clean_no_schema,1,L21H12,0.541095890410959,False,False
codecontests_java_524,clean_no_schema,2,MLP27,0.6735873287671232,True,True
codecontests_java_524,clean_schema_mismatch,1,L21H12,0.6892123287671232,False,False
codecontests_java_524,clean_schema_mismatch,2,MLP27,0.7921125856164384,True,True
codecontests_java_524,clean_no_protocol,1,L21H12,1.0410958904109588,False,False
codecontests_java_524,clean_no_protocol,2,MLP27,1.5515839041095891,True,True
codecontests_java_525,clean_no_schema,1,L21H12,0.9973214285714286,True,True
codecontests_java_525,clean_no_schema,2,MLP27,1.0202380952380952,True,True
codecontests_java_525,clean_schema_mismatch,1,L21H12,0.7113095238095238,True,True
codecontests_java_525,clean_schema_mismatch,2,MLP27,0.7246651785714285,True,True
codecontests_java_525,clean_no_protocol,1,L21H12,2.579761904761905,True,True
codecontests_java_525,clean_no_protocol,2,MLP27,2.7584635416666665,True,True
codecontests_cpp_526,clean_no_schema,1,L21H12,0.9875776397515528,True,True
codecontests_cpp_526,clean_no_schema,2,MLP27,1.045807453416149,True,True
codecontests_cpp_526,clean_schema_mismatch,1,L21H12,3.044254658385093,True,True
codecontests_cpp_526,clean_schema_mismatch,2,MLP27,3.1291731366459627,True,True
codecontests_cpp_526,clean_no_protocol,1,L21H12,4.217391304347826,False,False
codecontests_cpp_526,clean_no_protocol,2,MLP27,5.213121118012422,True,True
codecontests_java_526,clean_no_schema,1,L21H12,1.098360655737705,True,True
codecontests_java_526,clean_no_schema,2,MLP27,1.1386612021857923,True,True
codecontests_java_526,clean_schema_mismatch,1,L21H12,0.10938834101775956,True,True
codecontests_java_526,clean_schema_mismatch,2,MLP27,0.10968317751024591,True,True
codecontests_java_526,clean_no_protocol,1,L21H12,1.8688524590163935,False,False
codecontests_java_526,clean_no_protocol,2,MLP27,2.3170252732240435,True,True
codecontests_cpp_527,clean_no_schema,1,L21H12,1.5792079207920793,False,False
codecontests_cpp_527,clean_no_schema,2,MLP27,1.8100247524752475,True,True
codecontests_cpp_527,clean_schema_mismatch,1,L21H12,1.0358910891089108,True,True
codecontests_cpp_527,clean_schema_mismatch,2,MLP27,1.1860303217821782,True,True
codecontests_cpp_527,clean_no_protocol,1,L21H12,1.8712871287128714,False,False
codecontests_cpp_527,clean_no_protocol,2,MLP27,3.1782178217821784,True,True
codecontests_java_527,clean_no_schema,1,L21H12,0.44296875,False,False
codecontests_java_527,clean_no_schema,2,MLP27,0.543359375,False,False
codecontests_java_527,clean_schema_mismatch,1,L21H12,0.45078125,False,False
codecontests_java_527,clean_schema_mismatch,2,MLP27,0.55966796875,True,True
codecontests_java_527,clean_no_protocol,1,L21H12,0.625,False,False
codecontests_java_527,clean_no_protocol,2,MLP27,1.01796875,False,False
codecontests_cpp_528,clean_no_schema,1,L21H12,0.536849710982659,False,False
codecontests_cpp_528,clean_no_schema,2,MLP27,0.6430635838150289,True,True
codecontests_cpp_528,clean_schema_mismatch,1,L21H12,0.7572254335260116,False,False
codecontests_cpp_528,clean_schema_mismatch,2,MLP27,0.9564667630057804,True,True
codecontests_cpp_528,clean_no_protocol,1,L21H12,0.8959537572254336,False,False
codecontests_cpp_528,clean_no_protocol,2,MLP27,1.8786127167630058,False,False
codecontests_java_528,clean_no_schema,1,L21H12,0.4431128640776699,True,True
codecontests_java_528,clean_no_schema,2,MLP27,0.44803360133495146,True,True
codecontests_java_528,clean_schema_mismatch,1,L21H12,0.6365291262135923,False,False
codecontests_java_528,clean_schema_mismatch,2,MLP27,0.7115158525485437,True,True
codecontests_java_528,clean_no_protocol,1,L21H12,0.6966019417475728,False,False
codecontests_java_528,clean_no_protocol,2,MLP27,0.9686362257281553,True,True
codecontests_cpp_529,clean_no_schema,1,L21H12,0.3224852071005917,False,True
codecontests_cpp_529,clean_no_schema,2,MLP27,0.3981139053254438,True,True
codecontests_cpp_529,clean_schema_mismatch,1,L21H12,0.7559171597633136,False,False
codecontests_cpp_529,clean_schema_mismatch,2,MLP27,0.9628328402366864,True,True
codecontests_cpp_529,clean_no_protocol,1,L21H12,1.5917159763313609,False,False
codecontests_cpp_529,clean_no_protocol,2,MLP27,2.5991124260355027,False,True
codecontests_java_529,clean_no_schema,1,L21H12,0.15871212121212122,False,True
codecontests_java_529,clean_no_schema,2,MLP27,0.1796401515151515,True,True
codecontests_java_529,clean_schema_mismatch,1,L21H12,0.38636363636363635,False,False
codecontests_java_529,clean_schema_mismatch,2,MLP27,0.5490530303030303,True,True
codecontests_java_529,clean_no_protocol,1,L21H12,0.6303030303030303,False,False
codecontests_java_529,clean_no_protocol,2,MLP27,1.106060606060606,False,False
codecontests_java_530,clean_no_schema,1,L21H12,0.20673680904522612,True,True
codecontests_java_530,clean_no_schema,2,MLP27,0.21600188442211055,True,True
codecontests_java_530,clean_schema_mismatch,1,L21H12,0.10032584798994974,True,True
codecontests_java_530,clean_schema_mismatch,2,MLP27,0.10171462782663317,True,True
codecontests_java_530,clean_no_protocol,1,L21H12,3.3115577889447234,False,True
codecontests_java_530,clean_no_protocol,2,MLP27,3.8529365577889445,True,True
codecontests_cpp_531,clean_no_schema,1,L21H12,0.12285539215686274,True,True
codecontests_cpp_531,clean_no_schema,2,MLP27,0.1400122549019608,True,True
codecontests_cpp_531,clean_schema_mismatch,1,L21H12,0.59375,True,True
codecontests_cpp_531,clean_schema_mismatch,2,MLP27,0.6692708333333334,True,True
codecontests_cpp_531,clean_no_protocol,1,L21H12,0.7450980392156863,False,False
codecontests_cpp_531,clean_no_protocol,2,MLP27,1.4926470588235294,False,False
codecontests_java_531,clean_no_schema,1,L21H12,0.3059210526315789,False,True
codecontests_java_531,clean_no_schema,2,MLP27,0.35267857142857145,True,True
codecontests_java_531,clean_schema_mismatch,1,L21H12,0.7518796992481203,False,False
codecontests_java_531,clean_schema_mismatch,2,MLP27,0.8658364661654135,True,True
codecontests_java_531,clean_no_protocol,1,L21H12,0.9285714285714286,False,False
codecontests_java_531,clean_no_protocol,2,MLP27,1.5418233082706767,True,True
codecontests_java_532,clean_no_schema,1,L21H12,0.603219696969697,True,True
codecontests_java_532,clean_no_schema,2,MLP27,0.6502130681818182,True,True
codecontests_java_532,clean_schema_mismatch,1,L21H12,1.6491477272727273,True,True
codecontests_java_532,clean_schema_mismatch,2,MLP27,1.7389174952651516,True,True
codecontests_java_532,clean_no_protocol,1,L21H12,3.106060606060606,False,False
codecontests_java_532,clean_no_protocol,2,MLP27,4.380681818181818,True,True
codecontests_java_533,clean_no_schema,1,L21H12,0.17475558659217877,True,True
codecontests_java_533,clean_no_schema,2,MLP27,0.2029504189944134,True,True
codecontests_java_533,clean_schema_mismatch,1,L21H12,0.10745460893854748,True,True
codecontests_java_533,clean_schema_mismatch,2,MLP27,0.10959322625698324,True,True
codecontests_java_533,clean_no_protocol,1,L21H12,2.0614525139664805,False,False
codecontests_java_533,clean_no_protocol,2,MLP27,2.4553072625698324,True,True
codecontests_cpp_534,clean_no_schema,1,L21H12,1.0555555555555556,False,False
codecontests_cpp_534,clean_no_schema,2,MLP27,1.3782679738562091,False,True
codecontests_cpp_534,clean_schema_mismatch,1,L21H12,2.823529411764706,False,False
codecontests_cpp_534,clean_schema_mismatch,2,MLP27,3.566993464052288,False,False
codecontests_cpp_534,clean_no_protocol,1,L21H12,2.418300653594771,False,False
codecontests_cpp_534,clean_no_protocol,2,MLP27,4.251633986928105,False,False
codecontests_java_534,clean_no_schema,1,L21H12,0.9815891472868217,True,True
codecontests_java_534,clean_no_schema,2,MLP27,1.026889534883721,True,True
codecontests_java_534,clean_schema_mismatch,1,L21H12,0.630390019379845,True,True
codecontests_java_534,clean_schema_mismatch,2,MLP27,0.6390541727228682,True,True
codecontests_java_534,clean_no_protocol,1,L21H12,0.7737403100775194,True,True
codecontests_java_534,clean_no_protocol,2,MLP27,0.8472474563953488,True,True
codecontests_cpp_535,clean_no_schema,1,L21H12,0.7083333333333334,False,False
codecontests_cpp_535,clean_no_schema,2,MLP27,0.9627976190476191,True,True
codecontests_cpp_535,clean_schema_mismatch,1,L21H12,1.2787698412698412,False,False
codecontests_cpp_535,clean_schema_mismatch,2,MLP27,1.4640376984126984,True,True
codecontests_cpp_535,clean_no_protocol,1,L21H12,2.1904761904761907,False,False
codecontests_cpp_535,clean_no_protocol,2,MLP27,3.507936507936508,False,False
codecontests_java_535,clean_no_schema,1,L21H12,0.6416015625,True,True
codecontests_java_535,clean_no_schema,2,MLP27,0.6735026041666666,True,True
codecontests_java_535,clean_schema_mismatch,1,L21H12,0.1962890625,True,True
codecontests_java_535,clean_schema_mismatch,2,MLP27,0.2001495361328125,True,True
codecontests_java_535,clean_no_protocol,1,L21H12,0.841796875,False,False
codecontests_java_535,clean_no_protocol,2,MLP27,0.957275390625,True,True
codecontests_cpp_536,clean_no_schema,1,L21H12,0.6896135265700483,True,True
codecontests_cpp_536,clean_no_schema,2,MLP27,0.8073671497584541,True,True
codecontests_cpp_536,clean_schema_mismatch,1,L21H12,2.0845410628019323,False,False
codecontests_cpp_536,clean_schema_mismatch,2,MLP27,2.355374396135266,True,True
codecontests_cpp_536,clean_no_protocol,1,L21H12,2.9855072463768115,False,False
codecontests_cpp_536,clean_no_protocol,2,MLP27,4.579710144927536,False,False
codecontests_java_536,clean_no_schema,1,L21H12,0.5064453125,True,True
codecontests_java_536,clean_no_schema,2,MLP27,0.544384765625,True,True
codecontests_java_536,clean_schema_mismatch,1,L21H12,0.05057373046875,True,True
codecontests_java_536,clean_schema_mismatch,2,MLP27,0.052899169921875,True,True
codecontests_java_536,clean_no_protocol,1,L21H12,0.8921875,False,False
codecontests_java_536,clean_no_protocol,2,MLP27,1.1736328125,True,True
codecontests_cpp_538,clean_no_schema,1,L21H12,1.2487179487179487,True,False
codecontests_cpp_538,clean_no_schema,2,MLP27,1.4134615384615385,True,True
codecontests_cpp_538,clean_schema_mismatch,1,L21H12,0.7,True,True
codecontests_cpp_538,clean_schema_mismatch,2,MLP27,0.8268429487179487,True,True
codecontests_cpp_538,clean_no_protocol,1,L21H12,2.051282051282051,False,False
codecontests_cpp_538,clean_no_protocol,2,MLP27,2.7283653846153846,True,True
codecontests_java_538,clean_no_schema,1,L21H12,0.8172169811320755,False,False
codecontests_java_538,clean_no_schema,2,MLP27,1.018573113207547,True,True
codecontests_java_538,clean_schema_mismatch,1,L21H12,0.35893278301886794,True,True
codecontests_java_538,clean_schema_mismatch,2,MLP27,0.3861291273584906,True,True
codecontests_java_538,clean_no_protocol,1,L21H12,1.971698113207547,False,False
codecontests_java_538,clean_no_protocol,2,MLP27,2.3851709905660377,True,True
codecontests_cpp_540,clean_no_schema,1,L21H12,0.9901185770750988,False,False
codecontests_cpp_540,clean_no_schema,2,MLP27,1.2213438735177866,False,False
codecontests_cpp_540,clean_schema_mismatch,1,L21H12,1.4426877470355732,False,False
codecontests_cpp_540,clean_schema_mismatch,2,MLP27,2.0770750988142295,False,False
codecontests_cpp_540,clean_no_protocol,1,L21H12,2.102766798418972,False,False
codecontests_cpp_540,clean_no_protocol,2,MLP27,3.774703557312253,False,False
codecontests_java_540,clean_no_schema,1,L21H12,0.42867647058823527,False,False
codecontests_java_540,clean_no_schema,2,MLP27,0.5424632352941177,True,True
codecontests_java_540,clean_schema_mismatch,1,L21H12,0.353125,True,True
codecontests_java_540,clean_schema_mismatch,2,MLP27,0.3814797794117647,True,True
codecontests_java_540,clean_no_protocol,1,L21H12,0.8264705882352941,False,False
codecontests_java_540,clean_no_protocol,2,MLP27,1.31875,True,True
codecontests_cpp_541,clean_no_schema,1,L21H12,1.6794871794871795,False,False
codecontests_cpp_541,clean_no_schema,2,MLP27,1.9487179487179487,False,True
codecontests_cpp_541,clean_schema_mismatch,1,L21H12,1.3525641025641026,False,False
codecontests_cpp_541,clean_schema_mismatch,2,MLP27,1.6017628205128205,True,True
codecontests_cpp_541,clean_no_protocol,1,L21H12,3.128205128205128,False,False
codecontests_cpp_541,clean_no_protocol,2,MLP27,4.798076923076923,False,False
codecontests_java_541,clean_no_schema,1,L21H12,0.90625,False,False
codecontests_java_541,clean_no_schema,2,MLP27,1.0552734375,True,True
codecontests_java_541,clean_schema_mismatch,1,L21H12,0.74296875,True,True
codecontests_java_541,clean_schema_mismatch,2,MLP27,0.77744140625,True,True
codecontests_java_541,clean_no_protocol,1,L21H12,2.3625,False,False
codecontests_java_541,clean_no_protocol,2,MLP27,3.7484375,False,False
codecontests_cpp_542,clean_no_schema,1,L21H12,0.9287564766839378,True,True
codecontests_cpp_542,clean_no_schema,2,MLP27,0.9545012953367875,True,True
codecontests_cpp_542,clean_schema_mismatch,1,L21H12,2.930051813471503,True,True
codecontests_cpp_542,clean_schema_mismatch,2,MLP27,3.114637305699482,True,True
codecontests_cpp_542,clean_no_protocol,1,L21H12,3.709844559585492,False,False
codecontests_cpp_542,clean_no_protocol,2,MLP27,4.961139896373057,True,True
codecontests_java_542,clean_no_schema,1,L21H12,0.6087622549019608,True,True
codecontests_java_542,clean_no_schema,2,MLP27,0.6173406862745098,True,True
codecontests_java_542,clean_schema_mismatch,1,L21H12,1.219515931372549,True,True
codecontests_java_542,clean_schema_mismatch,2,MLP27,1.2532169117647058,True,True
codecontests_java_542,clean_no_protocol,1,L21H12,2.2892156862745097,False,False
codecontests_java_542,clean_no_protocol,2,MLP27,2.800857843137255,True,True
codecontests_cpp_544,clean_no_schema,1,L21H12,0.21621919014084506,True,True
codecontests_cpp_544,clean_no_schema,2,MLP27,0.224884463028169,True,True
codecontests_cpp_544,clean_schema_mismatch,1,L21H12,1.2786091549295775,True,True
codecontests_cpp_544,clean_schema_mismatch,2,MLP27,1.3062279929577465,True,True
codecontests_cpp_544,clean_no_protocol,1,L21H12,2.6971830985915495,False,False
codecontests_cpp_544,clean_no_protocol,2,MLP27,3.260343309859155,True,True
codecontests_java_544,clean_no_schema,1,L21H12,0.8581871345029239,False,False
codecontests_java_544,clean_no_schema,2,MLP27,0.9754203216374269,True,True
codecontests_java_544,clean_schema_mismatch,1,L21H12,1.128654970760234,False,False
codecontests_java_544,clean_schema_mismatch,2,MLP27,1.2124908625730995,True,True
codecontests_java_544,clean_no_protocol,1,L21H12,0.97953216374269,False,False
codecontests_java_544,clean_no_protocol,2,MLP27,1.236796418128655,True,True
codecontests_java_545,clean_no_schema,1,L21H12,0.9028925619834711,False,False
codecontests_java_545,clean_no_schema,2,MLP27,1.0816115702479339,True,True
codecontests_java_545,clean_schema_mismatch,1,L21H12,0.5286673553719008,True,True
codecontests_java_545,clean_schema_mismatch,2,MLP27,0.5707644628099173,True,True
codecontests_java_545,clean_no_protocol,1,L21H12,1.334710743801653,False,False
codecontests_java_545,clean_no_protocol,2,MLP27,2.065340909090909,True,True
codecontests_cpp_546,clean_no_schema,1,L21H12,0.6093085106382978,True,True
codecontests_cpp_546,clean_no_schema,2,MLP27,0.6599734042553191,True,True
codecontests_cpp_546,clean_schema_mismatch,1,L21H12,1.0295212765957447,True,True
codecontests_cpp_546,clean_schema_mismatch,2,MLP27,1.070877659574468,True,True
codecontests_cpp_546,clean_no_protocol,1,L21H12,1.7319148936170212,False,False
codecontests_cpp_546,clean_no_protocol,2,MLP27,2.4223404255319148,False,True
codecontests_java_546,clean_no_schema,1,L21H12,0.2601686507936508,True,True
codecontests_java_546,clean_no_schema,2,MLP27,0.27436755952380953,True,True
codecontests_java_546,clean_schema_mismatch,1,L21H12,0.05255869708994709,True,True
codecontests_java_546,clean_schema_mismatch,2,MLP27,0.05379619295634921,True,True
codecontests_java_546,clean_no_protocol,1,L21H12,0.8902116402116402,False,False
codecontests_java_546,clean_no_protocol,2,MLP27,1.1205357142857142,True,True
codecontests_java_547,clean_no_schema,1,L21H12,0.9597457627118644,True,True
codecontests_java_547,clean_no_schema,2,MLP27,1.0112552966101696,True,True
codecontests_java_547,clean_schema_mismatch,1,L21H12,1.7478813559322033,True,True
codecontests_java_547,clean_schema_mismatch,2,MLP27,1.76416843220339,True,True
codecontests_java_547,clean_no_protocol,1,L21H12,3.1610169491525424,False,True
codecontests_java_547,clean_no_protocol,2,MLP27,3.9198887711864407,True,True
codecontests_cpp_548,clean_no_schema,1,L21H12,0.9186046511627907,False,False
codecontests_cpp_548,clean_no_schema,2,MLP27,1.061954941860465,True,True
codecontests_cpp_548,clean_schema_mismatch,1,L21H12,2.109011627906977,False,False
codecontests_cpp_548,clean_schema_mismatch,2,MLP27,2.4298691860465116,True,True
codecontests_cpp_548,clean_no_protocol,1,L21H12,2.296511627906977,False,False
codecontests_cpp_548,clean_no_protocol,2,MLP27,3.03125,True,True
codecontests_java_548,clean_no_schema,1,L21H12,0.959731543624161,True,True
codecontests_java_548,clean_no_schema,2,MLP27,1.0106963087248322,True,True
codecontests_java_548,clean_schema_mismatch,1,L21H12,0.044292680369127514,True,True
codecontests_java_548,clean_schema_mismatch,2,MLP27,0.04668329226090604,True,True
codecontests_java_548,clean_no_protocol,1,L21H12,3.1073825503355703,False,False
codecontests_java_548,clean_no_protocol,2,MLP27,3.6841442953020134,True,True
codecontests_java_549,clean_no_schema,1,L21H12,0.8035102739726028,True,True
codecontests_java_549,clean_no_schema,2,MLP27,0.8535423801369864,True,True
codecontests_java_549,clean_schema_mismatch,1,L21H12,1.011558219178082,True,True
codecontests_java_549,clean_schema_mismatch,2,MLP27,1.06126926369863,True,True
codecontests_java_549,clean_no_protocol,1,L21H12,2.5136986301369864,False,False
codecontests_java_549,clean_no_protocol,2,MLP27,3.473458904109589,True,True
codecontests_cpp_550,clean_no_schema,1,L21H12,0.12088323353293413,True,True
codecontests_cpp_550,clean_no_schema,2,MLP27,0.13318675149700598,True,True
codecontests_cpp_550,clean_schema_mismatch,1,L21H12,1.218562874251497,False,False
codecontests_cpp_550,clean_schema_mismatch,2,MLP27,1.401197604790419,True,True
codecontests_cpp_550,clean_no_protocol,1,L21H12,1.652694610778443,False,False
codecontests_cpp_550,clean_no_protocol,2,MLP27,2.4375,True,True
codecontests_java_550,clean_no_schema,1,L21H12,0.6957142857142857,False,False
codecontests_java_550,clean_no_schema,2,MLP27,0.8342857142857143,False,False
codecontests_java_550,clean_schema_mismatch,1,L21H12,1.177142857142857,False,False
codecontests_java_550,clean_schema_mismatch,2,MLP27,1.4139285714285714,True,True
codecontests_java_550,clean_no_protocol,1,L21H12,1.1171428571428572,False,False
codecontests_java_550,clean_no_protocol,2,MLP27,1.6171428571428572,False,False
codecontests_java_551,clean_no_schema,1,L21H12,1.58710407239819,False,False
codecontests_java_551,clean_no_schema,2,MLP27,1.7505656108597285,True,True
codecontests_java_551,clean_schema_mismatch,1,L21H12,1.2635746606334841,True,True
codecontests_java_551,clean_schema_mismatch,2,MLP27,1.2999858597285068,True,True
codecontests_java_551,clean_no_protocol,1,L21H12,1.914027149321267,False,False
codecontests_java_551,clean_no_protocol,2,MLP27,2.533371040723982,False,True
codecontests_cpp_552,clean_no_schema,1,L21H12,0.45631720430107525,True,True
codecontests_cpp_552,clean_no_schema,2,MLP27,0.5235215053763441,True,True
codecontests_cpp_552,clean_schema_mismatch,1,L21H12,0.7244623655913979,False,False
codecontests_cpp_552,clean_schema_mismatch,2,MLP27,0.8439180107526881,True,True
codecontests_cpp_552,clean_no_protocol,1,L21H12,1.3709677419354838,False,False
codecontests_cpp_552,clean_no_protocol,2,MLP27,2.0510752688172045,False,False
codecontests_java_552,clean_no_schema,1,L21H12,0.7858072916666666,False,False
codecontests_java_552,clean_no_schema,2,MLP27,0.9208984375,True,True
codecontests_java_552,clean_schema_mismatch,1,L21H12,0.4560546875,True,True
codecontests_java_552,clean_schema_mismatch,2,MLP27,0.4727732340494792,True,True
codecontests_java_552,clean_no_protocol,1,L21H12,0.8997395833333334,False,False
codecontests_java_552,clean_no_protocol,2,MLP27,1.0716959635416667,True,True
codecontests_java_553,clean_no_schema,1,L21H12,1.3116883116883118,False,False
codecontests_java_553,clean_no_schema,2,MLP27,1.4967532467532467,False,False
codecontests_java_553,clean_schema_mismatch,1,L21H12,1.9123376623376624,False,False
codecontests_java_553,clean_schema_mismatch,2,MLP27,2.3887987012987013,False,True
codecontests_java_553,clean_no_protocol,1,L21H12,1.8246753246753247,False,False
codecontests_java_553,clean_no_protocol,2,MLP27,2.750811688311688,False,False
codecontests_cpp_554,clean_no_schema,1,L21H12,0.1783906882591093,True,True
codecontests_cpp_554,clean_no_schema,2,MLP27,0.18939777327935223,True,True
codecontests_cpp_554,clean_schema_mismatch,1,L21H12,1.459514170040486,False,False
codecontests_cpp_554,clean_schema_mismatch,2,MLP27,1.7831477732793521,True,True
codecontests_cpp_554,clean_no_protocol,1,L21H12,2.477732793522267,False,False
codecontests_cpp_554,clean_no_protocol,2,MLP27,3.88663967611336,False,False
codecontests_java_554,clean_no_schema,1,L21H12,0.7436079545454546,True,True
codecontests_java_554,clean_no_schema,2,MLP27,0.761236810064935,True,True
codecontests_java_554,clean_schema_mismatch,1,L21H12,1.0508319805194806,True,True
codecontests_java_554,clean_schema_mismatch,2,MLP27,1.063761921672078,True,True
codecontests_java_554,clean_no_protocol,1,L21H12,0.903814935064935,False,False
codecontests_java_554,clean_no_protocol,2,MLP27,1.0031960227272727,True,True
codecontests_java_555,clean_no_schema,1,L21H12,1.954,False,False
codecontests_java_555,clean_no_schema,2,MLP27,2.277,False,False
codecontests_java_555,clean_schema_mismatch,1,L21H12,2.762,False,False
codecontests_java_555,clean_schema_mismatch,2,MLP27,3.00225,True,True
codecontests_java_555,clean_no_protocol,1,L21H12,3.048,False,False
codecontests_java_555,clean_no_protocol,2,MLP27,4.738,True,True
codecontests_cpp_556,clean_no_schema,1,L21H12,0.2999031007751938,True,True
codecontests_cpp_556,clean_no_schema,2,MLP27,0.34181201550387597,True,True
codecontests_cpp_556,clean_schema_mismatch,1,L21H12,1.3953488372093024,False,False
codecontests_cpp_556,clean_schema_mismatch,2,MLP27,1.8517441860465116,True,True
codecontests_cpp_556,clean_no_protocol,1,L21H12,1.4883720930232558,False,False
codecontests_cpp_556,clean_no_protocol,2,MLP27,2.4224806201550386,True,True
codecontests_java_556,clean_no_schema,1,L21H12,0.543625,True,True
codecontests_java_556,clean_no_schema,2,MLP27,0.56425,True,True
codecontests_java_556,clean_schema_mismatch,1,L21H12,0.323125,True,True
codecontests_java_556,clean_schema_mismatch,2,MLP27,0.33146875,True,True
codecontests_java_556,clean_no_protocol,1,L21H12,1.146,False,True
codecontests_java_556,clean_no_protocol,2,MLP27,1.28321875,True,True
codecontests_cpp_557,clean_no_schema,1,L21H12,0.5094521604938271,True,True
codecontests_cpp_557,clean_no_schema,2,MLP27,0.5399305555555556,True,True
codecontests_cpp_557,clean_schema_mismatch,1,L21H12,2.074074074074074,True,True
codecontests_cpp_557,clean_schema_mismatch,2,MLP27,2.1314621913580245,True,True
codecontests_cpp_557,clean_no_protocol,1,L21H12,4.944444444444445,False,False
codecontests_cpp_557,clean_no_protocol,2,MLP27,6.22337962962963,True,True
codecontests_java_557,clean_no_schema,1,L21H12,0.5795454545454546,False,False
codecontests_java_557,clean_no_schema,2,MLP27,0.7914772727272728,False,True
codecontests_java_557,clean_schema_mismatch,1,L21H12,0.8113636363636364,False,False
codecontests_java_557,clean_schema_mismatch,2,MLP27,1.057244318181818,True,True
codecontests_java_557,clean_no_protocol,1,L21H12,1.0909090909090908,False,False
codecontests_java_557,clean_no_protocol,2,MLP27,2.0977272727272727,False,False
codecontests_cpp_558,clean_no_schema,1,L21H12,0.1635362694300518,True,True
codecontests_cpp_558,clean_no_schema,2,MLP27,0.18296632124352333,True,True
codecontests_cpp_558,clean_schema_mismatch,1,L21H12,0.8873056994818653,False,False
codecontests_cpp_558,clean_schema_mismatch,2,MLP27,1.190252590673575,True,True
codecontests_cpp_558,clean_no_protocol,1,L21H12,1.217616580310881,False,False
codecontests_cpp_558,clean_no_protocol,2,MLP27,1.83419689119171,True,True
codecontests_java_558,clean_no_schema,1,L21H12,0.8835227272727273,True,True
codecontests_java_558,clean_no_schema,2,MLP27,0.9266493055555556,True,True
codecontests_java_558,clean_schema_mismatch,1,L21H12,0.8415404040404041,True,True
codecontests_java_558,clean_schema_mismatch,2,MLP27,0.887399384469697,True,True
codecontests_java_558,clean_no_protocol,1,L21H12,0.6717171717171717,False,False
codecontests_java_558,clean_no_protocol,2,MLP27,0.7962140940656566,True,True
codecontests_java_559,clean_no_schema,1,L21H12,0.46577380952380953,False,True
codecontests_java_559,clean_no_schema,2,MLP27,0.5321800595238095,True,True
codecontests_java_559,clean_schema_mismatch,1,L21H12,0.19686259920634921,True,True
codecontests_java_559,clean_schema_mismatch,2,MLP27,0.21153816344246032,True,True
codecontests_java_559,clean_no_protocol,1,L21H12,1.2738095238095237,False,False
codecontests_java_559,clean_no_protocol,2,MLP27,1.9151785714285714,False,True
codecontests_cpp_560,clean_no_schema,1,L21H12,0.8557046979865772,False,False
codecontests_cpp_560,clean_no_schema,2,MLP27,1.1946308724832215,False,False
codecontests_cpp_560,clean_schema_mismatch,1,L21H12,1.6308724832214765,False,False
codecontests_cpp_560,clean_schema_mismatch,2,MLP27,2.2986577181208054,False,False
codecontests_cpp_560,clean_no_protocol,1,L21H12,1.651006711409396,False,False
codecontests_cpp_560,clean_no_protocol,2,MLP27,2.8053691275167787,False,False
codecontests_java_560,clean_no_schema,1,L21H12,0.9487179487179487,False,False
codecontests_java_560,clean_no_schema,2,MLP27,1.0678685897435898,True,True
codecontests_java_560,clean_schema_mismatch,1,L21H12,0.14342948717948717,True,True
codecontests_java_560,clean_schema_mismatch,2,MLP27,0.14662960737179487,True,True
codecontests_java_560,clean_no_protocol,1,L21H12,0.823076923076923,False,False
codecontests_java_560,clean_no_protocol,2,MLP27,1.0720753205128206,True,True
codecontests_java_561,clean_no_schema,1,L21H12,0.34968354430379744,True,True
codecontests_java_561,clean_no_schema,2,MLP27,0.3692477584388186,True,True
codecontests_java_561,clean_schema_mismatch,1,L21H12,0.4025744989451477,True,True
codecontests_java_561,clean_schema_mismatch,2,MLP27,0.40391778744725737,True,True
codecontests_java_561,clean_no_protocol,1,L21H12,2.49789029535865,False,True
codecontests_java_561,clean_no_protocol,2,MLP27,3.2977979957805905,True,True
codecontests_cpp_562,clean_no_schema,1,L21H12,0.6687956204379562,False,False
codecontests_cpp_562,clean_no_schema,2,MLP27,0.8200273722627737,True,True
codecontests_cpp_562,clean_schema_mismatch,1,L21H12,0.31808850364963503,True,True
codecontests_cpp_562,clean_schema_mismatch,2,MLP27,0.3430371806569343,True,True
codecontests_cpp_562,clean_no_protocol,1,L21H12,0.9708029197080292,False,False
codecontests_cpp_562,clean_no_protocol,2,MLP27,1.8079379562043796,True,True
codecontests_java_562,clean_no_schema,1,L21H12,1.3348540145985401,False,False
codecontests_java_562,clean_no_schema,2,MLP27,1.4356181569343065,True,True
codecontests_java_562,clean_schema_mismatch,1,L21H12,0.8895415145985401,True,True
codecontests_java_562,clean_schema_mismatch,2,MLP27,0.900682880930657,True,True
codecontests_java_562,clean_no_protocol,1,L21H12,0.9753649635036497,False,False
codecontests_java_562,clean_no_protocol,2,MLP27,1.134950958029197,True,True
codecontests_cpp_563,clean_no_schema,1,L21H12,0.48575129533678757,True,True
codecontests_cpp_563,clean_no_schema,2,MLP27,0.5387791450777202,True,True
codecontests_cpp_563,clean_schema_mismatch,1,L21H12,0.9494818652849741,True,True
codecontests_cpp_563,clean_schema_mismatch,2,MLP27,1.020077720207254,True,True
codecontests_cpp_563,clean_no_protocol,1,L21H12,1.6476683937823835,False,False
codecontests_cpp_563,clean_no_protocol,2,MLP27,2.386658031088083,True,True
codecontests_java_563,clean_no_schema,1,L21H12,0.8463541666666666,False,False
codecontests_java_563,clean_no_schema,2,MLP27,1.0270182291666667,True,True
codecontests_java_563,clean_schema_mismatch,1,L21H12,0.4127604166666667,True,True
codecontests_java_563,clean_schema_mismatch,2,MLP27,0.4381917317708333,True,True
codecontests_java_563,clean_no_protocol,1,L21H12,2.0,False,False
codecontests_java_563,clean_no_protocol,2,MLP27,2.8896484375,True,True
codecontests_cpp_564,clean_no_schema,1,L21H12,0.8852941176470588,True,True
codecontests_cpp_564,clean_no_schema,2,MLP27,0.9732536764705882,True,True
codecontests_cpp_564,clean_schema_mismatch,1,L21H12,0.19025735294117646,True,True
codecontests_cpp_564,clean_schema_mismatch,2,MLP27,0.21098345588235295,True,True
codecontests_cpp_564,clean_no_protocol,1,L21H12,2.3294117647058825,False,False
codecontests_cpp_564,clean_no_protocol,2,MLP27,3.2715073529411764,True,True
codecontests_java_564,clean_no_schema,1,L21H12,0.3803921568627451,False,False
codecontests_java_564,clean_no_schema,2,MLP27,0.45704656862745097,True,True
codecontests_java_564,clean_schema_mismatch,1,L21H12,0.06049325980392157,True,True
codecontests_java_564,clean_schema_mismatch,2,MLP27,0.06150428921568627,True,True
codecontests_java_564,clean_no_protocol,1,L21H12,1.5607843137254902,False,False
codecontests_java_564,clean_no_protocol,2,MLP27,1.986029411764706,True,True
codecontests_cpp_565,clean_no_schema,1,L21H12,0.6797445255474452,False,False
codecontests_cpp_565,clean_no_schema,2,MLP27,0.8302919708029197,True,True
codecontests_cpp_565,clean_schema_mismatch,1,L21H12,1.3074817518248176,False,False
codecontests_cpp_565,clean_schema_mismatch,2,MLP27,1.4632755474452555,True,True
codecontests_cpp_565,clean_no_protocol,1,L21H12,1.6131386861313868,False,False
codecontests_cpp_565,clean_no_protocol,2,MLP27,2.7536496350364965,False,False
codecontests_java_565,clean_no_schema,1,L21H12,1.2566079295154184,True,True
codecontests_java_565,clean_no_schema,2,MLP27,1.325853524229075,True,True
codecontests_java_565,clean_schema_mismatch,1,L21H12,1.1704295154185023,True,True
codecontests_java_565,clean_schema_mismatch,2,MLP27,1.1885841134361232,True,True
codecontests_java_565,clean_no_protocol,1,L21H12,1.4625550660792952,False,False
codecontests_java_565,clean_no_protocol,2,MLP27,1.7375757158590308,True,True
codecontests_cpp_566,clean_no_schema,1,L21H12,0.5714897260273972,True,True
codecontests_cpp_566,clean_no_schema,2,MLP27,0.5913955479452054,True,True
codecontests_cpp_566,clean_schema_mismatch,1,L21H12,1.4379280821917808,True,True
codecontests_cpp_566,clean_schema_mismatch,2,MLP27,1.49732448630137,True,True
codecontests_cpp_566,clean_no_protocol,1,L21H12,2.4075342465753424,False,False
codecontests_cpp_566,clean_no_protocol,2,MLP27,3.110017123287671,True,True
codecontests_java_566,clean_no_schema,1,L21H12,0.8498743718592965,False,False
codecontests_java_566,clean_no_schema,2,MLP27,0.9216394472361809,True,True
codecontests_java_566,clean_schema_mismatch,1,L21H12,0.8610238693467337,True,True
codecontests_java_566,clean_schema_mismatch,2,MLP27,0.888480488379397,True,True
codecontests_java_566,clean_no_protocol,1,L21H12,0.8417085427135679,False,False
codecontests_java_566,clean_no_protocol,2,MLP27,1.0354114321608041,True,True
codecontests_cpp_567,clean_no_schema,1,L21H12,0.27020958083832336,True,True
codecontests_cpp_567,clean_no_schema,2,MLP27,0.29575224550898205,True,True
codecontests_cpp_567,clean_schema_mismatch,1,L21H12,0.32915419161676646,True,True
codecontests_cpp_567,clean_schema_mismatch,2,MLP27,0.35810020583832336,True,True
codecontests_cpp_567,clean_no_protocol,1,L21H12,1.3592814371257484,False,False
codecontests_cpp_567,clean_no_protocol,2,MLP27,2.0164670658682633,True,True
codecontests_java_567,clean_no_schema,1,L21H12,0.9428418803418803,True,True
codecontests_java_567,clean_no_schema,2,MLP27,0.9942240918803419,True,True
codecontests_java_567,clean_schema_mismatch,1,L21H12,0.6861645299145299,True,True
codecontests_java_567,clean_schema_mismatch,2,MLP27,0.7001911391559829,True,True
codecontests_java_567,clean_no_protocol,1,L21H12,0.5021367521367521,True,True
codecontests_java_567,clean_no_protocol,2,MLP27,0.5496878338675214,True,True
codecontests_cpp_568,clean_no_schema,1,L21H12,0.8985849056603774,True,True
codecontests_cpp_568,clean_no_schema,2,MLP27,1.0002948113207548,True,True
codecontests_cpp_568,clean_schema_mismatch,1,L21H12,1.6981132075471699,False,False
codecontests_cpp_568,clean_schema_mismatch,2,MLP27,2.175117924528302,True,True
codecontests_cpp_568,clean_no_protocol,1,L21H12,2.7735849056603774,False,False
codecontests_cpp_568,clean_no_protocol,2,MLP27,4.64622641509434,False,False
codecontests_java_568,clean_no_schema,1,L21H12,0.85,False,False
codecontests_java_568,clean_no_schema,2,MLP27,1.133695652173913,True,True
codecontests_java_568,clean_schema_mismatch,1,L21H12,0.7445652173913043,False,False
codecontests_java_568,clean_schema_mismatch,2,MLP27,0.9008152173913043,True,True
codecontests_java_568,clean_no_protocol,1,L21H12,1.0347826086956522,False,False
codecontests_java_568,clean_no_protocol,2,MLP27,1.9728260869565217,False,False
codecontests_cpp_570,clean_no_schema,1,L21H12,0.8082010582010583,False,False
codecontests_cpp_570,clean_no_schema,2,MLP27,1.0677910052910053,True,True
codecontests_cpp_570,clean_schema_mismatch,1,L21H12,1.152116402116402,False,False
codecontests_cpp_570,clean_schema_mismatch,2,MLP27,1.4252645502645502,True,True
codecontests_cpp_570,clean_no_protocol,1,L21H12,1.6455026455026456,False,False
codecontests_cpp_570,clean_no_protocol,2,MLP27,2.675925925925926,False,False
codecontests_java_570,clean_no_schema,1,L21H12,0.980593607305936,False,False
codecontests_java_570,clean_no_schema,2,MLP27,1.0607876712328768,True,True
codecontests_java_570,clean_schema_mismatch,1,L21H12,0.8062214611872146,True,True
codecontests_java_570,clean_schema_mismatch,2,MLP27,0.843781214326484,True,True
codecontests_java_570,clean_no_protocol,1,L21H12,0.7009132420091324,False,False
codecontests_java_570,clean_no_protocol,2,MLP27,0.8544520547945206,True,True
codecontests_java_571,clean_no_schema,1,L21H12,0.44627192982456143,False,False
codecontests_java_571,clean_no_schema,2,MLP27,0.5339912280701754,True,True
codecontests_java_571,clean_schema_mismatch,1,L21H12,0.28125,True,True
codecontests_java_571,clean_schema_mismatch,2,MLP27,0.31154057017543857,True,True
codecontests_java_571,clean_no_protocol,1,L21H12,1.2543859649122806,False,False
codecontests_java_571,clean_no_protocol,2,MLP27,2.0093201754385963,True,False
codecontests_java_572,clean_no_schema,1,L21H12,0.5828373015873016,True,True
codecontests_java_572,clean_no_schema,2,MLP27,0.613219246031746,True,True
codecontests_java_572,clean_schema_mismatch,1,L21H12,0.8583829365079365,True,True
codecontests_java_572,clean_schema_mismatch,2,MLP27,0.8966703869047619,True,True
codecontests_java_572,clean_no_protocol,1,L21H12,1.6746031746031746,False,False
codecontests_java_572,clean_no_protocol,2,MLP27,2.1964285714285716,True,True
codecontests_cpp_573,clean_no_schema,1,L21H12,0.16724537037037038,False,True
codecontests_cpp_573,clean_no_schema,2,MLP27,0.16493055555555555,False,True
codecontests_cpp_573,clean_schema_mismatch,1,L21H12,0.6259259259259259,False,False
codecontests_cpp_573,clean_schema_mismatch,2,MLP27,0.8226851851851852,True,True
codecontests_cpp_573,clean_no_protocol,1,L21H12,1.0296296296296297,False,False
codecontests_cpp_573,clean_no_protocol,2,MLP27,1.7666666666666666,False,False
codecontests_java_573,clean_no_schema,1,L21H12,0.2920403587443946,False,False
codecontests_java_573,clean_no_schema,2,MLP27,0.37233744394618834,False,True
codecontests_java_573,clean_schema_mismatch,1,L21H12,0.35201793721973096,False,False
codecontests_java_573,clean_schema_mismatch,2,MLP27,0.4772982062780269,True,True
codecontests_java_573,clean_no_protocol,1,L21H12,0.5022421524663677,False,False
codecontests_java_573,clean_no_protocol,2,MLP27,0.8727578475336323,False,False
codecontests_cpp_574,clean_no_schema,1,L21H12,0.5459641255605381,True,True
codecontests_cpp_574,clean_no_schema,2,MLP27,0.6185538116591929,True,True
codecontests_cpp_574,clean_schema_mismatch,1,L21H12,0.8189461883408071,True,True
codecontests_cpp_574,clean_schema_mismatch,2,MLP27,0.9273752802690582,True,True
codecontests_cpp_574,clean_no_protocol,1,L21H12,2.591928251121076,False,False
codecontests_cpp_574,clean_no_protocol,2,MLP27,3.6154708520179373,False,False
codecontests_java_574,clean_no_schema,1,L21H12,0.7534509202453987,True,False
codecontests_java_574,clean_no_schema,2,MLP27,0.8064608895705522,True,True
codecontests_java_574,clean_schema_mismatch,1,L21H12,0.49578220858895705,True,True
codecontests_java_574,clean_schema_mismatch,2,MLP27,0.5220235812883436,True,True
codecontests_java_574,clean_no_protocol,1,L21H12,0.9125766871165644,False,False
codecontests_java_574,clean_no_protocol,2,MLP27,1.232170245398773,True,True
codecontests_cpp_575,clean_no_schema,1,L21H12,1.508849557522124,False,False
codecontests_cpp_575,clean_no_schema,2,MLP27,1.8904867256637168,False,False
codecontests_cpp_575,clean_schema_mismatch,1,L21H12,1.3119469026548674,False,False
codecontests_cpp_575,clean_schema_mismatch,2,MLP27,1.767146017699115,True,True
codecontests_cpp_575,clean_no_protocol,1,L21H12,2.6194690265486726,False,False
codecontests_cpp_575,clean_no_protocol,2,MLP27,4.396017699115045,False,False
codecontests_java_575,clean_no_schema,1,L21H12,0.8200934579439252,False,False
codecontests_java_575,clean_no_schema,2,MLP27,1.0043808411214954,True,True
codecontests_java_575,clean_schema_mismatch,1,L21H12,0.426839953271028,True,True
codecontests_java_575,clean_schema_mismatch,2,MLP27,0.4520480432242991,True,True
codecontests_java_575,clean_no_protocol,1,L21H12,1.6542056074766356,False,False
codecontests_java_575,clean_no_protocol,2,MLP27,2.6238317757009346,True,False
codecontests_cpp_576,clean_no_schema,1,L21H12,0.9313583815028902,True,True
codecontests_cpp_576,clean_no_schema,2,MLP27,1.0310693641618498,True,True
codecontests_cpp_576,clean_schema_mismatch,1,L21H12,1.1459537572254335,True,True
codecontests_cpp_576,clean_schema_mismatch,2,MLP27,1.1948947796242775,True,True
codecontests_cpp_576,clean_no_protocol,1,L21H12,4.473988439306359,False,False
codecontests_cpp_576,clean_no_protocol,2,MLP27,5.911849710982659,False,False
codecontests_java_576,clean_no_schema,1,L21H12,1.8556818181818182,False,False
codecontests_java_576,clean_no_schema,2,MLP27,2.0221590909090907,True,True
codecontests_java_576,clean_schema_mismatch,1,L21H12,0.03221324573863636,True,True
codecontests_java_576,clean_schema_mismatch,2,MLP27,0.032046786221590906,True,True
codecontests_java_576,clean_no_protocol,1,L21H12,2.209090909090909,False,False
codecontests_java_576,clean_no_protocol,2,MLP27,2.6326704545454547,True,True
codecontests_cpp_577,clean_no_schema,1,L21H12,0.09686783256880734,True,True
codecontests_cpp_577,clean_no_schema,2,MLP27,0.10371272935779817,True,True
codecontests_cpp_577,clean_schema_mismatch,1,L21H12,0.24197247706422018,True,True
codecontests_cpp_577,clean_schema_mismatch,2,MLP27,0.2537091456422018,True,True
codecontests_cpp_577,clean_no_protocol,1,L21H12,1.1376146788990826,False,False
codecontests_cpp_577,clean_no_protocol,2,MLP27,1.6105217889908257,True,True
codecontests_java_577,clean_no_schema,1,L21H12,0.5829145728643216,True,True
codecontests_java_577,clean_no_schema,2,MLP27,0.6245288944723618,True,True
codecontests_java_577,clean_schema_mismatch,1,L21H12,0.5402010050251256,True,True
codecontests_java_577,clean_schema_mismatch,2,MLP27,0.5936322236180904,True,True
codecontests_java_577,clean_no_protocol,1,L21H12,0.7261306532663316,False,False
codecontests_java_577,clean_no_protocol,2,MLP27,1.0427920854271358,True,True
codecontests_java_578,clean_no_schema,1,L21H12,0.2242085152838428,True,True
codecontests_java_578,clean_no_schema,2,MLP27,0.23870769650655022,True,True
codecontests_java_578,clean_schema_mismatch,1,L21H12,0.5923853711790393,True,True
codecontests_java_578,clean_schema_mismatch,2,MLP27,0.6134688864628821,True,True
codecontests_java_578,clean_no_protocol,1,L21H12,1.6986899563318778,False,False
codecontests_java_578,clean_no_protocol,2,MLP27,2.4230349344978164,True,True
codecontests_cpp_579,clean_no_schema,1,L21H12,0.07258562853107345,True,True
codecontests_cpp_579,clean_no_schema,2,MLP27,0.07549876412429378,True,True
codecontests_cpp_579,clean_schema_mismatch,1,L21H12,2.3954802259887007,False,False
codecontests_cpp_579,clean_schema_mismatch,2,MLP27,2.6375353107344632,True,True
codecontests_cpp_579,clean_no_protocol,1,L21H12,3.15819209039548,False,False
codecontests_cpp_579,clean_no_protocol,2,MLP27,4.132062146892656,True,True
codecontests_java_579,clean_no_schema,1,L21H12,1.3264331210191083,False,False
codecontests_java_579,clean_no_schema,2,MLP27,1.464968152866242,False,False
codecontests_java_579,clean_schema_mismatch,1,L21H12,1.789012738853503,False,False
codecontests_java_579,clean_schema_mismatch,2,MLP27,1.9339171974522293,True,True
codecontests_java_579,clean_no_protocol,1,L21H12,2.124203821656051,False,False
codecontests_java_579,clean_no_protocol,2,MLP27,2.781847133757962,True,True
codecontests_cpp_580,clean_no_schema,1,L21H12,1.22,False,False
codecontests_cpp_580,clean_no_schema,2,MLP27,1.5666666666666667,True,True
codecontests_cpp_580,clean_schema_mismatch,1,L21H12,0.4635416666666667,True,True
codecontests_cpp_580,clean_schema_mismatch,2,MLP27,0.4977083333333333,True,True
codecontests_cpp_580,clean_no_protocol,1,L21H12,1.5533333333333332,False,False
codecontests_cpp_580,clean_no_protocol,2,MLP27,2.6933333333333334,True,True
codecontests_java_580,clean_no_schema,1,L21H12,1.7372262773722629,False,False
codecontests_java_580,clean_no_schema,2,MLP27,2.0123175182481754,True,True
codecontests_java_580,clean_schema_mismatch,1,L21H12,1.250456204379562,True,True
codecontests_java_580,clean_schema_mismatch,2,MLP27,1.333941605839416,True,True
codecontests_java_580,clean_no_protocol,1,L21H12,2.4160583941605838,False,False
codecontests_java_580,clean_no_protocol,2,MLP27,3.5894160583941606,True,True
codecontests_cpp_581,clean_no_schema,1,L21H12,0.55625,True,True
codecontests_cpp_581,clean_no_schema,2,MLP27,0.6135416666666667,True,True
codecontests_cpp_581,clean_schema_mismatch,1,L21H12,1.4302083333333333,False,False
codecontests_cpp_581,clean_schema_mismatch,2,MLP27,1.5944010416666667,True,True
codecontests_cpp_581,clean_no_protocol,1,L21H12,2.591666666666667,False,False
codecontests_cpp_581,clean_no_protocol,2,MLP27,4.2,False,False
codecontests_java_581,clean_no_schema,1,L21H12,1.0448564593301435,False,False
codecontests_java_581,clean_no_schema,2,MLP27,1.1638755980861244,True,True
codecontests_java_581,clean_schema_mismatch,1,L21H12,1.1279904306220097,False,False
codecontests_java_581,clean_schema_mismatch,2,MLP27,1.2525418660287082,True,True
codecontests_java_581,clean_no_protocol,1,L21H12,1.6889952153110048,False,False
codecontests_java_581,clean_no_protocol,2,MLP27,2.5029904306220097,True,True
codecontests_cpp_582,clean_no_schema,1,L21H12,0.1935483870967742,True,True
codecontests_cpp_582,clean_no_schema,2,MLP27,0.2086693548387097,True,True
codecontests_cpp_582,clean_schema_mismatch,1,L21H12,1.445852534562212,True,True
codecontests_cpp_582,clean_schema_mismatch,2,MLP27,1.5933179723502304,True,True
codecontests_cpp_582,clean_no_protocol,1,L21H12,2.6820276497695854,False,False
codecontests_cpp_582,clean_no_protocol,2,MLP27,3.6232718894009217,True,False
codecontests_java_582,clean_no_schema,1,L21H12,0.6574635922330098,True,True
codecontests_java_582,clean_no_schema,2,MLP27,0.7108616504854369,True,True
codecontests_java_582,clean_schema_mismatch,1,L21H12,1.2324029126213591,False,False
codecontests_java_582,clean_schema_mismatch,2,MLP27,1.3411711165048543,True,True
codecontests_java_582,clean_no_protocol,1,L21H12,1.5364077669902914,False,False
codecontests_java_582,clean_no_protocol,2,MLP27,1.9026092233009708,True,True
codecontests_java_583,clean_no_schema,1,L21H12,1.408273381294964,False,False
codecontests_java_583,clean_no_schema,2,MLP27,1.47931654676259,True,True
codecontests_java_583,clean_schema_mismatch,1,L21H12,2.0170863309352516,False,False
codecontests_java_583,clean_schema_mismatch,2,MLP27,2.151528776978417,True,True
codecontests_java_583,clean_no_protocol,1,L21H12,3.0431654676258995,False,False
codecontests_java_583,clean_no_protocol,2,MLP27,4.246402877697841,True,True
codecontests_java_584,clean_no_schema,1,L21H12,1.2455621301775148,False,False
codecontests_java_584,clean_no_schema,2,MLP27,1.5355029585798816,False,False
codecontests_java_584,clean_schema_mismatch,1,L21H12,0.7666420118343196,True,True
codecontests_java_584,clean_schema_mismatch,2,MLP27,0.7860981416420119,True,True
codecontests_java_584,clean_no_protocol,1,L21H12,2.029585798816568,False,False
codecontests_java_584,clean_no_protocol,2,MLP27,2.897189349112426,True,True
codecontests_cpp_585,clean_no_schema,1,L21H12,1.4339622641509433,False,False
codecontests_cpp_585,clean_no_schema,2,MLP27,1.830188679245283,False,False
codecontests_cpp_585,clean_schema_mismatch,1,L21H12,1.9858490566037736,False,False
codecontests_cpp_585,clean_schema_mismatch,2,MLP27,2.582547169811321,False,False
codecontests_cpp_585,clean_no_protocol,1,L21H12,1.7735849056603774,False,False
codecontests_cpp_585,clean_no_protocol,2,MLP27,3.1226415094339623,False,False
codecontests_java_585,clean_no_schema,1,L21H12,1.0364583333333333,False,False
codecontests_java_585,clean_no_schema,2,MLP27,1.1172743055555556,True,True
codecontests_java_585,clean_schema_mismatch,1,L21H12,0.7960069444444444,True,True
codecontests_java_585,clean_schema_mismatch,2,MLP27,0.8106174045138889,True,True
codecontests_java_585,clean_no_protocol,1,L21H12,0.6697916666666667,True,True
codecontests_java_585,clean_no_protocol,2,MLP27,0.7375596788194444,True,True
codecontests_cpp_586,clean_no_schema,1,L21H12,0.8025210084033614,False,False
codecontests_cpp_586,clean_no_schema,2,MLP27,1.111344537815126,True,True
codecontests_cpp_586,clean_schema_mismatch,1,L21H12,1.01890756302521,True,True
codecontests_cpp_586,clean_schema_mismatch,2,MLP27,1.1571691176470589,True,True
codecontests_cpp_586,clean_no_protocol,1,L21H12,1.8235294117647058,False,False
codecontests_cpp_586,clean_no_protocol,2,MLP27,3.561974789915966,True,True
codecontests_java_586,clean_no_schema,1,L21H12,0.8179012345679012,False,False
codecontests_java_586,clean_no_schema,2,MLP27,0.9795524691358025,True,True
codecontests_java_586,clean_schema_mismatch,1,L21H12,0.1716820987654321,True,True
codecontests_java_586,clean_schema_mismatch,2,MLP27,0.1777464313271605,True,True
codecontests_java_586,clean_no_protocol,1,L21H12,2.0925925925925926,False,False
codecontests_java_586,clean_no_protocol,2,MLP27,3.3541666666666665,True,True
codecontests_java_587,clean_no_schema,1,L21H12,0.6261574074074074,True,True
codecontests_java_587,clean_no_schema,2,MLP27,0.6717303240740741,True,True
codecontests_java_587,clean_schema_mismatch,1,L21H12,0.040111400462962965,True,True
codecontests_java_587,clean_schema_mismatch,2,MLP27,0.04170886381172839,True,True
codecontests_java_587,clean_no_protocol,1,L21H12,2.567901234567901,False,False
codecontests_java_587,clean_no_protocol,2,MLP27,3.4070216049382718,True,True
codecontests_cpp_588,clean_no_schema,1,L21H12,0.16388574660633484,True,True
codecontests_cpp_588,clean_no_schema,2,MLP27,0.17442024886877827,True,True
codecontests_cpp_588,clean_schema_mismatch,1,L21H12,1.1052036199095023,False,False
codecontests_cpp_588,clean_schema_mismatch,2,MLP27,1.2416572398190044,True,True
codecontests_cpp_588,clean_no_protocol,1,L21H12,1.0701357466063348,False,False
codecontests_cpp_588,clean_no_protocol,2,MLP27,1.449943438914027,True,True
codecontests_java_588,clean_no_schema,1,L21H12,0.2254032258064516,False,False
codecontests_java_588,clean_no_schema,2,MLP27,0.2778225806451613,False,True
codecontests_java_588,clean_schema_mismatch,1,L21H12,0.6193548387096774,False,False
codecontests_java_588,clean_schema_mismatch,2,MLP27,0.8316532258064516,False,True
codecontests_java_588,clean_no_protocol,1,L21H12,0.603225806451613,False,False
codecontests_java_588,clean_no_protocol,2,MLP27,1.0116935483870968,False,False
codecontests_cpp_589,clean_no_schema,1,L21H12,1.3282828282828283,False,False
codecontests_cpp_589,clean_no_schema,2,MLP27,1.5176767676767677,True,False
codecontests_cpp_589,clean_schema_mismatch,1,L21H12,0.8535353535353535,False,True
codecontests_cpp_589,clean_schema_mismatch,2,MLP27,1.027304292929293,True,True
codecontests_cpp_589,clean_no_protocol,1,L21H12,3.0707070707070705,False,False
codecontests_cpp_589,clean_no_protocol,2,MLP27,5.133838383838384,False,False
codecontests_java_589,clean_no_schema,1,L21H12,1.7761627906976745,False,False
codecontests_java_589,clean_no_schema,2,MLP27,2.1002906976744184,False,False
codecontests_java_589,clean_schema_mismatch,1,L21H12,0.2467296511627907,True,True
codecontests_java_589,clean_schema_mismatch,2,MLP27,0.2488814952761628,True,True
codecontests_java_589,clean_no_protocol,1,L21H12,2.302325581395349,False,False
codecontests_java_589,clean_no_protocol,2,MLP27,3.5348837209302326,False,False
codecontests_cpp_590,clean_no_schema,1,L21H12,0.026069078947368422,True,True
codecontests_cpp_590,clean_no_schema,2,MLP27,0.03560855263157895,True,True
codecontests_cpp_590,clean_schema_mismatch,1,L21H12,1.5947368421052632,False,True
codecontests_cpp_590,clean_schema_mismatch,2,MLP27,1.7924342105263158,True,True
codecontests_cpp_590,clean_no_protocol,1,L21H12,2.0210526315789474,False,False
codecontests_cpp_590,clean_no_protocol,2,MLP27,3.2375,True,True
codecontests_java_590,clean_no_schema,1,L21H12,0.6242469879518072,True,True
codecontests_java_590,clean_no_schema,2,MLP27,0.7157379518072289,True,True
codecontests_java_590,clean_schema_mismatch,1,L21H12,0.829066265060241,True,True
codecontests_java_590,clean_schema_mismatch,2,MLP27,0.8940135542168675,True,True
codecontests_java_590,clean_no_protocol,1,L21H12,2.0783132530120483,False,False
codecontests_java_590,clean_no_protocol,2,MLP27,2.9329819277108435,True,True
codecontests_cpp_591,clean_no_schema,1,L21H12,0.1243844696969697,True,True
codecontests_cpp_591,clean_no_schema,2,MLP27,0.12819602272727273,True,True
codecontests_cpp_591,clean_schema_mismatch,1,L21H12,0.7106060606060606,True,True
codecontests_cpp_591,clean_schema_mismatch,2,MLP27,0.758392518939394,True,True
codecontests_cpp_591,clean_no_protocol,1,L21H12,1.8727272727272728,False,False
codecontests_cpp_591,clean_no_protocol,2,MLP27,2.5643939393939394,False,False
codecontests_java_591,clean_no_schema,1,L21H12,0.0683318661971831,True,True
codecontests_java_591,clean_no_schema,2,MLP27,0.0756950557511737,True,True
codecontests_java_591,clean_schema_mismatch,1,L21H12,0.35093896713615025,True,True
codecontests_java_591,clean_schema_mismatch,2,MLP27,0.358540566314554,True,True
codecontests_java_591,clean_no_protocol,1,L21H12,1.7253521126760563,False,False
codecontests_java_591,clean_no_protocol,2,MLP27,2.1170774647887325,True,True
codecontests_cpp_592,clean_no_schema,1,L21H12,0.5522875816993464,False,False
codecontests_cpp_592,clean_no_schema,2,MLP27,0.6429738562091504,False,True
codecontests_cpp_592,clean_schema_mismatch,1,L21H12,1.2156862745098038,False,False
codecontests_cpp_592,clean_schema_mismatch,2,MLP27,1.5669934640522876,False,True
codecontests_cpp_592,clean_no_protocol,1,L21H12,1.7908496732026145,False,False
codecontests_cpp_592,clean_no_protocol,2,MLP27,2.957516339869281,False,False
codecontests_java_592,clean_no_schema,1,L21H12,0.9439102564102564,False,False
codecontests_java_592,clean_no_schema,2,MLP27,1.0739182692307692,True,True
codecontests_java_592,clean_schema_mismatch,1,L21H12,1.3253205128205128,False,False
codecontests_java_592,clean_schema_mismatch,2,MLP27,1.6370192307692308,True,True
codecontests_java_592,clean_no_protocol,1,L21H12,2.1538461538461537,False,False
codecontests_java_592,clean_no_protocol,2,MLP27,3.6193910256410255,False,False
codecontests_cpp_593,clean_no_schema,1,L21H12,0.7060439560439561,False,True
codecontests_cpp_593,clean_no_schema,2,MLP27,0.7561813186813187,True,True
codecontests_cpp_593,clean_schema_mismatch,1,L21H12,1.710164835164835,False,False
codecontests_cpp_593,clean_schema_mismatch,2,MLP27,1.9989697802197801,True,True
codecontests_cpp_593,clean_no_protocol,1,L21H12,1.8681318681318682,False,False
codecontests_cpp_593,clean_no_protocol,2,MLP27,3.4766483516483517,False,True
codecontests_java_593,clean_no_schema,1,L21H12,0.4485759493670886,True,True
codecontests_java_593,clean_no_schema,2,MLP27,0.5059335443037974,True,True
codecontests_java_593,clean_schema_mismatch,1,L21H12,0.8122362869198312,True,True
codecontests_java_593,clean_schema_mismatch,2,MLP27,0.8515954641350211,True,True
codecontests_java_593,clean_no_protocol,1,L21H12,1.6708860759493671,False,False
codecontests_java_593,clean_no_protocol,2,MLP27,2.4005801687763713,True,True
codecontests_java_594,clean_no_schema,1,L21H12,0.4039115646258503,True,True
codecontests_java_594,clean_no_schema,2,MLP27,0.4696003401360544,True,True
codecontests_java_594,clean_schema_mismatch,1,L21H12,0.060782711522108845,True,True
codecontests_java_594,clean_schema_mismatch,2,MLP27,0.060669775722789115,True,True
codecontests_java_594,clean_no_protocol,1,L21H12,1.9591836734693877,False,False
codecontests_java_594,clean_no_protocol,2,MLP27,3.202593537414966,True,True
codecontests_cpp_595,clean_no_schema,1,L21H12,0.2872740963855422,True,True
codecontests_cpp_595,clean_no_schema,2,MLP27,0.3068524096385542,True,True
codecontests_cpp_595,clean_schema_mismatch,1,L21H12,0.07400696536144578,True,True
codecontests_cpp_595,clean_schema_mismatch,2,MLP27,0.07676604856927711,True,True
codecontests_cpp_595,clean_no_protocol,1,L21H12,1.536144578313253,False,False
codecontests_cpp_595,clean_no_protocol,2,MLP27,1.8987198795180722,True,True
codecontests_java_595,clean_no_schema,1,L21H12,0.8642418032786885,True,True
codecontests_java_595,clean_no_schema,2,MLP27,0.8822575136612022,True,True
codecontests_java_595,clean_schema_mismatch,1,L21H12,0.7386014344262295,True,True
codecontests_java_595,clean_schema_mismatch,2,MLP27,0.7429892951673497,True,True
codecontests_java_595,clean_no_protocol,1,L21H12,1.1202185792349726,False,False
codecontests_java_595,clean_no_protocol,2,MLP27,1.3182633196721312,True,True
codecontests_cpp_596,clean_no_schema,1,L21H12,0.9261904761904762,False,False
codecontests_cpp_596,clean_no_schema,2,MLP27,1.0651785714285715,True,True
codecontests_cpp_596,clean_schema_mismatch,1,L21H12,1.6333333333333333,False,False
codecontests_cpp_596,clean_schema_mismatch,2,MLP27,2.005059523809524,True,True
codecontests_cpp_596,clean_no_protocol,1,L21H12,2.7142857142857144,False,False
codecontests_cpp_596,clean_no_protocol,2,MLP27,4.169047619047619,True,True
codecontests_java_596,clean_no_schema,1,L21H12,1.4723895582329318,True,True
codecontests_java_596,clean_no_schema,2,MLP27,1.532191265060241,True,True
codecontests_java_596,clean_schema_mismatch,1,L21H12,0.9772841365461847,True,True
codecontests_java_596,clean_schema_mismatch,2,MLP27,0.987312531375502,True,True
codecontests_java_596,clean_no_protocol,1,L21H12,1.1832329317269077,False,True
codecontests_java_596,clean_no_protocol,2,MLP27,1.2984437751004017,True,True
codecontests_java_597,clean_no_schema,1,L21H12,0.5424452319587629,True,True
codecontests_java_597,clean_no_schema,2,MLP27,0.5527947809278351,True,True
codecontests_java_597,clean_schema_mismatch,1,L21H12,3.4097938144329896,True,True
codecontests_java_597,clean_schema_mismatch,2,MLP27,3.596568943298969,True,True
codecontests_java_597,clean_no_protocol,1,L21H12,4.260309278350515,True,True
codecontests_java_597,clean_no_protocol,2,MLP27,4.572124677835052,True,True
codecontests_cpp_598,clean_no_schema,1,L21H12,1.5629139072847682,False,False
codecontests_cpp_598,clean_no_schema,2,MLP27,2.130794701986755,False,False
codecontests_cpp_598,clean_schema_mismatch,1,L21H12,3.1390728476821192,False,False
codecontests_cpp_598,clean_schema_mismatch,2,MLP27,4.071192052980132,False,False
codecontests_cpp_598,clean_no_protocol,1,L21H12,3.814569536423841,False,False
codecontests_cpp_598,clean_no_protocol,2,MLP27,6.145695364238411,False,False
codecontests_java_598,clean_no_schema,1,L21H12,0.7275280898876404,False,False
codecontests_java_598,clean_no_schema,2,MLP27,0.9192415730337079,True,True
codecontests_java_598,clean_schema_mismatch,1,L21H12,0.012069873595505619,True,True
codecontests_java_598,clean_schema_mismatch,2,MLP27,0.013940704002808989,True,True
codecontests_java_598,clean_no_protocol,1,L21H12,1.9943820224719102,False,False
codecontests_java_598,clean_no_protocol,2,MLP27,2.9929775280898876,False,False
codecontests_cpp_599,clean_no_schema,1,L21H12,1.9215116279069768,False,False
codecontests_cpp_599,clean_no_schema,2,MLP27,2.196220930232558,True,True
codecontests_cpp_599,clean_schema_mismatch,1,L21H12,4.0523255813953485,False,False
codecontests_cpp_599,clean_schema_mismatch,2,MLP27,4.521802325581396,True,True
codecontests_cpp_599,clean_no_protocol,1,L21H12,3.9186046511627906,False,False
codecontests_cpp_599,clean_no_protocol,2,MLP27,5.609011627906977,False,False
codecontests_java_599,clean_no_schema,1,L21H12,0.3017578125,True,True
codecontests_java_599,clean_no_schema,2,MLP27,0.315185546875,True,True
codecontests_java_599,clean_schema_mismatch,1,L21H12,0.5654296875,True,True
codecontests_java_599,clean_schema_mismatch,2,MLP27,0.5887985229492188,True,True
codecontests_java_599,clean_no_protocol,1,L21H12,0.68359375,False,False
codecontests_java_599,clean_no_protocol,2,MLP27,1.1005859375,True,True
codecontests_java_600,clean_no_schema,1,L21H12,0.23173076923076924,True,True
codecontests_java_600,clean_no_schema,2,MLP27,0.2625,True,True
codecontests_java_600,clean_schema_mismatch,1,L21H12,0.6519230769230769,False,False
codecontests_java_600,clean_schema_mismatch,2,MLP27,0.8,True,True
codecontests_java_600,clean_no_protocol,1,L21H12,0.9730769230769231,False,False
codecontests_java_600,clean_no_protocol,2,MLP27,1.336298076923077,True,True
codecontests_cpp_601,clean_no_schema,1,L21H12,0.363556338028169,True,True
codecontests_cpp_601,clean_no_schema,2,MLP27,0.3961267605633803,True,True
codecontests_cpp_601,clean_schema_mismatch,1,L21H12,1.4025821596244132,False,False
codecontests_cpp_601,clean_schema_mismatch,2,MLP27,1.5528902582159625,True,True
codecontests_cpp_601,clean_no_protocol,1,L21H12,1.5422535211267605,False,False
codecontests_cpp_601,clean_no_protocol,2,MLP27,2.0833333333333335,True,True
codecontests_java_601,clean_no_schema,1,L21H12,0.5401234567901234,True,True
codecontests_java_601,clean_no_schema,2,MLP27,0.578928755144033,True,True
codecontests_java_601,clean_schema_mismatch,1,L21H12,0.07511895576131687,True,True
codecontests_java_601,clean_schema_mismatch,2,MLP27,0.07606763800475823,True,True
codecontests_java_601,clean_no_protocol,1,L21H12,0.6903292181069959,False,False
codecontests_java_601,clean_no_protocol,2,MLP27,0.8177404835390947,True,True
codecontests_java_602,clean_no_schema,1,L21H12,0.4174910071942446,True,True
codecontests_java_602,clean_no_schema,2,MLP27,0.4524505395683453,True,True
codecontests_java_602,clean_schema_mismatch,1,L21H12,0.12247077338129496,True,True
codecontests_java_602,clean_schema_mismatch,2,MLP27,0.1281580204586331,True,True
codecontests_java_602,clean_no_protocol,1,L21H12,2.406474820143885,False,False
codecontests_java_602,clean_no_protocol,2,MLP27,3.1744604316546763,True,True
codecontests_cpp_603,clean_no_schema,1,L21H12,1.3604651162790697,True,True
codecontests_cpp_603,clean_no_schema,2,MLP27,1.476889534883721,True,True
codecontests_cpp_603,clean_schema_mismatch,1,L21H12,0.38808139534883723,True,True
codecontests_cpp_603,clean_schema_mismatch,2,MLP27,0.42354651162790696,True,True
codecontests_cpp_603,clean_no_protocol,1,L21H12,2.269767441860465,False,False
codecontests_cpp_603,clean_no_protocol,2,MLP27,3.186482558139535,True,True
codecontests_java_603,clean_no_schema,1,L21H12,1.2969858156028369,True,True
codecontests_java_603,clean_no_schema,2,MLP27,1.358488475177305,True,True
codecontests_java_603,clean_schema_mismatch,1,L21H12,0.93572695035461,True,True
codecontests_java_603,clean_schema_mismatch,2,MLP27,0.9427083333333334,True,True
codecontests_java_603,clean_no_protocol,1,L21H12,1.172872340425532,False,False
codecontests_java_603,clean_no_protocol,2,MLP27,1.295877659574468,True,True
codecontests_cpp_604,clean_no_schema,1,L21H12,0.4427910052910053,True,True
codecontests_cpp_604,clean_no_schema,2,MLP27,0.45713458994708994,True,True
codecontests_cpp_604,clean_schema_mismatch,1,L21H12,0.6494708994708994,True,True
codecontests_cpp_604,clean_schema_mismatch,2,MLP27,0.6966765873015873,True,True
codecontests_cpp_604,clean_no_protocol,1,L21H12,3.6666666666666665,False,False
codecontests_cpp_604,clean_no_protocol,2,MLP27,4.471891534391534,True,True
codecontests_java_604,clean_no_schema,1,L21H12,0.362300796812749,True,True
codecontests_java_604,clean_no_schema,2,MLP27,0.3895356075697211,True,True
codecontests_java_604,clean_schema_mismatch,1,L21H12,1.2091633466135459,False,False
codecontests_java_604,clean_schema_mismatch,2,MLP27,1.2926108067729083,True,True
codecontests_java_604,clean_no_protocol,1,L21H12,1.250996015936255,False,False
codecontests_java_604,clean_no_protocol,2,MLP27,1.7231075697211156,False,True
codecontests_cpp_605,clean_no_schema,1,L21H12,0.6262315270935961,True,True
codecontests_cpp_605,clean_no_schema,2,MLP27,0.6962746305418719,True,True
codecontests_cpp_605,clean_schema_mismatch,1,L21H12,1.0104679802955665,True,True
codecontests_cpp_605,clean_schema_mismatch,2,MLP27,1.0832050492610839,True,True
codecontests_cpp_605,clean_no_protocol,1,L21H12,2.852216748768473,False,False
codecontests_cpp_605,clean_no_protocol,2,MLP27,3.8066502463054186,True,True
codecontests_java_605,clean_no_schema,1,L21H12,0.40980113636363635,True,True
codecontests_java_605,clean_no_schema,2,MLP27,0.4248046875,True,True
codecontests_java_605,clean_schema_mismatch,1,L21H12,0.08913907137784091,True,True
codecontests_java_605,clean_schema_mismatch,2,MLP27,0.08988813920454546,True,True
codecontests_java_605,clean_no_protocol,1,L21H12,0.9857954545454546,False,False
codecontests_java_605,clean_no_protocol,2,MLP27,1.2908380681818181,False,True
codecontests_cpp_606,clean_no_schema,1,L21H12,2.158590308370044,False,False
codecontests_cpp_606,clean_no_schema,2,MLP27,2.4030837004405288,False,False
codecontests_cpp_606,clean_schema_mismatch,1,L21H12,2.86784140969163,False,False
codecontests_cpp_606,clean_schema_mismatch,2,MLP27,3.5881057268722465,False,True
codecontests_cpp_606,clean_no_protocol,1,L21H12,4.158590308370044,False,False
codecontests_cpp_606,clean_no_protocol,2,MLP27,6.387665198237886,False,False
codecontests_java_606,clean_no_schema,1,L21H12,0.8872023809523809,True,True
codecontests_java_606,clean_no_schema,2,MLP27,0.9209449404761905,True,True
codecontests_java_606,clean_schema_mismatch,1,L21H12,0.8773809523809524,True,True
codecontests_java_606,clean_schema_mismatch,2,MLP27,0.908305431547619,True,True
codecontests_java_606,clean_no_protocol,1,L21H12,1.1476190476190475,False,False
codecontests_java_606,clean_no_protocol,2,MLP27,1.515029761904762,True,True
codecontests_java_607,clean_no_schema,1,L21H12,0.7398897058823529,False,False
codecontests_java_607,clean_no_schema,2,MLP27,0.8403033088235294,True,True
codecontests_java_607,clean_schema_mismatch,1,L21H12,0.8768382352941176,False,False
codecontests_java_607,clean_schema_mismatch,2,MLP27,1.0310202205882353,True,True
codecontests_java_607,clean_no_protocol,1,L21H12,0.8051470588235294,False,False
codecontests_java_607,clean_no_protocol,2,MLP27,1.1245404411764706,True,True
codecontests_cpp_608,clean_no_schema,1,L21H12,2.081730769230769,False,False
codecontests_cpp_608,clean_no_schema,2,MLP27,2.3353365384615383,False,True
codecontests_cpp_608,clean_schema_mismatch,1,L21H12,3.048076923076923,False,False
codecontests_cpp_608,clean_schema_mismatch,2,MLP27,3.5634014423076925,True,True
codecontests_cpp_608,clean_no_protocol,1,L21H12,3.7211538461538463,False,False
codecontests_cpp_608,clean_no_protocol,2,MLP27,5.634615384615385,False,True
codecontests_java_608,clean_no_schema,1,L21H12,0.2931985294117647,False,False
codecontests_java_608,clean_no_schema,2,MLP27,0.37614889705882354,False,True
codecontests_java_608,clean_schema_mismatch,1,L21H12,0.2475298713235294,True,True
codecontests_java_608,clean_schema_mismatch,2,MLP27,0.2545166015625,True,True
codecontests_java_608,clean_no_protocol,1,L21H12,0.5606617647058824,False,False
codecontests_java_608,clean_no_protocol,2,MLP27,0.9289981617647058,True,True
codecontests_java_609,clean_no_schema,1,L21H12,0.4149509803921569,True,True
codecontests_java_609,clean_no_schema,2,MLP27,0.43909313725490196,True,True
codecontests_java_609,clean_schema_mismatch,1,L21H12,1.603921568627451,False,False
codecontests_java_609,clean_schema_mismatch,2,MLP27,2.1416666666666666,True,True
codecontests_java_609,clean_no_protocol,1,L21H12,2.4941176470588236,False,False
codecontests_java_609,clean_no_protocol,2,MLP27,4.113725490196078,False,False
codecontests_cpp_610,clean_no_schema,1,L21H12,1.3248730964467006,False,False
codecontests_cpp_610,clean_no_schema,2,MLP27,1.5101522842639594,False,True
codecontests_cpp_610,clean_schema_mismatch,1,L21H12,1.9898477157360406,False,False
codecontests_cpp_610,clean_schema_mismatch,2,MLP27,2.4073604060913705,True,True
codecontests_cpp_610,clean_no_protocol,1,L21H12,3.16751269035533,False,False
codecontests_cpp_610,clean_no_protocol,2,MLP27,5.213197969543147,False,False
codecontests_java_610,clean_no_schema,1,L21H12,0.29747596153846156,True,True
codecontests_java_610,clean_no_schema,2,MLP27,0.32808743990384615,True,True
codecontests_java_610,clean_schema_mismatch,1,L21H12,0.19636418269230768,True,True
codecontests_java_610,clean_schema_mismatch,2,MLP27,0.2160362830528846,True,True
codecontests_java_610,clean_no_protocol,1,L21H12,1.75,False,False
codecontests_java_610,clean_no_protocol,2,MLP27,2.996394230769231,True,True
codecontests_cpp_611,clean_no_schema,1,L21H12,1.1289370078740157,False,True
codecontests_cpp_611,clean_no_schema,2,MLP27,1.1993110236220472,True,True
codecontests_cpp_611,clean_schema_mismatch,1,L21H12,1.860236220472441,False,False
codecontests_cpp_611,clean_schema_mismatch,2,MLP27,2.0999015748031495,True,True
codecontests_cpp_611,clean_no_protocol,1,L21H12,2.267716535433071,False,False
codecontests_cpp_611,clean_no_protocol,2,MLP27,2.9005905511811023,True,True
codecontests_java_611,clean_no_schema,1,L21H12,0.4389312977099237,True,True
codecontests_java_611,clean_no_schema,2,MLP27,0.4575381679389313,True,True
codecontests_java_611,clean_schema_mismatch,1,L21H12,0.3789360687022901,True,True
codecontests_java_611,clean_schema_mismatch,2,MLP27,0.39434488311068705,True,True
codecontests_java_611,clean_no_protocol,1,L21H12,1.534351145038168,False,False
codecontests_java_611,clean_no_protocol,2,MLP27,1.985209923664122,False,True
codecontests_cpp_612,clean_no_schema,1,L21H12,0.32219827586206895,True,True
codecontests_cpp_612,clean_no_schema,2,MLP27,0.3755387931034483,True,True
codecontests_cpp_612,clean_schema_mismatch,1,L21H12,0.6950431034482759,True,True
codecontests_cpp_612,clean_schema_mismatch,2,MLP27,0.769110317887931,True,True
codecontests_cpp_612,clean_no_protocol,1,L21H12,2.836206896551724,False,False
codecontests_cpp_612,clean_no_protocol,2,MLP27,4.637931034482759,False,False
codecontests_java_612,clean_no_schema,1,L21H12,0.3363486842105263,False,False
codecontests_java_612,clean_no_schema,2,MLP27,0.40203536184210525,True,True
codecontests_java_612,clean_schema_mismatch,1,L21H12,0.6578947368421053,False,False
codecontests_java_612,clean_schema_mismatch,2,MLP27,0.764879728618421,True,True
codecontests_java_612,clean_no_protocol,1,L21H12,1.0394736842105263,False,False
codecontests_java_612,clean_no_protocol,2,MLP27,1.71875,False,False
codecontests_cpp_613,clean_no_schema,1,L21H12,0.8275109170305677,False,True
codecontests_cpp_613,clean_no_schema,2,MLP27,0.9534661572052402,True,True
codecontests_cpp_613,clean_schema_mismatch,1,L21H12,0.5191048034934498,True,True
codecontests_cpp_613,clean_schema_mismatch,2,MLP27,0.6045646834061136,True,True
codecontests_cpp_613,clean_no_protocol,1,L21H12,2.2445414847161573,False,False
codecontests_cpp_613,clean_no_protocol,2,MLP27,3.5207423580786026,False,False
codecontests_java_613,clean_no_schema,1,L21H12,0.3697033898305085,True,True
codecontests_java_613,clean_no_schema,2,MLP27,0.4212129237288136,True,True
codecontests_java_613,clean_schema_mismatch,1,L21H12,0.8453389830508474,False,False
codecontests_java_613,clean_schema_mismatch,2,MLP27,1.1551906779661016,True,True
codecontests_java_613,clean_no_protocol,1,L21H12,0.8898305084745762,False,False
codecontests_java_613,clean_no_protocol,2,MLP27,1.6133474576271187,False,False
codecontests_cpp_614,clean_no_schema,1,L21H12,0.8164335664335665,False,False
codecontests_cpp_614,clean_no_schema,2,MLP27,0.9704982517482518,True,True
codecontests_cpp_614,clean_schema_mismatch,1,L21H12,1.6993006993006994,False,False
codecontests_cpp_614,clean_schema_mismatch,2,MLP27,1.8779501748251748,True,True
codecontests_cpp_614,clean_no_protocol,1,L21H12,1.2884615384615385,False,False
codecontests_cpp_614,clean_no_protocol,2,MLP27,1.6715472027972027,True,True
codecontests_java_614,clean_no_schema,1,L21H12,0.26313025210084034,False,False
codecontests_java_614,clean_no_schema,2,MLP27,0.34086134453781514,False,True
codecontests_java_614,clean_schema_mismatch,1,L21H12,0.5241596638655462,False,False
codecontests_java_614,clean_schema_mismatch,2,MLP27,0.5894170168067226,True,True
codecontests_java_614,clean_no_protocol,1,L21H12,0.5504201680672269,False,False
codecontests_java_614,clean_no_protocol,2,MLP27,0.8563550420168067,True,True
codecontests_cpp_615,clean_no_schema,1,L21H12,0.2667059748427673,True,True
codecontests_cpp_615,clean_no_schema,2,MLP27,0.2994300314465409,True,True
codecontests_cpp_615,clean_schema_mismatch,1,L21H12,0.2346698113207547,True,True
codecontests_cpp_615,clean_schema_mismatch,2,MLP27,0.277810534591195,True,True
codecontests_cpp_615,clean_no_protocol,1,L21H12,1.4025157232704402,False,False
codecontests_cpp_615,clean_no_protocol,2,MLP27,1.8236045597484276,True,True
codecontests_java_615,clean_no_schema,1,L21H12,0.18374463519313305,True,True
codecontests_java_615,clean_no_schema,2,MLP27,0.2394380364806867,True,True
codecontests_java_615,clean_schema_mismatch,1,L21H12,0.5343347639484979,True,False
codecontests_java_615,clean_schema_mismatch,2,MLP27,0.6387473175965666,True,True
codecontests_java_615,clean_no_protocol,1,L21H12,0.8626609442060086,False,False
codecontests_java_615,clean_no_protocol,2,MLP27,1.1549087982832618,True,True
codecontests_cpp_616,clean_no_schema,1,L21H12,1.0712025316455696,False,False
codecontests_cpp_616,clean_no_schema,2,MLP27,1.1447784810126582,False,False
codecontests_cpp_616,clean_schema_mismatch,1,L21H12,2.4367088607594938,False,False
codecontests_cpp_616,clean_schema_mismatch,2,MLP27,3.3069620253164556,False,False
codecontests_cpp_616,clean_no_protocol,1,L21H12,3.3797468354430378,False,False
codecontests_cpp_616,clean_no_protocol,2,MLP27,5.253164556962025,False,False
codecontests_java_616,clean_no_schema,1,L21H12,0.4009216589861751,True,True
codecontests_java_616,clean_no_schema,2,MLP27,0.41768973214285715,True,True
codecontests_java_616,clean_schema_mismatch,1,L21H12,0.2779017857142857,True,True
codecontests_java_616,clean_schema_mismatch,2,MLP27,0.28539251512096775,True,True
codecontests_java_616,clean_no_protocol,1,L21H12,0.6319124423963134,False,False
codecontests_java_616,clean_no_protocol,2,MLP27,0.7270260296658986,True,True
codecontests_cpp_617,clean_no_schema,1,L21H12,0.6043577981651376,True,True
codecontests_cpp_617,clean_no_schema,2,MLP27,0.6887184633027523,True,True
codecontests_cpp_617,clean_schema_mismatch,1,L21H12,0.1651376146788991,True,True
codecontests_cpp_617,clean_schema_mismatch,2,MLP27,0.19152720040137614,True,True
codecontests_cpp_617,clean_no_protocol,1,L21H12,2.2018348623853212,False,False
codecontests_cpp_617,clean_no_protocol,2,MLP27,2.8153669724770642,True,True
codecontests_java_617,clean_no_schema,1,L21H12,0.2625,True,True
codecontests_java_617,clean_no_schema,2,MLP27,0.29560185185185184,True,True
codecontests_java_617,clean_schema_mismatch,1,L21H12,0.07711226851851852,True,True
codecontests_java_617,clean_schema_mismatch,2,MLP27,0.0808376736111111,True,True
codecontests_java_617,clean_no_protocol,1,L21H12,1.325925925925926,False,False
codecontests_java_617,clean_no_protocol,2,MLP27,1.9335648148148148,True,True
codecontests_cpp_618,clean_no_schema,1,L21H12,0.4323453608247423,True,True
codecontests_cpp_618,clean_no_schema,2,MLP27,0.4893685567010309,True,True
codecontests_cpp_618,clean_schema_mismatch,1,L21H12,0.7635309278350515,False,False
codecontests_cpp_618,clean_schema_mismatch,2,MLP27,0.9155122422680413,True,True
codecontests_cpp_618,clean_no_protocol,1,L21H12,0.9690721649484536,False,False
codecontests_cpp_618,clean_no_protocol,2,MLP27,1.5663659793814433,True,True
codecontests_java_618,clean_no_schema,1,L21H12,0.7633248730964467,False,False
codecontests_java_618,clean_no_schema,2,MLP27,0.8419257614213198,True,True
codecontests_java_618,clean_schema_mismatch,1,L21H12,0.5574238578680203,True,True
codecontests_java_618,clean_schema_mismatch,2,MLP27,0.5800285532994924,True,True
codecontests_java_618,clean_no_protocol,1,L21H12,0.9276649746192893,False,False
codecontests_java_618,clean_no_protocol,2,MLP27,1.0757455583756346,True,True
codecontests_cpp_619,clean_no_schema,1,L21H12,0.40512820512820513,False,False
codecontests_cpp_619,clean_no_schema,2,MLP27,0.5657051282051282,True,True
codecontests_cpp_619,clean_schema_mismatch,1,L21H12,0.717948717948718,False,False
codecontests_cpp_619,clean_schema_mismatch,2,MLP27,1.0503205128205129,True,True
codecontests_cpp_619,clean_no_protocol,1,L21H12,1.3743589743589744,False,False
codecontests_cpp_619,clean_no_protocol,2,MLP27,2.712820512820513,False,False
codecontests_java_619,clean_no_schema,1,L21H12,0.6726851851851852,False,False
codecontests_java_619,clean_no_schema,2,MLP27,0.7623842592592592,True,True
codecontests_java_619,clean_schema_mismatch,1,L21H12,0.6333333333333333,False,False
codecontests_java_619,clean_schema_mismatch,2,MLP27,0.748292824074074,True,True
codecontests_java_619,clean_no_protocol,1,L21H12,0.7722222222222223,False,False
codecontests_java_619,clean_no_protocol,2,MLP27,1.1900462962962963,True,True
codecontests_java_620,clean_no_schema,1,L21H12,0.6173857868020305,False,False
codecontests_java_620,clean_no_schema,2,MLP27,0.7523794416243654,True,True
codecontests_java_620,clean_schema_mismatch,1,L21H12,0.5537753807106599,True,True
codecontests_java_620,clean_schema_mismatch,2,MLP27,0.590676554568528,True,True
codecontests_java_620,clean_no_protocol,1,L21H12,1.7055837563451777,False,False
codecontests_java_620,clean_no_protocol,2,MLP27,2.322969543147208,True,True
codecontests_cpp_621,clean_no_schema,1,L21H12,0.11092557251908397,True,True
codecontests_cpp_621,clean_no_schema,2,MLP27,0.1304270038167939,True,True
codecontests_cpp_621,clean_schema_mismatch,1,L21H12,0.8435114503816794,False,True
codecontests_cpp_621,clean_schema_mismatch,2,MLP27,1.0818225190839694,True,True
codecontests_cpp_621,clean_no_protocol,1,L21H12,1.0381679389312977,False,False
codecontests_cpp_621,clean_no_protocol,2,MLP27,1.5572519083969465,True,True
codecontests_java_621,clean_no_schema,1,L21H12,0.7408798283261803,False,False
codecontests_java_621,clean_no_schema,2,MLP27,0.8272532188841202,True,True
codecontests_java_621,clean_schema_mismatch,1,L21H12,0.34629828326180256,True,True
codecontests_java_621,clean_schema_mismatch,2,MLP27,0.35354077253218885,True,True
codecontests_java_621,clean_no_protocol,1,L21H12,0.7821888412017167,False,False
codecontests_java_621,clean_no_protocol,2,MLP27,0.9844085300429185,True,True
codecontests_java_622,clean_no_schema,1,L21H12,1.2705223880597014,True,True
codecontests_java_622,clean_no_schema,2,MLP27,1.3634561567164178,True,True
codecontests_java_622,clean_schema_mismatch,1,L21H12,0.8582089552238806,True,True
codecontests_java_622,clean_schema_mismatch,2,MLP27,0.8948227611940298,True,True
codecontests_java_622,clean_no_protocol,1,L21H12,5.529850746268656,False,False
codecontests_java_622,clean_no_protocol,2,MLP27,6.902285447761194,True,True
codecontests_java_623,clean_no_schema,1,L21H12,0.8561046511627907,True,True
codecontests_java_623,clean_no_schema,2,MLP27,0.8911700581395349,True,True
codecontests_java_623,clean_schema_mismatch,1,L21H12,0.16392623546511628,True,True
codecontests_java_623,clean_schema_mismatch,2,MLP27,0.16310864825581395,True,True
codecontests_java_623,clean_no_protocol,1,L21H12,1.4229651162790697,False,True
codecontests_java_623,clean_no_protocol,2,MLP27,1.6891351744186047,True,True
codecontests_cpp_624,clean_no_schema,1,L21H12,0.9149408284023669,True,True
codecontests_cpp_624,clean_no_schema,2,MLP27,1.0125739644970415,True,True
codecontests_cpp_624,clean_schema_mismatch,1,L21H12,4.017751479289941,False,False
codecontests_cpp_624,clean_schema_mismatch,2,MLP27,4.446745562130178,True,True
codecontests_cpp_624,clean_no_protocol,1,L21H12,3.1538461538461537,False,False
codecontests_cpp_624,clean_no_protocol,2,MLP27,4.220784023668639,True,True
codecontests_java_624,clean_no_schema,1,L21H12,0.3640625,True,True
codecontests_java_624,clean_no_schema,2,MLP27,0.41296875,True,True
codecontests_java_624,clean_schema_mismatch,1,L21H12,1.32,False,False
codecontests_java_624,clean_schema_mismatch,2,MLP27,1.63703125,True,True
codecontests_java_624,clean_no_protocol,1,L21H12,1.275,False,False
codecontests_java_624,clean_no_protocol,2,MLP27,1.945,False,True
codecontests_cpp_625,clean_no_schema,1,L21H12,0.4633810572687225,True,True
codecontests_cpp_625,clean_no_schema,2,MLP27,0.4923251651982379,True,True
codecontests_cpp_625,clean_schema_mismatch,1,L21H12,1.6607929515418502,False,False
codecontests_cpp_625,clean_schema_mismatch,2,MLP27,1.8985407488986785,True,True
codecontests_cpp_625,clean_no_protocol,1,L21H12,1.145374449339207,False,False
codecontests_cpp_625,clean_no_protocol,2,MLP27,1.4683370044052864,True,True
codecontests_java_625,clean_no_schema,1,L21H12,0.4599282296650718,False,False
codecontests_java_625,clean_no_schema,2,MLP27,0.5306892942583732,True,True
codecontests_java_625,clean_schema_mismatch,1,L21H12,0.5251196172248804,False,False
codecontests_java_625,clean_schema_mismatch,2,MLP27,0.5972637559808612,True,True
codecontests_java_625,clean_no_protocol,1,L21H12,0.6154306220095693,False,False
codecontests_java_625,clean_no_protocol,2,MLP27,0.713610197368421,True,True
codecontests_cpp_626,clean_no_schema,1,L21H12,0.5634615384615385,True,True
codecontests_cpp_626,clean_no_schema,2,MLP27,0.6290865384615385,True,True
codecontests_cpp_626,clean_schema_mismatch,1,L21H12,1.6634615384615385,True,True
codecontests_cpp_626,clean_schema_mismatch,2,MLP27,1.8659104567307692,True,True
codecontests_cpp_626,clean_no_protocol,1,L21H12,3.9461538461538463,False,False
codecontests_cpp_626,clean_no_protocol,2,MLP27,5.718269230769231,True,True
codecontests_java_626,clean_no_schema,1,L21H12,0.6991150442477876,False,False
codecontests_java_626,clean_no_schema,2,MLP27,0.900995575221239,False,True
codecontests_java_626,clean_schema_mismatch,1,L21H12,1.2876106194690264,False,False
codecontests_java_626,clean_schema_mismatch,2,MLP27,1.5533738938053097,True,True
codecontests_java_626,clean_no_protocol,1,L21H12,1.3584070796460177,False,False
codecontests_java_626,clean_no_protocol,2,MLP27,2.1415929203539825,True,False
codecontests_cpp_627,clean_no_schema,1,L21H12,0.2778179190751445,True,True
codecontests_cpp_627,clean_no_schema,2,MLP27,0.2918623554913295,True,True
codecontests_cpp_627,clean_schema_mismatch,1,L21H12,1.1484826589595376,True,True
codecontests_cpp_627,clean_schema_mismatch,2,MLP27,1.1925352239884393,True,True
codecontests_cpp_627,clean_no_protocol,1,L21H12,1.8757225433526012,False,False
codecontests_cpp_627,clean_no_protocol,2,MLP27,2.346278901734104,True,True
codecontests_java_627,clean_no_schema,1,L21H12,0.1729343220338983,True,True
codecontests_java_627,clean_no_schema,2,MLP27,0.2142478813559322,True,True
codecontests_java_627,clean_schema_mismatch,1,L21H12,0.725635593220339,False,False
codecontests_java_627,clean_schema_mismatch,2,MLP27,0.8208090572033898,True,True
codecontests_java_627,clean_no_protocol,1,L21H12,0.9067796610169492,False,False
codecontests_java_627,clean_no_protocol,2,MLP27,1.4310116525423728,True,True
codecontests_java_628,clean_no_schema,1,L21H12,0.9119822485207101,False,False
codecontests_java_628,clean_no_schema,2,MLP27,1.0051775147928994,True,True
codecontests_java_628,clean_schema_mismatch,1,L21H12,0.8317307692307693,True,True
codecontests_java_628,clean_schema_mismatch,2,MLP27,0.881564349112426,True,True
codecontests_java_628,clean_no_protocol,1,L21H12,2.094674556213018,False,False
codecontests_java_628,clean_no_protocol,2,MLP27,2.9763313609467454,True,True
codecontests_cpp_629,clean_no_schema,1,L21H12,1.3506224066390042,False,False
codecontests_cpp_629,clean_no_schema,2,MLP27,1.5850622406639003,False,False
codecontests_cpp_629,clean_schema_mismatch,1,L21H12,1.7468879668049793,False,False
codecontests_cpp_629,clean_schema_mismatch,2,MLP27,2.176348547717842,True,True
codecontests_cpp_629,clean_no_protocol,1,L21H12,1.879668049792531,False,False
codecontests_cpp_629,clean_no_protocol,2,MLP27,2.6893153526970957,False,True
codecontests_java_629,clean_no_schema,1,L21H12,0.51875,False,False
codecontests_java_629,clean_no_schema,2,MLP27,0.657421875,False,True
codecontests_java_629,clean_schema_mismatch,1,L21H12,0.430859375,False,False
codecontests_java_629,clean_schema_mismatch,2,MLP27,0.502392578125,True,True
codecontests_java_629,clean_no_protocol,1,L21H12,0.86875,False,False
codecontests_java_629,clean_no_protocol,2,MLP27,1.2599609375,True,True
codecontests_cpp_630,clean_no_schema,1,L21H12,2.215568862275449,False,False
codecontests_cpp_630,clean_no_schema,2,MLP27,2.815868263473054,False,False
codecontests_cpp_630,clean_schema_mismatch,1,L21H12,4.275449101796407,False,False
codecontests_cpp_630,clean_schema_mismatch,2,MLP27,5.6946107784431135,False,False
codecontests_cpp_630,clean_no_protocol,1,L21H12,4.047904191616767,False,False
codecontests_cpp_630,clean_no_protocol,2,MLP27,5.543413173652695,True,True
codecontests_cpp_631,clean_no_schema,1,L21H12,0.9123931623931624,False,False
codecontests_cpp_631,clean_no_schema,2,MLP27,1.1212606837606838,False,True
codecontests_cpp_631,clean_schema_mismatch,1,L21H12,1.2136752136752136,False,False
codecontests_cpp_631,clean_schema_mismatch,2,MLP27,1.8835470085470085,True,True
codecontests_cpp_631,clean_no_protocol,1,L21H12,2.1709401709401708,False,False
codecontests_cpp_631,clean_no_protocol,2,MLP27,3.393162393162393,False,False
codecontests_cpp_632,clean_no_schema,1,L21H12,0.393348623853211,False,False
codecontests_cpp_632,clean_no_schema,2,MLP27,0.47075688073394495,True,True
codecontests_cpp_632,clean_schema_mismatch,1,L21H12,0.7981651376146789,False,False
codecontests_cpp_632,clean_schema_mismatch,2,MLP27,0.9965596330275229,True,True
codecontests_cpp_632,clean_no_protocol,1,L21H12,1.3211009174311927,False,False
codecontests_cpp_632,clean_no_protocol,2,MLP27,1.7454128440366972,False,False
codecontests_cpp_633,clean_no_schema,1,L21H12,1.119496855345912,False,False
codecontests_cpp_633,clean_no_schema,2,MLP27,1.4709119496855345,True,True
codecontests_cpp_633,clean_schema_mismatch,1,L21H12,1.6776729559748427,False,False
codecontests_cpp_633,clean_schema_mismatch,2,MLP27,1.9943003144654088,True,True
codecontests_cpp_633,clean_no_protocol,1,L21H12,3.459119496855346,False,False
codecontests_cpp_633,clean_no_protocol,2,MLP27,6.044025157232705,False,False
codecontests_cpp_634,clean_no_schema,1,L21H12,0.12140287769784172,True,True
codecontests_cpp_634,clean_no_schema,2,MLP27,0.1267002023381295,True,True
codecontests_cpp_634,clean_schema_mismatch,1,L21H12,0.21830035971223022,True,True
codecontests_cpp_634,clean_schema_mismatch,2,MLP27,0.23077085206834533,True,True
codecontests_cpp_634,clean_no_protocol,1,L21H12,1.5935251798561152,False,False
codecontests_cpp_634,clean_no_protocol,2,MLP27,2.3444244604316546,True,True
codecontests_cpp_635,clean_no_schema,1,L21H12,1.1684027777777777,True,False
codecontests_cpp_635,clean_no_schema,2,MLP27,1.3967013888888888,True,True
codecontests_cpp_635,clean_schema_mismatch,1,L21H12,0.154296875,True,True
codecontests_cpp_635,clean_schema_mismatch,2,MLP27,0.167724609375,True,True
codecontests_cpp_635,clean_no_protocol,1,L21H12,4.388888888888889,False,False
codecontests_cpp_635,clean_no_protocol,2,MLP27,6.684027777777778,False,False
codecontests_cpp_636,clean_no_schema,1,L21H12,0.4125560538116592,True,True
codecontests_cpp_636,clean_no_schema,2,MLP27,0.47533632286995514,True,True
codecontests_cpp_636,clean_schema_mismatch,1,L21H12,0.5134529147982063,True,True
codecontests_cpp_636,clean_schema_mismatch,2,MLP27,0.5793161434977578,True,True
codecontests_cpp_636,clean_no_protocol,1,L21H12,1.6053811659192825,False,False
codecontests_cpp_636,clean_no_protocol,2,MLP27,2.3857903587443947,True,True
codecontests_cpp_637,clean_no_schema,1,L21H12,1.5635964912280702,False,False
codecontests_cpp_637,clean_no_schema,2,MLP27,1.638157894736842,True,True
codecontests_cpp_637,clean_schema_mismatch,1,L21H12,2.991228070175439,False,False
codecontests_cpp_637,clean_schema_mismatch,2,MLP27,3.6951754385964914,False,False
codecontests_cpp_637,clean_no_protocol,1,L21H12,4.043859649122807,False,False
codecontests_cpp_637,clean_no_protocol,2,MLP27,5.675438596491228,False,False
codecontests_cpp_638,clean_no_schema,1,L21H12,0.30632878151260506,True,True
codecontests_cpp_638,clean_no_schema,2,MLP27,0.3176207983193277,True,True
codecontests_cpp_638,clean_schema_mismatch,1,L21H12,0.5265231092436975,True,True
codecontests_cpp_638,clean_schema_mismatch,2,MLP27,0.5553111869747899,True,True
codecontests_cpp_638,clean_no_protocol,1,L21H12,0.9264705882352942,True,True
codecontests_cpp_638,clean_no_protocol,2,MLP27,1.0928308823529411,True,True
codecontests_cpp_639,clean_no_schema,1,L21H12,0.405765503875969,True,True
codecontests_cpp_639,clean_no_schema,2,MLP27,0.42311652131782945,True,True
codecontests_cpp_639,clean_schema_mismatch,1,L21H12,0.556140988372093,True,True
codecontests_cpp_639,clean_schema_mismatch,2,MLP27,0.5682155402131783,True,True
codecontests_cpp_639,clean_no_protocol,1,L21H12,0.9573643410852714,False,False
codecontests_cpp_639,clean_no_protocol,2,MLP27,1.4244186046511629,True,True
codecontests_cpp_640,clean_no_schema,1,L21H12,2.02212389380531,False,False
codecontests_cpp_640,clean_no_schema,2,MLP27,2.267699115044248,False,False
codecontests_cpp_640,clean_schema_mismatch,1,L21H12,2.9557522123893807,False,False
codecontests_cpp_640,clean_schema_mismatch,2,MLP27,3.5763274336283186,False,False
codecontests_cpp_640,clean_no_protocol,1,L21H12,2.5929203539823007,False,False
codecontests_cpp_640,clean_no_protocol,2,MLP27,4.320796460176991,False,False
codecontests_cpp_641,clean_no_schema,1,L21H12,2.0085470085470085,True,True
codecontests_cpp_641,clean_no_schema,2,MLP27,2.122863247863248,True,True
codecontests_cpp_641,clean_schema_mismatch,1,L21H12,1.155582264957265,True,True
codecontests_cpp_641,clean_schema_mismatch,2,MLP27,1.1778428819444444,True,True
codecontests_cpp_641,clean_no_protocol,1,L21H12,2.3376068376068377,False,False
codecontests_cpp_641,clean_no_protocol,2,MLP27,3.078525641025641,True,True
codecontests_cpp_642,clean_no_schema,1,L21H12,0.48984771573604063,False,False
codecontests_cpp_642,clean_no_schema,2,MLP27,0.6142131979695431,True,True
codecontests_cpp_642,clean_schema_mismatch,1,L21H12,1.383248730964467,False,False
codecontests_cpp_642,clean_schema_mismatch,2,MLP27,1.7549175126903553,True,True
codecontests_cpp_642,clean_no_protocol,1,L21H12,1.8375634517766497,False,False
codecontests_cpp_642,clean_no_protocol,2,MLP27,3.4225888324873095,False,False
codecontests_cpp_643,clean_no_schema,1,L21H12,0.17679794520547945,True,True
codecontests_cpp_643,clean_no_schema,2,MLP27,0.19622217465753425,True,True
codecontests_cpp_643,clean_schema_mismatch,1,L21H12,1.1832191780821917,True,True
codecontests_cpp_643,clean_schema_mismatch,2,MLP27,1.2236997003424657,True,True
codecontests_cpp_643,clean_no_protocol,1,L21H12,1.7191780821917808,False,False
codecontests_cpp_643,clean_no_protocol,2,MLP27,2.491224315068493,True,True
codecontests_cpp_644,clean_no_schema,1,L21H12,0.5210396039603961,True,True
codecontests_cpp_644,clean_no_schema,2,MLP27,0.551825495049505,True,True
codecontests_cpp_644,clean_schema_mismatch,1,L21H12,0.9353341584158416,True,True
codecontests_cpp_644,clean_schema_mismatch,2,MLP27,0.9851871905940595,True,True
codecontests_cpp_644,clean_no_protocol,1,L21H12,2.9306930693069306,False,False
codecontests_cpp_644,clean_no_protocol,2,MLP27,3.8768564356435644,True,True
codecontests_cpp_645,clean_no_schema,1,L21H12,0.31864082969432317,True,True
codecontests_cpp_645,clean_no_schema,2,MLP27,0.33140010917030566,True,True
codecontests_cpp_645,clean_schema_mismatch,1,L21H12,0.03586415120087336,True,True
codecontests_cpp_645,clean_schema_mismatch,2,MLP27,0.03773625136462882,True,True
codecontests_cpp_645,clean_no_protocol,1,L21H12,2.168122270742358,False,False
codecontests_cpp_645,clean_no_protocol,2,MLP27,2.5948417030567685,True,True
codecontests_cpp_646,clean_no_schema,1,L21H12,0.15174077181208054,True,True
codecontests_cpp_646,clean_no_schema,2,MLP27,0.16003827600671142,True,True
codecontests_cpp_646,clean_schema_mismatch,1,L21H12,0.04438443791946309,True,True
codecontests_cpp_646,clean_schema_mismatch,2,MLP27,0.049762085780201346,True,True
codecontests_cpp_646,clean_no_protocol,1,L21H12,1.7013422818791946,False,False
codecontests_cpp_646,clean_no_protocol,2,MLP27,2.1218015939597317,True,True
codecontests_cpp_647,clean_no_schema,1,L21H12,1.4885496183206106,False,False
codecontests_cpp_647,clean_no_schema,2,MLP27,1.702290076335878,False,False
codecontests_cpp_647,clean_schema_mismatch,1,L21H12,1.6259541984732824,False,False
codecontests_cpp_647,clean_schema_mismatch,2,MLP27,2.1932251908396947,False,True
codecontests_cpp_647,clean_no_protocol,1,L21H12,3.2213740458015265,False,False
codecontests_cpp_647,clean_no_protocol,2,MLP27,5.309160305343512,False,False
codecontests_cpp_648,clean_no_schema,1,L21H12,0.1807753164556962,True,True
codecontests_cpp_648,clean_no_schema,2,MLP27,0.20925632911392406,True,True
codecontests_cpp_648,clean_schema_mismatch,1,L21H12,0.3235759493670886,False,False
codecontests_cpp_648,clean_schema_mismatch,2,MLP27,0.4361896756329114,True,True
codecontests_cpp_648,clean_no_protocol,1,L21H12,1.4050632911392404,False,False
codecontests_cpp_648,clean_no_protocol,2,MLP27,2.3892405063291138,False,False
codecontests_cpp_649,clean_no_schema,1,L21H12,0.8142361111111112,False,False
codecontests_cpp_649,clean_no_schema,2,MLP27,0.9201388888888888,False,False
codecontests_cpp_649,clean_schema_mismatch,1,L21H12,1.1805555555555556,False,False
codecontests_cpp_649,clean_schema_mismatch,2,MLP27,1.4108072916666667,False,True
codecontests_cpp_649,clean_no_protocol,1,L21H12,1.7986111111111112,False,False
codecontests_cpp_649,clean_no_protocol,2,MLP27,2.3793402777777777,False,False
codecontests_cpp_650,clean_no_schema,1,L21H12,0.4889240506329114,False,True
codecontests_cpp_650,clean_no_schema,2,MLP27,0.5664556962025317,True,True
codecontests_cpp_650,clean_schema_mismatch,1,L21H12,1.3006329113924051,False,False
codecontests_cpp_650,clean_schema_mismatch,2,MLP27,1.8370253164556962,True,True
codecontests_cpp_650,clean_no_protocol,1,L21H12,1.8291139240506329,False,False
codecontests_cpp_650,clean_no_protocol,2,MLP27,2.8132911392405062,False,False
codecontests_cpp_652,clean_no_schema,1,L21H12,0.2777061855670103,False,True
codecontests_cpp_652,clean_no_schema,2,MLP27,0.2957474226804124,False,True
codecontests_cpp_652,clean_schema_mismatch,1,L21H12,0.5180412371134021,False,False
codecontests_cpp_652,clean_schema_mismatch,2,MLP27,0.6604381443298969,True,True
codecontests_cpp_652,clean_no_protocol,1,L21H12,1.0618556701030928,False,False
codecontests_cpp_652,clean_no_protocol,2,MLP27,1.7551546391752577,False,False
codecontests_cpp_653,clean_no_schema,1,L21H12,0.9898190045248869,False,False
codecontests_cpp_653,clean_no_schema,2,MLP27,1.1153846153846154,False,False
codecontests_cpp_653,clean_schema_mismatch,1,L21H12,1.5520361990950227,False,False
codecontests_cpp_653,clean_schema_mismatch,2,MLP27,1.9321266968325792,True,True
codecontests_cpp_653,clean_no_protocol,1,L21H12,2.2081447963800906,False,False
codecontests_cpp_653,clean_no_protocol,2,MLP27,3.4649321266968327,False,False
codecontests_cpp_654,clean_no_schema,1,L21H12,0.62609375,True,True
codecontests_cpp_654,clean_no_schema,2,MLP27,0.64921875,True,True
codecontests_cpp_654,clean_schema_mismatch,1,L21H12,0.66203125,True,True
codecontests_cpp_654,clean_schema_mismatch,2,MLP27,0.681796875,True,True
codecontests_cpp_654,clean_no_protocol,1,L21H12,1.1425,False,False
codecontests_cpp_654,clean_no_protocol,2,MLP27,1.49390625,True,True
codecontests_cpp_655,clean_no_schema,1,L21H12,0.07549948770491803,True,True
codecontests_cpp_655,clean_no_schema,2,MLP27,0.08171106557377049,True,True
codecontests_cpp_655,clean_schema_mismatch,1,L21H12,0.7533299180327869,True,True
codecontests_cpp_655,clean_schema_mismatch,2,MLP27,0.8043993340163934,True,True
codecontests_cpp_655,clean_no_protocol,1,L21H12,1.4631147540983607,False,False
codecontests_cpp_655,clean_no_protocol,2,MLP27,2.089139344262295,True,True
codecontests_cpp_656,clean_no_schema,1,L21H12,0.30116959064327486,True,True
codecontests_cpp_656,clean_no_schema,2,MLP27,0.33845029239766083,True,True
codecontests_cpp_656,clean_schema_mismatch,1,L21H12,1.25,False,False
codecontests_cpp_656,clean_schema_mismatch,2,MLP27,1.4762426900584795,True,True
codecontests_cpp_656,clean_no_protocol,1,L21H12,2.4853801169590644,False,False
codecontests_cpp_656,clean_no_protocol,2,MLP27,3.4853801169590644,True,True
codecontests_cpp_657,clean_no_schema,1,L21H12,0.6261848341232228,True,True
codecontests_cpp_657,clean_no_schema,2,MLP27,0.7331161137440758,True,True
codecontests_cpp_657,clean_schema_mismatch,1,L21H12,0.5675355450236966,True,True
codecontests_cpp_657,clean_schema_mismatch,2,MLP27,0.6115039988151659,True,True
codecontests_cpp_657,clean_no_protocol,1,L21H12,1.6398104265402844,False,False
codecontests_cpp_657,clean_no_protocol,2,MLP27,2.319016587677725,True,True
codecontests_cpp_658,clean_no_schema,1,L21H12,2.8,False,False
codecontests_cpp_658,clean_no_schema,2,MLP27,4.173684210526316,False,False
codecontests_cpp_658,clean_schema_mismatch,1,L21H12,4.968421052631579,False,False
codecontests_cpp_658,clean_schema_mismatch,2,MLP27,7.042105263157895,False,False
codecontests_cpp_658,clean_no_protocol,1,L21H12,4.821052631578947,False,False
codecontests_cpp_658,clean_no_protocol,2,MLP27,8.221052631578948,False,False
codecontests_cpp_659,clean_no_schema,1,L21H12,0.38825757575757575,True,True
codecontests_cpp_659,clean_no_schema,2,MLP27,0.47904829545454547,True,True
codecontests_cpp_659,clean_schema_mismatch,1,L21H12,1.071969696969697,False,False
codecontests_cpp_659,clean_schema_mismatch,2,MLP27,1.5028409090909092,True,True
codecontests_cpp_659,clean_no_protocol,1,L21H12,1.6666666666666667,False,False
codecontests_cpp_659,clean_no_protocol,2,MLP27,2.8125,False,False
codecontests_cpp_660,clean_no_schema,1,L21H12,1.2379032258064515,False,False
codecontests_cpp_660,clean_no_schema,2,MLP27,1.4143145161290323,False,True
codecontests_cpp_660,clean_schema_mismatch,1,L21H12,2.0080645161290325,False,False
codecontests_cpp_660,clean_schema_mismatch,2,MLP27,2.6088709677419355,False,False
codecontests_cpp_660,clean_no_protocol,1,L21H12,2.6129032258064515,False,False
codecontests_cpp_660,clean_no_protocol,2,MLP27,4.179435483870968,False,False
codecontests_cpp_661,clean_no_schema,1,L21H12,0.47787267080745344,True,True
codecontests_cpp_661,clean_no_schema,2,MLP27,0.5163043478260869,True,True
codecontests_cpp_661,clean_schema_mismatch,1,L21H12,1.1490683229813665,True,True
codecontests_cpp_661,clean_schema_mismatch,2,MLP27,1.228600543478261,True,True
codecontests_cpp_661,clean_no_protocol,1,L21H12,1.8229813664596273,False,False
codecontests_cpp_661,clean_no_protocol,2,MLP27,2.485248447204969,True,True
codecontests_cpp_662,clean_no_schema,1,L21H12,0.9216417910447762,True,True
codecontests_cpp_662,clean_no_schema,2,MLP27,1.0585354477611941,True,True
codecontests_cpp_662,clean_schema_mismatch,1,L21H12,0.6805037313432836,True,True
codecontests_cpp_662,clean_schema_mismatch,2,MLP27,0.7263001399253731,True,True
codecontests_cpp_662,clean_no_protocol,1,L21H12,1.9179104477611941,False,False
codecontests_cpp_662,clean_no_protocol,2,MLP27,2.5848880597014925,True,True
codecontests_cpp_664,clean_no_schema,1,L21H12,0.6735294117647059,False,False
codecontests_cpp_664,clean_no_schema,2,MLP27,1.0242647058823529,False,False
codecontests_cpp_664,clean_schema_mismatch,1,L21H12,0.29191176470588237,False,False
codecontests_cpp_664,clean_schema_mismatch,2,MLP27,0.39540441176470587,True,True
codecontests_cpp_664,clean_no_protocol,1,L21H12,1.4705882352941178,False,False
codecontests_cpp_664,clean_no_protocol,2,MLP27,2.3911764705882352,False,False
codecontests_cpp_665,clean_no_schema,1,L21H12,0.1632775119617225,True,True
codecontests_cpp_665,clean_no_schema,2,MLP27,0.18510765550239233,True,True
codecontests_cpp_665,clean_schema_mismatch,1,L21H12,0.0009815270820873205,True,True
codecontests_cpp_665,clean_schema_mismatch,2,MLP27,7.476076555023923e-05,True,True
codecontests_cpp_665,clean_no_protocol,1,L21H12,1.3588516746411483,False,False
codecontests_cpp_665,clean_no_protocol,2,MLP27,2.161483253588517,False,False
codecontests_cpp_666,clean_no_schema,1,L21H12,0.6568471337579618,True,True
codecontests_cpp_666,clean_no_schema,2,MLP27,0.7052149681528662,True,True
codecontests_cpp_666,clean_schema_mismatch,1,L21H12,0.6970541401273885,True,True
codecontests_cpp_666,clean_schema_mismatch,2,MLP27,0.7222830414012739,True,True
codecontests_cpp_666,clean_no_protocol,1,L21H12,2.286624203821656,False,False
codecontests_cpp_666,clean_no_protocol,2,MLP27,3.2213375796178343,False,True
codecontests_cpp_667,clean_no_schema,1,L21H12,0.7752100840336135,False,False
codecontests_cpp_667,clean_no_schema,2,MLP27,1.0593487394957983,False,True
codecontests_cpp_667,clean_schema_mismatch,1,L21H12,0.4170168067226891,False,False
codecontests_cpp_667,clean_schema_mismatch,2,MLP27,0.6184348739495799,True,True
codecontests_cpp_667,clean_no_protocol,1,L21H12,2.0840336134453783,False,False
codecontests_cpp_667,clean_no_protocol,2,MLP27,3.8445378151260505,False,False
codecontests_cpp_668,clean_no_schema,1,L21H12,2.0371621621621623,False,False
codecontests_cpp_668,clean_no_schema,2,MLP27,2.185810810810811,False,False
codecontests_cpp_668,clean_schema_mismatch,1,L21H12,3.4864864864864864,False,False
codecontests_cpp_668,clean_schema_mismatch,2,MLP27,5.003378378378378,False,False
codecontests_cpp_668,clean_no_protocol,1,L21H12,4.1891891891891895,False,False
codecontests_cpp_668,clean_no_protocol,2,MLP27,6.8108108108108105,False,False
codecontests_cpp_669,clean_no_schema,1,L21H12,0.7148936170212766,False,False
codecontests_cpp_669,clean_no_schema,2,MLP27,0.8829787234042553,True,True
codecontests_cpp_669,clean_schema_mismatch,1,L21H12,0.2761968085106383,True,True
codecontests_cpp_669,clean_schema_mismatch,2,MLP27,0.3046542553191489,True,True
codecontests_cpp_669,clean_no_protocol,1,L21H12,2.2212765957446807,False,False
codecontests_cpp_669,clean_no_protocol,2,MLP27,3.7212765957446807,False,False
codecontests_cpp_670,clean_no_schema,1,L21H12,0.7164115646258503,True,True
codecontests_cpp_670,clean_no_schema,2,MLP27,0.7722151360544217,True,True
codecontests_cpp_670,clean_schema_mismatch,1,L21H12,0.84375,True,True
codecontests_cpp_670,clean_schema_mismatch,2,MLP27,0.8800754676870748,True,True
codecontests_cpp_670,clean_no_protocol,1,L21H12,1.380952380952381,False,False
codecontests_cpp_670,clean_no_protocol,2,MLP27,2.185374149659864,True,True
codecontests_cpp_671,clean_no_schema,1,L21H12,1.3917525773195876,False,False
codecontests_cpp_671,clean_no_schema,2,MLP27,1.847938144329897,True,True
codecontests_cpp_671,clean_schema_mismatch,1,L21H12,1.9304123711340206,False,False
codecontests_cpp_671,clean_schema_mismatch,2,MLP27,2.287048969072165,True,True
codecontests_cpp_671,clean_no_protocol,1,L21H12,2.814432989690722,False,False
codecontests_cpp_671,clean_no_protocol,2,MLP27,4.474226804123711,True,True
codecontests_cpp_672,clean_no_schema,1,L21H12,0.4759036144578313,False,False
codecontests_cpp_672,clean_no_schema,2,MLP27,0.8132530120481928,False,False
codecontests_cpp_672,clean_schema_mismatch,1,L21H12,0.6581325301204819,False,False
codecontests_cpp_672,clean_schema_mismatch,2,MLP27,0.8460090361445783,False,True
codecontests_cpp_672,clean_no_protocol,1,L21H12,1.6506024096385543,False,False
codecontests_cpp_672,clean_no_protocol,2,MLP27,3.0632530120481927,False,False
codecontests_cpp_673,clean_no_schema,1,L21H12,0.9928977272727273,True,True
codecontests_cpp_673,clean_no_schema,2,MLP27,1.0808771306818181,True,True
codecontests_cpp_673,clean_schema_mismatch,1,L21H12,1.84375,False,False
codecontests_cpp_673,clean_schema_mismatch,2,MLP27,2.028231534090909,True,True
codecontests_cpp_673,clean_no_protocol,1,L21H12,2.0056818181818183,False,False
codecontests_cpp_673,clean_no_protocol,2,MLP27,2.741477272727273,False,False
codecontests_cpp_674,clean_no_schema,1,L21H12,0.6558823529411765,False,False
codecontests_cpp_674,clean_no_schema,2,MLP27,1.0514705882352942,False,False
codecontests_cpp_674,clean_schema_mismatch,1,L21H12,0.6705882352941176,False,False
codecontests_cpp_674,clean_schema_mismatch,2,MLP27,0.8996323529411765,False,True
codecontests_cpp_674,clean_no_protocol,1,L21H12,2.1470588235294117,False,False
codecontests_cpp_674,clean_no_protocol,2,MLP27,3.2720588235294117,False,False
codecontests_cpp_675,clean_no_schema,1,L21H12,0.39663461538461536,False,False
codecontests_cpp_675,clean_no_schema,2,MLP27,0.4935897435897436,True,True
codecontests_cpp_675,clean_schema_mismatch,1,L21H12,1.0865384615384615,False,False
codecontests_cpp_675,clean_schema_mismatch,2,MLP27,1.6602564102564104,False,False
codecontests_cpp_675,clean_no_protocol,1,L21H12,1.3205128205128205,False,False
codecontests_cpp_675,clean_no_protocol,2,MLP27,2.2916666666666665,False,False
codecontests_cpp_676,clean_no_schema,1,L21H12,0.9214743589743589,False,False
codecontests_cpp_676,clean_no_schema,2,MLP27,1.1915064102564104,False,False
codecontests_cpp_676,clean_schema_mismatch,1,L21H12,0.9647435897435898,False,False
codecontests_cpp_676,clean_schema_mismatch,2,MLP27,1.2173477564102564,True,True
codecontests_cpp_676,clean_no_protocol,1,L21H12,1.6666666666666667,False,False
codecontests_cpp_676,clean_no_protocol,2,MLP27,2.426282051282051,False,False
codecontests_cpp_677,clean_no_schema,1,L21H12,0.17397186147186147,True,True
codecontests_cpp_677,clean_no_schema,2,MLP27,0.21360930735930736,True,True
codecontests_cpp_677,clean_schema_mismatch,1,L21H12,0.7229437229437229,False,False
codecontests_cpp_677,clean_schema_mismatch,2,MLP27,0.9312770562770563,True,True
codecontests_cpp_677,clean_no_protocol,1,L21H12,1.774891774891775,False,False
codecontests_cpp_677,clean_no_protocol,2,MLP27,3.1515151515151514,False,False
codecontests_cpp_678,clean_no_schema,1,L21H12,1.0119047619047619,False,False
codecontests_cpp_678,clean_no_schema,2,MLP27,1.4523809523809523,False,False
codecontests_cpp_678,clean_schema_mismatch,1,L21H12,2.626984126984127,False,False
codecontests_cpp_678,clean_schema_mismatch,2,MLP27,3.3492063492063493,False,False
codecontests_cpp_678,clean_no_protocol,1,L21H12,3.1507936507936507,False,False
codecontests_cpp_678,clean_no_protocol,2,MLP27,4.777777777777778,False,False
codecontests_cpp_679,clean_no_schema,1,L21H12,0.663860103626943,False,False
codecontests_cpp_679,clean_no_schema,2,MLP27,0.7778497409326425,True,True
codecontests_cpp_679,clean_schema_mismatch,1,L21H12,0.9740932642487047,False,False
codecontests_cpp_679,clean_schema_mismatch,2,MLP27,1.1358889248704662,True,True
codecontests_cpp_679,clean_no_protocol,1,L21H12,1.7202072538860103,False,False
codecontests_cpp_679,clean_no_protocol,2,MLP27,2.696243523316062,True,True
codecontests_cpp_680,clean_no_schema,1,L21H12,0.9169960474308301,False,False
codecontests_cpp_680,clean_no_schema,2,MLP27,1.086215415019763,True,True
codecontests_cpp_680,clean_schema_mismatch,1,L21H12,0.13018774703557312,True,True
codecontests_cpp_680,clean_schema_mismatch,2,MLP27,0.15839612154150198,True,True
codecontests_cpp_680,clean_no_protocol,1,L21H12,2.814229249011858,False,False
codecontests_cpp_680,clean_no_protocol,2,MLP27,4.41501976284585,False,False
codecontests_cpp_681,clean_no_schema,1,L21H12,0.21943430656934307,True,True
codecontests_cpp_681,clean_no_schema,2,MLP27,0.2337477189781022,True,True
codecontests_cpp_681,clean_schema_mismatch,1,L21H12,0.1852189781021898,True,True
codecontests_cpp_681,clean_schema_mismatch,2,MLP27,0.19856295620437955,True,True
codecontests_cpp_681,clean_no_protocol,1,L21H12,2.1496350364963503,False,False
codecontests_cpp_681,clean_no_protocol,2,MLP27,2.7422445255474455,True,True
codecontests_cpp_682,clean_no_schema,1,L21H12,0.04537637578616352,True,True
codecontests_cpp_682,clean_no_schema,2,MLP27,0.04828763757861635,True,True
codecontests_cpp_682,clean_schema_mismatch,1,L21H12,1.0330188679245282,False,False
codecontests_cpp_682,clean_schema_mismatch,2,MLP27,1.2657232704402517,True,True
codecontests_cpp_682,clean_no_protocol,1,L21H12,1.3270440251572326,False,False
codecontests_cpp_682,clean_no_protocol,2,MLP27,1.7213050314465408,True,True
codecontests_cpp_683,clean_no_schema,1,L21H12,0.3007142857142857,True,True
codecontests_cpp_683,clean_no_schema,2,MLP27,0.3757142857142857,True,True
codecontests_cpp_683,clean_schema_mismatch,1,L21H12,0.30892857142857144,True,True
codecontests_cpp_683,clean_schema_mismatch,2,MLP27,0.3798214285714286,True,True
codecontests_cpp_683,clean_no_protocol,1,L21H12,1.0457142857142858,False,False
codecontests_cpp_683,clean_no_protocol,2,MLP27,1.802857142857143,False,True
codecontests_cpp_684,clean_no_schema,1,L21H12,0.417,True,True
codecontests_cpp_684,clean_no_schema,2,MLP27,0.4498125,True,True
codecontests_cpp_684,clean_schema_mismatch,1,L21H12,0.496,True,True
codecontests_cpp_684,clean_schema_mismatch,2,MLP27,0.57978125,True,True
codecontests_cpp_684,clean_no_protocol,1,L21H12,1.88,False,False
codecontests_cpp_684,clean_no_protocol,2,MLP27,3.024,False,False
codecontests_cpp_685,clean_no_schema,1,L21H12,0.06977982954545454,True,True
codecontests_cpp_685,clean_no_schema,2,MLP27,0.08247514204545454,True,True
codecontests_cpp_685,clean_schema_mismatch,1,L21H12,0.38423295454545453,True,True
codecontests_cpp_685,clean_schema_mismatch,2,MLP27,0.4707919034090909,True,True
codecontests_cpp_685,clean_no_protocol,1,L21H12,1.2897727272727273,False,False
codecontests_cpp_685,clean_no_protocol,2,MLP27,2.2620738636363638,False,False
codecontests_cpp_687,clean_no_schema,1,L21H12,0.6591530054644809,True,True
codecontests_cpp_687,clean_no_schema,2,MLP27,0.740693306010929,True,True
codecontests_cpp_687,clean_schema_mismatch,1,L21H12,0.8620218579234973,False,False
codecontests_cpp_687,clean_schema_mismatch,2,MLP27,0.9810450819672131,True,True
codecontests_cpp_687,clean_no_protocol,1,L21H12,1.185792349726776,False,False
codecontests_cpp_687,clean_no_protocol,2,MLP27,1.909153005464481,True,True
codecontests_cpp_689,clean_no_schema,1,L21H12,0.4095643939393939,True,True
codecontests_cpp_689,clean_no_schema,2,MLP27,0.46875,True,True
codecontests_cpp_689,clean_schema_mismatch,1,L21H12,0.6586174242424242,True,True
codecontests_cpp_689,clean_schema_mismatch,2,MLP27,0.7533143939393939,True,True
codecontests_cpp_689,clean_no_protocol,1,L21H12,2.590909090909091,False,False
codecontests_cpp_689,clean_no_protocol,2,MLP27,3.846590909090909,False,False
codecontests_cpp_690,clean_no_schema,1,L21H12,0.8144654088050315,False,False
codecontests_cpp_690,clean_no_schema,2,MLP27,1.121069182389937,False,True
codecontests_cpp_690,clean_schema_mismatch,1,L21H12,1.3144654088050314,False,False
codecontests_cpp_690,clean_schema_mismatch,2,MLP27,1.6843553459119496,True,True
codecontests_cpp_690,clean_no_protocol,1,L21H12,4.0754716981132075,False,False
codecontests_cpp_690,clean_no_protocol,2,MLP27,6.031446540880503,False,False
codecontests_cpp_691,clean_no_schema,1,L21H12,0.7122302158273381,True,True
codecontests_cpp_691,clean_no_schema,2,MLP27,0.8327338129496403,True,True
codecontests_cpp_691,clean_schema_mismatch,1,L21H12,0.7018884892086331,True,True
codecontests_cpp_691,clean_schema_mismatch,2,MLP27,0.7719199640287769,True,True
codecontests_cpp_691,clean_no_protocol,1,L21H12,1.6402877697841727,False,False
codecontests_cpp_691,clean_no_protocol,2,MLP27,2.3399280575539567,True,True
codecontests_cpp_692,clean_no_schema,1,L21H12,1.701171875,False,False
codecontests_cpp_692,clean_no_schema,2,MLP27,1.9521484375,True,True
codecontests_cpp_692,clean_schema_mismatch,1,L21H12,1.03515625,True,True
codecontests_cpp_692,clean_schema_mismatch,2,MLP27,1.16064453125,True,True
codecontests_cpp_692,clean_no_protocol,1,L21H12,1.875,False,False
codecontests_cpp_692,clean_no_protocol,2,MLP27,2.90869140625,True,True
codecontests_cpp_693,clean_no_schema,1,L21H12,0.4124251497005988,False,False
codecontests_cpp_693,clean_no_schema,2,MLP27,0.47155688622754494,False,True
codecontests_cpp_693,clean_schema_mismatch,1,L21H12,0.49326347305389223,False,True
codecontests_cpp_693,clean_schema_mismatch,2,MLP27,0.5684646332335329,True,True
codecontests_cpp_693,clean_no_protocol,1,L21H12,1.5149700598802396,False,False
codecontests_cpp_693,clean_no_protocol,2,MLP27,2.338323353293413,False,False
codecontests_cpp_694,clean_no_schema,1,L21H12,1.7937219730941705,False,False
codecontests_cpp_694,clean_no_schema,2,MLP27,2.1154708520179373,True,True
codecontests_cpp_694,clean_schema_mismatch,1,L21H12,3.0179372197309418,False,False
codecontests_cpp_694,clean_schema_mismatch,2,MLP27,3.5297085201793723,True,True
codecontests_cpp_694,clean_no_protocol,1,L21H12,3.9551569506726456,False,False
codecontests_cpp_694,clean_no_protocol,2,MLP27,5.812780269058296,True,True
codecontests_cpp_697,clean_no_schema,1,L21H12,0.3602941176470588,False,False
codecontests_cpp_697,clean_no_schema,2,MLP27,0.6626838235294118,True,True
codecontests_cpp_697,clean_schema_mismatch,1,L21H12,0.8161764705882353,False,False
codecontests_cpp_697,clean_schema_mismatch,2,MLP27,1.2389705882352942,True,True
codecontests_cpp_697,clean_no_protocol,1,L21H12,1.8529411764705883,False,False
codecontests_cpp_697,clean_no_protocol,2,MLP27,3.3823529411764706,False,False
codecontests_cpp_698,clean_no_schema,1,L21H12,0.29829545454545453,False,True
codecontests_cpp_698,clean_no_schema,2,MLP27,0.3641098484848485,True,True
codecontests_cpp_698,clean_schema_mismatch,1,L21H12,0.803030303030303,False,False
codecontests_cpp_698,clean_schema_mismatch,2,MLP27,1.0752840909090908,True,True
codecontests_cpp_698,clean_no_protocol,1,L21H12,1.9242424242424243,False,False
codecontests_cpp_698,clean_no_protocol,2,MLP27,3.284090909090909,False,False
codecontests_cpp_699,clean_no_schema,1,L21H12,0.2884259259259259,True,True
codecontests_cpp_699,clean_no_schema,2,MLP27,0.29832175925925924,True,True
codecontests_cpp_699,clean_schema_mismatch,1,L21H12,0.6953703703703704,True,True
codecontests_cpp_699,clean_schema_mismatch,2,MLP27,0.7412615740740741,True,True
codecontests_cpp_699,clean_no_protocol,1,L21H12,0.9055555555555556,False,False
codecontests_cpp_699,clean_no_protocol,2,MLP27,1.2239583333333333,True,True
codecontests_cpp_700,clean_no_schema,1,L21H12,0.40347222222222223,True,True
codecontests_cpp_700,clean_no_schema,2,MLP27,0.4244646990740741,True,True
codecontests_cpp_700,clean_schema_mismatch,1,L21H12,0.06915509259259259,True,True
codecontests_cpp_700,clean_schema_mismatch,2,MLP27,0.08190104166666666,True,True
codecontests_cpp_700,clean_no_protocol,1,L21H12,1.6962962962962962,False,False
codecontests_cpp_700,clean_no_protocol,2,MLP27,2.763888888888889,True,True
codecontests_cpp_701,clean_no_schema,1,L21H12,0.8047619047619048,False,False
codecontests_cpp_701,clean_no_schema,2,MLP27,0.9446428571428571,False,True
codecontests_cpp_701,clean_schema_mismatch,1,L21H12,1.5,False,False
codecontests_cpp_701,clean_schema_mismatch,2,MLP27,1.9885416666666667,True,True
codecontests_cpp_701,clean_no_protocol,1,L21H12,2.5904761904761906,False,False
codecontests_cpp_701,clean_no_protocol,2,MLP27,4.4904761904761905,False,False
codecontests_cpp_702,clean_no_schema,1,L21H12,0.35585260115606937,True,True
codecontests_cpp_702,clean_no_schema,2,MLP27,0.40046965317919075,True,True
codecontests_cpp_702,clean_schema_mismatch,1,L21H12,0.0074738078034682085,True,True
codecontests_cpp_702,clean_schema_mismatch,2,MLP27,0.008935829118497109,True,True
codecontests_cpp_702,clean_no_protocol,1,L21H12,1.5809248554913296,False,False
codecontests_cpp_702,clean_no_protocol,2,MLP27,2.1116329479768785,True,True
codecontests_cpp_705,clean_no_schema,1,L21H12,0.7410071942446043,False,False
codecontests_cpp_705,clean_no_schema,2,MLP27,0.9312050359712231,True,True
codecontests_cpp_705,clean_schema_mismatch,1,L21H12,1.9388489208633093,False,False
codecontests_cpp_705,clean_schema_mismatch,2,MLP27,2.4348021582733814,True,True
codecontests_cpp_705,clean_no_protocol,1,L21H12,1.7266187050359711,False,False
codecontests_cpp_705,clean_no_protocol,2,MLP27,2.7176258992805757,False,True
codecontests_cpp_706,clean_no_schema,1,L21H12,0.19592927631578946,True,True
codecontests_cpp_706,clean_no_schema,2,MLP27,0.20379317434210525,True,True
codecontests_cpp_706,clean_schema_mismatch,1,L21H12,0.7960526315789473,False,False
codecontests_cpp_706,clean_schema_mismatch,2,MLP27,1.0143143503289473,True,True
codecontests_cpp_706,clean_no_protocol,1,L21H12,2.0,False,False
codecontests_cpp_706,clean_no_protocol,2,MLP27,3.5246710526315788,False,False
codecontests_cpp_707,clean_no_schema,1,L21H12,0.6549479166666666,False,False
codecontests_cpp_707,clean_no_schema,2,MLP27,0.7838541666666666,False,True
codecontests_cpp_707,clean_schema_mismatch,1,L21H12,1.4921875,False,False
codecontests_cpp_707,clean_schema_mismatch,2,MLP27,1.90234375,False,True
codecontests_cpp_707,clean_no_protocol,1,L21H12,2.0625,False,False
codecontests_cpp_707,clean_no_protocol,2,MLP27,3.5052083333333335,False,False
codecontests_cpp_708,clean_no_schema,1,L21H12,0.3552295918367347,False,False
codecontests_cpp_708,clean_no_schema,2,MLP27,0.4242665816326531,True,True
codecontests_cpp_708,clean_schema_mismatch,1,L21H12,0.002535450215242347,True,True
codecontests_cpp_708,clean_schema_mismatch,2,MLP27,-7.971938775510203e-05,True,True
codecontests_cpp_708,clean_no_protocol,1,L21H12,1.3673469387755102,False,False
codecontests_cpp_708,clean_no_protocol,2,MLP27,2.233418367346939,False,False
codecontests_cpp_709,clean_no_schema,1,L21H12,0.8392070484581498,True,True
codecontests_cpp_709,clean_no_schema,2,MLP27,0.9413546255506607,True,True
codecontests_cpp_709,clean_schema_mismatch,1,L21H12,0.04370870044052864,True,True
codecontests_cpp_709,clean_schema_mismatch,2,MLP27,0.048492566079295155,True,True
codecontests_cpp_709,clean_no_protocol,1,L21H12,1.5903083700440528,False,False
codecontests_cpp_709,clean_no_protocol,2,MLP27,2.6244493392070485,True,True
codecontests_cpp_710,clean_no_schema,1,L21H12,1.515625,True,True
codecontests_cpp_710,clean_no_schema,2,MLP27,1.6373197115384615,True,True
codecontests_cpp_710,clean_schema_mismatch,1,L21H12,2.0,False,False
codecontests_cpp_710,clean_schema_mismatch,2,MLP27,2.2447415865384617,True,True
codecontests_cpp_710,clean_no_protocol,1,L21H12,3.0673076923076925,False,False
codecontests_cpp_710,clean_no_protocol,2,MLP27,4.6875,False,False
codecontests_cpp_711,clean_no_schema,1,L21H12,0.2701388888888889,True,True
codecontests_cpp_711,clean_no_schema,2,MLP27,0.28365885416666664,True,True
codecontests_cpp_711,clean_schema_mismatch,1,L21H12,0.23576388888888888,True,True
codecontests_cpp_711,clean_schema_mismatch,2,MLP27,0.24415147569444445,True,True
codecontests_cpp_711,clean_no_protocol,1,L21H12,1.3069444444444445,False,False
codecontests_cpp_711,clean_no_protocol,2,MLP27,1.5208333333333333,True,True
codecontests_cpp_713,clean_no_schema,1,L21H12,0.625,True,True
codecontests_cpp_713,clean_no_schema,2,MLP27,0.671875,True,True
codecontests_cpp_713,clean_schema_mismatch,1,L21H12,0.13674428104575165,True,True
codecontests_cpp_713,clean_schema_mismatch,2,MLP27,0.1449205984477124,True,True
codecontests_cpp_713,clean_no_protocol,1,L21H12,0.8627450980392157,False,False
codecontests_cpp_713,clean_no_protocol,2,MLP27,1.2312091503267975,True,True
codecontests_cpp_714,clean_no_schema,1,L21H12,0.2449013157894737,True,True
codecontests_cpp_714,clean_no_schema,2,MLP27,0.2571134868421053,True,True
codecontests_cpp_714,clean_schema_mismatch,1,L21H12,0.047697368421052634,True,True
codecontests_cpp_714,clean_schema_mismatch,2,MLP27,0.051958264802631576,True,True
codecontests_cpp_714,clean_no_protocol,1,L21H12,1.1407894736842106,False,False
codecontests_cpp_714,clean_no_protocol,2,MLP27,1.3717105263157894,True,True
codecontests_cpp_716,clean_no_schema,1,L21H12,0.2961783439490446,True,True
codecontests_cpp_716,clean_no_schema,2,MLP27,0.3971934713375796,True,True
codecontests_cpp_716,clean_schema_mismatch,1,L21H12,1.5541401273885351,False,False
codecontests_cpp_716,clean_schema_mismatch,2,MLP27,1.9896496815286624,True,True
codecontests_cpp_716,clean_no_protocol,1,L21H12,2.3184713375796178,False,False
codecontests_cpp_716,clean_no_protocol,2,MLP27,3.9570063694267517,True,True
codecontests_cpp_717,clean_no_schema,1,L21H12,1.4913793103448276,False,False
codecontests_cpp_717,clean_no_schema,2,MLP27,1.7866379310344827,False,False
codecontests_cpp_717,clean_schema_mismatch,1,L21H12,3.060344827586207,False,False
codecontests_cpp_717,clean_schema_mismatch,2,MLP27,4.071120689655173,False,False
codecontests_cpp_717,clean_no_protocol,1,L21H12,3.1982758620689653,False,False
codecontests_cpp_717,clean_no_protocol,2,MLP27,5.006465517241379,False,False
codecontests_cpp_718,clean_no_schema,1,L21H12,0.7776442307692307,True,True
codecontests_cpp_718,clean_no_schema,2,MLP27,0.8407451923076923,True,True
codecontests_cpp_718,clean_schema_mismatch,1,L21H12,0.8954326923076923,False,False
codecontests_cpp_718,clean_schema_mismatch,2,MLP27,1.1155348557692308,True,True
codecontests_cpp_718,clean_no_protocol,1,L21H12,1.8269230769230769,False,False
codecontests_cpp_718,clean_no_protocol,2,MLP27,3.295673076923077,False,False
codecontests_cpp_719,clean_no_schema,1,L21H12,0.39814814814814814,True,True
codecontests_cpp_719,clean_no_schema,2,MLP27,0.43209876543209874,True,True
codecontests_cpp_719,clean_schema_mismatch,1,L21H12,0.621141975308642,True,True
codecontests_cpp_719,clean_schema_mismatch,2,MLP27,0.7091049382716049,True,True
codecontests_cpp_719,clean_no_protocol,1,L21H12,1.5246913580246915,False,False
codecontests_cpp_719,clean_no_protocol,2,MLP27,2.359567901234568,False,False
codecontests_cpp_720,clean_no_schema,1,L21H12,0.484375,True,True
codecontests_cpp_720,clean_no_schema,2,MLP27,0.5107758620689655,True,True
codecontests_cpp_720,clean_schema_mismatch,1,L21H12,0.2832255747126437,True,True
codecontests_cpp_720,clean_schema_mismatch,2,MLP27,0.2981658584770115,True,True
codecontests_cpp_720,clean_no_protocol,1,L21H12,2.6724137931034484,False,False
codecontests_cpp_720,clean_no_protocol,2,MLP27,3.507183908045977,True,True
codecontests_cpp_721,clean_no_schema,1,L21H12,0.4728180473372781,True,True
codecontests_cpp_721,clean_no_schema,2,MLP27,0.5003235946745562,True,True
codecontests_cpp_721,clean_schema_mismatch,1,L21H12,1.3102810650887573,True,True
codecontests_cpp_721,clean_schema_mismatch,2,MLP27,1.354474852071006,True,True
codecontests_cpp_721,clean_no_protocol,1,L21H12,1.5946745562130178,False,False
codecontests_cpp_721,clean_no_protocol,2,MLP27,2.1941568047337277,True,True
codecontests_cpp_722,clean_no_schema,1,L21H12,0.33088235294117646,False,False
codecontests_cpp_722,clean_no_schema,2,MLP27,0.4768382352941177,True,True
codecontests_cpp_722,clean_schema_mismatch,1,L21H12,0.44779411764705884,False,False
codecontests_cpp_722,clean_schema_mismatch,2,MLP27,0.5636948529411765,True,True
codecontests_cpp_722,clean_no_protocol,1,L21H12,1.0294117647058822,False,False
codecontests_cpp_722,clean_no_protocol,2,MLP27,1.8147058823529412,False,False
codecontests_cpp_724,clean_no_schema,1,L21H12,0.8251533742331288,False,False
codecontests_cpp_724,clean_no_schema,2,MLP27,1.2139570552147239,False,False
codecontests_cpp_724,clean_schema_mismatch,1,L21H12,0.13822852760736196,True,True
codecontests_cpp_724,clean_schema_mismatch,2,MLP27,0.15912576687116564,True,True
codecontests_cpp_724,clean_no_protocol,1,L21H12,1.5889570552147239,False,False
codecontests_cpp_724,clean_no_protocol,2,MLP27,2.794478527607362,False,False
codecontests_cpp_725,clean_no_schema,1,L21H12,2.0863095238095237,False,False
codecontests_cpp_725,clean_no_schema,2,MLP27,2.517857142857143,True,True
codecontests_cpp_725,clean_schema_mismatch,1,L21H12,2.5714285714285716,False,False
codecontests_cpp_725,clean_schema_mismatch,2,MLP27,2.9425223214285716,True,True
codecontests_cpp_725,clean_no_protocol,1,L21H12,3.5238095238095237,False,False
codecontests_cpp_725,clean_no_protocol,2,MLP27,4.773809523809524,False,True
codecontests_cpp_726,clean_no_schema,1,L21H12,0.39378238341968913,True,True
codecontests_cpp_726,clean_no_schema,2,MLP27,0.4480246113989637,True,True
codecontests_cpp_726,clean_schema_mismatch,1,L21H12,1.8238341968911918,False,False
codecontests_cpp_726,clean_schema_mismatch,2,MLP27,2.4145077720207255,True,True
codecontests_cpp_726,clean_no_protocol,1,L21H12,2.1761658031088085,False,False
codecontests_cpp_726,clean_no_protocol,2,MLP27,3.566062176165803,False,False
codecontests_cpp_727,clean_no_schema,1,L21H12,0.8147058823529412,True,True
codecontests_cpp_727,clean_no_schema,2,MLP27,0.8568014705882353,True,True
codecontests_cpp_727,clean_schema_mismatch,1,L21H12,1.4731617647058823,True,True
codecontests_cpp_727,clean_schema_mismatch,2,MLP27,1.54453125,True,True
codecontests_cpp_727,clean_no_protocol,1,L21H12,1.8764705882352941,False,False
codecontests_cpp_727,clean_no_protocol,2,MLP27,2.427941176470588,True,True
codecontests_cpp_728,clean_no_schema,1,L21H12,0.1426439606741573,True,True
codecontests_cpp_728,clean_no_schema,2,MLP27,0.15322155898876405,True,True
codecontests_cpp_728,clean_schema_mismatch,1,L21H12,0.12464887640449439,True,True
codecontests_cpp_728,clean_schema_mismatch,2,MLP27,0.1367406952247191,True,True
codecontests_cpp_728,clean_no_protocol,1,L21H12,1.095505617977528,False,False
codecontests_cpp_728,clean_no_protocol,2,MLP27,1.3153967696629214,True,True
codecontests_cpp_729,clean_no_schema,1,L21H12,0.3858082706766917,True,True
codecontests_cpp_729,clean_no_schema,2,MLP27,0.4552396616541353,True,True
codecontests_cpp_729,clean_schema_mismatch,1,L21H12,0.6785714285714286,True,True
codecontests_cpp_729,clean_schema_mismatch,2,MLP27,0.7905310150375939,True,True
codecontests_cpp_729,clean_no_protocol,1,L21H12,1.3233082706766917,False,False
codecontests_cpp_729,clean_no_protocol,2,MLP27,2.306860902255639,True,True
codecontests_cpp_730,clean_no_schema,1,L21H12,0.691793893129771,False,True
codecontests_cpp_730,clean_no_schema,2,MLP27,0.7915076335877863,True,True
codecontests_cpp_730,clean_schema_mismatch,1,L21H12,1.6603053435114503,False,False
codecontests_cpp_730,clean_schema_mismatch,2,MLP27,2.2480916030534353,True,True
codecontests_cpp_730,clean_no_protocol,1,L21H12,2.16793893129771,False,False
codecontests_cpp_730,clean_no_protocol,2,MLP27,3.572519083969466,False,False
codecontests_cpp_731,clean_no_schema,1,L21H12,0.09800737359550561,True,True
codecontests_cpp_731,clean_no_schema,2,MLP27,0.10625877808988764,True,True
codecontests_cpp_731,clean_schema_mismatch,1,L21H12,0.034629564606741575,True,True
codecontests_cpp_731,clean_schema_mismatch,2,MLP27,0.038162745786516857,True,True
codecontests_cpp_731,clean_no_protocol,1,L21H12,1.440308988764045,False,False
codecontests_cpp_731,clean_no_protocol,2,MLP27,1.5853230337078652,True,True
codecontests_cpp_733,clean_no_schema,1,L21H12,0.4206989247311828,True,True
codecontests_cpp_733,clean_no_schema,2,MLP27,0.5315860215053764,True,True
codecontests_cpp_733,clean_schema_mismatch,1,L21H12,0.9865591397849462,False,False
codecontests_cpp_733,clean_schema_mismatch,2,MLP27,1.2916666666666667,True,True
codecontests_cpp_733,clean_no_protocol,1,L21H12,2.4946236559139785,False,False
codecontests_cpp_733,clean_no_protocol,2,MLP27,4.32258064516129,False,False
codecontests_cpp_734,clean_no_schema,1,L21H12,0.35762032085561496,True,True
codecontests_cpp_734,clean_no_schema,2,MLP27,0.4177807486631016,True,True
codecontests_cpp_734,clean_schema_mismatch,1,L21H12,0.4852941176470588,False,False
codecontests_cpp_734,clean_schema_mismatch,2,MLP27,0.6846590909090909,True,True
codecontests_cpp_734,clean_no_protocol,1,L21H12,1.5935828877005347,False,False
codecontests_cpp_734,clean_no_protocol,2,MLP27,2.6844919786096257,False,False
codecontests_cpp_736,clean_no_schema,1,L21H12,0.6797337278106509,False,False
codecontests_cpp_736,clean_no_schema,2,MLP27,0.7795857988165681,True,True
codecontests_cpp_736,clean_schema_mismatch,1,L21H12,0.5414201183431953,False,False
codecontests_cpp_736,clean_schema_mismatch,2,MLP27,0.6830621301775148,True,True
codecontests_cpp_736,clean_no_protocol,1,L21H12,2.094674556213018,False,False
codecontests_cpp_736,clean_no_protocol,2,MLP27,3.3254437869822486,False,False
codecontests_cpp_737,clean_no_schema,1,L21H12,0.44102443609022557,True,True
codecontests_cpp_737,clean_no_schema,2,MLP27,0.45629699248120303,True,True
codecontests_cpp_737,clean_schema_mismatch,1,L21H12,2.2391917293233083,True,True
codecontests_cpp_737,clean_schema_mismatch,2,MLP27,2.2931156015037595,True,True
codecontests_cpp_737,clean_no_protocol,1,L21H12,3.1221804511278197,False,False
codecontests_cpp_737,clean_no_protocol,2,MLP27,3.5601503759398496,True,True
codecontests_cpp_738,clean_no_schema,1,L21H12,0.9465725806451613,True,True
codecontests_cpp_738,clean_no_schema,2,MLP27,0.9932795698924731,True,True
codecontests_cpp_738,clean_schema_mismatch,1,L21H12,1.314516129032258,True,True
codecontests_cpp_738,clean_schema_mismatch,2,MLP27,1.3614541330645162,True,True
codecontests_cpp_738,clean_no_protocol,1,L21H12,1.9623655913978495,False,False
codecontests_cpp_738,clean_no_protocol,2,MLP27,2.554771505376344,True,True
codecontests_cpp_739,clean_no_schema,1,L21H12,1.2883597883597884,False,False
codecontests_cpp_739,clean_no_schema,2,MLP27,1.667989417989418,True,True
codecontests_cpp_739,clean_schema_mismatch,1,L21H12,0.3578042328042328,True,True
codecontests_cpp_739,clean_schema_mismatch,2,MLP27,0.41015625,True,True
codecontests_cpp_739,clean_no_protocol,1,L21H12,3.9153439153439153,False,False
codecontests_cpp_739,clean_no_protocol,2,MLP27,6.058201058201059,False,False
codecontests_cpp_740,clean_no_schema,1,L21H12,0.026675112612612614,True,True
codecontests_cpp_740,clean_no_schema,2,MLP27,0.030159065315315314,True,True
codecontests_cpp_740,clean_schema_mismatch,1,L21H12,0.6510416666666666,True,True
codecontests_cpp_740,clean_schema_mismatch,2,MLP27,0.6773824605855856,True,True
codecontests_cpp_740,clean_no_protocol,1,L21H12,2.8085585585585586,False,False
codecontests_cpp_740,clean_no_protocol,2,MLP27,3.246199324324324,True,True
codecontests_cpp_741,clean_no_schema,1,L21H12,0.6663557213930348,True,True
codecontests_cpp_741,clean_no_schema,2,MLP27,0.7168843283582089,True,True
codecontests_cpp_741,clean_schema_mismatch,1,L21H12,0.03334888059701493,True,True
codecontests_cpp_741,clean_schema_mismatch,2,MLP27,0.03631743625621891,True,True
codecontests_cpp_741,clean_no_protocol,1,L21H12,1.3134328358208955,False,False
codecontests_cpp_741,clean_no_protocol,2,MLP27,2.070273631840796,True,True
codecontests_cpp_742,clean_no_schema,1,L21H12,0.7583798882681564,False,False
codecontests_cpp_742,clean_no_schema,2,MLP27,0.8666201117318436,False,True
codecontests_cpp_742,clean_schema_mismatch,1,L21H12,0.2569832402234637,True,True
codecontests_cpp_742,clean_schema_mismatch,2,MLP27,0.29329608938547486,True,True
codecontests_cpp_742,clean_no_protocol,1,L21H12,1.3016759776536313,False,False
codecontests_cpp_742,clean_no_protocol,2,MLP27,1.9636871508379887,False,False
codecontests_cpp_743,clean_no_schema,1,L21H12,0.8496835443037974,False,False
codecontests_cpp_743,clean_no_schema,2,MLP27,1.0723892405063291,True,True
codecontests_cpp_743,clean_schema_mismatch,1,L21H12,0.4833860759493671,True,True
codecontests_cpp_743,clean_schema_mismatch,2,MLP27,0.5824762658227848,True,True
codecontests_cpp_743,clean_no_protocol,1,L21H12,2.1265822784810124,False,False
codecontests_cpp_743,clean_no_protocol,2,MLP27,3.287974683544304,False,False
codecontests_cpp_745,clean_no_schema,1,L21H12,0.8425925925925926,False,False
codecontests_cpp_745,clean_no_schema,2,MLP27,1.1087962962962963,False,True
codecontests_cpp_745,clean_schema_mismatch,1,L21H12,1.8333333333333333,False,False
codecontests_cpp_745,clean_schema_mismatch,2,MLP27,2.212962962962963,False,False
codecontests_cpp_745,clean_no_protocol,1,L21H12,1.654320987654321,False,False
codecontests_cpp_745,clean_no_protocol,2,MLP27,2.251929012345679,True,True
codecontests_cpp_747,clean_no_schema,1,L21H12,0.6417682926829268,False,False
codecontests_cpp_747,clean_no_schema,2,MLP27,0.708079268292683,False,True
codecontests_cpp_747,clean_schema_mismatch,1,L21H12,0.8399390243902439,False,False
codecontests_cpp_747,clean_schema_mismatch,2,MLP27,1.083841463414634,True,True
codecontests_cpp_747,clean_no_protocol,1,L21H12,1.829268292682927,False,False
codecontests_cpp_747,clean_no_protocol,2,MLP27,3.035060975609756,False,False
codecontests_cpp_748,clean_no_schema,1,L21H12,0.3202127659574468,True,True
codecontests_cpp_748,clean_no_schema,2,MLP27,0.39787234042553193,True,True
codecontests_cpp_748,clean_schema_mismatch,1,L21H12,0.5553191489361702,True,True
codecontests_cpp_748,clean_schema_mismatch,2,MLP27,0.6095412234042553,True,True
codecontests_cpp_748,clean_no_protocol,1,L21H12,2.4340425531914893,False,False
codecontests_cpp_748,clean_no_protocol,2,MLP27,3.4361702127659575,True,True
codecontests_cpp_749,clean_no_schema,1,L21H12,0.6228693181818182,True,True
codecontests_cpp_749,clean_no_schema,2,MLP27,0.689453125,True,True
codecontests_cpp_749,clean_schema_mismatch,1,L21H12,0.8096590909090909,True,True
codecontests_cpp_749,clean_schema_mismatch,2,MLP27,0.8864080255681818,True,True
codecontests_cpp_749,clean_no_protocol,1,L21H12,1.8522727272727273,False,False
codecontests_cpp_749,clean_no_protocol,2,MLP27,3.0610795454545454,True,True
codecontests_cpp_750,clean_no_schema,1,L21H12,0.3427601809954751,True,True
codecontests_cpp_750,clean_no_schema,2,MLP27,0.40596719457013575,True,True
codecontests_cpp_750,clean_schema_mismatch,1,L21H12,0.10668834841628959,True,True
codecontests_cpp_750,clean_schema_mismatch,2,MLP27,0.11381151018099547,True,True
codecontests_cpp_750,clean_no_protocol,1,L21H12,0.8846153846153846,False,False
codecontests_cpp_750,clean_no_protocol,2,MLP27,1.3628393665158371,True,True
codecontests_cpp_751,clean_no_schema,1,L21H12,0.17423844537815125,True,True
codecontests_cpp_751,clean_no_schema,2,MLP27,0.19045430672268907,True,True
codecontests_cpp_751,clean_schema_mismatch,1,L21H12,0.44419642857142855,True,True
codecontests_cpp_751,clean_schema_mismatch,2,MLP27,0.46221769957983194,True,True
codecontests_cpp_751,clean_no_protocol,1,L21H12,0.8991596638655462,False,False
codecontests_cpp_751,clean_no_protocol,2,MLP27,1.1177127100840336,True,True
codecontests_cpp_752,clean_no_schema,1,L21H12,0.6111550632911392,True,True
codecontests_cpp_752,clean_no_schema,2,MLP27,0.6496242088607594,True,True
codecontests_cpp_752,clean_schema_mismatch,1,L21H12,3.1265822784810124,True,True
codecontests_cpp_752,clean_schema_mismatch,2,MLP27,3.322982594936709,True,True
codecontests_cpp_752,clean_no_protocol,1,L21H12,2.6962025316455698,False,False
codecontests_cpp_752,clean_no_protocol,2,MLP27,3.784018987341772,True,True
codecontests_cpp_753,clean_no_schema,1,L21H12,0.7305045871559633,True,True
codecontests_cpp_753,clean_no_schema,2,MLP27,0.768706995412844,True,True
codecontests_cpp_753,clean_schema_mismatch,1,L21H12,0.6500860091743119,True,True
codecontests_cpp_753,clean_schema_mismatch,2,MLP27,0.6680045871559633,True,True
codecontests_cpp_753,clean_no_protocol,1,L21H12,1.261467889908257,False,False
codecontests_cpp_753,clean_no_protocol,2,MLP27,1.8170871559633028,True,True
codecontests_cpp_754,clean_no_schema,1,L21H12,0.5146531100478469,True,True
codecontests_cpp_754,clean_no_schema,2,MLP27,0.5399222488038278,True,True
codecontests_cpp_754,clean_schema_mismatch,1,L21H12,2.4061004784688995,True,True
codecontests_cpp_754,clean_schema_mismatch,2,MLP27,2.5110645933014353,True,True
codecontests_cpp_754,clean_no_protocol,1,L21H12,4.631578947368421,False,False
codecontests_cpp_754,clean_no_protocol,2,MLP27,5.435406698564593,True,True
codecontests_cpp_755,clean_no_schema,1,L21H12,0.7048319327731093,False,False
codecontests_cpp_755,clean_no_schema,2,MLP27,0.8769695378151261,True,True
codecontests_cpp_755,clean_schema_mismatch,1,L21H12,0.7878151260504201,False,False
codecontests_cpp_755,clean_schema_mismatch,2,MLP27,1.2022058823529411,True,True
codecontests_cpp_755,clean_no_protocol,1,L21H12,2.369747899159664,False,False
codecontests_cpp_755,clean_no_protocol,2,MLP27,4.5588235294117645,False,False
codecontests_cpp_756,clean_no_schema,1,L21H12,0.5197916666666667,True,True
codecontests_cpp_756,clean_no_schema,2,MLP27,0.5359809027777778,True,True
codecontests_cpp_756,clean_schema_mismatch,1,L21H12,0.23342013888888888,True,True
codecontests_cpp_756,clean_schema_mismatch,2,MLP27,0.24508463541666667,True,True
codecontests_cpp_756,clean_no_protocol,1,L21H12,1.5361111111111112,False,False
codecontests_cpp_756,clean_no_protocol,2,MLP27,2.115972222222222,True,True
codecontests_cpp_757,clean_no_schema,1,L21H12,0.9781003937007874,True,True
codecontests_cpp_757,clean_no_schema,2,MLP27,1.015625,True,True
codecontests_cpp_757,clean_schema_mismatch,1,L21H12,1.1122047244094488,True,True
codecontests_cpp_757,clean_schema_mismatch,2,MLP27,1.1314130167322836,True,True
codecontests_cpp_757,clean_no_protocol,1,L21H12,2.7913385826771653,False,False
codecontests_cpp_757,clean_no_protocol,2,MLP27,3.686515748031496,True,True
codecontests_cpp_758,clean_no_schema,1,L21H12,0.24446816770186336,True,True
codecontests_cpp_758,clean_no_schema,2,MLP27,0.2621312111801242,True,True
codecontests_cpp_758,clean_schema_mismatch,1,L21H12,0.41537267080745344,True,True
codecontests_cpp_758,clean_schema_mismatch,2,MLP27,0.44623447204968947,True,True
codecontests_cpp_758,clean_no_protocol,1,L21H12,1.2080745341614907,False,False
codecontests_cpp_758,clean_no_protocol,2,MLP27,1.4525912267080745,True,True
codecontests_cpp_759,clean_no_schema,1,L21H12,0.2655396174863388,True,True
codecontests_cpp_759,clean_no_schema,2,MLP27,0.28312841530054644,True,True
codecontests_cpp_759,clean_schema_mismatch,1,L21H12,0.21174863387978143,True,True
codecontests_cpp_759,clean_schema_mismatch,2,MLP27,0.22614626024590165,True,True
codecontests_cpp_759,clean_no_protocol,1,L21H12,1.0136612021857923,False,False
codecontests_cpp_759,clean_no_protocol,2,MLP27,1.3598872950819672,True,True
codecontests_cpp_760,clean_no_schema,1,L21H12,0.369,False,False
codecontests_cpp_760,clean_no_schema,2,MLP27,0.4645,True,True
codecontests_cpp_760,clean_schema_mismatch,1,L21H12,0.728,False,True
codecontests_cpp_760,clean_schema_mismatch,2,MLP27,0.9495,True,True
codecontests_cpp_760,clean_no_protocol,1,L21H12,1.528,False,False
codecontests_cpp_760,clean_no_protocol,2,MLP27,2.104,False,True
codecontests_cpp_761,clean_no_schema,1,L21H12,0.6319754464285714,True,True
codecontests_cpp_761,clean_no_schema,2,MLP27,0.6616559709821429,True,True
codecontests_cpp_761,clean_schema_mismatch,1,L21H12,2.421595982142857,True,True
codecontests_cpp_761,clean_schema_mismatch,2,MLP27,2.476527622767857,True,True
codecontests_cpp_761,clean_no_protocol,1,L21H12,2.25,False,False
codecontests_cpp_761,clean_no_protocol,2,MLP27,2.9620535714285716,True,True
codecontests_cpp_762,clean_no_schema,1,L21H12,0.31438953488372096,True,True
codecontests_cpp_762,clean_no_schema,2,MLP27,0.3393168604651163,True,True
codecontests_cpp_762,clean_schema_mismatch,1,L21H12,0.2934593023255814,True,True
codecontests_cpp_762,clean_schema_mismatch,2,MLP27,0.31062863372093025,True,True
codecontests_cpp_762,clean_no_protocol,1,L21H12,1.1767441860465115,False,False
codecontests_cpp_762,clean_no_protocol,2,MLP27,1.5729651162790699,True,True
codecontests_cpp_763,clean_no_schema,1,L21H12,0.767175572519084,False,False
codecontests_cpp_763,clean_no_schema,2,MLP27,0.978530534351145,False,False
codecontests_cpp_763,clean_schema_mismatch,1,L21H12,1.5114503816793894,False,False
codecontests_cpp_763,clean_schema_mismatch,2,MLP27,2.0219465648854964,False,False
codecontests_cpp_763,clean_no_protocol,1,L21H12,1.4694656488549618,False,False
codecontests_cpp_763,clean_no_protocol,2,MLP27,2.196564885496183,False,False
codecontests_cpp_764,clean_no_schema,1,L21H12,0.05059994725738397,True,True
codecontests_cpp_764,clean_no_schema,2,MLP27,0.05503362341772152,True,True
codecontests_cpp_764,clean_schema_mismatch,1,L21H12,0.4452795358649789,True,True
codecontests_cpp_764,clean_schema_mismatch,2,MLP27,0.4576246044303797,True,True
codecontests_cpp_764,clean_no_protocol,1,L21H12,2.282700421940928,False,False
codecontests_cpp_764,clean_no_protocol,2,MLP27,2.637526371308017,True,True
codecontests_cpp_765,clean_no_schema,1,L21H12,0.3751453488372093,True,True
codecontests_cpp_765,clean_no_schema,2,MLP27,0.40218023255813956,True,True
codecontests_cpp_765,clean_schema_mismatch,1,L21H12,0.06348110465116279,True,True
codecontests_cpp_765,clean_schema_mismatch,2,MLP27,0.06677416424418604,True,True
codecontests_cpp_765,clean_no_protocol,1,L21H12,0.9488372093023256,False,False
codecontests_cpp_765,clean_no_protocol,2,MLP27,1.2753633720930233,True,True
codecontests_cpp_766,clean_no_schema,1,L21H12,0.6003218884120172,True,True
codecontests_cpp_766,clean_no_schema,2,MLP27,0.6514216738197425,True,True
codecontests_cpp_766,clean_schema_mismatch,1,L21H12,0.22103004291845493,True,True
codecontests_cpp_766,clean_schema_mismatch,2,MLP27,0.24664699570815452,True,True
codecontests_cpp_766,clean_no_protocol,1,L21H12,2.4978540772532187,False,False
codecontests_cpp_766,clean_no_protocol,2,MLP27,3.7103004291845494,True,True
codecontests_cpp_767,clean_no_schema,1,L21H12,0.5503597122302158,True,True
codecontests_cpp_767,clean_no_schema,2,MLP27,0.6463579136690647,True,True
codecontests_cpp_767,clean_schema_mismatch,1,L21H12,0.5935251798561151,True,True
codecontests_cpp_767,clean_schema_mismatch,2,MLP27,0.6593974820143885,True,True
codecontests_cpp_767,clean_no_protocol,1,L21H12,1.539568345323741,False,False
codecontests_cpp_767,clean_no_protocol,2,MLP27,2.3696043165467624,True,True
codecontests_cpp_769,clean_no_schema,1,L21H12,0.4224137931034483,False,False
codecontests_cpp_769,clean_no_schema,2,MLP27,0.5460129310344828,True,True
codecontests_cpp_769,clean_schema_mismatch,1,L21H12,1.0793103448275863,False,False
codecontests_cpp_769,clean_schema_mismatch,2,MLP27,1.561206896551724,True,True
codecontests_cpp_769,clean_no_protocol,1,L21H12,1.6275862068965516,False,False
codecontests_cpp_769,clean_no_protocol,2,MLP27,3.024137931034483,False,False
codecontests_cpp_770,clean_no_schema,1,L21H12,0.4588888888888889,False,False
codecontests_cpp_770,clean_no_schema,2,MLP27,0.5344444444444445,True,True
codecontests_cpp_770,clean_schema_mismatch,1,L21H12,1.0433333333333332,False,False
codecontests_cpp_770,clean_schema_mismatch,2,MLP27,1.1772222222222222,True,True
codecontests_cpp_770,clean_no_protocol,1,L21H12,1.4177777777777778,False,False
codecontests_cpp_770,clean_no_protocol,2,MLP27,1.9677777777777778,False,False
codecontests_cpp_771,clean_no_schema,1,L21H12,0.6367872807017544,True,True
codecontests_cpp_771,clean_no_schema,2,MLP27,0.6743421052631579,True,True
codecontests_cpp_771,clean_schema_mismatch,1,L21H12,0.46970942982456143,True,True
codecontests_cpp_771,clean_schema_mismatch,2,MLP27,0.49510005482456143,True,True
codecontests_cpp_771,clean_no_protocol,1,L21H12,3.0789473684210527,False,False
codecontests_cpp_771,clean_no_protocol,2,MLP27,4.253289473684211,True,True
codecontests_cpp_772,clean_no_schema,1,L21H12,0.5025252525252525,False,False
codecontests_cpp_772,clean_no_schema,2,MLP27,0.7929292929292929,True,True
codecontests_cpp_772,clean_schema_mismatch,1,L21H12,1.4393939393939394,False,False
codecontests_cpp_772,clean_schema_mismatch,2,MLP27,2.0113636363636362,False,True
codecontests_cpp_772,clean_no_protocol,1,L21H12,2.2222222222222223,False,False
codecontests_cpp_772,clean_no_protocol,2,MLP27,4.166666666666667,False,False
codecontests_cpp_773,clean_no_schema,1,L21H12,0.6205035971223022,False,False
codecontests_cpp_773,clean_no_schema,2,MLP27,0.8264388489208633,False,False
codecontests_cpp_773,clean_schema_mismatch,1,L21H12,0.920863309352518,False,False
codecontests_cpp_773,clean_schema_mismatch,2,MLP27,1.4622302158273381,False,False
codecontests_cpp_773,clean_no_protocol,1,L21H12,1.4676258992805755,False,False
codecontests_cpp_773,clean_no_protocol,2,MLP27,2.6043165467625897,False,False
codecontests_cpp_774,clean_no_schema,1,L21H12,0.2263742469879518,True,True
codecontests_cpp_774,clean_no_schema,2,MLP27,0.2405402861445783,True,True
codecontests_cpp_774,clean_schema_mismatch,1,L21H12,0.06951242469879518,True,True
codecontests_cpp_774,clean_schema_mismatch,2,MLP27,0.07405991152108433,True,True
codecontests_cpp_774,clean_no_protocol,1,L21H12,1.8012048192771084,False,False
codecontests_cpp_774,clean_no_protocol,2,MLP27,2.2748493975903616,True,True
codecontests_cpp_775,clean_no_schema,1,L21H12,1.139655172413793,False,False
codecontests_cpp_775,clean_no_schema,2,MLP27,1.356896551724138,False,False
codecontests_cpp_775,clean_schema_mismatch,1,L21H12,1.9827586206896552,False,False
codecontests_cpp_775,clean_schema_mismatch,2,MLP27,2.3689655172413793,False,False
codecontests_cpp_775,clean_no_protocol,1,L21H12,1.710344827586207,False,False
codecontests_cpp_775,clean_no_protocol,2,MLP27,2.453448275862069,False,False
codecontests_cpp_776,clean_no_schema,1,L21H12,0.34838709677419355,True,True
codecontests_cpp_776,clean_no_schema,2,MLP27,0.43306451612903224,True,True
codecontests_cpp_776,clean_schema_mismatch,1,L21H12,0.5149193548387097,True,True
codecontests_cpp_776,clean_schema_mismatch,2,MLP27,0.6043346774193549,True,True
codecontests_cpp_776,clean_no_protocol,1,L21H12,0.8806451612903226,False,False
codecontests_cpp_776,clean_no_protocol,2,MLP27,1.5419354838709678,False,True
codecontests_cpp_777,clean_no_schema,1,L21H12,1.6793248945147679,False,False
codecontests_cpp_777,clean_no_schema,2,MLP27,2.259493670886076,True,True
codecontests_cpp_777,clean_schema_mismatch,1,L21H12,2.9029535864978904,False,False
codecontests_cpp_777,clean_schema_mismatch,2,MLP27,3.6218354430379747,True,True
codecontests_cpp_777,clean_no_protocol,1,L21H12,4.0168776371308015,False,False
codecontests_cpp_777,clean_no_protocol,2,MLP27,6.312236286919831,False,False
codecontests_cpp_778,clean_no_schema,1,L21H12,1.0,False,False
codecontests_cpp_778,clean_no_schema,2,MLP27,1.1638513513513513,False,False
codecontests_cpp_778,clean_schema_mismatch,1,L21H12,1.6064189189189189,False,False
codecontests_cpp_778,clean_schema_mismatch,2,MLP27,1.7994087837837838,False,True
codecontests_cpp_778,clean_no_protocol,1,L21H12,1.9932432432432432,False,False
codecontests_cpp_778,clean_no_protocol,2,MLP27,2.6030405405405403,False,False
codecontests_cpp_779,clean_no_schema,1,L21H12,0.17875874125874125,True,True
codecontests_cpp_779,clean_no_schema,2,MLP27,0.20618444055944055,True,True
codecontests_cpp_779,clean_schema_mismatch,1,L21H12,0.14985795454545456,True,True
codecontests_cpp_779,clean_schema_mismatch,2,MLP27,0.16148109702797203,True,True
codecontests_cpp_779,clean_no_protocol,1,L21H12,1.4685314685314685,False,False
codecontests_cpp_779,clean_no_protocol,2,MLP27,2.5935314685314683,True,True
codecontests_cpp_780,clean_no_schema,1,L21H12,2.1491228070175437,False,False
codecontests_cpp_780,clean_no_schema,2,MLP27,2.6001461988304095,True,True
codecontests_cpp_780,clean_schema_mismatch,1,L21H12,0.9970760233918129,True,True
codecontests_cpp_780,clean_schema_mismatch,2,MLP27,1.1007858187134503,True,True
codecontests_cpp_780,clean_no_protocol,1,L21H12,2.9473684210526314,False,False
codecontests_cpp_780,clean_no_protocol,2,MLP27,4.640350877192983,False,False
codecontests_cpp_781,clean_no_schema,1,L21H12,0.19290865384615385,True,True
codecontests_cpp_781,clean_no_schema,2,MLP27,0.2132411858974359,True,True
codecontests_cpp_781,clean_schema_mismatch,1,L21H12,0.3661858974358974,True,True
codecontests_cpp_781,clean_schema_mismatch,2,MLP27,0.4172175480769231,True,True
codecontests_cpp_781,clean_no_protocol,1,L21H12,1.6025641025641026,False,False
codecontests_cpp_781,clean_no_protocol,2,MLP27,2.4048477564102564,True,True
codecontests_cpp_782,clean_no_schema,1,L21H12,0.4365808823529412,True,True
codecontests_cpp_782,clean_no_schema,2,MLP27,0.5067784926470589,True,True
codecontests_cpp_782,clean_schema_mismatch,1,L21H12,0.13488051470588236,True,True
codecontests_cpp_782,clean_schema_mismatch,2,MLP27,0.16022805606617646,True,True
codecontests_cpp_782,clean_no_protocol,1,L21H12,2.5441176470588234,False,False
codecontests_cpp_782,clean_no_protocol,2,MLP27,3.667279411764706,False,False
codecontests_cpp_783,clean_no_schema,1,L21H12,0.0840625,True,True
codecontests_cpp_783,clean_no_schema,2,MLP27,0.08852678571428571,True,True
codecontests_cpp_783,clean_schema_mismatch,1,L21H12,0.5757142857142857,True,True
codecontests_cpp_783,clean_schema_mismatch,2,MLP27,0.6340625,True,True
codecontests_cpp_783,clean_no_protocol,1,L21H12,1.1485714285714286,False,False
codecontests_cpp_783,clean_no_protocol,2,MLP27,1.644642857142857,True,True
codecontests_cpp_785,clean_no_schema,1,L21H12,0.24179193037974683,True,True
codecontests_cpp_785,clean_no_schema,2,MLP27,0.255439082278481,True,True
codecontests_cpp_785,clean_schema_mismatch,1,L21H12,0.044130735759493674,True,True
codecontests_cpp_785,clean_schema_mismatch,2,MLP27,0.04787937598892405,True,True
codecontests_cpp_785,clean_no_protocol,1,L21H12,1.7420886075949367,False,False
codecontests_cpp_785,clean_no_protocol,2,MLP27,2.0985957278481013,True,True
codecontests_cpp_786,clean_no_schema,1,L21H12,0.49666666666666665,False,False
codecontests_cpp_786,clean_no_schema,2,MLP27,0.6370833333333333,True,True
codecontests_cpp_786,clean_schema_mismatch,1,L21H12,0.5816666666666667,False,False
codecontests_cpp_786,clean_schema_mismatch,2,MLP27,0.7454166666666666,True,True
codecontests_cpp_786,clean_no_protocol,1,L21H12,1.3666666666666667,False,False
codecontests_cpp_786,clean_no_protocol,2,MLP27,2.45,False,False
codecontests_cpp_787,clean_no_schema,1,L21H12,0.6225165562913907,False,False
codecontests_cpp_787,clean_no_schema,2,MLP27,0.8240894039735099,True,True
codecontests_cpp_787,clean_schema_mismatch,1,L21H12,0.7458609271523179,False,True
codecontests_cpp_787,clean_schema_mismatch,2,MLP27,0.8635658112582781,True,True
codecontests_cpp_787,clean_no_protocol,1,L21H12,1.9205298013245033,False,False
codecontests_cpp_787,clean_no_protocol,2,MLP27,3.001655629139073,False,False
codecontests_cpp_788,clean_no_schema,1,L21H12,0.44142156862745097,True,True
codecontests_cpp_788,clean_no_schema,2,MLP27,0.46253063725490196,True,True
codecontests_cpp_788,clean_schema_mismatch,1,L21H12,0.0065793504901960785,True,True
codecontests_cpp_788,clean_schema_mismatch,2,MLP27,0.008084405637254903,True,True
codecontests_cpp_788,clean_no_protocol,1,L21H12,1.5372549019607844,False,False
codecontests_cpp_788,clean_no_protocol,2,MLP27,2.1269607843137255,True,True
codecontests_cpp_789,clean_no_schema,1,L21H12,0.12265037593984962,True,True
codecontests_cpp_789,clean_no_schema,2,MLP27,0.13604323308270677,True,True
codecontests_cpp_789,clean_schema_mismatch,1,L21H12,0.6663533834586466,True,True
codecontests_cpp_789,clean_schema_mismatch,2,MLP27,0.7318491541353384,True,True
codecontests_cpp_789,clean_no_protocol,1,L21H12,1.6616541353383458,False,False
codecontests_cpp_789,clean_no_protocol,2,MLP27,2.2727913533834587,True,True
codecontests_cpp_790,clean_no_schema,1,L21H12,0.5674342105263158,False,False
codecontests_cpp_790,clean_no_schema,2,MLP27,0.7129934210526315,True,True
codecontests_cpp_790,clean_schema_mismatch,1,L21H12,1.1907894736842106,False,False
codecontests_cpp_790,clean_schema_mismatch,2,MLP27,1.4422286184210527,True,True
codecontests_cpp_790,clean_no_protocol,1,L21H12,2.0592105263157894,False,False
codecontests_cpp_790,clean_no_protocol,2,MLP27,2.929276315789474,False,False
codecontests_cpp_791,clean_no_schema,1,L21H12,0.18495244565217392,True,True
codecontests_cpp_791,clean_no_schema,2,MLP27,0.19460484601449277,True,True
codecontests_cpp_791,clean_schema_mismatch,1,L21H12,1.5018115942028984,False,False
codecontests_cpp_791,clean_schema_mismatch,2,MLP27,1.7174479166666667,True,True
codecontests_cpp_791,clean_no_protocol,1,L21H12,1.6557971014492754,False,False
codecontests_cpp_791,clean_no_protocol,2,MLP27,2.387001811594203,True,True
codecontests_cpp_792,clean_no_schema,1,L21H12,0.38189655172413794,True,True
codecontests_cpp_792,clean_no_schema,2,MLP27,0.4210129310344828,True,True
codecontests_cpp_792,clean_schema_mismatch,1,L21H12,-0.002587890625,True,True
codecontests_cpp_792,clean_schema_mismatch,2,MLP27,-0.00788153286637931,True,True
codecontests_cpp_792,clean_no_protocol,1,L21H12,1.8689655172413793,False,False
codecontests_cpp_792,clean_no_protocol,2,MLP27,3.1517241379310343,False,False
codecontests_cpp_793,clean_no_schema,1,L21H12,0.3798076923076923,False,True
codecontests_cpp_793,clean_no_schema,2,MLP27,0.4371995192307692,True,True
codecontests_cpp_793,clean_schema_mismatch,1,L21H12,0.7403846153846154,False,False
codecontests_cpp_793,clean_schema_mismatch,2,MLP27,1.2938701923076923,True,True
codecontests_cpp_793,clean_no_protocol,1,L21H12,1.75,False,False
codecontests_cpp_793,clean_no_protocol,2,MLP27,3.6586538461538463,False,False
codecontests_cpp_794,clean_no_schema,1,L21H12,0.20190135542168675,True,True
codecontests_cpp_794,clean_no_schema,2,MLP27,0.21037274096385541,True,True
codecontests_cpp_794,clean_schema_mismatch,1,L21H12,0.5655120481927711,True,True
codecontests_cpp_794,clean_schema_mismatch,2,MLP27,0.6471667921686747,True,True
codecontests_cpp_794,clean_no_protocol,1,L21H12,1.9759036144578312,False,False
codecontests_cpp_794,clean_no_protocol,2,MLP27,3.105421686746988,False,False
codecontests_cpp_795,clean_no_schema,1,L21H12,0.3565051020408163,False,False
codecontests_cpp_795,clean_no_schema,2,MLP27,0.41677295918367346,True,True
codecontests_cpp_795,clean_schema_mismatch,1,L21H12,0.42091836734693877,True,True
codecontests_cpp_795,clean_schema_mismatch,2,MLP27,0.47050382653061223,True,True
codecontests_cpp_795,clean_no_protocol,1,L21H12,1.3061224489795917,False,False
codecontests_cpp_795,clean_no_protocol,2,MLP27,1.9630102040816326,False,False
codecontests_cpp_796,clean_no_schema,1,L21H12,0.7334070796460177,False,False
codecontests_cpp_796,clean_no_schema,2,MLP27,0.8720962389380531,True,True
codecontests_cpp_796,clean_schema_mismatch,1,L21H12,0.08137444690265487,True,True
codecontests_cpp_796,clean_schema_mismatch,2,MLP27,0.08459364629424779,True,True
codecontests_cpp_796,clean_no_protocol,1,L21H12,1.5132743362831858,False,False
codecontests_cpp_796,clean_no_protocol,2,MLP27,2.2577433628318584,False,True
codecontests_cpp_797,clean_no_schema,1,L21H12,0.8756345177664975,False,False
codecontests_cpp_797,clean_no_schema,2,MLP27,1.115482233502538,True,True
codecontests_cpp_797,clean_schema_mismatch,1,L21H12,1.6802030456852792,False,False
codecontests_cpp_797,clean_schema_mismatch,2,MLP27,2.128489847715736,True,True
codecontests_cpp_797,clean_no_protocol,1,L21H12,2.1624365482233503,False,False
codecontests_cpp_797,clean_no_protocol,2,MLP27,3.563451776649746,False,True
codecontests_cpp_798,clean_no_schema,1,L21H12,0.7614285714285715,False,False
codecontests_cpp_798,clean_no_schema,2,MLP27,0.9814285714285714,False,True
codecontests_cpp_798,clean_schema_mismatch,1,L21H12,1.4857142857142858,False,False
codecontests_cpp_798,clean_schema_mismatch,2,MLP27,1.8457142857142856,False,False
codecontests_cpp_798,clean_no_protocol,1,L21H12,1.3,False,False
codecontests_cpp_798,clean_no_protocol,2,MLP27,1.8014285714285714,True,True
codecontests_cpp_799,clean_no_schema,1,L21H12,0.5710358796296297,True,True
codecontests_cpp_799,clean_no_schema,2,MLP27,0.5933883101851852,True,True
codecontests_cpp_799,clean_schema_mismatch,1,L21H12,0.058991608796296294,True,True
codecontests_cpp_799,clean_schema_mismatch,2,MLP27,0.06488263165509259,True,True
codecontests_cpp_799,clean_no_protocol,1,L21H12,2.0555555555555554,False,False
codecontests_cpp_799,clean_no_protocol,2,MLP27,2.691550925925926,True,True
codecontests_cpp_800,clean_no_schema,1,L21H12,0.5799180327868853,False,False
codecontests_cpp_800,clean_no_schema,2,MLP27,0.8299180327868853,False,False
codecontests_cpp_800,clean_schema_mismatch,1,L21H12,0.47438524590163933,False,False
codecontests_cpp_800,clean_schema_mismatch,2,MLP27,0.6716188524590164,True,True
codecontests_cpp_800,clean_no_protocol,1,L21H12,1.9180327868852458,False,False
codecontests_cpp_800,clean_no_protocol,2,MLP27,3.0942622950819674,False,False
codecontests_cpp_801,clean_no_schema,1,L21H12,0.12974759615384615,True,True
codecontests_cpp_801,clean_no_schema,2,MLP27,0.1396484375,True,True
codecontests_cpp_801,clean_schema_mismatch,1,L21H12,0.013454026442307693,True,True
codecontests_cpp_801,clean_schema_mismatch,2,MLP27,0.014501014122596153,True,True
codecontests_cpp_801,clean_no_protocol,1,L21H12,1.2653846153846153,False,False
codecontests_cpp_801,clean_no_protocol,2,MLP27,1.7348557692307693,True,True
codecontests_cpp_802,clean_no_schema,1,L21H12,0.27225130890052357,False,False
codecontests_cpp_802,clean_no_schema,2,MLP27,0.362401832460733,True,True
codecontests_cpp_802,clean_schema_mismatch,1,L21H12,0.36387434554973824,True,True
codecontests_cpp_802,clean_schema_mismatch,2,MLP27,0.44028141361256545,True,True
codecontests_cpp_802,clean_no_protocol,1,L21H12,1.6230366492146597,False,False
codecontests_cpp_802,clean_no_protocol,2,MLP27,2.7460732984293195,False,False
codecontests_cpp_803,clean_no_schema,1,L21H12,0.5924479166666666,True,True
codecontests_cpp_803,clean_no_schema,2,MLP27,0.6219889322916666,True,True
codecontests_cpp_803,clean_schema_mismatch,1,L21H12,0.10782877604166667,True,True
codecontests_cpp_803,clean_schema_mismatch,2,MLP27,0.11635335286458333,True,True
codecontests_cpp_803,clean_no_protocol,1,L21H12,2.75,False,False
codecontests_cpp_803,clean_no_protocol,2,MLP27,4.29296875,True,True
codecontests_cpp_804,clean_no_schema,1,L21H12,1.5782312925170068,False,False
codecontests_cpp_804,clean_no_schema,2,MLP27,2.139455782312925,False,False
codecontests_cpp_804,clean_schema_mismatch,1,L21H12,2.0816326530612246,False,False
codecontests_cpp_804,clean_schema_mismatch,2,MLP27,2.729591836734694,True,True
codecontests_cpp_804,clean_no_protocol,1,L21H12,2.5850340136054424,False,False
codecontests_cpp_804,clean_no_protocol,2,MLP27,4.391156462585034,False,False
codecontests_cpp_805,clean_no_schema,1,L21H12,0.6741803278688525,False,False
codecontests_cpp_805,clean_no_schema,2,MLP27,0.7674180327868853,False,False
codecontests_cpp_805,clean_schema_mismatch,1,L21H12,2.1721311475409837,False,False
codecontests_cpp_805,clean_schema_mismatch,2,MLP27,2.6383196721311477,True,True
codecontests_cpp_805,clean_no_protocol,1,L21H12,1.9180327868852458,False,False
codecontests_cpp_805,clean_no_protocol,2,MLP27,3.3160860655737703,True,True
codecontests_cpp_806,clean_no_schema,1,L21H12,0.595108695652174,False,False
codecontests_cpp_806,clean_no_schema,2,MLP27,0.6694972826086957,True,True
codecontests_cpp_806,clean_schema_mismatch,1,L21H12,0.11485224184782608,True,True
codecontests_cpp_806,clean_schema_mismatch,2,MLP27,0.12446925951086957,True,True
codecontests_cpp_806,clean_no_protocol,1,L21H12,1.0543478260869565,False,False
codecontests_cpp_806,clean_no_protocol,2,MLP27,1.4252717391304348,False,False
codecontests_cpp_807,clean_no_schema,1,L21H12,0.10492549668874172,True,True
codecontests_cpp_807,clean_no_schema,2,MLP27,0.12220612582781457,True,True
codecontests_cpp_807,clean_schema_mismatch,1,L21H12,0.21005794701986755,True,True
codecontests_cpp_807,clean_schema_mismatch,2,MLP27,0.23775093129139072,True,True
codecontests_cpp_807,clean_no_protocol,1,L21H12,2.006622516556291,False,False
codecontests_cpp_807,clean_no_protocol,2,MLP27,3.1556291390728477,False,False
codecontests_cpp_808,clean_no_schema,1,L21H12,0.5248618784530387,True,True
codecontests_cpp_808,clean_no_schema,2,MLP27,0.5991022099447514,True,True
codecontests_cpp_808,clean_schema_mismatch,1,L21H12,0.38087016574585636,True,True
codecontests_cpp_808,clean_schema_mismatch,2,MLP27,0.4390970303867403,True,True
codecontests_cpp_808,clean_no_protocol,1,L21H12,2.0,False,False
codecontests_cpp_808,clean_no_protocol,2,MLP27,3.0918508287292816,True,True
codecontests_cpp_810,clean_no_schema,1,L21H12,0.3701923076923077,False,False
codecontests_cpp_810,clean_no_schema,2,MLP27,0.49690934065934067,True,True
codecontests_cpp_810,clean_schema_mismatch,1,L21H12,0.6510989010989011,False,False
codecontests_cpp_810,clean_schema_mismatch,2,MLP27,0.992445054945055,False,False
codecontests_cpp_810,clean_no_protocol,1,L21H12,0.6703296703296703,False,False
codecontests_cpp_810,clean_no_protocol,2,MLP27,1.2355769230769231,False,False
codecontests_cpp_812,clean_no_schema,1,L21H12,0.3890224358974359,True,True
codecontests_cpp_812,clean_no_schema,2,MLP27,0.41586538461538464,True,True
codecontests_cpp_812,clean_schema_mismatch,1,L21H12,0.11688701923076923,True,True
codecontests_cpp_812,clean_schema_mismatch,2,MLP27,0.12827398838141027,True,True
codecontests_cpp_812,clean_no_protocol,1,L21H12,1.4006410256410255,False,False
codecontests_cpp_812,clean_no_protocol,2,MLP27,1.8072916666666667,True,True
codecontests_cpp_813,clean_no_schema,1,L21H12,0.11690512048192771,True,True
codecontests_cpp_813,clean_no_schema,2,MLP27,0.10862198795180723,True,True
codecontests_cpp_813,clean_schema_mismatch,1,L21H12,2.8102409638554215,False,False
codecontests_cpp_813,clean_schema_mismatch,2,MLP27,3.276355421686747,False,True
codecontests_cpp_813,clean_no_protocol,1,L21H12,3.2771084337349397,False,False
codecontests_cpp_813,clean_no_protocol,2,MLP27,5.02710843373494,False,False
codecontests_cpp_814,clean_no_schema,1,L21H12,0.7191489361702128,False,False
codecontests_cpp_814,clean_no_schema,2,MLP27,1.098936170212766,False,False
codecontests_cpp_814,clean_schema_mismatch,1,L21H12,0.9936170212765958,False,False
codecontests_cpp_814,clean_schema_mismatch,2,MLP27,1.3952127659574467,True,True
codecontests_cpp_814,clean_no_protocol,1,L21H12,2.1617021276595745,False,False
codecontests_cpp_814,clean_no_protocol,2,MLP27,3.795744680851064,False,False
codecontests_cpp_815,clean_no_schema,1,L21H12,0.6325757575757576,True,True
codecontests_cpp_815,clean_no_schema,2,MLP27,0.670995670995671,True,True
codecontests_cpp_815,clean_schema_mismatch,1,L21H12,1.173160173160173,True,True
codecontests_cpp_815,clean_schema_mismatch,2,MLP27,1.2886904761904763,True,True
codecontests_cpp_815,clean_no_protocol,1,L21H12,3.186147186147186,False,False
codecontests_cpp_815,clean_no_protocol,2,MLP27,4.501082251082251,False,True
codecontests_cpp_816,clean_no_schema,1,L21H12,0.44583333333333336,False,False
codecontests_cpp_816,clean_no_schema,2,MLP27,0.5565972222222222,False,True
codecontests_cpp_816,clean_schema_mismatch,1,L21H12,0.9222222222222223,False,False
codecontests_cpp_816,clean_schema_mismatch,2,MLP27,1.1392361111111111,True,True
codecontests_cpp_816,clean_no_protocol,1,L21H12,0.9888888888888889,False,False
codecontests_cpp_816,clean_no_protocol,2,MLP27,1.5081597222222223,True,True
codecontests_cpp_817,clean_no_schema,1,L21H12,1.162162162162162,False,False
codecontests_cpp_817,clean_no_schema,2,MLP27,1.3195382882882882,True,True
codecontests_cpp_817,clean_schema_mismatch,1,L21H12,2.3828828828828827,False,False
codecontests_cpp_817,clean_schema_mismatch,2,MLP27,3.0095720720720722,True,True
codecontests_cpp_817,clean_no_protocol,1,L21H12,1.7837837837837838,False,False
codecontests_cpp_817,clean_no_protocol,2,MLP27,2.394144144144144,True,True
codecontests_cpp_818,clean_no_schema,1,L21H12,0.5314814814814814,True,True
codecontests_cpp_818,clean_no_schema,2,MLP27,0.612037037037037,True,True
codecontests_cpp_818,clean_schema_mismatch,1,L21H12,1.0425925925925925,False,False
codecontests_cpp_818,clean_schema_mismatch,2,MLP27,1.3782407407407407,True,True
codecontests_cpp_818,clean_no_protocol,1,L21H12,1.3777777777777778,False,False
codecontests_cpp_818,clean_no_protocol,2,MLP27,2.4277777777777776,False,False
codecontests_cpp_819,clean_no_schema,1,L21H12,0.44058641975308643,True,True
codecontests_cpp_819,clean_no_schema,2,MLP27,0.4955632716049383,True,True
codecontests_cpp_819,clean_schema_mismatch,1,L21H12,0.2222222222222222,True,True
codecontests_cpp_819,clean_schema_mismatch,2,MLP27,0.23861882716049382,True,True
codecontests_cpp_819,clean_no_protocol,1,L21H12,1.6790123456790123,False,False
codecontests_cpp_819,clean_no_protocol,2,MLP27,2.6674382716049383,True,True
codecontests_cpp_820,clean_no_schema,1,L21H12,1.18125,False,False
codecontests_cpp_820,clean_no_schema,2,MLP27,1.3947916666666667,False,False
codecontests_cpp_820,clean_schema_mismatch,1,L21H12,2.2958333333333334,False,False
codecontests_cpp_820,clean_schema_mismatch,2,MLP27,2.808333333333333,False,False
codecontests_cpp_820,clean_no_protocol,1,L21H12,1.8958333333333333,False,False
codecontests_cpp_820,clean_no_protocol,2,MLP27,2.441666666666667,False,True
codecontests_cpp_821,clean_no_schema,1,L21H12,0.5262276785714286,True,True
codecontests_cpp_821,clean_no_schema,2,MLP27,0.5909598214285714,True,True
codecontests_cpp_821,clean_schema_mismatch,1,L21H12,0.5002790178571429,True,True
codecontests_cpp_821,clean_schema_mismatch,2,MLP27,0.5417829241071429,True,True
codecontests_cpp_821,clean_no_protocol,1,L21H12,1.7723214285714286,False,False
codecontests_cpp_821,clean_no_protocol,2,MLP27,2.5345982142857144,True,True
codecontests_cpp_822,clean_no_schema,1,L21H12,0.5293367346938775,True,True
codecontests_cpp_822,clean_no_schema,2,MLP27,0.5782844387755102,True,True
codecontests_cpp_822,clean_schema_mismatch,1,L21H12,0.17067920918367346,True,True
codecontests_cpp_822,clean_schema_mismatch,2,MLP27,0.18345424107142858,True,True
codecontests_cpp_822,clean_no_protocol,1,L21H12,1.5739795918367347,False,False
codecontests_cpp_822,clean_no_protocol,2,MLP27,2.0526147959183674,True,True
codecontests_cpp_823,clean_no_schema,1,L21H12,0.34723557692307694,True,True
codecontests_cpp_823,clean_no_schema,2,MLP27,0.36144831730769234,True,True
codecontests_cpp_823,clean_schema_mismatch,1,L21H12,0.5734375,True,True
codecontests_cpp_823,clean_schema_mismatch,2,MLP27,0.5967397836538462,True,True
codecontests_cpp_823,clean_no_protocol,1,L21H12,2.730769230769231,False,False
codecontests_cpp_823,clean_no_protocol,2,MLP27,3.8129807692307693,True,True
codecontests_cpp_824,clean_no_schema,1,L21H12,0.2382373595505618,True,True
codecontests_cpp_824,clean_no_schema,2,MLP27,0.2582952949438202,True,True
codecontests_cpp_824,clean_schema_mismatch,1,L21H12,0.2749297752808989,True,True
codecontests_cpp_824,clean_schema_mismatch,2,MLP27,0.29152036516853935,True,True
codecontests_cpp_824,clean_no_protocol,1,L21H12,1.3314606741573034,False,False
codecontests_cpp_824,clean_no_protocol,2,MLP27,1.8883426966292134,True,True
codecontests_cpp_825,clean_no_schema,1,L21H12,0.3880597014925373,False,True
codecontests_cpp_825,clean_no_schema,2,MLP27,0.472714552238806,True,True
codecontests_cpp_825,clean_schema_mismatch,1,L21H12,0.855410447761194,False,False
codecontests_cpp_825,clean_schema_mismatch,2,MLP27,1.0250699626865671,True,True
codecontests_cpp_825,clean_no_protocol,1,L21H12,1.1753731343283582,False,False
codecontests_cpp_825,clean_no_protocol,2,MLP27,2.0107276119402986,False,True
codecontests_cpp_826,clean_no_schema,1,L21H12,0.27121212121212124,True,True
codecontests_cpp_826,clean_no_schema,2,MLP27,0.29460227272727274,True,True
codecontests_cpp_826,clean_schema_mismatch,1,L21H12,0.5666666666666667,False,False
codecontests_cpp_826,clean_schema_mismatch,2,MLP27,0.640530303030303,True,True
codecontests_cpp_826,clean_no_protocol,1,L21H12,0.8636363636363636,False,False
codecontests_cpp_826,clean_no_protocol,2,MLP27,1.2522727272727272,True,True
codecontests_cpp_827,clean_no_schema,1,L21H12,0.22116815476190477,True,True
codecontests_cpp_827,clean_no_schema,2,MLP27,0.22842261904761904,True,True
codecontests_cpp_827,clean_schema_mismatch,1,L21H12,0.9293154761904762,False,True
codecontests_cpp_827,clean_schema_mismatch,2,MLP27,1.097563244047619,True,True
codecontests_cpp_827,clean_no_protocol,1,L21H12,2.2916666666666665,False,False
codecontests_cpp_827,clean_no_protocol,2,MLP27,3.0773809523809526,True,True
codecontests_cpp_828,clean_no_schema,1,L21H12,1.0440476190476191,True,True
codecontests_cpp_828,clean_no_schema,2,MLP27,1.143154761904762,True,True
codecontests_cpp_828,clean_schema_mismatch,1,L21H12,0.9220238095238096,True,True
codecontests_cpp_828,clean_schema_mismatch,2,MLP27,1.0039434523809523,True,True
codecontests_cpp_828,clean_no_protocol,1,L21H12,1.1571428571428573,False,False
codecontests_cpp_828,clean_no_protocol,2,MLP27,1.6011904761904763,True,True
codecontests_cpp_829,clean_no_schema,1,L21H12,0.6325503355704698,False,False
codecontests_cpp_829,clean_no_schema,2,MLP27,0.7806208053691275,False,False
codecontests_cpp_829,clean_schema_mismatch,1,L21H12,0.785234899328859,False,False
codecontests_cpp_829,clean_schema_mismatch,2,MLP27,1.0291526845637584,False,True
codecontests_cpp_829,clean_no_protocol,1,L21H12,0.8691275167785235,False,False
codecontests_cpp_829,clean_no_protocol,2,MLP27,1.4735738255033557,False,True
codecontests_cpp_830,clean_no_schema,1,L21H12,0.15789473684210525,True,True
codecontests_cpp_830,clean_no_schema,2,MLP27,0.1875,True,True
codecontests_cpp_830,clean_schema_mismatch,1,L21H12,1.0338345864661653,False,False
codecontests_cpp_830,clean_schema_mismatch,2,MLP27,1.320841165413534,True,True
codecontests_cpp_830,clean_no_protocol,1,L21H12,1.4210526315789473,False,False
codecontests_cpp_830,clean_no_protocol,2,MLP27,2.3157894736842106,False,False
