source,target,forward_support,reverse_support,shared_support_min,union_support_max,support_delta_reverse_minus_forward,direction_balance
MLP27,Residual Output: decision,0.9991336471252141,0.9987014951131101,0.9987014951131101,0.9991336471252141,-0.00043215201210400345,-0.00021631014640168518
L24H6,Residual Output: decision,0.9760582883418013,0.9940456974954627,0.9760582883418013,0.9940456974954627,0.01798740915366137,0.009130182611156435
L23H6,Residual Output: decision,0.9942720313942044,0.8615589190697435,0.8615589190697435,0.9942720313942044,-0.13271311232446092,-0.07151142311280204
L21H12,MLP27,0.6710295822785123,0.7107034032644163,0.6710295822785123,0.7107034032644163,0.039673820985903996,0.028713088129914507
L24H6,MLP27,0.6690822692484475,0.9727802217633473,0.6690822692484475,0.9727802217633473,0.30369795251489984,0.18497161252995462
MLP19,L21H12,0.6551176077571629,0.5970406484429376,0.5970406484429376,0.6551176077571629,-0.058076959314225296,-0.046381484949410696
MLP16,MLP17,0.45475191932730497,0.6071139610963263,0.45475191932730497,0.6071139610963263,0.15236204176902135,0.1434852033368249
MLP17,L21H12,0.44253809663720817,0.5867478907400285,0.44253809663720817,0.5867478907400285,0.14420979410282037,0.14010663301682258
L21H1,MLP27,0.40294003766906955,0.4082041371061881,0.40294003766906955,0.4082041371061881,0.00526409943711853,0.006489721064170922
MLP17,MLP19,0.4020544800277222,0.5928365841449019,0.4020544800277222,0.5928365841449019,0.19078210411717972,0.19176180286214434
MLP16,L17H8,0.4007821527476944,0.4697037465669286,0.4007821527476944,0.4697037465669286,0.06892159381923418,0.07917600259062163
MLP19,L21H1,0.6251361723041999,0.3848761315507859,0.3848761315507859,0.6251361723041999,-0.240260040753414,-0.23787833062666308
MLP17,L21H1,0.4086870786730908,0.374175875809605,0.374175875809605,0.4086870786730908,-0.0345112028634858,-0.04408332603538546
MLP16,MLP19,0.31589035862954773,0.3322570643183704,0.31589035862954773,0.3322570643183704,0.016366705688822647,0.025251517030466995
MLP19,L20H5,0.31014646668002827,0.3427600382220291,0.31014646668002827,0.3427600382220291,0.03261357154200084,0.04995136561994157
L23H6,MLP27,0.3058531534738389,0.32187687338386606,0.3058531534738389,0.32187687338386606,0.016023719910027157,0.02552645122018266
L21H12,L23H6,0.9668572852467492,0.28592824865791444,0.28592824865791444,0.9668572852467492,-0.6809290365888347,-0.5435320078022653
L23H6,L24H6,0.9181655112221915,0.28292495684350943,0.28292495684350943,0.9181655112221915,-0.6352405543786821,-0.5288865171011696
L17H8,MLP19,0.2424393414367111,0.26902223887601734,0.2424393414367111,0.26902223887601734,0.026582897439306252,0.051974377866373433
MLP16,L21H12,0.22031275886672516,0.25111109950475796,0.22031275886672516,0.25111109950475796,0.0307983406380328,0.06533046660901841
L16H8,MLP17,0.20287632368667685,0.6098930192547963,0.20287632368667685,0.6098930192547963,0.4070166955681195,0.5007776180325596
L21H12,L24H6,0.6586688198752297,0.20031626569666694,0.20031626569666694,0.6586688198752297,-0.4583525541785628,-0.5335978026596352
MLP17,L20H5,0.18894770438131644,0.4055796262409776,0.18894770438131644,0.4055796262409776,0.21663192185966115,0.36437672534400006
MLP11,MLP16,0.24839308111935127,0.18265550418997853,0.18265550418997853,0.24839308111935127,-0.06573757692937274,-0.15250618879121952
MLP12,MLP16,0.18056772513464933,0.25363516674202663,0.18056772513464933,0.25363516674202663,0.0730674416073773,0.16827949093469005
L16H4,MLP17,0.17823767402403098,0.4113800923525468,0.17823767402403098,0.4113800923525468,0.23314241832851582,0.3954128108473789
Input Embed,L2H14,0.4585891482342316,0.17696483837184993,0.17696483837184993,0.4585891482342316,-0.2816243098623816,-0.44311626674908
MLP17,L18H14,0.2648512666400386,0.1724349798046261,0.1724349798046261,0.2648512666400386,-0.0924162868354125,-0.2113404836918581
MLP16,L17H2,0.1579950665520813,0.30009418483057904,0.1579950665520813,0.30009418483057904,0.14209911827849775,0.31019963434985
MLP17,MLP18,0.15245062919533578,0.17354889388314088,0.15245062919533578,0.17354889388314088,0.021098264687805096,0.06471869801700963
L13H9,MLP16,0.15261594984134322,0.14109622278105435,0.14109622278105435,0.15261594984134322,-0.011519727060288865,-0.03922114278558984
MLP16,L20H5,0.1630991971589887,0.13863993251934978,0.13863993251934978,0.1630991971589887,-0.024459264639638933,-0.08106096370634172
MLP11,MLP12,0.13804995409310075,0.1446177188087482,0.13804995409310075,0.1446177188087482,0.006567764715647462,0.0232349339711301
MLP16,L17H12,0.13454453252263934,0.1535284711340249,0.13454453252263934,0.1535284711340249,0.01898393861138556,0.06589974891924028
MLP16,L21H1,0.20240053661248145,0.13399714883403482,0.13399714883403482,0.20240053661248145,-0.06840338777844662,-0.2033408395413055
Input Embed,L2H15,0.1329143229061988,0.13895541433767197,0.1329143229061988,0.13895541433767197,0.006041091431473161,0.02222053654340432
MLP16,L18H14,0.2247341181368313,0.1270182934201751,0.1270182934201751,0.2247341181368313,-0.09771582471665621,-0.27779717069777643
L20H5,L21H12,0.3897521558643775,0.12699942663289365,0.12699942663289365,0.3897521558643775,-0.26275272923148385,-0.5084701007816873
L12H6,MLP16,0.1287510712334068,0.12516284886620183,0.12516284886620183,0.1287510712334068,-0.003588222367204963,-0.014131648890290572
L18H14,MLP19,0.1302646863784441,0.12418687950041574,0.12418687950041574,0.1302646863784441,-0.006077806878028363,-0.023885908727014498
MLP11,L12H6,0.22910144366422971,0.11807719556599695,0.11807719556599695,0.22910144366422971,-0.11102424809823276,-0.3197899742461073
MLP11,L16H4,0.10959589494031456,0.1774363132392164,0.10959589494031456,0.1774363132392164,0.06784041829890185,0.23635123991545048
Input Embed,MLP4,0.1280290779619395,0.10449249939100658,0.10449249939100658,0.1280290779619395,-0.023536578570932915,-0.10122320190184579
L16H4,L17H8,0.10295024410106442,0.1275231337974426,0.10295024410106442,0.1275231337974426,0.024572889696378178,0.1066192109493847
MLP20,L21H12,0.10166708266516436,0.115703064050718,0.10166708266516436,0.115703064050718,0.014035981385553634,0.06457179883077331
MLP12,L13H9,0.10105096226170852,0.14090573257114536,0.10105096226170852,0.14090573257114536,0.039854770309436835,0.1647186094064019
MLP13,MLP16,0.09559660551292049,0.10282986580351755,0.09559660551292049,0.10282986580351755,0.0072332602905970655,0.036453101456720045
MLP18,MLP19,0.09412310211622942,0.1311919783509134,0.09412310211622942,0.1311919783509134,0.03706887623468398,0.16452017396185628
L21H1,L24H6,0.3971954525985721,0.09305910558222018,0.09305910558222018,0.3971954525985721,-0.3041363470163519,-0.6203641392849526
Input Embed,MLP6,0.09283194020776181,0.1190755573620605,0.09283194020776181,0.1190755573620605,0.026243617154298696,0.12384468438003982
MLP12,L16H4,0.08882627239533265,0.27258616986143863,0.08882627239533265,0.27258616986143863,0.183759897466106,0.5084492839224135
MLP19,L20H14,0.0887981927548968,0.14313172815038605,0.0887981927548968,0.14313172815038605,0.054333535395489255,0.23426703714385502
Input Embed,MLP3,0.08792646687486236,0.10813437338827106,0.08792646687486236,0.10813437338827106,0.020207906513408702,0.1030695700696154
Input Embed,MLP2,0.1419358246225045,0.08766368565733065,0.08766368565733065,0.1419358246225045,-0.054272138965173855,-0.23637741604512633
MLP12,L17H8,0.08743918273700484,0.1473476938896082,0.08743918273700484,0.1473476938896082,0.05990851115260336,0.25516124245682287
L13H3,MLP16,0.0859687200606697,0.09704184727630641,0.0859687200606697,0.09704184727630641,0.011073127215636705,0.060505398003864064
Input Embed,MLP5,0.08344560112088151,0.11796187528168728,0.08344560112088151,0.11796187528168728,0.03451627416080577,0.17137533708935118
L16H8,L17H8,0.08175069484722092,0.21107736237357858,0.08175069484722092,0.21107736237357858,0.12932666752635766,0.44164711794963757
L9H3,MLP12,0.08094917074295059,0.0843765082379236,0.08094917074295059,0.0843765082379236,0.0034273374949730095,0.02073082364518523
L16H8,L17H2,0.07999726182406217,0.18670697764113403,0.07999726182406217,0.18670697764113403,0.10670971581707187,0.4001050603134378
Input Embed,L9H3,0.07938390833139108,0.11374481418526086,0.07938390833139108,0.11374481418526086,0.03436090585386978,0.1779171187284538
L17H12,MLP19,0.07658355918071152,0.09499764611092067,0.07658355918071152,0.09499764611092067,0.018414086930209142,0.10731995324844111
MLP11,L13H9,0.09800275490470502,0.07635435880458503,0.07635435880458503,0.09800275490470502,-0.021648396100119982,-0.1241612437804797
MLP12,MLP17,0.09447070084467031,0.07613789726143563,0.07613789726143563,0.09447070084467031,-0.018332803583234678,-0.10745533218573794
MLP18,L21H12,0.1461615197714942,0.07592609665621289,0.07592609665621289,0.1461615197714942,-0.0702354231152813,-0.31625096547489856
MLP12,L16H8,0.07541408244311214,0.29965684563577605,0.07541408244311214,0.29965684563577605,0.2242427631926639,0.5978676202424817
L17H8,MLP18,0.07535777559319033,0.10296669222913907,0.07535777559319033,0.10296669222913907,0.027608916635948735,0.15482405175859779
L21H1,L23H6,0.8697577760988686,0.07497920265749305,0.07497920265749305,0.8697577760988686,-0.7947785734413756,-0.841269677500727
L10H2,MLP11,0.11322630479451165,0.07249365852649153,0.07249365852649153,0.11322630479451165,-0.04073264626802012,-0.21932292866985312
MLP16,MLP18,0.10227303612271628,0.07099238694433213,0.07099238694433213,0.10227303612271628,-0.03128064917838415,-0.18053601592672935
L12H6,MLP13,0.07917275249951765,0.06887153947796727,0.06887153947796727,0.07917275249951765,-0.010301213021550376,-0.0695819668827017
MLP12,MLP13,0.06832283991175722,0.08876823158479093,0.06832283991175722,0.08876823158479093,0.020445391673033705,0.13014992818024645
Input Embed,MLP1,0.06649108480518413,0.07894911502782827,0.06649108480518413,0.07894911502782827,0.012458030222644134,0.08565740584066757
Input Embed,MLP0,0.06638645678136126,0.07570396301762079,0.06638645678136126,0.07570396301762079,0.009317506236259529,0.06557448594663297
MLP19,L23H6,0.06392367992455446,0.4975182430740267,0.06392367992455446,0.4975182430740267,0.43359456314947226,0.7722874715762328
L20H5,L21H1,0.35596700403144654,0.06364791126343083,0.06364791126343083,0.35596700403144654,-0.2923190927680157,-0.6966365639376602
MLP20,L21H1,0.09295078528681622,0.06352306259110585,0.06352306259110585,0.09295078528681622,-0.029427722695710368,-0.18806799407572133
MLP11,L17H8,0.15195172592933726,0.06312470045660556,0.06312470045660556,0.15195172592933726,-0.08882702547273169,-0.41300214516925476
Input Embed,MLP11,0.06186921453521937,0.11708384670709487,0.06186921453521937,0.11708384670709487,0.055214632171875506,0.3085425406448412
MLP11,L16H8,0.06146370856374643,0.1734093685328546,0.06146370856374643,0.1734093685328546,0.11194565996910817,0.4766219328027367
L10H2,MLP12,0.06104101726438654,0.06205598872300427,0.06104101726438654,0.06205598872300427,0.0010149714586177236,0.008245297685970446
L15H5,MLP16,0.060097922800977414,0.1319737616317442,0.060097922800977414,0.1319737616317442,0.07187583883076679,0.3742136121888558
MLP13,L17H8,0.0652891444867289,0.05990534786610063,0.05990534786610063,0.0652891444867289,-0.005383796620628267,-0.0430034622086679
MLP17,L20H14,0.05726791072312397,0.15958137924100824,0.05726791072312397,0.15958137924100824,0.10231346851788427,0.47181832384513384
L13H6,MLP16,0.09140113786962349,0.05655093090046185,0.05655093090046185,0.09140113786962349,-0.03485020696916164,-0.23555065676924186
L9H3,MLP11,0.07777030260990261,0.05533670704416033,0.05533670704416033,0.07777030260990261,-0.022433595565742287,-0.1685380478762602
L15H5,L16H8,0.05321028188252317,0.1395517459236575,0.05321028188252317,0.1395517459236575,0.08634146404113432,0.4479173882106562
L17H2,MLP18,0.05298396367398325,0.08563376756303673,0.05298396367398325,0.08563376756303673,0.032649803889053475,0.23553843795947113
L16H9,L17H8,0.05198158867649398,0.05207666221168299,0.05198158867649398,0.05207666221168299,9.507353518901224e-05,0.0009136568640883664
L17H2,MLP19,0.05055639031185215,0.170606458429244,0.05055639031185215,0.170606458429244,0.12005006811739184,0.5428129941386685
L2H14,MLP12,0.05712869252480012,0.05023606392623293,0.05023606392623293,0.05712869252480012,-0.006892628598567194,-0.06419824182911257
MLP11,MLP13,0.0805341052795929,0.04962106696310064,0.04962106696310064,0.0805341052795929,-0.03091303831649226,-0.23750910381686818
L11H1,MLP16,0.04830341458281666,0.08437811596173032,0.04830341458281666,0.08437811596173032,0.036074701378913665,0.27188939734759704
MLP17,L23H6,0.04803815963599148,0.5379207936065118,0.04803815963599148,0.5379207936065118,0.48988263397052034,0.8360357517530396
MLP13,L16H4,0.04799450801948984,0.1016228996764369,0.04799450801948984,0.1016228996764369,0.05362839165694706,0.35843684557039057
Input Embed,L6H0,0.052079686885359286,0.04761126426051944,0.04761126426051944,0.052079686885359286,-0.004468422624839846,-0.044822750445034476
MLP10,L16H8,0.04747034418282887,0.05313021263590686,0.04747034418282887,0.05313021263590686,0.00565986845307799,0.05626080642153964
L12H6,MLP17,0.047421500520064594,0.0473490127033671,0.0473490127033671,0.047421500520064594,-7.248781669749738e-05,-0.0007648773255727712
L2H14,MLP11,0.18811427469565423,0.047189542593148774,0.047189542593148774,0.18811427469565423,-0.14092473210250545,-0.5989054224714925
MLP19,MLP20,0.046944498752875624,0.09535191726721165,0.046944498752875624,0.09535191726721165,0.048407418514336026,0.3401871942263296
MLP13,MLP17,0.04776704787443902,0.046196887008752956,0.046196887008752956,0.04776704787443902,-0.0015701608656860655,-0.016710250242691058
L16H9,MLP19,0.0540363897065061,0.04590301622494128,0.04590301622494128,0.0540363897065061,-0.008133373481564822,-0.08138304811561362
MLP18,L21H1,0.1397124547071206,0.04540742751327146,0.04540742751327146,0.1397124547071206,-0.09430502719384914,-0.509426789077013
L12H6,L13H9,0.0905932406713369,0.04507552043424146,0.04507552043424146,0.0905932406713369,-0.04551772023709543,-0.33550627179143494
L13H6,L16H8,0.043847079854375796,0.046281393524296735,0.043847079854375796,0.046281393524296735,0.0024343136699209386,0.027009374270584065
Input Embed,L4H15,0.0619598520261105,0.041055178800795046,0.041055178800795046,0.0619598520261105,-0.020904673225315452,-0.20292837906772293
L2H14,MLP5,0.09544137926372642,0.0407265386768418,0.0407265386768418,0.09544137926372642,-0.054714840586884625,-0.40181888226245366
MLP11,L17H2,0.040382977216120046,0.04241384197590685,0.040382977216120046,0.04241384197590685,0.002030864759786803,0.024528294439387956
MLP11,L13H3,0.05051218491271523,0.04028507848379986,0.04028507848379986,0.05051218491271523,-0.010227106428915368,-0.1126367254512199
L16H13,MLP17,0.03822268141960809,0.11998988073269412,0.03822268141960809,0.11998988073269412,0.08176719931308603,0.5168186280579503
MLP12,L17H12,0.03758106237978448,0.04552811362416276,0.03758106237978448,0.04552811362416276,0.007947051244378278,0.0956218269328147
L2H15,MLP11,0.04215649290214334,0.03756395048741176,0.03756395048741176,0.04215649290214334,-0.0045925424147315805,-0.057608089211070426
L13H13,MLP16,0.038466440194660854,0.037494193028951614,0.037494193028951614,0.038466440194660854,-0.0009722471657092405,-0.012799355724788984
L16H4,MLP19,0.03737470137669893,0.03919715007791197,0.03737470137669893,0.03919715007791197,0.0018224487012130364,0.023800504579588492
MLP6,MLP11,0.046401293042806775,0.037134309667752934,0.037134309667752934,0.046401293042806775,-0.009266983375053842,-0.1109345365851105
Input Embed,MLP10,0.03665400648403021,0.061027714509734585,0.03665400648403021,0.061027714509734585,0.024373708025704377,0.249521689193623
L13H3,L16H8,0.03554589987340933,0.04275661483516691,0.03554589987340933,0.04275661483516691,0.007210714961757583,0.09208791044060574
L13H9,MLP17,0.03553596361832924,0.057371779380266996,0.03553596361832924,0.057371779380266996,0.021835815761937757,0.23502686705313333
Input Embed,MLP7,0.035356432383660395,0.04294783106973268,0.035356432383660395,0.04294783106973268,0.0075913986860722815,0.09694745025717155
L13H6,L16H4,0.04365338880380967,0.034335749397281186,0.034335749397281186,0.04365338880380967,-0.009317639406528487,-0.11947355261835883
L12H6,L16H9,0.04192581546280148,0.03418528566034064,0.03418528566034064,0.04192581546280148,-0.007740529802460844,-0.10170040491120001
MLP5,L12H6,0.033266522019085594,0.06146637652992182,0.033266522019085594,0.06146637652992182,0.028199854510836224,0.29767752219940596
L15H5,MLP17,0.03267043392081127,0.0614570769994461,0.03267043392081127,0.0614570769994461,0.02878664307863483,0.30582603106356654
L16H8,MLP19,0.03236108374402641,0.09916825417137434,0.03236108374402641,0.09916825417137434,0.06680717042734793,0.507925999523529
L11H8,MLP12,0.03201689880740573,0.03879938444380962,0.03201689880740573,0.03879938444380962,0.006782485636403893,0.09577579230391892
L16H8,MLP18,0.03149987018765115,0.046373490840031784,0.03149987018765115,0.046373490840031784,0.014873620652380633,0.1909975433973276
MLP9,L13H10,0.03265719917638585,0.031016273264172205,0.031016273264172205,0.03265719917638585,-0.0016409259122136428,-0.0257709505908527
MLP14,MLP16,0.03314595124863992,0.030409600665313185,0.030409600665313185,0.03314595124863992,-0.002736350583326736,-0.04305446968710836
L13H6,L15H5,0.030200359563119294,0.030850250585287425,0.030200359563119294,0.030850250585287425,0.0006498910221681316,0.010645119198453944
L16H9,MLP17,0.030102147002836314,0.1328741189348764,0.030102147002836314,0.1328741189348764,0.1027719719320401,0.6305947147624436
L2H14,MLP6,0.07026110544278963,0.029943947503304237,0.029943947503304237,0.07026110544278963,-0.04031715793948539,-0.4023465559284155
MLP5,MLP11,0.029930422229315173,0.030187781565750294,0.029930422229315173,0.030187781565750294,0.0002573593364351215,0.004280888652502384
L17H8,MLP20,0.03743946329133851,0.029888864651657528,0.029888864651657528,0.03743946329133851,-0.0075505986396809804,-0.11214594020623449
L21H12,MLP22,0.04453584259732109,0.02956135745394792,0.02956135745394792,0.04453584259732109,-0.014974485143373167,-0.20209245603089035
MLP16,L17H1,0.02909190017146745,0.03460003344301041,0.02909190017146745,0.03460003344301041,0.00550813327154296,0.08648086121679469
MLP11,L17H12,0.05661428087178053,0.028791787236922245,0.028791787236922245,0.05661428087178053,-0.027822493634858288,-0.32576717616184475
L11H9,MLP12,0.042129144262634276,0.028775823351969446,0.028775823351969446,0.042129144262634276,-0.01335332091066483,-0.18832701515703895
L16H13,L17H8,0.03301226404806131,0.028486141289185387,0.028486141289185387,0.03301226404806131,-0.004526122758875924,-0.07359740035624411
L13H10,L15H5,0.03283149936738976,0.028261369421016768,0.028261369421016768,0.03283149936738976,-0.0045701299463729896,-0.07480627505317371
MLP9,L16H8,0.02798982486391018,0.04357926450190018,0.02798982486391018,0.04357926450190018,0.015589439637990001,0.21782364112959238
L9H5,MLP12,0.03184373490241339,0.027857053955949198,0.027857053955949198,0.03184373490241339,-0.003986680946464195,-0.06677769293672842
L2H15,MLP5,0.02783094007921161,0.028832773009233217,0.02783094007921161,0.028832773009233217,0.001001832930021606,0.017680326180846508
MLP12,L13H3,0.02775094397883124,0.08206179271312138,0.02775094397883124,0.08206179271312138,0.05431084873429014,0.49457695318752753
MLP12,L20H5,0.027663765124169442,0.057456327004984216,0.027663765124169442,0.057456327004984216,0.029792561880814774,0.350006222216139
L9H3,MLP16,0.028400816161532644,0.02761210716269557,0.02761210716269557,0.028400816161532644,-0.0007887089988370746,-0.014080839778200276
Input Embed,L9H5,0.02726798975789897,0.03194126551747508,0.02726798975789897,0.03194126551747508,0.004673275759576111,0.0789281293581781
L13H10,MLP16,0.030706737151964612,0.026764201318235325,0.026764201318235325,0.030706737151964612,-0.0039425358337292875,-0.06860051251422643
MLP11,L16H9,0.026471791441717567,0.06402540900673717,0.026471791441717567,0.06402540900673717,0.037553617565019605,0.4149699369585398
MLP9,L13H6,0.0356754268519444,0.026429461566997898,0.026429461566997898,0.0356754268519444,-0.009245965284946502,-0.14887661052662704
MLP2,L12H6,0.026325738596514187,0.027708750586017444,0.026325738596514187,0.027708750586017444,0.001383011989503257,0.02559498591411427
L2H14,MLP3,0.05151847256281504,0.026318546056631757,0.026318546056631757,0.05151847256281504,-0.025199926506183284,-0.32375246319991163
L13H9,L16H4,0.02889938005064288,0.02611041192199872,0.02611041192199872,0.02889938005064288,-0.0027889681286441606,-0.05069948510314704
Input Embed,MLP9,0.026035519775683753,0.05826804924417899,0.026035519775683753,0.05826804924417899,0.03223252946849524,0.3823388480848413
L20H5,MLP21,0.2007925285745781,0.026017434359568433,0.026017434359568433,0.2007925285745781,-0.17477509421500967,-0.7705794399594121
MLP3,MLP11,0.025726617127127087,0.029378966341521883,0.025726617127127087,0.029378966341521883,0.0036523492143947962,0.0662791133764642
Input Embed,MLP12,0.025649268417755573,0.061925727448477554,0.025649268417755573,0.061925727448477554,0.03627645903072198,0.41423306586428665
MLP19,MLP21,0.1864681210469227,0.02561042455839817,0.02561042455839817,0.1864681210469227,-0.16085769648852452,-0.7584817032265084
L4H15,MLP11,0.041867598458681106,0.025425584618904526,0.025425584618904526,0.041867598458681106,-0.01644201383977658,-0.2443340185115002
MLP18,L20H14,0.028728699276736228,0.025293190692422817,0.025293190692422817,0.028728699276736228,-0.0034355085843134105,-0.06359474994811794
MLP22,L23H6,0.03097359238107445,0.02486091578119709,0.02486091578119709,0.03097359238107445,-0.0061126765998773605,-0.10947847130867742
MLP18,L20H5,0.033988169143043534,0.02484793997342296,0.02484793997342296,0.033988169143043534,-0.009140229169620574,-0.15535067336841438
MLP13,L16H9,0.02481605217950778,0.03568619733868285,0.02481605217950778,0.03568619733868285,0.01087014515917507,0.1796651404822039
MLP6,L12H6,0.024593220893183925,0.037789915165470755,0.024593220893183925,0.037789915165470755,0.01319669427228683,0.21154265569269975
L13H9,L16H9,0.035255989518773234,0.024197750585085352,0.024197750585085352,0.035255989518773234,-0.011058238933687882,-0.18599736390629856
L12H0,MLP16,0.02399565529614128,0.05847469715303946,0.02399565529614128,0.05847469715303946,0.03447904185689818,0.4180780223795526
L11H1,L13H9,0.02354829457788875,0.03017666979235391,0.02354829457788875,0.03017666979235391,0.00662837521446516,0.12337607464541202
MLP6,MLP12,0.02336737197389502,0.03857507527963713,0.02336737197389502,0.03857507527963713,0.015207703305742112,0.24551343997592734
L2H14,L4H15,0.07964405082292146,0.023116014403813254,0.023116014403813254,0.07964405082292146,-0.05652803641910821,-0.5500973193660597
MLP6,L13H9,0.0230834924218845,0.026582415832894293,0.0230834924218845,0.026582415832894293,0.003498923411009793,0.070449198131258
L17H8,L18H14,0.04452076687073448,0.02286856568606651,0.02286856568606651,0.04452076687073448,-0.02165220118466797,-0.3213001281236582
MLP15,L16H8,0.022848447843542237,0.025486557577581122,0.022848447843542237,0.025486557577581122,0.002638109734038885,0.054579692524167556
MLP11,MLP14,0.026659799146165595,0.0223853232309664,0.0223853232309664,0.026659799146165595,-0.004274475915199194,-0.08715394534711633
MLP4,L13H9,0.02235417476896107,0.02385936274357521,0.02235417476896107,0.02385936274357521,0.001505187974614141,0.03257028255423708
L11H5,MLP12,0.024718988183796364,0.022297769665712106,0.022297769665712106,0.024718988183796364,-0.002421218518084259,-0.05149692639024813
MLP9,L10H2,0.035343500747786805,0.0218915686272041,0.0218915686272041,0.035343500747786805,-0.013451932120582703,-0.23502954163379733
MLP18,L23H6,0.02182046838145088,0.06471358913713346,0.02182046838145088,0.06471358913713346,0.04289312075568258,0.49567906539538736
L2H14,L6H0,0.061607042408251746,0.021451900010133546,0.021451900010133546,0.061607042408251746,-0.040155142398118196,-0.4834535719928666
L2H15,MLP6,0.02123902624664735,0.024839007522946425,0.02123902624664735,0.024839007522946425,0.003599981276299076,0.07812792738293124
L16H8,L17H12,0.02120544916863673,0.05989071738263844,0.02120544916863673,0.05989071738263844,0.03868526821400171,0.47702955465277064
L10H2,L12H6,0.06472303971677378,0.021167201535041466,0.021167201535041466,0.06472303971677378,-0.04355583818173231,-0.5071104417326547
MLP4,L11H1,0.023749994763491676,0.021111813510242574,0.021111813510242574,0.023749994763491676,-0.002638181253249102,-0.05880684160459283
MLP3,L9H3,0.020996751568060145,0.020997198096915002,0.020996751568060145,0.020997198096915002,4.465288548569091e-07,1.0633171169163312e-05
L2H14,L10H2,0.07052036595575603,0.020806251874224965,0.020806251874224965,0.07052036595575603,-0.04971411408153106,-0.544355142704198
MLP7,L16H4,0.020556351156724603,0.033522496983799645,0.020556351156724603,0.033522496983799645,0.012966145827075042,0.23976372043617547
MLP12,L17H2,0.02051989217053604,0.06780399464023681,0.02051989217053604,0.06780399464023681,0.04728410246970077,0.5353489772365129
MLP5,L10H2,0.027568029616628038,0.020498856312232812,0.020498856312232812,0.027568029616628038,-0.007069173304395226,-0.1470695088268798
MLP17,MLP20,0.0204801189186382,0.09540254683579527,0.0204801189186382,0.09540254683579527,0.07492242791715707,0.6465369728025149
MLP7,L13H6,0.020460311741143992,0.02867382934406585,0.020460311741143992,0.02867382934406585,0.008213517602921858,0.167165181307998
MLP12,L15H5,0.020442490849493095,0.04298298250014625,0.020442490849493095,0.04298298250014625,0.022540491650653152,0.3553854699104319
MLP21,L24H6,0.0715482440636395,0.02026897715003599,0.02026897715003599,0.0715482440636395,-0.0512792669136035,-0.55849290836484
L6H0,MLP11,0.04200653714078202,0.020014185761477007,0.020014185761477007,0.04200653714078202,-0.021992351379305015,-0.3545968242576542
L12H6,L16H4,0.01993287254141029,0.031746615416623165,0.01993287254141029,0.031746615416623165,0.011813742875212876,0.22859636079998075
MLP16,L20H14,0.019856389358646146,0.04118642481879172,0.019856389358646146,0.04118642481879172,0.021330035460145575,0.34942745919517915
L9H3,L13H9,0.03307851594200866,0.0198554577406311,0.0198554577406311,0.03307851594200866,-0.01322305820137756,-0.24980286348149597
MLP2,MLP11,0.03086740045080623,0.019787964447468498,0.019787964447468498,0.03086740045080623,-0.011079436003337731,-0.21872186737944288
L6H0,MLP12,0.01978759264466474,0.05136237758260684,0.01978759264466474,0.05136237758260684,0.031574784937942094,0.44377790794689004
MLP13,L17H12,0.019753084879657493,0.03015939382686913,0.019753084879657493,0.03015939382686913,0.010406308947211635,0.20849112720685
L20H14,L21H12,0.07522551773942582,0.019476711045399518,0.019476711045399518,0.07522551773942582,-0.0557488066940263,-0.5886747060694228
MLP6,L11H1,0.021912452517264983,0.019398209328047103,0.019398209328047103,0.021912452517264983,-0.0025142431892178803,-0.060861847206236316
Input Embed,L10H2,0.019349717758762087,0.054242395991912856,0.019349717758762087,0.054242395991912856,0.03489267823315077,0.47413610582466464
MLP15,MLP16,0.03306635476635717,0.019165268672678905,0.019165268672678905,0.03306635476635717,-0.013901086093678267,-0.26614309834545724
MLP11,L13H13,0.025976764337420803,0.01912404652438227,0.01912404652438227,0.025976764337420803,-0.0068527178130385336,-0.15194223079572744
L12H6,L16H8,0.019076790501702964,0.05374246080706098,0.019076790501702964,0.05374246080706098,0.03466567030535801,0.4760509025061334
MLP10,L11H1,0.019026421090428163,0.021606578754477725,0.019026421090428163,0.021606578754477725,0.0025801576640495615,0.06349906907926792
MLP11,L16H13,0.01900282112092826,0.029065473170201053,0.01900282112092826,0.029065473170201053,0.010062652049272792,0.20934073483713753
MLP4,L9H3,0.022834670978280004,0.018918145188530203,0.018918145188530203,0.022834670978280004,-0.003916525789749801,-0.09380267367122155
L16H4,MLP18,0.01963045963996847,0.018889782505324734,0.018889782505324734,0.01963045963996847,-0.0007406771346437357,-0.01922825749251525
MLP13,L20H5,0.023893844847744393,0.018666162519681253,0.018666162519681253,0.023893844847744393,-0.00522768232806314,-0.12283086050554297
MLP4,L12H6,0.03158998562153651,0.018592661884458576,0.018592661884458576,0.03158998562153651,-0.012997323737077935,-0.25900035934782445
MLP4,L13H6,0.021330620690012098,0.018470793890941972,0.018470793890941972,0.021330620690012098,-0.0028598267990701254,-0.0718523909056896
MLP5,MLP12,0.018354224964249204,0.030685140254267405,0.018354224964249204,0.030685140254267405,0.012330915290018202,0.2514493251507712
MLP3,L12H6,0.018159519818575165,0.03159831552050162,0.018159519818575165,0.03159831552050162,0.013438795701926458,0.27008401009302835
Input Embed,L12H6,0.017996833434244585,0.04075378162399371,0.017996833434244585,0.04075378162399371,0.02275694818974912,0.3873482544342833
MLP5,L16H8,0.0179804797394368,0.05466942893974936,0.0179804797394368,0.05466942893974936,0.03668894920031256,0.505010259026296
L17H8,L21H12,0.16888624569433272,0.017678032137841974,0.017678032137841974,0.16888624569433272,-0.15120821355649075,-0.8104885635850998
MLP12,L21H12,0.017641420546048683,0.02736317948767373,0.017641420546048683,0.02736317948767373,0.009721758941625046,0.2160170056914278
MLP0,L12H6,0.01742682945187702,0.018020437504598794,0.01742682945187702,0.018020437504598794,0.0005936080527217738,0.01674622908024587
MLP10,L13H3,0.03529444972543164,0.017375503823405598,0.017375503823405598,0.03529444972543164,-0.01791894590202604,-0.34021191770011777
MLP10,L15H5,0.017282400914278098,0.0295370062627965,0.017282400914278098,0.0295370062627965,0.012254605348518403,0.26174200160567057
L21H1,Residual Output: decision,0.01716923011503388,0.02487992215024893,0.01716923011503388,0.02487992215024893,0.007710692035215051,0.18337330528257184
L16H4,L17H2,0.017121368494932947,0.06615916533808253,0.017121368494932947,0.06615916533808253,0.04903779684314958,0.5888266391456437
MLP1,MLP11,0.01688546690567293,0.022353813899214765,0.01688546690567293,0.022353813899214765,0.0054683469935418345,0.13935900152534625
L4H15,MLP5,0.02538801092500436,0.01680583937284147,0.01680583937284147,0.02538801092500436,-0.008582171552162891,-0.20339863490962443
L16H4,L17H12,0.016439949345256243,0.041996338494880825,0.016439949345256243,0.041996338494880825,0.025556389149624582,0.4373376560047528
MLP21,L23H6,0.20163568473789045,0.016322193082220222,0.016322193082220222,0.20163568473789045,-0.18531349165567024,-0.8502261698869029
L13H3,MLP17,0.016251585387435912,0.0359561802830632,0.016251585387435912,0.0359561802830632,0.01970459489562729,0.37742651198654353
MLP21,MLP27,0.06172933933021234,0.01609038895468029,0.01609038895468029,0.06172933933021234,-0.04563895037553205,-0.5864701841215767
L11H1,L13H3,0.01608826660483743,0.037319959312104474,0.01608826660483743,0.037319959312104474,0.021231692707267043,0.3975360039160565
MLP12,L13H6,0.030305897948867653,0.01587901590444672,0.01587901590444672,0.030305897948867653,-0.014426882044420934,-0.31237217612316964
L11H1,MLP12,0.015797272968955372,0.0290106027672312,0.015797272968955372,0.0290106027672312,0.013213329798275827,0.2948885565580343
MLP2,MLP12,0.01681309669257409,0.015557901611937895,0.015557901611937895,0.01681309669257409,-0.0012551950806361963,-0.03877529722218183
MLP19,L24H6,0.015316705914271079,0.4986464747056862,0.015316705914271079,0.4986464747056862,0.4833297687914151,0.9403976530155501
MLP3,MLP12,0.014984580527255324,0.023618029017117573,0.014984580527255324,0.023618029017117573,0.00863344848986225,0.22364934888503535
L2H15,MLP3,0.01645740280685374,0.014800841761837706,0.014800841761837706,0.01645740280685374,-0.0016565610450160334,-0.05299597171477955
MLP7,L13H9,0.02240216037708206,0.01467771907503346,0.01467771907503346,0.02240216037708206,-0.007724441302048602,-0.2083189432161948
MLP1,L13H6,0.014475121120610642,0.015431803195703284,0.014475121120610642,0.015431803195703284,0.0009566820750926425,0.03198864801255347
L11H8,MLP16,0.018901548239778132,0.014403014773824475,0.014403014773824475,0.018901548239778132,-0.004498533465953657,-0.13507258642355754
L12H6,L13H3,0.014387170662741172,0.04927239678593177,0.014387170662741172,0.04927239678593177,0.034885226123190595,0.54799659377701
L13H6,MLP17,0.019016319015323253,0.014357367135045535,0.014357367135045535,0.019016319015323253,-0.0046589518802777185,-0.13959955934403837
MLP14,L16H4,0.014346687885832668,0.015160357981510558,0.014346687885832668,0.015160357981510558,0.0008136700956778899,0.027575450939276006
L10H2,MLP16,0.024949241197252746,0.01433114044225081,0.01433114044225081,0.024949241197252746,-0.010618100755001936,-0.2703156209746065
L18H14,L21H12,0.09387413031362021,0.014038017514667715,0.014038017514667715,0.09387413031362021,-0.0798361127989525,-0.7398250744298909
MLP4,MLP7,0.01714473999579987,0.013972665540979864,0.013972665540979864,0.01714473999579987,-0.003172074454820005,-0.10193891168306815
MLP2,L9H3,0.0244529997249788,0.013971411594917747,0.013971411594917747,0.0244529997249788,-0.010481588130061052,-0.27278461191762177
L2H15,L4H15,0.013915656529486623,0.021593023166866007,0.013915656529486623,0.021593023166866007,0.007677366637379383,0.21621098568100197
MLP5,L6H0,0.013868814758944081,0.02360234828977995,0.013868814758944081,0.02360234828977995,0.009733533530835867,0.2597606462916372
MLP9,MLP11,0.042961483357268695,0.013742046849659755,0.013742046849659755,0.042961483357268695,-0.029219436507608942,-0.5153018939205076
MLP5,L13H9,0.013665476332309908,0.02509455401612611,0.013665476332309908,0.02509455401612611,0.011429077683816201,0.2948676144232526
MLP14,L17H8,0.013663142854917997,0.021176820788080825,0.013663142854917997,0.021176820788080825,0.007513677933162828,0.215662622675346
L15H5,L16H4,0.013608823298410622,0.03882103198796009,0.013608823298410622,0.03882103198796009,0.025212208689549466,0.48087503869390713
L20H14,L21H1,0.0827422217514892,0.01351945582707494,0.01351945582707494,0.0827422217514892,-0.06922276592441426,-0.7191103216325935
MLP12,L21H1,0.01342992692787655,0.01844806310709481,0.01342992692787655,0.01844806310709481,0.0050181361792182595,0.15741695676901757
MLP9,MLP12,0.015716274981625134,0.013327562541512789,0.013327562541512789,0.015716274981625134,-0.0023887124401123453,-0.0822450696540829
MLP15,L16H4,0.01323045042125159,0.01887881478549893,0.01323045042125159,0.01887881478549893,0.00564836436424734,0.17591073255266682
MLP6,L10H2,0.013147246544281305,0.016327023912340987,0.013147246544281305,0.016327023912340987,0.0031797773680596816,0.10788315771002392
MLP1,L12H6,0.01301993362753105,0.015421188394017703,0.01301993362753105,0.015421188394017703,0.002401254766486652,0.08442897452032001
MLP3,L10H2,0.014730112174642563,0.012921010744789886,0.012921010744789886,0.014730112174642563,-0.0018091014298526765,-0.06542596606741384
MLP9,L15H5,0.012859977309114574,0.023968538952618634,0.012859977309114574,0.023968538952618634,0.01110856164350406,0.3016293560282918
MLP13,L21H12,0.016259323469867328,0.012849658666002593,0.012849658666002593,0.016259323469867328,-0.003409664803864735,-0.11713445657253439
MLP14,L17H12,0.01279309683187032,0.015587763970199297,0.01279309683187032,0.015587763970199297,0.0027946671383289774,0.0984701330174306
L11H8,L12H6,0.020100014933871004,0.012763786711376887,0.012763786711376887,0.020100014933871004,-0.007336228222494117,-0.2232312713448639
MLP1,L9H3,0.012610102878233338,0.014306649182052544,0.012610102878233338,0.014306649182052544,0.001696546303819206,0.06302938408094053
L2H14,L6H8,0.050366621753737094,0.012587949757493383,0.012587949757493383,0.050366621753737094,-0.03777867199624371,-0.6000941804441378
MLP5,L9H3,0.020132708567317113,0.012441241076750256,0.012441241076750256,0.020132708567317113,-0.007691467490566857,-0.23612326950249612
L2H14,MLP9,0.058213854409125736,0.012418039239296482,0.012418039239296482,0.058213854409125736,-0.04579581516982925,-0.648373033827789
MLP7,L11H1,0.017136464294965386,0.012306380460444688,0.012306380460444688,0.017136464294965386,-0.004830083834520698,-0.16404949571434255
MLP4,L16H8,0.012300312843826242,0.03576867602077712,0.012300312843826242,0.03576867602077712,0.02346836317695088,0.4882225262331722
L17H12,MLP18,0.0122903729934083,0.015011513595502955,0.0122903729934083,0.015011513595502955,0.002721140602094654,0.0996685922503192
MLP17,MLP21,0.045623843529073706,0.012281184396016304,0.012281184396016304,0.045623843529073706,-0.0333426591330574,-0.5758163034856282
MLP0,L11H1,0.012108719681235877,0.013811890493633369,0.012108719681235877,0.013811890493633369,0.0017031708123974917,0.065707203684918
L17H2,MLP20,0.012063214046091612,0.027723074154157052,0.012063214046091612,0.027723074154157052,0.01565986010806544,0.39359942373230894
MLP13,L21H1,0.015357361505291062,0.012010126090724915,0.012010126090724915,0.015357361505291062,-0.0033472354145661475,-0.1223070039886826
L11H5,MLP16,0.011976879095692472,0.01933909271011976,0.011976879095692472,0.01933909271011976,0.007362213614427288,0.23509452812385223
MLP2,L4H15,0.023796017646964443,0.011975369010171912,0.011975369010171912,0.023796017646964443,-0.011820648636792531,-0.33044982991830213
MLP9,L16H4,0.016026141743909296,0.011938333388165885,0.011938333388165885,0.016026141743909296,-0.0040878083557434105,-0.14617861899559506
L11H1,L16H13,0.011921957663265502,0.01457435889186219,0.011921957663265502,0.01457435889186219,0.002652401228596689,0.10010452672084277
MLP11,MLP17,0.1131559567689963,0.011895305880191252,0.011895305880191252,0.1131559567689963,-0.10126065088880505,-0.8097531263868684
L11H1,L12H6,0.011887701505497143,0.017534161048626696,0.011887701505497143,0.017534161048626696,0.005646459543129553,0.19191373533006095
MLP3,L6H0,0.01535372131022992,0.011880067480651256,0.011880067480651256,0.01535372131022992,-0.0034736538295786646,-0.12754941503922382
L17H2,L18H14,0.011685263351884339,0.013832657819131374,0.011685263351884339,0.013832657819131374,0.002147394467247035,0.08415240617978444
MLP4,L10H2,0.01166767053184715,0.013527331630082014,0.01166767053184715,0.013527331630082014,0.001859661098234865,0.07381071397742923
MLP12,L16H9,0.0116675333926713,0.0726600899996096,0.0116675333926713,0.0726600899996096,0.0609925566069383,0.7232808675658867
MLP11,L13H11,0.011498940834844358,0.015551930725770999,0.011498940834844358,0.015551930725770999,0.004052989890926641,0.14982844016115107
MLP12,L16H6,0.011465312031825811,0.028881419198510547,0.011465312031825811,0.028881419198510547,0.017416107166684736,0.43166092111049914
MLP9,L12H6,0.04872377267573861,0.011425634670716178,0.011425634670716178,0.04872377267573861,-0.037298138005022435,-0.6200915295838039
MLP7,L16H8,0.011391059205689327,0.03306050434133776,0.011391059205689327,0.03306050434133776,0.021669445135648432,0.48748443038957356
L2H14,L9H5,0.02056167084855785,0.011370068157798046,0.011370068157798046,0.02056167084855785,-0.009191602690759804,-0.28785161650388813
L6H0,L9H3,0.018555825147654796,0.011308555472814955,0.011308555472814955,0.018555825147654796,-0.007247269674839841,-0.24267269316385526
MLP10,L13H10,0.01383462226184404,0.011294491797356044,0.011294491797356044,0.01383462226184404,-0.0025401304644879965,-0.1010831682527233
MLP4,MLP12,0.011272092961419098,0.02499033340721373,0.011272092961419098,0.02499033340721373,0.013718240445794633,0.37830453776973333
L16H13,L17H2,0.011241932503963211,0.015550092472911356,0.011241932503963211,0.015550092472911356,0.004308159968948145,0.1608000878122022
L13H3,L15H5,0.011211900123173213,0.032514314092220956,0.011211900123173213,0.032514314092220956,0.021302413969047744,0.4871771853861535
MLP2,L10H2,0.03403325638747612,0.011204406122181317,0.011204406122181317,0.03403325638747612,-0.0228288502652948,-0.5046425699033686
L10H2,MLP14,0.011161982714639874,0.013555221548646811,0.011161982714639874,0.013555221548646811,0.002393238834006937,0.09682481920342817
MLP6,L11H5,0.019693074184300188,0.011136717575476462,0.011136717575476462,0.019693074184300188,-0.008556356608823725,-0.27753533580421796
MLP2,L6H0,0.018280213691107234,0.01113218413118118,0.01113218413118118,0.018280213691107234,-0.007148029559926054,-0.2430277736318849
L13H10,L16H8,0.017853856881814574,0.011104002757634821,0.011104002757634821,0.017853856881814574,-0.006749854124179753,-0.23309230061272906
MLP10,L13H6,0.012014387222387814,0.011007364090689914,0.011007364090689914,0.012014387222387814,-0.0010070231316979,-0.04374224697344597
MLP14,L16H8,0.010946802127333403,0.03674596493684296,0.010946802127333403,0.03674596493684296,0.02579916280950956,0.5409449775642851
L11H1,MLP13,0.010647103804672715,0.03181172320117773,0.010647103804672715,0.03181172320117773,0.021164619396505012,0.49847395439324593
MLP1,L11H1,0.010635510437998876,0.010569056188847724,0.010569056188847724,0.010635510437998876,-6.645424915115161e-05,-0.003133959317377204
L17H2,L21H12,0.0478329557059074,0.010495671322982597,0.010495671322982597,0.0478329557059074,-0.0373372843829248,-0.6401193767930069
Input Embed,L6H7,0.025281148336972363,0.010476395071489593,0.010476395071489593,0.025281148336972363,-0.01480475326548277,-0.41403160995615973
L12H6,L13H11,0.010462280817668031,0.01375854032761586,0.010462280817668031,0.01375854032761586,0.003296259509947828,0.13609198012634896
MLP6,L9H5,0.013078108836603208,0.010386126634114173,0.010386126634114173,0.013078108836603208,-0.002691982202489035,-0.11472703663618374
L17H2,L20H5,0.015701340935394777,0.010371912985764172,0.010371912985764172,0.015701340935394777,-0.0053294279496306045,-0.20440210361721176
L2H15,MLP12,0.01034909170943427,0.0502447686009728,0.01034909170943427,0.0502447686009728,0.03989567689153853,0.658411210098895
MLP4,MLP11,0.03633249768756565,0.010295370902220677,0.010295370902220677,0.03633249768756565,-0.02603712678534497,-0.5584026800454763
MLP0,MLP11,0.010253659258052933,0.01766770243921552,0.010253659258052933,0.01766770243921552,0.007414043181162585,0.2655330087961971
MLP3,L11H1,0.010253156380132586,0.012398035896332748,0.010253156380132586,0.012398035896332748,0.0021448795162001613,0.09469168289338564
Input Embed,MLP8,0.010247058155041648,0.016823322482983218,0.010247058155041648,0.016823322482983218,0.00657626432794157,0.24293209673986293
MLP10,L16H13,0.010243889252094256,0.011012997220873599,0.010243889252094256,0.011012997220873599,0.000769107968779343,0.03618159083445306
Input Embed,L11H1,0.010220692804026918,0.0902859774602142,0.010220692804026918,0.0902859774602142,0.08006528465618729,0.7966166269928993
MLP6,L9H3,0.010186619761797525,0.012341324397852104,0.010186619761797525,0.012341324397852104,0.002154704636054579,0.09564586190309923
L9H15,MLP11,0.01012094468057479,0.01104597611341359,0.01012094468057479,0.01104597611341359,0.0009250314328387993,0.04370174773373355
L15H9,MLP16,0.010082484655253654,0.06034032122704493,0.010082484655253654,0.06034032122704493,0.050257836571791274,0.7136585363524125
MLP6,L11H9,0.009961583847919883,0.011163634023094518,0.009961583847919883,0.011163634023094518,0.0012020501751746349,0.0569011965942349
L17H1,MLP18,0.009953087959257017,0.012937325278227172,0.009953087959257017,0.012937325278227172,0.002984237318970155,0.13037061795299168
MLP12,L18H14,0.020489671918221805,0.009914643909179751,0.009914643909179751,0.020489671918221805,-0.010575028009042054,-0.34781338508237125
L2H14,L12H6,0.030209764706109137,0.009824774481587297,0.009824774481587297,0.030209764706109137,-0.020384990224521837,-0.509185084632787
MLP2,L16H8,0.009811846495893633,0.028044956922492426,0.009811846495893633,0.028044956922492426,0.018233110426598795,0.481633650498432
L4H15,L10H2,0.010421248905258048,0.009687827319737859,0.009687827319737859,0.010421248905258048,-0.0007334215855201894,-0.03647216696153026
L16H9,MLP20,0.00959857495260235,0.01943317963498241,0.00959857495260235,0.01943317963498241,0.009834604682380059,0.33875336927054917
L20H5,L23H6,0.00955963652400651,0.02096867571241646,0.00955963652400651,0.02096867571241646,0.011409039188409948,0.3737199456050492
L2H14,MLP4,0.03882699506210115,0.009535905025136394,0.009535905025136394,0.03882699506210115,-0.029291090036964753,-0.6056520594118459
L2H14,MLP10,0.018742338554535772,0.009517840135821897,0.009517840135821897,0.018742338554535772,-0.009224498418713875,-0.32641330827328635
MLP10,L16H4,0.009503891869333146,0.019402900691852576,0.009503891869333146,0.019402900691852576,0.00989900882251943,0.34244576950440414
MLP15,L17H8,0.013773213875227274,0.009443644527401597,0.009443644527401597,0.013773213875227274,-0.004329569347825676,-0.1864838589589466
L10H2,MLP13,0.01644684182866233,0.009401015651102088,0.009401015651102088,0.01644684182866233,-0.007045826177560242,-0.2725884024653195
L12H0,L16H8,0.009396535923517043,0.01655937470606395,0.009396535923517043,0.01655937470606395,0.007162838782546905,0.27596176010806894
MLP22,L24H6,0.009383946397839267,0.03230908932391154,0.009383946397839267,0.03230908932391154,0.022925142926072277,0.5498554501780372
L12H10,MLP16,0.009359827682587722,0.00986233424989446,0.009359827682587722,0.00986233424989446,0.0005025065673067378,0.026142042142387075
MLP4,MLP10,0.012978441975841217,0.00935272040990258,0.00935272040990258,0.012978441975841217,-0.0036257215659386364,-0.16236152437157927
MLP12,L17H1,0.009249988603672163,0.014833401989635535,0.009249988603672163,0.014833401989635535,0.005583413385963371,0.23183668280972416
MLP5,L11H8,0.009244055020078249,0.012866893967848911,0.009244055020078249,0.012866893967848911,0.003622838947770662,0.16384818895601336
L13H6,L15H9,0.009212697224293243,0.012199746802553358,0.009212697224293243,0.012199746802553358,0.0029870495782601154,0.1395006368500017
MLP16,L23H6,0.009159201342426239,0.2288361662476504,0.009159201342426239,0.2288361662476504,0.21967696490522418,0.9230304233635165
MLP5,L11H1,0.009117242292972302,0.011410413597634766,0.009117242292972302,0.011410413597634766,0.0022931713046624638,0.11171130872822944
MLP1,L10H2,0.009109924734466597,0.010195786231746004,0.009109924734466597,0.010195786231746004,0.0010858614972794074,0.056245610388542554
MLP10,MLP11,0.009100204845665342,0.015226190823993799,0.009100204845665342,0.015226190823993799,0.006125985978328457,0.25182464601482385
L11H9,L12H6,0.03446634945096191,0.009091509983467428,0.009091509983467428,0.03446634945096191,-0.025374839467494477,-0.5825547856797917
MLP15,MLP17,0.011609752685013117,0.009035146707147092,0.009035146707147092,0.011609752685013117,-0.002574605977866025,-0.12470905907362852
MLP11,L13H6,0.020007038236311583,0.008971884827980892,0.008971884827980892,0.020007038236311583,-0.011035153408330691,-0.3807992927773114
L9H5,MLP16,0.00997142989535629,0.008925381967378947,0.008925381967378947,0.00997142989535629,-0.0010460479279773421,-0.05535578887993072
MLP0,L10H2,0.008889153932535579,0.013468267560886175,0.008889153932535579,0.013468267560886175,0.0045791136283505965,0.20481403142566837
L13H3,L16H4,0.008783399979824058,0.014241023146532935,0.008783399979824058,0.014241023146532935,0.005457623166708878,0.23703626087644794
L11H5,L13H3,0.010401149586284733,0.008713532100655567,0.008713532100655567,0.010401149586284733,-0.001687617485629166,-0.08828907084454328
MLP6,MLP13,0.010624256366825383,0.00869048489481666,0.00869048489481666,0.010624256366825383,-0.0019337714720087228,-0.10011894261555969
L10H2,L11H9,0.014019721211597273,0.00867588501959331,0.00867588501959331,0.014019721211597273,-0.0053438361920039625,-0.2354568605733001
L13H3,MLP15,0.009775554363543786,0.008600157851444258,0.008600157851444258,0.009775554363543786,-0.0011753965120995281,-0.0639646778501909
L9H5,MLP10,0.013775763456218374,0.008592859992904923,0.008592859992904923,0.013775763456218374,-0.005182903463313451,-0.23170417594546197
L6H8,MLP11,0.008535753160834858,0.011229897990190996,0.008535753160834858,0.011229897990190996,0.0026941448293561383,0.13630438019828706
MLP0,L13H9,0.00849552885506826,0.01819613122188351,0.00849552885506826,0.01819613122188351,0.00970060236681525,0.3634319611012772
L11H1,MLP17,0.011870356821553943,0.008464889878191995,0.008464889878191995,0.011870356821553943,-0.0034054669433619487,-0.16746622225165805
L21H1,MLP22,0.043771335292875205,0.00842459234795221,0.00842459234795221,0.043771335292875205,-0.035346742944922994,-0.6771935003847874
L2H14,L9H3,0.05313992251342554,0.008398891796698301,0.008398891796698301,0.05313992251342554,-0.044741030716727234,-0.7270375813751553
MLP9,L11H8,0.011328116299040469,0.008395482936583392,0.008395482936583392,0.011328116299040469,-0.002932633362457077,-0.14868652153306222
MLP5,MLP9,0.014460889645277666,0.008390069133539946,0.008390069133539946,0.014460889645277666,-0.006070820511737719,-0.2656702753919127
MLP9,L13H9,0.008388068406788657,0.008740990708588994,0.008388068406788657,0.008740990708588994,0.00035292230180033676,0.020603717893850924
L13H15,MLP16,0.008386208972772202,0.01262435454511992,0.008386208972772202,0.01262435454511992,0.004238145572347718,0.20171498821241082
L10H2,L11H8,0.008377038897709327,0.0160218607632361,0.008377038897709327,0.0160218607632361,0.007644821865526775,0.31332650126692424
MLP0,L2H14,0.011126644096558549,0.008348604668283402,0.008348604668283402,0.011126644096558549,-0.0027780394282751475,-0.1426446183984183
MLP5,L13H10,0.01366659524583282,0.008332728897581614,0.008332728897581614,0.01366659524583282,-0.005333866348251205,-0.24245591880366538
MLP1,L2H14,0.012439961727569178,0.008302592812195742,0.008302592812195742,0.012439961727569178,-0.004137368915373436,-0.19946284376120654
L6H0,L12H6,0.008295730168734873,0.03569867816078611,0.008295730168734873,0.03569867816078611,0.027402947992051237,0.6228734294322444
MLP5,L13H6,0.01535353462072519,0.008295671846099447,0.008295671846099447,0.01535353462072519,-0.007057862774625744,-0.29843972923686
MLP16,L19H6,0.02508400080655332,0.00825508117444205,0.00825508117444205,0.02508400080655332,-0.01682891963211127,-0.5047805348001015
L9H5,MLP11,0.012465942430058417,0.008215936159819727,0.008215936159819727,0.012465942430058417,-0.00425000627023869,-0.20549420845738223
L17H1,MLP19,0.008176991207136414,0.022237141583634826,0.008176991207136414,0.022237141583634826,0.014060150376498413,0.4622900305335938
MLP6,L16H4,0.008143384928258742,0.03555486307569951,0.008143384928258742,0.03555486307569951,0.027411478147440764,0.6272900951305368
L16H8,L18H14,0.013477817254659831,0.008098564806605263,0.008098564806605263,0.013477817254659831,-0.0053792524480545684,-0.2493120687602046
MLP13,MLP14,0.00807823781305801,0.011265081797979856,0.00807823781305801,0.011265081797979856,0.0031868439849218454,0.1647516584021772
MLP1,MLP7,0.00812581884032394,0.007975743705044534,0.007975743705044534,0.00812581884032394,-0.00015007513527940698,-0.00932053239283757
L2H15,MLP4,0.009427787545463012,0.007973981920268639,0.007973981920268639,0.009427787545463012,-0.0014538056251943727,-0.08354355159440953
MLP2,L13H9,0.007960189407140437,0.011286256392368271,0.007960189407140437,0.011286256392368271,0.003326066985227834,0.17281460794765213
MLP3,L4H15,0.014657707147209497,0.0078141514360324,0.0078141514360324,0.014657707147209497,-0.0068435557111770975,-0.3045389274690698
MLP5,L9H5,0.01905701378004415,0.0078061550274579295,0.0078061550274579295,0.01905701378004415,-0.011250858752586218,-0.418820982483801
L15H5,L17H2,0.007767143280187884,0.01792195496501712,0.007767143280187884,0.01792195496501712,0.010154811684829235,0.3952965412760131
MLP3,L13H9,0.007731481160839282,0.020689203449702747,0.007731481160839282,0.020689203449702747,0.012957722288863466,0.45592576204364493
MLP10,L12H0,0.00772908348853093,0.020896769384944988,0.00772908348853093,0.020896769384944988,0.013167685896414058,0.45999278884769734
MLP11,L12H0,0.007690037063550237,0.019160527285755204,0.007690037063550237,0.019160527285755204,0.011470490222204966,0.42719736065814495
MLP7,L16H13,0.007647364658046419,0.012091641560847853,0.007647364658046419,0.012091641560847853,0.004444276902801434,0.22515200884568093
MLP19,L23H5,0.01402792699348839,0.007646638466973823,0.007646638466973823,0.01402792699348839,-0.006381288526514567,-0.2944136775500774
L11H1,L16H4,0.007640570063191577,0.022914895102817242,0.007640570063191577,0.022914895102817242,0.015274325039625666,0.4998884800686152
L9H5,L10H2,0.008293159883792936,0.0076042908170197735,0.0076042908170197735,0.008293159883792936,-0.0006888690667731625,-0.04333204610837045
L18H14,MLP20,0.009709377060570708,0.007601364549715364,0.007601364549715364,0.009709377060570708,-0.0021080125108553444,-0.12177482388176597
MLP12,MLP14,0.0075891095807661315,0.007716195119550265,0.0075891095807661315,0.007716195119550265,0.0001270855387841335,0.00830336548487704
MLP9,L11H9,0.01801667493800911,0.0075395977257038576,0.0075395977257038576,0.01801667493800911,-0.010477077212305255,-0.40996108275137966
MLP6,L13H3,0.007539208515487047,0.013034049380332736,0.007539208515487047,0.013034049380332736,0.00549484086484569,0.2670865690145346
L17H8,L21H1,0.0958710419234159,0.0075356207932541774,0.0075356207932541774,0.0958710419234159,-0.08833542113016173,-0.8542527029636096
L2H14,L11H1,0.011074118243498502,0.007505742020063939,0.007505742020063939,0.011074118243498502,-0.0035683762234345624,-0.19205613889532955
MLP1,L6H0,0.007487176161894144,0.007660825338105592,0.007487176161894144,0.007660825338105592,0.0001736491762114479,0.01146350402800336
MLP11,L21H12,0.019396836108431008,0.0074619427684262255,0.0074619427684262255,0.019396836108431008,-0.011934893340004783,-0.44435725818825067
MLP13,L16H8,0.007458882306205162,0.11670350056888958,0.007458882306205162,0.11670350056888958,0.10924461826268442,0.8798527841768522
L16H4,L17H1,0.007332402654821521,0.01200083678025634,0.007332402654821521,0.01200083678025634,0.004668434125434819,0.24147190340820487
L4H15,MLP6,0.009819659942216837,0.007328766675269606,0.007328766675269606,0.009819659942216837,-0.002490893266947231,-0.1452549159470548
L16H6,MLP17,0.0073016999446359095,0.02603001816559003,0.0073016999446359095,0.02603001816559003,0.01872831822095412,0.5618767733190568
MLP1,MLP9,0.007291038695705474,0.009296824011923908,0.007291038695705474,0.009296824011923908,0.0020057853162184346,0.12091885202883303
L13H13,MLP17,0.011560972750696206,0.007262603930804906,0.007262603930804906,0.011560972750696206,-0.0042983688198913,-0.22835027012244313
MLP2,L11H8,0.013498591035315581,0.007241257001628521,0.007241257001628521,0.013498591035315581,-0.00625733403368706,-0.30170587665545123
L2H14,L11H8,0.027821601294309464,0.007214426784845091,0.007214426784845091,0.027821601294309464,-0.020607174509464372,-0.588170966837564
MLP13,L16H6,0.007206974009227438,0.012386845827210452,0.007206974009227438,0.012386845827210452,0.005179871817983014,0.264362531717792
MLP16,MLP20,0.007201399030094026,0.009213204013443329,0.007201399030094026,0.009213204013443329,0.002011804983349303,0.12256190283817903
MLP4,L16H4,0.007192202960255708,0.020916112288285563,0.007192202960255708,0.020916112288285563,0.013723909328029854,0.4882508683526338
MLP4,MLP9,0.007120336439845283,0.012448782099724715,0.007120336439845283,0.012448782099724715,0.005328445659879432,0.2722884860196936
MLP4,L6H0,0.020852343946090614,0.007061672245621408,0.007061672245621408,0.020852343946090614,-0.013790671700469206,-0.49404111560857406
L2H15,L6H0,0.006994310909743714,0.03676481469160429,0.006994310909743714,0.03676481469160429,0.029770503781860573,0.6803267517974237
L20H14,MLP21,0.020159509277752608,0.006986268180783251,0.006986268180783251,0.020159509277752608,-0.013173241096969358,-0.4852777238408803
L11H8,L13H6,0.010099334453883163,0.0069759090887508285,0.0069759090887508285,0.010099334453883163,-0.003123425365132335,-0.18292127765754385
L9H3,L12H0,0.006909174613010007,0.007863542365113439,0.006909174613010007,0.007863542365113439,0.0009543677521034319,0.0646034005468819
L9H3,MLP10,0.006898637500048927,0.008664633090728768,0.006898637500048927,0.008664633090728768,0.0017659955906798412,0.11347200965112787
L15H9,MLP17,0.006896561287333135,0.022905542621306715,0.006896561287333135,0.022905542621306715,0.01600898133397358,0.5371762135670045
L12H0,L13H10,0.0068848352274771055,0.007534390966715471,0.0068848352274771055,0.007534390966715471,0.0006495557392383654,0.04504789164760989
MLP0,L13H6,0.008988825325234663,0.006882901414356825,0.006882901414356825,0.008988825325234663,-0.0021059239108778376,-0.13268398236876655
MLP1,L13H10,0.006907556465236272,0.006879863597439954,0.006879863597439954,0.006907556465236272,-2.7692867796317612e-05,-0.0020085605334738926
MLP7,L11H8,0.006877322207425637,0.009506968550919703,0.006877322207425637,0.009506968550919703,0.002629646343494066,0.16049802718220532
Input Embed,L13H10,0.006869326887339946,0.014568182042938606,0.006869326887339946,0.014568182042938606,0.007698855155598661,0.35913012004509165
MLP4,L13H10,0.006809851929742434,0.007735037604758166,0.006809851929742434,0.007735037604758166,0.0009251856750157319,0.06360898601678507
MLP11,MLP15,0.015636390751194214,0.006785730406060425,0.006785730406060425,0.015636390751194214,-0.00885066034513379,-0.39472895017651677
L21H12,Residual Output: decision,0.006784491016527408,0.05608960918419173,0.006784491016527408,0.05608960918419173,0.04930511816766432,0.7841880521592003
MLP0,MLP7,0.011939999489565352,0.00677233447505555,0.00677233447505555,0.011939999489565352,-0.0051676650145098015,-0.27616357340993486
MLP5,L13H3,0.006765898248240932,0.009546936342596919,0.006765898248240932,0.009546936342596919,0.002781038094355986,0.17048159710501595
MLP1,MLP10,0.006738735111554197,0.006973103969847262,0.006738735111554197,0.006973103969847262,0.00023436885829306465,0.017092445214804134
MLP0,L9H3,0.009285256078721592,0.006727165080871492,0.006727165080871492,0.009285256078721592,-0.0025580909978501,-0.159756664676381
MLP2,L13H3,0.012322910979607443,0.006718703500412527,0.006718703500412527,0.012322910979607443,-0.005604207479194916,-0.2943136720405359
L16H4,MLP20,0.006717773441211265,0.009584099272089416,0.006717773441211265,0.009584099272089416,0.0028663258308781504,0.1758280095353412
L21H12,MLP23,0.00670133340535574,0.020113454086373904,0.00670133340535574,0.020113454086373904,0.013412120681018165,0.500176280910479
L16H9,L17H12,0.006695296941183392,0.025494053548176153,0.006695296941183392,0.025494053548176153,0.01879875660699276,0.5840054651990212
L2H14,L9H15,0.007154862066055679,0.006667011004545737,0.006667011004545737,0.007154862066055679,-0.0004878510615099422,-0.0352955825175086
MLP11,L16H6,0.006637137237970045,0.010618645271400077,0.006637137237970045,0.010618645271400077,0.003981508033430032,0.23073471349491217
MLP15,L17H12,0.009128142640492734,0.006633052205316067,0.006633052205316067,0.009128142640492734,-0.0024950904351766674,-0.15830591903634508
L21H12,L23H5,0.17217964266560098,0.006608276005468582,0.006608276005468582,0.17217964266560098,-0.1655713666601324,-0.9260769289716229
MLP1,L13H9,0.011125680830391105,0.006593510889732592,0.006593510889732592,0.011125680830391105,-0.004532169940658514,-0.25577746503590937
L13H9,L16H13,0.006703288640105918,0.0065718801988725204,0.0065718801988725204,0.006703288640105918,-0.00013140844123339743,-0.009898815060457616
MLP2,L11H9,0.014207452230586141,0.006547225077579061,0.006547225077579061,0.014207452230586141,-0.0076602271530070805,-0.36908437742818734
MLP2,L11H1,0.007590398630405827,0.006537538179086104,0.006537538179086104,0.007590398630405827,-0.001052860451319723,-0.07452329844881192
MLP3,L9H5,0.0065360832555906,0.006693094308097745,0.0065360832555906,0.006693094308097745,0.00015701105250714564,0.011868542224280975
MLP12,L13H15,0.00647599323806936,0.007179179776735809,0.00647599323806936,0.007179179776735809,0.0007031865386664489,0.05149598162572104
L9H5,MLP13,0.006459418635371072,0.007178138425558909,0.006459418635371072,0.007178138425558909,0.0007187197901878366,0.0527015056271981
MLP0,L2H15,0.006452549635249422,0.011208040235635541,0.006452549635249422,0.011208040235635541,0.0047554906003861195,0.2692713343751878
MLP15,L17H2,0.006446251577823994,0.007600040801265496,0.006446251577823994,0.007600040801265496,0.0011537892234415028,0.08214190565754789
MLP4,L11H8,0.010346077992561315,0.006424671024476532,0.006424671024476532,0.010346077992561315,-0.003921406968084783,-0.23382419974808058
MLP9,L16H9,0.006420174536225413,0.00911946868107017,0.006420174536225413,0.00911946868107017,0.0026992941448447565,0.1737037399829392
L2H14,MLP13,0.016921365170410492,0.006379621128259352,0.006379621128259352,0.016921365170410492,-0.010541744042151139,-0.4524162156497608
L13H13,L16H8,0.006308558955157474,0.008277763102849616,0.006308558955157474,0.008277763102849616,0.001969204147692143,0.135003473792844
L13H9,MLP14,0.00620079645678911,0.013626962947371138,0.00620079645678911,0.013626962947371138,0.007426166490582028,0.3745338209532578
MLP13,L18H14,0.009068049309863883,0.006113009599958486,0.006113009599958486,0.009068049309863883,-0.002955039709905397,-0.1946530691606396
Input Embed,L13H6,0.006112691841862101,0.012196839409628978,0.006112691841862101,0.012196839409628978,0.006084147567766877,0.33229401038169126
MLP4,MLP13,0.006102405315759311,0.01305523637784964,0.006102405315759311,0.01305523637784964,0.006952831062090329,0.3629272941465345
MLP3,MLP10,0.00605442205783008,0.007783584735594545,0.00605442205783008,0.007783584735594545,0.0017291626777644646,0.12495749594414905
MLP6,MLP9,0.007182956036705775,0.006047974336993115,0.006047974336993115,0.007182956036705775,-0.0011349816997126595,-0.08578245578019467
L2H15,L11H8,0.006047952340314997,0.008253723671095893,0.006047952340314997,0.008253723671095893,0.002205771330780896,0.15423166690540155
L13H10,MLP17,0.006023961795464441,0.012924481706438248,0.006023961795464441,0.012924481706438248,0.006900519910973807,0.364173443073617
MLP10,L13H13,0.006021527024881671,0.01559751402523798,0.006021527024881671,0.01559751402523798,0.00957598700035631,0.44294226456003294
L12H13,MLP16,0.006010933190497245,0.009109141849702247,0.006010933190497245,0.009109141849702247,0.003098208659205002,0.20490696315777837
MLP11,L15H5,0.006003930784829751,0.016765687607708135,0.006003930784829751,0.016765687607708135,0.010761756822878384,0.47263667916390084
L17H12,L21H12,0.052557961221640775,0.005975582926109482,0.005975582926109482,0.052557961221640775,-0.046582378295531295,-0.795823642216985
MLP7,L16H9,0.012925824590840667,0.00597426659564219,0.00597426659564219,0.012925824590840667,-0.006951557995198477,-0.3678055267886833
L11H9,MLP16,0.005958014907144797,0.006826497428100322,0.005958014907144797,0.006826497428100322,0.0008684825209555247,0.06793239336640472
MLP4,L16H13,0.005916133772881707,0.011707901881817992,0.005916133772881707,0.011707901881817992,0.0057917681089362846,0.32862893734510956
L17H8,L20H14,0.010167016662168937,0.005879690725036945,0.005879690725036945,0.010167016662168937,-0.004287325937131992,-0.2671779221543167
MLP9,L13H3,0.009946602718774723,0.005858221018252769,0.005858221018252769,0.009946602718774723,-0.004088381700521953,-0.2586793607159127
MLP3,L13H13,0.0074631603688006315,0.00584903895473792,0.00584903895473792,0.0074631603688006315,-0.0016141214140627117,-0.12125129550972333
L2H14,L11H5,0.027282948254292807,0.005831220058340743,0.005831220058340743,0.027282948254292807,-0.021451728195952063,-0.6478111723484811
L16H8,L20H5,0.007221612807291622,0.005805272381869961,0.005805272381869961,0.007221612807291622,-0.0014163404254216609,-0.1087244114656097
MLP3,L13H3,0.01087535075084964,0.005800947399118378,0.005800947399118378,0.01087535075084964,-0.005074403351731262,-0.3042883562105775
MLP11,L17H1,0.014880564084690542,0.00579922036381805,0.00579922036381805,0.014880564084690542,-0.009081343720872492,-0.43914112081218676
Input Embed,L13H9,0.005773061430492234,0.012743069987476428,0.005773061430492234,0.012743069987476428,0.006970008556984194,0.37642898506435685
L9H3,L10H2,0.013550156040095242,0.005757010603483827,0.005757010603483827,0.013550156040095242,-0.007793145436611415,-0.4036400358725427
MLP10,L13H9,0.005735474856338509,0.006003752826528389,0.005735474856338509,0.006003752826528389,0.0002682779701898806,0.02285311925429519
L16H8,MLP20,0.005706959192614095,0.032049422260112016,0.005706959192614095,0.032049422260112016,0.02634246306749792,0.6976956491574996
MLP2,L6H8,0.010849219631170205,0.005661894568581515,0.005661894568581515,0.010849219631170205,-0.00518732506258869,-0.3141717148723187
MLP17,L19H6,0.03692433395677964,0.005631650090023464,0.005631650090023464,0.03692433395677964,-0.031292683866756175,-0.7353298147762359
L12H10,L13H3,0.0060651141749331556,0.005561006771636299,0.005561006771636299,0.0060651141749331556,-0.0005041074032968561,-0.04335989670274368
L11H4,MLP12,0.0055330325599311355,0.013801632040291568,0.0055330325599311355,0.013801632040291568,0.008268599480360433,0.42765673216101163
L17H12,L20H5,0.015070991484715952,0.005384678419758346,0.005384678419758346,0.015070991484715952,-0.009686313064957607,-0.47352705192211314
MLP7,L13H3,0.005375322865810258,0.00809977444885576,0.005375322865810258,0.00809977444885576,0.0027244515830455026,0.2021841860897187
L2H14,L11H4,0.005335525034810881,0.005593022024405279,0.005335525034810881,0.005593022024405279,0.00025749698959439717,0.0235618685813543
L16H4,L18H14,0.009167033807563185,0.005332978968114279,0.005332978968114279,0.009167033807563185,-0.0038340548394489053,-0.264417342161257
L16H13,MLP20,0.0053264617011423146,0.007103783543500661,0.0053264617011423146,0.007103783543500661,0.0017773218423583464,0.14298365055382262
L6H7,MLP9,0.020603032224664315,0.005248636382694708,0.005248636382694708,0.020603032224664315,-0.015354395841969608,-0.5939421580546942
L11H4,L12H6,0.005236638373338685,0.007103307058193371,0.005236638373338685,0.007103307058193371,0.0018666686848546861,0.15127041648699832
MLP4,L16H9,0.0051968657693519296,0.008516930081593772,0.0051968657693519296,0.008516930081593772,0.003320064312241843,0.24209667026747314
L12H6,L16H13,0.005183091290469761,0.01772689807123842,0.005183091290469761,0.01772689807123842,0.01254380678076866,0.5475256484289082
MLP4,L13H3,0.010780283773551324,0.005152413285258681,0.005152413285258681,0.010780283773551324,-0.0056278704882926425,-0.3532277346088561
MLP10,MLP16,0.03531592350690596,0.0051412781836742815,0.0051412781836742815,0.03531592350690596,-0.030174645323231677,-0.7458411373581806
MLP4,L15H5,0.005130166769757685,0.010858790908937415,0.005130166769757685,0.010858790908937415,0.00572862413917973,0.3582862782114299
Input Embed,L11H5,0.0051218755738334865,0.02851667937700397,0.0051218755738334865,0.02851667937700397,0.023394803803170484,0.6954758858506808
MLP3,L16H8,0.005106659197656833,0.03082294038660616,0.005106659197656833,0.03082294038660616,0.02571628118894933,0.7157408233464686
MLP7,L12H6,0.0187062134806118,0.005100520171583392,0.005100520171583392,0.0187062134806118,-0.013605693309028407,-0.5715060918394339
MLP6,L16H8,0.00508315176081717,0.0494721445508109,0.00508315176081717,0.0494721445508109,0.04438899278999373,0.8136513920928432
L16H9,L20H5,0.015240249850761108,0.005077104255860232,0.005077104255860232,0.015240249850761108,-0.010163145594900877,-0.5002199371811289
MLP3,L11H9,0.010137347405036622,0.005048462390488258,0.005048462390488258,0.010137347405036622,-0.005088885014548364,-0.33510791212780844
L12H3,MLP16,0.00503356020160893,0.006468405945220773,0.00503356020160893,0.006468405945220773,0.0014348457436118428,0.12474786704248217
L11H1,L13H15,0.005165796645844559,0.005020372987169071,0.005020372987169071,0.005165796645844559,-0.00014542365867548784,-0.014276579314383902
MLP0,MLP9,0.004991206071601178,0.008357621792877402,0.004991206071601178,0.008357621792877402,0.003366415721276224,0.2521881138518764
L13H9,MLP15,0.004984329715869611,0.005124776175393601,0.004984329715869611,0.005124776175393601,0.00014044645952398984,0.013893064434647042
MLP7,L17H8,0.010790145271787776,0.004964193258655151,0.004964193258655151,0.010790145271787776,-0.005825952013132625,-0.3697998492208883
MLP3,MLP9,0.006450451566573374,0.0049628907171803145,0.0049628907171803145,0.006450451566573374,-0.00148756084939306,-0.1303352525850843
L17H12,L21H1,0.03233728529855784,0.0049393851408718785,0.0049393851408718785,0.03233728529855784,-0.02739790015768596,-0.7349878579473557
L4H15,L11H8,0.0068496686130794454,0.004931547090220274,0.004931547090220274,0.0068496686130794454,-0.0019181215228591718,-0.16281184991137532
L19H6,L21H12,0.03744532110977443,0.004920162006106352,0.004920162006106352,0.03744532110977443,-0.03252515910366808,-0.7677277989419637
MLP6,L11H8,0.01268898577232369,0.004917936272628707,0.004917936272628707,0.01268898577232369,-0.007771049499694982,-0.4413633160784516
L17H8,MLP27,0.0049152419426803555,0.1916426437545904,0.0049152419426803555,0.1916426437545904,0.18672740181191003,0.9499868252525814
L6H0,L11H1,0.007892936019425981,0.004906350125627778,0.004906350125627778,0.007892936019425981,-0.002986585893798204,-0.23334003630759984
MLP13,L16H13,0.004888460006240564,0.02942393699150403,0.004888460006240564,0.02942393699150403,0.024535476985263465,0.7150615850847208
L23H5,MLP27,0.08058019651298623,0.004868765653551938,0.004868765653551938,0.08058019651298623,-0.0757114308594343,-0.8860427200025481
MLP2,L13H6,0.006739712548660627,0.004866189821558189,0.004866189821558189,0.006739712548660627,-0.001873522727102438,-0.16142844109303972
MLP5,MLP13,0.004864485569094307,0.012118061517507356,0.004864485569094307,0.012118061517507356,0.007253575948413049,0.4271194368797445
MLP9,L17H2,0.006081908416909282,0.0048502093169238945,0.0048502093169238945,0.006081908416909282,-0.0012316990999853873,-0.1126679322317828
MLP0,L12H0,0.0048362071896121865,0.008388010462639572,0.0048362071896121865,0.008388010462639572,0.0035518032730273855,0.2685832437446763
MLP12,L16H13,0.004806433020989829,0.04679884686421013,0.004806433020989829,0.04679884686421013,0.041992413843220305,0.8137232069399829
L2H15,L9H5,0.004730495951729849,0.005973568158604973,0.004730495951729849,0.005973568158604973,0.0012430722068751242,0.11613086338626583
MLP2,L9H5,0.011113129412814945,0.004713621198325717,0.004713621198325717,0.011113129412814945,-0.0063995082144892275,-0.40434757403610866
MLP0,L6H0,0.004660599603435258,0.007872379070252929,0.004660599603435258,0.007872379070252929,0.003211779466817671,0.25626625165815536
MLP12,L13H13,0.009762867797787993,0.0045753819717466015,0.0045753819717466015,0.009762867797787993,-0.005187485826041392,-0.3617935179971253
Input Embed,L6H8,0.008534005561800563,0.004566025417190106,0.004566025417190106,0.008534005561800563,-0.003967980144610458,-0.30289853138318173
L13H11,MLP16,0.0044684798234597995,0.015200263153642325,0.0044684798234597995,0.015200263153642325,0.010731783330182525,0.5456262935906077
L4H15,L6H0,0.005442960901710432,0.004422751068950325,0.004422751068950325,0.005442960901710432,-0.0010202098327601068,-0.103409651102127
Input Embed,L11H8,0.00440405812979165,0.00869947498811171,0.00440405812979165,0.00869947498811171,0.004295416858320059,0.3278060061870817
L6H7,L13H6,0.006017997190593098,0.004380156358302382,0.004380156358302382,0.006017997190593098,-0.0016378408322907162,-0.15751266074203066
L4H15,MLP12,0.004350203195122463,0.014399362520937676,0.004350203195122463,0.014399362520937676,0.010049159325815214,0.535967578022754
L16H9,L20H14,0.006933685638821593,0.004331991054959805,0.004331991054959805,0.006933685638821593,-0.002601694583861788,-0.23093992971570992
L23H5,L24H6,0.09246689751409709,0.0043222316642722485,0.0043222316642722485,0.09246689751409709,-0.08814466584982485,-0.9106876629439045
MLP14,L20H5,0.0043141329427904005,0.005968587010699987,0.0043141329427904005,0.005968587010699987,0.0016544540679095865,0.16089654054499417
L15H5,MLP18,0.0043097855404307436,0.010082492427707408,0.0043097855404307436,0.010082492427707408,0.005772706887276664,0.4010975121559195
L9H15,MLP12,0.004309068586724008,0.011012267672231561,0.004309068586724008,0.011012267672231561,0.006703199085507553,0.43750747142498253
MLP0,MLP10,0.01285995505250652,0.004306871496172392,0.004306871496172392,0.01285995505250652,-0.008553083556334128,-0.49823323676514564
MLP4,L11H5,0.008524171544260543,0.004305584847107743,0.004305584847107743,0.008524171544260543,-0.004218586697152801,-0.3288126889136428
MLP5,MLP10,0.011149931454066456,0.004303663697325069,0.004303663697325069,0.011149931454066456,-0.006846267756741387,-0.443021037478448
L18H3,MLP19,0.004302348419353446,0.010720588522958699,0.004302348419353446,0.010720588522958699,0.006418240103605252,0.42722938452389164
L12H0,L13H3,0.004300329951545098,0.006966947754743371,0.004300329951545098,0.006966947754743371,0.002666617803198273,0.2366692179522642
MLP8,L11H1,0.004291945030298863,0.006001798156801699,0.004291945030298863,0.006001798156801699,0.0017098531265028359,0.166106060295492
L13H3,MLP14,0.0042857580794253705,0.005207517933952711,0.0042857580794253705,0.005207517933952711,0.0009217598545273407,0.09709607655232834
Input Embed,L8H3,0.008556349755532882,0.004284301855817009,0.004284301855817009,0.008556349755532882,-0.004272047899715873,-0.3326971269853468
L8H3,MLP12,0.007691184980478263,0.004284301855817009,0.004284301855817009,0.007691184980478263,-0.003406883124661254,-0.28448806893893297
MLP14,L17H2,0.004280894268408225,0.009513815759009418,0.004280894268408225,0.009513815759009418,0.005232921490601193,0.3793426233824787
MLP0,L16H8,0.004279321955910851,0.016648836627663276,0.004279321955910851,0.016648836627663276,0.012369514671752424,0.5910464899411111
L9H5,L12H3,0.004262244939516499,0.008396779765327239,0.004262244939516499,0.008396779765327239,0.00413453482581074,0.32660769073534845
MLP15,L21H1,0.006307797255918282,0.004261621761240668,0.004261621761240668,0.006307797255918282,-0.002046175494677614,-0.19359394223615747
MLP2,L12H0,0.005941091263738661,0.004260690524393518,0.004260690524393518,0.005941091263738661,-0.0016804007393451427,-0.16471639702193663
MLP10,L12H6,0.008208250049430633,0.0042559515986438,0.0042559515986438,0.008208250049430633,-0.003952298450786833,-0.3170919857027036
MLP11,L15H9,0.004248877853565276,0.022728208810195508,0.004248877853565276,0.022728208810195508,0.018479330956630232,0.6850009857237154
MLP14,L21H1,0.004243194899313708,0.0077139010857872415,0.004243194899313708,0.0077139010857872415,0.0034707061864735333,0.2902633039659614
MLP14,L21H12,0.004241555168525219,0.008582613627584609,0.004241555168525219,0.008582613627584609,0.0043410584590593895,0.33850602936357455
MLP1,L16H4,0.004233077019365077,0.019267358374965373,0.004233077019365077,0.019267358374965373,0.015034281355600296,0.6397448006102627
MLP10,L12H10,0.008641851337951484,0.004227351367511857,0.004227351367511857,0.008641851337951484,-0.004414499970439627,-0.3430282412573661
MLP16,L18H3,0.004226157089185344,0.007714964184143478,0.004226157089185344,0.007714964184143478,0.0034888070949581334,0.2921674619242486
L13H6,L14H13,0.005179534038705119,0.0042213160297061535,0.0042213160297061535,0.005179534038705119,-0.0009582180089989659,-0.10192886834976436
MLP2,L11H5,0.006775818374992832,0.004214091759766101,0.004214091759766101,0.006775818374992832,-0.002561726615226731,-0.23309804937571704
MLP6,MLP10,0.0050185638666762475,0.004211743879584002,0.004211743879584002,0.0050185638666762475,-0.000806819987092245,-0.08740986858419061
L9H3,L11H8,0.004209179731953266,0.00574155014522623,0.004209179731953266,0.00574155014522623,0.0015323704132729644,0.15399578042885334
L2H15,L11H9,0.004208887839616984,0.005033344494882032,0.004208887839616984,0.005033344494882032,0.0008244566552650483,0.08920535920608175
MLP11,L21H1,0.016861473580383885,0.00420693487543392,0.00420693487543392,0.016861473580383885,-0.012654538704949966,-0.6006404675268937
L12H6,MLP14,0.006064622243639982,0.0041998425528691815,0.0041998425528691815,0.006064622243639982,-0.0018647796907708004,-0.18167334856124134
MLP9,L13H13,0.007400073569551341,0.004193666660173559,0.004193666660173559,0.007400073569551341,-0.0032064069093777825,-0.27656363225708264
L11H8,MLP13,0.00486637541284325,0.004186391478209621,0.004186391478209621,0.00486637541284325,-0.0006799839346336295,-0.07511338166739703
MLP11,L20H5,0.02154133052418597,0.004181280130247891,0.004181280130247891,0.02154133052418597,-0.01736005039393808,-0.6748945753274732
L12H3,L15H5,0.004178010471845131,0.012225352092999542,0.004178010471845131,0.012225352092999542,0.008047341621154412,0.4905909742189872
MLP14,MLP15,0.009318232745390832,0.004164189149709709,0.004164189149709709,0.009318232745390832,-0.005154043595681123,-0.38227876532732463
MLP12,MLP15,0.012176896390112988,0.004159924349134395,0.004159924349134395,0.012176896390112988,-0.008016972040978593,-0.49073024482166927
MLP15,L18H14,0.004159438528641636,0.005014600426733037,0.004159438528641636,0.005014600426733037,0.0008551618980914008,0.09321542041091926
MLP18,L24H6,0.004142062359669524,0.062401800249308303,0.004142062359669524,0.062401800249308303,0.05825973788963878,0.8755088088586341
MLP11,L13H15,0.008660617531765682,0.004141841386776763,0.004141841386776763,0.008660617531765682,-0.00451877614498892,-0.3529615813446703
MLP1,MLP12,0.0041375724677243835,0.012185199611791384,0.0041375724677243835,0.012185199611791384,0.008047627144067,0.49303066322701117
MLP5,L12H0,0.004129703330036867,0.006833971854122499,0.004129703330036867,0.006833971854122499,0.002704268524085632,0.24665711804312088
L2H15,L6H8,0.004235486865634251,0.004113166185789784,0.004113166185789784,0.004235486865634251,-0.00012232067984446673,-0.014651546673580165
MLP17,L23H5,0.004112506638531536,0.004127080163205968,0.004112506638531536,0.004127080163205968,1.4573524674431869e-05,0.001768720328470684
MLP4,L9H5,0.0063589361318796955,0.0041011850041784955,0.0041011850041784955,0.0063589361318796955,-0.0022577511277012,-0.21584368845579302
L6H0,MLP7,0.004083034372176319,0.007067992119082001,0.004083034372176319,0.007067992119082001,0.0029849577469056813,0.2676845713931084
L16H13,MLP19,0.004055065031357456,0.007998451676389656,0.004055065031357456,0.007998451676389656,0.0039433866450322005,0.3271565254062064
L15H9,L16H8,0.004047176776770925,0.049125060469398324,0.004047176776770925,0.049125060469398324,0.0450778836926274,0.8477710554839405
L6H0,L9H5,0.004025807098858738,0.005111140232072938,0.004025807098858738,0.005111140232072938,0.0010853331332142,0.11878509242796857
MLP22,MLP27,0.004021255374259221,0.007227022107528765,0.004021255374259221,0.007227022107528765,0.0032057667332695437,0.28500068018947616
L9H5,L13H3,0.004786286174506543,0.0039967048132168535,0.0039967048132168535,0.004786286174506543,-0.0007895813612896893,-0.08989891511824874
MLP12,MLP19,0.003994550680884572,0.006510840639292242,0.003994550680884572,0.006510840639292242,0.0025162899584076697,0.23952367710233172
L21H1,MLP23,0.005165264116220515,0.0039940347854813376,0.0039940347854813376,0.005165264116220515,-0.0011712293307391776,-0.12787325136005293
MLP9,MLP16,0.010181767050042173,0.003985877357593091,0.003985877357593091,0.010181767050042173,-0.006195889692449082,-0.4373267364834465
MLP9,L12H0,0.003973370770240696,0.013006512886343576,0.003973370770240696,0.013006512886343576,0.00903314211610288,0.5319908132939478
MLP5,MLP7,0.005152836419613465,0.003948243675595451,0.003948243675595451,0.005152836419613465,-0.0012045927440180139,-0.13235711931072314
MLP12,L13H11,0.003945939402365504,0.018913133302241772,0.003945939402365504,0.018913133302241772,0.014967193899876267,0.6547594512379152
Input Embed,MLP13,0.003934484382644737,0.006351912079929966,0.003934484382644737,0.006351912079929966,0.0024174276972852285,0.23501210614238194
MLP0,L13H3,0.005546861899181222,0.003933164736878086,0.003933164736878086,0.005546861899181222,-0.001613697162303136,-0.1702207413811575
MLP5,L9H7,0.003893376310242813,0.0058242254713580235,0.003893376310242813,0.0058242254713580235,0.0019308491611152107,0.19869605737200016
L6H0,L10H2,0.00799889420862594,0.003838694633558416,0.003838694633558416,0.00799889420862594,-0.004160199575067525,-0.35143977633707496
MLP13,L17H2,0.003837027984410926,0.012270750863111208,0.003837027984410926,0.012270750863111208,0.008433722878700282,0.5235807468264096
L2H15,L12H6,0.0038368263487611265,0.01977952477674957,0.0038368263487611265,0.01977952477674957,0.015942698427988445,0.675070350337353
Input Embed,L3H14,0.055194305167836515,0.003785893834097758,0.003785893834097758,0.055194305167836515,-0.05140841133373876,-0.8716215306776569
L12H6,L13H13,0.006924352097071797,0.0037729874620440395,0.0037729874620440395,0.006924352097071797,-0.003151364635027757,-0.29459330683228546
MLP5,L11H5,0.006770577378195541,0.0035055986128714614,0.0035055986128714614,0.006770577378195541,-0.0032649787653240793,-0.31772312659517504
L6H7,L13H10,0.006885540135777208,0.003505377441628913,0.003505377441628913,0.006885540135777208,-0.0033801626941482948,-0.32529973113231864
MLP10,L17H2,0.007804124948892539,0.003482709957334158,0.003482709957334158,0.007804124948892539,-0.004321414991558381,-0.38287217164613196
MLP11,L13H10,0.004237014073036435,0.0034774198093793403,0.0034774198093793403,0.004237014073036435,-0.000759594263657095,-0.09846403186998708
MLP11,L12H10,0.003467472308074149,0.007658234275999504,0.003467472308074149,0.007658234275999504,0.004190761967925356,0.3766737812342088
L15H5,L17H8,0.0034648240373737686,0.008520012163712206,0.0034648240373737686,0.008520012163712206,0.005055188126338437,0.4217986830625498
MLP0,L16H13,0.0034581419598913588,0.005716768366936646,0.0034581419598913588,0.005716768366936646,0.002258626407045287,0.24617422150066404
L12H0,L15H5,0.0034578448549552497,0.018249133713597484,0.0034578448549552497,0.018249133713597484,0.014791288858642233,0.6814070789230253
MLP3,L12H0,0.0034405950179341224,0.008620861822972963,0.0034405950179341224,0.008620861822972963,0.0051802668050388405,0.4294893123913261
MLP0,L11H9,0.003438763450609678,0.005903481834843852,0.003438763450609678,0.005903481834843852,0.0024647183842341743,0.2638250558537461
MLP23,MLP27,0.0034378684612297755,0.005081741337367319,0.0034378684612297755,0.005081741337367319,0.0016438728761375434,0.19295166269331213
MLP3,L11H8,0.008418941958877936,0.003429986038281628,0.003429986038281628,0.008418941958877936,-0.004988955920596308,-0.42104702820308004
L2H15,L9H3,0.004185779089422088,0.003419758565044091,0.003419758565044091,0.004185779089422088,-0.0007660205243779973,-0.1007187866499049
L4H15,L11H9,0.006674967106781872,0.0034195260066070335,0.0034195260066070335,0.006674967106781872,-0.0032554411001748385,-0.3224967379349598
L16H13,L17H12,0.0034178260013431384,0.012001191965188928,0.0034178260013431384,0.012001191965188928,0.00858336596384579,0.5566739712267356
L9H3,L11H1,0.0034127583919778383,0.00595411845263829,0.0034127583919778383,0.00595411845263829,0.002541360060660452,0.27131349144631584
MLP1,MLP13,0.003406805910692848,0.003897895089777067,0.003406805910692848,0.003897895089777067,0.0004910891790842189,0.06722919652051834
L10H5,MLP11,0.0034048165533827287,0.043445861457746496,0.0034048165533827287,0.043445861457746496,0.04004104490436377,0.8546524106834089
MLP12,L15H9,0.0033907671736719187,0.036541413357325185,0.0033907671736719187,0.036541413357325185,0.033150646183653265,0.8301737030844154
MLP0,L16H9,0.003390036819969478,0.006793320494972322,0.003390036819969478,0.006793320494972322,0.003403283675002844,0.3342005558431389
MLP15,L21H12,0.008738441649898128,0.003384388055944183,0.003384388055944183,0.008738441649898128,-0.005354053593953944,-0.44165048292097053
L13H10,L14H13,0.006046459231094083,0.0033667953563996946,0.0033667953563996946,0.006046459231094083,-0.002679663874694388,-0.2846692235706155
L13H3,L16H13,0.0033648647454491308,0.007525322673057815,0.0033648647454491308,0.007525322673057815,0.0041604579276086845,0.3820373119142413
MLP5,L9H15,0.00336469870056197,0.007453553392637826,0.00336469870056197,0.007453553392637826,0.004088854692075856,0.3779589028662083
MLP5,L11H9,0.012442248101700762,0.0033590634974335334,0.0033590634974335334,0.012442248101700762,-0.009083184604267228,-0.5748373827882026
L16H4,MLP21,0.010788055448846675,0.0033567343908212466,0.0033567343908212466,0.010788055448846675,-0.007431321058025428,-0.5253751481824698
L2H15,MLP9,0.006387273070446886,0.00335145267243067,0.00335145267243067,0.006387273070446886,-0.0030358203980162157,-0.3117266548179028
L13H10,MLP15,0.008558397831924101,0.003348411884379431,0.003348411884379431,0.008558397831924101,-0.00520998594754467,-0.4375635515876967
MLP2,MLP9,0.010997794771155664,0.003347229067037612,0.003347229067037612,0.010997794771155664,-0.007650565704118052,-0.5333254088953556
MLP8,L16H8,0.0033452068277630815,0.007715722836148978,0.0033452068277630815,0.007715722836148978,0.004370516008385896,0.39513098276407627
MLP10,L11H8,0.003340103434340933,0.004792792966850354,0.003340103434340933,0.004792792966850354,0.0014526895325094207,0.17861896437001634
MLP17,L18H3,0.003324156459720452,0.008996196908886579,0.003324156459720452,0.008996196908886579,0.005672040449166127,0.4603796887529876
MLP4,L12H3,0.0033217667316092028,0.004232917280509507,0.0033217667316092028,0.004232917280509507,0.0009111505489003044,0.12060736722259975
MLP6,L16H13,0.00331817903132489,0.011415047993088295,0.00331817903132489,0.011415047993088295,0.008096868961763405,0.5495652071570449
L2H15,L10H2,0.003298472663209807,0.004120503725001098,0.003298472663209807,0.004120503725001098,0.0008220310617912912,0.11080114274221663
L11H5,L13H9,0.011074572519023516,0.003293375435030865,0.003293375435030865,0.011074572519023516,-0.0077811970839926515,-0.5415663467654012
L11H8,MLP14,0.0032740366486033426,0.004303325450357281,0.0032740366486033426,0.004303325450357281,0.0010292888017539386,0.13583735187937301
MLP5,L16H4,0.0032657606990802992,0.04563732394572648,0.0032657606990802992,0.04563732394572648,0.04237156324664618,0.8664394803395248
MLP23,L24H6,0.003263464944125964,0.02360224072010974,0.003263464944125964,0.02360224072010974,0.020338775775983774,0.7570534729359168
L9H15,L12H6,0.0031974903465544846,0.006547643461441783,0.0031974903465544846,0.006547643461441783,0.0033501531148872983,0.3437770256308195
L4H15,L12H6,0.0031836799489706777,0.006194400644559886,0.0031836799489706777,0.006194400644559886,0.003010720695589208,0.32103804883764203
MLP3,MLP13,0.0038207786128589497,0.003168266361520067,0.003168266361520067,0.0038207786128589497,-0.0006525122513388829,-0.09336214800890723
L6H0,L11H8,0.003937276207977328,0.0031545196370656213,0.0031545196370656213,0.003937276207977328,-0.0007827565709117067,-0.1103749442334611
MLP4,L13H13,0.003314671281370051,0.0031380930869781107,0.0031380930869781107,0.003314671281370051,-0.0001765781943919402,-0.027364736152165173
MLP13,MLP19,0.004840001912142387,0.003137871807794878,0.003137871807794878,0.004840001912142387,-0.001702130104347509,-0.2133563608676541
MLP3,L13H6,0.003121601875655719,0.009889951763914192,0.003121601875655719,0.009889951763914192,0.006768349888258473,0.520179993546274
L9H7,MLP11,0.0031057353455044203,0.0041476502732913645,0.0031057353455044203,0.0041476502732913645,0.0010419149277869442,0.14364532406591174
MLP0,MLP13,0.003072303455207351,0.0077977761713122744,0.003072303455207351,0.0077977761713122744,0.004725472716104923,0.43472291634149896
MLP20,L23H6,0.003058076271263386,0.06276558020790121,0.003058076271263386,0.06276558020790121,0.059707503936637825,0.9070827591526652
L2H14,L11H9,0.028882526137930003,0.0030480216396084514,0.0030480216396084514,0.028882526137930003,-0.025834504498321552,-0.8090842875077401
L17H8,L24H6,0.0030235720675428237,0.005611402969901338,0.0030235720675428237,0.005611402969901338,0.002587830902358514,0.2996917641494975
L9H7,MLP12,0.002993274001028038,0.014451208804437234,0.002993274001028038,0.014451208804437234,0.011457934803409196,0.6568228437142017
MLP7,L12H10,0.003990228845447743,0.002958115109696745,0.002958115109696745,0.003990228845447743,-0.0010321137357509982,-0.1485409678067003
L9H5,L12H6,0.010364298329514791,0.00294868122238888,0.00294868122238888,0.010364298329514791,-0.007415617107125912,-0.5570215952194958
L16H8,MLP21,0.009840651289762864,0.002691841623908776,0.002691841623908776,0.009840651289762864,-0.007148809665854088,-0.5704219994455759
MLP2,MLP10,0.011179629719943403,0.002624909126196901,0.002624909126196901,0.011179629719943403,-0.008554720593746502,-0.6197034677575172
MLP2,L13H10,0.0059479204188564675,0.0026247984387300517,0.0026247984387300517,0.0059479204188564675,-0.003323121980126416,-0.3876392117053487
MLP10,L17H12,0.005096019692189241,0.0026200688914525044,0.0026200688914525044,0.005096019692189241,-0.0024759508007367367,-0.3208815935558075
L2H14,L6H7,0.026818658662032938,0.0026153414343623705,0.0026153414343623705,0.026818658662032938,-0.02420331722767057,-0.8222911309507903
L6H7,MLP10,0.006067263090051855,0.00261278659110721,0.00261278659110721,0.006067263090051855,-0.003454476498944645,-0.39797888558667344
MLP7,L13H10,0.0034678923627238273,0.002602697270218962,0.002602697270218962,0.0034678923627238273,-0.0008651950925048653,-0.1425224145954092
L13H9,L15H9,0.002602055871962726,0.008055708663705412,0.002602055871962726,0.008055708663705412,0.005453652791742686,0.5117070069892283
MLP5,L16H13,0.002602013543208925,0.0064564524442464214,0.002602013543208925,0.0064564524442464214,0.0038544389010374963,0.4255068028488854
MLP6,L15H5,0.0026016468129199596,0.007652137700228014,0.0026016468129199596,0.007652137700228014,0.005050490887308055,0.49254895895579176
MLP6,L16H6,0.002601458331984038,0.006006640430228973,0.002601458331984038,0.006006640430228973,0.003405182098244935,0.39557888359653465
L11H1,L16H9,0.0026005928215078397,0.009528643840948384,0.0026005928215078397,0.009528643840948384,0.006928051019440544,0.5711860698443643
L13H10,L15H9,0.0026004152690236463,0.005171139880951455,0.0026004152690236463,0.005171139880951455,0.0025707246119278087,0.33078638217423506
MLP0,L13H10,0.0025961448829280075,0.002630270406576145,0.0025961448829280075,0.002630270406576145,3.4125523648137306e-05,0.006529432078746063
MLP14,L16H13,0.002594841178975419,0.003964820742101138,0.002594841178975419,0.003964820742101138,0.0013699795631257191,0.20884911137323997
Input Embed,L12H0,0.0025948122960924723,0.03722406620595436,0.0025948122960924723,0.03722406620595436,0.034629253909861886,0.8696692426453402
MLP5,L16H9,0.002594120797736656,0.013614747932887463,0.002594120797736656,0.013614747932887463,0.011020627135150807,0.6799134053278536
MLP11,L16H12,0.0025896024413810436,0.005075273360007426,0.0025896024413810436,0.005075273360007426,0.002485670918626382,0.3242936980369741
MLP17,L18H11,0.002587250464889754,0.0060652142600820785,0.002587250464889754,0.0060652142600820785,0.0034779637951923245,0.40196220449816933
MLP4,L12H0,0.002585191145573887,0.015835313323916963,0.002585191145573887,0.015835313323916963,0.013250122178343076,0.7193137517101514
MLP1,L12H0,0.0025845238983572046,0.009178303806630261,0.0025845238983572046,0.009178303806630261,0.006593779908273057,0.5605607829720467
L11H9,MLP14,0.0025838798097137243,0.0034126663005115145,0.0025838798097137243,0.0034126663005115145,0.0008287864907977902,0.13821064252045914
L10H2,L13H9,0.00960279711399999,0.00258151847702556,0.00258151847702556,0.00960279711399999,-0.0070212786369744295,-0.576255480623467
L11H5,MLP14,0.002580762899092624,0.0034035721496680897,0.002580762899092624,0.0034035721496680897,0.0008228092505754656,0.13749384749870577
MLP11,MLP19,0.005640321770333977,0.002576190913692695,0.002576190913692695,0.005640321770333977,-0.003064130856641282,-0.3729235229683405
MLP1,L16H9,0.0025729012946177137,0.0067641482669206325,0.0025729012946177137,0.0067641482669206325,0.004191246972302919,0.4488834448911697
L15H9,L16H4,0.002565929316674399,0.030935758583157193,0.002565929316674399,0.030935758583157193,0.028369829266482793,0.8468179081396494
MLP7,L12H0,0.0025639239105523385,0.009579152760784316,0.0025639239105523385,0.009579152760784316,0.007015228850231978,0.5777142844524075
L9H3,L16H8,0.002563507174586617,0.0042769097312193435,0.002563507174586617,0.0042769097312193435,0.0017134025566327266,0.2504821826252194
MLP2,L9H15,0.0030868005409164143,0.0025632506394373355,0.0025632506394373355,0.0030868005409164143,-0.0005235499014790788,-0.09266285999311945
MLP8,L12H6,0.006070264325811425,0.0025620808939435047,0.0025620808939435047,0.006070264325811425,-0.0035081834318679206,-0.4063998070697545
MLP8,L16H9,0.0026005585232661698,0.0025620808939435047,0.0025620808939435047,0.0026005585232661698,-3.847762932266503e-05,-0.007453092539137971
L2H15,L11H5,0.0069249079640913555,0.0025600165190091794,0.0025600165190091794,0.0069249079640913555,-0.004364891445082176,-0.46019253530791776
MLP6,L13H6,0.0073531935732544604,0.002558417526415693,0.002558417526415693,0.0073531935732544604,-0.004794776046838768,-0.4837534482157328
L15H5,MLP19,0.0025507722364879358,0.011119116734125509,0.0025507722364879358,0.011119116734125509,0.008568344497637572,0.6268042495485654
L18H14,L20H14,0.004071365249481089,0.0025500033894109444,0.0025500033894109444,0.004071365249481089,-0.0015213618600701446,-0.22976546738903772
L17H2,L21H1,0.03607505428817732,0.002547155748345674,0.002547155748345674,0.03607505428817732,-0.033527898539831645,-0.8680989127273161
MLP1,L11H5,0.0025437085127574545,0.003409822022850786,0.0025437085127574545,0.003409822022850786,0.0008661135100933312,0.1454789733441495
MLP5,L12H3,0.002543518600915738,0.0034254120757275432,0.002543518600915738,0.0034254120757275432,0.0008818934748118052,0.14774731398082702
Input Embed,L12H13,0.0025429926953634344,0.009595535084908227,0.0025429926953634344,0.009595535084908227,0.0070525423895447924,0.5810047575132671
MLP6,L12H0,0.0025393102346310367,0.004339505140101064,0.0025393102346310367,0.004339505140101064,0.0018001949054700273,0.2617012970114984
MLP6,L12H13,0.002538868387877141,0.010804305232835171,0.002538868387877141,0.010804305232835171,0.00826543684495803,0.6194505954811061
L9H5,L11H1,0.0025316542716770705,0.005112425193653777,0.0025316542716770705,0.005112425193653777,0.002580770921976707,0.3376169666578691
Input Embed,L13H3,0.0025311203268113098,0.015980579232551348,0.0025311203268113098,0.015980579232551348,0.013449458905740038,0.726538309603113
MLP14,MLP17,0.002524636006494718,0.004861493628378376,0.002524636006494718,0.004861493628378376,0.0023368576218836578,0.31638459347509257
L9H3,L16H4,0.005153940473442109,0.002523397993860498,0.002523397993860498,0.005153940473442109,-0.0026305424795816114,-0.3426372942634948
MLP9,MLP14,0.002523052609105623,0.0025500806255241014,0.002523052609105623,0.0025500806255241014,2.7028016418478244e-05,0.005327677229918239
Input Embed,L12H3,0.002517149823025949,0.003971860328557081,0.002517149823025949,0.003971860328557081,0.0014547105055311318,0.22418064875060295
MLP3,L6H8,0.005830159423089186,0.0025103244499637546,0.0025103244499637546,0.005830159423089186,-0.003319834973125431,-0.39803865383055326
L13H6,MLP14,0.00488047958229003,0.0025092794089547634,0.0025092794089547634,0.00488047958229003,-0.0023712001733352662,-0.3208765233270269
MLP2,MLP7,0.0025081461789059783,0.002855073836400552,0.0025081461789059783,0.002855073836400552,0.0003469276574945739,0.06468644890652421
L9H3,L13H6,0.0142156710206234,0.0025020756741050668,0.0025020756741050668,0.0142156710206234,-0.011713595346518333,-0.7006683113706902
L10H5,L12H6,0.0024986049741956523,0.00803119672571798,0.0024986049741956523,0.00803119672571798,0.005532591751522327,0.5254222167894868
L12H3,MLP17,0.0024976526127049085,0.005747796027923569,0.0024976526127049085,0.005747796027923569,0.0032501434152186607,0.39417423561453785
MLP2,L13H13,0.004202994473077277,0.002484464121148994,0.002484464121148994,0.004202994473077277,-0.0017185303519282828,-0.2569780923072936
MLP9,L17H8,0.008143354991609841,0.0024791217837633614,0.0024791217837633614,0.008143354991609841,-0.00566423320784648,-0.5332309335783393
L9H5,L12H10,0.002596433768329211,0.002477754422384319,0.002477754422384319,0.002596433768329211,-0.0001186793459448921,-0.02338883413155464
MLP17,L24H6,0.002476185787121629,0.5589475365957082,0.002476185787121629,0.5589475365957082,0.5564713508085866,0.9911789057412393
L9H3,L12H3,0.002474244342546684,0.006285936723863248,0.002474244342546684,0.006285936723863248,0.0038116923813165636,0.43511570736044825
L9H3,L13H13,0.006604401104437252,0.0024704899844427597,0.0024704899844427597,0.006604401104437252,-0.004133911119994492,-0.455532863095185
L12H6,MLP27,0.0024638474719833226,0.011844523048763465,0.0024638474719833226,0.011844523048763465,0.009380675576780143,0.6556075384809467
L2H14,L13H13,0.006865069680321953,0.002463620961045865,0.002463620961045865,0.006865069680321953,-0.004401448719276088,-0.47181848862668757
Input Embed,L5H13,0.020395332628060096,0.002459641101783881,0.002459641101783881,0.020395332628060096,-0.017935691526276214,-0.7847609775571881
L10H2,MLP15,0.0034601109065276465,0.0024571572753039573,0.0024571572753039573,0.0034601109065276465,-0.0010029536312236892,-0.16949605804637363
MLP0,MLP12,0.0024516651267074115,0.010484421465604398,0.0024516651267074115,0.010484421465604398,0.008032756338896985,0.6209572177470598
L11H1,L12H10,0.0025993658927935836,0.002450048938312523,0.002450048938312523,0.0025993658927935836,-0.00014931695448106063,-0.029571140315352504
L12H3,MLP15,0.0024426220814226557,0.0081509965874817,0.0024426220814226557,0.0081509965874817,0.005708374506059044,0.5388502913376466
MLP5,L13H13,0.0058155123516467795,0.0024425541142222285,0.0024425541142222285,0.0058155123516467795,-0.003372958237424551,-0.4084440651289442
MLP1,L11H8,0.002440768316062852,0.007321035535726135,0.002440768316062852,0.007321035535726135,0.004880267219663283,0.4999349806407865
L9H3,MLP13,0.007503144848760754,0.0024375780344584055,0.0024375780344584055,0.007503144848760754,-0.005065566814302348,-0.5095773087944624
MLP1,L13H3,0.002434821268808225,0.008518621906503177,0.002434821268808225,0.008518621906503177,0.006083800637694952,0.5554235814549695
L10H4,MLP16,0.00606505986434436,0.0024291181108338127,0.0024291181108338127,0.00606505986434436,-0.0036359417535105475,-0.42805104439011715
L11H5,MLP13,0.0024288062603876983,0.009341014124681805,0.0024288062603876983,0.009341014124681805,0.006912207864294107,0.5872823576018649
L17H1,L18H14,0.0031786728190434624,0.0024268572448605252,0.0024268572448605252,0.0031786728190434624,-0.0007518155741829372,-0.13412033574204632
MLP3,MLP7,0.002424593160657714,0.004093611521222285,0.002424593160657714,0.004093611521222285,0.0016690183605645712,0.25605491726951846
L12H0,MLP17,0.002414821018328057,0.008116703074836983,0.002414821018328057,0.008116703074836983,0.005701882056508926,0.5414109112858079
MLP10,L11H5,0.0024103523206071243,0.007785486731797994,0.0024103523206071243,0.007785486731797994,0.00537513441119087,0.5271890212824533
MLP23,Residual Output: decision,0.0023982754343634905,0.01911950045102709,0.0023982754343634905,0.01911950045102709,0.016721225016663597,0.7770889103839219
L6H0,MLP13,0.002395336776535716,0.004621658664212451,0.002395336776535716,0.004621658664212451,0.0022263218876767354,0.3172756639897945
L11H8,L16H4,0.004362674074245385,0.0023926807108129796,0.0023926807108129796,0.004362674074245385,-0.001969993363432406,-0.29161952645176803
MLP9,MLP13,0.004530669735702019,0.002369540480884036,0.002369540480884036,0.004530669735702019,-0.0021611292548179826,-0.31319759644760825
MLP9,MLP10,0.002471167569293796,0.0023470831054664613,0.0023470831054664613,0.002471167569293796,-0.0001240844638273346,-0.025753011248944347
L6H0,MLP9,0.02106224408426473,0.002326519273792491,0.002326519273792491,0.02106224408426473,-0.01873572481047224,-0.8010566665559916
L17H8,MLP21,0.039786992384611156,0.0023195568304447602,0.0023195568304447602,0.039786992384611156,-0.037467435554166394,-0.889824415741228
L20H5,L24H6,0.002288940374038081,0.012843241666072827,0.002288940374038081,0.012843241666072827,0.010554301292034746,0.6974738516929307
L16H4,L21H12,0.021106196444566305,0.002286682893061864,0.002286682893061864,0.021106196444566305,-0.018819513551504442,-0.8044975259301524
L12H0,L13H6,0.002251341421308883,0.012371935937640409,0.002251341421308883,0.012371935937640409,0.010120594516331526,0.6920879819145214
MLP5,L11H4,0.0022441132443208178,0.005828026329017112,0.0022441132443208178,0.005828026329017112,0.0035839130846962945,0.4439855198408446
MLP18,MLP21,0.01185436409134025,0.0022328957972620666,0.0022328957972620666,0.01185436409134025,-0.009621468294078183,-0.6829907569081404
MLP6,MLP8,0.002222078878992359,0.002491144266309147,0.002222078878992359,0.002491144266309147,0.00026906538731678777,0.057087343209076005
L2H14,L3H14,0.04383281505116216,0.0022195391285613755,0.0022195391285613755,0.04383281505116216,-0.041613275922600786,-0.9036080057970794
L3H14,MLP6,0.018968159316712252,0.0021825248445231254,0.0021825248445231254,0.018968159316712252,-0.016785634472189125,-0.7936213478594493
MLP8,L13H3,0.0021403162335999868,0.008523551150985607,0.0021403162335999868,0.008523551150985607,0.00638323491738562,0.5985853618746665
L13H15,MLP15,0.0031626101121811166,0.002031262424817503,0.002031262424817503,0.0031626101121811166,-0.0011313476873636135,-0.21782353712079827
L12H6,L13H15,0.0021222330693900227,0.001983442661922011,0.001983442661922011,0.0021222330693900227,-0.00013879040746801177,-0.033804522458878924
L11H8,L16H8,0.001953866949687525,0.0023926807108129796,0.001953866949687525,0.0023926807108129796,0.00043881376112545447,0.10095685021774847
MLP18,L19H6,0.00789559183003776,0.0017533448922789306,0.0017533448922789306,0.00789559183003776,-0.006142246937758829,-0.636572413575129
Input Embed,L13H15,0.0024405785474499783,0.0017506988435886431,0.0017506988435886431,0.0024405785474499783,-0.0006898797038613351,-0.16459891328986437
L18H11,MLP19,0.002587250464889754,0.0017497997824438072,0.0017497997824438072,0.002587250464889754,-0.0008374506824459468,-0.19309222505799084
L10H2,L13H6,0.002265088016655676,0.00174962749513033,0.00174962749513033,0.002265088016655676,-0.000515460521525346,-0.12839278898146278
MLP10,L17H8,0.01097758709134724,0.0017493937115396353,0.0017493937115396353,0.01097758709134724,-0.009228193379807605,-0.7250889682896642
MLP3,L12H10,0.004234914555459578,0.0017482532639433014,0.0017482532639433014,0.004234914555459578,-0.0024866612915162766,-0.4156094842354674
L8H3,MLP16,0.002536046403689856,0.0017472435679007589,0.0017472435679007589,0.002536046403689856,-0.0007888028357890971,-0.18415816837545848
MLP1,L6H7,0.004231310163944868,0.0017419645493025751,0.0017419645493025751,0.004231310163944868,-0.0024893456146422932,-0.4167472172544581
L2H15,L11H1,0.004322242628271816,0.0017395954610753812,0.0017395954610753812,0.004322242628271816,-0.002582647167196435,-0.4260501730877741
L9H5,L11H9,0.0034438141667206654,0.0017385600810794482,0.0017385600810794482,0.0034438141667206654,-0.0017052540856412172,-0.32904881124034746
MLP6,L13H10,0.003467383820554962,0.0017376463235337766,0.0017376463235337766,0.003467383820554962,-0.0017297374970211856,-0.3323203611002365
L11H5,L16H8,0.0017351221777116596,0.004223247330489062,0.0017351221777116596,0.004223247330489062,0.002488125152777402,0.41758490294247524
L20H14,L23H6,0.0017348943531866853,0.025797755442784703,0.0017348943531866853,0.025797755442784703,0.024062861089598018,0.8739754897517683
L12H0,L16H9,0.0017348855939788976,0.010435613768663482,0.0017348855939788976,0.010435613768663482,0.008700728174684584,0.7149031371211986
L12H3,L13H9,0.0017348748529410723,0.004338830316552219,0.0017348748529410723,0.004338830316552219,0.0026039554636111462,0.428726023233753
MLP0,L12H13,0.0017348342034182542,0.0031965699746812058,0.0017348342034182542,0.0031965699746812058,0.0014617357712629515,0.29641370256256255
L13H11,MLP17,0.001734770364375093,0.012173319007116355,0.001734770364375093,0.012173319007116355,0.010438548642741262,0.7505379325601698
MLP1,L16H8,0.0017347098723118051,0.023074426115777487,0.0017347098723118051,0.023074426115777487,0.021339716243465683,0.8601555593758181
L9H3,L11H9,0.005831766865646547,0.0017346493817320917,0.0017346493817320917,0.005831766865646547,-0.004097117483914455,-0.5414871915530538
L16H6,L17H8,0.0017346080094786554,0.0023049927663781663,0.0017346080094786554,0.0023049927663781663,0.0005703847568995109,0.14119829868052472
MLP16,L17H14,0.0017344754887285148,0.024163824675496548,0.0017344754887285148,0.024163824675496548,0.022429349186768033,0.866054877908593
L8H10,MLP10,0.0017342394323066528,0.0025255503659729985,0.0017342394323066528,0.0025255503659729985,0.0007913109336663458,0.18576290641991836
Input Embed,L10H4,0.0017341175207699038,0.0025723571326876538,0.0017341175207699038,0.0025723571326876538,0.0008382396119177499,0.19464635911527983
L11H1,L16H8,0.0017340939415914777,0.020428717265328813,0.0017340939415914777,0.020428717265328813,0.018694623323737336,0.843513178413936
MLP2,L16H9,0.0017340868175347549,0.0031808330186110655,0.0017340868175347549,0.0031808330186110655,0.0014467462010763106,0.2943580463788031
Input Embed,L9H8,0.0017338670503530228,0.0017503562082140979,0.0017338670503530228,0.0017503562082140979,1.648915786107508e-05,0.004732520460774437
MLP4,MLP8,0.0017333705505102413,0.0041857572510099385,0.0017333705505102413,0.0041857572510099385,0.0024523867004996973,0.414315551671289
L16H6,MLP19,0.0017346080094786554,0.0017327875691282603,0.0017327875691282603,0.0017346080094786554,-1.8204403503950702e-06,-0.0005250166325488776
MLP0,L16H4,0.0017327753400236492,0.011174196288604473,0.0017327753400236492,0.011174196288604473,0.009441420948580824,0.7314977688212637
L14H13,L15H5,0.0017325576579768562,0.0034669964017479686,0.0017325576579768562,0.0034669964017479686,0.0017344387437711124,0.33357451886227796
L6H0,L11H4,0.001731869656230601,0.007697298755835754,0.001731869656230601,0.007697298755835754,0.0059654290996051535,0.6326569681342513
MLP15,L16H9,0.001729819390624844,0.0017436424183861225,0.001729819390624844,0.0017436424183861225,1.3823027761278566e-05,0.003979611270064471
L12H10,L15H5,0.0017291222520864622,0.005973115216333594,0.0017291222520864622,0.005973115216333594,0.004243992964247131,0.5510078054134174
Input Embed,L9H2,0.0017288805338684548,0.0025804153847210263,0.0017288805338684548,0.0025804153847210263,0.0008515348508525715,0.1976041717578996
L6H7,MLP7,0.006899387760436603,0.001728270959212856,0.001728270959212856,0.006899387760436603,-0.005171116801223747,-0.5993650153832056
L11H9,MLP15,0.0017280749687115322,0.0017527727431976964,0.0017280749687115322,0.0017527727431976964,2.4697774486164177e-05,0.007095333243584381
MLP5,L6H7,0.00947104233025126,0.0017253869989080177,0.0017253869989080177,0.00947104233025126,-0.007745655331343242,-0.691796920574575
MLP1,L2H15,0.0017243757431410064,0.007566112482165859,0.0017243757431410064,0.007566112482165859,0.005841736739024853,0.6287868406218123
L12H10,L16H8,0.006054168112782496,0.0017242458727495444,0.0017242458727495444,0.006054168112782496,-0.004329922240032952,-0.5566587543536083
MLP3,L15H5,0.0017228895672827826,0.0043590645581998815,0.0017228895672827826,0.0043590645581998815,0.002636174990917099,0.4334421037264717
MLP1,L15H5,0.0017227739468656925,0.004321934058810227,0.0017227739468656925,0.004321934058810227,0.0025991601119445345,0.4299893575510926
MLP12,L16H12,0.0017223442153666256,0.002454480032336517,0.0017223442153666256,0.002454480032336517,0.0007321358169698913,0.1752852822027397
L14H13,MLP17,0.0017197874908980375,0.003285047676812811,0.0017197874908980375,0.003285047676812811,0.0015652601859147733,0.31274959783155154
L17H12,L18H3,0.0017171757883890472,0.0025786719374761434,0.0017171757883890472,0.0025786719374761434,0.0008614961490870962,0.20054159366498248
L9H3,L11H5,0.001711886085698704,0.004710132686298661,0.001711886085698704,0.004710132686298661,0.002998246600599957,0.46686979702917425
MLP1,L13H13,0.0022702339112391293,0.0017091461696954202,0.0017091461696954202,0.0022702339112391293,-0.0005610877415437091,-0.14099878125035464
L6H0,L11H9,0.004887448187423844,0.0017062489712174893,0.0017062489712174893,0.004887448187423844,-0.0031811992162063545,-0.4824606195383498
L13H10,MLP14,0.0017314741436839291,0.001706214400910601,0.001706214400910601,0.0017314741436839291,-2.525974277332822e-05,-0.007347885780126008
MLP3,L13H15,0.0032017915579266344,0.0017033363138183421,0.0017033363138183421,0.0032017915579266344,-0.0014984552441082923,-0.305487498652145
MLP6,L9H15,0.001703311065051634,0.0025969106703657087,0.001703311065051634,0.0025969106703657087,0.0008935996053140746,0.20780314604575836
L13H9,L15H5,0.0017021819977342397,0.004070298973500941,0.0017021819977342397,0.004070298973500941,0.002368116975766702,0.4102424914984134
L9H3,MLP15,0.0017019171086021382,0.00554521089658914,0.0017019171086021382,0.00554521089658914,0.0038432937879870014,0.530319567314661
L18H14,MLP21,0.01674290546643711,0.0017013160489966496,0.0017013160489966496,0.01674290546643711,-0.01504158941744046,-0.8155177167468931
MLP8,L13H6,0.0017009882619265016,0.004201209368264974,0.0017009882619265016,0.004201209368264974,0.0025002211063384723,0.4236085036443216
L18H14,L21H1,0.08822828048699205,0.0016995022204622128,0.0016995022204622128,0.08822828048699205,-0.08652877826652984,-0.9622029550980726
L8H3,L9H3,0.0017182755016896991,0.0016980561725885332,0.0016980561725885332,0.0017182755016896991,-2.0219329101165947e-05,-0.005918432701777318
MLP8,L12H0,0.0016976565761287097,0.0025293568252067146,0.0016976565761287097,0.0025293568252067146,0.0008317002490780049,0.19675836580391465
MLP6,L13H13,0.002439643491266804,0.0016972121129704774,0.0016972121129704774,0.002439643491266804,-0.0007424313782963268,-0.1794675592582618
MLP12,MLP18,0.003200243339959514,0.0016919088953356246,0.0016919088953356246,0.003200243339959514,-0.0015083344446238892,-0.3083171520587182
L10H2,L13H3,0.0016914319751454613,0.0025172585886075265,0.0016914319751454613,0.0025172585886075265,0.0008258266134620652,0.19621937059816918
L13H6,L16H13,0.0016899930927067792,0.004126685678346521,0.0016899930927067792,0.004126685678346521,0.002436692585639742,0.41891475901436087
L13H6,L16H9,0.0016867777224991313,0.0017272884070462298,0.0016867777224991313,0.0017272884070462298,4.051068454709859e-05,0.01186581718394929
MLP3,L13H10,0.0016865519905157667,0.005939668308110148,0.0016865519905157667,0.005939668308110148,0.004253116317594381,0.5576964932891728
L10H2,L11H5,0.004093100355648995,0.0016824543367492126,0.0016824543367492126,0.004093100355648995,-0.0024106460188997826,-0.4173877916995017
L11H5,L12H0,0.0016808964548584674,0.006022655940954063,0.0016808964548584674,0.006022655940954063,0.004341759486095596,0.5636048491674664
L12H13,L16H9,0.0016759319848392775,0.0017477446047770941,0.0016759319848392775,0.0017477446047770941,7.181261993781667e-05,0.020975293097372665
L16H8,L17H1,0.0016741878665941185,0.010382527576627186,0.0016741878665941185,0.010382527576627186,0.008708339710033068,0.722281267318886
Input Embed,L11H9,0.005753648954220357,0.0016735840762044385,0.0016735840762044385,0.005753648954220357,-0.004080064878015919,-0.5493384765635343
L5H13,MLP9,0.00898988249814124,0.00167110734723564,0.00167110734723564,0.00898988249814124,-0.007318775150905599,-0.6865005273482532
L12H13,MLP13,0.0016709757053856053,0.009103915621408455,0.0016709757053856053,0.009103915621408455,0.007432939916022849,0.6898389682631194
Input Embed,L3H0,0.0027963025133876493,0.0016704077301144626,0.0016704077301144626,0.0027963025133876493,-0.0011258947832731867,-0.2520635371213226
MLP4,L13H15,0.001665408671444966,0.0016872241767794671,0.001665408671444966,0.0016872241767794671,2.181550533450114e-05,0.006506977149631733
MLP2,L16H13,0.001663999098583879,0.008010233807191715,0.001663999098583879,0.008010233807191715,0.006346234708607836,0.6559935832037994
MLP4,L5H13,0.008817651754605695,0.0016633823330051026,0.0016633823330051026,0.008817651754605695,-0.0071542694216005925,-0.6825919429130912
L11H1,L17H8,0.001660632828090627,0.0017338901518856706,0.001660632828090627,0.0017338901518856706,7.325732379504348e-05,0.021581036342123983
L8H10,MLP11,0.001729439234949512,0.0016594182220447226,0.0016594182220447226,0.001729439234949512,-7.00210129047894e-05,-0.020662129875151175
MLP1,L9H5,0.0024983035171772723,0.001657734386950201,0.001657734386950201,0.0024983035171772723,-0.0008405691302270713,-0.20225251781084083
L13H9,MLP19,0.0016576857567547664,0.0034804239490995566,0.0016576857567547664,0.0034804239490995566,0.0018227381923447902,0.3547487883078822
MLP20,MLP21,0.03841294464779919,0.0016567965192011667,0.0016567965192011667,0.03841294464779919,-0.036756148128598023,-0.9173043563073661
MLP0,L11H5,0.0016546735367927608,0.0026076832848514492,0.0016546735367927608,0.0026076832848514492,0.0009530097480586884,0.22358750990046478
MLP12,L13H10,0.011005877706130398,0.0016518025596039512,0.0016518025596039512,0.011005877706130398,-0.009354075146526447,-0.7390039051506853
L2H14,L13H10,0.01379821274466731,0.0016471942292614913,0.0016471942292614913,0.01379821274466731,-0.012151018515405818,-0.7867075652921434
L11H5,L16H4,0.0016367216596705595,0.002471533408210351,0.0016367216596705595,0.002471533408210351,0.0008348117485397915,0.2032034853596366
MLP22,Residual Output: decision,0.001633739201194634,0.0021664602655510714,0.001633739201194634,0.0021664602655510714,0.0005327210643564374,0.1401823954290042
MLP0,L9H5,0.0031853050550185854,0.0016307138131061534,0.0016307138131061534,0.0031853050550185854,-0.001554591241912432,-0.3227959201326299
MLP11,L18H14,0.006035903709053918,0.001629835483835754,0.001629835483835754,0.006035903709053918,-0.0044060682252181635,-0.5747740843185737
L9H5,L12H0,0.0016206917956477598,0.0026287583250479978,0.0016206917956477598,0.0026287583250479978,0.001008066529400238,0.23722281725127967
L13H6,MLP19,0.0022903438522911576,0.001618717019093513,0.001618717019093513,0.0022903438522911576,-0.0006716268331976446,-0.17181283569005676
L12H10,MLP17,0.001734707237207644,0.001612514323397073,0.001612514323397073,0.001734707237207644,-0.00012219291381057097,-0.0365057739973733
L12H10,L16H4,0.0017314143701986685,0.0016095639911019963,0.0016095639911019963,0.0017314143701986685,-0.00012185037909667219,-0.03647146611546297
L16H13,L21H12,0.0025771221393557243,0.0016085899245994616,0.0016085899245994616,0.0025771221393557243,-0.0009685322147562627,-0.2313900717387311
L10H4,MLP12,0.0026020877497330295,0.0016013327028106881,0.0016013327028106881,0.0026020877497330295,-0.0010007550469223413,-0.2380811194646803
L9H2,MLP12,0.0015985835757130647,0.0017142832407927504,0.0015985835757130647,0.0017142832407927504,0.00011569966507968569,0.034924333360831505
L2H15,L9H7,0.0015959932929600687,0.004398520434164564,0.0015959932929600687,0.004398520434164564,0.002802527141204495,0.46751534299159464
L16H13,L17H1,0.005548678123966256,0.0015939539905560332,0.0015939539905560332,0.005548678123966256,-0.003954724133410223,-0.5536788217566937
MLP0,L13H13,0.0015913436479394975,0.005054135990359319,0.0015913436479394975,0.005054135990359319,0.003462792342419822,0.52107485552484
L11H8,L13H3,0.0016198302005423096,0.0015896622093283833,0.0015896622093283833,0.0016198302005423096,-3.0167991213926257e-05,-0.009399614444061481
L17H8,L20H5,0.031105106647724316,0.001585885779465886,0.001585885779465886,0.031105106647724316,-0.02951922086825843,-0.9029772018700264
MLP0,L11H8,0.0017304368365483435,0.0015826500402262762,0.0015826500402262762,0.0017304368365483435,-0.00014778679632206733,-0.04460697887462033
L6H0,L9H7,0.001580780545314891,0.007902726656867792,0.001580780545314891,0.007902726656867792,0.006321946111552901,0.6666253292977802
L10H2,L15H9,0.0015731401551239447,0.0026047700724401335,0.0015731401551239447,0.0026047700724401335,0.0010316299173161888,0.24692486461531232
MLP4,L6H8,0.005008924276869785,0.0015650767285611685,0.0015650767285611685,0.005008924276869785,-0.0034438475483086163,-0.5238586890180826
L6H0,L9H15,0.0036969157638558937,0.0015575974286393163,0.0015575974286393163,0.0036969157638558937,-0.0021393183352165774,-0.40713920716234414
L16H4,L20H5,0.00778702521635353,0.0015548300783137397,0.0015548300783137397,0.00778702521635353,-0.006232195138039791,-0.667126062378358
L3H14,L9H5,0.0038729952589504997,0.0015537346624263735,0.0015537346624263735,0.0038729952589504997,-0.002319260596524126,-0.4273771921812689
MLP7,L13H13,0.0030170390418991183,0.0015526181781257936,0.0015526181781257936,0.0030170390418991183,-0.0014644208637733247,-0.32046623920849393
L15H9,MLP19,0.0015731401551239447,0.0015516190302962132,0.0015516190302962132,0.0015731401551239447,-2.1521124827731525e-05,-0.0068872906840780354
L9H3,L12H6,0.009794221266150295,0.001549733997684407,0.001549733997684407,0.009794221266150295,-0.008244487268465888,-0.7267736055650601
MLP15,L20H5,0.0015479859561231609,0.002552399721890516,0.0015479859561231609,0.002552399721890516,0.0010044137657673551,0.2449559247933762
L4H15,L6H8,0.0017329837317505816,0.001542880286140835,0.001542880286140835,0.0017329837317505816,-0.00019010344560974664,-0.05803154360848928
MLP6,L12H3,0.0034344911289992926,0.001536396679208929,0.001536396679208929,0.0034344911289992926,-0.0018980944497903635,-0.38184214229420316
MLP3,L16H9,0.00153526286210159,0.009427684915850457,0.00153526286210159,0.009427684915850457,0.007892422053748866,0.7199178736964871
MLP2,L16H4,0.001530497545778858,0.024813742618646207,0.001530497545778858,0.024813742618646207,0.02328324507286735,0.8838078049527028
MLP0,L9H15,0.001530307296109756,0.0016623837148432696,0.001530307296109756,0.0016623837148432696,0.00013207641873351364,0.04136836865215107
L11H8,L13H9,0.007497378522980828,0.0015234102242489456,0.0015234102242489456,0.007497378522980828,-0.005973968298731883,-0.6622445626571679
MLP18,MLP20,0.001522972997673541,0.003134143811112668,0.001522972997673541,0.003134143811112668,0.0016111708134391271,0.3459588581500598
L13H15,L16H8,0.0015189230240121125,0.0033206988894509287,0.0015189230240121125,0.0033206988894509287,0.0018017758654388161,0.37229682352387256
MLP4,L11H4,0.0015157813157937235,0.0016598283355002189,0.0015157813157937235,0.0016598283355002189,0.00014404701970649534,0.0453604301296293
L2H15,L6H5,0.0067627570739554055,0.0015144188863947853,0.0015144188863947853,0.0067627570739554055,-0.00524833818756062,-0.6340735309605008
L4H15,MLP9,0.015403246239807133,0.001512243371589328,0.001512243371589328,0.015403246239807133,-0.013891002868217804,-0.8212001654896841
L13H15,MLP17,0.0015107797814532089,0.0020677591951342076,0.0015107797814532089,0.0020677591951342076,0.0005569794136809987,0.1556443613790531
MLP5,L6H8,0.007428720738367861,0.0015101103955450852,0.0015101103955450852,0.007428720738367861,-0.005918610342822777,-0.6621235208670871
MLP8,L13H9,0.003956484649431352,0.0015046937859135232,0.0015046937859135232,0.003956484649431352,-0.002451790863517829,-0.44894904873457
MLP2,L12H10,0.0034666178542294675,0.0015027008312822009,0.0015027008312822009,0.0034666178542294675,-0.0019639170229472664,-0.3952085078932809
MLP13,L17H1,0.0015011480514992089,0.001502515658495637,0.0015011480514992089,0.001502515658495637,1.3676069964281123e-06,0.00045531295393599804
L11H9,MLP17,0.002516230701328035,0.0014903239644374017,0.0014903239644374017,0.002516230701328035,-0.0010259067368906334,-0.25605709205882954
L17H12,L24H6,0.0031504732486079684,0.00146275737486425,0.00146275737486425,0.0031504732486079684,-0.0016877158737437184,-0.36584251070314655
MLP14,L16H9,0.0014626326651915173,0.008687149524761288,0.0014626326651915173,0.008687149524761288,0.007224516859569771,0.7117903344488778
L12H6,L17H8,0.008755773360051563,0.001456995616592814,0.001456995616592814,0.008755773360051563,-0.007298777743458749,-0.7146717761020888
L12H6,L17H12,0.005423026083465802,0.001456995616592814,0.001456995616592814,0.005423026083465802,-0.003966030466872988,-0.5764560985089914
L2H14,L13H3,0.002488075913130795,0.001445961111213176,0.001445961111213176,0.002488075913130795,-0.0010421148019176191,-0.26489704989276236
L4H15,L9H7,0.0014282645343024797,0.0021762600837102676,0.0014282645343024797,0.0021762600837102676,0.0007479955494077879,0.20751572777998506
L16H8,L21H12,0.020424141736653537,0.0014084920117603296,0.0014084920117603296,0.020424141736653537,-0.019015649724893207,-0.8709736967155732
MLP3,L13H11,0.0021900277629478496,0.001400280523192719,0.001400280523192719,0.0021900277629478496,-0.0007897472397551306,-0.2199664142502024
MLP8,L16H4,0.0013541104645912218,0.003375317434801421,0.0013541104645912218,0.003375317434801421,0.0020212069702101993,0.4273681750111391
MLP9,L16H13,0.001340159401248599,0.007227091928355523,0.001340159401248599,0.007227091928355523,0.005886932527106924,0.687143670778589
L13H11,MLP15,0.0014646013274011301,0.0012840293672645733,0.0012840293672645733,0.0014646013274011301,-0.00018057196013655688,-0.06569524253912858
MLP2,MLP13,0.001280896498091394,0.0024200232687022244,0.001280896498091394,0.0024200232687022244,0.0011391267706108304,0.30779558660839074
L13H15,L15H5,0.002437914175367595,0.0008780082658885947,0.0008780082658885947,0.002437914175367595,-0.0015599059094790002,-0.47042894914274663
L10H2,MLP17,0.005679188870981579,0.0008777504400313451,0.0008777504400313451,0.005679188870981579,-0.004801438430950235,-0.732268243338141
MLP11,L13H14,0.0017293022408952933,0.0008776389936126086,0.0008776389936126086,0.0017293022408952933,-0.0008516632472826848,-0.32669061964622637
MLP15,MLP19,0.0072334469245646255,0.0008774854290266169,0.0008774854290266169,0.0072334469245646255,-0.0063559614955380084,-0.7836289613146393
MLP6,L17H8,0.004917934959951752,0.0008773817832790905,0.0008773817832790905,0.004917934959951752,-0.004040553176672661,-0.6972100673172326
L16H9,L21H12,0.007773367143918476,0.0008772562575262691,0.0008772562575262691,0.007773367143918476,-0.006896110886392207,-0.7971808003155568
L12H10,L13H13,0.0017333812424037134,0.0008772562575262691,0.0008772562575262691,0.0017333812424037134,-0.0008561249848774443,-0.32793713600620755
MLP9,MLP15,0.002458556896698004,0.0008772337052964846,0.0008772337052964846,0.002458556896698004,-0.0015813231914015191,-0.4740474988016445
L13H6,L17H8,0.004685837404237947,0.0008770546151703973,0.0008770546151703973,0.004685837404237947,-0.0038087827890675497,-0.6846767429206081
L13H10,L16H4,0.004265521175662008,0.0008770525759359956,0.0008770525759359956,0.004265521175662008,-0.0033884685997260123,-0.6589052026085341
MLP14,L18H14,0.003465654329834813,0.0008768924314050392,0.0008768924314050392,0.003465654329834813,-0.002588761898429774,-0.5961390955040975
MLP0,L6H7,0.0060631314091481306,0.0008767925709014154,0.0008767925709014154,0.0060631314091481306,-0.0051863388382467155,-0.747319257841451
L4H15,L9H15,0.0016234128788157425,0.0008764508693696594,0.0008764508693696594,0.0016234128788157425,-0.0007469620094460831,-0.2988010886546465
MLP0,L12H10,0.002587896296692838,0.000876088359734632,0.000876088359734632,0.002587896296692838,-0.001711807936958206,-0.4941730714025893
MLP1,L11H9,0.0058284100783803725,0.0008750562111229296,0.0008750562111229296,0.0058284100783803725,-0.004953353867257443,-0.7389242599778129
L9H3,MLP14,0.0017026843492786731,0.0008749721178349446,0.0008749721178349446,0.0017026843492786731,-0.0008277122314437285,-0.3211103737072364
L16H4,L21H1,0.011088055817637443,0.0008747789166734688,0.0008747789166734688,0.011088055817637443,-0.010213276900963974,-0.8537505639588092
L13H6,MLP15,0.006035771194111234,0.0008747789166734688,0.0008747789166734688,0.006035771194111234,-0.005160992277437765,-0.7468279941105481
L6H7,L10H2,0.00575392134555897,0.0008747789166734688,0.0008747789166734688,0.00575392134555897,-0.004879142428885501,-0.7360632153915322
L9H8,MLP16,0.0016733875025968742,0.000874721368143504,0.000874721368143504,0.0016733875025968742,-0.0007986661344533702,-0.3134348550112421
L2H14,L12H0,0.0025968319592984345,0.0008746575226883549,0.0008746575226883549,0.0025968319592984345,-0.0017221744366100796,-0.49609092740919136
L11H4,MLP17,0.0015103109961615059,0.0008744535425590377,0.0008744535425590377,0.0015103109961615059,-0.0006358574536024682,-0.2666332223908419
Input Embed,L6H5,0.0034027552434155264,0.0008742776895598516,0.0008742776895598516,0.0034027552434155264,-0.0025284775538556748,-0.591175610166907
L6H5,MLP9,0.0015519731515508217,0.0008742776895598516,0.0008742776895598516,0.0015519731515508217,-0.0006776954619909701,-0.2793179709649226
MLP4,L6H7,0.006124348370140792,0.0008741803291087463,0.0008741803291087463,0.006124348370140792,-0.005250168041032045,-0.7501816834151195
MLP7,L10H2,0.0033078586843335173,0.0008741803291087463,0.0008741803291087463,0.0033078586843335173,-0.002433678355224771,-0.5819358325932007
L13H15,L16H4,0.0015915758368972247,0.0008732074366754612,0.0008732074366754612,0.0015915758368972247,-0.0007183684002217635,-0.291452967862969
L18H14,L20H5,0.009677092883499853,0.0008724173303590495,0.0008724173303590495,0.009677092883499853,-0.008804675553140804,-0.8346051498745498
L10H4,L13H3,0.002599784012175255,0.0008720570762065259,0.0008720570762065259,0.002599784012175255,-0.0017277269359687293,-0.4976399817809691
MLP2,L6H7,0.003450976777688984,0.0008715663506888307,0.0008715663506888307,0.003450976777688984,-0.0025794104270001534,-0.59673445709914
MLP6,MLP7,0.003127405430085811,0.000868876113474957,0.000868876113474957,0.003127405430085811,-0.002258529316610854,-0.5651577077320881
L17H1,MLP20,0.0024002005580100404,0.0008680971003712248,0.0008680971003712248,0.0024002005580100404,-0.0015321034576388157,-0.46877720996735706
MLP15,L16H13,0.0008675668208971615,0.004156298483328715,0.0008675668208971615,0.004156298483328715,0.0032887316624315532,0.6546217828860186
L9H5,MLP15,0.0008675668208971615,0.0016702257473221597,0.0008675668208971615,0.0016702257473221597,0.0008026589264249982,0.31628232207654206
L11H8,MLP15,0.0008675668208971615,0.0008772337052964846,0.0008675668208971615,0.0008772337052964846,9.666884399323061e-06,0.005540395165063233
MLP1,L12H10,0.0008675609978444483,0.004099737515138786,0.0008675609978444483,0.004099737515138786,0.0032321765172943374,0.6506910162226537
MLP12,L13H2,0.0008675428606815639,0.01453820581515768,0.0008675428606815639,0.01453820581515768,0.013670662954476116,0.8873741381952925
MLP3,L13H2,0.0008675428606815639,0.0034660581353489154,0.0008675428606815639,0.0034660581353489154,0.0025985152746673514,0.5996203335396029
L11H1,MLP15,0.0008675397338734284,0.006815579349297135,0.0008675397338734284,0.006815579349297135,0.005948039615423706,0.7741699108181923
L2H14,MLP8,0.000867530682071249,0.0033448458212012597,0.000867530682071249,0.0033448458212012597,0.002477315139130011,0.5881039211963687
MLP8,L11H5,0.000867530682071249,0.0025509341816656087,0.000867530682071249,0.0025509341816656087,0.0016834034995943598,0.4924442890877532
Input Embed,L10H5,0.0008675303072400347,0.012751649806232014,0.0008675303072400347,0.012751649806232014,0.011884119498991978,0.8726016838000582
L10H5,MLP16,0.0008675303072400347,0.005885901429062541,0.0008675303072400347,0.005885901429062541,0.005018371121822507,0.7430846002109744
L17H12,L20H14,0.0008675278988580463,0.0025961371612603684,0.0008675278988580463,0.0025961371612603684,0.0017286092624023222,0.4990694054993946
L11H1,L13H14,0.0008675226941667692,0.0008776389936126086,0.0008675226941667692,0.0008776389936126086,1.0116299445839336e-05,0.005796769157081239
MLP1,L10H5,0.000867513201357542,0.0024930360771389217,0.000867513201357542,0.0024930360771389217,0.0016255228757813796,0.4837074957307727
L11H1,L13H11,0.0008675121383606753,0.0008741147466525517,0.0008675121383606753,0.0008741147466525517,6.6026082918763714e-06,0.003791057860149091
MLP4,L12H10,0.0008675095898650163,0.0021882396462915956,0.0008675095898650163,0.0021882396462915956,0.0013207300564265791,0.43221153123406675
MLP3,L8H3,0.000867500690702112,0.0008710358093811164,0.000867500690702112,0.0008710358093811164,3.5351186790043808e-06,0.002033387667636052
L6H5,MLP12,0.0008674773119478134,0.0014194060949100325,0.0008674773119478134,0.0014194060949100325,0.0005519287829622192,0.2413453966682821
MLP6,L16H9,0.0008674694899375534,0.00853580879645797,0.0008674694899375534,0.00853580879645797,0.007668339306520416,0.8154963697729566
MLP1,MLP8,0.0008674602630148808,0.002505537838885063,0.0008674602630148808,0.002505537838885063,0.0016380775758701822,0.4856443811656713
MLP3,L16H4,0.000867452426537866,0.024490592922668197,0.000867452426537866,0.024490592922668197,0.023623140496130332,0.9315836520842073
L16H8,L17H14,0.0008674495936586853,0.02070121709166661,0.0008674495936586853,0.02070121709166661,0.019833767498007925,0.9195639112686671
MLP8,L13H10,0.0008674348480296497,0.0025893748497951333,0.0008674348480296497,0.0025893748497951333,0.0017219400017654835,0.4981298226653969
L6H7,MLP8,0.0008674348480296497,0.0008732314990570262,0.0008674348480296497,0.0008732314990570262,5.796651027376509e-06,0.0033301333349026172
MLP10,L12H13,0.000867428993482807,0.000875350885077112,0.000867428993482807,0.000875350885077112,7.921891594304931e-06,0.004545549149242468
MLP16,L18H11,0.0008674226581758799,0.005188085087607317,0.0008674226581758799,0.005188085087607317,0.004320662429431437,0.7135095207235375
L12H0,L15H9,0.0008674201048999157,0.0017504786203701337,0.0008674201048999157,0.0017504786203701337,0.000883058515470218,0.3373157666284917
MLP11,L12H13,0.0008674113709416743,0.010248253101499134,0.0008674113709416743,0.010248253101499134,0.00938084173055746,0.8439299111461563
L11H1,L13H10,0.0008673220260518376,0.003303236810045058,0.0008673220260518376,0.003303236810045058,0.0024359147839932206,0.5840739526103705
MLP13,MLP15,0.0008672743237128468,0.005063617415060357,0.0008672743237128468,0.005063617415060357,0.00419634309134751,0.7075399916531806
MLP4,L12H13,0.0008672727399435387,0.004039606575949016,0.0008672727399435387,0.004039606575949016,0.0031723338360054774,0.6465074096546094
L16H12,MLP17,0.0008672582260144179,0.00250407770806529,0.0008672582260144179,0.00250407770806529,0.0016368194820508722,0.48551064446138736
L11H8,MLP17,0.0008672479185040343,0.0033803571364349385,0.0008672479185040343,0.0033803571364349385,0.002513109217930904,0.5916532223278963
L15H9,L16H9,0.0008672325210408883,0.00834007135984766,0.0008672325210408883,0.00834007135984766,0.007472838838806771,0.8116207453864993
MLP6,L12H10,0.0008671613075594025,0.0008758285616051856,0.0008671613075594025,0.0008758285616051856,8.667254045783071e-06,0.004972635928134953
L17H12,L18H14,0.0008671546977593581,0.006881204732019524,0.0008671546977593581,0.006881204732019524,0.006014050034260166,0.7761707608899334
MLP7,L8H3,0.0008671251230885517,0.000874706911816517,0.0008671251230885517,0.000874706911816517,7.581788727965312e-06,0.004352766843203987
L16H9,L17H14,0.0008670258950698292,0.023422801053086716,0.0008670258950698292,0.023422801053086716,0.022555775158016888,0.9286099570062495
L13H13,MLP14,0.0008669416036087114,0.0008687635200489134,0.0008669416036087114,0.0008687635200489134,1.8219164402019867e-06,0.0010496693334422441
L14H13,MLP16,0.0008669251923889633,0.0111252814665399,0.0008669251923889633,0.0111252814665399,0.010258356274150936,0.8554185702356139
L13H13,L14H13,0.0008669251923889633,0.0016493057498365197,0.0008669251923889633,0.0016493057498365197,0.0007823805574475564,0.31093352534468843
MLP7,L15H5,0.0008668683041437173,0.0033043585495763543,0.0008668683041437173,0.0033043585495763543,0.002437490245432637,0.5843581111535047
L16H13,L18H3,0.0008668215368996974,0.0008744535425590377,0.0008668215368996974,0.0008744535425590377,7.63200565934033e-06,0.004382998269126262
L11H1,L12H0,0.000866763887450023,0.008601894729949091,0.000866763887450023,0.008601894729949091,0.0077351308424990686,0.8169193921814221
Input Embed,L8H10,0.0008667568872495079,0.0025255503659729985,0.0008667568872495079,0.0025255503659729985,0.0016587934787234905,0.4889868030520311
MLP9,L15H9,0.0008667401266608662,0.010795533627423092,0.0008667401266608662,0.010795533627423092,0.009928793500762225,0.8513600100739622
L10H4,L16H4,0.0008666679271112186,0.001705167459595351,0.0008666679271112186,0.001705167459595351,0.0008384995324841323,0.3260315713899149
L10H4,L16H13,0.0008666679271112186,0.0008720570762065259,0.0008666679271112186,0.0008720570762065259,5.389149095307239e-06,0.003099483290930967
L10H4,L16H8,0.0008666679271112186,0.0008720570762065259,0.0008666679271112186,0.0008720570762065259,5.389149095307239e-06,0.003099483290930967
MLP10,L11H9,0.0008666032094835834,0.0017462600069249956,0.0008666032094835834,0.0017462600069249956,0.0008796567974414122,0.33666392940787543
L9H12,MLP16,0.0008665902390898837,0.0008728168409647501,0.0008665902390898837,0.0008728168409647501,6.22660187486637e-06,0.003579726647238205
L17H11,MLP19,0.0008664630311341087,0.0017490152961308683,0.0008664630311341087,0.0017490152961308683,0.0008825522649967597,0.3374343636483696
MLP15,L17H11,0.0008664630311341087,0.0017427877654672707,0.0008664630311341087,0.0017427877654672707,0.000876324734333162,0.33585301017234487
MLP16,L17H11,0.0008664630311341087,0.0008746843849823601,0.0008664630311341087,0.0008746843849823601,8.221353848251469e-06,0.00472180228517855
L11H4,L13H3,0.0008663766599402946,0.0016554365508543954,0.0008663766599402946,0.0016554365508543954,0.0007890598909141009,0.3128938684025084
L11H5,L13H13,0.0016523137973792337,0.0008661515512958251,0.0008661515512958251,0.0016523137973792337,-0.0007861622460834086,-0.31215924670037704
MLP1,L16H13,0.000866138996378315,0.007472965926967607,0.000866138996378315,0.007472965926967607,0.006606826930589292,0.7922705124015176
MLP1,L4H15,0.0008660869868667249,0.003374291027605759,0.0008660869868667249,0.003374291027605759,0.002508204040739034,0.5915048215462136
L16H9,L17H2,0.000865937214409793,0.01439256114499246,0.000865937214409793,0.01439256114499246,0.013526623930582668,0.8864977150420305
L15H5,L17H12,0.0008658051137180704,0.0024211338606650716,0.0008658051137180704,0.0024211338606650716,0.0015553287469470011,0.4731845522744726
MLP10,L13H15,0.0008657239910284644,0.0043213734258542545,0.0008657239910284644,0.0043213734258542545,0.0034556494348257903,0.6662009900910104
MLP7,L12H13,0.0017346531254047927,0.0008655830560263254,0.0008655830560263254,0.0017346531254047927,-0.0008690700693784674,-0.3342273581087348
L12H13,L13H3,0.0008674113709416743,0.0008655830560263254,0.0008655830560263254,0.0008674113709416743,-1.8283149153489487e-06,-0.0010550033438640187
L11H1,L12H13,0.0008655642696415395,0.0016625567580283024,0.0008655642696415395,0.0016625567580283024,0.0007969924883867628,0.3152509233789916
MLP8,L12H13,0.0008655642696415395,0.0008709150714524906,0.0008655642696415395,0.0008709150714524906,5.350801810951071e-06,0.003081408274963938
L17H1,MLP21,0.004534067683734245,0.0008655604368511463,0.0008655604368511463,0.004534067683734245,-0.0036685072468830983,-0.67939998180567
L10H2,L16H4,0.003362608037296876,0.0008655604368511463,0.0008655604368511463,0.003362608037296876,-0.0024970476004457297,-0.5905742913777545
L10H2,L11H4,0.0008654929962903062,0.0016505935862511792,0.0008654929962903062,0.0016505935862511792,0.0007851005899608731,0.3120324218603985
L13H11,L16H4,0.0008652385463897443,0.0022002152544995227,0.0008652385463897443,0.0022002152544995227,0.0013349767081097786,0.4354907282316605
MLP15,L18H3,0.0008648795613335346,0.0017452325529596728,0.0008648795613335346,0.0017452325529596728,0.0008803529916261382,0.3372855084673362
MLP3,L16H13,0.0008645006435167586,0.009070035766464894,0.0008645006435167586,0.009070035766464894,0.008205535122948136,0.8259605465539072
MLP8,L16H13,0.0008638865317813647,0.0033115740267561627,0.0008638865317813647,0.0033115740267561627,0.0024476874949747977,0.586207787299064
L13H13,L15H5,0.000863778249690045,0.0052410904011860136,0.000863778249690045,0.0052410904011860136,0.004377312151495969,0.7170198741078266
MLP15,L16H12,0.0008631351394202229,0.0008755390379012117,0.0008631351394202229,0.0008755390379012117,1.2403898480988851e-05,0.007134113247197379
MLP6,L10H5,0.0008630635869789864,0.01258444061034659,0.0008630635869789864,0.01258444061034659,0.011721377023367603,0.871639588385385
L16H4,MLP27,0.0008629817940403981,0.0775424592113693,0.0008629817940403981,0.0775424592113693,0.0766794774173289,0.9779866860520341
L17H2,MLP27,0.0008622061452282656,0.0845621860500402,0.0008622061452282656,0.0845621860500402,0.08369997990481194,0.9798135843154171
L16H13,L17H14,0.0008620555374363865,0.0008741104850688223,0.0008620555374363865,0.0008741104850688223,1.2054947632435795e-05,0.006943430222785406
MLP2,L15H5,0.0008614360880233594,0.0016453274406279055,0.0008614360880233594,0.0016453274406279055,0.0007838913526045461,0.312710530389083
L11H9,MLP13,0.006645440928004606,0.0008606568230715921,0.0008606568230715921,0.006645440928004606,-0.005784784104933014,-0.7706779603427908
Input Embed,L10H13,0.0016892062656845119,0.0008601165257217619,0.0008601165257217619,0.0016892062656845119,-0.00082908973996275,-0.32521960057690547
L10H13,L11H1,0.0016892062656845119,0.0008601165257217619,0.0008601165257217619,0.0016892062656845119,-0.00082908973996275,-0.32521960057690547
L20H5,MLP27,0.0008600413963822562,0.3356549737616246,0.0008600413963822562,0.3356549737616246,0.3347949323652424,0.9948885407328502
L11H1,MLP14,0.000858646526267786,0.0008705705295176142,0.000858646526267786,0.0008705705295176142,1.1924003249828212e-05,0.006895608165518817
L11H9,L13H13,0.0008580150656310094,0.0008683567489171395,0.0008580150656310094,0.0008683567489171395,1.0341683286130125e-05,0.005990414810402184
Input Embed,L9H12,0.000857944571470889,0.0008728168409647501,0.000857944571470889,0.0008728168409647501,1.4872269493861122e-05,0.008592905635059142
Input Embed,L5H8,0.003679148030685815,0.0008572149036757141,0.0008572149036757141,0.003679148030685815,-0.0028219331270101008,-0.6220695230610498
L9H2,L12H13,0.000867542022074018,0.0008557413042863458,0.0008557413042863458,0.000867542022074018,-1.1800717787672143e-05,-0.00684781057598676
MLP6,L9H2,0.000867542022074018,0.0008557413042863458,0.0008557413042863458,0.000867542022074018,-1.1800717787672143e-05,-0.00684781057598676
MLP13,MLP27,0.0008629817940403981,0.0008546283157518768,0.0008546283157518768,0.0008629817940403981,-8.353478288521316e-06,-0.004863431020169982
L6H8,MLP13,0.0008656382505330681,0.0008535892661291739,0.0008535892661291739,0.0008656382505330681,-1.2048984403894192e-05,-0.007008371077777093
L9H5,L13H6,0.001483463099196398,0.0008530107174863782,0.0008530107174863782,0.001483463099196398,-0.0006304523817100198,-0.26983070694329825
L18H11,L20H14,0.0008524202462604491,0.0017315910932655893,0.0008524202462604491,0.0017315910932655893,0.0008791708470051402,0.34023490282608376
MLP9,L12H13,0.0017347855953967013,0.0008517126816030554,0.0008517126816030554,0.0017347855953967013,-0.0008830729137936459,-0.341416393603006
MLP4,L8H3,0.0008515007686583252,0.0016965553258854074,0.0008515007686583252,0.0016965553258854074,0.0008450545572270822,0.33164676360015605
L6H8,MLP9,0.0024906714062265982,0.0008473813148265468,0.0008473813148265468,0.0024906714062265982,-0.0016432900914000515,-0.4922900351560651
MLP3,L11H5,0.0008467201127082307,0.0074916617706105425,0.0008467201127082307,0.0074916617706105425,0.006644941657902312,0.7969102100247714
L12H10,L13H10,0.0008661520236695152,0.0008464475196609067,0.0008464475196609067,0.0008661520236695152,-1.970450400860845e-05,-0.011505610920746779
L12H10,L16H13,0.0008652623465291535,0.0008464475196609067,0.0008464475196609067,0.0008652623465291535,-1.881482686824675e-05,-0.010991831758337041
L12H3,L16H8,0.0008674767094687814,0.0008461091990348703,0.0008461091990348703,0.0008674767094687814,-2.1367510433911068e-05,-0.012469471374545639
L13H13,L16H4,0.0012742652799461846,0.0008453202853638671,0.0008453202853638671,0.0012742652799461846,-0.00042894499458231755,-0.2023721059449524
MLP7,MLP13,0.0008450172535275618,0.0015263015392498632,0.0008450172535275618,0.0015263015392498632,0.0006812842857223014,0.287301854055794
Input Embed,L1H13,0.006613383194582213,0.0008449173426996213,0.0008449173426996213,0.006613383194582213,-0.005768465851882592,-0.773428990028994
L1H13,MLP11,0.0034200794114342356,0.0008449173426996213,0.0008449173426996213,0.0034200794114342356,-0.002575162068734614,-0.6037899246320957
L1H13,L4H15,0.0024650299567075063,0.0008449173426996213,0.0008449173426996213,0.0024650299567075063,-0.0016201126140078848,-0.4894677973567968
L1H13,MLP2,0.0008668005732023491,0.0008449173426996213,0.0008449173426996213,0.0008668005732023491,-2.1883230502727793e-05,-0.012784367271868316
L9H5,MLP17,0.0008414716424048706,0.0008762464263471871,0.0008414716424048706,0.0008762464263471871,3.477478394231645e-05,0.020244756444566445
L6H5,MLP11,0.006868542844105661,0.0008404908510277137,0.0008404908510277137,0.006868542844105661,-0.0060280519930779475,-0.7819465099605659
MLP0,L6H5,0.0008669921053665488,0.0008404908510277137,0.0008404908510277137,0.0008669921053665488,-2.6501254338835104e-05,-0.015520655266040554
L6H8,L9H3,0.0008627619110654259,0.0008401066516272514,0.0008401066516272514,0.0008627619110654259,-2.265525943817451e-05,-0.013304173871382451
L2H15,L9H15,0.0008390506406195602,0.006830536181294801,0.0008390506406195602,0.006830536181294801,0.005991485540675241,0.7812005626633928
L4H15,L9H3,0.0016226669808076714,0.0008384220131493889,0.0008384220131493889,0.0016226669808076714,-0.0007842449676582825,-0.3186577037985671
L11H1,L17H12,0.000834876456393329,0.0017338901518856706,0.000834876456393329,0.0017338901518856706,0.0008990136954923416,0.3499787378872288
L11H1,L17H2,0.000834876456393329,0.0008762464263471871,0.000834876456393329,0.0008762464263471871,4.1369969953858094e-05,0.024177088840983997
MLP9,L12H10,0.0033772062269595065,0.0008341304207681933,0.0008341304207681933,0.0033772062269595065,-0.002543075806191313,-0.6038642879721985
MLP8,L17H12,0.0008335534138968518,0.0017463917414162677,0.0008335534138968518,0.0017463917414162677,0.0009128383275194159,0.3538208266325056
MLP2,MLP8,0.0008335534138968518,0.000875476669963777,0.0008335534138968518,0.000875476669963777,4.1923256066925176e-05,0.02453043773941197
MLP8,L17H2,0.0008335534138968518,0.0008751689105037504,0.0008335534138968518,0.0008751689105037504,4.161549660689856e-05,0.024354745070412038
MLP8,L17H8,0.0008335534138968518,0.0008709150714524906,0.0008335534138968518,0.0008709150714524906,3.7361657555638815e-05,0.02191982889491869
L9H5,L13H15,0.0008330461154641433,0.0008546121746103804,0.0008330461154641433,0.0008546121746103804,2.156605914623716e-05,0.01277868824102114
MLP0,L6H8,0.001669509837516628,0.0008321707210926048,0.0008321707210926048,0.001669509837516628,-0.0008373391164240233,-0.3347106462263623
MLP8,L15H5,0.0008316657275214755,0.00343184539066524,0.0008316657275214755,0.00343184539066524,0.0026001796631437645,0.6098681558615542
MLP7,L15H9,0.0008309881546061428,0.006986137048399961,0.0008309881546061428,0.006986137048399961,0.0061551488937938185,0.7873929013477785
L20H5,MLP23,0.0008299882738685858,0.013253678744950257,0.0008299882738685858,0.013253678744950257,0.012423690471081671,0.8821346354242058
MLP16,L17H15,0.0008289851233332252,0.006704832718661309,0.0008289851233332252,0.006704832718661309,0.005875847595328084,0.7799296078776026
MLP13,L17H15,0.0008289851233332252,0.005170393319372354,0.0008289851233332252,0.005170393319372354,0.004341408196039128,0.7236429969370718
MLP10,L17H1,0.0008651647750546192,0.0008289592482360305,0.0008289592482360305,0.0008651647750546192,-3.6205526818588736e-05,-0.021371237477798986
L12H6,L15H9,0.0008287555314959113,0.0067709550650170095,0.0008287555314959113,0.0067709550650170095,0.005942199533521098,0.781898133890472
MLP9,L17H1,0.0008270301240879196,0.0008739573606955073,0.0008270301240879196,0.0008739573606955073,4.692723660758768e-05,0.027588231558072017
MLP9,L11H1,0.000826629119307066,0.00509663937911048,0.000826629119307066,0.00509663937911048,0.004270010259803414,0.7208875067784257
L17H1,MLP27,0.0008241567251539449,0.006904446227426807,0.0008241567251539449,0.006904446227426807,0.006080289502272862,0.7867255621201913
L10H2,L16H8,0.0008671323885421162,0.0008216537343511386,0.0008216537343511386,0.0008671323885421162,-4.5478654190977594e-05,-0.026929789139351082
MLP10,L16H9,0.0008198421734155822,0.004365609632995368,0.0008198421734155822,0.004365609632995368,0.003545767459579786,0.6837914210669228
L9H5,L11H8,0.0008193510679659404,0.001626397238138256,0.0008193510679659404,0.001626397238138256,0.0008070461701723155,0.32997924118277316
L16H13,L20H5,0.005807643886862356,0.0008190843776175348,0.0008190843776175348,0.005807643886862356,-0.004988559509244821,-0.7527937332188701
MLP3,L11H4,0.0031733656538851292,0.0008190843776175348,0.0008190843776175348,0.0031733656538851292,-0.0023542812762675945,-0.5896833417302655
MLP9,L11H4,0.0015530827855770653,0.0008172840208072607,0.0008172840208072607,0.0015530827855770653,-0.0007357987647698046,-0.31041557061464514
L2H14,L13H6,0.01124244438617014,0.0008164267317843732,0.0008164267317843732,0.01124244438617014,-0.010426017654385767,-0.8645931739715186
L11H1,L15H5,0.0008150824278111213,0.020509175874987635,0.0008150824278111213,0.020509175874987635,0.019694093447176514,0.9235535026600064
L18H3,L20H5,0.002519741142311641,0.0008146812804555167,0.0008146812804555167,0.002519741142311641,-0.0017050598618561243,-0.5113508865025973
L17H12,MLP20,0.0008138992747005521,0.00829732958173738,0.0008138992747005521,0.00829732958173738,0.0074834303070368275,0.8213414924540159
MLP12,MLP20,0.0008106741368286651,0.0008743309111485082,0.0008106741368286651,0.0008743309111485082,6.36567743198431e-05,0.03777838790231651
MLP6,L8H10,0.0008619566898923673,0.0008097541113305498,0.0008097541113305498,0.0008619566898923673,-5.2202578561817486e-05,-0.031227039104867543
L3H14,MLP10,0.0033550858865161156,0.0008079945163423218,0.0008079945163423218,0.0033550858865161156,-0.002547091370173794,-0.6118285316865176
L4H15,L10H5,0.0008067775723483306,0.006315597797648078,0.0008067775723483306,0.006315597797648078,0.005508820225299747,0.7734526670001282
MLP4,L10H5,0.0008067775723483306,0.0015806933870957177,0.0008067775723483306,0.0015806933870957177,0.0007739158147473871,0.32415716374937725
L17H2,MLP21,0.00764728031771925,0.0008065620931272659,0.0008065620931272659,0.00764728031771925,-0.006840718224591984,-0.809184497668794
L15H5,L18H3,0.0008622893986803491,0.0008047834128148511,0.0008047834128148511,0.0008622893986803491,-5.7505985865497974e-05,-0.03449518549458003
MLP0,MLP8,0.0026002311874230707,0.0008040822582882494,0.0008040822582882494,0.0026002311874230707,-0.0017961489291348212,-0.5276097391671059
L12H14,MLP16,0.0008670821246809081,0.0008040532653944336,0.0008040532653944336,0.0008670821246809081,-6.302885928647446e-05,-0.037716189640166056
L12H13,L13H9,0.0008039149948614486,0.011789808374625323,0.0008039149948614486,0.011789808374625323,0.010985893379763873,0.8723308474745048
L11H5,L13H10,0.0008022532905323117,0.005253130373030786,0.0008022532905323117,0.005253130373030786,0.004450877082498474,0.7350280890178141
MLP16,L18H13,0.0008022379940223752,0.0016769718986304977,0.0008022379940223752,0.0016769718986304977,0.0008747339046081225,0.35282769208060694
L17H8,L18H3,0.0008022379940223752,0.001662272623722572,0.0008022379940223752,0.001662272623722572,0.0008600346297001969,0.34896771128019627
L6H8,L9H5,0.0008671323885421162,0.0007977196068065545,0.0007977196068065545,0.0008671323885421162,-6.941278173556173e-05,-0.041693064566393837
MLP12,L18H3,0.0007971851168398988,0.0008282442735837117,0.0007971851168398988,0.0008282442735837117,3.1059156743812864e-05,0.019108278050588467
MLP13,L18H3,0.0007971851168398988,0.0008146812804555167,0.0007971851168398988,0.0008146812804555167,1.749616361561789e-05,0.010854599143561197
MLP1,L5H13,0.00256590090197049,0.0007962587687787786,0.0007962587687787786,0.00256590090197049,-0.0017696421331917112,-0.5263408958793859
L3H14,MLP5,0.019539185157898174,0.0007953744732323117,0.0007953744732323117,0.019539185157898174,-0.018743810684665862,-0.9217711632156851
L12H6,L13H6,0.008046692319615542,0.0007937545036780344,0.0007937545036780344,0.008046692319615542,-0.007252937815937508,-0.8204266097531222
MLP13,L15H5,0.0008672743237128468,0.0007932183338758766,0.0007932183338758766,0.0008672743237128468,-7.405598983697016e-05,-0.044598805961906636
MLP6,MLP16,0.0025079754287823993,0.0007926674140581965,0.0007926674140581965,0.0025079754287823993,-0.0017153080147242028,-0.5196890716136909
L9H7,L12H6,0.0007925812496323433,0.007028152471658104,0.0007925812496323433,0.007028152471658104,0.006235571222025761,0.7973128154268461
L10H4,MLP11,0.0007919450968282617,0.000867189673092303,0.0007919450968282617,0.000867189673092303,7.524457626404129e-05,0.0453516963348576
MLP8,L11H8,0.0008335534138968518,0.0007911384824573995,0.0007911384824573995,0.0008335534138968518,-4.241493143945232e-05,-0.02610644611118567
L13H15,MLP14,0.0008663991315838993,0.0007901058703814492,0.0007901058703814492,0.0008663991315838993,-7.629326120245003e-05,-0.046056764761912845
L13H13,L16H9,0.0007885355476891885,0.0008772562575262691,0.0007885355476891885,0.0008772562575262691,8.872070983708053e-05,0.05326038317591866
L5H13,MLP7,0.005539804997414899,0.0007885337545482412,0.0007885337545482412,0.005539804997414899,-0.004751271242866658,-0.7507928113666081
L5H13,L6H0,0.0014516558732907724,0.0007885337545482412,0.0007885337545482412,0.0014516558732907724,-0.0006631221187425313,-0.2960116012063712
L16H8,L21H1,0.010638900881122737,0.0007866275898693702,0.0007866275898693702,0.010638900881122737,-0.009852273291253367,-0.8623035088719944
MLP0,L4H15,0.0007839538326830254,0.0016470695169074094,0.0007839538326830254,0.0016470695169074094,0.000863115684224384,0.35504212017124265
L9H3,L13H3,0.0030210441986413413,0.0007821524738056171,0.0007821524738056171,0.0030210441986413413,-0.0022388917248357242,-0.5886868120851694
MLP3,MLP8,0.0007821238863889924,0.002583829699698024,0.0007821238863889924,0.002583829699698024,0.0018017058133090317,0.5352735167698935
L11H1,L13H13,0.0008675397338734284,0.0007807637110461163,0.0007807637110461163,0.0008675397338734284,-8.677602282731209e-05,-0.05264566005414598
L17H2,L24H6,0.0007804035363499952,0.0033609517769033143,0.0007804035363499952,0.0033609517769033143,0.0025805482405533192,0.6231168410725249
MLP3,L9H7,0.0007773685019871657,0.003677576984932161,0.0007773685019871657,0.003677576984932161,0.0029002084829449952,0.6510087477973923
L2H14,L9H7,0.0007768101710430107,0.0008753722787143405,0.0007768101710430107,0.0008753722787143405,9.856210767132982e-05,0.05965570429936791
MLP5,L13H15,0.0015974908745240205,0.0007750933462677031,0.0007750933462677031,0.0015974908745240205,-0.0008223975282563174,-0.3466252203185799
L6H8,MLP12,0.004002489096882062,0.000774296233601722,0.000774296233601722,0.004002489096882062,-0.00322819286328034,-0.6758086537151115
L9H5,L11H5,0.0007692326041417416,0.00087651188750033,0.0007692326041417416,0.00087651188750033,0.00010727928335858838,0.06518586810006487
L2H15,L11H4,0.0007682925326901366,0.0016105447434155956,0.0007682925326901366,0.0016105447434155956,0.0008422522107254589,0.35406045599901864
L10H5,MLP12,0.0007680281858591239,0.036165733668411464,0.0007680281858591239,0.036165733668411464,0.03539770548255234,0.9584105085807653
L2H15,L10H5,0.0007680281858591239,0.014293526080216909,0.0007680281858591239,0.014293526080216909,0.013525497894357785,0.8980147503649081
L6H0,L10H5,0.0007680281858591239,0.0024700398971404885,0.0007680281858591239,0.0024700398971404885,0.0017020117112813646,0.5256256717445827
MLP2,L10H13,0.0008174205119429792,0.0007655876127319877,0.0007655876127319877,0.0008174205119429792,-5.18328992109915e-05,-0.03274329322954938
L6H8,L11H9,0.0007649756886382788,0.000774296233601722,0.0007649756886382788,0.000774296233601722,9.32054496344324e-06,0.006055164671541378
L13H14,MLP16,0.000762140014180411,0.0008776389936126086,0.000762140014180411,0.0008776389936126086,0.00011549897943219757,0.07043569827598158
MLP9,L20H5,0.001340159401248599,0.000756800042805851,0.000756800042805851,0.001340159401248599,-0.0005833593584427481,-0.27819296176507285
MLP11,L18H3,0.0007531817787000186,0.0017373179891303815,0.0007531817787000186,0.0017373179891303815,0.0009841362104303628,0.3951561141030314
MLP7,L17H2,0.0008675121383606753,0.0007528857885708661,0.0007528857885708661,0.0008675121383606753,-0.00011462634978980926,-0.0707396299913015
MLP3,L9H15,0.0007481443426707123,0.0016919823286760862,0.0007481443426707123,0.0016919823286760862,0.0009438379860053739,0.38679876626422593
L2H14,L6H5,0.011509407826690281,0.0007454780595429611,0.0007454780595429611,0.011509407826690281,-0.01076392976714732,-0.8783378211003322
MLP2,L6H5,0.0008673184939178504,0.0007454780595429611,0.0007454780595429611,0.0008673184939178504,-0.00012184043437488926,-0.07554606569157069
L17H12,L23H6,0.0008675668208971615,0.0007449248358962826,0.0007449248358962826,0.0008675668208971615,-0.00012264198500087887,-0.07605743848917725
MLP13,L24H6,0.0007426590155302028,0.009803796926088343,0.0007426590155302028,0.009803796926088343,0.00906113791055814,0.8591642501251033
L4H15,L9H5,0.0031354430160044364,0.0007412304166935828,0.0007412304166935828,0.0031354430160044364,-0.0023942125993108537,-0.617594605497779
L2H15,L5H1,0.0007500292099446444,0.0007385773578960676,0.0007385773578960676,0.0007500292099446444,-1.1451852048576763e-05,-0.0076930011569061995
L13H3,MLP27,0.0007340651047405755,0.012463162832425202,0.0007340651047405755,0.012463162832425202,0.011729097727684625,0.8887546523806994
L19H6,MLP27,0.0007340651047405755,0.0033349191683356974,0.0007340651047405755,0.0033349191683356974,0.002600854063595122,0.6391900014960734
L12H10,L13H6,0.0021678067940078256,0.0007325160053899106,0.0007325160053899106,0.0021678067940078256,-0.001435290788617915,-0.49487277378778627
L2H15,MLP13,0.000726948691783549,0.0015442619695234558,0.000726948691783549,0.0015442619695234558,0.0008173132777399068,0.3598579786824225
MLP4,L9H15,0.0022129376559631483,0.0007256656162707638,0.0007256656162707638,0.0022129376559631483,-0.0014872720396923843,-0.5061152874037901
L6H0,L12H0,0.000866802110390207,0.0007239629516620331,0.0007239629516620331,0.000866802110390207,-0.0001428391587281739,-0.08979274321243744
MLP2,L10H4,0.0008672118988710872,0.0007239506512384613,0.0007239506512384613,0.0008672118988710872,-0.00014326124763262588,-0.0900355828653475
L13H11,L16H8,0.0007185021868825208,0.0034227606081976398,0.0007185021868825208,0.0034227606081976398,0.002704258421315119,0.6530033362113099
L12H0,MLP14,0.0008674363970634897,0.0007127498153747792,0.0007127498153747792,0.0008674363970634897,-0.00015468658168871045,-0.09789136272112195
L2H14,L5H1,0.00677808850660519,0.0007093984831621931,0.0007093984831621931,0.00677808850660519,-0.0060686900234429965,-0.8105109273293756
L5H1,L9H7,0.0008228006540662557,0.0007093984831621931,0.0007093984831621931,0.0008228006540662557,-0.00011340217090406268,-0.07401268421883635
Input Embed,L4H11,0.0055949481761711954,0.0007076507245894116,0.0007076507245894116,0.0055949481761711954,-0.004887297451581784,-0.7754416120295989
L4H11,MLP5,0.003908934459988762,0.0007076507245894116,0.0007076507245894116,0.003908934459988762,-0.00320128373539935,-0.6934310984000305
L15H9,MLP18,0.0007060254452294752,0.0008361282087709456,0.0007060254452294752,0.0008361282087709456,0.0001301027635414704,0.08436433244117897
L13H9,L16H8,0.0007010415993056899,0.03862358266582792,0.0007010415993056899,0.03862358266582792,0.03792254106652223,0.9643459225660166
MLP4,L11H9,0.004588707310972198,0.0006949593507820675,0.0006949593507820675,0.004588707310972198,-0.00389374796019013,-0.7369405016359115
L16H8,L24H6,0.0006898205702125454,0.0012115738064890208,0.0006898205702125454,0.0012115738064890208,0.0005217532362764754,0.2744055850115556
L10H2,L13H15,0.0006870348064035609,0.0007901058703814492,0.0006870348064035609,0.0007901058703814492,0.00010307106397788835,0.06977741903514705
MLP6,L13H15,0.0016997412136258968,0.0006835664576414494,0.0006835664576414494,0.0016997412136258968,-0.0010161747559844472,-0.42637162135432005
L17H1,L21H12,0.018639293299386687,0.0006822243484931432,0.0006822243484931432,0.018639293299386687,-0.017957068950893544,-0.9293819087168855
Input Embed,L12H10,0.0006763661195819243,0.0016403727289673587,0.0006763661195819243,0.0016403727289673587,0.0009640066093854344,0.4161049960331459
L9H7,L13H9,0.0006740546155586132,0.0008064136937199796,0.0006740546155586132,0.0008064136937199796,0.00013235907816136646,0.08940352004283213
L9H7,MLP13,0.0006740546155586132,0.0008064136937199796,0.0006740546155586132,0.0008064136937199796,0.00013235907816136646,0.08940352004283213
MLP4,L6H5,0.0008306021604833885,0.0006739280353670716,0.0006739280353670716,0.0008306021604833885,-0.00015667412511631681,-0.10413491570220977
MLP4,L13H11,0.0006744326579441246,0.0006739280353670716,0.0006739280353670716,0.0006744326579441246,-5.046225770529746e-07,-0.00037424895249190543
Input Embed,L4H4,0.015096329341928429,0.0006715469062821268,0.0006715469062821268,0.015096329341928429,-0.014424782435646303,-0.9148208806676373
L4H4,MLP7,0.004483382334199493,0.0006715469062821268,0.0006715469062821268,0.004483382334199493,-0.003811835427917366,-0.7394544619513013
MLP2,L4H4,0.0016838152979913002,0.0006715469062821268,0.0006715469062821268,0.0016838152979913002,-0.0010122683917091735,-0.4297718583887331
L6H8,L10H2,0.0034035428234546177,0.0006477137657854267,0.0006477137657854267,0.0034035428234546177,-0.002755829057669191,-0.6802405616540185
MLP6,L17H12,0.0008622061452282656,0.0006474521982909141,0.0006474521982909141,0.0008622061452282656,-0.00021475394693735148,-0.1422533435192604
MLP6,L17H2,0.0008622061452282656,0.0006474521982909141,0.0006474521982909141,0.0008622061452282656,-0.00021475394693735148,-0.1422533435192604
L2H14,L13H15,0.0006432506521382574,0.0007901058703814492,0.0006432506521382574,0.0007901058703814492,0.00014685521824319185,0.1024554714308162
L12H3,L13H15,0.0016498387410462613,0.0006410038904046952,0.0006410038904046952,0.0016498387410462613,-0.001008834850641566,-0.44037719430888966
MLP4,L17H2,0.0017281541181995916,0.0006395935702291623,0.0006395935702291623,0.0017281541181995916,-0.0010885605479704292,-0.4597451634269367
MLP4,L17H12,0.000866666414040353,0.0006395935702291623,0.0006395935702291623,0.000866666414040353,-0.00022707284381119066,-0.1507527559535569
MLP7,MLP12,0.0006123000719189826,0.0008147024084100426,0.0006123000719189826,0.0008147024084100426,0.00020240233649106002,0.14183741043280593
L12H6,L17H2,0.002734115624773584,0.0006064241531603094,0.0006064241531603094,0.002734115624773584,-0.0021276914716132746,-0.6369304403042435
Input Embed,L13H13,0.0005822109007292269,0.0026216440185956387,0.0005822109007292269,0.0026216440185956387,0.0020394331178664117,0.6365560143079676
L17H12,MLP21,0.010703697188311217,0.0004304077865188444,0.0004304077865188444,0.010703697188311217,-0.010273289401792373,-0.9226865944785269
MLP16,L24H6,0.0,0.24338656572804884,0.0,0.24338656572804884,0.24338656572804884,1.0
L21H1,L23H5,0.13773301229421298,0.0,0.0,0.13773301229421298,-0.13773301229421298,-1.0
L20H14,MLP27,0.0,0.12610787576215587,0.0,0.12610787576215587,0.12610787576215587,1.0
MLP17,MLP27,0.0,0.11345181558159938,0.0,0.11345181558159938,0.11345181558159938,1.0
L16H8,MLP27,0.0,0.09018786819638493,0.0,0.09018786819638493,0.09018786819638493,1.0
L17H12,MLP27,0.0,0.07394769808038325,0.0,0.07394769808038325,0.07394769808038325,1.0
L12H6,L21H12,0.0657025184008178,0.0,0.0,0.0657025184008178,-0.0657025184008178,-1.0
L13H9,L21H12,0.05804567811527011,0.0,0.0,0.05804567811527011,-0.05804567811527011,-1.0
MLP19,MLP27,0.0,0.05712868625705756,0.0,0.05712868625705756,0.05712868625705756,1.0
MLP20,L24H6,0.0,0.05642496973158991,0.0,0.05642496973158991,0.05642496973158991,1.0
MLP16,MLP27,0.0,0.054260135454289,0.0,0.054260135454289,0.054260135454289,1.0
L16H9,MLP27,0.0,0.037764406153352435,0.0,0.037764406153352435,0.037764406153352435,1.0
MLP16,MLP21,0.03584876515438438,0.0,0.0,0.03584876515438438,-0.03584876515438438,-1.0
L13H9,MLP27,0.0,0.03348428678091377,0.0,0.03348428678091377,0.03348428678091377,1.0
L18H14,MLP27,0.0,0.03316362579106811,0.0,0.03316362579106811,0.03316362579106811,1.0
MLP20,MLP27,0.0,0.03129413525859022,0.0,0.03129413525859022,0.03129413525859022,1.0
L6H8,L21H12,0.031284300748632546,0.0,0.0,0.031284300748632546,-0.031284300748632546,-1.0
MLP12,L24H6,0.0,0.029143354590930426,0.0,0.029143354590930426,0.029143354590930426,1.0
L20H5,MLP22,0.0,0.028246228146532742,0.0,0.028246228146532742,0.028246228146532742,1.0
L24H6,MLP26,0.0,0.021584129377265095,0.0,0.021584129377265095,0.021584129377265095,1.0
MLP26,Residual Output: decision,0.0,0.021584129377265095,0.0,0.021584129377265095,0.021584129377265095,1.0
L23H6,MLP26,0.0,0.020811911383839476,0.0,0.020811911383839476,0.020811911383839476,1.0
MLP12,L23H6,0.0,0.02014472936788604,0.0,0.02014472936788604,0.02014472936788604,1.0
L13H9,L21H1,0.0189818993203312,0.0,0.0,0.0189818993203312,-0.0189818993203312,-1.0
L12H6,MLP20,0.01799360721542855,0.0,0.0,0.01799360721542855,-0.01799360721542855,-1.0
L19H6,L20H5,0.01782299988563594,0.0,0.0,0.01782299988563594,-0.01782299988563594,-1.0
Input Embed,L5H5,0.017735230276620686,0.0,0.0,0.017735230276620686,-0.017735230276620686,-1.0
Input Embed,L6H15,0.01736656468749182,0.0,0.0,0.01736656468749182,-0.01736656468749182,-1.0
L17H14,MLP19,0.0,0.016455807086988693,0.0,0.016455807086988693,0.016455807086988693,1.0
L19H6,MLP20,0.015884832059498432,0.0,0.0,0.015884832059498432,-0.015884832059498432,-1.0
L4H15,L21H12,0.01575268509126134,0.0,0.0,0.01575268509126134,-0.01575268509126134,-1.0
L20H14,L24H6,0.0,0.015571798317015755,0.0,0.015571798317015755,0.015571798317015755,1.0
Input Embed,L3H15,0.014781953440068897,0.0,0.0,0.014781953440068897,-0.014781953440068897,-1.0
L15H5,L16H9,0.0,0.014771913673560164,0.0,0.014771913673560164,0.014771913673560164,1.0
L19H6,MLP21,0.014579268019124726,0.0,0.0,0.014579268019124726,-0.014579268019124726,-1.0
L16H9,MLP18,0.014552989719163667,0.0,0.0,0.014552989719163667,-0.014552989719163667,-1.0
L17H8,L19H6,0.014142674783745245,0.0,0.0,0.014142674783745245,-0.014142674783745245,-1.0
L6H0,L21H12,0.013815925093296526,0.0,0.0,0.013815925093296526,-0.013815925093296526,-1.0
L13H6,L21H12,0.013672987920403015,0.0,0.0,0.013672987920403015,-0.013672987920403015,-1.0
L2H14,L10H5,0.0,0.013114578904775612,0.0,0.013114578904775612,0.013114578904775612,1.0
MLP13,L15H9,0.0,0.012631747124806324,0.0,0.012631747124806324,0.012631747124806324,1.0
L16H13,MLP27,0.0,0.012230820353810037,0.0,0.012230820353810037,0.012230820353810037,1.0
L19H6,L21H1,0.011756810822516835,0.0,0.0,0.011756810822516835,-0.011756810822516835,-1.0
L2H15,L21H12,0.01170943872663371,0.0,0.0,0.01170943872663371,-0.01170943872663371,-1.0
Input Embed,L6H14,0.011631167180408311,0.0,0.0,0.011631167180408311,-0.011631167180408311,-1.0
L13H3,L21H12,0.011244538385749337,0.0,0.0,0.011244538385749337,-0.011244538385749337,-1.0
L17H14,MLP27,0.0,0.011178988606691954,0.0,0.011178988606691954,0.011178988606691954,1.0
L17H15,MLP27,0.0,0.010971343988235443,0.0,0.010971343988235443,0.010971343988235443,1.0
MLP2,L10H5,0.0,0.010630462800153347,0.0,0.010630462800153347,0.010630462800153347,1.0
L3H14,L10H2,0.010573946936442945,0.0,0.0,0.010573946936442945,-0.010573946936442945,-1.0
L12H0,L13H13,0.0,0.010478446787237774,0.0,0.010478446787237774,0.010478446787237774,1.0
L25H0,Residual Output: decision,0.0,0.010256261159562107,0.0,0.010256261159562107,0.010256261159562107,1.0
MLP11,L19H6,0.010136502063690551,0.0,0.0,0.010136502063690551,-0.010136502063690551,-1.0
MLP12,L17H15,0.0,0.010131386734478538,0.0,0.010131386734478538,0.010131386734478538,1.0
MLP18,MLP27,0.0,0.010024528311661137,0.0,0.010024528311661137,0.010024528311661137,1.0
L13H9,L17H8,0.009630749718408415,0.0,0.0,0.009630749718408415,-0.009630749718408415,-1.0
L12H6,L21H1,0.009452310493646495,0.0,0.0,0.009452310493646495,-0.009452310493646495,-1.0
MLP5,L10H5,0.0,0.009277721905405403,0.0,0.009277721905405403,0.009277721905405403,1.0
L2H14,L5H5,0.009218589111110738,0.0,0.0,0.009218589111110738,-0.009218589111110738,-1.0
L14H5,MLP16,0.0,0.00880355283411621,0.0,0.00880355283411621,0.00880355283411621,1.0
L12H0,L13H9,0.0,0.008781037570882241,0.0,0.008781037570882241,0.008781037570882241,1.0
L21H0,MLP27,0.0,0.008650043542284462,0.0,0.008650043542284462,0.008650043542284462,1.0
MLP11,L14H13,0.0,0.008567698891632674,0.0,0.008567698891632674,0.008567698891632674,1.0
MLP17,L25H0,0.0,0.00851938465582513,0.0,0.00851938465582513,0.00851938465582513,1.0
L27H15,Residual Output: decision,0.0,0.00850923475875707,0.0,0.00850923475875707,0.00850923475875707,1.0
L12H13,MLP27,0.0,0.008443786257903589,0.0,0.008443786257903589,0.008443786257903589,1.0
L6H15,L10H2,0.008362219673549973,0.0,0.0,0.008362219673549973,-0.008362219673549973,-1.0
L11H9,L21H12,0.008271713795035095,0.0,0.0,0.008271713795035095,-0.008271713795035095,-1.0
L11H8,L21H12,0.008260829363242454,0.0,0.0,0.008260829363242454,-0.008260829363242454,-1.0
MLP14,L15H9,0.0,0.008083209960895451,0.0,0.008083209960895451,0.008083209960895451,1.0
MLP13,L23H6,0.0,0.008059929452500775,0.0,0.008059929452500775,0.008059929452500775,1.0
L13H2,MLP17,0.0,0.008011073350068093,0.0,0.008011073350068093,0.008011073350068093,1.0
MLP21,L23H5,0.00790013262867356,0.0,0.0,0.00790013262867356,-0.00790013262867356,-1.0
MLP17,L21H0,0.0,0.007784082109999974,0.0,0.007784082109999974,0.007784082109999974,1.0
MLP17,L27H15,0.0,0.00776366575331631,0.0,0.00776366575331631,0.00776366575331631,1.0
L24H6,L25H0,0.0,0.007724582199289773,0.0,0.007724582199289773,0.007724582199289773,1.0
L10H5,L11H9,0.0,0.007696030231550539,0.0,0.007696030231550539,0.007696030231550539,1.0
L21H1,L23H14,0.007663620669150171,0.0,0.0,0.007663620669150171,-0.007663620669150171,-1.0
L11H5,L12H6,0.007653503575369779,0.0,0.0,0.007653503575369779,-0.007653503575369779,-1.0
MLP11,L14H5,0.0,0.007543409586451628,0.0,0.007543409586451628,0.007543409586451628,1.0
MLP13,L19H6,0.007523285688485543,0.0,0.0,0.007523285688485543,-0.007523285688485543,-1.0
L12H6,MLP15,0.007463631978486678,0.0,0.0,0.007463631978486678,-0.007463631978486678,-1.0
L3H14,MLP11,0.007188708044751236,0.0,0.0,0.007188708044751236,-0.007188708044751236,-1.0
L13H10,L21H12,0.006928225434450774,0.0,0.0,0.006928225434450774,-0.006928225434450774,-1.0
L20H14,L21H0,0.0,0.0069249635664369626,0.0,0.0069249635664369626,0.0069249635664369626,1.0
MLP9,L11H5,0.0,0.006902270697268263,0.0,0.006902270697268263,0.006902270697268263,1.0
MLP3,L10H5,0.0,0.006882943508130751,0.0,0.006882943508130751,0.006882943508130751,1.0
L5H5,L6H0,0.006872824491871804,0.0,0.0,0.006872824491871804,-0.006872824491871804,-1.0
L23H14,L24H6,0.006854056138149597,0.0,0.0,0.006854056138149597,-0.006854056138149597,-1.0
L14H13,L16H8,0.0,0.006803652879572368,0.0,0.006803652879572368,0.006803652879572368,1.0
MLP20,MLP22,0.0,0.006460955050660354,0.0,0.006460955050660354,0.006460955050660354,1.0
L16H9,MLP21,0.006336635582075956,0.0,0.0,0.006336635582075956,-0.006336635582075956,-1.0
L6H14,MLP13,0.006233081157146418,0.0,0.0,0.006233081157146418,-0.006233081157146418,-1.0
L5H5,MLP9,0.006011400917589794,0.0,0.0,0.006011400917589794,-0.006011400917589794,-1.0
L16H9,L18H14,0.005966527729653524,0.0,0.0,0.005966527729653524,-0.005966527729653524,-1.0
MLP5,L15H9,0.0,0.005846765091855178,0.0,0.005846765091855178,0.005846765091855178,1.0
L2H15,L3H14,0.005840666483155042,0.0,0.0,0.005840666483155042,-0.005840666483155042,-1.0
MLP12,L14H13,0.0,0.0058178113375490295,0.0,0.0058178113375490295,0.0058178113375490295,1.0
L15H9,L16H13,0.0,0.00578515323004212,0.0,0.00578515323004212,0.00578515323004212,1.0
MLP18,L23H5,0.00576433420839688,0.0,0.0,0.00576433420839688,-0.00576433420839688,-1.0
L6H8,L21H1,0.005750213906648728,0.0,0.0,0.005750213906648728,-0.005750213906648728,-1.0
L11H9,L21H1,0.005704160389938909,0.0,0.0,0.005704160389938909,-0.005704160389938909,-1.0
L16H6,L21H12,0.005660731890484838,0.0,0.0,0.005660731890484838,-0.005660731890484838,-1.0
L6H14,L12H6,0.0056168335181478535,0.0,0.0,0.0056168335181478535,-0.0056168335181478535,-1.0
L13H13,L21H12,0.005584991167979048,0.0,0.0,0.005584991167979048,-0.005584991167979048,-1.0
L14H5,L16H8,0.0,0.005583962797011491,0.0,0.005583962797011491,0.005583962797011491,1.0
L6H15,MLP9,0.005432122090474707,0.0,0.0,0.005432122090474707,-0.005432122090474707,-1.0
L13H3,L15H9,0.0,0.005410406029950883,0.0,0.005410406029950883,0.005410406029950883,1.0
L13H11,L21H12,0.005370708727133447,0.0,0.0,0.005370708727133447,-0.005370708727133447,-1.0
L11H5,MLP15,0.0,0.005206760083847063,0.0,0.005206760083847063,0.005206760083847063,1.0
L9H7,MLP16,0.0,0.005187460911298668,0.0,0.005187460911298668,0.005187460911298668,1.0
Input Embed,L9H13,0.005177350268388948,0.0,0.0,0.005177350268388948,-0.005177350268388948,-1.0
L26H9,Residual Output: decision,0.0,0.005163208900863494,0.0,0.005163208900863494,0.005163208900863494,1.0
MLP17,L26H9,0.0,0.005163208900863494,0.0,0.005163208900863494,0.005163208900863494,1.0
L11H1,L21H1,0.005159525048766348,0.0,0.0,0.005159525048766348,-0.005159525048766348,-1.0
L5H5,L9H3,0.005123713294758892,0.0,0.0,0.005123713294758892,-0.005123713294758892,-1.0
L16H6,MLP27,0.0,0.005105319213205801,0.0,0.005105319213205801,0.005105319213205801,1.0
L11H8,L21H1,0.005063054383653361,0.0,0.0,0.005063054383653361,-0.005063054383653361,-1.0
MLP6,L15H9,0.0,0.005052055120920961,0.0,0.005052055120920961,0.005052055120920961,1.0
MLP11,L24H6,0.0,0.005050497634249319,0.0,0.005050497634249319,0.005050497634249319,1.0
MLP0,L10H5,0.0,0.0049735735259719745,0.0,0.0049735735259719745,0.0049735735259719745,1.0
MLP10,MLP17,0.004967254334986704,0.0,0.0,0.004967254334986704,-0.004967254334986704,-1.0
L3H15,MLP4,0.004950166459287263,0.0,0.0,0.004950166459287263,-0.004950166459287263,-1.0
MLP5,L12H13,0.0,0.004946890583436601,0.0,0.004946890583436601,0.004946890583436601,1.0
MLP4,L17H8,0.004941241179161865,0.0,0.0,0.004941241179161865,-0.004941241179161865,-1.0
MLP5,L6H5,0.004878301366556833,0.0,0.0,0.004878301366556833,-0.004878301366556833,-1.0
MLP1,L6H14,0.004863844675296331,0.0,0.0,0.004863844675296331,-0.004863844675296331,-1.0
L6H8,L10H5,0.0,0.004848048602213021,0.0,0.004848048602213021,0.004848048602213021,1.0
L12H0,MLP13,0.0,0.004843340747111848,0.0,0.004843340747111848,0.004843340747111848,1.0
L6H5,L21H12,0.004818011105988321,0.0,0.0,0.004818011105988321,-0.004818011105988321,-1.0
L2H14,L13H9,0.004810256780031851,0.0,0.0,0.004810256780031851,-0.004810256780031851,-1.0
MLP2,L11H4,0.0,0.0047750403767592,0.0,0.0047750403767592,0.0047750403767592,1.0
L13H13,MLP15,0.004759198779492597,0.0,0.0,0.004759198779492597,-0.004759198779492597,-1.0
Input Embed,L4H13,0.004758889232119306,0.0,0.0,0.004758889232119306,-0.004758889232119306,-1.0
L17H1,L21H1,0.004747036645906026,0.0,0.0,0.004747036645906026,-0.004747036645906026,-1.0
MLP13,MLP20,0.004731883021301737,0.0,0.0,0.004731883021301737,-0.004731883021301737,-1.0
L24H6,MLP25,0.0,0.004707780281693719,0.0,0.004707780281693719,0.004707780281693719,1.0
MLP25,Residual Output: decision,0.0,0.004707780281693719,0.0,0.004707780281693719,0.004707780281693719,1.0
MLP9,L17H12,0.0045222287298025245,0.0,0.0,0.0045222287298025245,-0.0045222287298025245,-1.0
MLP1,L5H5,0.004485511329931919,0.0,0.0,0.004485511329931919,-0.004485511329931919,-1.0
L11H5,L15H5,0.0,0.004356985951503749,0.0,0.004356985951503749,0.004356985951503749,1.0
L13H3,L17H8,0.004342078178613786,0.0,0.0,0.004342078178613786,-0.004342078178613786,-1.0
L9H13,MLP10,0.0043357048059720505,0.0,0.0,0.0043357048059720505,-0.0043357048059720505,-1.0
L12H14,L13H10,0.004327658284942523,0.0,0.0,0.004327658284942523,-0.004327658284942523,-1.0
L6H15,L9H3,0.004324176542049232,0.0,0.0,0.004324176542049232,-0.004324176542049232,-1.0
MLP1,L6H15,0.004313757499053599,0.0,0.0,0.004313757499053599,-0.004313757499053599,-1.0
L6H15,MLP11,0.004313658786945439,0.0,0.0,0.004313658786945439,-0.004313658786945439,-1.0
L17H14,L20H14,0.0,0.004312785559528635,0.0,0.004312785559528635,0.004312785559528635,1.0
MLP26,MLP27,0.0,0.004309759388337844,0.0,0.004309759388337844,0.004309759388337844,1.0
MLP2,L8H3,0.0042840103850534305,0.0,0.0,0.0042840103850534305,-0.0042840103850534305,-1.0
L17H14,MLP18,0.0,0.004269453973230672,0.0,0.004269453973230672,0.004269453973230672,1.0
MLP7,L17H1,0.004249204258381796,0.0,0.0,0.004249204258381796,-0.004249204258381796,-1.0
L21H12,L23H14,0.004234954861346148,0.0,0.0,0.004234954861346148,-0.004234954861346148,-1.0
L10H5,L11H8,0.0,0.004231907255434725,0.0,0.004231907255434725,0.004231907255434725,1.0
L15H5,L16H13,0.0,0.0042225547737955805,0.0,0.0042225547737955805,0.0042225547737955805,1.0
MLP16,L27H15,0.0,0.004216733480189087,0.0,0.004216733480189087,0.004216733480189087,1.0
MLP10,MLP12,0.0,0.004180783130948229,0.0,0.004180783130948229,0.004180783130948229,1.0
L2H15,MLP10,0.0,0.004169687487237255,0.0,0.004169687487237255,0.004169687487237255,1.0
L6H14,L13H9,0.004160124954137941,0.0,0.0,0.004160124954137941,-0.004160124954137941,-1.0
L14H5,MLP17,0.0,0.00414324379369732,0.0,0.00414324379369732,0.00414324379369732,1.0
L3H15,MLP7,0.004133825572494268,0.0,0.0,0.004133825572494268,-0.004133825572494268,-1.0
MLP2,L17H8,0.004106488172616355,0.0,0.0,0.004106488172616355,-0.004106488172616355,-1.0
L11H1,L21H12,0.004104792648266513,0.0,0.0,0.004104792648266513,-0.004104792648266513,-1.0
MLP2,L3H14,0.004101050004850953,0.0,0.0,0.004101050004850953,-0.004101050004850953,-1.0
MLP6,L11H4,0.0,0.004056582334257497,0.0,0.004056582334257497,0.004056582334257497,1.0
L3H14,L21H12,0.004054330279866119,0.0,0.0,0.004054330279866119,-0.004054330279866119,-1.0
L5H5,MLP11,0.004034034072899616,0.0,0.0,0.004034034072899616,-0.004034034072899616,-1.0
Input Embed,L5H1,0.004020768609636349,0.0,0.0,0.004020768609636349,-0.004020768609636349,-1.0
L5H13,L6H7,0.003988329216727825,0.0,0.0,0.003988329216727825,-0.003988329216727825,-1.0
L13H9,L17H12,0.0039446094447577965,0.0,0.0,0.0039446094447577965,-0.0039446094447577965,-1.0
L4H4,MLP12,0.003939792101396615,0.0,0.0,0.003939792101396615,-0.003939792101396615,-1.0
L3H14,L11H1,0.003912990343858853,0.0,0.0,0.003912990343858853,-0.003912990343858853,-1.0
L2H14,L4H11,0.003911005428132106,0.0,0.0,0.003911005428132106,-0.003911005428132106,-1.0
MLP4,L5H5,0.003909333047704249,0.0,0.0,0.003909333047704249,-0.003909333047704249,-1.0
L13H6,L21H1,0.0037822278743311634,0.0,0.0,0.0037822278743311634,-0.0037822278743311634,-1.0
L4H4,MLP11,0.0036636310628554536,0.0,0.0,0.0036636310628554536,-0.0036636310628554536,-1.0
L6H7,MLP13,0.0036166501183759873,0.0,0.0,0.0036166501183759873,-0.0036166501183759873,-1.0
L14H13,L16H4,0.0,0.003479295508991674,0.0,0.003479295508991674,0.003479295508991674,1.0
L2H14,L4H12,0.0034642087742577737,0.0,0.0,0.0034642087742577737,-0.0034642087742577737,-1.0
L13H10,L17H2,0.003459299385960638,0.0,0.0,0.003459299385960638,-0.003459299385960638,-1.0
L10H5,L11H5,0.0,0.0034578706393560295,0.0,0.0034578706393560295,0.0034578706393560295,1.0
L2H14,L5H12,0.0034544190452557035,0.0,0.0,0.0034544190452557035,-0.0034544190452557035,-1.0
L9H3,L10H5,0.0,0.0034338077322336423,0.0,0.0034338077322336423,0.0034338077322336423,1.0
L18H3,MLP27,0.0,0.003432951203670171,0.0,0.003432951203670171,0.003432951203670171,1.0
L13H15,L21H1,0.0034327881583293626,0.0,0.0,0.0034327881583293626,-0.0034327881583293626,-1.0
L3H14,L6H15,0.003422105422996789,0.0,0.0,0.003422105422996789,-0.003422105422996789,-1.0
MLP3,L15H9,0.0,0.0034169186931195983,0.0,0.0034169186931195983,0.0034169186931195983,1.0
Input Embed,L5H12,0.003412933936022156,0.0,0.0,0.003412933936022156,-0.003412933936022156,-1.0
L11H1,MLP27,0.0,0.0034124773989326427,0.0,0.0034124773989326427,0.0034124773989326427,1.0
L9H8,MLP11,0.0034080075651566006,0.0,0.0,0.0034080075651566006,-0.0034080075651566006,-1.0
L9H5,L15H5,0.0,0.003397605496950099,0.0,0.003397605496950099,0.003397605496950099,1.0
MLP0,L15H9,0.0,0.003396329491350211,0.0,0.003396329491350211,0.003396329491350211,1.0
MLP0,L10H4,0.0033924901753751052,0.0,0.0,0.0033924901753751052,-0.0033924901753751052,-1.0
MLP5,L15H5,0.0,0.003366692210930513,0.0,0.003366692210930513,0.003366692210930513,1.0
L5H1,L21H12,0.0033595500936612105,0.0,0.0,0.0033595500936612105,-0.0033595500936612105,-1.0
MLP0,L15H5,0.0,0.0033535505590251862,0.0,0.0033535505590251862,0.0033535505590251862,1.0
Input Embed,L9H15,0.0,0.003351072331164724,0.0,0.003351072331164724,0.003351072331164724,1.0
MLP1,L15H9,0.0,0.003343087525557322,0.0,0.003343087525557322,0.003343087525557322,1.0
MLP11,L17H15,0.0,0.003333030298349278,0.0,0.003333030298349278,0.003333030298349278,1.0
MLP16,L23H5,0.003326223274343627,0.0,0.0,0.003326223274343627,-0.003326223274343627,-1.0
L2H14,L12H13,0.0,0.0033092503618821906,0.0,0.0033092503618821906,0.0033092503618821906,1.0
L17H8,MLP23,0.0,0.003307932638808122,0.0,0.003307932638808122,0.003307932638808122,1.0
L4H15,L6H5,0.0032975617757294846,0.0,0.0,0.0032975617757294846,-0.0032975617757294846,-1.0
MLP12,L14H5,0.0,0.003289973942208671,0.0,0.003289973942208671,0.003289973942208671,1.0
L1H13,L2H14,0.0032815526646723576,0.0,0.0,0.0032815526646723576,-0.0032815526646723576,-1.0
L9H5,L13H9,0.003254263081680285,0.0,0.0,0.003254263081680285,-0.003254263081680285,-1.0
L2H15,L21H1,0.0032350817995893295,0.0,0.0,0.0032350817995893295,-0.0032350817995893295,-1.0
L18H14,L23H6,0.003214725107176917,0.0,0.0,0.003214725107176917,-0.003214725107176917,-1.0
MLP11,L13H2,0.0,0.003210845944945585,0.0,0.003210845944945585,0.003210845944945585,1.0
Input Embed,L9H7,0.0,0.0032051434163636546,0.0,0.0032051434163636546,0.0032051434163636546,1.0
L3H14,MLP4,0.003179613488212071,0.0,0.0,0.003179613488212071,-0.003179613488212071,-1.0
MLP8,L13H2,0.0,0.0031726661017961195,0.0,0.0031726661017961195,0.0031726661017961195,1.0
L2H15,L4H11,0.0031706227733555195,0.0,0.0,0.0031706227733555195,-0.0031706227733555195,-1.0
MLP2,L9H7,0.0,0.0031114275335956893,0.0,0.0031114275335956893,0.0031114275335956893,1.0
MLP1,L3H15,0.0031004781811655602,0.0,0.0,0.0031004781811655602,-0.0031004781811655602,-1.0
MLP5,L6H15,0.0030930021776421055,0.0,0.0,0.0030930021776421055,-0.0030930021776421055,-1.0
L5H5,MLP12,0.003087370761784934,0.0,0.0,0.003087370761784934,-0.003087370761784934,-1.0
L12H6,L24H6,0.003078559000364466,0.0,0.0,0.003078559000364466,-0.003078559000364466,-1.0
L5H13,L13H6,0.0030767049402552252,0.0,0.0,0.0030767049402552252,-0.0030767049402552252,-1.0
MLP9,MLP17,0.003067094811087121,0.0,0.0,0.003067094811087121,-0.003067094811087121,-1.0
L6H8,MLP17,0.0,0.003051011007262883,0.0,0.003051011007262883,0.003051011007262883,1.0
L6H0,L21H1,0.0030499276034503123,0.0,0.0,0.0030499276034503123,-0.0030499276034503123,-1.0
MLP11,MLP18,0.0030430592183671125,0.0,0.0,0.0030430592183671125,-0.0030430592183671125,-1.0
L13H13,L24H6,0.003039571680696811,0.0,0.0,0.003039571680696811,-0.003039571680696811,-1.0
L11H4,MLP13,0.0,0.003037881160200045,0.0,0.003037881160200045,0.003037881160200045,1.0
MLP6,L9H7,0.0,0.003033890765567386,0.0,0.003033890765567386,0.003033890765567386,1.0
MLP0,L3H14,0.0029920174629165315,0.0,0.0,0.0029920174629165315,-0.0029920174629165315,-1.0
L13H3,MLP19,0.002949342456012288,0.0,0.0,0.002949342456012288,-0.002949342456012288,-1.0
L3H15,L5H13,0.0029467753020320014,0.0,0.0,0.0029467753020320014,-0.0029467753020320014,-1.0
L4H4,L13H9,0.0029374995471875658,0.0,0.0,0.0029374995471875658,-0.0029374995471875658,-1.0
MLP0,L5H5,0.002932008792494119,0.0,0.0,0.002932008792494119,-0.002932008792494119,-1.0
L12H6,L13H2,0.0,0.0029297458414570474,0.0,0.0029297458414570474,0.0029297458414570474,1.0
L3H14,L4H4,0.0029055458516130815,0.0,0.0,0.0029055458516130815,-0.0029055458516130815,-1.0
L17H1,L20H5,0.002875205948343582,0.0,0.0,0.002875205948343582,-0.002875205948343582,-1.0
L12H6,L17H1,0.0028729978771993877,0.0,0.0,0.0028729978771993877,-0.0028729978771993877,-1.0
MLP14,MLP19,0.0,0.002630340627666655,0.0,0.002630340627666655,0.002630340627666655,1.0
L17H14,MLP20,0.0,0.002607635080458093,0.0,0.002607635080458093,0.002607635080458093,1.0
L12H13,L16H8,0.0,0.0026066813226797714,0.0,0.0026066813226797714,0.0026066813226797714,1.0
L23H6,L25H0,0.0,0.002606312830501616,0.0,0.002606312830501616,0.002606312830501616,1.0
MLP5,MLP8,0.0026022014425344207,0.0,0.0,0.0026022014425344207,-0.0026022014425344207,-1.0
L12H13,L21H1,0.002601679020474622,0.0,0.0,0.002601679020474622,-0.002601679020474622,-1.0
L6H5,L11H1,0.0026011702466375033,0.0,0.0,0.0026011702466375033,-0.0026011702466375033,-1.0
L11H9,L13H9,0.0026010112350379816,0.0,0.0,0.0026010112350379816,-0.0026010112350379816,-1.0
L6H8,L11H8,0.00259804001975245,0.0,0.0,0.00259804001975245,-0.00259804001975245,-1.0
L6H15,L10H5,0.0025980389810343982,0.0,0.0,0.0025980389810343982,-0.0025980389810343982,-1.0
L13H13,L17H2,0.0025979947186422535,0.0,0.0,0.0025979947186422535,-0.0025979947186422535,-1.0
Input Embed,L4H12,0.0025972835818688102,0.0,0.0,0.0025972835818688102,-0.0025972835818688102,-1.0
L5H1,L10H2,0.002594611896870857,0.0,0.0,0.002594611896870857,-0.002594611896870857,-1.0
L14H13,L21H12,0.002594114082219189,0.0,0.0,0.002594114082219189,-0.002594114082219189,-1.0
L12H0,L16H13,0.0,0.002592640950908709,0.0,0.002592640950908709,0.002592640950908709,1.0
MLP0,L5H13,0.0025901997404854404,0.0,0.0,0.0025901997404854404,-0.0025901997404854404,-1.0
L8H3,L13H3,0.0,0.0025862456832284756,0.0,0.0025862456832284756,0.0025862456832284756,1.0
L18H11,MLP27,0.0,0.0025838233843726824,0.0,0.0025838233843726824,0.0025838233843726824,1.0
L11H5,MLP17,0.0,0.0025811220914580017,0.0,0.0025811220914580017,0.0025811220914580017,1.0
L23H6,L26H9,0.0,0.0025811220914580017,0.0,0.0025811220914580017,0.0025811220914580017,1.0
L26H9,MLP27,0.0,0.002576335085295194,0.0,0.002576335085295194,0.002576335085295194,1.0
L11H5,L21H12,0.0025757592485674066,0.0,0.0,0.0025757592485674066,-0.0025757592485674066,-1.0
L9H13,L13H3,0.0025748582526244207,0.0,0.0,0.0025748582526244207,-0.0025748582526244207,-1.0
MLP2,L5H5,0.0025744084408239674,0.0,0.0,0.0025744084408239674,-0.0025744084408239674,-1.0
L16H1,MLP17,0.0,0.002571194838392719,0.0,0.002571194838392719,0.002571194838392719,1.0
L11H6,MLP16,0.0,0.002570091715677279,0.0,0.002570091715677279,0.002570091715677279,1.0
L9H13,MLP11,0.0025688896341705784,0.0,0.0,0.0025688896341705784,-0.0025688896341705784,-1.0
L5H12,MLP11,0.0025681201076936497,0.0,0.0,0.0025681201076936497,-0.0025681201076936497,-1.0
L3H14,L8H10,0.002556068354256578,0.0,0.0,0.002556068354256578,-0.002556068354256578,-1.0
MLP1,L6H8,0.0025496330466997213,0.0,0.0,0.0025496330466997213,-0.0025496330466997213,-1.0
L9H15,L10H5,0.0,0.002549295604838797,0.0,0.002549295604838797,0.002549295604838797,1.0
L5H13,L9H5,0.0025425350127298713,0.0,0.0,0.0025425350127298713,-0.0025425350127298713,-1.0
L6H7,MLP12,0.0025268433563945055,0.0,0.0,0.0025268433563945055,-0.0025268433563945055,-1.0
L5H5,L11H5,0.0025206854148777024,0.0,0.0,0.0025206854148777024,-0.0025206854148777024,-1.0
Input Embed,L6H9,0.002506900451512317,0.0,0.0,0.002506900451512317,-0.002506900451512317,-1.0
MLP3,L5H5,0.0025030893712729737,0.0,0.0,0.0025030893712729737,-0.0025030893712729737,-1.0
MLP8,L15H9,0.0,0.0024929197915869263,0.0,0.0024929197915869263,0.0024929197915869263,1.0
MLP2,L14H5,0.0,0.002490343357646776,0.0,0.002490343357646776,0.002490343357646776,1.0
L5H5,L9H5,0.0024857845984514516,0.0,0.0,0.0024857845984514516,-0.0024857845984514516,-1.0
L5H1,MLP11,0.002481575978939935,0.0,0.0,0.002481575978939935,-0.002481575978939935,-1.0
MLP7,MLP16,0.0024724521234771243,0.0,0.0,0.0024724521234771243,-0.0024724521234771243,-1.0
L13H2,MLP16,0.0,0.0024659211090493024,0.0,0.0024659211090493024,0.0024659211090493024,1.0
MLP3,L17H8,0.0024516715270875566,0.0,0.0,0.0024516715270875566,-0.0024516715270875566,-1.0
MLP1,L3H14,0.002435711172413334,0.0,0.0,0.002435711172413334,-0.002435711172413334,-1.0
L3H14,L6H0,0.002432742681350432,0.0,0.0,0.002432742681350432,-0.002432742681350432,-1.0
MLP4,L15H9,0.0,0.0024235674159225912,0.0,0.0024235674159225912,0.0024235674159225912,1.0
MLP5,L17H8,0.0024194555106420187,0.0,0.0,0.0024194555106420187,-0.0024194555106420187,-1.0
MLP6,L13H2,0.0,0.0024189098616567645,0.0,0.0024189098616567645,0.0024189098616567645,1.0
L6H5,L10H2,0.0024172778141466175,0.0,0.0,0.0024172778141466175,-0.0024172778141466175,-1.0
L18H3,L21H12,0.002417188432439615,0.0,0.0,0.002417188432439615,-0.002417188432439615,-1.0
MLP10,L15H9,0.0,0.002416366881655802,0.0,0.002416366881655802,0.002416366881655802,1.0
L13H3,L14H5,0.0,0.002409608225950232,0.0,0.002409608225950232,0.002409608225950232,1.0
L3H14,L12H6,0.0024038977687056667,0.0,0.0,0.0024038977687056667,-0.0024038977687056667,-1.0
MLP0,L6H14,0.00238418085686971,0.0,0.0,0.00238418085686971,-0.00238418085686971,-1.0
MLP6,L13H14,0.002380734377485495,0.0,0.0,0.002380734377485495,-0.002380734377485495,-1.0
L23H6,MLP25,0.0,0.002365358533699131,0.0,0.002365358533699131,0.002365358533699131,1.0
MLP2,L4H11,0.0023592884200162993,0.0,0.0,0.0023592884200162993,-0.0023592884200162993,-1.0
MLP4,L11H2,0.0023569810975746677,0.0,0.0,0.0023569810975746677,-0.0023569810975746677,-1.0
L3H14,MLP13,0.002351371742931679,0.0,0.0,0.002351371742931679,-0.002351371742931679,-1.0
L16H4,L24H6,0.00233301510388858,0.0,0.0,0.00233301510388858,-0.00233301510388858,-1.0
L4H4,L11H8,0.002331617131438768,0.0,0.0,0.002331617131438768,-0.002331617131438768,-1.0
L14H5,L16H13,0.0,0.0023194219564725595,0.0,0.0023194219564725595,0.0023194219564725595,1.0
L5H13,L11H8,0.002312164961420476,0.0,0.0,0.002312164961420476,-0.002312164961420476,-1.0
MLP19,MLP22,0.0,0.002311594671950553,0.0,0.002311594671950553,0.002311594671950553,1.0
L13H11,L24H6,0.0023049193666871072,0.0,0.0,0.0023049193666871072,-0.0023049193666871072,-1.0
L4H4,L12H6,0.002300409968309731,0.0,0.0,0.002300409968309731,-0.002300409968309731,-1.0
L17H1,L19H6,0.00229541003493801,0.0,0.0,0.00229541003493801,-0.00229541003493801,-1.0
L13H6,L17H2,0.0022940205310869196,0.0,0.0,0.0022940205310869196,-0.0022940205310869196,-1.0
L12H6,L20H5,0.002283827823320541,0.0,0.0,0.002283827823320541,-0.002283827823320541,-1.0
MLP11,MLP20,0.0022787458052877735,0.0,0.0,0.0022787458052877735,-0.0022787458052877735,-1.0
L9H15,MLP13,0.0,0.002272729935384856,0.0,0.002272729935384856,0.002272729935384856,1.0
L3H14,MLP12,0.0022668018129146338,0.0,0.0,0.0022668018129146338,-0.0022668018129146338,-1.0
L6H0,L12H13,0.0,0.0022573764415173793,0.0,0.0022573764415173793,0.0022573764415173793,1.0
L13H2,L15H9,0.0,0.0022567201481473813,0.0,0.0022567201481473813,0.0022567201481473813,1.0
MLP12,L19H6,0.002253234581150328,0.0,0.0,0.002253234581150328,-0.002253234581150328,-1.0
L13H6,MLP18,0.002249098618564206,0.0,0.0,0.002249098618564206,-0.002249098618564206,-1.0
MLP9,L13H11,0.0022475905289446635,0.0,0.0,0.0022475905289446635,-0.0022475905289446635,-1.0
MLP21,MLP22,0.0022411980614923752,0.0,0.0,0.0022411980614923752,-0.0022411980614923752,-1.0
MLP1,L4H4,0.0022392020238813995,0.0,0.0,0.0022392020238813995,-0.0022392020238813995,-1.0
L13H2,L16H8,0.0,0.002229777016177484,0.0,0.002229777016177484,0.002229777016177484,1.0
MLP0,L4H4,0.00221416334305202,0.0,0.0,0.00221416334305202,-0.00221416334305202,-1.0
L6H7,L12H6,0.0022080486927217266,0.0,0.0,0.0022080486927217266,-0.0022080486927217266,-1.0
L16H13,MLP21,0.0021979332297289715,0.0,0.0,0.0021979332297289715,-0.0021979332297289715,-1.0
L16H8,L18H3,0.0,0.0021665146908847748,0.0,0.0021665146908847748,0.0021665146908847748,1.0
L6H0,L13H3,0.0,0.002147806278596906,0.0,0.002147806278596906,0.002147806278596906,1.0
L6H14,L13H6,0.0020863915476733797,0.0,0.0,0.0020863915476733797,-0.0020863915476733797,-1.0
L4H4,MLP6,0.002077593885648342,0.0,0.0,0.002077593885648342,-0.002077593885648342,-1.0
MLP4,L6H14,0.002075575334865113,0.0,0.0,0.002075575334865113,-0.002075575334865113,-1.0
L5H5,L12H6,0.002075264560100854,0.0,0.0,0.002075264560100854,-0.002075264560100854,-1.0
L3H15,L13H6,0.002033416452840899,0.0,0.0,0.002033416452840899,-0.002033416452840899,-1.0
L3H0,MLP11,0.002024229168616734,0.0,0.0,0.002024229168616734,-0.002024229168616734,-1.0
L5H5,MLP7,0.001960761531086209,0.0,0.0,0.001960761531086209,-0.001960761531086209,-1.0
L3H0,L6H0,0.001929964726093724,0.0,0.0,0.001929964726093724,-0.001929964726093724,-1.0
L5H5,MLP6,0.0019093009065247763,0.0,0.0,0.0019093009065247763,-0.0019093009065247763,-1.0
MLP2,L13H11,0.0,0.001902723310785067,0.0,0.001902723310785067,0.001902723310785067,1.0
L13H10,L16H9,0.0,0.0017540321571066957,0.0,0.0017540321571066957,0.0017540321571066957,1.0
MLP10,MLP14,0.0,0.0017529554511818539,0.0,0.0017529554511818539,0.0017529554511818539,1.0
L15H5,MLP21,0.0,0.0017518067973346404,0.0,0.0017518067973346404,0.0017518067973346404,1.0
L13H2,MLP27,0.0,0.0017514665363522358,0.0,0.0017514665363522358,0.0017514665363522358,1.0
MLP15,L24H6,0.0,0.001748805564937713,0.0,0.001748805564937713,0.001748805564937713,1.0
L12H0,L14H13,0.0,0.0017485023721342267,0.0,0.0017485023721342267,0.0017485023721342267,1.0
L14H13,L16H9,0.0,0.0017485023721342267,0.0,0.0017485023721342267,0.0017485023721342267,1.0
L6H7,L12H0,0.0,0.0017461503107387844,0.0,0.0017461503107387844,0.0017461503107387844,1.0
L16H12,L17H8,0.0,0.0017443076277652515,0.0,0.0017443076277652515,0.0017443076277652515,1.0
MLP16,MLP23,0.0,0.0017423768154422525,0.0,0.0017423768154422525,0.0017423768154422525,1.0
L15H9,L17H1,0.0,0.0017404090153080077,0.0,0.0017404090153080077,0.0017404090153080077,1.0
L9H3,L11H6,0.0,0.0017388959652048135,0.0,0.0017388959652048135,0.0017388959652048135,1.0
MLP19,MLP23,0.0,0.0017349747603142356,0.0,0.0017349747603142356,0.0017349747603142356,1.0
L6H7,MLP16,0.0017347334629868962,0.0,0.0,0.0017347334629868962,-0.0017347334629868962,-1.0
L8H3,L10H4,0.0017346381560743444,0.0,0.0,0.0017346381560743444,-0.0017346381560743444,-1.0
L4H13,MLP9,0.0017346091640845173,0.0,0.0,0.0017346091640845173,-0.0017346091640845173,-1.0
L16H13,L21H1,0.0017345604100404465,0.0,0.0,0.0017345604100404465,-0.0017345604100404465,-1.0
L11H8,L12H3,0.001734440486600047,0.0,0.0,0.001734440486600047,-0.001734440486600047,-1.0
L13H6,MLP21,0.0017344125979817588,0.0,0.0,0.0017344125979817588,-0.0017344125979817588,-1.0
MLP16,L21H0,0.0,0.001734386964658312,0.0,0.001734386964658312,0.001734386964658312,1.0
L9H3,L15H5,0.0,0.0017343428025415417,0.0,0.0017343428025415417,0.0017343428025415417,1.0
L2H14,L8H14,0.00173433386084605,0.0,0.0,0.00173433386084605,-0.00173433386084605,-1.0
L8H14,L9H3,0.00173433386084605,0.0,0.0,0.00173433386084605,-0.00173433386084605,-1.0
L8H14,MLP11,0.00173433386084605,0.0,0.0,0.00173433386084605,-0.00173433386084605,-1.0
MLP2,L12H13,0.001734086605593986,0.0,0.0,0.001734086605593986,-0.001734086605593986,-1.0
MLP0,L13H15,0.0017339887402860472,0.0,0.0,0.0017339887402860472,-0.0017339887402860472,-1.0
L6H14,MLP7,0.0017339069423414073,0.0,0.0,0.0017339069423414073,-0.0017339069423414073,-1.0
MLP10,L12H14,0.0017336774113618752,0.0,0.0,0.0017336774113618752,-0.0017336774113618752,-1.0
L9H3,L13H10,0.001733335988051359,0.0,0.0,0.001733335988051359,-0.001733335988051359,-1.0
MLP2,L5H1,0.0017332946077734015,0.0,0.0,0.0017332946077734015,-0.0017332946077734015,-1.0
MLP19,L23H14,0.0017332805724164658,0.0,0.0,0.0017332805724164658,-0.0017332805724164658,-1.0
Input Embed,L3H2,0.0017332533785877117,0.0,0.0,0.0017332533785877117,-0.0017332533785877117,-1.0
MLP16,L26H9,0.0,0.0017330748529756537,0.0,0.0017330748529756537,0.0017330748529756537,1.0
MLP3,L5H1,0.0017327583629354912,0.0,0.0,0.0017327583629354912,-0.0017327583629354912,-1.0
MLP20,MLP23,0.0,0.0017325037835315541,0.0,0.0017325037835315541,0.0017325037835315541,1.0
MLP13,MLP21,0.0017321404559980278,0.0,0.0,0.0017321404559980278,-0.0017321404559980278,-1.0
L10H2,L13H10,0.0017314741436839291,0.0,0.0,0.0017314741436839291,-0.0017314741436839291,-1.0
Input Embed,L12H14,0.0017312737888339163,0.0,0.0,0.0017312737888339163,-0.0017312737888339163,-1.0
MLP6,L10H4,0.0017310478393407671,0.0,0.0,0.0017310478393407671,-0.0017310478393407671,-1.0
MLP6,L12H14,0.0017297892094276404,0.0,0.0,0.0017297892094276404,-0.0017297892094276404,-1.0
MLP9,L12H14,0.0017297892094276404,0.0,0.0,0.0017297892094276404,-0.0017297892094276404,-1.0
L17H14,L21H12,0.001729505131095072,0.0,0.0,0.001729505131095072,-0.001729505131095072,-1.0
L4H12,MLP9,0.0017292145910693124,0.0,0.0,0.0017292145910693124,-0.0017292145910693124,-1.0
L11H9,L16H4,0.0017291040197807987,0.0,0.0,0.0017291040197807987,-0.0017291040197807987,-1.0
MLP10,L14H13,0.0,0.0017289861015053812,0.0,0.0017289861015053812,0.0017289861015053812,1.0
L13H15,L21H12,0.0017286128395873478,0.0,0.0,0.0017286128395873478,-0.0017286128395873478,-1.0
Input Embed,L9H6,0.0017284505690289365,0.0,0.0,0.0017284505690289365,-0.0017284505690289365,-1.0
L9H6,MLP10,0.0017284505690289365,0.0,0.0,0.0017284505690289365,-0.0017284505690289365,-1.0
L10H4,MLP17,0.0017282202971618612,0.0,0.0,0.0017282202971618612,-0.0017282202971618612,-1.0
MLP7,L10H4,0.0017282202971618612,0.0,0.0,0.0017282202971618612,-0.0017282202971618612,-1.0
L2H14,L9H13,0.0017272441717536811,0.0,0.0,0.0017272441717536811,-0.0017272441717536811,-1.0
L6H5,L11H9,0.0017265657190237635,0.0,0.0,0.0017265657190237635,-0.0017265657190237635,-1.0
L10H5,MLP13,0.0,0.0017255287356316362,0.0,0.0017255287356316362,0.0017255287356316362,1.0
L6H7,L21H12,0.001724760019568816,0.0,0.0,0.001724760019568816,-0.001724760019568816,-1.0
MLP0,L9H12,0.0017245348105607726,0.0,0.0,0.0017245348105607726,-0.0017245348105607726,-1.0
L23H6,L27H15,0.0,0.0017244676479843258,0.0,0.0017244676479843258,0.0017244676479843258,1.0
L9H2,MLP11,0.0017243158448333555,0.0,0.0,0.0017243158448333555,-0.0017243158448333555,-1.0
L20H5,Residual Output: decision,0.0017215418401650645,0.0,0.0,0.0017215418401650645,-0.0017215418401650645,-1.0
MLP3,L14H13,0.0,0.0017212445737222043,0.0,0.0017212445737222043,0.0017212445737222043,1.0
L5H12,MLP13,0.001720229333060113,0.0,0.0,0.001720229333060113,-0.001720229333060113,-1.0
L6H8,L11H5,0.0017199020102788701,0.0,0.0,0.0017199020102788701,-0.0017199020102788701,-1.0
L6H8,L11H1,0.0017197657274779627,0.0,0.0,0.0017197657274779627,-0.0017197657274779627,-1.0
MLP19,L27H15,0.0,0.0017190216741538188,0.0,0.0017190216741538188,0.0017190216741538188,1.0
L16H12,L21H12,0.0017182758730389094,0.0,0.0,0.0017182758730389094,-0.0017182758730389094,-1.0
MLP8,L12H10,0.0,0.0017146412461879485,0.0,0.0017146412461879485,0.0017146412461879485,1.0
L6H15,L11H8,0.0017111977996091161,0.0,0.0,0.0017111977996091161,-0.0017111977996091161,-1.0
L16H9,L17H15,0.0,0.0017105243388161248,0.0,0.0017105243388161248,0.0017105243388161248,1.0
MLP18,L23H14,0.0017079210126036014,0.0,0.0,0.0017079210126036014,-0.0017079210126036014,-1.0
L2H14,L4H4,0.001705984743604271,0.0,0.0,0.001705984743604271,-0.001705984743604271,-1.0
L17H14,L18H14,0.0,0.0017042171316688265,0.0,0.0017042171316688265,0.0017042171316688265,1.0
L4H13,L9H3,0.0017032030634971623,0.0,0.0,0.0017032030634971623,-0.0017032030634971623,-1.0
L6H0,L13H9,0.0,0.0017016966156448625,0.0,0.0017016966156448625,0.0017016966156448625,1.0
L5H12,L10H2,0.001700917332322225,0.0,0.0,0.001700917332322225,-0.001700917332322225,-1.0
MLP15,L17H14,0.0,0.0016982707944309546,0.0,0.0016982707944309546,0.0016982707944309546,1.0
L9H15,MLP16,0.0016965473892210016,0.0,0.0,0.0016965473892210016,-0.0016965473892210016,-1.0
L4H15,L11H1,0.0016946422167181086,0.0,0.0,0.0016946422167181086,-0.0016946422167181086,-1.0
MLP2,L8H10,0.0016941116643642107,0.0,0.0,0.0016941116643642107,-0.0016941116643642107,-1.0
L13H13,L21H1,0.0016938832220611047,0.0,0.0,0.0016938832220611047,-0.0016938832220611047,-1.0
MLP3,L4H4,0.0016930572449458173,0.0,0.0,0.0016930572449458173,-0.0016930572449458173,-1.0
L11H1,MLP19,0.0016924342330251363,0.0,0.0,0.0016924342330251363,-0.0016924342330251363,-1.0
L4H4,L9H3,0.0016903369743302688,0.0,0.0,0.0016903369743302688,-0.0016903369743302688,-1.0
MLP10,L11H6,0.0,0.0016867883043712641,0.0,0.0016867883043712641,0.0016867883043712641,1.0
L8H3,L12H0,0.0016862336617927954,0.0,0.0,0.0016862336617927954,-0.0016862336617927954,-1.0
MLP5,L8H3,0.001685507704122057,0.0,0.0,0.001685507704122057,-0.001685507704122057,-1.0
MLP14,L18H3,0.0,0.0016833938222528837,0.0,0.0016833938222528837,0.0016833938222528837,1.0
L16H4,L17H15,0.0,0.0016801417309884757,0.0,0.0016801417309884757,0.0016801417309884757,1.0
L13H3,L16H9,0.0,0.001679861584603549,0.0,0.001679861584603549,0.001679861584603549,1.0
L5H13,MLP6,0.0016771243608416258,0.0,0.0,0.0016771243608416258,-0.0016771243608416258,-1.0
MLP17,L18H13,0.0,0.0016769718986304977,0.0,0.0016769718986304977,0.0016769718986304977,1.0
L23H14,MLP27,0.0016753452926697493,0.0,0.0,0.0016753452926697493,-0.0016753452926697493,-1.0
L17H15,L20H5,0.0,0.0016741311369450323,0.0,0.0016741311369450323,0.0016741311369450323,1.0
L6H9,MLP9,0.0016733841906222881,0.0,0.0,0.0016733841906222881,-0.0016733841906222881,-1.0
L3H0,MLP5,0.0,0.0016704077301144626,0.0,0.0016704077301144626,0.0016704077301144626,1.0
L6H0,L11H5,0.0016698149602337497,0.0,0.0,0.0016698149602337497,-0.0016698149602337497,-1.0
L18H3,MLP20,0.0016687321710218536,0.0,0.0,0.0016687321710218536,-0.0016687321710218536,-1.0
L4H11,MLP11,0.00166528525940195,0.0,0.0,0.00166528525940195,-0.00166528525940195,-1.0
MLP3,L6H5,0.0016622518779738967,0.0,0.0,0.0016622518779738967,-0.0016622518779738967,-1.0
L3H15,MLP9,0.001656883332119771,0.0,0.0,0.001656883332119771,-0.001656883332119771,-1.0
L25H0,MLP27,0.0,0.0016499866478426922,0.0,0.0016499866478426922,0.0016499866478426922,1.0
L4H13,L5H13,0.001644262710251988,0.0,0.0,0.001644262710251988,-0.001644262710251988,-1.0
L15H5,L17H14,0.0,0.0016406162197492107,0.0,0.0016406162197492107,0.0016406162197492107,1.0
L6H9,L12H6,0.0016401991494478288,0.0,0.0,0.0016401991494478288,-0.0016401991494478288,-1.0
L3H0,MLP6,0.0016384111320648415,0.0,0.0,0.0016384111320648415,-0.0016384111320648415,-1.0
L9H5,L13H10,0.0016317464089632707,0.0,0.0,0.0016317464089632707,-0.0016317464089632707,-1.0
L5H8,MLP9,0.00163041935568344,0.0,0.0,0.00163041935568344,-0.00163041935568344,-1.0
MLP11,L13H7,0.0,0.0016276181536308595,0.0,0.0016276181536308595,0.0016276181536308595,1.0
MLP12,L13H7,0.0,0.0016276181536308595,0.0,0.0016276181536308595,0.0016276181536308595,1.0
L10H13,MLP16,0.0,0.0016257041384537497,0.0,0.0016257041384537497,0.0016257041384537497,1.0
MLP3,L12H13,0.0,0.0016240957416338779,0.0,0.0016240957416338779,0.0016240957416338779,1.0
L9H3,L15H9,0.0,0.0016228522354478489,0.0,0.0016228522354478489,0.0016228522354478489,1.0
L13H14,L21H12,0.001618594363305084,0.0,0.0,0.001618594363305084,-0.001618594363305084,-1.0
L11H1,L15H9,0.0,0.0016127873786294764,0.0,0.0016127873786294764,0.0016127873786294764,1.0
L13H3,L21H1,0.0016093499645846818,0.0,0.0,0.0016093499645846818,-0.0016093499645846818,-1.0
L2H14,L21H1,0.0016082832447613016,0.0,0.0,0.0016082832447613016,-0.0016082832447613016,-1.0
L5H5,MLP16,0.0016064453943998884,0.0,0.0,0.0016064453943998884,-0.0016064453943998884,-1.0
L12H6,L19H6,0.0016019142802360974,0.0,0.0,0.0016019142802360974,-0.0016019142802360974,-1.0
L17H2,L19H6,0.0015997819068485422,0.0,0.0,0.0015997819068485422,-0.0015997819068485422,-1.0
MLP5,MLP16,0.0015997082232098705,0.0,0.0,0.0015997082232098705,-0.0015997082232098705,-1.0
L1H13,MLP9,0.0015988849294958126,0.0,0.0,0.0015988849294958126,-0.0015988849294958126,-1.0
L11H4,MLP16,0.0,0.0015964969796753846,0.0,0.0015964969796753846,0.0015964969796753846,1.0
L14H5,L15H9,0.0,0.001595893483364612,0.0,0.001595893483364612,0.001595893483364612,1.0
L1H13,MLP5,0.0015944188536521646,0.0,0.0,0.0015944188536521646,-0.0015944188536521646,-1.0
MLP9,L13H15,0.0015915758368972247,0.0,0.0,0.0015915758368972247,-0.0015915758368972247,-1.0
L5H13,MLP12,0.0015883217618755075,0.0,0.0,0.0015883217618755075,-0.0015883217618755075,-1.0
MLP0,L3H15,0.0015866442178850118,0.0,0.0,0.0015866442178850118,-0.0015866442178850118,-1.0
MLP1,L12H13,0.0,0.0015862045024385932,0.0,0.0015862045024385932,0.0015862045024385932,1.0
L10H2,L21H12,0.0015807403738542385,0.0,0.0,0.0015807403738542385,-0.0015807403738542385,-1.0
MLP3,L5H13,0.0015805471905511867,0.0,0.0,0.0015805471905511867,-0.0015805471905511867,-1.0
MLP3,L6H15,0.0015805109009705135,0.0,0.0,0.0015805109009705135,-0.0015805109009705135,-1.0
MLP0,MLP4,0.0,0.0015799190357502421,0.0,0.0015799190357502421,0.0015799190357502421,1.0
L6H5,L12H6,0.0015712279065868454,0.0,0.0,0.0015712279065868454,-0.0015712279065868454,-1.0
L11H5,L21H1,0.0015706695728062337,0.0,0.0,0.0015706695728062337,-0.0015706695728062337,-1.0
L6H15,MLP10,0.0015706469630528722,0.0,0.0,0.0015706469630528722,-0.0015706469630528722,-1.0
L12H0,MLP19,0.0,0.0015611838464365823,0.0,0.0015611838464365823,0.0015611838464365823,1.0
MLP9,L18H14,0.001554087146779559,0.0,0.0,0.001554087146779559,-0.001554087146779559,-1.0
L11H9,L13H6,0.0015500701684191714,0.0,0.0,0.0015500701684191714,-0.0015500701684191714,-1.0
MLP1,L4H13,0.0015483098096174157,0.0,0.0,0.0015483098096174157,-0.0015483098096174157,-1.0
L13H9,L18H14,0.001540553377314982,0.0,0.0,0.001540553377314982,-0.001540553377314982,-1.0
MLP13,L14H5,0.0,0.0015389677246607448,0.0,0.0015389677246607448,0.0015389677246607448,1.0
MLP5,L14H5,0.0,0.0015389677246607448,0.0,0.0015389677246607448,0.0015389677246607448,1.0
L13H3,L16H6,0.0,0.0015364543224301132,0.0,0.0015364543224301132,0.0015364543224301132,1.0
L14H5,L16H4,0.0,0.0015336756234072637,0.0,0.0015336756234072637,0.0015336756234072637,1.0
L12H6,L14H5,0.0,0.001531214306310637,0.0,0.001531214306310637,0.001531214306310637,1.0
L5H13,L13H9,0.0015253181273966073,0.0,0.0,0.0015253181273966073,-0.0015253181273966073,-1.0
MLP4,L5H8,0.0015236620587910383,0.0,0.0,0.0015236620587910383,-0.0015236620587910383,-1.0
L18H14,L19H6,0.0015198833044746752,0.0,0.0,0.0015198833044746752,-0.0015198833044746752,-1.0
L3H14,L21H1,0.0015163162775352216,0.0,0.0,0.0015163162775352216,-0.0015163162775352216,-1.0
L15H9,L17H2,0.0,0.0015158328054212737,0.0,0.0015158328054212737,0.0015158328054212737,1.0
L10H2,L11H1,0.0,0.0015131458409380712,0.0,0.0015131458409380712,0.0015131458409380712,1.0
L13H2,L14H5,0.0,0.001498460550470238,0.0,0.001498460550470238,0.001498460550470238,1.0
MLP9,L19H6,0.0014948676333693942,0.0,0.0,0.0014948676333693942,-0.0014948676333693942,-1.0
MLP10,MLP13,0.0014940833327243047,0.0,0.0,0.0014940833327243047,-0.0014940833327243047,-1.0
L4H11,MLP12,0.0014921794473762991,0.0,0.0,0.0014921794473762991,-0.0014921794473762991,-1.0
MLP7,L9H5,0.001485555765258523,0.0,0.0,0.001485555765258523,-0.001485555765258523,-1.0
L4H4,L6H0,0.0014847517288571735,0.0,0.0,0.0014847517288571735,-0.0014847517288571735,-1.0
L12H6,L16H6,0.001483198078191475,0.0,0.0,0.001483198078191475,-0.001483198078191475,-1.0
L5H13,L10H2,0.001477738586010104,0.0,0.0,0.001477738586010104,-0.001477738586010104,-1.0
MLP1,L9H7,0.0,0.0014755904359962332,0.0,0.0014755904359962332,0.0014755904359962332,1.0
L4H4,L13H3,0.0014736677910694611,0.0,0.0,0.0014736677910694611,-0.0014736677910694611,-1.0
L6H0,L13H2,0.0,0.0014721786278521693,0.0,0.0014721786278521693,0.0014721786278521693,1.0
L20H5,MLP25,0.0,0.0014697529728846456,0.0,0.0014697529728846456,0.0014697529728846456,1.0
L11H2,L21H12,0.0014687354988554464,0.0,0.0,0.0014687354988554464,-0.0014687354988554464,-1.0
MLP5,L16H6,0.0,0.0014545364068496245,0.0,0.0014545364068496245,0.0014545364068496245,1.0
L6H8,L12H6,0.0,0.0014532724201947985,0.0,0.0014532724201947985,0.0014532724201947985,1.0
L5H1,MLP12,0.0,0.0014479758410582606,0.0,0.0014479758410582606,0.0014479758410582606,1.0
L3H15,L4H4,0.0014472617806639341,0.0,0.0,0.0014472617806639341,-0.0014472617806639341,-1.0
L6H14,L21H12,0.0014364182394429918,0.0,0.0,0.0014364182394429918,-0.0014364182394429918,-1.0
L3H15,L6H0,0.001423691114068737,0.0,0.0,0.001423691114068737,-0.001423691114068737,-1.0
L6H14,L10H2,0.0014217333367281082,0.0,0.0,0.0014217333367281082,-0.0014217333367281082,-1.0
L5H8,L12H6,0.0014160367533375346,0.0,0.0,0.0014160367533375346,-0.0014160367533375346,-1.0
L12H6,L18H14,0.0014000442763680353,0.0,0.0,0.0014000442763680353,-0.0014000442763680353,-1.0
L4H4,L5H5,0.0013967170052814374,0.0,0.0,0.0013967170052814374,-0.0013967170052814374,-1.0
L13H11,L15H5,0.0,0.0013929864129626252,0.0,0.0013929864129626252,0.0013929864129626252,1.0
Input Embed,L6H4,0.0013916018583866032,0.0,0.0,0.0013916018583866032,-0.0013916018583866032,-1.0
L6H4,L13H6,0.0013916018583866032,0.0,0.0,0.0013916018583866032,-0.0013916018583866032,-1.0
L11H4,L13H2,0.0,0.0013671272163767122,0.0,0.0013671272163767122,0.0013671272163767122,1.0
L5H5,L6H14,0.0013621239103345569,0.0,0.0,0.0013621239103345569,-0.0013621239103345569,-1.0
L13H2,L16H13,0.0,0.0013592542608387354,0.0,0.0013592542608387354,0.0013592542608387354,1.0
MLP12,L17H4,0.0,0.001355375445058797,0.0,0.001355375445058797,0.001355375445058797,1.0
MLP13,L17H4,0.0,0.001355375445058797,0.0,0.001355375445058797,0.001355375445058797,1.0
Input Embed,L3H1,0.001330475478984766,0.0,0.0,0.001330475478984766,-0.001330475478984766,-1.0
L3H1,MLP7,0.001330475478984766,0.0,0.0,0.001330475478984766,-0.001330475478984766,-1.0
MLP5,L13H11,0.0,0.0013189915908311852,0.0,0.0013189915908311852,0.0013189915908311852,1.0
L17H8,L23H6,0.001305427936433918,0.0,0.0,0.001305427936433918,-0.001305427936433918,-1.0
L13H3,L17H2,0.0012798069688721547,0.0,0.0,0.0012798069688721547,-0.0012798069688721547,-1.0
L4H4,L13H6,0.0012570072150922924,0.0,0.0,0.0012570072150922924,-0.0012570072150922924,-1.0
MLP1,L3H0,0.0011578913813228078,0.0,0.0,0.0011578913813228078,-0.0011578913813228078,-1.0
MLP2,MLP4,0.0011441899721283469,0.0,0.0,0.0011441899721283469,-0.0011441899721283469,-1.0
L11H5,L13H15,0.0,0.0008780082658885947,0.0,0.0008780082658885947,0.0008780082658885947,1.0
L13H15,L16H1,0.0,0.0008780082658885947,0.0,0.0008780082658885947,0.0008780082658885947,1.0
L15H5,L16H1,0.0,0.0008780082658885947,0.0,0.0008780082658885947,0.0008780082658885947,1.0
L16H1,L17H2,0.0,0.0008780082658885947,0.0,0.0008780082658885947,0.0008780082658885947,1.0
MLP2,L12H3,0.0,0.0008776145722903081,0.0,0.0008776145722903081,0.0008776145722903081,1.0
L9H3,L10H4,0.0,0.0008773820515722268,0.0,0.0008773820515722268,0.0008773820515722268,1.0
MLP5,L10H4,0.0,0.0008773820515722268,0.0,0.0008773820515722268,0.0008773820515722268,1.0
L13H13,L16H13,0.0,0.0008772562575262691,0.0,0.0008772562575262691,0.0008772562575262691,1.0
L20H14,MLP23,0.0,0.0008772343361558328,0.0,0.0008772343361558328,0.0008772343361558328,1.0
MLP12,L20H14,0.0,0.0008772343361558328,0.0,0.0008772343361558328,0.0008772343361558328,1.0
MLP15,L23H6,0.0,0.0008772337052964846,0.0,0.0008772337052964846,0.0008772337052964846,1.0
MLP15,L18H11,0.0,0.0008771291724747622,0.0,0.0008771291724747622,0.0008771291724747622,1.0
MLP3,L14H5,0.0,0.0008770049458364696,0.0,0.0008770049458364696,0.0008770049458364696,1.0
L15H2,MLP17,0.0,0.0008766880521574676,0.0,0.0008766880521574676,0.0008766880521574676,1.0
MLP14,L15H2,0.0,0.0008766880521574676,0.0,0.0008766880521574676,0.0008766880521574676,1.0
MLP9,L15H2,0.0,0.0008766880521574676,0.0,0.0008766880521574676,0.0008766880521574676,1.0
L13H11,L15H9,0.0,0.0008764856999056571,0.0,0.0008764856999056571,0.0008764856999056571,1.0
L15H9,L16H12,0.0,0.0008764856999056571,0.0,0.0008764856999056571,0.0008764856999056571,1.0
L9H15,L13H9,0.0,0.0008764508693696594,0.0,0.0008764508693696594,0.0008764508693696594,1.0
L13H10,MLP19,0.0,0.0008763257949938452,0.0,0.0008763257949938452,0.0008763257949938452,1.0
L6H0,MLP10,0.0,0.0008761096821669741,0.0,0.0008761096821669741,0.0008761096821669741,1.0
L12H0,L16H6,0.0,0.0008760886347526617,0.0,0.0008760886347526617,0.0008760886347526617,1.0
MLP1,L12H3,0.0,0.0008759849691330056,0.0,0.0008759849691330056,0.0008759849691330056,1.0
L9H8,L10H2,0.0,0.0008756348400705938,0.0,0.0008756348400705938,0.0008756348400705938,1.0
L9H8,MLP10,0.0,0.0008756348400705938,0.0,0.0008756348400705938,0.0008756348400705938,1.0
MLP14,L17H15,0.0,0.0008755480593135343,0.0,0.0008755480593135343,0.0008755480593135343,1.0
MLP8,L17H14,0.0,0.000875476669963777,0.0,0.000875476669963777,0.000875476669963777,1.0
L12H13,L13H10,0.0,0.000875350885077112,0.0,0.000875350885077112,0.000875350885077112,1.0
L9H5,L13H13,0.0,0.0008748465598779251,0.0,0.0008748465598779251,0.0008748465598779251,1.0
L9H8,L11H1,0.0,0.000874721368143504,0.0,0.000874721368143504,0.000874721368143504,1.0
L9H8,L16H13,0.0,0.000874721368143504,0.0,0.000874721368143504,0.000874721368143504,1.0
L9H8,L16H8,0.0,0.000874721368143504,0.0,0.000874721368143504,0.000874721368143504,1.0
L9H8,L16H9,0.0,0.000874721368143504,0.0,0.000874721368143504,0.000874721368143504,1.0
L8H3,L13H9,0.0,0.000874706911816517,0.0,0.000874706911816517,0.000874706911816517,1.0
L12H0,MLP27,0.0,0.0008746370384258971,0.0,0.0008746370384258971,0.0008746370384258971,1.0
MLP6,L11H6,0.0,0.0008744773602641497,0.0,0.0008744773602641497,0.0008744773602641497,1.0
MLP8,L11H4,0.0,0.0008744535425590377,0.0,0.0008744535425590377,0.0008744535425590377,1.0
L20H10,L21H1,0.0,0.0008743930030019408,0.0,0.0008743930030019408,0.0008743930030019408,1.0
MLP18,L20H10,0.0,0.0008743930030019408,0.0,0.0008743930030019408,0.0008743930030019408,1.0
MLP19,L20H10,0.0,0.0008743930030019408,0.0,0.0008743930030019408,0.0008743930030019408,1.0
L16H6,L17H11,0.0,0.0008743309111485082,0.0,0.0008743309111485082,0.0008743309111485082,1.0
MLP12,L17H11,0.0,0.0008743309111485082,0.0,0.0008743309111485082,0.0008743309111485082,1.0
MLP0,L13H11,0.0,0.0008741147466525517,0.0,0.0008741147466525517,0.0008741147466525517,1.0
L12H13,L16H13,0.0,0.0008741104850688223,0.0,0.0008741104850688223,0.0008741104850688223,1.0
MLP15,L16H6,0.0,0.0008736855615866237,0.0,0.0008736855615866237,0.0008736855615866237,1.0
L11H9,L16H8,0.0,0.0008734105091796958,0.0,0.0008734105091796958,0.0008734105091796958,1.0
MLP8,L14H13,0.0,0.0008732314990570262,0.0,0.0008732314990570262,0.0008732314990570262,1.0
L9H12,L11H1,0.0,0.0008728168409647501,0.0,0.0008728168409647501,0.0008728168409647501,1.0
L9H12,L16H8,0.0,0.0008728168409647501,0.0,0.0008728168409647501,0.0008728168409647501,1.0
L9H12,L16H9,0.0,0.0008728168409647501,0.0,0.0008728168409647501,0.0008728168409647501,1.0
L21H12,MLP25,0.0,0.0008726687751099423,0.0,0.0008726687751099423,0.0008726687751099423,1.0
MLP25,MLP27,0.0,0.0008726687751099423,0.0,0.0008726687751099423,0.0008726687751099423,1.0
L11H6,MLP12,0.0,0.0008724867707326634,0.0,0.0008724867707326634,0.0008724867707326634,1.0
MLP4,L11H6,0.0,0.0008724867707326634,0.0,0.0008724867707326634,0.0008724867707326634,1.0
L18H13,MLP27,0.0,0.0008717445713431988,0.0,0.0008717445713431988,0.0008717445713431988,1.0
L11H5,L12H10,0.0,0.0008714398009514466,0.0,0.0008714398009514466,0.0008714398009514466,1.0
L9H2,L13H6,0.0,0.0008706106692053404,0.0,0.0008706106692053404,0.0008706106692053404,1.0
MLP1,L9H2,0.0,0.0008706106692053404,0.0,0.0008706106692053404,0.0008706106692053404,1.0
L16H9,L23H6,0.0,0.0008705757356408438,0.0,0.0008705757356408438,0.0008705757356408438,1.0
L13H2,L16H4,0.0,0.0008705227553387485,0.0,0.0008705227553387485,0.0008705227553387485,1.0
MLP14,L19H6,0.0,0.0008700861921396553,0.0,0.0008700861921396553,0.0008700861921396553,1.0
MLP6,L14H5,0.0,0.0008694363267646375,0.0,0.0008694363267646375,0.0008694363267646375,1.0
MLP7,L13H15,0.0,0.0008691086225225559,0.0,0.0008691086225225559,0.0008691086225225559,1.0
MLP14,L16H12,0.0,0.0008687685898640397,0.0,0.0008687685898640397,0.0008687685898640397,1.0
MLP14,L23H6,0.0,0.0008687125417973668,0.0,0.0008687125417973668,0.0008687125417973668,1.0
MLP14,L24H6,0.0,0.0008687125417973668,0.0,0.0008687125417973668,0.0008687125417973668,1.0
L11H0,MLP16,0.0,0.0008686215652253759,0.0,0.0008686215652253759,0.0008686215652253759,1.0
MLP4,L11H0,0.0,0.0008686215652253759,0.0,0.0008686215652253759,0.0008686215652253759,1.0
L16H5,MLP17,0.0,0.0008684199947226505,0.0,0.0008684199947226505,0.0008684199947226505,1.0
MLP12,L16H5,0.0,0.0008684199947226505,0.0,0.0008684199947226505,0.0008684199947226505,1.0
MLP13,L16H5,0.0,0.0008684199947226505,0.0,0.0008684199947226505,0.0008684199947226505,1.0
L18H12,MLP19,0.0,0.0008682337611060021,0.0,0.0008682337611060021,0.0008682337611060021,1.0
MLP16,L18H12,0.0,0.0008682337611060021,0.0,0.0008682337611060021,0.0008682337611060021,1.0
MLP17,L18H12,0.0,0.0008682337611060021,0.0,0.0008682337611060021,0.0008682337611060021,1.0
L15H5,L17H11,0.0,0.0008681033804849107,0.0,0.0008681033804849107,0.0008681033804849107,1.0
L15H5,MLP27,0.0,0.0008681033804849107,0.0,0.0008681033804849107,0.0008681033804849107,1.0
L17H11,MLP18,0.0,0.0008681033804849107,0.0,0.0008681033804849107,0.0008681033804849107,1.0
MLP4,L13H2,0.0,0.0008680971003712248,0.0,0.0008680971003712248,0.0008680971003712248,1.0
L13H15,L16H12,0.0,0.0008678985623427715,0.0,0.0008678985623427715,0.0008678985623427715,1.0
L13H15,L15H1,0.0008675668208971615,0.0,0.0,0.0008675668208971615,-0.0008675668208971615,-1.0
L15H1,L17H12,0.0008675668208971615,0.0,0.0,0.0008675668208971615,-0.0008675668208971615,-1.0
L15H1,L17H8,0.0008675668208971615,0.0,0.0,0.0008675668208971615,-0.0008675668208971615,-1.0
L15H1,MLP16,0.0008675668208971615,0.0,0.0,0.0008675668208971615,-0.0008675668208971615,-1.0
L15H1,MLP17,0.0008675668208971615,0.0,0.0,0.0008675668208971615,-0.0008675668208971615,-1.0
L3H2,L4H13,0.0008675668208971615,0.0,0.0,0.0008675668208971615,-0.0008675668208971615,-1.0
L9H3,L21H12,0.0008675668208971615,0.0,0.0,0.0008675668208971615,-0.0008675668208971615,-1.0
MLP1,L3H2,0.0008675668208971615,0.0,0.0,0.0008675668208971615,-0.0008675668208971615,-1.0
MLP11,L15H1,0.0008675668208971615,0.0,0.0,0.0008675668208971615,-0.0008675668208971615,-1.0
L6H8,L9H15,0.0008675435317894544,0.0,0.0,0.0008675435317894544,-0.0008675435317894544,-1.0
L3H14,L5H12,0.0008675430666946326,0.0,0.0,0.0008675430666946326,-0.0008675430666946326,-1.0
L5H12,MLP6,0.0008675430666946326,0.0,0.0,0.0008675430666946326,-0.0008675430666946326,-1.0
L6H7,L13H13,0.0008675429451841099,0.0,0.0,0.0008675429451841099,-0.0008675429451841099,-1.0
L13H2,L21H12,0.0008675428606815639,0.0,0.0,0.0008675428606815639,-0.0008675428606815639,-1.0
L4H12,L11H1,0.0008675397338734284,0.0,0.0,0.0008675397338734284,-0.0008675397338734284,-1.0
L6H5,L11H5,0.0008675345813676096,0.0,0.0,0.0008675345813676096,-0.0008675345813676096,-1.0
L5H5,MLP8,0.000867530682071249,0.0,0.0,0.000867530682071249,-0.000867530682071249,-1.0
L10H5,L13H3,0.0008675303072400347,0.0,0.0,0.0008675303072400347,-0.0008675303072400347,-1.0
MLP6,L8H3,0.0008675290728822517,0.0,0.0,0.0008675290728822517,-0.0008675290728822517,-1.0
L13H14,L21H1,0.0008675226941667692,0.0,0.0,0.0008675226941667692,-0.0008675226941667692,-1.0
MLP7,L13H11,0.0008675121383606753,0.0,0.0,0.0008675121383606753,-0.0008675121383606753,-1.0
MLP0,L9H13,0.0008675092927153168,0.0,0.0,0.0008675092927153168,-0.0008675092927153168,-1.0
L10H2,L17H8,0.0008675011210985774,0.0,0.0,0.0008675011210985774,-0.0008675011210985774,-1.0
MLP4,L9H13,0.0008674949573648083,0.0,0.0,0.0008674949573648083,-0.0008674949573648083,-1.0
Input Embed,L2H6,0.0008674940568192902,0.0,0.0,0.0008674940568192902,-0.0008674940568192902,-1.0
L2H6,MLP6,0.0008674940568192902,0.0,0.0,0.0008674940568192902,-0.0008674940568192902,-1.0
MLP3,L9H13,0.0008674877656844023,0.0,0.0,0.0008674877656844023,-0.0008674877656844023,-1.0
L5H13,MLP10,0.0008674796769084553,0.0,0.0,0.0008674796769084553,-0.0008674796769084553,-1.0
L16H6,MLP18,0.0008674715737658997,0.0,0.0,0.0008674715737658997,-0.0008674715737658997,-1.0
MLP2,L17H12,0.0008674641969613465,0.0,0.0,0.0008674641969613465,-0.0008674641969613465,-1.0
L3H14,L10H5,0.0008674621926978699,0.0,0.0,0.0008674621926978699,-0.0008674621926978699,-1.0
L4H12,L13H10,0.0008674544493150327,0.0,0.0,0.0008674544493150327,-0.0008674544493150327,-1.0
L4H12,L13H6,0.0008674544493150327,0.0,0.0,0.0008674544493150327,-0.0008674544493150327,-1.0
L4H15,L21H1,0.000867452426537866,0.0,0.0,0.000867452426537866,-0.000867452426537866,-1.0
L13H10,L17H12,0.0008674502073354955,0.0,0.0,0.0008674502073354955,-0.0008674502073354955,-1.0
MLP10,L12H3,0.0008674496503449709,0.0,0.0,0.0008674496503449709,-0.0008674496503449709,-1.0
L10H4,L12H0,0.0008674495936586853,0.0,0.0,0.0008674495936586853,-0.0008674495936586853,-1.0
L12H14,L21H12,0.000867443817636193,0.0,0.0,0.000867443817636193,-0.000867443817636193,-1.0
MLP11,L12H14,0.000867443817636193,0.0,0.0,0.000867443817636193,-0.000867443817636193,-1.0
MLP2,L12H14,0.000867443817636193,0.0,0.0,0.000867443817636193,-0.000867443817636193,-1.0
L11H9,L13H3,0.0008674302108063849,0.0,0.0,0.0008674302108063849,-0.0008674302108063849,-1.0
MLP1,L10H4,0.0008674262572032573,0.0,0.0,0.0008674262572032573,-0.0008674262572032573,-1.0
MLP1,L8H3,0.0008674262572032573,0.0,0.0,0.0008674262572032573,-0.0008674262572032573,-1.0
L16H4,L18H11,0.000867407560453425,0.0,0.0,0.000867407560453425,-0.000867407560453425,-1.0
L16H4,L20H14,0.000867407560453425,0.0,0.0,0.000867407560453425,-0.000867407560453425,-1.0
MLP5,L9H8,0.0008674040192189141,0.0,0.0,0.0008674040192189141,-0.0008674040192189141,-1.0
L13H10,MLP18,0.000867380385461254,0.0,0.0,0.000867380385461254,-0.000867380385461254,-1.0
MLP7,MLP9,0.000867380385461254,0.0,0.0,0.000867380385461254,-0.000867380385461254,-1.0
L12H3,L21H1,0.0008673767038033267,0.0,0.0,0.0008673767038033267,-0.0008673767038033267,-1.0
L11H8,L13H10,0.000867375706506221,0.0,0.0,0.000867375706506221,-0.000867375706506221,-1.0
L10H13,MLP17,0.0008673513607239357,0.0,0.0,0.0008673513607239357,-0.0008673513607239357,-1.0
MLP5,L10H13,0.0008673513607239357,0.0,0.0,0.0008673513607239357,-0.0008673513607239357,-1.0
L10H13,MLP13,0.0008673450058996619,0.0,0.0,0.0008673450058996619,-0.0008673450058996619,-1.0
MLP0,L10H13,0.0008673450058996619,0.0,0.0,0.0008673450058996619,-0.0008673450058996619,-1.0
L11H9,L16H13,0.0008673362315592296,0.0,0.0,0.0008673362315592296,-0.0008673362315592296,-1.0
L9H5,L16H13,0.0008673362315592296,0.0,0.0,0.0008673362315592296,-0.0008673362315592296,-1.0
L19H8,L21H12,0.0008673326477391044,0.0,0.0,0.0008673326477391044,-0.0008673326477391044,-1.0
MLP16,L19H8,0.0008673326477391044,0.0,0.0,0.0008673326477391044,-0.0008673326477391044,-1.0
MLP17,L19H8,0.0008673326477391044,0.0,0.0,0.0008673326477391044,-0.0008673326477391044,-1.0
MLP5,L12H14,0.0008673245365760435,0.0,0.0,0.0008673245365760435,-0.0008673245365760435,-1.0
L16H9,L18H3,0.0,0.0008673237973554139,0.0,0.0008673237973554139,0.0008673237973554139,1.0
MLP1,MLP3,0.0,0.0008673237973554139,0.0,0.0008673237973554139,0.0008673237973554139,1.0
L9H13,MLP16,0.0008673188501975911,0.0,0.0,0.0008673188501975911,-0.0008673188501975911,-1.0
L12H0,L21H12,0.0008673184939178504,0.0,0.0,0.0008673184939178504,-0.0008673184939178504,-1.0
L6H5,L9H3,0.0008673184939178504,0.0,0.0,0.0008673184939178504,-0.0008673184939178504,-1.0
L6H5,L13H10,0.0008673179831671729,0.0,0.0,0.0008673179831671729,-0.0008673179831671729,-1.0
L6H5,L13H13,0.0008673179831671729,0.0,0.0,0.0008673179831671729,-0.0008673179831671729,-1.0
L4H4,L12H10,0.0008673008732485191,0.0,0.0,0.0008673008732485191,-0.0008673008732485191,-1.0
L12H3,MLP13,0.0008672743237128468,0.0,0.0,0.0008672743237128468,-0.0008672743237128468,-1.0
MLP15,L20H14,0.0008672743237128468,0.0,0.0,0.0008672743237128468,-0.0008672743237128468,-1.0
L21H8,L24H6,0.000867263912244662,0.0,0.0,0.000867263912244662,-0.000867263912244662,-1.0
MLP17,L21H8,0.000867263912244662,0.0,0.0,0.000867263912244662,-0.000867263912244662,-1.0
MLP19,L21H8,0.000867263912244662,0.0,0.0,0.000867263912244662,-0.000867263912244662,-1.0
L12H6,L16H12,0.0008672582260144179,0.0,0.0,0.0008672582260144179,-0.0008672582260144179,-1.0
L9H3,L16H9,0.0008672248882060498,0.0,0.0,0.0008672248882060498,-0.0008672248882060498,-1.0
MLP5,L8H14,0.0008672248882060498,0.0,0.0,0.0008672248882060498,-0.0008672248882060498,-1.0
L9H5,MLP14,0.0008672160433408121,0.0,0.0,0.0008672160433408121,-0.0008672160433408121,-1.0
MLP2,L9H8,0.0008672160433408121,0.0,0.0,0.0008672160433408121,-0.0008672160433408121,-1.0
L16H12,L21H1,0.0008672034817479392,0.0,0.0,0.0008672034817479392,-0.0008672034817479392,-1.0
L9H13,L12H6,0.0008672027753714249,0.0,0.0,0.0008672027753714249,-0.0008672027753714249,-1.0
L9H13,MLP12,0.0008672027753714249,0.0,0.0,0.0008672027753714249,-0.0008672027753714249,-1.0
MLP5,L9H13,0.0008672027753714249,0.0,0.0,0.0008672027753714249,-0.0008672027753714249,-1.0
L10H4,L12H10,0.0,0.000867189673092303,0.0,0.000867189673092303,0.000867189673092303,1.0
L11H5,L13H6,0.0008671855659465719,0.0,0.0,0.0008671855659465719,-0.0008671855659465719,-1.0
L13H7,MLP16,0.0,0.0008671823972176431,0.0,0.0008671823972176431,0.0008671823972176431,1.0
L21H1,L22H1,0.0008671147098944694,0.0,0.0,0.0008671147098944694,-0.0008671147098944694,-1.0
L21H12,L22H1,0.0008671147098944694,0.0,0.0,0.0008671147098944694,-0.0008671147098944694,-1.0
L22H1,L24H6,0.0008671147098944694,0.0,0.0,0.0008671147098944694,-0.0008671147098944694,-1.0
L14H13,MLP15,0.0008671121538531193,0.0,0.0,0.0008671121538531193,-0.0008671121538531193,-1.0
L4H11,MLP16,0.0008671089726400001,0.0,0.0,0.0008671089726400001,-0.0008671089726400001,-1.0
MLP2,L8H14,0.0008671089726400001,0.0,0.0,0.0008671089726400001,-0.0008671089726400001,-1.0
L15H9,L21H12,0.0008671024719188793,0.0,0.0,0.0008671024719188793,-0.0008671024719188793,-1.0
L12H14,L13H13,0.0008670821246809081,0.0,0.0,0.0008670821246809081,-0.0008670821246809081,-1.0
L12H14,MLP17,0.0008670821246809081,0.0,0.0,0.0008670821246809081,-0.0008670821246809081,-1.0
L2H14,L12H14,0.0008670821246809081,0.0,0.0,0.0008670821246809081,-0.0008670821246809081,-1.0
L2H15,MLP16,0.0008670719767135054,0.0,0.0,0.0008670719767135054,-0.0008670719767135054,-1.0
MLP9,L12H3,0.0008670716845976945,0.0,0.0,0.0008670716845976945,-0.0008670716845976945,-1.0
L4H13,L12H6,0.0008670423431873558,0.0,0.0,0.0008670423431873558,-0.0008670423431873558,-1.0
L17H14,L21H1,0.0008670258950698292,0.0,0.0,0.0008670258950698292,-0.0008670258950698292,-1.0
MLP4,L9H6,0.0008670144810055769,0.0,0.0,0.0008670144810055769,-0.0008670144810055769,-1.0
L5H12,L21H12,0.000866986936824166,0.0,0.0,0.000866986936824166,-0.000866986936824166,-1.0
MLP3,L4H12,0.0008669251923889633,0.0,0.0,0.0008669251923889633,-0.0008669251923889633,-1.0
L4H11,L11H5,0.0008669199186821491,0.0,0.0,0.0008669199186821491,-0.0008669199186821491,-1.0
L5H5,MLP10,0.0008669194966364851,0.0,0.0,0.0008669194966364851,-0.0008669194966364851,-1.0
MLP16,L25H0,0.0,0.0008668681602753862,0.0,0.0008668681602753862,0.0008668681602753862,1.0
L18H3,L21H1,0.0008668215368996974,0.0,0.0,0.0008668215368996974,-0.0008668215368996974,-1.0
L18H3,MLP21,0.0008668215368996974,0.0,0.0,0.0008668215368996974,-0.0008668215368996974,-1.0
L6H0,L13H10,0.000866802110390207,0.0,0.0,0.000866802110390207,-0.000866802110390207,-1.0
L1H13,L2H15,0.0008668005732023491,0.0,0.0,0.0008668005732023491,-0.0008668005732023491,-1.0
L15H4,L16H9,0.0,0.0008667919252775605,0.0,0.0008667919252775605,0.0008667919252775605,1.0
L15H4,MLP17,0.0,0.0008667919252775605,0.0,0.0008667919252775605,0.0008667919252775605,1.0
MLP3,L15H4,0.0,0.0008667919252775605,0.0,0.0008667919252775605,0.0008667919252775605,1.0
MLP7,L15H4,0.0,0.0008667919252775605,0.0,0.0008667919252775605,0.0008667919252775605,1.0
MLP7,L17H14,0.0,0.0008667919252775605,0.0,0.0008667919252775605,0.0008667919252775605,1.0
MLP4,L8H10,0.0008667568872495079,0.0,0.0,0.0008667568872495079,-0.0008667568872495079,-1.0
L15H5,L21H12,0.0008667449539378067,0.0,0.0,0.0008667449539378067,-0.0008667449539378067,-1.0
L9H13,MLP17,0.0008667233364932022,0.0,0.0,0.0008667233364932022,-0.0008667233364932022,-1.0
MLP2,L9H13,0.0008667233364932022,0.0,0.0,0.0008667233364932022,-0.0008667233364932022,-1.0
L5H13,L11H9,0.0008667141912836703,0.0,0.0,0.0008667141912836703,-0.0008667141912836703,-1.0
L2H14,L6H9,0.0008667013020644882,0.0,0.0,0.0008667013020644882,-0.0008667013020644882,-1.0
L6H9,L9H3,0.0008667013020644882,0.0,0.0,0.0008667013020644882,-0.0008667013020644882,-1.0
MLP17,L23H14,0.0008666345240969692,0.0,0.0,0.0008666345240969692,-0.0008666345240969692,-1.0
MLP0,L6H15,0.0008666336364770388,0.0,0.0,0.0008666336364770388,-0.0008666336364770388,-1.0
L4H4,L12H13,0.0008666215606890882,0.0,0.0,0.0008666215606890882,-0.0008666215606890882,-1.0
MLP9,L21H1,0.0008666032094835834,0.0,0.0,0.0008666032094835834,-0.0008666032094835834,-1.0
MLP9,L21H12,0.0008666032094835834,0.0,0.0,0.0008666032094835834,-0.0008666032094835834,-1.0
MLP7,L9H12,0.0008665902390898837,0.0,0.0,0.0008665902390898837,-0.0008665902390898837,-1.0
MLP1,L17H1,0.0008665687105242329,0.0,0.0,0.0008665687105242329,-0.0008665687105242329,-1.0
MLP1,L17H8,0.0008665687105242329,0.0,0.0,0.0008665687105242329,-0.0008665687105242329,-1.0
MLP7,MLP17,0.0008665687105242329,0.0,0.0,0.0008665687105242329,-0.0008665687105242329,-1.0
MLP3,L6H7,0.0008664941769994783,0.0,0.0,0.0008664941769994783,-0.0008664941769994783,-1.0
MLP3,L12H3,0.0,0.0008664799088652577,0.0,0.0008664799088652577,0.0008664799088652577,1.0
L9H8,L13H3,0.0008664630311341087,0.0,0.0,0.0008664630311341087,-0.0008664630311341087,-1.0
MLP5,L12H10,0.0008663551353931152,0.0,0.0,0.0008663551353931152,-0.0008663551353931152,-1.0
MLP4,L12H14,0.0008663528747858315,0.0,0.0,0.0008663528747858315,-0.0008663528747858315,-1.0
L3H0,L11H1,0.0008663377872939257,0.0,0.0,0.0008663377872939257,-0.0008663377872939257,-1.0
L3H0,L4H4,0.0008663377872939257,0.0,0.0,0.0008663377872939257,-0.0008663377872939257,-1.0
L2H15,L5H5,0.0008663072977092364,0.0,0.0,0.0008663072977092364,-0.0008663072977092364,-1.0
MLP4,L10H4,0.0008662205324871649,0.0,0.0,0.0008662205324871649,-0.0008662205324871649,-1.0
L1H13,MLP3,0.0008661450272116934,0.0,0.0,0.0008661450272116934,-0.0008661450272116934,-1.0
L8H10,L9H2,0.0,0.0008661321439282758,0.0,0.0008661321439282758,0.0008661321439282758,1.0
L9H2,MLP10,0.0,0.0008661321439282758,0.0,0.0008661321439282758,0.0008661321439282758,1.0
L9H2,MLP15,0.0,0.0008661321439282758,0.0,0.0008661321439282758,0.0008661321439282758,1.0
L9H2,MLP16,0.0,0.0008661321439282758,0.0,0.0008661321439282758,0.0008661321439282758,1.0
MLP10,MLP15,0.0,0.0008661321439282758,0.0,0.0008661321439282758,0.0008661321439282758,1.0
L20H4,MLP27,0.0,0.0008661162059786515,0.0,0.0008661162059786515,0.0008661162059786515,1.0
MLP13,L20H4,0.0,0.0008661162059786515,0.0,0.0008661162059786515,0.0008661162059786515,1.0
MLP17,L20H4,0.0,0.0008661162059786515,0.0,0.0008661162059786515,0.0008661162059786515,1.0
MLP1,L6H5,0.0008660869868667249,0.0,0.0,0.0008660869868667249,-0.0008660869868667249,-1.0
MLP22,MLP23,0.0,0.0008659947250145839,0.0,0.0008659947250145839,0.0008659947250145839,1.0
L2H14,L3H2,0.0008656865576905502,0.0,0.0,0.0008656865576905502,-0.0008656865576905502,-1.0
L3H2,MLP6,0.0008656865576905502,0.0,0.0,0.0008656865576905502,-0.0008656865576905502,-1.0
L11H8,L15H9,0.0,0.0008655604368511463,0.0,0.0008655604368511463,0.0008655604368511463,1.0
L11H4,MLP15,0.0008654929962903062,0.0,0.0,0.0008654929962903062,-0.0008654929962903062,-1.0
L11H4,MLP20,0.0008654929962903062,0.0,0.0,0.0008654929962903062,-0.0008654929962903062,-1.0
MLP15,L17H1,0.0008654929962903062,0.0,0.0,0.0008654929962903062,-0.0008654929962903062,-1.0
L10H2,L13H11,0.0008652385463897443,0.0,0.0,0.0008652385463897443,-0.0008652385463897443,-1.0
L8H3,MLP10,0.0008651647750546192,0.0,0.0,0.0008651647750546192,-0.0008651647750546192,-1.0
MLP14,L17H1,0.0008649666913490793,0.0,0.0,0.0008649666913490793,-0.0008649666913490793,-1.0
MLP11,MLP21,0.0008649415911904415,0.0,0.0,0.0008649415911904415,-0.0008649415911904415,-1.0
L4H15,L11H5,0.0008649093123686714,0.0,0.0,0.0008649093123686714,-0.0008649093123686714,-1.0
L25H9,Residual Output: decision,0.0,0.0008646493206018294,0.0,0.0008646493206018294,0.0008646493206018294,1.0
MLP16,L25H9,0.0,0.0008646493206018294,0.0,0.0008646493206018294,0.0008646493206018294,1.0
MLP17,L25H9,0.0,0.0008646493206018294,0.0,0.0008646493206018294,0.0008646493206018294,1.0
L12H14,L15H5,0.0008641916641530081,0.0,0.0,0.0008641916641530081,-0.0008641916641530081,-1.0
MLP8,L10H4,0.0008638865317813647,0.0,0.0,0.0008638865317813647,-0.0008638865317813647,-1.0
L11H4,MLP27,0.0,0.0008635784753692138,0.0,0.0008635784753692138,0.0008635784753692138,1.0
MLP9,L16H12,0.0008631351394202229,0.0,0.0,0.0008631351394202229,-0.0008631351394202229,-1.0
L11H9,L16H9,0.0008630482437049887,0.0,0.0,0.0008630482437049887,-0.0008630482437049887,-1.0
L6H15,L9H2,0.0008629773330389187,0.0,0.0,0.0008629773330389187,-0.0008629773330389187,-1.0
L6H15,L9H8,0.0008629773330389187,0.0,0.0,0.0008629773330389187,-0.0008629773330389187,-1.0
MLP4,L6H15,0.0008629773330389187,0.0,0.0,0.0008629773330389187,-0.0008629773330389187,-1.0
MLP4,L9H2,0.0008629773330389187,0.0,0.0,0.0008629773330389187,-0.0008629773330389187,-1.0
MLP4,L9H8,0.0008629773330389187,0.0,0.0,0.0008629773330389187,-0.0008629773330389187,-1.0
L16H5,MLP19,0.0,0.000862968797028394,0.0,0.000862968797028394,0.000862968797028394,1.0
MLP11,L16H5,0.0,0.000862968797028394,0.0,0.000862968797028394,0.000862968797028394,1.0
MLP5,L16H5,0.0,0.000862968797028394,0.0,0.000862968797028394,0.000862968797028394,1.0
L9H7,L10H5,0.0,0.0008628288692837237,0.0,0.0008628288692837237,0.0008628288692837237,1.0
L3H15,L6H8,0.0008627619110654259,0.0,0.0,0.0008627619110654259,-0.0008627619110654259,-1.0
MLP2,L3H15,0.0008627619110654259,0.0,0.0,0.0008627619110654259,-0.0008627619110654259,-1.0
L23H6,L26H0,0.0,0.0008623672306801426,0.0,0.0008623672306801426,0.0008623672306801426,1.0
L26H0,Residual Output: decision,0.0,0.0008623672306801426,0.0,0.0008623672306801426,0.0008623672306801426,1.0
MLP11,L17H14,0.0,0.0008623672306801426,0.0,0.0008623672306801426,0.0008623672306801426,1.0
MLP17,L26H0,0.0,0.0008623672306801426,0.0,0.0008623672306801426,0.0008623672306801426,1.0
L4H12,MLP6,0.0008622893986803491,0.0,0.0,0.0008622893986803491,-0.0008622893986803491,-1.0
L11H5,MLP27,0.0008622061452282656,0.0,0.0,0.0008622061452282656,-0.0008622061452282656,-1.0
L11H8,MLP27,0.0008622061452282656,0.0,0.0,0.0008622061452282656,-0.0008622061452282656,-1.0
L13H9,L17H14,0.0008620555374363865,0.0,0.0,0.0008620555374363865,-0.0008620555374363865,-1.0
L16H13,L20H14,0.0008620555374363865,0.0,0.0,0.0008620555374363865,-0.0008620555374363865,-1.0
L8H10,L11H5,0.0008619566898923673,0.0,0.0,0.0008619566898923673,-0.0008619566898923673,-1.0
L6H7,L9H3,0.0008615100191160465,0.0,0.0,0.0008615100191160465,-0.0008615100191160465,-1.0
MLP2,L9H6,0.0008614360880233594,0.0,0.0,0.0008614360880233594,-0.0008614360880233594,-1.0
L9H2,L13H3,0.0008613385117944369,0.0,0.0,0.0008613385117944369,-0.0008613385117944369,-1.0
L10H5,L13H9,0.0,0.0008612809615793212,0.0,0.0008612809615793212,0.0008612809615793212,1.0
MLP3,L10H4,0.0008610589896024586,0.0,0.0,0.0008610589896024586,-0.0008610589896024586,-1.0
L10H13,L16H13,0.0,0.0008601165257217619,0.0,0.0008601165257217619,0.0008601165257217619,1.0
L10H13,L16H4,0.0,0.0008601165257217619,0.0,0.0008601165257217619,0.0008601165257217619,1.0
L6H0,L10H13,0.0,0.0008601165257217619,0.0,0.0008601165257217619,0.0008601165257217619,1.0
MLP12,L16H1,0.0,0.0008600761891152989,0.0,0.0008600761891152989,0.0008600761891152989,1.0
MLP2,L16H1,0.0,0.0008600761891152989,0.0,0.0008600761891152989,0.0008600761891152989,1.0
L9H13,L11H8,0.0008600413963822562,0.0,0.0,0.0008600413963822562,-0.0008600413963822562,-1.0
MLP6,L9H13,0.0008600413963822562,0.0,0.0,0.0008600413963822562,-0.0008600413963822562,-1.0
L16H4,L17H14,0.0,0.00085908138223323,0.0,0.00085908138223323,0.00085908138223323,1.0
MLP2,L9H2,0.0,0.0008585419365064045,0.0,0.0008585419365064045,0.0008585419365064045,1.0
L5H12,MLP9,0.0008583950705964535,0.0,0.0,0.0008583950705964535,-0.0008583950705964535,-1.0
MLP4,L5H12,0.0008583950705964535,0.0,0.0,0.0008583950705964535,-0.0008583950705964535,-1.0
L17H15,MLP20,0.0,0.0008582674664297841,0.0,0.0008582674664297841,0.0008582674664297841,1.0
L5H5,L11H1,0.0008581552701168932,0.0,0.0,0.0008581552701168932,-0.0008581552701168932,-1.0
L9H12,MLP10,0.000857944571470889,0.0,0.0,0.000857944571470889,-0.000857944571470889,-1.0
L11H5,L15H11,0.0,0.0008572748465167464,0.0,0.0008572748465167464,0.0008572748465167464,1.0
L15H11,MLP16,0.0,0.0008572748465167464,0.0,0.0008572748465167464,0.0008572748465167464,1.0
MLP11,L15H11,0.0,0.0008572748465167464,0.0,0.0008572748465167464,0.0008572748465167464,1.0
L5H8,L6H0,0.0,0.0008572149036757141,0.0,0.0008572149036757141,0.0008572149036757141,1.0
L17H3,MLP27,0.0,0.0008566544434736762,0.0,0.0008566544434736762,0.0008566544434736762,1.0
MLP11,L17H3,0.0,0.0008566544434736762,0.0,0.0008566544434736762,0.0008566544434736762,1.0
MLP16,L17H3,0.0,0.0008566544434736762,0.0,0.0008566544434736762,0.0008566544434736762,1.0
MLP19,L21H0,0.0,0.0008566544434736762,0.0,0.0008566544434736762,0.0008566544434736762,1.0
MLP9,L13H2,0.0,0.0008553122668671166,0.0,0.0008553122668671166,0.0008553122668671166,1.0
MLP4,L14H13,0.0,0.0008552803294204074,0.0,0.0008552803294204074,0.0008552803294204074,1.0
L6H5,L9H5,0.0008546701571356846,0.0,0.0,0.0008546701571356846,-0.0008546701571356846,-1.0
L6H5,L9H7,0.0008546701571356846,0.0,0.0,0.0008546701571356846,-0.0008546701571356846,-1.0
L9H5,L21H12,0.0008546701571356846,0.0,0.0,0.0008546701571356846,-0.0008546701571356846,-1.0
MLP9,L14H13,0.0,0.0008543342297505231,0.0,0.0008543342297505231,0.0008543342297505231,1.0
L5H12,L13H13,0.0008536215331034774,0.0,0.0,0.0008536215331034774,-0.0008536215331034774,-1.0
L5H12,L13H6,0.0008536215331034774,0.0,0.0,0.0008536215331034774,-0.0008536215331034774,-1.0
L17H8,L18H11,0.0008524202462604491,0.0,0.0,0.0008524202462604491,-0.0008524202462604491,-1.0
L3H14,L6H8,0.0008524202462604491,0.0,0.0,0.0008524202462604491,-0.0008524202462604491,-1.0
MLP21,L23H14,0.0008523912220253361,0.0,0.0,0.0008523912220253361,-0.0008523912220253361,-1.0
MLP0,L14H13,0.0,0.0008522026470457134,0.0,0.0008522026470457134,0.0008522026470457134,1.0
MLP3,L16H6,0.0,0.0008517902383503178,0.0,0.0008517902383503178,0.0008517902383503178,1.0
L2H14,L3H0,0.0,0.0008511642322909921,0.0,0.0008511642322909921,0.0008511642322909921,1.0
MLP0,L11H4,0.0,0.0008509573111744026,0.0,0.0008509573111744026,0.0008509573111744026,1.0
L12H6,L17H14,0.0,0.0008505714634325044,0.0,0.0008505714634325044,0.0008505714634325044,1.0
L16H9,L24H6,0.0,0.0008502647531074353,0.0,0.0008502647531074353,0.0008502647531074353,1.0
L4H4,L21H12,0.0008497532905146739,0.0,0.0,0.0008497532905146739,-0.0008497532905146739,-1.0
L8H10,L11H1,0.0,0.0008496641107141729,0.0,0.0008496641107141729,0.0008496641107141729,1.0
MLP9,L10H5,0.0,0.0008496111599139278,0.0,0.0008496111599139278,0.0008496111599139278,1.0
L24H6,L26H9,0.0,0.000849011956429838,0.0,0.000849011956429838,0.000849011956429838,1.0
L24H6,L27H15,0.0,0.000849011956429838,0.0,0.000849011956429838,0.000849011956429838,1.0
L11H5,L13H2,0.0,0.0008481747178900042,0.0,0.0008481747178900042,0.0008481747178900042,1.0
L11H5,L16H9,0.0,0.0008481747178900042,0.0,0.0008481747178900042,0.0008481747178900042,1.0
L2H14,L13H2,0.0,0.0008481747178900042,0.0,0.0008481747178900042,0.0008481747178900042,1.0
L2H15,L5H4,0.0008467201127082307,0.0,0.0,0.0008467201127082307,-0.0008467201127082307,-1.0
L5H4,L11H5,0.0008467201127082307,0.0,0.0,0.0008467201127082307,-0.0008467201127082307,-1.0
L5H4,MLP11,0.0008467201127082307,0.0,0.0,0.0008467201127082307,-0.0008467201127082307,-1.0
MLP3,L5H4,0.0008467201127082307,0.0,0.0,0.0008467201127082307,-0.0008467201127082307,-1.0
L4H4,L5H13,0.0008457016567517554,0.0,0.0,0.0008457016567517554,-0.0008457016567517554,-1.0
L5H13,L21H12,0.0008457016567517554,0.0,0.0,0.0008457016567517554,-0.0008457016567517554,-1.0
L3H14,L9H3,0.000845580020280091,0.0,0.0,0.000845580020280091,-0.000845580020280091,-1.0
L5H13,L13H10,0.0008453613676291424,0.0,0.0,0.0008453613676291424,-0.0008453613676291424,-1.0
L6H15,L11H9,0.0008438294377548619,0.0,0.0,0.0008438294377548619,-0.0008438294377548619,-1.0
L4H13,MLP7,0.0008427693911932293,0.0,0.0,0.0008427693911932293,-0.0008427693911932293,-1.0
MLP3,L4H13,0.0008427693911932293,0.0,0.0,0.0008427693911932293,-0.0008427693911932293,-1.0
L9H15,L11H8,0.0008390506406195602,0.0,0.0,0.0008390506406195602,-0.0008390506406195602,-1.0
L10H2,L16H9,0.0008387719661795547,0.0,0.0,0.0008387719661795547,-0.0008387719661795547,-1.0
MLP8,L13H13,0.0,0.0008376249798131571,0.0,0.0008376249798131571,0.0008376249798131571,1.0
MLP10,MLP19,0.0008372200614592158,0.0,0.0,0.0008372200614592158,-0.0008372200614592158,-1.0
MLP1,L9H15,0.0,0.0008360197140439275,0.0,0.0008360197140439275,0.0008360197140439275,1.0
L3H14,L9H15,0.0008358105175080429,0.0,0.0,0.0008358105175080429,-0.0008358105175080429,-1.0
L9H15,L11H1,0.0008358105175080429,0.0,0.0,0.0008358105175080429,-0.0008358105175080429,-1.0
L4H13,L6H4,0.0008356362426000008,0.0,0.0,0.0008356362426000008,-0.0008356362426000008,-1.0
L6H4,L9H3,0.0008356362426000008,0.0,0.0,0.0008356362426000008,-0.0008356362426000008,-1.0
L6H5,L9H15,0.0008353587966522361,0.0,0.0,0.0008353587966522361,-0.0008353587966522361,-1.0
L11H9,L12H3,0.0008339452720406648,0.0,0.0,0.0008339452720406648,-0.0008339452720406648,-1.0
L12H3,L16H4,0.0008339452720406648,0.0,0.0,0.0008339452720406648,-0.0008339452720406648,-1.0
MLP8,MLP16,0.0008335534138968518,0.0,0.0,0.0008335534138968518,-0.0008335534138968518,-1.0
L6H9,MLP12,0.000833516260890029,0.0,0.0,0.000833516260890029,-0.000833516260890029,-1.0
MLP2,L5H12,0.0008333742656275923,0.0,0.0,0.0008333742656275923,-0.0008333742656275923,-1.0
L10H4,L11H1,0.0,0.0008331103833888253,0.0,0.0008331103833888253,0.0008331103833888253,1.0
L10H4,L16H1,0.0,0.0008331103833888253,0.0,0.0008331103833888253,0.0008331103833888253,1.0
L11H1,L16H1,0.0,0.0008331103833888253,0.0,0.0008331103833888253,0.0008331103833888253,1.0
L6H0,L13H6,0.0,0.0008311738603061139,0.0,0.0008311738603061139,0.0008311738603061139,1.0
L9H7,L11H1,0.0,0.0008310126900603485,0.0,0.0008310126900603485,0.0008310126900603485,1.0
L11H4,L13H9,0.0008302451807206916,0.0,0.0,0.0008302451807206916,-0.0008302451807206916,-1.0
MLP0,L11H6,0.0,0.0008292051609409791,0.0,0.0008292051609409791,0.0008292051609409791,1.0
L17H15,L21H1,0.0008289851233332252,0.0,0.0,0.0008289851233332252,-0.0008289851233332252,-1.0
L17H12,L19H6,0.0008289480269087199,0.0,0.0,0.0008289480269087199,-0.0008289480269087199,-1.0
MLP21,Residual Output: decision,0.0008287555314959113,0.0,0.0,0.0008287555314959113,-0.0008287555314959113,-1.0
L4H4,MLP8,0.000827583844901703,0.0,0.0,0.000827583844901703,-0.000827583844901703,-1.0
L6H0,MLP8,0.000827583844901703,0.0,0.0,0.000827583844901703,-0.000827583844901703,-1.0
MLP8,MLP11,0.000827583844901703,0.0,0.0,0.000827583844901703,-0.000827583844901703,-1.0
L16H12,MLP27,0.0,0.0008268880241768844,0.0,0.0008268880241768844,0.0008268880241768844,1.0
L8H10,MLP9,0.000826629119307066,0.0,0.0,0.000826629119307066,-0.000826629119307066,-1.0
MLP3,L17H1,0.000824885087353266,0.0,0.0,0.000824885087353266,-0.000824885087353266,-1.0
L11H2,L24H6,0.0008245691001744554,0.0,0.0,0.0008245691001744554,-0.0008245691001744554,-1.0
L2H15,L11H2,0.0008245691001744554,0.0,0.0,0.0008245691001744554,-0.0008245691001744554,-1.0
L4H11,L24H6,0.0008245691001744554,0.0,0.0,0.0008245691001744554,-0.0008245691001744554,-1.0
L12H13,MLP15,0.0,0.0008236472279037178,0.0,0.0008236472279037178,0.0008236472279037178,1.0
L12H13,L13H2,0.0,0.0008233379765169441,0.0,0.0008233379765169441,0.0008233379765169441,1.0
MLP4,L17H1,0.000822838107538277,0.0,0.0,0.000822838107538277,-0.000822838107538277,-1.0
MLP11,L23H6,0.0,0.0008226766608731553,0.0,0.0008226766608731553,0.0008226766608731553,1.0
MLP15,L17H15,0.0,0.0008226766608731553,0.0,0.0008226766608731553,0.0008226766608731553,1.0
L9H5,L21H1,0.0008219348394777073,0.0,0.0,0.0008219348394777073,-0.0008219348394777073,-1.0
L13H11,L14H5,0.0,0.0008218742645586917,0.0,0.0008218742645586917,0.0008218742645586917,1.0
L10H13,MLP11,0.0008218612597848498,0.0,0.0,0.0008218612597848498,-0.0008218612597848498,-1.0
L15H9,MLP27,0.0,0.0008217567195269424,0.0,0.0008217567195269424,0.0008217567195269424,1.0
L14H5,MLP15,0.0,0.0008211134896836962,0.0,0.0008211134896836962,0.0008211134896836962,1.0
MLP2,L14H13,0.0,0.0008211134896836962,0.0,0.0008211134896836962,0.0008211134896836962,1.0
L11H6,MLP15,0.0,0.000820379109899114,0.0,0.000820379109899114,0.000820379109899114,1.0
L1H13,MLP4,0.0008199025825037813,0.0,0.0,0.0008199025825037813,-0.0008199025825037813,-1.0
L14H13,MLP27,0.0,0.0008195525145559467,0.0,0.0008195525145559467,0.0008195525145559467,1.0
L3H0,L10H2,0.0,0.0008192434978234706,0.0,0.0008192434978234706,0.0008192434978234706,1.0
L3H0,MLP12,0.0,0.0008192434978234706,0.0,0.0008192434978234706,0.0008192434978234706,1.0
L4H11,L6H0,0.0008190937975002846,0.0,0.0,0.0008190937975002846,-0.0008190937975002846,-1.0
L11H4,L12H13,0.0,0.0008190843776175348,0.0,0.0008190843776175348,0.0008190843776175348,1.0
L12H13,MLP17,0.0,0.0008190843776175348,0.0,0.0008190843776175348,0.0008190843776175348,1.0
MLP3,MLP5,0.0,0.0008190843776175348,0.0,0.0008190843776175348,0.0008190843776175348,1.0
L10H13,MLP12,0.0008174205119429792,0.0,0.0,0.0008174205119429792,-0.0008174205119429792,-1.0
L8H3,L10H13,0.0008174205119429792,0.0,0.0,0.0008174205119429792,-0.0008174205119429792,-1.0
MLP14,MLP27,0.0,0.0008145315867094086,0.0,0.0008145315867094086,0.0008145315867094086,1.0
L3H15,L5H5,0.0008144904770389297,0.0,0.0,0.0008144904770389297,-0.0008144904770389297,-1.0
L3H15,MLP5,0.0008144904770389297,0.0,0.0,0.0008144904770389297,-0.0008144904770389297,-1.0
MLP12,MLP27,0.0,0.0008137006639651539,0.0,0.0008137006639651539,0.0008137006639651539,1.0
L13H10,L21H1,0.0008129332085838377,0.0,0.0,0.0008129332085838377,-0.0008129332085838377,-1.0
MLP2,L15H9,0.0,0.0008107568681512897,0.0,0.0008107568681512897,0.0008107568681512897,1.0
L5H13,L9H8,0.0008104101695579554,0.0,0.0,0.0008104101695579554,-0.0008104101695579554,-1.0
MLP6,L9H8,0.0008104101695579554,0.0,0.0,0.0008104101695579554,-0.0008104101695579554,-1.0
L9H3,L17H1,0.000809719285732904,0.0,0.0,0.000809719285732904,-0.000809719285732904,-1.0
L9H3,MLP17,0.000809719285732904,0.0,0.0,0.000809719285732904,-0.000809719285732904,-1.0
MLP4,L5H1,0.0008082133358342841,0.0,0.0,0.0008082133358342841,-0.0008082133358342841,-1.0
L3H14,MLP9,0.0,0.0008079945163423218,0.0,0.0008079945163423218,0.0008079945163423218,1.0
L17H2,L18H3,0.0,0.000805227327287299,0.0,0.000805227327287299,0.000805227327287299,1.0
L18H13,MLP19,0.0,0.000805227327287299,0.0,0.000805227327287299,0.000805227327287299,1.0
L12H6,L15H5,0.0,0.0008043481274958859,0.0,0.0008043481274958859,0.0008043481274958859,1.0
L4H15,MLP7,0.0,0.0008043481274958859,0.0,0.0008043481274958859,0.0008043481274958859,1.0
L9H3,L12H14,0.0,0.0008040532653944336,0.0,0.0008040532653944336,0.0008040532653944336,1.0
MLP1,L12H14,0.0,0.0008040532653944336,0.0,0.0008040532653944336,0.0008040532653944336,1.0
L6H5,L12H13,0.0008039149948614486,0.0,0.0,0.0008039149948614486,-0.0008039149948614486,-1.0
L13H2,MLP15,0.0,0.0008035941569528031,0.0,0.0008035941569528031,0.0008035941569528031,1.0
L13H3,L14H13,0.0,0.0008032988177656627,0.0,0.0008032988177656627,0.0008032988177656627,1.0
L13H9,L19H6,0.0008031635647490456,0.0,0.0,0.0008031635647490456,-0.0008031635647490456,-1.0
L13H9,L20H5,0.0008031635647490456,0.0,0.0,0.0008031635647490456,-0.0008031635647490456,-1.0
L13H9,MLP20,0.0008031635647490456,0.0,0.0,0.0008031635647490456,-0.0008031635647490456,-1.0
L17H8,L18H13,0.0008022379940223752,0.0,0.0,0.0008022379940223752,-0.0008022379940223752,-1.0
L18H13,L20H5,0.0008022379940223752,0.0,0.0,0.0008022379940223752,-0.0008022379940223752,-1.0
L18H13,MLP20,0.0008022379940223752,0.0,0.0,0.0008022379940223752,-0.0008022379940223752,-1.0
L5H13,MLP13,0.0008014933190587586,0.0,0.0,0.0008014933190587586,-0.0008014933190587586,-1.0
L12H6,MLP19,0.0,0.0008009234853228216,0.0,0.0008009234853228216,0.0008009234853228216,1.0
MLP8,MLP12,0.0,0.0007997520087668437,0.0,0.0007997520087668437,0.0007997520087668437,1.0
MLP2,L6H15,0.0007988248476283889,0.0,0.0,0.0007988248476283889,-0.0007988248476283889,-1.0
L6H7,L11H9,0.0007981082575134786,0.0,0.0,0.0007981082575134786,-0.0007981082575134786,-1.0
L9H7,L12H0,0.0,0.0007956039732828215,0.0,0.0007956039732828215,0.0007956039732828215,1.0
MLP19,L25H0,0.0,0.0007953744732323117,0.0,0.0007953744732323117,0.0007953744732323117,1.0
MLP17,MLP22,0.0,0.0007952872985081347,0.0,0.0007952872985081347,0.0007952872985081347,1.0
MLP1,L11H4,0.0,0.0007947393021378668,0.0,0.0007947393021378668,0.0007947393021378668,1.0
L10H2,L18H14,0.0007937919933778759,0.0,0.0,0.0007937919933778759,-0.0007937919933778759,-1.0
MLP1,L13H2,0.0,0.0007921442377630495,0.0,0.0007921442377630495,0.0007921442377630495,1.0
L11H9,L17H8,0.0007916313699965998,0.0,0.0,0.0007916313699965998,-0.0007916313699965998,-1.0
L5H8,L10H2,0.0007913113480637785,0.0,0.0,0.0007913113480637785,-0.0007913113480637785,-1.0
L10H2,L21H1,0.000790571046860297,0.0,0.0,0.000790571046860297,-0.000790571046860297,-1.0
MLP10,L19H6,0.000790571046860297,0.0,0.0,0.000790571046860297,-0.000790571046860297,-1.0
L3H15,L4H14,0.00078971120330036,0.0,0.0,0.00078971120330036,-0.00078971120330036,-1.0
L4H14,MLP9,0.00078971120330036,0.0,0.0,0.00078971120330036,-0.00078971120330036,-1.0
L12H3,L13H3,0.0007889241514254325,0.0,0.0,0.0007889241514254325,-0.0007889241514254325,-1.0
L3H15,L13H9,0.0007876556423084687,0.0,0.0,0.0007876556423084687,-0.0007876556423084687,-1.0
L5H5,MLP13,0.0007872458781131246,0.0,0.0,0.0007872458781131246,-0.0007872458781131246,-1.0
L5H8,L21H12,0.0007872458781131246,0.0,0.0,0.0007872458781131246,-0.0007872458781131246,-1.0
L6H0,L13H15,0.0,0.0007872146108958177,0.0,0.0007872146108958177,0.0007872146108958177,1.0
L14H13,L15H9,0.0,0.0007870911948362822,0.0,0.0007870911948362822,0.0007870911948362822,1.0
MLP6,L14H13,0.0,0.0007870911948362822,0.0,0.0007870911948362822,0.0007870911948362822,1.0
L15H9,L16H6,0.0,0.0007853531932059622,0.0,0.0007853531932059622,0.0007853531932059622,1.0
MLP8,L13H15,0.0007821238863889924,0.0,0.0,0.0007821238863889924,-0.0007821238863889924,-1.0
L13H2,L16H9,0.0,0.0007816050328322415,0.0,0.0007816050328322415,0.0007816050328322415,1.0
MLP0,L12H3,0.0,0.0007813301700048291,0.0,0.0007813301700048291,0.0007813301700048291,1.0
L5H1,L6H0,0.000780811514988025,0.0,0.0,0.000780811514988025,-0.000780811514988025,-1.0
MLP1,L5H1,0.000780811514988025,0.0,0.0,0.000780811514988025,-0.000780811514988025,-1.0
L6H0,L24H6,0.0007804035363499952,0.0,0.0,0.0007804035363499952,-0.0007804035363499952,-1.0
L13H13,L14H5,0.0,0.0007801799063601218,0.0,0.0007801799063601218,0.0007801799063601218,1.0
L9H7,L11H4,0.0,0.000780041916345397,0.0,0.000780041916345397,0.000780041916345397,1.0
L5H13,L6H15,0.0007794538404113467,0.0,0.0,0.0007794538404113467,-0.0007794538404113467,-1.0
L13H3,L17H1,0.0007779642800626937,0.0,0.0,0.0007779642800626937,-0.0007779642800626937,-1.0
L4H4,MLP10,0.0007779642800626937,0.0,0.0,0.0007779642800626937,-0.0007779642800626937,-1.0
L9H7,MLP17,0.0007768101710430107,0.0,0.0,0.0007768101710430107,-0.0007768101710430107,-1.0
L6H5,MLP13,0.0007760614669967394,0.0,0.0,0.0007760614669967394,-0.0007760614669967394,-1.0
L11H2,MLP16,0.0007754441481343985,0.0,0.0,0.0007754441481343985,-0.0007754441481343985,-1.0
L9H15,L11H2,0.0007754441481343985,0.0,0.0,0.0007754441481343985,-0.0007754441481343985,-1.0
L12H3,L13H11,0.0,0.0007753543334765088,0.0,0.0007753543334765088,0.0007753543334765088,1.0
L9H3,L13H15,0.000774784134735475,0.0,0.0,0.000774784134735475,-0.000774784134735475,-1.0
L10H2,MLP19,0.0007735845248978975,0.0,0.0,0.0007735845248978975,-0.0007735845248978975,-1.0
MLP2,L17H2,0.0007735845248978975,0.0,0.0,0.0007735845248978975,-0.0007735845248978975,-1.0
L3H15,L6H4,0.0007722237855022425,0.0,0.0,0.0007722237855022425,-0.0007722237855022425,-1.0
L6H4,MLP7,0.0007722237855022425,0.0,0.0,0.0007722237855022425,-0.0007722237855022425,-1.0
MLP4,L6H4,0.0007722237855022425,0.0,0.0,0.0007722237855022425,-0.0007722237855022425,-1.0
L20H14,MLP26,0.0,0.0007722179934256202,0.0,0.0007722179934256202,0.0007722179934256202,1.0
L4H15,L24H6,0.0007709822334144697,0.0,0.0,0.0007709822334144697,-0.0007709822334144697,-1.0
MLP5,L21H12,0.0007701397756218054,0.0,0.0,0.0007701397756218054,-0.0007701397756218054,-1.0
L3H14,L4H11,0.0007681316279577054,0.0,0.0,0.0007681316279577054,-0.0007681316279577054,-1.0
L19H6,L24H6,0.0007680281858591239,0.0,0.0,0.0007680281858591239,-0.0007680281858591239,-1.0
L3H15,MLP6,0.0007675427534158994,0.0,0.0,0.0007675427534158994,-0.0007675427534158994,-1.0
MLP13,MLP18,0.000767238100519848,0.0,0.0,0.000767238100519848,-0.000767238100519848,-1.0
MLP7,L10H13,0.0,0.0007655876127319877,0.0,0.0007655876127319877,0.0007655876127319877,1.0
L9H15,MLP10,0.0007641721199948651,0.0,0.0,0.0007641721199948651,-0.0007641721199948651,-1.0
L13H3,L24H6,0.000763494339116378,0.0,0.0,0.000763494339116378,-0.000763494339116378,-1.0
MLP0,L9H7,0.0,0.0007632859880396018,0.0,0.0007632859880396018,0.0007632859880396018,1.0
L4H4,MLP13,0.0007627901568124147,0.0,0.0,0.0007627901568124147,-0.0007627901568124147,-1.0
L4H15,L5H1,0.0007622742801051457,0.0,0.0,0.0007622742801051457,-0.0007622742801051457,-1.0
L5H1,MLP9,0.0007622742801051457,0.0,0.0,0.0007622742801051457,-0.0007622742801051457,-1.0
MLP10,L13H14,0.000762140014180411,0.0,0.0,0.000762140014180411,-0.000762140014180411,-1.0
L13H13,MLP27,0.0007615994950100205,0.0,0.0,0.0007615994950100205,-0.0007615994950100205,-1.0
L11H5,MLP19,0.0,0.0007615641535823158,0.0,0.0007615641535823158,0.0007615641535823158,1.0
L13H7,MLP27,0.0,0.0007604357564132165,0.0,0.0007604357564132165,0.0007604357564132165,1.0
L1H13,MLP6,0.0007603333929172201,0.0,0.0,0.0007603333929172201,-0.0007603333929172201,-1.0
L5H5,L13H6,0.0007599305311387751,0.0,0.0,0.0007599305311387751,-0.0007599305311387751,-1.0
L5H5,L13H9,0.0007599305311387751,0.0,0.0,0.0007599305311387751,-0.0007599305311387751,-1.0
L13H9,L14H5,0.0,0.0007575983883253146,0.0,0.0007575983883253146,0.0007575983883253146,1.0
L2H15,MLP8,0.0,0.0007575983883253146,0.0,0.0007575983883253146,0.0007575983883253146,1.0
MLP2,L13H2,0.0,0.0007575983883253146,0.0,0.0007575983883253146,0.0007575983883253146,1.0
L13H10,L16H13,0.0,0.0007571125454511966,0.0,0.0007571125454511966,0.0007571125454511966,1.0
L2H14,L11H2,0.0007569678492658138,0.0,0.0,0.0007569678492658138,-0.0007569678492658138,-1.0
L4H11,L21H12,0.0007569678492658138,0.0,0.0,0.0007569678492658138,-0.0007569678492658138,-1.0
L2H14,L13H14,0.0007568148165765597,0.0,0.0,0.0007568148165765597,-0.0007568148165765597,-1.0
L13H13,L17H1,0.0007503580128380288,0.0,0.0,0.0007503580128380288,-0.0007503580128380288,-1.0
L13H11,L21H1,0.0007500292099446444,0.0,0.0,0.0007500292099446444,-0.0007500292099446444,-1.0
L5H1,L12H6,0.0007500292099446444,0.0,0.0,0.0007500292099446444,-0.0007500292099446444,-1.0
L10H3,L11H1,0.0007496644617264885,0.0,0.0,0.0007496644617264885,-0.0007496644617264885,-1.0
L10H3,MLP11,0.0007496644617264885,0.0,0.0,0.0007496644617264885,-0.0007496644617264885,-1.0
L6H0,L10H3,0.0007496644617264885,0.0,0.0,0.0007496644617264885,-0.0007496644617264885,-1.0
MLP4,L10H3,0.0007496644617264885,0.0,0.0,0.0007496644617264885,-0.0007496644617264885,-1.0
L16H6,L17H12,0.0,0.0007470953975882087,0.0,0.0007470953975882087,0.0007470953975882087,1.0
MLP8,L16H6,0.0,0.0007470953975882087,0.0,0.0007470953975882087,0.0007470953975882087,1.0
MLP18,L27H15,0.0,0.0007455690054407602,0.0,0.0007455690054407602,0.0007455690054407602,1.0
L13H2,L17H12,0.0,0.0007449248358962826,0.0,0.0007449248358962826,0.0007449248358962826,1.0
L17H12,MLP23,0.0,0.0007449248358962826,0.0,0.0007449248358962826,0.0007449248358962826,1.0
L12H4,MLP17,0.0,0.0007408621621449235,0.0,0.0007408621621449235,0.0007408621621449235,1.0
MLP6,L12H4,0.0,0.0007408621621449235,0.0,0.0007408621621449235,0.0007408621621449235,1.0
MLP8,L12H4,0.0,0.0007408621621449235,0.0,0.0007408621621449235,0.0007408621621449235,1.0
MLP8,L14H5,0.0,0.0007408621621449235,0.0,0.0007408621621449235,0.0007408621621449235,1.0
L18H14,L19H5,0.0,0.0007373107086656994,0.0,0.0007373107086656994,0.0007373107086656994,1.0
L19H5,L21H12,0.0,0.0007373107086656994,0.0,0.0007373107086656994,0.0007373107086656994,1.0
MLP17,L19H5,0.0,0.0007373107086656994,0.0,0.0007373107086656994,0.0007373107086656994,1.0
L17H12,MLP22,0.0,0.0007371787237633387,0.0,0.0007371787237633387,0.0007371787237633387,1.0
L20H14,MLP22,0.0,0.0007371787237633387,0.0,0.0007371787237633387,0.0007371787237633387,1.0
L4H13,L11H8,0.0007312049473597071,0.0,0.0,0.0007312049473597071,-0.0007312049473597071,-1.0
L4H13,L13H6,0.0007312049473597071,0.0,0.0,0.0007312049473597071,-0.0007312049473597071,-1.0
L4H15,L9H2,0.0007310415536390466,0.0,0.0,0.0007310415536390466,-0.0007310415536390466,-1.0
L6H0,L9H2,0.0007310415536390466,0.0,0.0,0.0007310415536390466,-0.0007310415536390466,-1.0
L9H2,L12H6,0.0007310415536390466,0.0,0.0,0.0007310415536390466,-0.0007310415536390466,-1.0
L12H0,MLP15,0.0,0.0007284949464373985,0.0,0.0007284949464373985,0.0007284949464373985,1.0
L6H0,L12H3,0.0,0.0007284317119535526,0.0,0.0007284317119535526,0.0007284317119535526,1.0
L11H6,MLP13,0.0,0.0007282716964495897,0.0,0.0007282716964495897,0.0007282716964495897,1.0
MLP7,L11H6,0.0,0.0007282716964495897,0.0,0.0007282716964495897,0.0007282716964495897,1.0
L4H15,MLP13,0.0,0.0007262009646438685,0.0,0.0007262009646438685,0.0007262009646438685,1.0
L4H4,MLP5,0.0007257187544732094,0.0,0.0,0.0007257187544732094,-0.0007257187544732094,-1.0
L9H15,L21H12,0.0007254906560803116,0.0,0.0,0.0007254906560803116,-0.0007254906560803116,-1.0
MLP2,L13H15,0.0,0.0007244368269865182,0.0,0.0007244368269865182,0.0007244368269865182,1.0
MLP3,MLP6,0.0,0.0007237647048781489,0.0,0.0007237647048781489,0.0007237647048781489,1.0
L6H14,MLP9,0.0007206540213710057,0.0,0.0,0.0007206540213710057,-0.0007206540213710057,-1.0
L17H4,MLP27,0.0,0.000719611387399816,0.0,0.000719611387399816,0.000719611387399816,1.0
L6H7,L13H9,0.0007195550708860094,0.0,0.0,0.0007195550708860094,-0.0007195550708860094,-1.0
L9H5,L16H8,0.0007185021868825208,0.0,0.0,0.0007185021868825208,-0.0007185021868825208,-1.0
MLP4,L16H6,0.0,0.0007176954137346219,0.0,0.0007176954137346219,0.0007176954137346219,1.0
L5H8,L6H14,0.0007160059746304611,0.0,0.0,0.0007160059746304611,-0.0007160059746304611,-1.0
L10H5,L13H13,0.0,0.0007155340112463802,0.0,0.0007155340112463802,0.0007155340112463802,1.0
L6H0,L12H10,0.0007138780739328151,0.0,0.0,0.0007138780739328151,-0.0007138780739328151,-1.0
L16H13,L19H6,0.0007126631959643537,0.0,0.0,0.0007126631959643537,-0.0007126631959643537,-1.0
MLP5,L11H2,0.0007117676495896326,0.0,0.0,0.0007117676495896326,-0.0007117676495896326,-1.0
MLP9,L11H2,0.0007117676495896326,0.0,0.0,0.0007117676495896326,-0.0007117676495896326,-1.0
MLP2,MLP5,0.0007109391832250007,0.0,0.0,0.0007109391832250007,-0.0007109391832250007,-1.0
MLP21,MLP23,0.0007060810152666389,0.0,0.0,0.0007060810152666389,-0.0007060810152666389,-1.0
L15H9,MLP21,0.0007060254452294752,0.0,0.0,0.0007060254452294752,-0.0007060254452294752,-1.0
L4H15,L6H14,0.0007021782658420987,0.0,0.0,0.0007021782658420987,-0.0007021782658420987,-1.0
L5H8,MLP13,0.0007000307787070735,0.0,0.0,0.0007000307787070735,-0.0007000307787070735,-1.0
MLP3,L5H8,0.0007000307787070735,0.0,0.0,0.0007000307787070735,-0.0007000307787070735,-1.0
L9H15,L13H13,0.0006920543792169577,0.0,0.0,0.0006920543792169577,-0.0006920543792169577,-1.0
L9H5,L12H13,0.0,0.0006911743973063183,0.0,0.0006911743973063183,0.0006911743973063183,1.0
L9H7,L13H15,0.0,0.000690712086746857,0.0,0.000690712086746857,0.000690712086746857,1.0
L9H7,MLP15,0.0,0.000690712086746857,0.0,0.000690712086746857,0.000690712086746857,1.0
L5H8,L6H7,0.0006845540511713769,0.0,0.0,0.0006845540511713769,-0.0006845540511713769,-1.0
L6H7,L11H8,0.0006845540511713769,0.0,0.0,0.0006845540511713769,-0.0006845540511713769,-1.0
L4H13,L6H14,0.0006807429887202543,0.0,0.0,0.0006807429887202543,-0.0006807429887202543,-1.0
MLP15,L19H6,0.0006795871384279714,0.0,0.0,0.0006795871384279714,-0.0006795871384279714,-1.0
MLP7,L18H14,0.0,0.0006767366552589923,0.0,0.0006767366552589923,0.0006767366552589923,1.0
L6H0,L13H11,0.0,0.0006756999407156447,0.0,0.0006756999407156447,0.0006756999407156447,1.0
L6H7,L9H7,0.0006740546155586132,0.0,0.0,0.0006740546155586132,-0.0006740546155586132,-1.0
MLP4,L9H7,0.0006740546155586132,0.0,0.0,0.0006740546155586132,-0.0006740546155586132,-1.0
L15H9,L17H8,0.0,0.0006715469062821268,0.0,0.0006715469062821268,0.0006715469062821268,1.0
MLP1,L13H11,0.0,0.0006715424211465654,0.0,0.0006715424211465654,0.0006715424211465654,1.0
L5H5,L21H1,0.0006709982508082282,0.0,0.0,0.0006709982508082282,-0.0006709982508082282,-1.0
L6H14,L21H1,0.0006695623119617386,0.0,0.0,0.0006695623119617386,-0.0006695623119617386,-1.0
L16H9,L17H1,0.0006677737858716167,0.0,0.0,0.0006677737858716167,-0.0006677737858716167,-1.0
MLP2,MLP3,0.0006677737858716167,0.0,0.0,0.0006677737858716167,-0.0006677737858716167,-1.0
MLP3,MLP4,0.0006677737858716167,0.0,0.0,0.0006677737858716167,-0.0006677737858716167,-1.0
MLP1,L3H1,0.0006668545532039502,0.0,0.0,0.0006668545532039502,-0.0006668545532039502,-1.0
L16H8,MLP22,0.0,0.0006652940172072934,0.0,0.0006652940172072934,0.0006652940172072934,1.0
L3H1,L4H4,0.0006636209257808158,0.0,0.0,0.0006636209257808158,-0.0006636209257808158,-1.0
L3H1,MLP4,0.0006636209257808158,0.0,0.0,0.0006636209257808158,-0.0006636209257808158,-1.0
L3H15,L11H8,0.0006635499098032031,0.0,0.0,0.0006635499098032031,-0.0006635499098032031,-1.0
L2H14,L16H4,0.0006630537281426649,0.0,0.0,0.0006630537281426649,-0.0006630537281426649,-1.0
MLP10,L18H14,0.0,0.0006616184160325191,0.0,0.0006616184160325191,0.0006616184160325191,1.0
L11H0,L12H6,0.0,0.0006569881055287448,0.0,0.0006569881055287448,0.0006569881055287448,1.0
L11H0,MLP12,0.0,0.0006569881055287448,0.0,0.0006569881055287448,0.0006569881055287448,1.0
L2H15,L11H0,0.0,0.0006569881055287448,0.0,0.0006569881055287448,0.0006569881055287448,1.0
MLP5,L11H0,0.0,0.0006569881055287448,0.0,0.0006569881055287448,0.0006569881055287448,1.0
L17H1,L20H14,0.0006523164835775135,0.0,0.0,0.0006523164835775135,-0.0006523164835775135,-1.0
L13H15,L18H14,0.0006432506521382574,0.0,0.0,0.0006432506521382574,-0.0006432506521382574,-1.0
L13H15,L20H5,0.0006432506521382574,0.0,0.0,0.0006432506521382574,-0.0006432506521382574,-1.0
L2H14,L12H10,0.0,0.0006422617585259702,0.0,0.0006422617585259702,0.0006422617585259702,1.0
L17H4,MLP19,0.0,0.0006357640576589808,0.0,0.0006357640576589808,0.0006357640576589808,1.0
MLP6,L13H11,0.0,0.000627608271528068,0.0,0.000627608271528068,0.000627608271528068,1.0
L13H3,MLP18,0.0006123000719189826,0.0,0.0,0.0006123000719189826,-0.0006123000719189826,-1.0
L18H14,L23H5,0.0006123000719189826,0.0,0.0,0.0006123000719189826,-0.0006123000719189826,-1.0
Input Embed,L11H4,0.0,0.0006016558725134209,0.0,0.0006016558725134209,0.0006016558725134209,1.0
L11H4,L15H9,0.0,0.0006016558725134209,0.0,0.0006016558725134209,0.0006016558725134209,1.0
L15H9,L18H2,0.0,0.0006016558725134209,0.0,0.0006016558725134209,0.0006016558725134209,1.0
L18H2,MLP19,0.0,0.0006016558725134209,0.0,0.0006016558725134209,0.0006016558725134209,1.0
MLP17,L18H2,0.0,0.0006016558725134209,0.0,0.0006016558725134209,0.0006016558725134209,1.0
L2H15,L13H3,0.0,0.0005956353824043856,0.0,0.0005956353824043856,0.0005956353824043856,1.0
Input Embed,L6H1,0.0005953873128978271,0.0,0.0,0.0005953873128978271,-0.0005953873128978271,-1.0
L6H1,L11H8,0.0005953873128978271,0.0,0.0,0.0005953873128978271,-0.0005953873128978271,-1.0
L6H1,MLP7,0.0005953873128978271,0.0,0.0,0.0005953873128978271,-0.0005953873128978271,-1.0
L6H0,MLP17,0.0,0.0005830494986481744,0.0,0.0005830494986481744,0.0005830494986481744,1.0
L3H15,L13H13,0.0005822109007292269,0.0,0.0,0.0005822109007292269,-0.0005822109007292269,-1.0
L4H4,L13H13,0.0005559656157866024,0.0,0.0,0.0005559656157866024,-0.0005559656157866024,-1.0
L4H4,L6H4,0.0005559656157866024,0.0,0.0,0.0005559656157866024,-0.0005559656157866024,-1.0
L6H4,L13H13,0.0005559656157866024,0.0,0.0,0.0005559656157866024,-0.0005559656157866024,-1.0
L4H4,MLP9,0.0005540882143989453,0.0,0.0,0.0005540882143989453,-0.0005540882143989453,-1.0
L13H15,L15H9,0.0,0.0005537885098076013,0.0,0.0005537885098076013,0.0005537885098076013,1.0
MLP7,MLP8,0.0005265266196895189,0.0,0.0,0.0005265266196895189,-0.0005265266196895189,-1.0
L2H15,L13H11,0.0,0.0005086750337880645,0.0,0.0005086750337880645,0.0005086750337880645,1.0
L2H15,L13H15,0.0,0.0005086750337880645,0.0,0.0005086750337880645,0.0005086750337880645,1.0
L4H15,L13H11,0.0,0.0005086750337880645,0.0,0.0005086750337880645,0.0005086750337880645,1.0
L4H15,L13H15,0.0,0.0005086750337880645,0.0,0.0005086750337880645,0.0005086750337880645,1.0
L10H2,L16H13,0.0004764161862567304,0.0,0.0,0.0004764161862567304,-0.0004764161862567304,-1.0
L17H8,L23H5,0.0004381092789996196,0.0,0.0,0.0004381092789996196,-0.0004381092789996196,-1.0
L5H5,L10H2,0.0004381092789996196,0.0,0.0,0.0004381092789996196,-0.0004381092789996196,-1.0
